time,x,y,yaw,gyro_bias
25.62,3.818000736741904e-05,-3.624036143307207e-20,-9.491973407443386e-16,0.0
25.64,4.9076602132915864e-05,-4.658338020765034e-20,-9.491973407443386e-16,0.0
25.66,0.00028611946304299743,-2.715838334259299e-19,-9.491973407443386e-16,0.0
25.68,-0.0002261021842357427,2.1461559204273484e-19,-9.491973407443386e-16,0.0
25.7,-0.0003346294942486221,3.1762942610509636e-19,-9.491973407443386e-16,0.0
25.72,-0.0006523066251950742,6.191677140147597e-19,-9.491973407443386e-16,0.0
25.74,-0.00037980844486246596,3.6051316588537677e-19,-9.491973407443386e-16,0.0
25.76,-0.00020123796327622178,1.9101453962827794e-19,-9.491973407443386e-16,0.0
25.78,-0.0003034515087165637,2.880353651483011e-19,-9.491973407443386e-16,0.0
25.8,0.00027666716905289535,-2.6261174110659135e-19,-9.491973407443386e-16,0.0
25.82,7.351574870628096e-05,-6.978095314514964e-20,-9.491973407443386e-16,0.0
25.84,-0.0003583573511923899,3.401518448176828e-19,-9.491973407443386e-16,0.0
25.86,-0.0003437912041131358,3.2632569674516393e-19,-9.491973407443386e-16,0.0
25.88,-0.0008197384119536814,7.780935207621029e-19,-9.491973407443386e-16,0.0
25.9,-0.0006839522331886863,6.49205640968534e-19,-9.491973407443386e-16,0.0
25.92,-0.0004908719326559022,4.659343331526977e-19,-9.491973407443386e-16,0.0
25.94,-0.0008889758907400305,8.438135515059479e-19,-9.491973407443386e-16,0.0
25.96,-0.0012018145908150746,1.1407592136990956e-18,-9.491973407443386e-16,0.0
25.98,-0.00203032815810466,1.9271820885409757e-18,-9.491973407443386e-16,0.0
26.0,-0.0018980404219738401,1.8016149211925126e-18,-9.491973407443386e-16,0.0
26.02,-0.0015760677853318308,1.4959993506994742e-18,-9.491973407443386e-16,0.0
26.04,-0.0024244212714078974,2.3012542236940655e-18,-9.491973407443386e-16,0.0
26.06,-0.002432037079190759,2.308483128189178e-18,-9.491973407443386e-16,0.0
26.08,-0.002141125656118249,2.0323507790166e-18,-9.491973407443386e-16,0.0
26.1,-0.0016970701192763336,1.6108544443034544e-18,-9.491973407443386e-16,0.0
26.12,-0.0009682785965964753,9.190874690187155e-19,-9.491973407443386e-16,0.0
26.14,-0.001119412267087198,1.0625431471454405e-18,-9.491973407443386e-16,0.0
26.16,-0.0010363810566715386,9.837301430201131e-19,-9.491973407443386e-16,0.0
26.18,-0.0014714608124533437,1.3967066902198988e-18,-9.491973407443386e-16,0.0
26.2,-0.001948605872201815,1.8496115120824462e-18,-9.491973407443386e-16,0.0
26.22,-0.0022026793831553793,2.090777413033147e-18,-9.491973407443386e-16,0.0
26.24,-0.0019039170183421659,1.8071929708379546e-18,-9.491973407443386e-16,0.0
26.26,-0.0026700402729218082,2.534395126767349e-18,-9.491973407443386e-16,0.0
26.28,-0.002458762268978275,2.3338506072663753e-18,-9.491973407443386e-16,0.0
26.3,-0.0021787499438940014,2.0680636529207434e-18,-9.491973407443386e-16,0.0
26.32,-0.002064677103375558,1.959786016049484e-18,-9.491973407443386e-16,0.0
26.34,-0.001970317602103738,1.8702202283683108e-18,-9.491973407443386e-16,0.0
26.36,-0.002107219154716248,2.0001668180518764e-18,-9.491973407443386e-16,0.0
26.38,-0.002444384027710321,2.320202818890253e-18,-9.491973407443386e-16,0.0
26.4,-0.0028701623214822496,2.7243504430852293e-18,-9.491973407443386e-16,0.0
26.42,-0.002633392187283666,2.4996088613362538e-18,-9.491973407443386e-16,0.0
26.44,-0.0026945451848736763,2.5576551240272363e-18,-9.491973407443386e-16,0.0
26.46,-0.0031204390896206985,2.9619124858523325e-18,-9.491973407443386e-16,0.0
26.48,-0.0023143204176296816,2.1967467860741015e-18,-9.491973407443386e-16,0.0
26.5,-0.0026786973806069126,2.5426124303605876e-18,-9.491973407443386e-16,0.0
26.52,-0.0019898609188067047,1.8887706926120913e-18,-9.491973407443386e-16,0.0
26.54,-0.0018453933687019623,1.7516424782288203e-18,-9.491973407443386e-16,0.0
26.56,-0.0019324589678984413,1.8342849134564305e-18,-9.491973407443386e-16,0.0
26.58,-0.0019225645034125474,1.824893114078331e-18,-9.491973407443386e-16,0.0
26.6,-0.0018877070720136207,1.7918065328892912e-18,-9.491973407443386e-16,0.0
26.62,-0.0015850365961921943,1.5045125221177695e-18,-9.491973407443386e-16,0.0
26.64,-0.001487059763522036,1.4115131730927022e-18,-9.491973407443386e-16,0.0
26.66,-0.0010725008647527099,1.0180149687989564e-18,-9.491973407443386e-16,0.0
26.68,-0.0015496791935754517,1.4709513695783304e-18,-9.491973407443386e-16,0.0
26.7,-0.0014151839526305352,1.3432888445306466e-18,-9.491973407443386e-16,0.0
26.72,-0.001984146352611527,1.883346441576121e-18,-9.491973407443386e-16,0.0
26.74,-0.0026207253393610024,2.4875855229724484e-18,-9.491973407443386e-16,0.0
26.76,-0.0029627411753410256,2.8122260449771383e-18,-9.491973407443386e-16,0.0
26.78,-0.0032925866396011313,3.1253144825094127e-18,-9.491973407443386e-16,0.0
26.8,-0.0032623124649983687,3.0965783164832407e-18,-9.491973407443386e-16,0.0
26.82,-0.0024872612434995835,2.360901758095942e-18,-9.491973407443386e-16,0.0
26.84,-0.002003779416835607,1.9019820939282804e-18,-9.491973407443386e-16,0.0
26.86,-0.001986324705649974,1.885414128487417e-18,-9.491973407443386e-16,0.0
26.88,-0.0021412511013439153,2.032469851291211e-18,-9.491973407443386e-16,0.0
26.9,-0.002225944736610982,2.1128608246646817e-18,-9.491973407443386e-16,0.0
26.92,-0.0030960012435844644,2.9387161473812196e-18,-9.491973407443386e-16,0.0
26.94,-0.0031709229638984373,3.0098316450672337e-18,-9.491973407443386e-16,0.0
26.96,-0.0028669726116979585,2.721322779040234e-18,-9.491973407443386e-16,0.0
26.98,-0.002619364585385863,2.486293898917839e-18,-9.491973407443386e-16,0.0
27.0,-0.0026257293254647205,2.4923352932752194e-18,-9.491973407443386e-16,0.0
27.02,-0.003081045507932632,2.9245202028716248e-18,-9.491973407443386e-16,0.0
27.04,-0.0027891435069300583,2.6474475997620308e-18,-9.491973407443386e-16,0.0
27.06,-0.002563778659075787,2.433531885481504e-18,-9.491973407443386e-16,0.0
27.08,-0.0029779343537324255,2.8266473695037097e-18,-9.491973407443386e-16,0.0
27.1,-0.0030722329169947634,2.9161553149883326e-18,-9.491973407443386e-16,0.0
27.12,-0.0032288330765414394,3.0647997699901766e-18,-9.491973407443386e-16,0.0
27.14,-0.0026697462432405715,2.534116034575819e-18,-9.491973407443386e-16,0.0
27.16,-0.0025057773828052,2.378477228285685e-18,-9.491973407443386e-16,0.0
27.18,-0.0019359506733264368,1.837599230963346e-18,-9.491973407443386e-16,0.0
27.2,-0.0022772092735976993,2.1615209868469637e-18,-9.491973407443386e-16,0.0
27.22,-0.0029702540588128026,2.819357253989871e-18,-9.491973407443386e-16,0.0
27.24,-0.002928831513999694,2.7800390846064053e-18,-9.491973407443386e-16,0.0
27.26,-0.002938551736456101,2.7892654939134703e-18,-9.491973407443386e-16,0.0
27.28,-0.0029082706316020043,2.760522749711161e-18,-9.491973407443386e-16,0.0
27.3,-0.0025981659652077873,2.46617222501736e-18,-9.491973407443386e-16,0.0
27.32,-0.002400083727453721,2.278153091692512e-18,-9.491973407443386e-16,0.0
27.34,-0.0026140313665033417,2.481231621736942e-18,-9.491973407443386e-16,0.0
27.36,-0.0027832847652251446,2.641886497715619e-18,-9.491973407443386e-16,0.0
27.38,-0.002935721521638441,2.7865790615348123e-18,-9.491973407443386e-16,0.0
27.4,-0.0025298037287603205,2.4012829719740892e-18,-9.491973407443386e-16,0.0
27.42,-0.002443631823757848,2.3194888288988683e-18,-9.491973407443386e-16,0.0
27.44,-0.00270775898796391,2.5701976307816057e-18,-9.491973407443386e-16,0.0
27.46,-0.002242685722470374,2.128751323923855e-18,-9.491973407443386e-16,0.0
27.48,-0.0024561688398388568,2.3313889312238304e-18,-9.491973407443386e-16,0.0
27.5,-0.0024023010874152746,2.2802578038714918e-18,-9.491973407443386e-16,0.0
27.52,-0.002175559188329725,2.065034996224167e-18,-9.491973407443386e-16,0.0
27.54,-0.0017449770077735444,1.6563275354683417e-18,-9.491973407443386e-16,0.0
27.56,-0.0014104724150757267,1.3388166656128052e-18,-9.491973407443386e-16,0.0
27.58,-0.0012580087578089537,1.1940985675750281e-18,-9.491973407443386e-16,0.0
27.6,-0.0015186896788640602,1.44153620462332e-18,-9.491973407443386e-16,0.0
27.62,-0.001548758828001147,1.4700777610226876e-18,-9.491973407443386e-16,0.0
27.64,-0.001555213814364245,1.4762048169130812e-18,-9.491973407443386e-16,0.0
27.66,-0.0012329820060145535,1.1703432413243145e-18,-9.491973407443386e-16,0.0
27.68,-0.000438354486375588,4.1608491280073865e-19,-9.491973407443386e-16,0.0
27.7,-0.0005977853926653674,5.674163050834572e-19,-9.491973407443386e-16,0.0
27.72,-0.0005402525207576141,5.12806256063233e-19,-9.491973407443386e-16,0.0
27.74,-0.000541315891703589,5.138156049373773e-19,-9.491973407443386e-16,0.0
27.76,-0.000331302621274583,3.1447156712514306e-19,-9.491973407443386e-16,0.0
27.78,-0.0008099754465388639,7.68826539952578e-19,-9.491973407443386e-16,0.0
27.8,-0.001001516556573124,9.506368522403164e-19,-9.491973407443386e-16,0.0
27.82,-0.0009867607415992813,9.366306719066295e-19,-9.491973407443386e-16,0.0
27.84,-0.0004947640181046731,4.696286903106198e-19,-9.491973407443386e-16,0.0
27.86,0.00012922166076904408,-1.2265685673886343e-19,-9.491973407443386e-16,0.0
27.88,0.000288038669168205,-2.734055387763183e-19,-9.491973407443386e-16,0.0
27.9,-1.2715409373976615e-05,1.2069432793934436e-20,-9.491973407443386e-16,0.0
27.92,-0.0002076046757449632,1.9705780617288996e-19,-9.491973407443386e-16,0.0
27.94,-0.00014387840185274258,1.3656899645884878e-19,-9.491973407443386e-16,0.0
27.96,-0.0007902081094046642,7.500634361111988e-19,-9.491973407443386e-16,0.0
27.98,-0.001392232343426578,1.3215032381084467e-18,-9.491973407443386e-16,0.0
28.0,-0.0015847390760016283,1.504230116744066e-18,-9.491973407443386e-16,0.0
28.02,-0.00142976383353491,1.357128028713448e-18,-9.491973407443386e-16,0.0
28.04,-0.0019477217269082392,1.8487722837209516e-18,-9.491973407443386e-16,0.0
28.06,-0.001220390017721592,1.1583909595219514e-18,-9.491973407443386e-16,0.0
28.08,-0.0009852681849607569,9.352139411144315e-19,-9.491973407443386e-16,0.0
28.1,-0.0016645996412448074,1.580033552903231e-18,-9.491973407443386e-16,0.0
28.12,-0.0021236021101385364,2.0157174757722446e-18,-9.491973407443386e-16,0.0
28.14,-0.0021226806778096674,2.0148428546560063e-18,-9.491973407443386e-16,0.0
28.16,-0.002000230097755206,1.8986130896957096e-18,-9.491973407443386e-16,0.0
28.18,-0.0021737761723682027,2.063342562214985e-18,-9.491973407443386e-16,0.0
28.2,-0.0021979623643504174,2.086300031327235e-18,-9.491973407443386e-16,0.0
28.22,-0.002124794479468118,2.0168492695690685e-18,-9.491973407443386e-16,0.0
28.24,-0.0019686543046954753,1.8686414308915195e-18,-9.491973407443386e-16,0.0
28.26,-0.0026102750146208067,2.4776661025191387e-18,-9.491973407443386e-16,0.0
28.28,-0.002360088206757248,2.240189449805734e-18,-9.491973407443386e-16,0.0
28.3,-0.002514483384843018,2.3867409422684956e-18,-9.491973407443386e-16,0.0
28.32,-0.0029127747900148594,2.764798084898933e-18,-9.491973407443386e-16,0.0
28.34,-0.0031421780878875417,2.982547085197665e-18,-9.491973407443386e-16,0.0
28.36,-0.002848265416003802,2.703565958634556e-18,-9.491973407443386e-16,0.0
28.38,-0.002490954886783379,2.364407754478578e-18,-9.491973407443386e-16,0.0
28.4,-0.003116361412205098,2.95804196529303e-18,-9.491973407443386e-16,0.0
28.42,-0.0028710087343159422,2.725153855896141e-18,-9.491973407443386e-16,0.0
28.44,-0.003377928424052819,3.20632067736533e-18,-9.491973407443386e-16,0.0
28.46,-0.003578053515307762,3.39627888180074e-18,-9.491973407443386e-16,0.0
28.48,-0.004297401081591255,4.079081678787943e-18,-9.491973407443386e-16,0.0
28.5,-0.004256256390676219,4.040027247585644e-18,-9.491973407443386e-16,0.0
28.52,-0.004210878939038323,3.9969550911611984e-18,-9.491973407443386e-16,0.0
28.54,-0.004071216453041934,3.864387830851682e-18,-9.491973407443386e-16,0.0
28.56,-0.004917327903054001,4.667514569176473e-18,-9.491973407443386e-16,0.0
28.58,-0.004861461052937099,4.614485903609747e-18,-9.491973407443386e-16,0.0
28.6,-0.004759966995822987,4.518148014495678e-18,-9.491973407443386e-16,0.0
28.62,-0.00490792179882365,4.65858632005426e-18,-9.491973407443386e-16,0.0
28.64,-0.0042424632381530564,4.0269348238901775e-18,-9.491973407443386e-16,0.0
28.66,-0.004727416725989091,4.4872513849288326e-18,-9.491973407443386e-16,0.0
28.68,-0.004241315581934537,4.025845471659469e-18,-9.491973407443386e-16,0.0
28.7,-0.004359339056699968,4.137873040052223e-18,-9.491973407443386e-16,0.0
28.72,-0.004582700706112284,4.349887323698664e-18,-9.491973407443386e-16,0.0
28.74,-0.005018990399662532,4.7640123406107214e-18,-9.491973407443386e-16,0.0
28.76,-0.0046287305984431815,4.3935787750939e-18,-9.491973407443386e-16,0.0
28.78,-0.004855967333572218,4.609271279797807e-18,-9.491973407443386e-16,0.0
28.8,-0.004609482426439811,4.375308461414111e-18,-9.491973407443386e-16,0.0
28.82,-0.004372359378623451,4.15023189499763e-18,-9.491973407443386e-16,0.0
28.84,-0.004504896720952157,4.2760359878853594e-18,-9.491973407443386e-16,0.0
28.86,-0.004466102632914804,4.239212742683703e-18,-9.491973407443386e-16,0.0
28.88,-0.00499452823234907,4.740792916447941e-18,-9.491973407443386e-16,0.0
28.9,-0.00500838610201064,4.753946769479085e-18,-9.491973407443386e-16,0.0
28.92,-0.004122899602326221,3.913445338713622e-18,-9.491973407443386e-16,0.0
28.94,-0.0034090036260613302,3.235817176474904e-18,-9.491973407443386e-16,0.0
28.96,-0.003909769083952229,3.7111424174415666e-18,-9.491973407443386e-16,0.0
28.98,-0.0037186518433037137,3.529734440847599e-18,-9.491973407443386e-16,0.0
29.0,-0.0035997289182694604,3.4168531166515477e-18,-9.491973407443386e-16,0.0
29.02,-0.003450216220930234,3.2749360619296413e-18,-9.491973407443386e-16,0.0
29.04,-0.003310264182184479,3.142093958920422e-18,-9.491973407443386e-16,0.0
29.06,-0.003349629022313018,3.179458960489257e-18,-9.491973407443386e-16,0.0
29.08,-0.002608969836849327,2.4764272312492535e-18,-9.491973407443386e-16,0.0
29.1,-0.002890288407180781,2.7434540701098687e-18,-9.491973407443386e-16,0.0
29.12,-0.003158671988325314,2.998203051631702e-18,-9.491973407443386e-16,0.0
29.14,-0.0023757617650457972,2.255066749653228e-18,-9.491973407443386e-16,0.0
29.16,-0.0029620567930302762,2.811576431107723e-18,-9.491973407443386e-16,0.0
29.18,-0.0032499788473391617,3.084871279399364e-18,-9.491973407443386e-16,0.0
29.2,-0.002995745175620937,2.8435533542767556e-18,-9.491973407443386e-16,0.0
29.22,-0.0028373029264058347,2.6931603926602286e-18,-9.491973407443386e-16,0.0
29.24,-0.0028702986331780446,2.7244798297843904e-18,-9.491973407443386e-16,0.0
29.26,-0.0030181417959063116,2.8648121666932937e-18,-9.491973407443386e-16,0.0
29.28,-0.0034987211342221024,3.320976796639316e-18,-9.491973407443386e-16,0.0
29.3,-0.0029412049114363073,2.7917838805492112e-18,-9.491973407443386e-16,0.0
29.32,-0.0027859913528709593,2.6444555835115173e-18,-9.491973407443386e-16,0.0
29.34,-0.003174424493296347,3.0131552874602674e-18,-9.491973407443386e-16,0.0
29.36,-0.003523075238348401,3.3440936475122094e-18,-9.491973407443386e-16,0.0
29.38,-0.004104934385551126,3.896392802724805e-18,-9.491973407443386e-16,0.0
29.4,-0.0036326738021495077,3.4481243128216187e-18,-9.491973407443386e-16,0.0
29.42,-0.0027783490680939917,2.6372015471240084e-18,-9.491973407443386e-16,0.0
29.44,-0.003179756166299494,3.0182160972965723e-18,-9.491973407443386e-16,0.0
29.46,-0.002889493242059154,2.7426993014909662e-18,-9.491973407443386e-16,0.0
29.48,-0.0030753074358960864,2.919073640153536e-18,-9.491973407443386e-16,0.0
29.5,-0.0028438231232136993,2.699349346131383e-18,-9.491973407443386e-16,0.0
29.52,-0.0027839007852362564,2.642471222272011e-18,-9.491973407443386e-16,0.0
29.54,-0.0028138741988253703,2.670921906743828e-18,-9.491973407443386e-16,0.0
29.56,-0.0025630079666396693,2.432800346270609e-18,-9.491973407443386e-16,0.0
29.58,-0.0029114380515917705,2.763529256342468e-18,-9.491973407443386e-16,0.0
29.6,-0.003672416830295605,3.485848289451022e-18,-9.491973407443386e-16,0.0
29.62,-0.004034860153913075,3.829878528399264e-18,-9.491973407443386e-16,0.0
29.64,-0.004202236677383043,3.988751879379989e-18,-9.491973407443386e-16,0.0
29.66,-0.004745760472719383,4.504663220544513e-18,-9.491973407443386e-16,0.0
29.68,-0.005305009428647198,5.0355008423252435e-18,-9.491973407443386e-16,0.0
29.7,-0.005233141929090286,4.967284402859877e-18,-9.491973407443386e-16,0.0
29.72,-0.006139950034058725,5.828024244661333e-18,-9.491973407443386e-16,0.0
29.74,-0.0061242811052314204,5.813151339086143e-18,-9.491973407443386e-16,0.0
29.76,-0.005173127260987508,4.910318639491067e-18,-9.491973407443386e-16,0.0
29.78,-0.00583336163426567,5.537011350874703e-18,-9.491973407443386e-16,0.0
29.8,-0.00541755550294297,5.1423292767580055e-18,-9.491973407443386e-16,0.0
29.82,-0.005361754350536048,5.089362971282886e-18,-9.491973407443386e-16,0.0
29.84,-0.005277144337355754,5.009051371771807e-18,-9.491973407443386e-16,0.0
29.86,-0.005173781441507313,4.910939585900833e-18,-9.491973407443386e-16,0.0
29.88,-0.005504017184962328,5.224398475407063e-18,-9.491973407443386e-16,0.0
29.9,-0.006218192256730944,5.90229155435573e-18,-9.491973407443386e-16,0.0
29.92,-0.005976740494053037,5.673106183303827e-18,-9.491973407443386e-16,0.0
29.94,-0.004927627661430006,4.677291072437286e-18,-9.491973407443386e-16,0.0
29.96,-0.005593714967000704,5.309539371588555e-18,-9.491973407443386e-16,0.0
29.98,-0.005554008698562913,5.271850287176523e-18,-9.491973407443386e-16,0.0
30.0,-0.005258380853047734,4.991241122363537e-18,-9.491973407443386e-16,0.0
30.02,-0.005331372389764507,5.06052449491194e-18,-9.491973407443386e-16,0.0
30.04,-0.0054036104083421774,5.129092630046505e-18,-9.491973407443386e-16,0.0
30.06,-0.00543162131191366,5.155680505228403e-18,-9.491973407443386e-16,0.0
30.08,-0.005375142177815213,5.102070661334614e-18,-9.491973407443386e-16,0.0
30.1,-0.005754849604392299,5.46248794090246e-18,-9.491973407443386e-16,0.0
30.12,-0.005830468182343126,5.534264894004254e-18,-9.491973407443386e-16,0.0
30.14,-0.006612899652750076,6.276946765029214e-18,-9.491973407443386e-16,0.0
30.16,-0.006550382441855094,6.2176055946969434e-18,-9.491973407443386e-16,0.0
30.18,-0.006096679868062921,5.786952318164551e-18,-9.491973407443386e-16,0.0
30.2,-0.0062314047127115186,5.914832782437194e-18,-9.491973407443386e-16,0.0
30.22,-0.006782994226593988,6.438400082196896e-18,-9.491973407443386e-16,0.0
30.24,-0.006576716652004009,6.242601956940896e-18,-9.491973407443386e-16,0.0
30.26,-0.007038449880907864,6.680877909949732e-18,-9.491973407443386e-16,0.0
30.28,-0.007242774022456704,6.874821841757761e-18,-9.491973407443386e-16,0.0
30.3,-0.0080524905555787,7.643402621753885e-18,-9.491973407443386e-16,0.0
30.32,-0.007312117620454049,6.940642600574485e-18,-9.491973407443386e-16,0.0
30.34,-0.007493457344112917,7.112769784042796e-18,-9.491973407443386e-16,0.0
30.36,-0.00802148066351063,7.613968114666103e-18,-9.491973407443386e-16,0.0
30.38,-0.007727572346539693,7.334991121774646e-18,-9.491973407443386e-16,0.0
30.4,-0.007731708667829026,7.338917306942944e-18,-9.491973407443386e-16,0.0
30.42,-0.008182813101684063,7.767104435956127e-18,-9.491973407443386e-16,0.0
30.44,-0.008561014303527365,8.126092011012102e-18,-9.491973407443386e-16,0.0
30.46,-0.00897097391223424,8.515224581409258e-18,-9.491973407443386e-16,0.0
30.48,-0.008961343375633988,8.506083301678359e-18,-9.491973407443386e-16,0.0
30.5,-0.009347115887921555,8.872257544473981e-18,-9.491973407443386e-16,0.0
30.52,-0.010640952207628012,1.0100363538497792e-17,-9.491973407443386e-16,0.0
30.54,-0.010692590440880367,1.0149378412181663e-17,-9.491973407443386e-16,0.0
30.56,-0.011223127254570331,1.0652962544903153e-17,-9.491973407443386e-16,0.0
30.58,-0.011278146126673874,1.0705186311994588e-17,-9.491973407443386e-16,0.0
30.6,-0.011684075247926647,1.1090493154418405e-17,-9.491973407443386e-16,0.0
30.62,-0.011882859571728625,1.1279178705952905e-17,-9.491973407443386e-16,0.0
30.64,-0.011770802854292193,1.1172814767749703e-17,-9.491973407443386e-16,0.0
30.66,-0.011056759552929655,1.0495046764920074e-17,-9.491973407443386e-16,0.0
30.68,-0.010904860479782123,1.0350864568626907e-17,-9.491973407443386e-16,0.0
30.7,-0.011577290850229596,1.0989133688091379e-17,-9.491973407443386e-16,0.0
30.72,-0.011917947335000078,1.1312483917542835e-17,-9.491973407443386e-16,0.0
30.74,-0.012080946211600817,1.1467202017756571e-17,-9.491973407443386e-16,0.0
30.76,-0.012642593047038258,1.2000315700391264e-17,-9.491973407443386e-16,0.0
30.78,-0.01319911431172662,1.2528564204901134e-17,-9.491973407443386e-16,0.0
30.8,-0.012702921290754253,1.2057579108898264e-17,-9.491973407443386e-16,0.0
30.82,-0.012706046827158613,1.2060545859741683e-17,-9.491973407443386e-16,0.0
30.84,-0.012358490484378539,1.1730646303416008e-17,-9.491973407443386e-16,0.0
30.86,-0.012215671918804284,1.1595083300764005e-17,-9.491973407443386e-16,0.0
30.88,-0.011866755659213704,1.1263892915018166e-17,-9.491973407443386e-16,0.0
30.9,-0.012325243644053309,1.169908849099115e-17,-9.491973407443386e-16,0.0
30.92,-0.011933598014622205,1.1327339501021005e-17,-9.491973407443386e-16,0.0
30.94,-0.01218779908563015,1.1568626481636107e-17,-9.491973407443386e-16,0.0
30.96,-0.01256821980336229,1.1929720815271508e-17,-9.491973407443386e-16,0.0
30.98,-0.013322015235836496,1.2645221435241252e-17,-9.491973407443386e-16,0.0
31.0,-0.013095201797008581,1.2429930722260717e-17,-9.491973407443386e-16,0.0
31.02,-0.013847341594492931,1.3143859817900847e-17,-9.491973407443386e-16,0.0
31.04,-0.013615494889699722,1.2923791542250796e-17,-9.491973407443386e-16,0.0
31.06,-0.013382150406358586,1.2702301579186028e-17,-9.491973407443386e-16,0.0
31.08,-0.012889665394589666,1.2234836115658524e-17,-9.491973407443386e-16,0.0
31.1,-0.012473538008838717,1.183984910769283e-17,-9.491973407443386e-16,0.0
31.12,-0.012767180861380418,1.2118574122453994e-17,-9.491973407443386e-16,0.0
31.14,-0.012659261284935476,1.20161371474782e-17,-9.491973407443386e-16,0.0
31.16,-0.012796310167206969,1.2146223582082285e-17,-9.491973407443386e-16,0.0
31.18,-0.012619835056356016,1.1978713876155e-17,-9.491973407443386e-16,0.0
31.2,-0.012608111256070843,1.1967585676100895e-17,-9.491973407443386e-16,0.0
31.22,-0.012965659635087596,1.2306969646651046e-17,-9.491973407443386e-16,0.0
31.24,-0.01310712465736966,1.244124786960952e-17,-9.491973407443386e-16,0.0
31.26,-0.013200130574216568,1.2529528838554093e-17,-9.491973407443386e-16,0.0
31.28,-0.013663034781185605,1.296891628082847e-17,-9.491973407443386e-16,0.0
31.3,-0.013405733010012896,1.2724686123862527e-17,-9.491973407443386e-16,0.0
31.32,-0.012373885050537001,1.1745258784675537e-17,-9.491973407443386e-16,0.0
31.34,-0.012780341979045267,1.2131066620342694e-17,-9.491973407443386e-16,0.0
31.36,-0.012946682615980634,1.2288956710579462e-17,-9.491973407443386e-16,0.0
31.38,-0.013063625101917699,1.2399958207250957e-17,-9.491973407443386e-16,0.0
31.4,-0.013814596639069922,1.3112778393290535e-17,-9.491973407443386e-16,0.0
31.42,-0.013701869141697815,1.3005777752556167e-17,-9.491973407443386e-16,0.0
31.44,-0.01356568055326223,1.2876507906573383e-17,-9.491973407443386e-16,0.0
31.46,-0.013572946724895901,1.2883404937365456e-17,-9.491973407443386e-16,0.0
31.48,-0.014039647987502384,1.3326396534753555e-17,-9.491973407443386e-16,0.0
31.5,-0.01319827842203119,1.2527770780625078e-17,-9.491973407443386e-16,0.0
31.52,-0.01377191477161247,1.3072264878201919e-17,-9.491973407443386e-16,0.0
31.54,-0.013967980505117914,1.3258369951056374e-17,-9.491973407443386e-16,0.0
31.56,-0.013510581688860655,1.2824208211005375e-17,-9.491973407443386e-16,0.0
31.58,-0.013414021104873679,1.2732553161464217e-17,-9.491973407443386e-16,0.0
31.6,-0.013331473403837031,1.2654199103155673e-17,-9.491973407443386e-16,0.0
31.62,-0.013207859094186267,1.253686472915722e-17,-9.491973407443386e-16,0.0
31.64,-0.013570793685192864,1.2881361277804816e-17,-9.491973407443386e-16,0.0
31.66,-0.014594452914711162,1.3853015896291982e-17,-9.491973407443386e-16,0.0
31.68,-0.014599802600879787,1.3858093804177058e-17,-9.491973407443386e-16,0.0
31.7,-0.014892398083501892,1.4135824658195765e-17,-9.491973407443386e-16,0.0
31.72,-0.015173983764455112,1.4403105037748245e-17,-9.491973407443386e-16,0.0
31.74,-0.014958251931997568,1.419833295606564e-17,-9.491973407443386e-16,0.0
31.76,-0.01566459595998162,1.4868792829078747e-17,-9.491973407443386e-16,0.0
31.78,-0.016015485201505898,1.5201855964029393e-17,-9.491973407443386e-16,0.0
31.8,-0.015658372148300532,1.4862885203581766e-17,-9.491973407443386e-16,0.0
31.82,-0.015692414513126324,1.4895198125747058e-17,-9.491973407443386e-16,0.0
31.84,-0.015500853328478609,1.471336875868961e-17,-9.491973407443386e-16,0.0
31.86,-0.015378960755986026,1.4597668653023166e-17,-9.491973407443386e-16,0.0
31.88,-0.01642224523190865,1.5587951503208774e-17,-9.491973407443386e-16,0.0
31.9,-0.016085250735445124,1.526807722332012e-17,-9.491973407443386e-16,0.0
31.92,-0.01611562991094821,1.5296913055921652e-17,-9.491973407443386e-16,0.0
31.94,-0.0163614566734695,1.5530251165190653e-17,-9.491973407443386e-16,0.0
31.96,-0.01597630087699112,1.516466230740111e-17,-9.491973407443386e-16,0.0
31.98,-0.01631941170492187,1.5490342192853565e-17,-9.491973407443386e-16,0.0
32.0,-0.015908412547256296,1.5100222885349238e-17,-9.491973407443386e-16,0.0
32.02,-0.01578298681194898,1.4981169110934628e-17,-9.491973407443386e-16,0.0
32.04,-0.015177477893647843,1.4406421655886207e-17,-9.491973407443386e-16,0.0
32.06,-0.01496444386650718,1.4204210323836232e-17,-9.491973407443386e-16,0.0
32.08,-0.014784815083575584,1.4033707160756418e-17,-9.491973407443386e-16,0.0
32.1,-0.01491750823997919,1.4159659151949694e-17,-9.491973407443386e-16,0.0
32.12,-0.01476316186051744,1.4013153979011086e-17,-9.491973407443386e-16,0.0
32.14,-0.014423135555169494,1.3690401914191692e-17,-9.491973407443386e-16,0.0
32.16,-0.014183308038296344,1.346275827293838e-17,-9.491973407443386e-16,0.0
32.18,-0.014672612291843566,1.3927204569220297e-17,-9.491973407443386e-16,0.0
32.2,-0.015131722463615929,1.43629907233753e-17,-9.491973407443386e-16,0.0
32.22,-0.014730770151904748,1.3982407855333753e-17,-9.491973407443386e-16,0.0
32.24,-0.015542643127524625,1.4753035524814334e-17,-9.491973407443386e-16,0.0
32.26,-0.015598770143359473,1.4806311138988688e-17,-9.491973407443386e-16,0.0
32.28,-0.014613042925107692,1.3870661484724783e-17,-9.491973407443386e-16,0.0
32.3,-0.013449279926846554,1.2766020741518653e-17,-9.491973407443386e-16,0.0
32.32,-0.013515915179664615,1.2829270746293383e-17,-9.491973407443386e-16,0.0
32.34,-0.013870475352729537,1.316581831970046e-17,-9.491973407443386e-16,0.0
32.36,-0.014261193542292373,1.3536686986213947e-17,-9.491973407443386e-16,0.0
32.38,-0.014256919666458825,1.3532630234638072e-17,-9.491973407443386e-16,0.0
32.4,-0.013652601130866507,1.2959012687691331e-17,-9.491973407443386e-16,0.0
32.42,-0.013805420439344568,1.3104068368913096e-17,-9.491973407443386e-16,0.0
32.44,-0.014397071512219528,1.3665661993934542e-17,-9.491973407443386e-16,0.0
32.46,-0.014563242284000334,1.3823390848618318e-17,-9.491973407443386e-16,0.0
32.48,-0.014539805773973279,1.3801144975624308e-17,-9.491973407443386e-16,0.0
32.5,-0.015457858414806066,1.4672558100966106e-17,-9.491973407443386e-16,0.0
32.52,-0.016105198067781698,1.5287011178128938e-17,-9.491973407443386e-16,0.0
32.54,-0.015701516801064647,1.4903837993252807e-17,-9.491973407443386e-16,0.0
32.56,-0.015629403259706253,1.4835388011563764e-17,-9.491973407443386e-16,0.0
32.58,-0.01598160623558108,1.5169698139666395e-17,-9.491973407443386e-16,0.0
32.6,-0.016396627790807132,1.556363549623854e-17,-9.491973407443386e-16,0.0
32.62,-0.01584243131650034,1.5037593676576647e-17,-9.491973407443386e-16,0.0
32.64,-0.016224783039617843,1.5400520915388796e-17,-9.491973407443386e-16,0.0
32.66,-0.016575471816512824,1.5733393769846398e-17,-9.491973407443386e-16,0.0
32.68,-0.01618877269489631,1.5366339991939832e-17,-9.491973407443386e-16,0.0
32.7,-0.015695562548419584,1.4898186232475997e-17,-9.491973407443386e-16,0.0
32.72,-0.01548462318415833,1.4697963148860913e-17,-9.491973407443386e-16,0.0
32.74,-0.015257949681884011,1.4482805263284925e-17,-9.491973407443386e-16,0.0
32.76,-0.015303475351293259,1.452601810762379e-17,-9.491973407443386e-16,0.0
32.78,-0.014795283782413017,1.404364402185397e-17,-9.491973407443386e-16,0.0
32.8,-0.01495244612856612,1.4192822102887636e-17,-9.491973407443386e-16,0.0
32.82,-0.01458776908714137,1.3846671624936748e-17,-9.491973407443386e-16,0.0
32.84,-0.014408134334289023,1.3676162795224034e-17,-9.491973407443386e-16,0.0
32.86,-0.014372564481195935,1.3642399985257408e-17,-9.491973407443386e-16,0.0
32.88,-0.015100352423015726,1.433321436425855e-17,-9.491973407443386e-16,0.0
32.9,-0.014707696791783824,1.396050668326494e-17,-9.491973407443386e-16,0.0
32.92,-0.014398935389351736,1.366743118115191e-17,-9.491973407443386e-16,0.0
32.94,-0.0146524584701658,1.390807461527793e-17,-9.491973407443386e-16,0.0
32.96,-0.014536493359880822,1.3798000840976306e-17,-9.491973407443386e-16,0.0
32.98,-0.014203807485761413,1.3482216293958956e-17,-9.491973407443386e-16,0.0
33.0,-0.014863421551385623,1.410832021096702e-17,-9.491973407443386e-16,0.0
33.02,-0.014666924776486135,1.3921805994767587e-17,-9.491973407443386e-16,0.0
33.04,-0.014363036336688225,1.3633355895828465e-17,-9.491973407443386e-16,0.0
33.06,-0.01418738932047676,1.3466632215130865e-17,-9.491973407443386e-16,0.0
33.08,-0.014171783545657502,1.3451819255172171e-17,-9.491973407443386e-16,0.0
33.1,-0.0137969890792556,1.309606534433779e-17,-9.491973407443386e-16,0.0
33.12,-0.013697826640468244,1.300194062113911e-17,-9.491973407443386e-16,0.0
33.14,-0.013746896962933762,1.3048518040732848e-17,-9.491973407443386e-16,0.0
33.16,-0.0134546771758296,1.2771143795900702e-17,-9.491973407443386e-16,0.0
33.18,-0.012344201286848818,1.1717083035119437e-17,-9.491973407443386e-16,0.0
33.2,-0.012352174490012559,1.1724651178359674e-17,-9.491973407443386e-16,0.0
33.22,-0.01240101601926857,1.1771011428047366e-17,-9.491973407443386e-16,0.0
33.24,-0.012627918695102113,1.198638684455634e-17,-9.491973407443386e-16,0.0
33.26,-0.012232505247168277,1.1611061451282993e-17,-9.491973407443386e-16,0.0
33.28,-0.012095958151583921,1.148145131126796e-17,-9.491973407443386e-16,0.0
33.3,-0.012016798168732412,1.1406312866051941e-17,-9.491973407443386e-16,0.0
33.32,-0.011939383745563165,1.1332831301444435e-17,-9.491973407443386e-16,0.0
33.34,-0.011733982153135144,1.1137864656127105e-17,-9.491973407443386e-16,0.0
33.36,-0.011961327711677714,1.1353660455725749e-17,-9.491973407443386e-16,0.0
33.38,-0.011947952014792436,1.134096427981164e-17,-9.491973407443386e-16,0.0
33.4,-0.012153686684409927,1.1536247081111477e-17,-9.491973407443386e-16,0.0
33.42,-0.01260139677087683,1.196121230461028e-17,-9.491973407443386e-16,0.0
33.44,-0.012421811302762056,1.1790750255839408e-17,-9.491973407443386e-16,0.0
33.46,-0.012186736305998808,1.1567617694036248e-17,-9.491973407443386e-16,0.0
33.48,-0.01240798449101367,1.1777625882896866e-17,-9.491973407443386e-16,0.0
33.5,-0.01211321640943234,1.1497832803723558e-17,-9.491973407443386e-16,0.0
33.52,-0.012328292027639513,1.170198200858475e-17,-9.491973407443386e-16,0.0
33.54,-0.012309586842936057,1.1684227097006098e-17,-9.491973407443386e-16,0.0
33.56,-0.012740687775592946,1.2093426955876422e-17,-9.491973407443386e-16,0.0
33.58,-0.01205069833040597,1.1438490809363284e-17,-9.491973407443386e-16,0.0
33.6,-0.011552824046291387,1.0965909862856731e-17,-9.491973407443386e-16,0.0
33.62,-0.011614485443733582,1.1024438697335443e-17,-9.491973407443386e-16,0.0
33.64,-0.011871369378970788,1.126827224554254e-17,-9.491973407443386e-16,0.0
33.66,-0.011969567416095795,1.1361481561247911e-17,-9.491973407443386e-16,0.0
33.68,-0.011486335628317638,1.0902799233325753e-17,-9.491973407443386e-16,0.0
33.7,-0.011365352715506382,1.0787962574209804e-17,-9.491973407443386e-16,0.0
33.72,-0.01163946841486514,1.1048152467097412e-17,-9.491973407443386e-16,0.0
33.74,-0.011200356910386485,1.0631348994756026e-17,-9.491973407443386e-16,0.0
33.76,-0.010582169563413575,1.0044567208927543e-17,-9.491973407443386e-16,0.0
33.78,-0.010856219605289116,1.0304694779906681e-17,-9.491973407443386e-16,0.0
33.8,-0.01114133135945471,1.0575322098775617e-17,-9.491973407443386e-16,0.0
33.82,-0.011014133940324205,1.0454586646787399e-17,-9.491973407443386e-16,0.0
33.84,-0.010785903780893722,1.0237951186378328e-17,-9.491973407443386e-16,0.0
33.86,-0.010508551354575601,9.974689000868177e-18,-9.491973407443386e-16,0.0
33.88,-0.010109520647078983,9.595930114437055e-18,-9.491973407443386e-16,0.0
33.9,-0.009996290446331779,9.488452308995862e-18,-9.491973407443386e-16,0.0
33.92,-0.010111414366868509,9.597727628225389e-18,-9.491973407443386e-16,0.0
33.94,-0.010109548001764418,9.595956079431727e-18,-9.491973407443386e-16,0.0
33.96,-0.010400521706026199,9.87214754574354e-18,-9.491973407443386e-16,0.0
33.98,-0.009990632390015504,9.483081696986671e-18,-9.491973407443386e-16,0.0
34.0,-0.010231551840389971,9.711761798615703e-18,-9.491973407443386e-16,0.0
34.02,-0.01005894095969861,9.547920009679924e-18,-9.491973407443386e-16,0.0
34.04,-0.009762073922776206,9.266134607678526e-18,-9.491973407443386e-16,0.0
34.06,-0.009827453277984856,9.328192517782155e-18,-9.491973407443386e-16,0.0
34.08,-0.009342706371031516,8.868072042768001e-18,-9.491973407443386e-16,0.0
34.1,-0.009581720938453846,9.094944034564436e-18,-9.491973407443386e-16,0.0
34.12,-0.009483131467654395,9.001363171056206e-18,-9.491973407443386e-16,0.0
34.14,-0.008659723652869333,8.219786662914118e-18,-9.491973407443386e-16,0.0
34.16,-0.008139272002857504,7.725775340736887e-18,-9.491973407443386e-16,0.0
34.18,-0.008704589502001913,8.262373207600999e-18,-9.491973407443386e-16,0.0
34.2,-0.008708852537761953,8.266419669807926e-18,-9.491973407443386e-16,0.0
34.22,-0.009209379624519518,8.741518649528717e-18,-9.491973407443386e-16,0.0
34.24,-0.008985391961475717,8.528910155408003e-18,-9.491973407443386e-16,0.0
34.26,-0.009384699026905469,8.907931360054348e-18,-9.491973407443386e-16,0.0
34.28,-0.008857592237173882,8.40760299695284e-18,-9.491973407443386e-16,0.0
34.3,-0.008644091347468984,8.2049485201984e-18,-9.491973407443386e-16,0.0
34.32,-0.007868959677912644,7.469195600728803e-18,-9.491973407443386e-16,0.0
34.34,-0.008313748345385402,7.891387821087162e-18,-9.491973407443386e-16,0.0
34.36,-0.008187657692163943,7.771702908356637e-18,-9.491973407443386e-16,0.0
34.38,-0.008923383465538701,8.47005185596103e-18,-9.491973407443386e-16,0.0
34.4,-0.00821279118341814,7.795559551418744e-18,-9.491973407443386e-16,0.0
34.42,-0.008532852467306463,8.099360870960758e-18,-9.491973407443386e-16,0.0
34.44,-0.008660553050078672,8.22057392453964e-18,-9.491973407443386e-16,0.0
34.46,-0.008769119557312438,8.32362496449983e-18,-9.491973407443386e-16,0.0
34.48,-0.008175554761717925,7.760214838962061e-18,-9.491973407443386e-16,0.0
34.5,-0.007973714446713971,7.56862854870531e-18,-9.491973407443386e-16,0.0
34.52,-0.007385901584544844,7.010678143079056e-18,-9.491973407443386e-16,0.0
34.54,-0.007723260454012281,7.330898284854064e-18,-9.491973407443386e-16,0.0
34.56,-0.008407990746064947,7.980842457197549e-18,-9.491973407443386e-16,0.0
34.58,-0.008546020383185126,8.111859821695928e-18,-9.491973407443386e-16,0.0
34.6,-0.008458938873985907,8.029202284736027e-18,-9.491973407443386e-16,0.0
34.62,-0.007684326745592789,7.293942512356968e-18,-9.491973407443386e-16,0.0
34.64,-0.007945376477596862,7.541730223777256e-18,-9.491973407443386e-16,0.0
34.66,-0.008121905252404143,7.709290867389184e-18,-9.491973407443386e-16,0.0
34.68,-0.008029820115697429,7.621883900505092e-18,-9.491973407443386e-16,0.0
34.7,-0.00789053242297721,7.489672392976644e-18,-9.491973407443386e-16,0.0
34.72,-0.007552702747332047,7.169005363229733e-18,-9.491973407443386e-16,0.0
34.74,-0.007074710791596357,6.71529666994823e-18,-9.491973407443386e-16,0.0
34.76,-0.0070268201901108295,6.669839038371521e-18,-9.491973407443386e-16,0.0
34.78,-0.007072011056287771,6.712734088372607e-18,-9.491973407443386e-16,0.0
34.8,-0.007001015380889242,6.645345182079975e-18,-9.491973407443386e-16,0.0
34.82,-0.0075216742895960155,7.139553233659294e-18,-9.491973407443386e-16,0.0
34.84,-0.007711552196853052,7.319784838293772e-18,-9.491973407443386e-16,0.0
34.86,-0.007180562034113627,6.815770387860107e-18,-9.491973407443386e-16,0.0
34.88,-0.007149326306022267,6.7861215178195735e-18,-9.491973407443386e-16,0.0
34.9,-0.007400898775640584,7.024913436985767e-18,-9.491973407443386e-16,0.0
34.92,-0.006949923973121379,6.596849353691834e-18,-9.491973407443386e-16,0.0
34.94,-0.0067685529525265565,6.424692463255142e-18,-9.491973407443386e-16,0.0
34.96,-0.006706205914867751,6.365512820906116e-18,-9.491973407443386e-16,0.0
34.98,-0.006104636432212139,5.794504667696463e-18,-9.491973407443386e-16,0.0
35.0,-0.0064814339904571625,6.152159907981599e-18,-9.491973407443386e-16,0.0
35.02,-0.006098074300931636,5.788275910135394e-18,-9.491973407443386e-16,0.0
35.04,-0.0062621857406183435,5.944050052271742e-18,-9.491973407443386e-16,0.0
35.06,-0.006744880578007887,6.402222708312917e-18,-9.491973407443386e-16,0.0
35.08,-0.006702309029726255,6.3618139078926235e-18,-9.491973407443386e-16,0.0
35.1,-0.007096347771296699,6.7358344335415334e-18,-9.491973407443386e-16,0.0
35.12,-0.006857534188730865,6.509153216036416e-18,-9.491973407443386e-16,0.0
35.14,-0.006169817214628291,5.856374093033509e-18,-9.491973407443386e-16,0.0
35.16,-0.005091985420297807,4.8332990200853154e-18,-9.491973407443386e-16,0.0
35.18,-0.004699992800598966,4.461220667875769e-18,-9.491973407443386e-16,0.0
35.2,-0.004886329096382164,4.6380905843173316e-18,-9.491973407443386e-16,0.0
35.22,-0.005168009025310217,4.905460423796893e-18,-9.491973407443386e-16,0.0
35.24,-0.004683818907414325,4.445868451475425e-18,-9.491973407443386e-16,0.0
35.26,-0.004688453407593336,4.4502675067210215e-18,-9.491973407443386e-16,0.0
35.28,-0.004565055197852223,4.3331382541821444e-18,-9.491973407443386e-16,0.0
35.3,-0.0052784750322828295,5.0103144638579425e-18,-9.491973407443386e-16,0.0
35.32,-0.005457225264268841,5.179983708716498e-18,-9.491973407443386e-16,0.0
35.34,-0.005168642746402051,4.906061950172035e-18,-9.491973407443386e-16,0.0
35.36,-0.00440268443099556,4.179016354067181e-18,-9.491973407443386e-16,0.0
35.38,-0.004987990178330111,4.7345870129595144e-18,-9.491973407443386e-16,0.0
35.4,-0.005268871763814512,5.0011990669653604e-18,-9.491973407443386e-16,0.0
35.42,-0.005024589672185267,4.769327155199416e-18,-9.491973407443386e-16,0.0
35.44,-0.00538747247702686,5.113774548556902e-18,-9.491973407443386e-16,0.0
35.46,-0.0060778347084475505,5.769064542771749e-18,-9.491973407443386e-16,0.0
35.48,-0.005730680375760018,5.439546573356868e-18,-9.491973407443386e-16,0.0
35.5,-0.00587834130923598,5.579705938744078e-18,-9.491973407443386e-16,0.0
35.52,-0.005562084860483888,5.279516158595344e-18,-9.491973407443386e-16,0.0
35.54,-0.006023379883040759,5.717376167304925e-18,-9.491973407443386e-16,0.0
35.56,-0.006347943797248429,6.025451371572419e-18,-9.491973407443386e-16,0.0
35.58,-0.00683058057721203,6.4835689196592804e-18,-9.491973407443386e-16,0.0
35.6,-0.00700153241339352,6.645835947958113e-18,-9.491973407443386e-16,0.0
35.62,-0.00671312633316135,6.372081663547238e-18,-9.491973407443386e-16,0.0
35.64,-0.006859284827247011,6.510814917460545e-18,-9.491973407443386e-16,0.0
35.66,-0.007204778462547284,6.838756557331659e-18,-9.491973407443386e-16,0.0
35.68,-0.00743239409842329,7.054808713616996e-18,-9.491973407443386e-16,0.0
35.7,-0.007418004399167933,7.041150049349701e-18,-9.491973407443386e-16,0.0
35.72,-0.007671180451563131,7.281464085023373e-18,-9.491973407443386e-16,0.0
35.74,-0.008441757389254113,8.012893665118568e-18,-9.491973407443386e-16,0.0
35.76,-0.008538257621599345,8.104491429041873e-18,-9.491973407443386e-16,0.0
35.78,-0.00868666326465532,8.245357670782057e-18,-9.491973407443386e-16,0.0
35.8,-0.008690312127348823,8.248821161547473e-18,-9.491973407443386e-16,0.0
35.82,-0.0086991584762954,8.257218092442861e-18,-9.491973407443386e-16,0.0
35.84,-0.00873217634984188,8.288558570210214e-18,-9.491973407443386e-16,0.0
35.86,-0.008822839751986684,8.374616030428895e-18,-9.491973407443386e-16,0.0
35.88,-0.009089615648016093,8.627839001514698e-18,-9.491973407443386e-16,0.0
35.9,-0.009327932407904206,8.854048636255303e-18,-9.491973407443386e-16,0.0
35.92,-0.009291552432651529,8.819516860489116e-18,-9.491973407443386e-16,0.0
35.94,-0.008932888049128033,8.479073581428906e-18,-9.491973407443386e-16,0.0
35.96,-0.008920588044010603,8.467398449280299e-18,-9.491973407443386e-16,0.0
35.98,-0.008597680955016913,8.160895899099994e-18,-9.491973407443386e-16,0.0
36.0,-0.008331790093939478,7.908513000837071e-18,-9.491973407443386e-16,0.0
36.02,-0.00870234595381436,8.26024363762754e-18,-9.491973407443386e-16,0.0
36.04,-0.007920510223186752,7.51812724121691e-18,-9.491973407443386e-16,0.0
36.06,-0.008055768013286077,7.646513575894145e-18,-9.491973407443386e-16,0.0
36.08,-0.007933112215028794,7.530089018361458e-18,-9.491973407443386e-16,0.0
36.1,-0.008161614496485742,7.746982776274406e-18,-9.491973407443386e-16,0.0
36.12,-0.00816368968855202,7.74895254306525e-18,-9.491973407443386e-16,0.0
36.14,-0.00837147827340026,7.94618491524023e-18,-9.491973407443386e-16,0.0
36.16,-0.008565707229571161,8.130546523933197e-18,-9.491973407443386e-16,0.0
36.18,-0.008302573656740229,7.880780836341518e-18,-9.491973407443386e-16,0.0
36.2,-0.00795111766149154,7.547179740262808e-18,-9.491973407443386e-16,0.0
36.22,-0.00873195722838582,8.28835058070682e-18,-9.491973407443386e-16,0.0
36.24,-0.009090919786410794,8.629076886210911e-18,-9.491973407443386e-16,0.0
36.26,-0.009867061263468738,9.365788312275695e-18,-9.491973407443386e-16,0.0
36.28,-0.009951434257607732,9.445874933943066e-18,-9.491973407443386e-16,0.0
36.3,-0.010117121391662884,9.603144720983767e-18,-9.491973407443386e-16,0.0
36.32,-0.009850044406432544,9.349635956829113e-18,-9.491973407443386e-16,0.0
36.34,-0.009137103002380572,8.672913871996445e-18,-9.491973407443386e-16,0.0
36.36,-0.009347970376918164,8.873068623157268e-18,-9.491973407443386e-16,0.0
36.38,-0.009162834095589024,8.697337757244354e-18,-9.491973407443386e-16,0.0
36.4,-0.008336999493756199,7.913457749289976e-18,-9.491973407443386e-16,0.0
36.42,-0.008465479356579342,8.035410493420903e-18,-9.491973407443386e-16,0.0
36.44,-0.008463487006646233,8.033519360162564e-18,-9.491973407443386e-16,0.0
36.46,-0.008808855123279459,8.361341858048703e-18,-9.491973407443386e-16,0.0
36.48,-0.008974607361242235,8.518673441545394e-18,-9.491973407443386e-16,0.0
36.5,-0.008848412719529368,8.398889823215355e-18,-9.491973407443386e-16,0.0
36.52,-0.008451151689266278,8.021810709708273e-18,-9.491973407443386e-16,0.0
36.54,-0.008341735111717785,7.917952785265897e-18,-9.491973407443386e-16,0.0
36.56,-0.008442278567199991,8.013388365838854e-18,-9.491973407443386e-16,0.0
36.58,-0.00841357873752329,7.986146563829913e-18,-9.491973407443386e-16,0.0
36.6,-0.008514749963553019,8.082178022537177e-18,-9.491973407443386e-16,0.0
36.62,-0.008005977284025575,7.599252348086356e-18,-9.491973407443386e-16,0.0
36.64,-0.00811764381668105,7.705245923933074e-18,-9.491973407443386e-16,0.0
36.66,-0.007784283434706356,7.388821135853178e-18,-9.491973407443386e-16,0.0
36.68,-0.007737447085844421,7.344364198063255e-18,-9.491973407443386e-16,0.0
36.7,-0.0074966411791881305,7.115791871829574e-18,-9.491973407443386e-16,0.0
36.72,-0.007740401248753782,7.347168281640947e-18,-9.491973407443386e-16,0.0
36.74,-0.00791101341542244,7.509112896541465e-18,-9.491973407443386e-16,0.0
36.76,-0.00748518632386032,7.104918953613805e-18,-9.491973407443386e-16,0.0
36.78,-0.007384741385076822,7.00957688482928e-18,-9.491973407443386e-16,0.0
36.8,-0.007797528037209406,7.401392877328288e-18,-9.491973407443386e-16,0.0
36.82,-0.007534277838815849,7.151516489062704e-18,-9.491973407443386e-16,0.0
36.84,-0.007631746645757157,7.244033621416917e-18,-9.491973407443386e-16,0.0
36.86,-0.007574489758177279,7.189685535986799e-18,-9.491973407443386e-16,0.0
36.88,-0.008346877375008412,7.922833807906768e-18,-9.491973407443386e-16,0.0
36.9,-0.008115467618689743,7.703180282586792e-18,-9.491973407443386e-16,0.0
36.92,-0.00858568974437525,8.149513873846623e-18,-9.491973407443386e-16,0.0
36.94,-0.00894145871358068,8.487208833335773e-18,-9.491973407443386e-16,0.0
36.96,-0.008871493308919395,8.42079785728718e-18,-9.491973407443386e-16,0.0
36.98,-0.00924427484532038,8.774641100317584e-18,-9.491973407443386e-16,0.0
37.0,-0.008506120200803895,8.073986674684454e-18,-9.491973407443386e-16,0.0
37.02,-0.008176343775491134,7.760963768737407e-18,-9.491973407443386e-16,0.0
37.04,-0.0076473975658337325,7.258889433133805e-18,-9.491973407443386e-16,0.0
37.06,-0.0071780341202600665,6.813370898752682e-18,-9.491973407443386e-16,0.0
37.08,-0.0076066228660495155,7.220186196528978e-18,-9.491973407443386e-16,0.0
37.1,-0.007445325775643815,7.067083427246087e-18,-9.491973407443386e-16,0.0
37.12,-0.007755228463988748,7.36124223491262e-18,-9.491973407443386e-16,0.0
37.14,-0.007522985445130025,7.140797779005482e-18,-9.491973407443386e-16,0.0
37.16,-0.0079734864837872,7.568412166901435e-18,-9.491973407443386e-16,0.0
37.18,-0.007900551765766333,7.499182726508089e-18,-9.491973407443386e-16,0.0
37.2,-0.008239645189429014,7.8210493025126e-18,-9.491973407443386e-16,0.0
37.22,-0.008641319186278284,8.202317192168077e-18,-9.491973407443386e-16,0.0
37.24,-0.008260684954065371,7.841020191155317e-18,-9.491973407443386e-16,0.0
37.26,-0.008475966089474535,8.045364472398117e-18,-9.491973407443386e-16,0.0
37.28,-0.007737093451027032,7.344028528834995e-18,-9.491973407443386e-16,0.0
37.3,-0.007821467949492594,7.424116578405145e-18,-9.491973407443386e-16,0.0
37.32,-0.008300470607674826,7.878784627761189e-18,-9.491973407443386e-16,0.0
37.34,-0.007828228416017855,7.430533595253114e-18,-9.491973407443386e-16,0.0
37.36,-0.007546453846666839,7.163073923335747e-18,-9.491973407443386e-16,0.0
37.38,-0.007677451599907798,7.287416642355549e-18,-9.491973407443386e-16,0.0
37.4,-0.007500063892221819,7.119040701939283e-18,-9.491973407443386e-16,0.0
37.42,-0.007294889156497169,6.9242893884015225e-18,-9.491973407443386e-16,0.0
37.44,-0.007968487217361639,7.56366687650462e-18,-9.491973407443386e-16,0.0
37.46,-0.007888738209365774,7.487969330187947e-18,-9.491973407443386e-16,0.0
37.48,-0.007146638360634048,6.783570127205017e-18,-9.491973407443386e-16,0.0
37.5,-0.006948235372253394,6.595246538238371e-18,-9.491973407443386e-16,0.0
37.52,-0.0066033750676514815,6.2679060541819535e-18,-9.491973407443386e-16,0.0
37.54,-0.006730603116623074,6.38867057993388e-18,-9.491973407443386e-16,0.0
37.56,-0.00681969489829119,6.473236262175431e-18,-9.491973407443386e-16,0.0
37.58,-0.006508101782710846,6.177472905472325e-18,-9.491973407443386e-16,0.0
37.6,-0.006773196752288703,6.4291003456403285e-18,-9.491973407443386e-16,0.0
37.62,-0.006872251608084939,6.52312295134993e-18,-9.491973407443386e-16,0.0
37.64,-0.0061149956988085005,5.804337656001798e-18,-9.491973407443386e-16,0.0
37.66,-0.006193228688399035,5.878596201679613e-18,-9.491973407443386e-16,0.0
37.68,-0.005519977762922628,5.239548213563743e-18,-9.491973407443386e-16,0.0
37.7,-0.005228538837576391,4.9629151606357064e-18,-9.491973407443386e-16,0.0
37.72,-0.00547819818375642,5.199891148121761e-18,-9.491973407443386e-16,0.0
37.74,-0.005387750277511651,5.114038236038332e-18,-9.491973407443386e-16,0.0
37.76,-0.005382352019025091,5.108914223438239e-18,-9.491973407443386e-16,0.0
37.78,-0.0056781784675613255,5.389711901710675e-18,-9.491973407443386e-16,0.0
37.8,-0.00565026149660302,5.363213187115415e-18,-9.491973407443386e-16,0.0
37.82,-0.0050061393944776595,4.751814200663369e-18,-9.491973407443386e-16,0.0
37.84,-0.004915960652226587,4.666216778326982e-18,-9.491973407443386e-16,0.0
37.86,-0.004749813135644711,4.5085099974161894e-18,-9.491973407443386e-16,0.0
37.88,-0.004865122078206221,4.617960939059617e-18,-9.491973407443386e-16,0.0
37.9,-0.0049990218716099676,4.745058266884669e-18,-9.491973407443386e-16,0.0
37.92,-0.004748854914368886,4.507600456329332e-18,-9.491973407443386e-16,0.0
37.94,-0.005098035879509641,4.8390420998794785e-18,-9.491973407443386e-16,0.0
37.96,-0.00497319467677752,4.720543162230824e-18,-9.491973407443386e-16,0.0
37.98,-0.005417172136428948,5.1419653862823856e-18,-9.491973407443386e-16,0.0
38.0,-0.005678583642930182,5.390096493093329e-18,-9.491973407443386e-16,0.0
38.02,-0.005595170692227775,5.310921142102966e-18,-9.491973407443386e-16,0.0
38.04,-0.0057617823040241965,5.469068440957257e-18,-9.491973407443386e-16,0.0
38.06,-0.0053841120858810765,5.110584874217473e-18,-9.491973407443386e-16,0.0
38.08,-0.0052589670948132,4.9917975814883704e-18,-9.491973407443386e-16,0.0
38.1,-0.00552655416799086,5.245790519766167e-18,-9.491973407443386e-16,0.0
38.12,-0.005729469060208303,5.438396795856387e-18,-9.491973407443386e-16,0.0
38.14,-0.005535003212057052,5.253810329925627e-18,-9.491973407443386e-16,0.0
38.16,-0.005714859852435959,5.424529774688496e-18,-9.491973407443386e-16,0.0
38.18,-0.0063238320246359475,6.0025645411280286e-18,-9.491973407443386e-16,0.0
38.2,-0.006269958905536994,5.951428319741699e-18,-9.491973407443386e-16,0.0
38.22,-0.005857081127257558,5.5595258305464275e-18,-9.491973407443386e-16,0.0
38.24,-0.005566056554077755,5.283286079592902e-18,-9.491973407443386e-16,0.0
38.26,-0.005389372351603211,5.115577904452531e-18,-9.491973407443386e-16,0.0
38.28,-0.0051397294318635935,4.878617508900034e-18,-9.491973407443386e-16,0.0
38.3,-0.005892316046018756,5.5929707217359006e-18,-9.491973407443386e-16,0.0
38.32,-0.0058149492487496336,5.519534363506143e-18,-9.491973407443386e-16,0.0
38.34,-0.005502977837422324,5.223411929486003e-18,-9.491973407443386e-16,0.0
38.36,-0.0059919637950049615,5.687556100084766e-18,-9.491973407443386e-16,0.0
38.38,-0.005465051501679032,5.1874123524542935e-18,-9.491973407443386e-16,0.0
38.4,-0.005050093913419489,4.793535713156651e-18,-9.491973407443386e-16,0.0
38.42,-0.0047128083095564505,4.473385114898507e-18,-9.491973407443386e-16,0.0
38.44,-0.004802310086331751,4.558339963405516e-18,-9.491973407443386e-16,0.0
38.46,-0.004656984936975348,4.420397718093144e-18,-9.491973407443386e-16,0.0
38.48,-0.0049707192950169295,4.7181935364463454e-18,-9.491973407443386e-16,0.0
38.5,-0.004229781179775402,4.0148970478029656e-18,-9.491973407443386e-16,0.0
38.52,-0.0042004998436987896,3.9871032814656036e-18,-9.491973407443386e-16,0.0
38.54,-0.0041682697055228654,3.956510520017194e-18,-9.491973407443386e-16,0.0
38.56,-0.0044179178578304355,4.193475882309276e-18,-9.491973407443386e-16,0.0
38.58,-0.004065757629231796,3.859206329807529e-18,-9.491973407443386e-16,0.0
38.6,-0.0037518905071360718,3.561284492167189e-18,-9.491973407443386e-16,0.0
38.62,-0.004082752072403246,3.8753374100733e-18,-9.491973407443386e-16,0.0
38.64,-0.0042466212453132,4.0308815932294026e-18,-9.491973407443386e-16,0.0
38.66,-0.004677294258164045,4.4396752717577765e-18,-9.491973407443386e-16,0.0
38.68,-0.004421435554698409,4.196814870821901e-18,-9.491973407443386e-16,0.0
38.7,-0.004720989066871802,4.481150267987511e-18,-9.491973407443386e-16,0.0
38.72,-0.004852822442045133,4.606286157123388e-18,-9.491973407443386e-16,0.0
38.74,-0.0045819133004801,4.349139920366527e-18,-9.491973407443386e-16,0.0
38.76,-0.004996855767037432,4.743002206184644e-18,-9.491973407443386e-16,0.0
38.78,-0.005082002800284024,4.823823543714579e-18,-9.491973407443386e-16,0.0
38.8,-0.005589521613487294,5.305559051584845e-18,-9.491973407443386e-16,0.0
38.82,-0.00530907903050192,5.039363697583655e-18,-9.491973407443386e-16,0.0
38.84,-0.004758837589312484,4.5170759848393104e-18,-9.491973407443386e-16,0.0
38.86,-0.004720094862927627,4.480301491981618e-18,-9.491973407443386e-16,0.0
38.88,-0.004545157812900607,4.314251709298311e-18,-9.491973407443386e-16,0.0
38.9,-0.00347086718782891,3.2945379047936828e-18,-9.491973407443386e-16,0.0
38.92,-0.003703853759683738,3.515688139227425e-18,-9.491973407443386e-16,0.0
38.94,-0.0036990830328231562,3.511159777977944e-18,-9.491973407443386e-16,0.0
38.96,-0.003855748019774119,3.659865766979544e-18,-9.491973407443386e-16,0.0
38.98,-0.0039065000692650766,3.708039477393686e-18,-9.491973407443386e-16,0.0
39.0,-0.00439379759686624,4.1705809947440016e-18,-9.491973407443386e-16,0.0
39.02,-0.004688984924670101,4.450772021316854e-18,-9.491973407443386e-16,0.0
39.04,-0.004707632109869477,4.4684718799204685e-18,-9.491973407443386e-16,0.0
39.06,-0.004400003052922279,4.1764711971305e-18,-9.491973407443386e-16,0.0
39.08,-0.004061054000255131,3.854741657691029e-18,-9.491973407443386e-16,0.0
39.1,-0.004604536908022908,4.370614188484204e-18,-9.491973407443386e-16,0.0
39.12,-0.005203096158120568,4.938765036954827e-18,-9.491973407443386e-16,0.0
39.14,-0.0051034407453290406,4.84417238414233e-18,-9.491973407443386e-16,0.0
39.16,-0.0048165261278184,4.571833792180551e-18,-9.491973407443386e-16,0.0
39.18,-0.005318112332740636,5.047938084046783e-18,-9.491973407443386e-16,0.0
39.2,-0.0054007024563411145,5.1263324097401035e-18,-9.491973407443386e-16,0.0
39.22,-0.005277493354438244,5.0093826578584e-18,-9.491973407443386e-16,0.0
39.24,-0.005226314483398664,4.960803809565334e-18,-9.491973407443386e-16,0.0
39.26,-0.00537970061318749,5.106397516067953e-18,-9.491973407443386e-16,0.0
39.28,-0.00543636016717818,5.160178614043676e-18,-9.491973407443386e-16,0.0
39.3,-0.0052550471045815905,4.988076737184782e-18,-9.491973407443386e-16,0.0
39.32,-0.0049904067025023265,4.736880771277632e-18,-9.491973407443386e-16,0.0
39.34,-0.00482462530373162,4.5795215084196e-18,-9.491973407443386e-16,0.0
39.36,-0.004453064026004764,4.2268365316777e-18,-9.491973407443386e-16,0.0
39.38,-0.004252467399914742,4.0364307476307645e-18,-9.491973407443386e-16,0.0
39.4,-0.004309702548617907,4.090758198576915e-18,-9.491973407443386e-16,0.0
39.42,-0.0041277917395433315,3.918088942350678e-18,-9.491973407443386e-16,0.0
39.44,-0.0038901009122831237,3.692473441195967e-18,-9.491973407443386e-16,0.0
39.46,-0.003513761352513725,3.335252931845959e-18,-9.491973407443386e-16,0.0
39.48,-0.0036585112911779716,3.472649188698968e-18,-9.491973407443386e-16,0.0
39.5,-0.004255005535160185,4.0388399388561895e-18,-9.491973407443386e-16,0.0
39.52,-0.005043823380765641,4.7875837402365664e-18,-9.491973407443386e-16,0.0
39.54,-0.005633975864533015,5.347754908462225e-18,-9.491973407443386e-16,0.0
39.56,-0.005707370707215312,5.417421097960611e-18,-9.491973407443386e-16,0.0
39.58,-0.005664314311450492,5.376552081598608e-18,-9.491973407443386e-16,0.0
39.6,-0.006048431806514645,5.741155386446878e-18,-9.491973407443386e-16,0.0
39.62,-0.006358961271507983,6.0359091288413165e-18,-9.491973407443386e-16,0.0
39.64,-0.00638625439555596,6.061815689608261e-18,-9.491973407443386e-16,0.0
39.66,-0.006622732476609035,6.286280055288165e-18,-9.491973407443386e-16,0.0
39.68,-0.006673961850694905,6.3349068409384695e-18,-9.491973407443386e-16,0.0
39.7,-0.006234877955153648,5.918129574927043e-18,-9.491973407443386e-16,0.0
39.72,-0.007175833908486059,6.8112824635877215e-18,-9.491973407443386e-16,0.0
39.74,-0.006733044335558023,6.3909877784551076e-18,-9.491973407443386e-16,0.0
39.76,-0.007202562459975229,6.836653133583189e-18,-9.491973407443386e-16,0.0
39.78,-0.006914430083426598,6.563158647980882e-18,-9.491973407443386e-16,0.0
39.8,-0.007478344981853411,7.098425169973726e-18,-9.491973407443386e-16,0.0
39.82,-0.007462634861947732,7.083513165936482e-18,-9.491973407443386e-16,0.0
39.84,-0.0073699449339663095,6.995532132782732e-18,-9.491973407443386e-16,0.0
39.86,-0.007431237216466336,7.053710604339908e-18,-9.491973407443386e-16,0.0
39.88,-0.007934699945482399,7.531596087885842e-18,-9.491973407443386e-16,0.0
39.9,-0.0074554597840832395,7.076702601107872e-18,-9.491973407443386e-16,0.0
39.92,-0.006834029612647433,6.486842734922707e-18,-9.491973407443386e-16,0.0
39.94,-0.006546749233724142,6.2141569632006925e-18,-9.491973407443386e-16,0.0
39.96,-0.006502021706708925,6.171701713499778e-18,-9.491973407443386e-16,0.0
39.98,-0.0064883183017760745,6.158694477978374e-18,-9.491973407443386e-16,0.0
40.0,-0.0069397074073769185,6.58715181665566e-18,-9.491973407443386e-16,0.0
40.02,-0.007048636961968856,6.690547460202792e-18,-9.491973407443386e-16,0.0
40.04,-0.007140186115255821,6.777445673050176e-18,-9.491973407443386e-16,0.0
40.06,-0.007063307471982842,6.704472669295432e-18,-9.491973407443386e-16,0.0
40.08,-0.007261368869942664,6.892472021543e-18,-9.491973407443386e-16,0.0
40.1,-0.006556611940664023,6.223518618400568e-18,-9.491973407443386e-16,0.0
40.12,-0.006336153686501684,6.014260229804537e-18,-9.491973407443386e-16,0.0
40.14,-0.006359686588217706,6.036597597533383e-18,-9.491973407443386e-16,0.0
40.16,-0.005339917743978775,5.068635722407862e-18,-9.491973407443386e-16,0.0
40.18,-0.005353980088152897,5.08198366210257e-18,-9.491973407443386e-16,0.0
40.2,-0.005517243603084383,5.23695295631611e-18,-9.491973407443386e-16,0.0
40.22,-0.005356035830311637,5.083934967092902e-18,-9.491973407443386e-16,0.0
40.24,-0.0053145911826619095,5.044595817755695e-18,-9.491973407443386e-16,0.0
40.26,-0.0049310050491749215,4.680496879903443e-18,-9.491973407443386e-16,0.0
40.28,-0.004782619634842234,4.539649839213609e-18,-9.491973407443386e-16,0.0
40.3,-0.005416833036544523,5.1416435135738425e-18,-9.491973407443386e-16,0.0
40.32,-0.0054036896628554395,5.129167858219756e-18,-9.491973407443386e-16,0.0
40.34,-0.005665703111224515,5.377870326650936e-18,-9.491973407443386e-16,0.0
40.36,-0.005360666490963751,5.088330377869778e-18,-9.491973407443386e-16,0.0
40.38,-0.005653033275689481,5.365844152453413e-18,-9.491973407443386e-16,0.0
40.4,-0.006301643869434508,5.9815036032147996e-18,-9.491973407443386e-16,0.0
40.42,-0.005667119665648769,5.3792149163434575e-18,-9.491973407443386e-16,0.0
40.44,-0.0056934506776689245,5.404208242932097e-18,-9.491973407443386e-16,0.0
40.46,-0.005554635352541077,5.2724451054661834e-18,-9.491973407443386e-16,0.0
40.48,-0.004984192740649344,4.730982495211296e-18,-9.491973407443386e-16,0.0
40.5,-0.004677643151847606,4.440006440714415e-18,-9.491973407443386e-16,0.0
40.52,-0.004289711972222223,4.071783196622187e-18,-9.491973407443386e-16,0.0
40.54,-0.0046324884856522065,4.397145751639543e-18,-9.491973407443386e-16,0.0
40.56,-0.004604980437221889,4.371035185220419e-18,-9.491973407443386e-16,0.0
40.58,-0.005101402708446295,4.842237884952891e-18,-9.491973407443386e-16,0.0
40.6,-0.004495093715809034,4.266731001472224e-18,-9.491973407443386e-16,0.0
40.62,-0.004397749019372947,4.174331674479526e-18,-9.491973407443386e-16,0.0
40.64,-0.004232819614319908,4.017781121792635e-18,-9.491973407443386e-16,0.0
40.66,-0.0049169338759556735,4.667140559702581e-18,-9.491973407443386e-16,0.0
40.68,-0.005080382082480529,4.822285162685405e-18,-9.491973407443386e-16,0.0
40.7,-0.005473650969732676,5.195574944662629e-18,-9.491973407443386e-16,0.0
40.72,-0.005960348930527903,5.6575473547951505e-18,-9.491973407443386e-16,0.0
40.74,-0.005831706336456958,5.535440146596556e-18,-9.491973407443386e-16,0.0
40.76,-0.005963715774424407,5.6607431540684144e-18,-9.491973407443386e-16,0.0
40.78,-0.005479265357314075,5.200904106424801e-18,-9.491973407443386e-16,0.0
40.8,-0.0057472402939533805,5.455265203668963e-18,-9.491973407443386e-16,0.0
40.82,-0.0056262422285852445,5.340414161786318e-18,-9.491973407443386e-16,0.0
40.84,-0.005874684794456484,5.576235184638999e-18,-9.491973407443386e-16,0.0
40.86,-0.00602617510840189,5.720029387784503e-18,-9.491973407443386e-16,0.0
40.88,-0.006314557166004428,5.993760869979213e-18,-9.491973407443386e-16,0.0
40.9,-0.006119755124384517,5.808855290102025e-18,-9.491973407443386e-16,0.0
40.92,-0.006521641629796345,6.190324892319968e-18,-9.491973407443386e-16,0.0
40.94,-0.006313080534061818,5.992359254866029e-18,-9.491973407443386e-16,0.0
40.96,-0.006890539145717653,6.540481433439665e-18,-9.491973407443386e-16,0.0
40.98,-0.006525171665961282,6.1936755932604574e-18,-9.491973407443386e-16,0.0
41.0,-0.00647050093983854,6.141782285408189e-18,-9.491973407443386e-16,0.0
41.02,-0.0054516341378306665,5.1746766263696266e-18,-9.491973407443386e-16,0.0
41.04,-0.006087672974243626,5.778402998502931e-18,-9.491973407443386e-16,0.0
41.06,-0.006439171221903574,6.112044200458049e-18,-9.491973407443386e-16,0.0
41.08,-0.006221055196633072,5.905009049297564e-18,-9.491973407443386e-16,0.0
41.1,-0.006525846065985244,6.1943157319698004e-18,-9.491973407443386e-16,0.0
41.12,-0.006808723020027099,6.462821784504187e-18,-9.491973407443386e-16,0.0
41.14,-0.006919497983927672,6.5679690856596614e-18,-9.491973407443386e-16,0.0
41.16,-0.007126944576348957,6.76487683953242e-18,-9.491973407443386e-16,0.0
41.18,-0.0069064305205619285,6.555565484182623e-18,-9.491973407443386e-16,0.0
41.2,-0.006777170613258978,6.432872323905803e-18,-9.491973407443386e-16,0.0
41.22,-0.006707838473224858,6.367062440957302e-18,-9.491973407443386e-16,0.0
41.24,-0.006403618217975662,6.078297383674201e-18,-9.491973407443386e-16,0.0
41.26,-0.006291106247505066,5.971501320501606e-18,-9.491973407443386e-16,0.0
41.28,-0.0062897938204108566,5.970255568193861e-18,-9.491973407443386e-16,0.0
41.3,-0.0063688030304988345,6.045250900303681e-18,-9.491973407443386e-16,0.0
41.32,-0.006873131451241353,6.523958096134271e-18,-9.491973407443386e-16,0.0
41.34,-0.007517835806266026,7.135909755489985e-18,-9.491973407443386e-16,0.0
41.36,-0.007503696338214443,7.122488610015884e-18,-9.491973407443386e-16,0.0
41.38,-0.007262393539645447,6.8934446353000265e-18,-9.491973407443386e-16,0.0
41.4,-0.006826126532294879,6.479341152068376e-18,-9.491973407443386e-16,0.0
41.42,-0.00624669428989994,5.9293456084455705e-18,-9.491973407443386e-16,0.0
41.44,-0.00626289317735764,5.944721549343437e-18,-9.491973407443386e-16,0.0
41.46,-0.006053836867052122,5.746285855535615e-18,-9.491973407443386e-16,0.0
41.48,-0.006224515329386238,5.9082933981054905e-18,-9.491973407443386e-16,0.0
41.5,-0.0058300554201016755,5.533873101182331e-18,-9.491973407443386e-16,0.0
41.52,-0.005932459828470167,5.6310750932862e-18,-9.491973407443386e-16,0.0
41.54,-0.006054573481811283,5.746985048306164e-18,-9.491973407443386e-16,0.0
41.56,-0.005503137515654244,5.2235634956391174e-18,-9.491973407443386e-16,0.0
41.58,-0.0055463692529141295,5.264598945681959e-18,-9.491973407443386e-16,0.0
41.6,-0.005719428168263484,5.428866007923666e-18,-9.491973407443386e-16,0.0
41.62,-0.005955540158987927,5.6529828816371586e-18,-9.491973407443386e-16,0.0
41.64,-0.00611561065062084,5.8049213666267584e-18,-9.491973407443386e-16,0.0
41.66,-0.006512226437561215,6.181388016887785e-18,-9.491973407443386e-16,0.0
41.68,-0.00667671392266546,6.3375191003344585e-18,-9.491973407443386e-16,0.0
41.7,-0.006949631133154123,6.5965713907736605e-18,-9.491973407443386e-16,0.0
41.72,-0.007409958342159909,7.033512753434217e-18,-9.491973407443386e-16,0.0
41.74,-0.006879870237882149,6.530354534493558e-18,-9.491973407443386e-16,0.0
41.76,-0.006660766430250976,6.322381782943089e-18,-9.491973407443386e-16,0.0
41.78,-0.007001425613699408,6.645734573972479e-18,-9.491973407443386e-16,0.0
41.8,-0.006629020771464531,6.292248888042819e-18,-9.491973407443386e-16,0.0
41.82,-0.006730642999827635,6.3887084369655904e-18,-9.491973407443386e-16,0.0
41.84,-0.006681765177116401,6.342313737626714e-18,-9.491973407443386e-16,0.0
41.86,-0.00717870909811044,6.8140115859333215e-18,-9.491973407443386e-16,0.0
41.88,-0.007052834332215401,6.694531592878934e-18,-9.491973407443386e-16,0.0
41.9,-0.006501222420103418,6.1709430327793406e-18,-9.491973407443386e-16,0.0
41.92,-0.006599477524101714,6.264206516209081e-18,-9.491973407443386e-16,0.0
41.94,-0.006179071632017502,5.865158361409495e-18,-9.491973407443386e-16,0.0
41.96,-0.005575628486001128,5.292371731920356e-18,-9.491973407443386e-16,0.0
41.98,-0.00540746354238574,5.132750014634207e-18,-9.491973407443386e-16,0.0
42.0,-0.005505430252890797,5.225739755727077e-18,-9.491973407443386e-16,0.0
42.02,-0.005754404335266559,5.4620652926324115e-18,-9.491973407443386e-16,0.0
42.04,-0.006126168554583771,5.814942900992204e-18,-9.491973407443386e-16,0.0
42.06,-0.006219715602511421,5.903737510119613e-18,-9.491973407443386e-16,0.0
42.08,-0.006331436046892794,6.009782258833188e-18,-9.491973407443386e-16,0.0
42.1,-0.006175567490262936,5.861832239374469e-18,-9.491973407443386e-16,0.0
42.12,-0.006307423412123413,5.986989529765827e-18,-9.491973407443386e-16,0.0
42.14,-0.0065345658228380754,6.202592501986443e-18,-9.491973407443386e-16,0.0
42.16,-0.0062456933948995125,5.928395561572798e-18,-9.491973407443386e-16,0.0
42.18,-0.006199250858449246,5.884312429476783e-18,-9.491973407443386e-16,0.0
42.2,-0.006267495131929133,5.949089712384922e-18,-9.491973407443386e-16,0.0
42.22,-0.00639828506698612,6.073235170937139e-18,-9.491973407443386e-16,0.0
42.24,-0.006025573973524298,5.719458792157263e-18,-9.491973407443386e-16,0.0
42.26,-0.006099914767629664,5.7900228762309e-18,-9.491973407443386e-16,0.0
42.28,-0.005701008633746426,5.411382234742325e-18,-9.491973407443386e-16,0.0
42.3,-0.00545760808837957,5.1803470843443835e-18,-9.491973407443386e-16,0.0
42.32,-0.006006881212237551,5.701715672852714e-18,-9.491973407443386e-16,0.0
42.34,-0.006230506946101237,5.9139806247581254e-18,-9.491973407443386e-16,0.0
42.36,-0.005668382531717996,5.380413625458084e-18,-9.491973407443386e-16,0.0
42.38,-0.006059581196183934,5.75173835747189e-18,-9.491973407443386e-16,0.0
42.4,-0.005571952487352858,5.288882483778838e-18,-9.491973407443386e-16,0.0
42.42,-0.005513989928222576,5.233864576789637e-18,-9.491973407443386e-16,0.0
42.44,-0.005270586580943141,5.002826766823727e-18,-9.491973407443386e-16,0.0
42.46,-0.005917370469777537,5.616752314141618e-18,-9.491973407443386e-16,0.0
42.48,-0.006373784930334818,6.049979706379852e-18,-9.491973407443386e-16,0.0
42.5,-0.006831516848510439,6.484457625885956e-18,-9.491973407443386e-16,0.0
42.52,-0.007037548283866157,6.6800221164353426e-18,-9.491973407443386e-16,0.0
42.54,-0.006379770431366783,6.0556611280424154e-18,-9.491973407443386e-16,0.0
42.56,-0.006501158410640037,6.170882275166916e-18,-9.491973407443386e-16,0.0
42.58,-0.006587169637284298,6.2525239027718075e-18,-9.491973407443386e-16,0.0
42.6,-0.006178535110705708,5.8646490968070885e-18,-9.491973407443386e-16,0.0
42.62,-0.0058031047970226145,5.508291641424283e-18,-9.491973407443386e-16,0.0
42.64,-0.00567064302408835,5.382559278804798e-18,-9.491973407443386e-16,0.0
42.66,-0.0056435089225792805,5.356803661808902e-18,-9.491973407443386e-16,0.0
42.68,-0.006123105400012065,5.812035362818454e-18,-9.491973407443386e-16,0.0
42.7,-0.006406601429296851,6.081129039927151e-18,-9.491973407443386e-16,0.0
42.72,-0.006373385746573805,6.049600802215429e-18,-9.491973407443386e-16,0.0
42.74,-0.006399086084323359,6.073995494463537e-18,-9.491973407443386e-16,0.0
42.76,-0.006381832698473784,6.057618626496284e-18,-9.491973407443386e-16,0.0
42.78,-0.005812216471465931,5.516940418575606e-18,-9.491973407443386e-16,0.0
42.8,-0.005910959099172555,5.6106666582128414e-18,-9.491973407443386e-16,0.0
42.82,-0.006537335351723646,6.205221331439741e-18,-9.491973407443386e-16,0.0
42.84,-0.006513938182417209,6.183012800553126e-18,-9.491973407443386e-16,0.0
42.86,-0.006040870290890475,5.733978015924419e-18,-9.491973407443386e-16,0.0
42.88,-0.00572289918211902,5.432160685045025e-18,-9.491973407443386e-16,0.0
42.9,-0.005553886965992348,5.27173473894428e-18,-9.491973407443386e-16,0.0
42.92,-0.005340799911169149,5.0694730731590566e-18,-9.491973407443386e-16,0.0
42.94,-0.0064607624847117465,6.1325385696988754e-18,-9.491973407443386e-16,0.0
42.96,-0.006560627093076474,6.227329790393149e-18,-9.491973407443386e-16,0.0
42.98,-0.006991196929073296,6.636025533726059e-18,-9.491973407443386e-16,0.0
43.0,-0.007574513803863814,7.189708360088517e-18,-9.491973407443386e-16,0.0
43.02,-0.008099699613110732,7.688213333622355e-18,-9.491973407443386e-16,0.0
43.04,-0.007889847530973711,7.489022295308232e-18,-9.491973407443386e-16,0.0
43.06,-0.008310994699637437,7.888774067865847e-18,-9.491973407443386e-16,0.0
43.08,-0.007585482649015791,7.200119958737808e-18,-9.491973407443386e-16,0.0
43.1,-0.006618068354962679,6.281852883424532e-18,-9.491973407443386e-16,0.0
43.12,-0.006707492447960757,6.3667339946967814e-18,-9.491973407443386e-16,0.0
43.14,-0.00709969904674483,6.739015455285005e-18,-9.491973407443386e-16,0.0
43.16,-0.007036593781011023,6.6791161048635105e-18,-9.491973407443386e-16,0.0
43.18,-0.006984097684071246,6.629286949248817e-18,-9.491973407443386e-16,0.0
43.2,-0.006605751098123252,6.270161375987282e-18,-9.491973407443386e-16,0.0
43.22,-0.006617277004472608,6.281101735643758e-18,-9.491973407443386e-16,0.0
43.24,-0.006444076475898882,6.116700254506065e-18,-9.491973407443386e-16,0.0
43.26,-0.006636034251837183,6.298906064961897e-18,-9.491973407443386e-16,0.0
43.28,-0.006644368531749667,6.306816941291846e-18,-9.491973407443386e-16,0.0
43.3,-0.0061958452725760435,5.881079856422259e-18,-9.491973407443386e-16,0.0
43.32,-0.006287926422809339,5.968483039356383e-18,-9.491973407443386e-16,0.0
43.34,-0.006481941824473729,6.152641942679667e-18,-9.491973407443386e-16,0.0
43.36,-0.0062536730633452435,5.935969841641504e-18,-9.491973407443386e-16,0.0
43.38,-0.0070399642451413795,6.6823153404531196e-18,-9.491973407443386e-16,0.0
43.4,-0.007530873374508437,7.148284980595449e-18,-9.491973407443386e-16,0.0
43.42,-0.007048891697283864,6.690789254286388e-18,-9.491973407443386e-16,0.0
43.44,-0.007517336725140699,7.135436029013003e-18,-9.491973407443386e-16,0.0
43.46,-0.007853606208897348,7.454622128768287e-18,-9.491973407443386e-16,0.0
43.48,-0.008416213520769749,7.988647493080892e-18,-9.491973407443386e-16,0.0
43.5,-0.008837661244552734,8.388684551758455e-18,-9.491973407443386e-16,0.0
43.52,-0.009137014787382316,8.672830138554691e-18,-9.491973407443386e-16,0.0
43.54,-0.00904478602870284,8.58528684607598e-18,-9.491973407443386e-16,0.0
43.56,-0.0082727294915348,7.852452834091794e-18,-9.491973407443386e-16,0.0
43.58,-0.0071829839911235205,6.818069303013299e-18,-9.491973407443386e-16,0.0
43.6,-0.007139019698193179,6.776338513076115e-18,-9.491973407443386e-16,0.0
43.62,-0.007468456113083483,7.08903868203434e-18,-9.491973407443386e-16,0.0
43.64,-0.007344635316834982,6.971508311506417e-18,-9.491973407443386e-16,0.0
43.66,-0.006718753327420509,6.377422791534423e-18,-9.491973407443386e-16,0.0
43.68,-0.007576938988819705,7.19201033919946e-18,-9.491973407443386e-16,0.0
43.7,-0.007682313990174392,7.29203201026626e-18,-9.491973407443386e-16,0.0
43.72,-0.008623664431913026,8.185559346273079e-18,-9.491973407443386e-16,0.0
43.74,-0.008100506816779538,7.688979529198222e-18,-9.491973407443386e-16,0.0
43.76,-0.008008924674790896,7.602050003562932e-18,-9.491973407443386e-16,0.0
43.78,-0.008007595503276812,7.60078835749637e-18,-9.491973407443386e-16,0.0
43.8,-0.008362508258680242,7.937670601121551e-18,-9.491973407443386e-16,0.0
43.82,-0.007846016239878734,7.447417750359486e-18,-9.491973407443386e-16,0.0
43.84,-0.007946660261567078,7.542948788107877e-18,-9.491973407443386e-16,0.0
43.86,-0.007885766306068385,7.485148407481113e-18,-9.491973407443386e-16,0.0
43.88,-0.008298793109857192,7.877192351293582e-18,-9.491973407443386e-16,0.0
43.9,-0.008217907487055994,7.800415933226236e-18,-9.491973407443386e-16,0.0
43.92,-0.00790541795967878,7.50380170482933e-18,-9.491973407443386e-16,0.0
43.94,-0.008166893271477843,7.751993375459297e-18,-9.491973407443386e-16,0.0
43.96,-0.008149662199669783,7.735637687920912e-18,-9.491973407443386e-16,0.0
43.98,-0.0083665960540278,7.941550725594961e-18,-9.491973407443386e-16,0.0
44.0,-0.007303969487147441,6.932908414107838e-18,-9.491973407443386e-16,0.0
44.02,-0.007609216955854637,7.22264849967365e-18,-9.491973407443386e-16,0.0
44.04,-0.007853478128079707,7.454500554796781e-18,-9.491973407443386e-16,0.0
44.06,-0.0071580472667791975,6.794399430578793e-18,-9.491973407443386e-16,0.0
44.08,-0.007068954943197206,6.709833233954032e-18,-9.491973407443386e-16,0.0
44.1,-0.007164782379772543,6.800792381921689e-18,-9.491973407443386e-16,0.0
44.12,-0.007359279500759127,6.985408531944583e-18,-9.491973407443386e-16,0.0
44.14,-0.008051871039271559,7.642814578522613e-18,-9.491973407443386e-16,0.0
44.16,-0.008158969702334417,7.744472344699152e-18,-9.491973407443386e-16,0.0
44.18,-0.008348550370052756,7.924421810353935e-18,-9.491973407443386e-16,0.0
44.2,-0.008164935472840345,7.75013503819887e-18,-9.491973407443386e-16,0.0
44.22,-0.008179826303146329,7.764269374726785e-18,-9.491973407443386e-16,0.0
44.24,-0.008246167067078909,7.827239851434538e-18,-9.491973407443386e-16,0.0
44.26,-0.008157892734066764,7.743450089283428e-18,-9.491973407443386e-16,0.0
44.28,-0.008641971498163375,8.202936364874738e-18,-9.491973407443386e-16,0.0
44.3,-0.00828378282325326,7.86294462716532e-18,-9.491973407443386e-16,0.0
44.32,-0.009297111326345205,8.824793347600634e-18,-9.491973407443386e-16,0.0
44.34,-0.009488399400371468,9.006363478782469e-18,-9.491973407443386e-16,0.0
44.36,-0.009629948860775553,9.140721850181821e-18,-9.491973407443386e-16,0.0
44.38,-0.009349860886691673,8.874863090006932e-18,-9.491973407443386e-16,0.0
44.4,-0.009930273152578963,9.425788869322544e-18,-9.491973407443386e-16,0.0
44.42,-0.009807621566520453,9.309368309997731e-18,-9.491973407443386e-16,0.0
44.44,-0.010140509384857653,9.625344541929587e-18,-9.491973407443386e-16,0.0
44.46,-0.009835276789743854,9.335618574339076e-18,-9.491973407443386e-16,0.0
44.48,-0.00984034255084442,9.34042698130458e-18,-9.491973407443386e-16,0.0
44.5,-0.00983043044126392,9.331018433249604e-18,-9.491973407443386e-16,0.0
44.52,-0.00985502821783193,9.354366577356183e-18,-9.491973407443386e-16,0.0
44.54,-0.009820844927374804,9.321919888956388e-18,-9.491973407443386e-16,0.0
44.56,-0.009998590649257616,9.490635655496237e-18,-9.491973407443386e-16,0.0
44.58,-0.010155095051347414,9.639189217774656e-18,-9.491973407443386e-16,0.0
44.6,-0.010019244344212355,9.51024008782382e-18,-9.491973407443386e-16,0.0
44.62,-0.010289263453433973,9.766541508247134e-18,-9.491973407443386e-16,0.0
44.64,-0.010767919271343313,1.0220880337738486e-17,-9.491973407443386e-16,0.0
44.66,-0.010225722944034345,9.706229025695466e-18,-9.491973407443386e-16,0.0
44.68,-0.00976425290435515,9.26820289119879e-18,-9.491973407443386e-16,0.0
44.7,-0.010050270627105985,9.539690153039635e-18,-9.491973407443386e-16,0.0
44.72,-0.009860940586625426,9.35997858209247e-18,-9.491973407443386e-16,0.0
44.74,-0.009534077892088605,9.04972138164959e-18,-9.491973407443386e-16,0.0
44.76,-0.009159671776552115,8.694336092423937e-18,-9.491973407443386e-16,0.0
44.78,-0.008629351208920884,8.190957219886345e-18,-9.491973407443386e-16,0.0
44.8,-0.008095687241834819,7.684404801477176e-18,-9.491973407443386e-16,0.0
44.82,-0.008444573021720891,8.01556625596855e-18,-9.491973407443386e-16,0.0
44.84,-0.008132754767924633,7.719589198669599e-18,-9.491973407443386e-16,0.0
44.86,-0.008922238423036915,8.468964984663298e-18,-9.491973407443386e-16,0.0
44.88,-0.009307729790538665,8.834872365575858e-18,-9.491973407443386e-16,0.0
44.9,-0.009155455227112282,8.690333754908529e-18,-9.491973407443386e-16,0.0
44.92,-0.00896531606061412,8.50985416369713e-18,-9.491973407443386e-16,0.0
44.94,-0.009052697094098098,8.592796008311612e-18,-9.491973407443386e-16,0.0
44.96,-0.009906387191997004,9.403116379057028e-18,-9.491973407443386e-16,0.0
44.98,-0.009884953638012799,9.382771706612521e-18,-9.491973407443386e-16,0.0
45.0,-0.010178337619591846,9.661251001744338e-18,-9.491973407443386e-16,0.0
45.02,-0.010078244394874645,9.566242779016245e-18,-9.491973407443386e-16,0.0
45.04,-0.009918986911505551,9.415075999308665e-18,-9.491973407443386e-16,0.0
45.06,-0.009614122488721545,9.125699499914527e-18,-9.491973407443386e-16,0.0
45.08,-0.009866675506155838,9.365422152460116e-18,-9.491973407443386e-16,0.0
45.1,-0.010404485497784575,9.875909966339849e-18,-9.491973407443386e-16,0.0
45.12,-0.01010615695420078,9.59273730610198e-18,-9.491973407443386e-16,0.0
45.14,-0.010388160165150338,9.860414004016664e-18,-9.491973407443386e-16,0.0
45.16,-0.010513273083634547,9.979170853534638e-18,-9.491973407443386e-16,0.0
45.18,-0.010799211103985065,1.0250582462069049e-17,-9.491973407443386e-16,0.0
45.2,-0.0107021827029188,1.0158483361800274e-17,-9.491973407443386e-16,0.0
45.22,-0.012048462057219553,1.1436368144801553e-17,-9.491973407443386e-16,0.0
45.24,-0.01206321787010611,1.1450374323153994e-17,-9.491973407443386e-16,0.0
45.26,-0.012114085355936681,1.1498657605434724e-17,-9.491973407443386e-16,0.0
45.28,-0.01226417417987118,1.1641121517988796e-17,-9.491973407443386e-16,0.0
45.3,-0.011830320567709052,1.1229308823052177e-17,-9.491973407443386e-16,0.0
45.32,-0.011232047083314762,1.0661429222627267e-17,-9.491973407443386e-16,0.0
45.34,-0.010799412814036204,1.025077392471319e-17,-9.491973407443386e-16,0.0
45.36,-0.01024999829787211,9.729271127003894e-18,-9.491973407443386e-16,0.0
45.38,-0.010533244704303392,9.998127862763857e-18,-9.491973407443386e-16,0.0
45.4,-0.01049248533804581,9.959439180701735e-18,-9.491973407443386e-16,0.0
45.42,-0.010474043859814625,9.9419345786053e-18,-9.491973407443386e-16,0.0
45.44,-0.010725504742394806,1.0180620579651632e-17,-9.491973407443386e-16,0.0
45.46,-0.011713168906221347,1.1118108777504265e-17,-9.491973407443386e-16,0.0
45.48,-0.012470344968181139,1.183681828199177e-17,-9.491973407443386e-16,0.0
45.5,-0.011893881745944461,1.1289640924407802e-17,-9.491973407443386e-16,0.0
45.52,-0.011581523584713366,1.0993151388407455e-17,-9.491973407443386e-16,0.0
45.54,-0.011564661156727316,1.0977145616604603e-17,-9.491973407443386e-16,0.0
45.56,-0.011380092929412503,1.0801953946051486e-17,-9.491973407443386e-16,0.0
45.58,-0.010238564988261305,9.718418659925408e-18,-9.491973407443386e-16,0.0
45.6,-0.010424783144785163,9.895176438896166e-18,-9.491973407443386e-16,0.0
45.62,-0.010279949747323039,9.75770096317415e-18,-9.491973407443386e-16,0.0
45.64,-0.010570700264732662,1.0033680581119404e-17,-9.491973407443386e-16,0.0
45.66,-0.010583575801916968,1.0045902006775402e-17,-9.491973407443386e-16,0.0
45.68,-0.010798938585453659,1.0250323788203728e-17,-9.491973407443386e-16,0.0
45.7,-0.010728823816658316,1.0183771036116285e-17,-9.491973407443386e-16,0.0
45.72,-0.01076075387489403,1.0214078962483437e-17,-9.491973407443386e-16,0.0
45.74,-0.010716152017558314,1.0171742998108118e-17,-9.491973407443386e-16,0.0
45.76,-0.010732324397980874,1.0187093778598718e-17,-9.491973407443386e-16,0.0
45.78,-0.011030759116890105,1.0470367220173145e-17,-9.491973407443386e-16,0.0
45.8,-0.01120486650784299,1.0635629492669559e-17,-9.491973407443386e-16,0.0
45.82,-0.011441997033982361,1.0860713157490354e-17,-9.491973407443386e-16,0.0
45.84,-0.011732034085446678,1.1136015555457611e-17,-9.491973407443386e-16,0.0
45.86,-0.011305612776084868,1.0731257582574663e-17,-9.491973407443386e-16,0.0
45.88,-0.011702291106240782,1.110778359868956e-17,-9.491973407443386e-16,0.0
45.9,-0.011827586929238035,1.1226714060684926e-17,-9.491973407443386e-16,0.0
45.92,-0.012563356151753873,1.1925104250098489e-17,-9.491973407443386e-16,0.0
45.94,-0.012495689672706846,1.1860875408129518e-17,-9.491973407443386e-16,0.0
45.96,-0.012637902068082385,1.1995863035640861e-17,-9.491973407443386e-16,0.0
45.98,-0.012585714717918934,1.1946326941645221e-17,-9.491973407443386e-16,0.0
46.0,-0.012346401065076958,1.1719171058763804e-17,-9.491973407443386e-16,0.0
46.02,-0.01308661079000537,1.2421776161258951e-17,-9.491973407443386e-16,0.0
46.04,-0.012773383342966682,1.212446150148169e-17,-9.491973407443386e-16,0.0
46.06,-0.01255429262336887,1.1916501173057684e-17,-9.491973407443386e-16,0.0
46.08,-0.012211208373746297,1.1590846515664671e-17,-9.491973407443386e-16,0.0
46.1,-0.012837283144042755,1.218511502273719e-17,-9.491973407443386e-16,0.0
46.12,-0.013742603597017122,1.3044442789221921e-17,-9.491973407443386e-16,0.0
46.14,-0.014044694466183233,1.3331186638897539e-17,-9.491973407443386e-16,0.0
46.16,-0.014299057999638529,1.357262782843564e-17,-9.491973407443386e-16,0.0
46.18,-0.014466833688515115,1.3731880066158845e-17,-9.491973407443386e-16,0.0
46.2,-0.014830334426428133,1.4076913999944486e-17,-9.491973407443386e-16,0.0
46.22,-0.015423124911280197,1.4639589151784614e-17,-9.491973407443386e-16,0.0
46.24,-0.015222580490019861,1.444923292042319e-17,-9.491973407443386e-16,0.0
46.26,-0.014647573349730155,1.3903437671951194e-17,-9.491973407443386e-16,0.0
46.28,-0.015195597718378267,1.4423620945335074e-17,-9.491973407443386e-16,0.0
46.3,-0.015543883103687255,1.4754212506890483e-17,-9.491973407443386e-16,0.0
46.32,-0.015928152247455505,1.5118959756285413e-17,-9.491973407443386e-16,0.0
46.34,-0.015961780352331215,1.5150879464007708e-17,-9.491973407443386e-16,0.0
46.36,-0.01588531802230411,1.5078301623678863e-17,-9.491973407443386e-16,0.0
46.38,-0.015924644764003928,1.511563046232047e-17,-9.491973407443386e-16,0.0
46.4,-0.015014772762739423,1.4251982378302472e-17,-9.491973407443386e-16,0.0
46.42,-0.014686683623125241,1.3940561039453593e-17,-9.491973407443386e-16,0.0
46.44,-0.014342459648246049,1.3613824557877817e-17,-9.491973407443386e-16,0.0
46.46,-0.014701605383741361,1.395472473494964e-17,-9.491973407443386e-16,0.0
46.48,-0.014993593112121157,1.423187871025772e-17,-9.491973407443386e-16,0.0
46.5,-0.014981618783418301,1.422051270929577e-17,-9.491973407443386e-16,0.0
46.52,-0.01501649678448937,1.4253618815162908e-17,-9.491973407443386e-16,0.0
46.54,-0.015596178739114716,1.4803851384970765e-17,-9.491973407443386e-16,0.0
46.56,-0.01562735755860229,1.4833446237515917e-17,-9.491973407443386e-16,0.0
46.58,-0.015234696164149169,1.4460733086088048e-17,-9.491973407443386e-16,0.0
46.6,-0.015384751895262793,1.4603165587024547e-17,-9.491973407443386e-16,0.0
46.62,-0.015673262513414034,1.487701909855021e-17,-9.491973407443386e-16,0.0
46.64,-0.01622202491025395,1.539790290633115e-17,-9.491973407443386e-16,0.0
46.66,-0.0162695668381296,1.5443029577844576e-17,-9.491973407443386e-16,0.0
46.68,-0.0164302169651245,1.5595518251178376e-17,-9.491973407443386e-16,0.0
46.7,-0.016796102631371226,1.594281595259624e-17,-9.491973407443386e-16,0.0
46.72,-0.016483537297326014,1.564612976871166e-17,-9.491973407443386e-16,0.0
46.74,-0.016389343136190546,1.5556720921448233e-17,-9.491973407443386e-16,0.0
46.76,-0.017314699928915295,1.6435067128342276e-17,-9.491973407443386e-16,0.0
46.78,-0.017556149684721346,1.666425059447675e-17,-9.491973407443386e-16,0.0
46.8,-0.017136193368292075,1.62656291756933e-17,-9.491973407443386e-16,0.0
46.82,-0.017455278827383604,1.6568504244933164e-17,-9.491973407443386e-16,0.0
46.84,-0.01766203569417489,1.6764757313072084e-17,-9.491973407443386e-16,0.0
46.86,-0.01777568869080343,1.687263643523952e-17,-9.491973407443386e-16,0.0
46.88,-0.018174414911026383,1.7251106303160188e-17,-9.491973407443386e-16,0.0
46.9,-0.01887690842352373,1.791791127711282e-17,-9.491973407443386e-16,0.0
46.92,-0.0188510729593436,1.7893388323216146e-17,-9.491973407443386e-16,0.0
46.94,-0.01879965545545211,1.784458296525463e-17,-9.491973407443386e-16,0.0
46.96,-0.0188247869235309,1.7868437687924022e-17,-9.491973407443386e-16,0.0
46.98,-0.01887770963698249,1.7918671786797245e-17,-9.491973407443386e-16,0.0
47.0,-0.018526644079809026,1.7585441293501264e-17,-9.491973407443386e-16,0.0
47.02,-0.018407146326053742,1.747201434341183e-17,-9.491973407443386e-16,0.0
47.04,-0.01853691682703608,1.7595192157851324e-17,-9.491973407443386e-16,0.0
47.06,-0.017688355706610315,1.678974019888415e-17,-9.491973407443386e-16,0.0
47.08,-0.01756483443246582,1.6672494133940845e-17,-9.491973407443386e-16,0.0
47.1,-0.018094278611846277,1.7175041141081342e-17,-9.491973407443386e-16,0.0
47.12,-0.01809015220740757,1.7171124368961286e-17,-9.491973407443386e-16,0.0
47.14,-0.018047491118912504,1.7130630577208512e-17,-9.491973407443386e-16,0.0
47.16,-0.018224447892542628,1.7298597476164924e-17,-9.491973407443386e-16,0.0
47.18,-0.017860663822042964,1.695329460384149e-17,-9.491973407443386e-16,0.0
47.2,-0.017536281694965565,1.6645391951434632e-17,-9.491973407443386e-16,0.0
47.22,-0.01752285877951358,1.663265095578257e-17,-9.491973407443386e-16,0.0
47.24,-0.01753401813714263,1.664324338836848e-17,-9.491973407443386e-16,0.0
47.26,-0.01712737031574214,1.625725435767566e-17,-9.491973407443386e-16,0.0
47.28,-0.01697973216276923,1.6117116615481367e-17,-9.491973407443386e-16,0.0
47.3,-0.016553209069806285,1.571226202987489e-17,-9.491973407443386e-16,0.0
47.32,-0.01706778412312685,1.6200695302100146e-17,-9.491973407443386e-16,0.0
47.34,-0.01742031401295441,1.653531573605736e-17,-9.491973407443386e-16,0.0
47.36,-0.017607796275921787,1.6713273401502724e-17,-9.491973407443386e-16,0.0
47.38,-0.01775677703261845,1.6854685539581278e-17,-9.491973407443386e-16,0.0
47.4,-0.017267213767379063,1.6389993390089935e-17,-9.491973407443386e-16,0.0
47.42,-0.017314789743598808,1.643515238020103e-17,-9.491973407443386e-16,0.0
47.44,-0.017505737128401547,1.6616399130077878e-17,-9.491973407443386e-16,0.0
47.46,-0.017766036838316915,1.686347492252607e-17,-9.491973407443386e-16,0.0
47.48,-0.017872395096550153,1.6964429898407257e-17,-9.491973407443386e-16,0.0
47.5,-0.018008814968092635,1.7093919277700066e-17,-9.491973407443386e-16,0.0
47.52,-0.018110325410444165,1.7190272719637922e-17,-9.491973407443386e-16,0.0
47.54,-0.0182790344971553,1.7350410936103535e-17,-9.491973407443386e-16,0.0
47.56,-0.01863895742550074,1.7692048822561945e-17,-9.491973407443386e-16,0.0
47.58,-0.018092895851736127,1.7173728628861907e-17,-9.491973407443386e-16,0.0
47.6,-0.017847580399706228,1.6940875854151632e-17,-9.491973407443386e-16,0.0
47.62,-0.01781669621756646,1.69115606705935e-17,-9.491973407443386e-16,0.0
47.64,-0.018165679945311188,1.724281509693184e-17,-9.491973407443386e-16,0.0
47.66,-0.01826010430232211,1.7332442445508102e-17,-9.491973407443386e-16,0.0
47.68,-0.019550770706680265,1.855753956431292e-17,-9.491973407443386e-16,0.0
47.7,-0.018849316745997803,1.789172133017854e-17,-9.491973407443386e-16,0.0
47.72,-0.018872600316976462,1.7913822033834518e-17,-9.491973407443386e-16,0.0
47.74,-0.018638436843387444,1.7691554687404364e-17,-9.491973407443386e-16,0.0
47.76,-0.01871878912044225,1.776782485510754e-17,-9.491973407443386e-16,0.0
47.78,-0.017989821299313376,1.707589053780382e-17,-9.491973407443386e-16,0.0
47.8,-0.018017254247187475,1.710192981897469e-17,-9.491973407443386e-16,0.0
47.82,-0.0178395270969099,1.6933231680553148e-17,-9.491973407443386e-16,0.0
47.84,-0.017586047956515093,1.6692629954556235e-17,-9.491973407443386e-16,0.0
47.86,-0.017491154726587188,1.6602557553054026e-17,-9.491973407443386e-16,0.0
47.88,-0.017074202957156233,1.620678804229152e-17,-9.491973407443386e-16,0.0
47.9,-0.017064861688149236,1.61979213345909e-17,-9.491973407443386e-16,0.0
47.92,-0.016767777121727535,1.5915929454167237e-17,-9.491973407443386e-16,0.0
47.94,-0.01650110434952965,1.5662804367948085e-17,-9.491973407443386e-16,0.0
47.96,-0.016837241720113444,1.5981865066231014e-17,-9.491973407443386e-16,0.0
47.98,-0.01712196834696194,1.6252126823274712e-17,-9.491973407443386e-16,0.0
48.0,-0.01768536788019145,1.6786904161992768e-17,-9.491973407443386e-16,0.0
48.02,-0.017810131019294913,1.690532900185269e-17,-9.491973407443386e-16,0.0
48.04,-0.017654606356252177,1.6757705405272366e-17,-9.491973407443386e-16,0.0
48.06,-0.017619816734414248,1.6724683188738302e-17,-9.491973407443386e-16,0.0
48.08,-0.017610342955949675,1.6715690703412928e-17,-9.491973407443386e-16,0.0
48.1,-0.017360025920401475,1.647809043892757e-17,-9.491973407443386e-16,0.0
48.12,-0.017656658748658283,1.6759653530686402e-17,-9.491973407443386e-16,0.0
48.14,-0.018004439294629606,1.7089765900084996e-17,-9.491973407443386e-16,0.0
48.16,-0.017462320478804458,1.6575188161736294e-17,-9.491973407443386e-16,0.0
48.18,-0.01763708823945019,1.6741077255389066e-17,-9.491973407443386e-16,0.0
48.2,-0.017633771222769302,1.6737928751976363e-17,-9.491973407443386e-16,0.0
48.22,-0.017400043386502334,1.651607491133383e-17,-9.491973407443386e-16,0.0
48.24,-0.017645851382159232,1.6749395207145052e-17,-9.491973407443386e-16,0.0
48.26,-0.017754785003912404,1.685279471123081e-17,-9.491973407443386e-16,0.0
48.28,-0.01805391387186427,1.713672703723059e-17,-9.491973407443386e-16,0.0
48.3,-0.017919344082266808,1.7008993750800155e-17,-9.491973407443386e-16,0.0
48.32,-0.017722530781796506,1.6822179089370627e-17,-9.491973407443386e-16,0.0
48.34,-0.017405314916456593,1.6521078633548068e-17,-9.491973407443386e-16,0.0
48.36,-0.017563774307625128,1.6671487866261208e-17,-9.491973407443386e-16,0.0
48.38,-0.01761764244038042,1.6722619354623393e-17,-9.491973407443386e-16,0.0
48.4,-0.01746715694406673,1.6579778921701846e-17,-9.491973407443386e-16,0.0
48.42,-0.018113292559834657,1.719308912994897e-17,-9.491973407443386e-16,0.0
48.44,-0.017838544289998755,1.6932298802846622e-17,-9.491973407443386e-16,0.0
48.46,-0.017525650849360686,1.6635301181056622e-17,-9.491973407443386e-16,0.0
48.48,-0.01726402492867557,1.638696655287252e-17,-9.491973407443386e-16,0.0
48.5,-0.017405367135943636,1.6521128200146306e-17,-9.491973407443386e-16,0.0
48.52,-0.017331303775169664,1.6450827455053063e-17,-9.491973407443386e-16,0.0
48.54,-0.01712575391405764,1.625572007349516e-17,-9.491973407443386e-16,0.0
48.56,-0.016488294237656492,1.5650645043823448e-17,-9.491973407443386e-16,0.0
48.58,-0.016343063334861976,1.5512792257096996e-17,-9.491973407443386e-16,0.0
48.6,-0.016139560112991374,1.5319627540064515e-17,-9.491973407443386e-16,0.0
48.62,-0.015638270656547944,1.4843804921065238e-17,-9.491973407443386e-16,0.0
48.64,-0.016456398503275075,1.5620369697567523e-17,-9.491973407443386e-16,0.0
48.66,-0.016715099177755967,1.5865927689833552e-17,-9.491973407443386e-16,0.0
48.68,-0.01639525211210294,1.556232970567082e-17,-9.491973407443386e-16,0.0
48.7,-0.0164018967043663,1.5568636734977533e-17,-9.491973407443386e-16,0.0
48.72,-0.017332279056446773,1.645175318944778e-17,-9.491973407443386e-16,0.0
48.74,-0.017481527439475834,1.6593419357729354e-17,-9.491973407443386e-16,0.0
48.76,-0.01711075381450354,1.6241482018887512e-17,-9.491973407443386e-16,0.0
48.78,-0.017040124990588667,1.6174441327047614e-17,-9.491973407443386e-16,0.0
48.8,-0.016737458028735632,1.5887150651725544e-17,-9.491973407443386e-16,0.0
48.82,-0.017187148700903185,1.6313995841904522e-17,-9.491973407443386e-16,0.0
48.84,-0.017285451453425995,1.6407304553187023e-17,-9.491973407443386e-16,0.0
48.86,-0.016958006697796093,1.609649486190244e-17,-9.491973407443386e-16,0.0
48.88,-0.016317890445652863,1.5488898217600855e-17,-9.491973407443386e-16,0.0
48.9,-0.015917401125340885,1.510875481976422e-17,-9.491973407443386e-16,0.0
48.92,-0.016594315789714285,1.5751280419098297e-17,-9.491973407443386e-16,0.0
48.94,-0.01693045863639011,1.607034631527322e-17,-9.491973407443386e-16,0.0
48.96,-0.016913916811741734,1.6054644859305926e-17,-9.491973407443386e-16,0.0
48.98,-0.016639666083777697,1.5794326797625266e-17,-9.491973407443386e-16,0.0
49.0,-0.0164753484713699,1.5638356956890322e-17,-9.491973407443386e-16,0.0
49.02,-0.016495082163519425,1.5657088125001718e-17,-9.491973407443386e-16,0.0
49.04,-0.01635776122230366,1.5526743452771205e-17,-9.491973407443386e-16,0.0
49.06,-0.015556413600686018,1.476610642131994e-17,-9.491973407443386e-16,0.0
49.08,-0.015624987024970517,1.4831196133296518e-17,-9.491973407443386e-16,0.0
49.1,-0.015613507640873226,1.4820299932437987e-17,-9.491973407443386e-16,0.0
49.12,-0.01676858856692426,1.5916699675790137e-17,-9.491973407443386e-16,0.0
49.14,-0.017084253504896087,1.6216327995479224e-17,-9.491973407443386e-16,0.0
49.16,-0.016717285661696602,1.5868003094575587e-17,-9.491973407443386e-16,0.0
49.18,-0.017424725221688003,1.653950284365677e-17,-9.491973407443386e-16,0.0
49.2,-0.017073244786790873,1.6205878549528752e-17,-9.491973407443386e-16,0.0
49.22,-0.016614175173896687,1.577013089375306e-17,-9.491973407443386e-16,0.0
49.24,-0.0166410231140573,1.5795614887157974e-17,-9.491973407443386e-16,0.0
49.26,-0.016404622087948656,1.5571223661826417e-17,-9.491973407443386e-16,0.0
49.28,-0.016677902265868037,1.5830620479985634e-17,-9.491973407443386e-16,0.0
49.3,-0.0166645350647902,1.5817932368269356e-17,-9.491973407443386e-16,0.0
49.32,-0.016477859021471516,1.5640739964370588e-17,-9.491973407443386e-16,0.0
49.34,-0.016789586875291463,1.5936631214252422e-17,-9.491973407443386e-16,0.0
49.36,-0.01665472600522858,1.5808621635018267e-17,-9.491973407443386e-16,0.0
49.38,-0.016539651376926447,1.569939310384674e-17,-9.491973407443386e-16,0.0
49.4,-0.016308681168953544,1.5480156796647694e-17,-9.491973407443386e-16,0.0
49.42,-0.015890700976396208,1.5083411109388464e-17,-9.491973407443386e-16,0.0
49.44,-0.015934898674423274,1.5125363446822775e-17,-9.491973407443386e-16,0.0
49.46,-0.015552383535747236,1.4762281094397027e-17,-9.491973407443386e-16,0.0
49.48,-0.01582467784384955,1.5020742127547564e-17,-9.491973407443386e-16,0.0
49.5,-0.01651051303986323,1.5671735071792616e-17,-9.491973407443386e-16,0.0
49.52,-0.016776088110854907,1.5923818222945905e-17,-9.491973407443386e-16,0.0
49.54,-0.016277793252793965,1.545083806876788e-17,-9.491973407443386e-16,0.0
49.56,-0.016532800952690017,1.5692890699378545e-17,-9.491973407443386e-16,0.0
49.58,-0.01672092091527235,1.587145366760262e-17,-9.491973407443386e-16,0.0
49.6,-0.017572267943329955,1.6679550002685497e-17,-9.491973407443386e-16,0.0
49.62,-0.017926360110058055,1.7015653345722212e-17,-9.491973407443386e-16,0.0
49.64,-0.018019142156484945,1.7103721817459433e-17,-9.491973407443386e-16,0.0
49.66,-0.018565256995050967,1.7622092569967324e-17,-9.491973407443386e-16,0.0
49.68,-0.01825860921966352,1.733102331702439e-17,-9.491973407443386e-16,0.0
49.7,-0.017677658197480562,1.677958615166562e-17,-9.491973407443386e-16,0.0
49.72,-0.01773868936067406,1.6837516769471424e-17,-9.491973407443386e-16,0.0
49.74,-0.017123520052737533,1.6253599698270538e-17,-9.491973407443386e-16,0.0
49.76,-0.01707196572701982,1.6204664469395418e-17,-9.491973407443386e-16,0.0
49.78,-0.0162496014065324,1.5424078443265734e-17,-9.491973407443386e-16,0.0
49.8,-0.01651941229605961,1.5680182222108826e-17,-9.491973407443386e-16,0.0
49.82,-0.016285643424142078,1.54582894305359e-17,-9.491973407443386e-16,0.0
49.84,-0.016209907592079107,1.5386401180142666e-17,-9.491973407443386e-16,0.0
49.86,-0.015693562264758203,1.4896287568543898e-17,-9.491973407443386e-16,0.0
49.88,-0.015309928255826824,1.4532143187447143e-17,-9.491973407443386e-16,0.0
49.9,-0.015313277709110404,1.4535322479596864e-17,-9.491973407443386e-16,0.0
49.92,-0.015572650762583361,1.4781518692214134e-17,-9.491973407443386e-16,0.0
49.94,-0.015419082071168683,1.4635751698701732e-17,-9.491973407443386e-16,0.0
49.96,-0.015477327520010981,1.46910381238533e-17,-9.491973407443386e-16,0.0
49.98,-0.014701479732499238,1.3954605467124774e-17,-9.491973407443386e-16,0.0
50.0,-0.014999586115253453,1.4237567252893988e-17,-9.491973407443386e-16,0.0
50.02,-0.015365132890747311,1.4584543280110425e-17,-9.491973407443386e-16,0.0
50.04,-0.01588559079475924,1.5078560538567922e-17,-9.491973407443386e-16,0.0
50.06,-0.016214294187605772,1.5390564924951495e-17,-9.491973407443386e-16,0.0
50.08,-0.01656431861180786,1.5722807177599684e-17,-9.491973407443386e-16,0.0
50.1,-0.01694150876199313,1.60808350651105e-17,-9.491973407443386e-16,0.0
50.12,-0.016054704660552522,1.5239082970261905e-17,-9.491973407443386e-16,0.0
50.14,-0.016153249114242787,1.533262110364981e-17,-9.491973407443386e-16,0.0
50.16,-0.01642070360216082,1.5586488192351744e-17,-9.491973407443386e-16,0.0
50.18,-0.016467494954803295,1.5630902419849814e-17,-9.491973407443386e-16,0.0
50.2,-0.01615166642685356,1.5331118820988727e-17,-9.491973407443386e-16,0.0
50.22,-0.016412101901847994,1.557832348128893e-17,-9.491973407443386e-16,0.0
50.24,-0.01685052052988309,1.5994469277152625e-17,-9.491973407443386e-16,0.0
50.26,-0.016515990940037535,1.567693468007093e-17,-9.491973407443386e-16,0.0
50.28,-0.01638825539921504,1.5555688444403676e-17,-9.491973407443386e-16,0.0
50.3,-0.016760257246376104,1.590879160848094e-17,-9.491973407443386e-16,0.0
50.32,-0.016040832405097048,1.522591546227344e-17,-9.491973407443386e-16,0.0
50.34,-0.016163171409859296,1.5342039320263077e-17,-9.491973407443386e-16,0.0
50.36,-0.01642177671653972,1.558750678966651e-17,-9.491973407443386e-16,0.0
50.38,-0.016325373644978054,1.5496001250500592e-17,-9.491973407443386e-16,0.0
50.4,-0.01620868551759635,1.5385241190293444e-17,-9.491973407443386e-16,0.0
50.42,-0.016562456919459834,1.572104006417366e-17,-9.491973407443386e-16,0.0
50.44,-0.017270303372689914,1.639292603523496e-17,-9.491973407443386e-16,0.0
50.46,-0.017190335088895642,1.6317020352913547e-17,-9.491973407443386e-16,0.0
50.48,-0.017109430647941785,1.624022607270574e-17,-9.491973407443386e-16,0.0
50.5,-0.01681438749084134,1.596017189258118e-17,-9.491973407443386e-16,0.0
50.52,-0.017841560021221264,1.6935161326903436e-17,-9.491973407443386e-16,0.0
50.54,-0.017156397183200615,1.628480658307739e-17,-9.491973407443386e-16,0.0
50.56,-0.017243028342135976,1.6367036648764435e-17,-9.491973407443386e-16,0.0
50.58,-0.017454337845190345,1.656761106713765e-17,-9.491973407443386e-16,0.0
50.6,-0.01781218297342872,1.690727671125983e-17,-9.491973407443386e-16,0.0
50.62,-0.018594653244606213,1.764999541187301e-17,-9.491973407443386e-16,0.0
50.64,-0.018413794161429492,1.7478324451072207e-17,-9.491973407443386e-16,0.0
50.66,-0.018726704494588676,1.7775338107198328e-17,-9.491973407443386e-16,0.0
50.68,-0.018476051696113764,1.7537419137435817e-17,-9.491973407443386e-16,0.0
50.7,-0.017809222779211424,1.6904466902780687e-17,-9.491973407443386e-16,0.0
50.72,-0.018224190612135236,1.729835326628641e-17,-9.491973407443386e-16,0.0
50.74,-0.018386263751603685,1.745219265927595e-17,-9.491973407443386e-16,0.0
50.76,-0.018493546303822297,1.755402497255012e-17,-9.491973407443386e-16,0.0
50.78,-0.018904457512078494,1.7944060798708947e-17,-9.491973407443386e-16,0.0
50.8,-0.018905944020130006,1.794547178819844e-17,-9.491973407443386e-16,0.0
50.82,-0.019044114279569074,1.8076622631027957e-17,-9.491973407443386e-16,0.0
50.84,-0.01844979475890394,1.7512496122460162e-17,-9.491973407443386e-16,0.0
50.86,-0.01945223970345792,1.84640141980734e-17,-9.491973407443386e-16,0.0
50.88,-0.01957163243533688,1.857734146167711e-17,-9.491973407443386e-16,0.0
50.9,-0.019591460336787797,1.8596162053006864e-17,-9.491973407443386e-16,0.0
50.92,-0.019020006836787853,1.8053739910447875e-17,-9.491973407443386e-16,0.0
50.94,-0.018539613158594113,1.7597751508595988e-17,-9.491973407443386e-16,0.0
50.96,-0.018643351936038215,1.7696220080277995e-17,-9.491973407443386e-16,0.0
50.98,-0.019070126628894353,1.8101313483834024e-17,-9.491973407443386e-16,0.0
51.0,-0.018674432337296522,1.7725721514501648e-17,-9.491973407443386e-16,0.0
51.02,-0.01871074424549347,1.7760188681199543e-17,-9.491973407443386e-16,0.0
51.04,-0.018105953109778986,1.7186122543473607e-17,-9.491973407443386e-16,0.0
51.06,-0.017277948005805684,1.640018230065941e-17,-9.491973407443386e-16,0.0
51.08,-0.016713124697228715,1.586405351816773e-17,-9.491973407443386e-16,0.0
51.1,-0.017484531078509235,1.6596270403912414e-17,-9.491973407443386e-16,0.0
51.12,-0.017004152611394457,1.6140296440376225e-17,-9.491973407443386e-16,0.0
51.14,-0.016782481665604237,1.5929886968111865e-17,-9.491973407443386e-16,0.0
51.16,-0.016424187403004144,1.5589795006847902e-17,-9.491973407443386e-16,0.0
51.18,-0.01596738348433701,1.5156197942007464e-17,-9.491973407443386e-16,0.0
51.2,-0.015908047279295456,1.5099876173972164e-17,-9.491973407443386e-16,0.0
51.22,-0.015574491315246476,1.4783265739907458e-17,-9.491973407443386e-16,0.0
51.24,-0.015240915384234194,1.4466636353254284e-17,-9.491973407443386e-16,0.0
51.26,-0.015506575083632474,1.4718799833466072e-17,-9.491973407443386e-16,0.0
51.28,-0.015528312996107197,1.4739433402180414e-17,-9.491973407443386e-16,0.0
51.3,-0.015540539769146346,1.475103902263506e-17,-9.491973407443386e-16,0.0
51.32,-0.015156735471186638,1.4386733003645457e-17,-9.491973407443386e-16,0.0
51.34,-0.014822308468695627,1.406929578220789e-17,-9.491973407443386e-16,0.0
51.36,-0.014616153447257287,1.3873613984077526e-17,-9.491973407443386e-16,0.0
51.38,-0.014217992963106042,1.3495681111331687e-17,-9.491973407443386e-16,0.0
51.4,-0.01423414253402182,1.3511010241099105e-17,-9.491973407443386e-16,0.0
51.42,-0.014253039190420232,1.3528946897101437e-17,-9.491973407443386e-16,0.0
51.44,-0.014567232596684535,1.3827178442806919e-17,-9.491973407443386e-16,0.0
51.46,-0.01405866597499132,1.3344448357904388e-17,-9.491973407443386e-16,0.0
51.48,-0.014350706729223235,1.3621652665210292e-17,-9.491973407443386e-16,0.0
51.5,-0.014268204898306349,1.3543342146697445e-17,-9.491973407443386e-16,0.0
51.52,-0.014973266310301648,1.4212584564024832e-17,-9.491973407443386e-16,0.0
51.54,-0.014547067498713019,1.3808037785436507e-17,-9.491973407443386e-16,0.0
51.56,-0.014660080297510524,1.3915309233525174e-17,-9.491973407443386e-16,0.0
51.58,-0.014273118310798638,1.3548005944769105e-17,-9.491973407443386e-16,0.0
51.6,-0.014044403505363847,1.3330910459661541e-17,-9.491973407443386e-16,0.0
51.62,-0.01366369558809462,1.2969543516989275e-17,-9.491973407443386e-16,0.0
51.64,-0.013898949443775918,1.3192845851201815e-17,-9.491973407443386e-16,0.0
51.66,-0.013738010617627968,1.3040083145399665e-17,-9.491973407443386e-16,0.0
51.68,-0.013343285641768609,1.2665411247988586e-17,-9.491973407443386e-16,0.0
51.7,-0.013810737767741535,1.3109115562887375e-17,-9.491973407443386e-16,0.0
51.72,-0.01354632191927095,1.2858132742668438e-17,-9.491973407443386e-16,0.0
51.74,-0.01329523755257002,1.261980412949344e-17,-9.491973407443386e-16,0.0
51.76,-0.013531839636287091,1.2844386198172253e-17,-9.491973407443386e-16,0.0
51.78,-0.013496416718620322,1.281076285892155e-17,-9.491973407443386e-16,0.0
51.8,-0.013160220055886636,1.2491645880687614e-17,-9.491973407443386e-16,0.0
51.82,-0.01230604943168938,1.1680869395657646e-17,-9.491973407443386e-16,0.0
51.84,-0.012417931846418333,1.1787067886194423e-17,-9.491973407443386e-16,0.0
51.86,-0.012548014682222169,1.1910542168015908e-17,-9.491973407443386e-16,0.0
51.88,-0.012881146107350644,1.2226749630866227e-17,-9.491973407443386e-16,0.0
51.9,-0.012719002220209294,1.2072843084373707e-17,-9.491973407443386e-16,0.0
51.92,-0.012595618645983051,1.1955727723826626e-17,-9.491973407443386e-16,0.0
51.94,-0.012469407081917716,1.1835928042844626e-17,-9.491973407443386e-16,0.0
51.96,-0.013017977773204821,1.235662988422463e-17,-9.491973407443386e-16,0.0
51.98,-0.013483125796519588,1.2798147151007494e-17,-9.491973407443386e-16,0.0
52.0,-0.013021913255998024,1.2360365434026486e-17,-9.491973407443386e-16,0.0
52.02,-0.012548858631841874,1.1911343242750655e-17,-9.491973407443386e-16,0.0
52.04,-0.012501241435376238,1.1866145126491772e-17,-9.491973407443386e-16,0.0
52.06,-0.012708175542676918,1.206256643085088e-17,-9.491973407443386e-16,0.0
52.08,-0.01265900639421501,1.2015895205884175e-17,-9.491973407443386e-16,0.0
52.1,-0.012592762745339712,1.1953016910530541e-17,-9.491973407443386e-16,0.0
52.12,-0.010991711788753338,1.0433303600142575e-17,-9.491973407443386e-16,0.0
52.14,-0.008610095995065188,8.172680222099064e-18,-9.491973407443386e-16,0.0
52.16,-0.006634799452651858,6.297733996858844e-18,-9.491973407443386e-16,0.0
52.18,-0.0040728483866746615,3.865936857916166e-18,-9.491973407443386e-16,0.0
52.2,-0.001230432004676439,1.1679227868353094e-18,-9.491973407443386e-16,0.0
52.22,-1.4797894621560847e-05,1.4046122253108423e-20,-9.491973407443386e-16,0.0
52.24,0.0017163314264897654,-1.6291372258303147e-18,-9.491973407443386e-16,0.0
52.26,0.003844885041369937,-3.649554656706322e-18,-9.491973407443386e-16,0.0
52.28,0.005840808700716807,-5.5440800864870806e-18,-9.491973407443386e-16,0.0
52.3,0.008591382130022605,-8.15491707110618e-18,-9.491973407443386e-16,0.0
52.32,0.010726212601632161,-1.0181292477697953e-17,-9.491973407443386e-16,0.0
52.34,0.012193588939127784,-1.1574122195119965e-17,-9.491973407443386e-16,0.0
52.36,0.014596420193708968,-1.3854883232225808e-17,-9.491973407443386e-16,0.0
52.38,0.016195559678159565,-1.537278217834559e-17,-9.491973407443386e-16,0.0
52.4,0.01755275032768799,-1.6661023933761052e-17,-9.491973407443386e-16,0.0
52.42,0.018648181296222772,-1.770080409606326e-17,-9.491973407443386e-16,0.0
52.44,0.02047702530506785,-1.9436737965895223e-17,-9.491973407443386e-16,0.0
52.46,0.023170538185175355,-2.1993413228953893e-17,-9.491973407443386e-16,0.0
52.48,0.025028101014410217,-2.3756606926729154e-17,-9.491973407443386e-16,0.0
52.5,0.026221408210561205,-2.4889290944006756e-17,-9.491973407443386e-16,0.0
52.52,0.0277483586566621,-2.633866824689411e-17,-9.491973407443386e-16,0.0
52.54,0.029913622543785795,-2.839393097056167e-17,-9.491973407443386e-16,0.0
52.56,0.03222951318783878,-3.0592168211351456e-17,-9.491973407443386e-16,0.0
52.58,0.034991531741616386,-3.3213868877683684e-17,-9.491973407443386e-16,0.0
52.6,0.03663019176847752,-3.4769280617564316e-17,-9.491973407443386e-16,0.0
52.62,0.03837533083588665,-3.6425761979578125e-17,-9.491973407443386e-16,0.0
52.64,0.040805750110007206,-3.873270949146714e-17,-9.491973407443386e-16,0.0
52.66,0.04316445169423014,-4.0971582762821005e-17,-9.491973407443386e-16,0.0
52.68,0.04557106342113162,-4.325593221420003e-17,-9.491973407443386e-16,0.0
52.7,0.047302182042034645,-4.489910540567419e-17,-9.491973407443386e-16,0.0
52.72,0.049029628179019034,-4.6538792685178857e-17,-9.491973407443386e-16,0.0
52.74,0.05109087508103098,-4.849532276318611e-17,-9.491973407443386e-16,0.0
52.76,0.05280677207000092,-5.012404762210759e-17,-9.491973407443386e-16,0.0
52.78,0.0551945912131374,-5.2390559202951166e-17,-9.491973407443386e-16,0.0
52.8,0.056710172611063786,-5.382914503554448e-17,-9.491973407443386e-16,0.0
52.82,0.05883001953513337,-5.58412980986564e-17,-9.491973407443386e-16,0.0
52.84,0.060993748576766024,-5.78951039510654e-17,-9.491973407443386e-16,0.0
52.86,0.06285015910664482,-5.965720388935615e-17,-9.491973407443386e-16,0.0
52.88,0.06489579471453469,-6.159891576849715e-17,-9.491973407443386e-16,0.0
52.9,0.06704510519843473,-6.363903556424901e-17,-9.491973407443386e-16,0.0
52.92,0.06943451650959125,-6.590705842674321e-17,-9.491973407443386e-16,0.0
52.94,0.07099302048783017,-6.738638625842706e-17,-9.491973407443386e-16,0.0
52.96,0.07378868449525006,-7.004002309988469e-17,-9.491973407443386e-16,0.0
52.98,0.07511430772823567,-7.129830114746354e-17,-9.491973407443386e-16,0.0
53.0,0.07735162507617058,-7.342195682452454e-17,-9.491973407443386e-16,0.0
53.02,0.07902062136689059,-7.500616366538813e-17,-9.491973407443386e-16,0.0
53.04,0.0812080306430784,-7.70824467334651e-17,-9.491973407443386e-16,0.0
53.06,0.08323442783347267,-7.900589755787916e-17,-9.491973407443386e-16,0.0
53.08,0.0844839298321314,-8.019192153226077e-17,-9.491973407443386e-16,0.0
53.1,0.08589435889199494,-8.153069704519177e-17,-9.491973407443386e-16,0.0
53.12,0.08820485576675245,-8.372381453450971e-17,-9.491973407443386e-16,0.0
53.14,0.09012687668905253,-8.554819168281194e-17,-9.491973407443386e-16,0.0
53.16,0.09230495868232827,-8.76156213187524e-17,-9.491973407443386e-16,0.0
53.18,0.0943279564005513,-8.953584537322157e-17,-9.491973407443386e-16,0.0
53.2,0.09576215275143053,-9.089718073558137e-17,-9.491973407443386e-16,0.0
53.22,0.09797505932152276,-9.299766576722859e-17,-9.491973407443386e-16,0.0
53.24,0.10040829712788896,-9.530728862242996e-17,-9.491973407443386e-16,0.0
53.26,0.10275873101263391,-9.753831421542526e-17,-9.491973407443386e-16,0.0
53.28,0.10523433591252596,-9.988815180313644e-17,-9.491973407443386e-16,0.0
53.3,0.10748718164732196,-1.0202654698371204e-16,-9.491973407443386e-16,0.0
53.32,0.10909966384250758,-1.0355711079537983e-16,-9.491973407443386e-16,0.0
53.34,0.11085821327886203,-1.0522632124393494e-16,-9.491973407443386e-16,0.0
53.36,0.11228053812083837,-1.0657638820161349e-16,-9.491973407443386e-16,0.0
53.38,0.11428074982771579,-1.0847498383470722e-16,-9.491973407443386e-16,0.0
53.4,0.11580305051414573,-1.0991994759807981e-16,-9.491973407443386e-16,0.0
53.42,0.11769670479132967,-1.1171739920227195e-16,-9.491973407443386e-16,0.0
53.44,0.11951768893606629,-1.1344587250999354e-16,-9.491973407443386e-16,0.0
53.46,0.12244728488671876,-1.1622663719580824e-16,-9.491973407443386e-16,0.0
53.48,0.12398300289411696,-1.176843366445638e-16,-9.491973407443386e-16,0.0
53.5,0.12592625888842507,-1.1952887006674655e-16,-9.491973407443386e-16,0.0
53.52,0.12784252719139524,-1.213477868440785e-16,-9.491973407443386e-16,0.0
53.54,0.12971546595088096,-1.2312557533395933e-16,-9.491973407443386e-16,0.0
53.56,0.13162660951469043,-1.2493962772250794e-16,-9.491973407443386e-16,0.0
53.58,0.13401286286659195,-1.2720465305847511e-16,-9.491973407443386e-16,0.0
53.6,0.13525018505960087,-1.2837911599372314e-16,-9.491973407443386e-16,0.0
53.62,0.13702006085391993,-1.3005907739113856e-16,-9.491973407443386e-16,0.0
53.64,0.13875114887066922,-1.3170222153323138e-16,-9.491973407443386e-16,0.0
53.66,0.1410352837119878,-1.3387031625051247e-16,-9.491973407443386e-16,0.0
53.68,0.14353743137108022,-1.3624534815467265e-16,-9.491973407443386e-16,0.0
53.7,0.14519244045029747,-1.378162783715734e-16,-9.491973407443386e-16,0.0
53.72,0.14782135412095954,-1.4031163623681227e-16,-9.491973407443386e-16,0.0
53.74,0.14935714140303982,-1.4176940144091185e-16,-9.491973407443386e-16,0.0
53.76,0.15142391347796605,-1.4373117599835648e-16,-9.491973407443386e-16,0.0
53.78,0.1535653967970324,-1.4576386627006263e-16,-9.491973407443386e-16,0.0
53.8,0.1555926802362308,-1.4768815831948478e-16,-9.491973407443386e-16,0.0
53.82,0.15777789437925668,-1.4976235777300187e-16,-9.491973407443386e-16,0.0
53.84,0.16026247817602948,-1.5212071810575509e-16,-9.491973407443386e-16,0.0
53.86,0.16253123287332633,-1.5427421403123049e-16,-9.491973407443386e-16,0.0
53.88,0.16412806518610173,-1.5578992301613153e-16,-9.491973407443386e-16,0.0
53.9,0.16686321443292793,-1.5838611940775785e-16,-9.491973407443386e-16,0.0
53.92,0.16862044793560235,-1.6005408077556329e-16,-9.491973407443386e-16,0.0
53.94,0.17098014270482684,-1.6229389677547949e-16,-9.491973407443386e-16,0.0
53.96,0.17277962916097936,-1.640019645343649e-16,-9.491973407443386e-16,0.0
53.98,0.173846188374116,-1.650143397032206e-16,-9.491973407443386e-16,0.0
54.0,0.17565692874561215,-1.6673308964862315e-16,-9.491973407443386e-16,0.0
54.02,0.17754035091644454,-1.685208289646762e-16,-9.491973407443386e-16,0.0
54.04,0.17991480953804828,-1.7077465877400993e-16,-9.491973407443386e-16,0.0
54.06,0.18154823931835704,-1.7232510597777162e-16,-9.491973407443386e-16,0.0
54.08,0.18376894863509713,-1.7443299735578748e-16,-9.491973407443386e-16,0.0
54.1,0.18547202091576903,-1.7604954903569665e-16,-9.491973407443386e-16,0.0
54.12,0.1869415231555086,-1.7744439665387531e-16,-9.491973407443386e-16,0.0
54.14,0.1893958895419004,-1.797740747010507e-16,-9.491973407443386e-16,0.0
54.16,0.19164397254819457,-1.8190794911239768e-16,-9.491973407443386e-16,0.0
54.18,0.19318246216322668,-1.8336827936374894e-16,-9.491973407443386e-16,0.0
54.2,0.1951191798514802,-1.8520660664321171e-16,-9.491973407443386e-16,0.0
54.22,0.196768449033979,-1.8677208856541115e-16,-9.491973407443386e-16,0.0
54.24,0.1987043655434345,-1.8860965536808939e-16,-9.491973407443386e-16,0.0
54.26,0.20092799135057882,-1.9072031507104123e-16,-9.491973407443386e-16,0.0
54.28,0.2023977093142186,-1.9211536745377228e-16,-9.491973407443386e-16,0.0
54.3,0.2045276273687469,-1.941370800071339e-16,-9.491973407443386e-16,0.0
54.32,0.2064511304057717,-1.959628639747915e-16,-9.491973407443386e-16,0.0
54.34,0.20843716697618564,-1.978480046060494e-16,-9.491973407443386e-16,0.0
54.36,0.21011814529172956,-1.994435847530126e-16,-9.491973407443386e-16,0.0
54.38,0.21209127093035565,-2.0131647036215096e-16,-9.491973407443386e-16,0.0
54.4,0.21387545569427435,-2.0301001379545914e-16,-9.491973407443386e-16,0.0
54.42,0.21592725951048228,-2.0495758052153278e-16,-9.491973407443386e-16,0.0
54.44,0.21724971835480755,-2.0621285493981017e-16,-9.491973407443386e-16,0.0
54.46,0.219098461162946,-2.079676766970154e-16,-9.491973407443386e-16,0.0
54.48,0.22078618653764875,-2.0956966113458998e-16,-9.491973407443386e-16,0.0
54.5,0.22261624704709623,-2.1130674970355876e-16,-9.491973407443386e-16,0.0
54.52,0.22514147462840706,-2.1370368900851325e-16,-9.491973407443386e-16,0.0
54.54,0.22714043089256347,-2.1560109297871476e-16,-9.491973407443386e-16,0.0
54.56,0.2290795803376492,-2.1744172847529598e-16,-9.491973407443386e-16,0.0
54.58,0.23113276127432425,-2.193906023604549e-16,-9.491973407443386e-16,0.0
54.6,0.23255203122070922,-2.2073776961936186e-16,-9.491973407443386e-16,0.0
54.62,0.23445142952635695,-2.2254067344009697e-16,-9.491973407443386e-16,0.0
54.64,0.2361043779954065,-2.241096477313062e-16,-9.491973407443386e-16,0.0
54.66,0.238164299042006,-2.2606491931088175e-16,-9.491973407443386e-16,0.0
54.68,0.24090654266339614,-2.286678496639784e-16,-9.491973407443386e-16,0.0
54.7,0.24290870325704803,-2.305682951752159e-16,-9.491973407443386e-16,0.0
54.72,0.24457161350172724,-2.321467251573619e-16,-9.491973407443386e-16,0.0
54.74,0.24606753622797797,-2.335666510310781e-16,-9.491973407443386e-16,0.0
54.76,0.24821386583175967,-2.3560394138334856e-16,-9.491973407443386e-16,0.0
54.78,0.2500945890603223,-2.373891188705763e-16,-9.491973407443386e-16,0.0
54.8,0.2531612072625938,-2.4029994471325063e-16,-9.491973407443386e-16,0.0
54.82,0.255694618189239,-2.427046516278349e-16,-9.491973407443386e-16,0.0
54.84,0.2576620944997728,-2.445721749097711e-16,-9.491973407443386e-16,0.0
54.86,0.2596127252995038,-2.4642370847764976e-16,-9.491973407443386e-16,0.0
54.88,0.2612844477376541,-2.480105029704047e-16,-9.491973407443386e-16,0.0
54.9,0.26300662003309555,-2.496451843335413e-16,-9.491973407443386e-16,0.0
54.92,0.26464605457560997,-2.512013312416204e-16,-9.491973407443386e-16,0.0
54.94,0.2670129360491784,-2.534479688421886e-16,-9.491973407443386e-16,0.0
54.96,0.269289128066924,-2.556085242524562e-16,-9.491973407443386e-16,0.0
54.98,0.27117472871443593,-2.573983313727803e-16,-9.491973407443386e-16,0.0
55.0,0.27325317493796775,-2.593711870010368e-16,-9.491973407443386e-16,0.0
55.02,0.27517002699120013,-2.611906578725653e-16,-9.491973407443386e-16,0.0
55.04,0.2777279293973631,-2.6361861203437873e-16,-9.491973407443386e-16,0.0
55.06,0.2798156192580875,-2.6560024169847726e-16,-9.491973407443386e-16,0.0
55.08,0.28169434852078745,-2.673835265186106e-16,-9.491973407443386e-16,0.0
55.1,0.283431408127295,-2.6903233887782197e-16,-9.491973407443386e-16,0.0
55.12,0.2850691297860022,-2.705868599211462e-16,-9.491973407443386e-16,0.0
55.14,0.28671192447062155,-2.7214619626717586e-16,-9.491973407443386e-16,0.0
55.16,0.2891372883869892,-2.744483452469293e-16,-9.491973407443386e-16,0.0
55.18,0.29056046902047067,-2.7579922451962873e-16,-9.491973407443386e-16,0.0
55.2,0.29264708900229486,-2.7777983865752024e-16,-9.491973407443386e-16,0.0
55.22,0.2944426178561805,-2.794841498708582e-16,-9.491973407443386e-16,0.0
55.24,0.29661579647443104,-2.815469252362641e-16,-9.491973407443386e-16,0.0
55.26,0.29944542515338046,-2.8423280125361685e-16,-9.491973407443386e-16,0.0
55.28,0.30106426309369166,-2.8576939792165633e-16,-9.491973407443386e-16,0.0
55.3,0.3030618944707278,-2.8766554431252647e-16,-9.491973407443386e-16,0.0
55.32,0.3045039447209941,-2.89034334575299e-16,-9.491973407443386e-16,0.0
55.34,0.307171542397747,-2.915664111962486e-16,-9.491973407443386e-16,0.0
55.36,0.30930085657256684,-2.935875505485968e-16,-9.491973407443386e-16,0.0
55.38,0.31113172802383865,-2.9532540886138873e-16,-9.491973407443386e-16,0.0
55.4,0.31278359394023136,-2.968933555964949e-16,-9.491973407443386e-16,0.0
55.42,0.31528611335838597,-2.9926874037336837e-16,-9.491973407443386e-16,0.0
55.44,0.31803497840920775,-3.0187795576967345e-16,-9.491973407443386e-16,0.0
55.46,0.3198562577451763,-3.0360670927212743e-16,-9.491973407443386e-16,0.0
55.48,0.3214503529170436,-3.0511982017015725e-16,-9.491973407443386e-16,0.0
55.5,0.32353411451036745,-3.0709772113328543e-16,-9.491973407443386e-16,0.0
55.52,0.3252074439566202,-3.086860409938577e-16,-9.491973407443386e-16,0.0
55.54,0.3269239142243941,-3.103153100074954e-16,-9.491973407443386e-16,0.0
55.56,0.32890218906511776,-3.121930832255717e-16,-9.491973407443386e-16,0.0
55.58,0.33066536828319143,-3.1386668825062296e-16,-9.491973407443386e-16,0.0
55.6,0.3320956840997022,-3.1522434022007955e-16,-9.491973407443386e-16,0.0
55.62,0.33441687870960063,-3.1742761197114523e-16,-9.491973407443386e-16,0.0
55.64,0.3358038049319917,-3.1874407865324743e-16,-9.491973407443386e-16,0.0
55.66,0.3378680641653953,-3.207034680282011e-16,-9.491973407443386e-16,0.0
55.68,0.33999635523464483,-3.227236362514627e-16,-9.491973407443386e-16,0.0
55.7,0.34139474214035526,-3.240509813836947e-16,-9.491973407443386e-16,0.0
55.72,0.34335784351485427,-3.259143519879807e-16,-9.491973407443386e-16,0.0
55.74,0.34577988674640286,-3.282133489825345e-16,-9.491973407443386e-16,0.0
55.76,0.34819569480020385,-3.3050642756295117e-16,-9.491973407443386e-16,0.0
55.78,0.350522506857945,-3.3271503138057094e-16,-9.491973407443386e-16,0.0
55.8,0.35180657852813724,-3.339338687952426e-16,-9.491973407443386e-16,0.0
55.82,0.35386933898107054,-3.3589183553175944e-16,-9.491973407443386e-16,0.0
55.84,0.3552919236866398,-3.3724214915126937e-16,-9.491973407443386e-16,0.0
55.86,0.3577440873221714,-3.3956973635318593e-16,-9.491973407443386e-16,0.0
55.88,0.3600586771012635,-3.417667388164142e-16,-9.491973407443386e-16,0.0
55.9,0.3618275201328919,-3.4344571991823e-16,-9.491973407443386e-16,0.0
55.92,0.3641767432610237,-3.4567559626426786e-16,-9.491973407443386e-16,0.0
55.94,0.3662675123863256,-3.4766014875811475e-16,-9.491973407443386e-16,0.0
55.96,0.36817590739120987,-3.4947159222184064e-16,-9.491973407443386e-16,0.0
55.98,0.3704454995217246,-3.5162588303669955e-16,-9.491973407443386e-16,0.0
56.0,0.3728570544826602,-3.539149245926784e-16,-9.491973407443386e-16,0.0
56.02,0.3747938078754301,-3.5575328576277314e-16,-9.491973407443386e-16,0.0
56.04,0.3770862674396633,-3.579292822849072e-16,-9.491973407443386e-16,0.0
56.06,0.37897303731880105,-3.597201992367813e-16,-9.491973407443386e-16,0.0
56.08,0.3812205390150109,-3.6185352187014206e-16,-9.491973407443386e-16,0.0
56.1,0.38233711232199696,-3.6291337028387934e-16,-9.491973407443386e-16,0.0
56.12,0.3843507641392515,-3.6482472323400235e-16,-9.491973407443386e-16,0.0
56.14,0.3863770090360438,-3.6674802950173435e-16,-9.491973407443386e-16,0.0
56.16,0.38846610559580974,-3.6873099440082237e-16,-9.491973407443386e-16,0.0
56.18,0.3896249537336702,-3.6983096997160605e-16,-9.491973407443386e-16,0.0
56.2,0.3916856060814698,-3.71786935700336e-16,-9.491973407443386e-16,0.0
56.22,0.3928090529917305,-3.728533085200229e-16,-9.491973407443386e-16,0.0
56.24,0.39539782676307156,-3.7531056569956853e-16,-9.491973407443386e-16,0.0
56.26,0.39757232818179905,-3.7737459666366946e-16,-9.491973407443386e-16,0.0
56.28,0.39954372438278835,-3.7924584069520197e-16,-9.491973407443386e-16,0.0
56.3,0.40120795325832576,-3.80825522318252e-16,-9.491973407443386e-16,0.0
56.32,0.4031009848450968,-3.826223828663602e-16,-9.491973407443386e-16,0.0
56.34,0.40493245299594294,-3.8436080756480128e-16,-9.491973407443386e-16,0.0
56.36,0.4069129465078656,-3.8624068673967965e-16,-9.491973407443386e-16,0.0
56.38,0.40925345526274726,-3.884622914258022e-16,-9.491973407443386e-16,0.0
56.4,0.4115553870442703,-3.9064727895139875e-16,-9.491973407443386e-16,0.0
56.42,0.41397547832467463,-3.929444231591171e-16,-9.491973407443386e-16,0.0
56.44,0.41531165932195907,-3.9421272260849263e-16,-9.491973407443386e-16,0.0
56.46,0.41746092784346,-3.9625280257364684e-16,-9.491973407443386e-16,0.0
56.48,0.41913245122937937,-3.978394081265535e-16,-9.491973407443386e-16,0.0
56.5,0.4211033234157031,-3.9971015476475893e-16,-9.491973407443386e-16,0.0
56.52,0.42320353638593206,-4.01703671331097e-16,-9.491973407443386e-16,0.0
56.54,0.4250139770233642,-4.034221367697231e-16,-9.491973407443386e-16,0.0
56.56,0.42688620246061987,-4.0519924817604003e-16,-9.491973407443386e-16,0.0
56.58,0.4289658091830318,-4.071732053467475e-16,-9.491973407443386e-16,0.0
56.6,0.43067762519910574,-4.087980565570485e-16,-9.491973407443386e-16,0.0
56.62,0.43277035847393186,-4.1078447341640066e-16,-9.491973407443386e-16,0.0
56.64,0.43451215094351536,-4.124377781966578e-16,-9.491973407443386e-16,0.0
56.66,0.43646115843251265,-4.1428777092230484e-16,-9.491973407443386e-16,0.0
56.68,0.43815025422831955,-4.158910561599472e-16,-9.491973407443386e-16,0.0
56.7,0.43997597588292064,-4.176240262994339e-16,-9.491973407443386e-16,0.0
56.72,0.4416138371018909,-4.191786798129887e-16,-9.491973407443386e-16,0.0
56.74,0.4435712551964429,-4.210366558630624e-16,-9.491973407443386e-16,0.0
56.76,0.44608195294510616,-4.2341980348950637e-16,-9.491973407443386e-16,0.0
56.78,0.44818274244574247,-4.2541386729697396e-16,-9.491973407443386e-16,0.0
56.8,0.45040841497732687,-4.275264697453216e-16,-9.491973407443386e-16,0.0
56.82,0.45175914145375556,-4.2880857572482065e-16,-9.491973407443386e-16,0.0
56.84,0.45395806398494365,-4.308957871439272e-16,-9.491973407443386e-16,0.0
56.86,0.45599059828318694,-4.3282506329479144e-16,-9.491973407443386e-16,0.0
56.88,0.45849225266856797,-4.351996269848565e-16,-9.491973407443386e-16,0.0
56.9,0.4611290623663375,-4.377024797380282e-16,-9.491973407443386e-16,0.0
56.92,0.4625235862714679,-4.3902615812038236e-16,-9.491973407443386e-16,0.0
56.94,0.4648841740882795,-4.412668217986934e-16,-9.491973407443386e-16,0.0
56.96,0.4665896874498916,-4.4288569054613957e-16,-9.491973407443386e-16,0.0
56.98,0.4687756540550948,-4.449606042347544e-16,-9.491973407443386e-16,0.0
57.0,0.47110359918942507,-4.471702835656594e-16,-9.491973407443386e-16,0.0
57.02,0.47287294411571595,-4.488497410645542e-16,-9.491973407443386e-16,0.0
57.04,0.47486355254720736,-4.507392212941891e-16,-9.491973407443386e-16,0.0
57.06,0.4768983005620816,-4.526705986989926e-16,-9.491973407443386e-16,0.0
57.08,0.47950836289235893,-4.5514806292206875e-16,-9.491973407443386e-16,0.0
57.1,0.4817237708610253,-4.572509222745907e-16,-9.491973407443386e-16,0.0
57.12,0.4832022388962335,-4.5865428020198585e-16,-9.491973407443386e-16,0.0
57.14,0.4852379986030845,-4.605866179021233e-16,-9.491973407443386e-16,0.0
57.16,0.48702019059777485,-4.622782698041792e-16,-9.491973407443386e-16,0.0
57.18,0.4892359821888463,-4.643814932900679e-16,-9.491973407443386e-16,0.0
57.2,0.4918213532999859,-4.668355206735988e-16,-9.491973407443386e-16,0.0
57.22,0.49396848309456604,-4.688735705648472e-16,-9.491973407443386e-16,0.0
57.24,0.4958999346074212,-4.707068992046259e-16,-9.491973407443386e-16,0.0
57.26,0.49729623873684814,-4.720322673711483e-16,-9.491973407443386e-16,0.0
57.28,0.49982087305499584,-4.744286435522861e-16,-9.491973407443386e-16,0.0
57.3,0.5009134794507853,-4.754657426376497e-16,-9.491973407443386e-16,0.0
57.32,0.5032685280827693,-4.777011485364525e-16,-9.491973407443386e-16,0.0
57.34,0.5050558856970316,-4.793977036308694e-16,-9.491973407443386e-16,0.0
57.36,0.5076238983490714,-4.818352544111833e-16,-9.491973407443386e-16,0.0
57.38,0.5106216442642719,-4.846807068621189e-16,-9.491973407443386e-16,0.0
57.4,0.5129993840482745,-4.869376511420761e-16,-9.491973407443386e-16,0.0
57.42,0.5151464952037514,-4.889756833411373e-16,-9.491973407443386e-16,0.0
57.44,0.5171284243793522,-4.908569252441612e-16,-9.491973407443386e-16,0.0
57.46,0.5192332618379408,-4.928548313625525e-16,-9.491973407443386e-16,0.0
57.48,0.5206497036958627,-4.94199314207411e-16,-9.491973407443386e-16,0.0
57.5,0.522224178670616,-4.956938016665153e-16,-9.491973407443386e-16,0.0
57.52,0.5242280770568699,-4.975958966858694e-16,-9.491973407443386e-16,0.0
57.54,0.5258905370480121,-4.991738992885555e-16,-9.491973407443386e-16,0.0
57.56,0.527754898511321,-5.009435462317145e-16,-9.491973407443386e-16,0.0
57.58,0.5304860394683014,-5.035359379652783e-16,-9.491973407443386e-16,0.0
57.6,0.5323130024105162,-5.05270086331667e-16,-9.491973407443386e-16,0.0
57.62,0.5343739999571933,-5.072263797222535e-16,-9.491973407443386e-16,0.0
57.64,0.5361712131240582,-5.089322896809925e-16,-9.491973407443386e-16,0.0
57.66,0.5379465885213641,-5.106174712869382e-16,-9.491973407443386e-16,0.0
57.68,0.5396338939965514,-5.122190571570092e-16,-9.491973407443386e-16,0.0
57.7,0.5424984752562367,-5.149381100710486e-16,-9.491973407443386e-16,0.0
57.72,0.5444924521379169,-5.168307876246451e-16,-9.491973407443386e-16,0.0
57.74,0.546507662272882,-5.187436197257951e-16,-9.491973407443386e-16,0.0
57.76,0.5487698032235839,-5.208908379005902e-16,-9.491973407443386e-16,0.0
57.78,0.5505837429578347,-5.226126246726115e-16,-9.491973407443386e-16,0.0
57.8,0.552869032565759,-5.247818154912839e-16,-9.491973407443386e-16,0.0
57.82,0.5540742199834963,-5.259257761832987e-16,-9.491973407443386e-16,0.0
57.84,0.5566757501303721,-5.283951416805795e-16,-9.491973407443386e-16,0.0
57.86,0.5583115161662004,-5.299478064518677e-16,-9.491973407443386e-16,0.0
57.88,0.5604193035950572,-5.319485126741928e-16,-9.491973407443386e-16,0.0
57.9,0.5623868415984271,-5.33816094514805e-16,-9.491973407443386e-16,0.0
57.92,0.5640818044920483,-5.354249487860905e-16,-9.491973407443386e-16,0.0
57.94,0.5658054657243103,-5.370610434440978e-16,-9.491973407443386e-16,0.0
57.96,0.5678526046943057,-5.390041823105514e-16,-9.491973407443386e-16,0.0
57.98,0.5698666317838326,-5.409158914681174e-16,-9.491973407443386e-16,0.0
58.0,0.5715802443500626,-5.425424479590491e-16,-9.491973407443386e-16,0.0
58.02,0.5732913268912991,-5.441666029569848e-16,-9.491973407443386e-16,0.0
58.04,0.5753264978438581,-5.46098381813114e-16,-9.491973407443386e-16,0.0
58.06,0.5767236445846975,-5.474245497841483e-16,-9.491973407443386e-16,0.0
58.08,0.5788033410068879,-5.49398592097647e-16,-9.491973407443386e-16,0.0
58.1,0.5804313072170694,-5.509438532951728e-16,-9.491973407443386e-16,0.0
58.12,0.5824510927191524,-5.528610283226239e-16,-9.491973407443386e-16,0.0
58.14,0.5841149664410868,-5.544403728348185e-16,-9.491973407443386e-16,0.0
58.16,0.5859054976199587,-5.561399402683236e-16,-9.491973407443386e-16,0.0
58.18,0.5884278012743909,-5.585341041896604e-16,-9.491973407443386e-16,0.0
58.2,0.5905366474971285,-5.605358154163216e-16,-9.491973407443386e-16,0.0
58.22,0.5927952328011382,-5.626796585807319e-16,-9.491973407443386e-16,0.0
58.24,0.5952713653543902,-5.650299970156092e-16,-9.491973407443386e-16,0.0
58.26,0.5972365731262546,-5.66895367006673e-16,-9.491973407443386e-16,0.0
58.28,0.5989143685272552,-5.684879259396159e-16,-9.491973407443386e-16,0.0
58.3,0.6000764703769718,-5.695909899250409e-16,-9.491973407443386e-16,0.0
58.32,0.6018405180088475,-5.712654192461638e-16,-9.491973407443386e-16,0.0
58.34,0.6039142714141787,-5.732338204638637e-16,-9.491973407443386e-16,0.0
58.36,0.6060776951529739,-5.752873365236312e-16,-9.491973407443386e-16,0.0
58.38,0.6081415666124579,-5.772463578246116e-16,-9.491973407443386e-16,0.0
58.4,0.6103184428378804,-5.793126429489122e-16,-9.491973407443386e-16,0.0
58.42,0.6126127370346515,-5.814903808993725e-16,-9.491973407443386e-16,0.0
58.44,0.6144003886408123,-5.831872150501176e-16,-9.491973407443386e-16,0.0
58.46,0.6160088709080448,-5.847139821408092e-16,-9.491973407443386e-16,0.0
58.48,0.6177154730464786,-5.863338843523192e-16,-9.491973407443386e-16,0.0
58.5,0.6192992727249738,-5.878372227954186e-16,-9.491973407443386e-16,0.0
58.52,0.6214637210247704,-5.898917113657642e-16,-9.491973407443386e-16,0.0
58.54,0.623532381108704,-5.918552780163379e-16,-9.491973407443386e-16,0.0
58.56,0.6257439112216686,-5.939544565185399e-16,-9.491973407443386e-16,0.0
58.58,0.627604295142547,-5.957203279890012e-16,-9.491973407443386e-16,0.0
58.6,0.6296882859726813,-5.976984465431002e-16,-9.491973407443386e-16,0.0
58.62,0.631118084971124,-5.990556079502209e-16,-9.491973407443386e-16,0.0
58.64,0.6322941672130689,-6.001719420867716e-16,-9.491973407443386e-16,0.0
58.66,0.6339595996646639,-6.017527661410149e-16,-9.491973407443386e-16,0.0
58.68,0.6361486072997913,-6.038305663671469e-16,-9.491973407443386e-16,0.0
58.7,0.6384469636695143,-6.060121601213709e-16,-9.491973407443386e-16,0.0
58.72,0.6400328708618686,-6.075174990110209e-16,-9.491973407443386e-16,0.0
58.74,0.6421878442781236,-6.095629940471049e-16,-9.491973407443386e-16,0.0
58.76,0.6444447677616867,-6.117052598159664e-16,-9.491973407443386e-16,0.0
58.78,0.6461458152251311,-6.133198895447478e-16,-9.491973407443386e-16,0.0
58.8,0.6483133927719131,-6.153773483880104e-16,-9.491973407443386e-16,0.0
58.82,0.650245258459921,-6.172110701617427e-16,-9.491973407443386e-16,0.0
58.84,0.652299298875587,-6.191607598620743e-16,-9.491973407443386e-16,0.0
58.86,0.6545636382233333,-6.213100647494978e-16,-9.491973407443386e-16,0.0
58.88,0.6570628523927134,-6.23682312193024e-16,-9.491973407443386e-16,0.0
58.9,0.6585403249778942,-6.250847252419003e-16,-9.491973407443386e-16,0.0
58.92,0.6605435649065173,-6.269861952550222e-16,-9.491973407443386e-16,0.0
58.94,0.6619758810162122,-6.283457458974499e-16,-9.491973407443386e-16,0.0
58.96,0.6633448185920189,-6.296451378040506e-16,-9.491973407443386e-16,0.0
58.98,0.6642321253112414,-6.304873669823612e-16,-9.491973407443386e-16,0.0
59.0,0.665327369104908,-6.315269694787762e-16,-9.491973407443386e-16,0.0
59.02,0.6673541923370016,-6.334508247008382e-16,-9.491973407443386e-16,0.0
59.04,0.669412194831138,-6.354042751955177e-16,-9.491973407443386e-16,0.0
59.06,0.6715981952595075,-6.37479220988992e-16,-9.491973407443386e-16,0.0
59.08,0.6734286304338327,-6.392166651888664e-16,-9.491973407443386e-16,0.0
59.1,0.675441638636057,-6.411274072213143e-16,-9.491973407443386e-16,0.0
59.12,0.6775891243781297,-6.43165794976976e-16,-9.491973407443386e-16,0.0
59.14,0.6784542837065013,-6.439870019107866e-16,-9.491973407443386e-16,0.0
59.16,0.6804249567252718,-6.458575594996801e-16,-9.491973407443386e-16,0.0
59.18,0.6826382031096324,-6.479583670821272e-16,-9.491973407443386e-16,0.0
59.2,0.6843114199941017,-6.49546580099354e-16,-9.491973407443386e-16,0.0
59.22,0.6860909831265851,-6.512357366923939e-16,-9.491973407443386e-16,0.0
59.24,0.6879463036295546,-6.529968019800409e-16,-9.491973407443386e-16,0.0
59.26,0.6898452192089385,-6.547992475982901e-16,-9.491973407443386e-16,0.0
59.28,0.6914036965461667,-6.562785501423975e-16,-9.491973407443386e-16,0.0
59.3,0.6932282816390837,-6.580104414605561e-16,-9.491973407443386e-16,0.0
59.32,0.6952514781337968,-6.599308541931411e-16,-9.491973407443386e-16,0.0
59.34,0.6973331049304043,-6.619067288129031e-16,-9.491973407443386e-16,0.0
59.36,0.6993713479296396,-6.63841423647568e-16,-9.491973407443386e-16,0.0
59.38,0.701207985646288,-6.655847552841214e-16,-9.491973407443386e-16,0.0
59.4,0.7031517294242947,-6.674297517092938e-16,-9.491973407443386e-16,0.0
59.42,0.7052447745366393,-6.694164645639891e-16,-9.491973407443386e-16,0.0
59.44,0.7070656445281631,-6.711448295177847e-16,-9.491973407443386e-16,0.0
59.46,0.7089745293802547,-6.729567379431772e-16,-9.491973407443386e-16,0.0
59.48,0.7115895789100631,-6.754389360027861e-16,-9.491973407443386e-16,0.0
59.5,0.71355930695525,-6.77308596625267e-16,-9.491973407443386e-16,0.0
59.52,0.7156381529433331,-6.792818317089724e-16,-9.491973407443386e-16,0.0
59.54,0.7181566959286616,-6.816724260131965e-16,-9.491973407443386e-16,0.0
59.56,0.7204980753754026,-6.838948571577165e-16,-9.491973407443386e-16,0.0
59.58,0.7222430434956043,-6.855511762570957e-16,-9.491973407443386e-16,0.0
59.6,0.72436946603459,-6.875695708763996e-16,-9.491973407443386e-16,0.0
59.62,0.7272127202511276,-6.902683802177973e-16,-9.491973407443386e-16,0.0
59.64,0.7290529115063937,-6.920150848637569e-16,-9.491973407443386e-16,0.0
59.66,0.7304854509727066,-6.933748475156923e-16,-9.491973407443386e-16,0.0
59.68,0.7328441209671491,-6.956136908021106e-16,-9.491973407443386e-16,0.0
59.7,0.7351674912702763,-6.978190277154032e-16,-9.491973407443386e-16,0.0
59.72,0.7366842155816514,-6.992586983984029e-16,-9.491973407443386e-16,0.0
59.74,0.7394415678549755,-7.018759698437375e-16,-9.491973407443386e-16,0.0
59.76,0.7415571904284178,-7.038841131644677e-16,-9.491973407443386e-16,0.0
59.78,0.7440952584116525,-7.062932405447823e-16,-9.491973407443386e-16,0.0
59.8,0.7463574461033461,-7.084405030860024e-16,-9.491973407443386e-16,0.0
59.82,0.7488957042690785,-7.108498109870382e-16,-9.491973407443386e-16,0.0
59.84,0.7513296670917327,-7.131601220257721e-16,-9.491973407443386e-16,0.0
59.86,0.7532897543826986,-7.150206316699838e-16,-9.491973407443386e-16,0.0
59.88,0.7554465831003767,-7.170678877532449e-16,-9.491973407443386e-16,0.0
59.9,0.7572704246231262,-7.187990732765778e-16,-9.491973407443386e-16,0.0
59.92,0.759668388165127,-7.210752138938469e-16,-9.491973407443386e-16,0.0
59.94,0.7608857089945994,-7.222306915880146e-16,-9.491973407443386e-16,0.0
59.96,0.762767510682281,-7.240168927457703e-16,-9.491973407443386e-16,0.0
59.98,0.764278098291831,-7.254507384877165e-16,-9.491973407443386e-16,0.0
60.0,0.7660251155381261,-7.271090026121344e-16,-9.491973407443386e-16,0.0
60.02,0.7675350746654351,-7.285422518004088e-16,-9.491973407443386e-16,0.0
60.04,0.7701493496277424,-7.310237146426053e-16,-9.491973407443386e-16,0.0
60.06,0.7717545729540358,-7.325473883552238e-16,-9.491973407443386e-16,0.0
60.08,0.7735609301412509,-7.342619777937629e-16,-9.491973407443386e-16,0.0
60.1,0.7757487616966466,-7.36338661688141e-16,-9.491973407443386e-16,0.0
60.12,0.7778882903241021,-7.383694965717682e-16,-9.491973407443386e-16,0.0
60.14,0.7802840093924839,-7.406435067406466e-16,-9.491973407443386e-16,0.0
60.16,0.7825978557493404,-7.428398035494657e-16,-9.491973407443386e-16,0.0
60.18,0.7847327598838515,-7.448662488766878e-16,-9.491973407443386e-16,0.0
60.2,0.7864176647459177,-7.464655560911683e-16,-9.491973407443386e-16,0.0
60.22,0.788410762022372,-7.483573987258236e-16,-9.491973407443386e-16,0.0
60.24,0.7897972334108263,-7.496734336807625e-16,-9.491973407443386e-16,0.0
60.26,0.7917801917156535,-7.515556524305113e-16,-9.491973407443386e-16,0.0
60.28,0.7937499139839043,-7.534253075695398e-16,-9.491973407443386e-16,0.0
60.3,0.7954447467724587,-7.55034038345442e-16,-9.491973407443386e-16,0.0
60.32,0.7979936559511788,-7.574534561596819e-16,-9.491973407443386e-16,0.0
60.34,0.8000549035506848,-7.594099868997486e-16,-9.491973407443386e-16,0.0
60.36,0.8021857683483468,-7.614325980991751e-16,-9.491973407443386e-16,0.0
60.38,0.8038126722573256,-7.629768509632244e-16,-9.491973407443386e-16,0.0
60.4,0.8062350517960998,-7.652761671797024e-16,-9.491973407443386e-16,0.0
60.42,0.8075432941484926,-7.665179473416428e-16,-9.491973407443386e-16,0.0
60.44,0.8098147925017596,-7.686740475380689e-16,-9.491973407443386e-16,0.0
60.46,0.8115586887003888,-7.70329349172342e-16,-9.491973407443386e-16,0.0
60.48,0.8141784686042657,-7.728160372904374e-16,-9.491973407443386e-16,0.0
60.5,0.8164822860887013,-7.75002814720224e-16,-9.491973407443386e-16,0.0
60.52,0.8191152381259967,-7.775020057923322e-16,-9.491973407443386e-16,0.0
60.54,0.8206165854539659,-7.789270806835742e-16,-9.491973407443386e-16,0.0
60.56,0.8228167145520132,-7.810154373727349e-16,-9.491973407443386e-16,0.0
60.58,0.8246732270777731,-7.827776341252448e-16,-9.491973407443386e-16,0.0
60.6,0.8264124797317101,-7.844285281192443e-16,-9.491973407443386e-16,0.0
60.62,0.8285599418152138,-7.864668934182553e-16,-9.491973407443386e-16,0.0
60.64,0.8303701179826146,-7.88185107822631e-16,-9.491973407443386e-16,0.0
60.66,0.8329448913359473,-7.906290758426338e-16,-9.491973407443386e-16,0.0
60.68,0.8344704717904688,-7.920771527531572e-16,-9.491973407443386e-16,0.0
60.7,0.8362718699794758,-7.937870351237843e-16,-9.491973407443386e-16,0.0
60.72,0.8382014453225204,-7.956185829081681e-16,-9.491973407443386e-16,0.0
60.74,0.8409450553070863,-7.982228102095577e-16,-9.491973407443386e-16,0.0
60.76,0.8426285338747289,-7.998207635891642e-16,-9.491973407443386e-16,0.0
60.78,0.8449238908327091,-8.01999510309738e-16,-9.491973407443386e-16,0.0
60.8,0.847027236375876,-8.039960003059783e-16,-9.491973407443386e-16,0.0
60.82,0.8487040980172617,-8.055876729167779e-16,-9.491973407443386e-16,0.0
60.84,0.8505298380215658,-8.073206604737539e-16,-9.491973407443386e-16,0.0
60.86,0.8526177148287902,-8.093024675869731e-16,-9.491973407443386e-16,0.0
60.88,0.8546838348151223,-8.112636231836582e-16,-9.491973407443386e-16,0.0
60.9,0.8571425431200947,-8.13597422568404e-16,-9.491973407443386e-16,0.0
60.92,0.8589510967942005,-8.153140969064586e-16,-9.491973407443386e-16,0.0
60.94,0.8610453797866268,-8.173019847536357e-16,-9.491973407443386e-16,0.0
60.96,0.8634161934151036,-8.195523547451863e-16,-9.491973407443386e-16,0.0
60.98,0.8663520285840978,-8.223390416804593e-16,-9.491973407443386e-16,0.0
61.0,0.8683607859290143,-8.242457488104547e-16,-9.491973407443386e-16,0.0
61.02,0.8699596610676504,-8.257633968402303e-16,-9.491973407443386e-16,0.0
61.04,0.8717050887098556,-8.274201521166732e-16,-9.491973407443386e-16,0.0
61.06,0.8736173031053853,-8.29235220935843e-16,-9.491973407443386e-16,0.0
61.08,0.8762087126541273,-8.316949799882883e-16,-9.491973407443386e-16,0.0
61.1,0.8784938718821866,-8.338640470507396e-16,-9.491973407443386e-16,0.0
61.12,0.880838210926941,-8.360892874378236e-16,-9.491973407443386e-16,0.0
61.14,0.8832222281546293,-8.383521902506339e-16,-9.491973407443386e-16,0.0
61.16,0.8853253968972905,-8.403485124283046e-16,-9.491973407443386e-16,0.0
61.18,0.8865644966952234,-8.415246626614193e-16,-9.491973407443386e-16,0.0
61.2,0.889015322831048,-8.438509803121708e-16,-9.491973407443386e-16,0.0
61.22,0.890950171287127,-8.456875333214242e-16,-9.491973407443386e-16,0.0
61.24,0.8931206209171291,-8.477477183384417e-16,-9.491973407443386e-16,0.0
61.26,0.8950669394085005,-8.49595158674693e-16,-9.491973407443386e-16,0.0
61.28,0.8966422442959397,-8.510904338847119e-16,-9.491973407443386e-16,0.0
61.3,0.898928392445621,-8.532604396289369e-16,-9.491973407443386e-16,0.0
61.32,0.9004988424886536,-8.547511066335553e-16,-9.491973407443386e-16,0.0
61.34,0.902684267661535,-8.568255063960501e-16,-9.491973407443386e-16,0.0
61.36,0.9046709720737959,-8.587112809410132e-16,-9.491973407443386e-16,0.0
61.38,0.9072484817070385,-8.611578462306301e-16,-9.491973407443386e-16,0.0
61.4,0.9091613694369522,-8.629735541770066e-16,-9.491973407443386e-16,0.0
61.42,0.9108724652436042,-8.645977217664394e-16,-9.491973407443386e-16,0.0
61.44,0.9129513325663366,-8.665709771009374e-16,-9.491973407443386e-16,0.0
61.46,0.9151247776872083,-8.686340054299225e-16,-9.491973407443386e-16,0.0
61.48,0.917105217021008,-8.705138331790707e-16,-9.491973407443386e-16,0.0
61.5,0.9189286275847796,-8.722446096372878e-16,-9.491973407443386e-16,0.0
61.52,0.9205486700198199,-8.737823496085211e-16,-9.491973407443386e-16,0.0
61.54,0.9230139111814973,-8.761223499634789e-16,-9.491973407443386e-16,0.0
61.56,0.9244429564321416,-8.774787959151938e-16,-9.491973407443386e-16,0.0
61.58,0.9268542912982207,-8.797676285577202e-16,-9.491973407443386e-16,0.0
61.6,0.9293955762855787,-8.8217980950979385e-16,-9.491973407443386e-16,0.0
61.62,0.9315753885577878,-8.842488815218966e-16,-9.491973407443386e-16,0.0
61.64,0.9338532568849774,-8.864110280806308e-16,-9.491973407443386e-16,0.0
61.66,0.9356794556653854,-8.881444511066644e-16,-9.491973407443386e-16,0.0
61.68,0.9383749394026811,-8.907029971021253e-16,-9.491973407443386e-16,0.0
61.7,0.94069078568569,-8.9290119223553e-16,-9.491973407443386e-16,0.0
61.72,0.9427711123387055,-8.948758327624519e-16,-9.491973407443386e-16,0.0
61.74,0.9445888530360327,-8.966012273985176e-16,-9.491973407443386e-16,0.0
61.76,0.9463377636322234,-8.982612886856213e-16,-9.491973407443386e-16,0.0
61.78,0.9481303020328647,-8.999627613686922e-16,-9.491973407443386e-16,0.0
61.8,0.9502724345945812,-9.019960678997953e-16,-9.491973407443386e-16,0.0
61.82,0.9517121309459607,-9.03362623848004e-16,-9.491973407443386e-16,0.0
61.84,0.9535727469847042,-9.051287156441256e-16,-9.491973407443386e-16,0.0
61.86,0.9553694935563051,-9.068341827118808e-16,-9.491973407443386e-16,0.0
61.88,0.9579922013046605,-9.093236499321693e-16,-9.491973407443386e-16,0.0
61.9,0.9595980360375848,-9.10847903990336e-16,-9.491973407443386e-16,0.0
61.92,0.9610026583260854,-9.12181167731331e-16,-9.491973407443386e-16,0.0
61.94,0.9628069592671933,-9.138938053865332e-16,-9.491973407443386e-16,0.0
61.96,0.9656813211980769,-9.166221420876647e-16,-9.491973407443386e-16,0.0
61.98,0.9674707424754945,-9.183206560056608e-16,-9.491973407443386e-16,0.0
62.0,0.9685344988339082,-9.193303707122669e-16,-9.491973407443386e-16,0.0
62.02,0.970950892775957,-9.216240054162504e-16,-9.491973407443386e-16,0.0
62.04,0.972639963039557,-9.2322726641879e-16,-9.491973407443386e-16,0.0
62.06,0.9744106331515813,-9.24907981780459e-16,-9.491973407443386e-16,0.0
62.08,0.9768003621905461,-9.27176306229344e-16,-9.491973407443386e-16,0.0
62.1,0.978334859542257,-9.286328470349672e-16,-9.491973407443386e-16,0.0
62.12,0.9799214632087452,-9.301388470160131e-16,-9.491973407443386e-16,0.0
62.14,0.9822952132932151,-9.323920042837837e-16,-9.491973407443386e-16,0.0
62.16,0.9852990630207632,-9.35243250457168e-16,-9.491973407443386e-16,0.0
62.18,0.987847427582606,-9.376621513225162e-16,-9.491973407443386e-16,0.0
62.2,0.98986535483084,-9.395775625003554e-16,-9.491973407443386e-16,0.0
62.22,0.9918608231653188,-9.414716557369822e-16,-9.491973407443386e-16,0.0
62.24,0.9941602114979634,-9.43654229027667e-16,-9.491973407443386e-16,0.0
62.26,0.9965464270890585,-9.459192185211772e-16,-9.491973407443386e-16,0.0
62.28,0.9990931750671027,-9.48336584929483e-16,-9.491973407443386e-16,0.0
62.3,1.000520600093448,-9.496914929686017e-16,-9.491973407443386e-16,0.0
62.32,1.002550178797934,-9.516179636777313e-16,-9.491973407443386e-16,0.0
62.34,1.0041295468874016,-9.531170956683103e-16,-9.491973407443386e-16,0.0
62.36,1.0051558814168502,-9.540912896743768e-16,-9.491973407443386e-16,0.0
62.38,1.0070717399899893,-9.559098175372427e-16,-9.491973407443386e-16,0.0
62.4,1.0089419714787253,-9.576850362929273e-16,-9.491973407443386e-16,0.0
62.42,1.010778154456762,-9.594279362928e-16,-9.491973407443386e-16,0.0
62.44,1.0130131204909396,-9.615493601090953e-16,-9.491973407443386e-16,0.0
62.46,1.015513924358101,-9.639231164895279e-16,-9.491973407443386e-16,0.0
62.48,1.017912398820618,-9.661997420711922e-16,-9.491973407443386e-16,0.0
62.5,1.0200434196851196,-9.68222501408848e-16,-9.491973407443386e-16,0.0
62.52,1.0221417588258521,-9.70214239341211e-16,-9.491973407443386e-16,0.0
62.54,1.0240711455421525,-9.72045608081591e-16,-9.491973407443386e-16,0.0
62.56,1.0255167602214303,-9.734177816909024e-16,-9.491973407443386e-16,0.0
62.58,1.0276313718399315,-9.754249654158909e-16,-9.491973407443386e-16,0.0
62.6,1.028819307920739,-9.765525511847677e-16,-9.491973407443386e-16,0.0
62.62,1.0312782424160052,-9.78886565268739e-16,-9.491973407443386e-16,0.0
62.64,1.0339726223078494,-9.814440634970325e-16,-9.491973407443386e-16,0.0
62.66,1.0356871322179801,-9.830714717444085e-16,-9.491973407443386e-16,0.0
62.68,1.0377080416561286,-9.849897136089841e-16,-9.491973407443386e-16,0.0
62.7,1.0405947955371506,-9.877298127162335e-16,-9.491973407443386e-16,0.0
62.72,1.0416239122264896,-9.887066475410697e-16,-9.491973407443386e-16,0.0
62.74,1.0429363635345068,-9.89952422832496e-16,-9.491973407443386e-16,0.0
62.76,1.0450940962688677,-9.920005370059885e-16,-9.491973407443386e-16,0.0
62.78,1.0471326479853582,-9.939355248742512e-16,-9.491973407443386e-16,0.0
62.8,1.0483436866205305,-9.950850395262954e-16,-9.491973407443386e-16,0.0
62.82,1.050140391041823,-9.967904665850899e-16,-9.491973407443386e-16,0.0
62.84,1.0526808333791589,-9.992018476960033e-16,-9.491973407443386e-16,0.0
62.86,1.0546085985656906,-1.0010316772846387e-15,-9.491973407443386e-16,0.0
62.88,1.0568651002245315,-1.0031735426585956e-15,-9.491973407443386e-16,0.0
62.9,1.0583186261116155,-1.004553225565319e-15,-9.491973407443386e-16,0.0
62.92,1.0593900426453675,-1.0055702112899858e-15,-9.491973407443386e-16,0.0
62.94,1.06213512659078,-1.0081758376710914e-15,-9.491973407443386e-16,0.0
62.96,1.0641494328984378,-1.0100878118617648e-15,-9.491973407443386e-16,0.0
62.98,1.0655183531361085,-1.011387187311053e-15,-9.491973407443386e-16,0.0
63.0,1.0673587734965997,-1.0131341094230828e-15,-9.491973407443386e-16,0.0
63.02,1.068855921268366,-1.0145551981067446e-15,-9.491973407443386e-16,0.0
63.04,1.070433565391326,-1.0160526937128992e-15,-9.491973407443386e-16,0.0
63.06,1.0718174968422194,-1.0173663177658596e-15,-9.491973407443386e-16,0.0
63.08,1.0742185799295658,-1.019645419447275e-15,-9.491973407443386e-16,0.0
63.1,1.0757317547895597,-1.0210817210004625e-15,-9.491973407443386e-16,0.0
63.12,1.0772745093922893,-1.0225460995667944e-15,-9.491973407443386e-16,0.0
63.14,1.079358606642992,-1.0245243191350142e-15,-9.491973407443386e-16,0.0
63.16,1.0818750752276391,-1.0269129444236279e-15,-9.491973407443386e-16,0.0
63.18,1.084071560161386,-1.0289978420817254e-15,-9.491973407443386e-16,0.0
63.2,1.0862632663774727,-1.0310782037937277e-15,-9.491973407443386e-16,0.0
63.22,1.0882635721823277,-1.0329768887443715e-15,-9.491973407443386e-16,0.0
63.24,1.0907838001902814,-1.0353690824675907e-15,-9.491973407443386e-16,0.0
63.26,1.0926934522662706,-1.0371817191398664e-15,-9.491973407443386e-16,0.0
63.28,1.0944595253640341,-1.0388580710278237e-15,-9.491973407443386e-16,0.0
63.3,1.09644120812343,-1.0407390790332413e-15,-9.491973407443386e-16,0.0
63.32,1.0983320604916813,-1.0425338710729257e-15,-9.491973407443386e-16,0.0
63.34,1.1004191091317133,-1.044514892092048e-15,-9.491973407443386e-16,0.0
63.36,1.1020298824587909,-1.046043833850652e-15,-9.491973407443386e-16,0.0
63.38,1.104791276576034,-1.0486649418034862e-15,-9.491973407443386e-16,0.0
63.4,1.1073601962374764,-1.0511033535147132e-15,-9.491973407443386e-16,0.0
63.42,1.108922062250968,-1.0525858725813183e-15,-9.491973407443386e-16,0.0
63.44,1.110453819010236,-1.0540398120238827e-15,-9.491973407443386e-16,0.0
63.46,1.1129113024709185,-1.0563724487896856e-15,-9.491973407443386e-16,0.0
63.48,1.1146424796233196,-1.058015677539102e-15,-9.491973407443386e-16,0.0
63.5,1.1170649404361066,-1.0603150709006568e-15,-9.491973407443386e-16,0.0
63.52,1.1185187500933333,-1.0616950231612449e-15,-9.491973407443386e-16,0.0
63.54,1.1209399262066395,-1.0639931970894689e-15,-9.491973407443386e-16,0.0
63.56,1.1232203395884413,-1.066157759407273e-15,-9.491973407443386e-16,0.0
63.58,1.1249217156654006,-1.0677727010551288e-15,-9.491973407443386e-16,0.0
63.6,1.127262368034301,-1.069994442059296e-15,-9.491973407443386e-16,0.0
63.62,1.1291714661053804,-1.0718065528715846e-15,-9.491973407443386e-16,0.0
63.64,1.1312072124856247,-1.0737388779221425e-15,-9.491973407443386e-16,0.0
63.66,1.1333905825624035,-1.0758113269928817e-15,-9.491973407443386e-16,0.0
63.68,1.135308630327816,-1.0776319328312318e-15,-9.491973407443386e-16,0.0
63.7,1.1369138935667154,-1.07915564442879e-15,-9.491973407443386e-16,0.0
63.72,1.1395157427562927,-1.0816253127605545e-15,-9.491973407443386e-16,0.0
63.74,1.1422771750771865,-1.0842464569761925e-15,-9.491973407443386e-16,0.0
63.76,1.144326915477874,-1.0861920651137413e-15,-9.491973407443386e-16,0.0
63.78,1.1466349059825858,-1.088382803563277e-15,-9.491973407443386e-16,0.0
63.8,1.1482063611873505,-1.0898744246647387e-15,-9.491973407443386e-16,0.0
63.82,1.1496982790210422,-1.091290549105088e-15,-9.491973407443386e-16,0.0
63.84,1.152047475490703,-1.093520400146976e-15,-9.491973407443386e-16,0.0
63.86,1.1535185670156567,-1.0949167563104536e-15,-9.491973407443386e-16,0.0
63.88,1.1563635436454331,-1.0976172005619172e-15,-9.491973407443386e-16,0.0
63.9,1.1580794154361156,-1.0992459015026913e-15,-9.491973407443386e-16,0.0
63.92,1.1602287108348996,-1.1012860069796911e-15,-9.491973407443386e-16,0.0
63.94,1.1626567539946366,-1.103590699090126e-15,-9.491973407443386e-16,0.0
63.96,1.1648685455341958,-1.1056901257377565e-15,-9.491973407443386e-16,0.0
63.98,1.166503226357569,-1.1072417604282681e-15,-9.491973407443386e-16,0.0
64.0,1.1691035704912909,-1.1097100001650171e-15,-9.491973407443386e-16,0.0
64.02,1.17191126381513,-1.112375055201631e-15,-9.491973407443386e-16,0.0
64.04,1.173893062819701,-1.1142561735466595e-15,-9.491973407443386e-16,0.0
64.06,1.1764903423170094,-1.1167215043386743e-15,-9.491973407443386e-16,0.0
64.08,1.1784594830963129,-1.1185906075299404e-15,-9.491973407443386e-16,0.0
64.1,1.1809100627508984,-1.1209166912213552e-15,-9.491973407443386e-16,0.0
64.12,1.1821516434730865,-1.1220951963411755e-15,-9.491973407443386e-16,0.0
64.14,1.1848380351044352,-1.1246451121338494e-15,-9.491973407443386e-16,0.0
64.16,1.1874339440213693,-1.1271091419746177e-15,-9.491973407443386e-16,0.0
64.18,1.1898633108602992,-1.1294150905178223e-15,-9.491973407443386e-16,0.0
64.2,1.191281814458323,-1.1307615303609029e-15,-9.491973407443386e-16,0.0
64.22,1.193316455885892,-1.1326928065933197e-15,-9.491973407443386e-16,0.0
64.24,1.1948484245047741,-1.1341469471324666e-15,-9.491973407443386e-16,0.0
64.26,1.1975398266797845,-1.13670161891986e-15,-9.491973407443386e-16,0.0
64.28,1.1998511633903517,-1.138895533579095e-15,-9.491973407443386e-16,0.0
64.3,1.2024227917165418,-1.1413365163476972e-15,-9.491973407443386e-16,0.0
64.32,1.2049631010980153,-1.1437477712572598e-15,-9.491973407443386e-16,0.0
64.34,1.2071436227415566,-1.1458175166027447e-15,-9.491973407443386e-16,0.0
64.36,1.208998602101337,-1.1475782580781837e-15,-9.491973407443386e-16,0.0
64.38,1.2107211810640788,-1.1492133254488401e-15,-9.491973407443386e-16,0.0
64.4,1.2121433531541084,-1.1505632474147771e-15,-9.491973407443386e-16,0.0
64.42,1.2140073367233264,-1.1523325356618701e-15,-9.491973407443386e-16,0.0
64.44,1.2160073786903152,-1.154230970178313e-15,-9.491973407443386e-16,0.0
64.46,1.2178979934745726,-1.156025536703902e-15,-9.491973407443386e-16,0.0
64.48,1.2201859361846426,-1.1581972458400758e-15,-9.491973407443386e-16,0.0
64.5,1.2221458087351484,-1.1600575516532138e-15,-9.491973407443386e-16,0.0
64.52,1.223228523697807,-1.1610852618165536e-15,-9.491973407443386e-16,0.0
64.54,1.2246755018681625,-1.16245872964797e-15,-9.491973407443386e-16,0.0
64.56,1.2268917495084422,-1.1645623860145545e-15,-9.491973407443386e-16,0.0
64.58,1.228920102301108,-1.1664876930914443e-15,-9.491973407443386e-16,0.0
64.6,1.2308470500602358,-1.1683167467801615e-15,-9.491973407443386e-16,0.0
64.62,1.2317324934357596,-1.1691572072775883e-15,-9.491973407443386e-16,0.0
64.64,1.2336422602614723,-1.1709699528699965e-15,-9.491973407443386e-16,0.0
64.66,1.2357929693386305,-1.1730114002067498e-15,-9.491973407443386e-16,0.0
64.68,1.2386716345375473,-1.1757438215584548e-15,-9.491973407443386e-16,0.0
64.7,1.2405563352670461,-1.177532774478994e-15,-9.491973407443386e-16,0.0
64.72,1.2421785655306659,-1.179072591131297e-15,-9.491973407443386e-16,0.0
64.74,1.2443855780201822,-1.1811674815173354e-15,-9.491973407443386e-16,0.0
64.76,1.2463545663218976,-1.1830364399772803e-15,-9.491973407443386e-16,0.0
64.78,1.2485272779210799,-1.1850987720494284e-15,-9.491973407443386e-16,0.0
64.8,1.2505096039070498,-1.1869803906037994e-15,-9.491973407443386e-16,0.0
64.82,1.2523306597765402,-1.1887089319924666e-15,-9.491973407443386e-16,0.0
64.84,1.2547355689429052,-1.1909916653779119e-15,-9.491973407443386e-16,0.0
64.86,1.2570452524136329,-1.1931840107862877e-15,-9.491973407443386e-16,0.0
64.88,1.258564655705246,-1.1946262243502052e-15,-9.491973407443386e-16,0.0
64.9,1.26054370572877,-1.1965047333697343e-15,-9.491973407443386e-16,0.0
64.92,1.2628486902179639,-1.198692618517334e-15,-9.491973407443386e-16,0.0
64.94,1.2648726446357748,-1.200613750668508e-15,-9.491973407443386e-16,0.0
64.96,1.2663862070324292,-1.202050420070463e-15,-9.491973407443386e-16,0.0
64.98,1.268776022915506,-1.2043188269515482e-15,-9.491973407443386e-16,0.0
65.0,1.2703790217426596,-1.2058403891754986e-15,-9.491973407443386e-16,0.0
65.02,1.2719719321291612,-1.2073523754784098e-15,-9.491973407443386e-16,0.0
65.04,1.2738224737823307,-1.2091089046945351e-15,-9.491973407443386e-16,0.0
65.06,1.275848886106044,-1.2110323698834553e-15,-9.491973407443386e-16,0.0
65.08,1.2779449439452557,-1.2130219424104814e-15,-9.491973407443386e-16,0.0
65.1,1.279944573448814,-1.2149199854177328e-15,-9.491973407443386e-16,0.0
65.12,1.2816291078506448,-1.216518940992343e-15,-9.491973407443386e-16,0.0
65.14,1.2829952788614867,-1.2178157068828362e-15,-9.491973407443386e-16,0.0
65.16,1.2850376762287767,-1.219754345032611e-15,-9.491973407443386e-16,0.0
65.18,1.2875142237724242,-1.222105077375268e-15,-9.491973407443386e-16,0.0
65.2,1.289594827135689,-1.2240799805548226e-15,-9.491973407443386e-16,0.0
65.22,1.2910644442268935,-1.2254749371897064e-15,-9.491973407443386e-16,0.0
65.24,1.2938702550976193,-1.228138205406831e-15,-9.491973407443386e-16,0.0
65.26,1.2964226149644436,-1.2305608986050431e-15,-9.491973407443386e-16,0.0
65.28,1.2985771824844627,-1.2326060083654994e-15,-9.491973407443386e-16,0.0
65.3,1.3006442674776533,-1.2345680799441283e-15,-9.491973407443386e-16,0.0
65.32,1.301562820994602,-1.2354399684997473e-15,-9.491973407443386e-16,0.0
65.34,1.3033501808816272,-1.2371365257514646e-15,-9.491973407443386e-16,0.0
65.36,1.305314630658444,-1.2390011762556449e-15,-9.491973407443386e-16,0.0
65.38,1.307678654534361,-1.2412451014321215e-15,-9.491973407443386e-16,0.0
65.4,1.3094879129959245,-1.2429624447525566e-15,-9.491973407443386e-16,0.0
65.42,1.310866654345658,-1.2442711423752978e-15,-9.491973407443386e-16,0.0
65.44,1.3126519390016034,-1.245965729823193e-15,-9.491973407443386e-16,0.0
65.46,1.3148498601279495,-1.2480519907114865e-15,-9.491973407443386e-16,0.0
65.48,1.3164855754442113,-1.2496046073398971e-15,-9.491973407443386e-16,0.0
65.5,1.317951925157135,-1.2509964625880054e-15,-9.491973407443386e-16,0.0
65.52,1.3198559296069583,-1.252803738548543e-15,-9.491973407443386e-16,0.0
65.54,1.3217279493649081,-1.2545806547246099e-15,-9.491973407443386e-16,0.0
65.56,1.3233617772827138,-1.2561314798394249e-15,-9.491973407443386e-16,0.0
65.58,1.324884089159274,-1.2575764542244394e-15,-9.491973407443386e-16,0.0
65.6,1.3269977320545279,-1.2595827184398975e-15,-9.491973407443386e-16,0.0
65.62,1.3290189752385886,-1.2615012770952055e-15,-9.491973407443386e-16,0.0
65.64,1.3317394443111947,-1.2640835391045005e-15,-9.491973407443386e-16,0.0
65.66,1.3335828304119695,-1.265833276289321e-15,-9.491973407443386e-16,0.0
65.68,1.336128993970301,-1.2682500879679894e-15,-9.491973407443386e-16,0.0
65.7,1.3381345675199263,-1.270153773047961e-15,-9.491973407443386e-16,0.0
65.72,1.3403459766366026,-1.272252836700808e-15,-9.491973407443386e-16,0.0
65.74,1.3427972957501353,-1.274579622284689e-15,-9.491973407443386e-16,0.0
65.76,1.3450281154585793,-1.276697110419624e-15,-9.491973407443386e-16,0.0
65.78,1.3476233483440903,-1.2791604985731632e-15,-9.491973407443386e-16,0.0
65.8,1.3490089641062286,-1.2804757213698783e-15,-9.491973407443386e-16,0.0
65.82,1.350364710405545,-1.2817625921519132e-15,-9.491973407443386e-16,0.0
65.84,1.3534157487248815,-1.2846586296111364e-15,-9.491973407443386e-16,0.0
65.86,1.3555369513248265,-1.2866720694781844e-15,-9.491973407443386e-16,0.0
65.88,1.3569757060623557,-1.2880377316490304e-15,-9.491973407443386e-16,0.0
65.9,1.3591689216128189,-1.2901195260172092e-15,-9.491973407443386e-16,0.0
65.92,1.361341087576988,-1.2921813401740539e-15,-9.491973407443386e-16,0.0
65.94,1.363592732348484,-1.2943185954034587e-15,-9.491973407443386e-16,0.0
65.96,1.3649664105394046,-1.2956224870893189e-15,-9.491973407443386e-16,0.0
65.98,1.3672485778210073,-1.29778871420415e-15,-9.491973407443386e-16,0.0
66.0,1.3696016586378215,-1.3000222522580265e-15,-9.491973407443386e-16,0.0
66.02,1.3714714835027484,-1.301797085047473e-15,-9.491973407443386e-16,0.0
66.04,1.3736033956709528,-1.303820690408233e-15,-9.491973407443386e-16,0.0
66.06,1.374875714104798,-1.305028371682219e-15,-9.491973407443386e-16,0.0
66.08,1.3771833572652987,-1.3072187804335532e-15,-9.491973407443386e-16,0.0
66.1,1.3799407752171027,-1.3098361142207262e-15,-9.491973407443386e-16,0.0
66.12,1.3824996460232428,-1.3122649875852229e-15,-9.491973407443386e-16,0.0
66.14,1.3848437665776352,-1.3144900205818364e-15,-9.491973407443386e-16,0.0
66.16,1.3865373708391262,-1.316097585243117e-15,-9.491973407443386e-16,0.0
66.18,1.3884148071609634,-1.3178796428072216e-15,-9.491973407443386e-16,0.0
66.2,1.390174847596722,-1.3195502685084461e-15,-9.491973407443386e-16,0.0
66.22,1.3923486449058387,-1.3216136311335769e-15,-9.491973407443386e-16,0.0
66.24,1.3940508377786718,-1.3232293480819042e-15,-9.491973407443386e-16,0.0
66.26,1.3951916399250106,-1.3243121944455245e-15,-9.491973407443386e-16,0.0
66.28,1.3970958431891085,-1.326119659120043e-15,-9.491973407443386e-16,0.0
66.3,1.3990306161445365,-1.3279561404642792e-15,-9.491973407443386e-16,0.0
66.32,1.4011297422682185,-1.3299486253987651e-15,-9.491973407443386e-16,0.0
66.34,1.4029834183924224,-1.3317081298464607e-15,-9.491973407443386e-16,0.0
66.36,1.404745404983151,-1.3333806028328075e-15,-9.491973407443386e-16,0.0
66.38,1.407062856643055,-1.335580321785692e-15,-9.491973407443386e-16,0.0
66.4,1.4086465161217452,-1.3370835271515092e-15,-9.491973407443386e-16,0.0
66.42,1.4104817753463228,-1.338825550327055e-15,-9.491973407443386e-16,0.0
66.44,1.4115038185570508,-1.3397956710248037e-15,-9.491973407443386e-16,0.0
66.46,1.41326253288835,-1.3414650379912018e-15,-9.491973407443386e-16,0.0
66.48,1.415162510984868,-1.3432684921478893e-15,-9.491973407443386e-16,0.0
66.5,1.4172608144252392,-1.3452601961935644e-15,-9.491973407443386e-16,0.0
66.52,1.4188311295121916,-1.3467507350982303e-15,-9.491973407443386e-16,0.0
66.54,1.4212254302132126,-1.3490233989565817e-15,-9.491973407443386e-16,0.0
66.56,1.423011317840172,-1.3507185587429599e-15,-9.491973407443386e-16,0.0
66.58,1.425429545837176,-1.3530139343270296e-15,-9.491973407443386e-16,0.0
66.6,1.4269287113721356,-1.3544369382661487e-15,-9.491973407443386e-16,0.0
66.62,1.429410312409406,-1.3567924673715143e-15,-9.491973407443386e-16,0.0
66.64,1.431241760761763,-1.358530873277282e-15,-9.491973407443386e-16,0.0
66.66,1.4343882659982865,-1.3615175276804284e-15,-9.491973407443386e-16,0.0
66.68,1.4368209158761518,-1.3638265924754603e-15,-9.491973407443386e-16,0.0
66.7,1.4391863330704775,-1.366071840186065e-15,-9.491973407443386e-16,0.0
66.72,1.4414651694750262,-1.368234905641254e-15,-9.491973407443386e-16,0.0
66.74,1.4428140240813823,-1.369515234846658e-15,-9.491973407443386e-16,0.0
66.76,1.4448431489063291,-1.3714412747345357e-15,-9.491973407443386e-16,0.0
66.78,1.446622429230381,-1.3731301628865646e-15,-9.491973407443386e-16,0.0
66.8,1.4484991245406118,-1.374911517084423e-15,-9.491973407443386e-16,0.0
66.82,1.4507516762796742,-1.3770496332050299e-15,-9.491973407443386e-16,0.0
66.84,1.4521832328540287,-1.3784084628985323e-15,-9.491973407443386e-16,0.0
66.86,1.454280267728547,-1.3803989628248731e-15,-9.491973407443386e-16,0.0
66.88,1.455673842669861,-1.3817217404532964e-15,-9.491973407443386e-16,0.0
66.9,1.4573095641124738,-1.383274362896823e-15,-9.491973407443386e-16,0.0
66.92,1.4592995157400366,-1.3851632196899154e-15,-9.491973407443386e-16,0.0
66.94,1.4610059408287843,-1.3867829538463342e-15,-9.491973407443386e-16,0.0
66.96,1.463481561538717,-1.3891328064408937e-15,-9.491973407443386e-16,0.0
66.98,1.4651446091760618,-1.3907113668357927e-15,-9.491973407443386e-16,0.0
67.0,1.4674821501542366,-1.392930154516157e-15,-9.491973407443386e-16,0.0
67.02,1.4693608922424433,-1.3947134515102272e-15,-9.491973407443386e-16,0.0
67.04,1.470972311402279,-1.3962430062915677e-15,-9.491973407443386e-16,0.0
67.06,1.4728982679864697,-1.3980711191596705e-15,-9.491973407443386e-16,0.0
67.08,1.4749424932582358,-1.4000114923515133e-15,-9.491973407443386e-16,0.0
67.1,1.4774645203538093,-1.4024053937639168e-15,-9.491973407443386e-16,0.0
67.12,1.4791341562012124,-1.4039902076702832e-15,-9.491973407443386e-16,0.0
67.14,1.4819657714998253,-1.4066779693817375e-15,-9.491973407443386e-16,0.0
67.16,1.4837882114678758,-1.4084078245530773e-15,-9.491973407443386e-16,0.0
67.18,1.4851045426028195,-1.4096572825659048e-15,-9.491973407443386e-16,0.0
67.2,1.4868213974762294,-1.4112869166461893e-15,-9.491973407443386e-16,0.0
67.22,1.4891076985470384,-1.4134570675427419e-15,-9.491973407443386e-16,0.0
67.24,1.4904993548604673,-1.4147780240146787e-15,-9.491973407443386e-16,0.0
67.26,1.4922877283216245,-1.4164755433482668e-15,-9.491973407443386e-16,0.0
67.28,1.4949636778718798,-1.4190155475453352e-15,-9.491973407443386e-16,0.0
67.3,1.496898277283242,-1.4208518641620057e-15,-9.491973407443386e-16,0.0
67.32,1.4984053107587008,-1.422282336329324e-15,-9.491973407443386e-16,0.0
67.34,1.4994001393357752,-1.4232266249691795e-15,-9.491973407443386e-16,0.0
67.36,1.501305445156734,-1.4250351361877382e-15,-9.491973407443386e-16,0.0
67.38,1.5028576275714396,-1.426508463608127e-15,-9.491973407443386e-16,0.0
67.4,1.5049961646460153,-1.4285383573123975e-15,-9.491973407443386e-16,0.0
67.42,1.5070438200228355,-1.4304819863508363e-15,-9.491973407443386e-16,0.0
67.44,1.5094584590663274,-1.4327739553097761e-15,-9.491973407443386e-16,0.0
67.46,1.5108214945789553,-1.4340677449937026e-15,-9.491973407443386e-16,0.0
67.48,1.5132840132119474,-1.436405161131672e-15,-9.491973407443386e-16,0.0
67.5,1.5154173915764515,-1.4384301582020607e-15,-9.491973407443386e-16,0.0
67.52,1.5168968545553223,-1.4398344605273347e-15,-9.491973407443386e-16,0.0
67.54,1.5182168393708833,-1.441087386604088e-15,-9.491973407443386e-16,0.0
67.56,1.5200965730128284,-1.4428716247783301e-15,-9.491973407443386e-16,0.0
67.58,1.5211767416329407,-1.443896917960096e-15,-9.491973407443386e-16,0.0
67.6,1.523089932279385,-1.4457129134340378e-15,-9.491973407443386e-16,0.0
67.62,1.5249548054277693,-1.4474830460673097e-15,-9.491973407443386e-16,0.0
67.64,1.5263304366235428,-1.448788791540183e-15,-9.491973407443386e-16,0.0
67.66,1.5283131170819173,-1.4506707465588178e-15,-9.491973407443386e-16,0.0
67.68,1.5301902216600718,-1.4524524892327011e-15,-9.491973407443386e-16,0.0
67.7,1.5318604532319713,-1.4540378685991754e-15,-9.491973407443386e-16,0.0
67.72,1.533790141215494,-1.4558695233016014e-15,-9.491973407443386e-16,0.0
67.74,1.5356562146432218,-1.4576407952368344e-15,-9.491973407443386e-16,0.0
67.76,1.53772341913081,-1.459602980239228e-15,-9.491973407443386e-16,0.0
67.78,1.5399420530166912,-1.4617089016237915e-15,-9.491973407443386e-16,0.0
67.8,1.5418546296420772,-1.4635243142705778e-15,-9.491973407443386e-16,0.0
67.82,1.5440409623926914,-1.465599575503443e-15,-9.491973407443386e-16,0.0
67.84,1.5457386544449847,-1.4672110202848826e-15,-9.491973407443386e-16,0.0
67.86,1.5476940382798605,-1.469067065421081e-15,-9.491973407443386e-16,0.0
67.88,1.5500773801720524,-1.4713293272072343e-15,-9.491973407443386e-16,0.0
67.9,1.5516419210750652,-1.4728143852718596e-15,-9.491973407443386e-16,0.0
67.92,1.5543429688052726,-1.475378212594596e-15,-9.491973407443386e-16,0.0
67.94,1.5560451184892299,-1.476993888548157e-15,-9.491973407443386e-16,0.0
67.96,1.5581145982358784,-1.4789582332204e-15,-9.491973407443386e-16,0.0
67.98,1.5603229134397982,-1.481054360139486e-15,-9.491973407443386e-16,0.0
68.0,1.562030080303772,-1.4826747983869769e-15,-9.491973407443386e-16,0.0
68.02,1.5635108757687934,-1.4840803655045613e-15,-9.491973407443386e-16,0.0
68.04,1.565797166508233,-1.4862505065946058e-15,-9.491973407443386e-16,0.0
68.06,1.5678954686828959,-1.4882422094388739e-15,-9.491973407443386e-16,0.0
68.08,1.569991842039089,-1.4902320814537795e-15,-9.491973407443386e-16,0.0
68.1,1.5722628432094021,-1.492387709725468e-15,-9.491973407443386e-16,0.0
68.12,1.5745492985536365,-1.494558007057946e-15,-9.491973407443386e-16,0.0
68.14,1.5765721189038242,-1.4964780627551478e-15,-9.491973407443386e-16,0.0
68.16,1.5789364380908506,-1.498722268240144e-15,-9.491973407443386e-16,0.0
68.18,1.5806716249849744,-1.5003693030257408e-15,-9.491973407443386e-16,0.0
68.2,1.5824005037466942,-1.5020103501488346e-15,-9.491973407443386e-16,0.0
68.22,1.584448472669335,-1.5039542768041323e-15,-9.491973407443386e-16,0.0
68.24,1.5866904335670586,-1.5060823401263043e-15,-9.491973407443386e-16,0.0
68.26,1.5886301723331802,-1.5079235350048456e-15,-9.491973407443386e-16,0.0
68.28,1.5908980982551733,-1.5100762442590065e-15,-9.491973407443386e-16,0.0
68.3,1.592912647024641,-1.511988448593785e-15,-9.491973407443386e-16,0.0
68.32,1.5951540317774942,-1.5141159650407782e-15,-9.491973407443386e-16,0.0
68.34,1.5974625862613496,-1.516307238817817e-15,-9.491973407443386e-16,0.0
68.36,1.5991293326739724,-1.5178893100803737e-15,-9.491973407443386e-16,0.0
68.38,1.6012988616007817,-1.519948621168369e-15,-9.491973407443386e-16,0.0
68.4,1.6035782262496774,-1.5221121880316875e-15,-9.491973407443386e-16,0.0
68.42,1.6055411817443181,-1.5239754201672e-15,-9.491973407443386e-16,0.0
68.44,1.6071308503047441,-1.5254843293374212e-15,-9.491973407443386e-16,0.0
68.46,1.6092420733106134,-1.5274882966003105e-15,-9.491973407443386e-16,0.0
68.48,1.6112151353651845,-1.5293611218556328e-15,-9.491973407443386e-16,0.0
68.5,1.6129032525316764,-1.5309634781809318e-15,-9.491973407443386e-16,0.0
68.52,1.6141757453793337,-1.5321713250080444e-15,-9.491973407443386e-16,0.0
68.54,1.616424845560299,-1.5343061649188842e-15,-9.491973407443386e-16,0.0
68.56,1.6187272231817862,-1.536491575634589e-15,-9.491973407443386e-16,0.0
68.58,1.6208262678436205,-1.5384839832457057e-15,-9.491973407443386e-16,0.0
68.6,1.62197630129301,-1.5395755919376332e-15,-9.491973407443386e-16,0.0
68.62,1.6237828166752013,-1.541290331534423e-15,-9.491973407443386e-16,0.0
68.64,1.625990525995517,-1.543385883350403e-15,-9.491973407443386e-16,0.0
68.66,1.6285153270571535,-1.545782417804017e-15,-9.491973407443386e-16,0.0
68.68,1.6300705340730448,-1.5472586161678079e-15,-9.491973407443386e-16,0.0
68.7,1.6327574877969053,-1.5498090654971995e-15,-9.491973407443386e-16,0.0
68.72,1.634591071346708,-1.5515494981267049e-15,-9.491973407443386e-16,0.0
68.74,1.6369032346296828,-1.5537441973662712e-15,-9.491973407443386e-16,0.0
68.76,1.639418391435411,-1.5561315775178233e-15,-9.491973407443386e-16,0.0
68.78,1.640850000731799,-1.5574904572549397e-15,-9.491973407443386e-16,0.0
68.8,1.6437500031182426,-1.560243131808304e-15,-9.491973407443386e-16,0.0
68.82,1.6454792151942905,-1.5618844953124716e-15,-9.491973407443386e-16,0.0
68.84,1.6474681634971324,-1.563772399752407e-15,-9.491973407443386e-16,0.0
68.86,1.6498488430974196,-1.566032134498164e-15,-9.491973407443386e-16,0.0
68.88,1.6510228965272584,-1.5671465428916587e-15,-9.491973407443386e-16,0.0
68.9,1.6528127278591724,-1.5688454460322924e-15,-9.491973407443386e-16,0.0
68.92,1.6545921766394358,-1.5705344940825093e-15,-9.491973407443386e-16,0.0
68.94,1.6568928131023986,-1.5727182520951731e-15,-9.491973407443386e-16,0.0
68.96,1.6589855695832376,-1.574704690981611e-15,-9.491973407443386e-16,0.0
68.98,1.6620234670561367,-1.5775882551843408e-15,-9.491973407443386e-16,0.0
69.0,1.6638236163042568,-1.5792969520635994e-15,-9.491973407443386e-16,0.0
69.02,1.6658341008670028,-1.5812052986641656e-15,-9.491973407443386e-16,0.0
69.04,1.667897373056638,-1.583163751139799e-15,-9.491973407443386e-16,0.0
69.06,1.6701257546172716,-1.5852789249913162e-15,-9.491973407443386e-16,0.0
69.08,1.6721213335395804,-1.587173123197617e-15,-9.491973407443386e-16,0.0
69.1,1.6747812373681563,-1.589697896838337e-15,-9.491973407443386e-16,0.0
69.12,1.6761958520683609,-1.591040645349949e-15,-9.491973407443386e-16,0.0
69.14,1.6781000074606158,-1.5928480645846415e-15,-9.491973407443386e-16,0.0
69.16,1.6807324268751205,-1.595346750092613e-15,-9.491973407443386e-16,0.0
69.18,1.6827299017180575,-1.5972427479017325e-15,-9.491973407443386e-16,0.0
69.2,1.6845140712730604,-1.5989362768987783e-15,-9.491973407443386e-16,0.0
69.22,1.6863003976870292,-1.600631853180619e-15,-9.491973407443386e-16,0.0
69.24,1.688273748592191,-1.602504952612154e-15,-9.491973407443386e-16,0.0
69.26,1.6909320688067202,-1.605028223090632e-15,-9.491973407443386e-16,0.0
69.28,1.6935723303711852,-1.6075343523464917e-15,-9.491973407443386e-16,0.0
69.3,1.695943675565405,-1.609785226898832e-15,-9.491973407443386e-16,0.0
69.32,1.6979471084670448,-1.6116868800814281e-15,-9.491973407443386e-16,0.0
69.34,1.700743676031307,-1.6143413745766377e-15,-9.491973407443386e-16,0.0
69.36,1.7023867733470242,-1.6159009981793007e-15,-9.491973407443386e-16,0.0
69.38,1.7049413097854518,-1.6183257573734908e-15,-9.491973407443386e-16,0.0
69.4,1.7066836795856901,-1.6199796101544702e-15,-9.491973407443386e-16,0.0
69.42,1.7085431853806499,-1.6217446481101448e-15,-9.491973407443386e-16,0.0
69.44,1.7113076485724457,-1.624368669220383e-15,-9.491973407443386e-16,0.0
69.46,1.7131716646847035,-1.6261379883572427e-15,-9.491973407443386e-16,0.0
69.48,1.7151227799065352,-1.627989981737291e-15,-9.491973407443386e-16,0.0
69.5,1.716469531755272,-1.6292683150107546e-15,-9.491973407443386e-16,0.0
69.52,1.7191407913780095,-1.6318038675410946e-15,-9.491973407443386e-16,0.0
69.54,1.7207000959834182,-1.633283955325959e-15,-9.491973407443386e-16,0.0
69.56,1.7223988027966457,-1.6348963633157787e-15,-9.491973407443386e-16,0.0
69.58,1.7242138931834645,-1.6366192422841577e-15,-9.491973407443386e-16,0.0
69.6,1.7259831876984637,-1.6382986519327886e-15,-9.491973407443386e-16,0.0
69.62,1.7282209474627999,-1.640422727550321e-15,-9.491973407443386e-16,0.0
69.64,1.7300549960962366,-1.642163601635975e-15,-9.491973407443386e-16,0.0
69.66,1.7325918455894667,-1.6445715724288177e-15,-9.491973407443386e-16,0.0
69.68,1.7336000900872595,-1.6455285954249428e-15,-9.491973407443386e-16,0.0
69.7,1.7357624491890289,-1.6475811009340766e-15,-9.491973407443386e-16,0.0
69.72,1.7380959845437491,-1.64979608648731e-15,-9.491973407443386e-16,0.0
69.74,1.7404808288389932,-1.6520597743504451e-15,-9.491973407443386e-16,0.0
69.76,1.742880506485066,-1.6543375419907412e-15,-9.491973407443386e-16,0.0
69.78,1.7449942864766481,-1.6563439363376694e-15,-9.491973407443386e-16,0.0
69.8,1.7477750489322859,-1.6589834286658023e-15,-9.491973407443386e-16,0.0
69.82,1.7498676780792597,-1.660969746687274e-15,-9.491973407443386e-16,0.0
69.84,1.7514942466494334,-1.6625136812486213e-15,-9.491973407443386e-16,0.0
69.86,1.7535353386596821,-1.6644510803569638e-15,-9.491973407443386e-16,0.0
69.88,1.755043865359006,-1.6658829698884036e-15,-9.491973407443386e-16,0.0
69.9,1.7566778926547921,-1.6674339842522676e-15,-9.491973407443386e-16,0.0
69.92,1.7587946557024758,-1.6694432101081147e-15,-9.491973407443386e-16,0.0
69.94,1.7613568016332493,-1.6718751922122038e-15,-9.491973407443386e-16,0.0
69.96,1.7636363805684934,-1.6740389624755543e-15,-9.491973407443386e-16,0.0
69.98,1.765938939827074,-1.6762245456007052e-15,-9.491973407443386e-16,0.0
70.0,1.767923193819383,-1.6781079942135662e-15,-9.491973407443386e-16,0.0
70.02,1.7707253027046346,-1.680767748515923e-15,-9.491973407443386e-16,0.0
70.04,1.7736114533774232,-1.6835072750595214e-15,-9.491973407443386e-16,0.0
70.06,1.7751475746477208,-1.6849653572843488e-15,-9.491973407443386e-16,0.0
70.08,1.7765773882626958,-1.6863225325654432e-15,-9.491973407443386e-16,0.0
70.1,1.7788938004614312,-1.6885212648645505e-15,-9.491973407443386e-16,0.0
70.12,1.7810135626064445,-1.6905333374556075e-15,-9.491973407443386e-16,0.0
70.14,1.7832549976221124,-1.6926609016119306e-15,-9.491973407443386e-16,0.0
70.16,1.7849069623338916,-1.694228942123355e-15,-9.491973407443386e-16,0.0
70.18,1.7866167379851332,-1.695851856624783e-15,-9.491973407443386e-16,0.0
70.2,1.7885985550355323,-1.6977329920988638e-15,-9.491973407443386e-16,0.0
70.22,1.7904300151741885,-1.6994714091921555e-15,-9.491973407443386e-16,0.0
70.24,1.7921588794599965,-1.7011124425747522e-15,-9.491973407443386e-16,0.0
70.26,1.794296600901616,-1.7031415620823895e-15,-9.491973407443386e-16,0.0
70.28,1.7963898856879676,-1.705128502435015e-15,-9.491973407443386e-16,0.0
70.3,1.7984715690543407,-1.707104430750648e-15,-9.491973407443386e-16,0.0
70.32,1.8005093323590764,-1.7090386702605693e-15,-9.491973407443386e-16,0.0
70.34,1.80316721956811,-1.7115615297313827e-15,-9.491973407443386e-16,0.0
70.36,1.8046198030096892,-1.7129403180713387e-15,-9.491973407443386e-16,0.0
70.38,1.8064968342186924,-1.7147219911034186e-15,-9.491973407443386e-16,0.0
70.4,1.808047816113028,-1.7161941789930644e-15,-9.491973407443386e-16,0.0
70.42,1.809986212502503,-1.7180340996912624e-15,-9.491973407443386e-16,0.0
70.44,1.8127024623347332,-1.7206123568088124e-15,-9.491973407443386e-16,0.0
70.46,1.8145080387307697,-1.722326205122441e-15,-9.491973407443386e-16,0.0
70.48,1.8167893334174905,-1.7244916039725306e-15,-9.491973407443386e-16,0.0
70.5,1.819126863207185,-1.7267103810328194e-15,-9.491973407443386e-16,0.0
70.52,1.8210195076760032,-1.728506874129596e-15,-9.491973407443386e-16,0.0
70.54,1.8234230012807064,-1.7307882638676765e-15,-9.491973407443386e-16,0.0
70.56,1.8250679317262584,-1.732349627472304e-15,-9.491973407443386e-16,0.0
70.58,1.827743577969191,-1.7348893437708681e-15,-9.491973407443386e-16,0.0
70.6,1.8294192663621918,-1.7364799027374207e-15,-9.491973407443386e-16,0.0
70.62,1.831488394168505,-1.7384439133488333e-15,-9.491973407443386e-16,0.0
70.64,1.8331460471751102,-1.7400173531745797e-15,-9.491973407443386e-16,0.0
70.66,1.8350397248143542,-1.741814826953977e-15,-9.491973407443386e-16,0.0
70.68,1.8373356898855895,-1.7439941508940354e-15,-9.491973407443386e-16,0.0
70.7,1.8392640109865321,-1.7458245081551514e-15,-9.491973407443386e-16,0.0
70.72,1.8414902627220513,-1.7479376603823337e-15,-9.491973407443386e-16,0.0
70.74,1.8436702189658032,-1.750006869051842e-15,-9.491973407443386e-16,0.0
70.76,1.845659150230247,-1.7518947573189754e-15,-9.491973407443386e-16,0.0
70.78,1.8472918588087697,-1.7534445199599195e-15,-9.491973407443386e-16,0.0
70.8,1.8489638752131123,-1.7550315934846025e-15,-9.491973407443386e-16,0.0
70.82,1.850808540899711,-1.7567825452488843e-15,-9.491973407443386e-16,0.0
70.84,1.8525626911497883,-1.7584475800015237e-15,-9.491973407443386e-16,0.0
70.86,1.8542903482511859,-1.7600874675278882e-15,-9.491973407443386e-16,0.0
70.88,1.8569743297287238,-1.7626350956089743e-15,-9.491973407443386e-16,0.0
70.9,1.8589503570568797,-1.764510735494098e-15,-9.491973407443386e-16,0.0
70.92,1.8596360384894428,-1.7651615824864846e-15,-9.491973407443386e-16,0.0
70.94,1.8618088579732175,-1.767224016962401e-15,-9.491973407443386e-16,0.0
70.96,1.864423929988533,-1.7697062363651934e-15,-9.491973407443386e-16,0.0
70.98,1.8658759282483781,-1.7710844692522038e-15,-9.491973407443386e-16,0.0
71.0,1.86826536849985,-1.7733525195847685e-15,-9.491973407443386e-16,0.0
71.02,1.870049914493866,-1.7750464058967244e-15,-9.491973407443386e-16,0.0
71.04,1.8721082036832237,-1.7770001285217455e-15,-9.491973407443386e-16,0.0
71.06,1.8740166289908233,-1.7788116007487283e-15,-9.491973407443386e-16,0.0
71.08,1.8755484790697898,-1.7802656287701024e-15,-9.491973407443386e-16,0.0
71.1,1.877746553900716,-1.7823520355543747e-15,-9.491973407443386e-16,0.0
71.12,1.8794504474259626,-1.78396936675745e-15,-9.491973407443386e-16,0.0
71.14,1.8814089088003372,-1.785828333085957e-15,-9.491973407443386e-16,0.0
71.16,1.8829913350404757,-1.7873303678650207e-15,-9.491973407443386e-16,0.0
71.18,1.884223034506433,-1.7884994937227035e-15,-9.491973407443386e-16,0.0
71.2,1.8857851171055597,-1.789982218371818e-15,-9.491973407443386e-16,0.0
71.22,1.8879258423821623,-1.7920141891116335e-15,-9.491973407443386e-16,0.0
71.24,1.8897274035757536,-1.7937242262057785e-15,-9.491973407443386e-16,0.0
71.26,1.8916302788916857,-1.7955304303954293e-15,-9.491973407443386e-16,0.0
71.28,1.8938929680620662,-1.7976781689388854e-15,-9.491973407443386e-16,0.0
71.3,1.8962106556664757,-1.799878111849667e-15,-9.491973407443386e-16,0.0
71.32,1.8979206419070853,-1.801501226241963e-15,-9.491973407443386e-16,0.0
71.34,1.8995704727395062,-1.803067241280775e-15,-9.491973407443386e-16,0.0
71.36,1.9018890103056267,-1.8052679909729525e-15,-9.491973407443386e-16,0.0
71.38,1.9035758307683908,-1.8068691164705214e-15,-9.491973407443386e-16,0.0
71.4,1.9054784393865287,-1.8086750675113353e-15,-9.491973407443386e-16,0.0
71.42,1.9067215723731197,-1.809855046036399e-15,-9.491973407443386e-16,0.0
71.44,1.908283016078203,-1.811337164248986e-15,-9.491973407443386e-16,0.0
71.46,1.910511907309287,-1.8134528218783395e-15,-9.491973407443386e-16,0.0
71.48,1.9125841989779968,-1.8154198356195255e-15,-9.491973407443386e-16,0.0
71.5,1.9148078587953206,-1.817530527604849e-15,-9.491973407443386e-16,0.0
71.52,1.9167163989264087,-1.819342108821982e-15,-9.491973407443386e-16,0.0
71.54,1.9187898464291708,-1.8213102196777767e-15,-9.491973407443386e-16,0.0
71.56,1.920957191253399,-1.82336745762141e-15,-9.491973407443386e-16,0.0
71.58,1.923324489588205,-1.8256144909055564e-15,-9.491973407443386e-16,0.0
71.6,1.9251344138860678,-1.827332466236036e-15,-9.491973407443386e-16,0.0
71.62,1.9270152871539243,-1.8291177861401628e-15,-9.491973407443386e-16,0.0
71.64,1.9297909898403196,-1.831752475748786e-15,-9.491973407443386e-16,0.0
71.66,1.9322505282908704,-1.8340870631055075e-15,-9.491973407443386e-16,0.0
71.68,1.9342526682822614,-1.8359874890611338e-15,-9.491973407443386e-16,0.0
71.7,1.936252133413551,-1.8378853760466646e-15,-9.491973407443386e-16,0.0
71.72,1.9382300829280454,-1.8397628404659494e-15,-9.491973407443386e-16,0.0
71.74,1.9404295549135566,-1.8418505734256384e-15,-9.491973407443386e-16,0.0
71.76,1.941957328186592,-1.843300731753664e-15,-9.491973407443386e-16,0.0
71.78,1.9433930299272442,-1.8446634960279927e-15,-9.491973407443386e-16,0.0
71.8,1.9456003094463126,-1.846758639877772e-15,-9.491973407443386e-16,0.0
71.82,1.9477559500713777,-1.848804768226684e-15,-9.491973407443386e-16,0.0
71.84,1.9498366815354815,-1.8507797929992146e-15,-9.491973407443386e-16,0.0
71.86,1.9518057299783556,-1.852648808544987e-15,-9.491973407443386e-16,0.0
71.88,1.9533879072548737,-1.8541506070084445e-15,-9.491973407443386e-16,0.0
71.9,1.955544399217133,-1.8561975434443577e-15,-9.491973407443386e-16,0.0
71.92,1.957482126628014,-1.8580368291498536e-15,-9.491973407443386e-16,0.0
71.94,1.9593565093954086,-1.8598159882882017e-15,-9.491973407443386e-16,0.0
71.96,1.9616237276162067,-1.8619680257942702e-15,-9.491973407443386e-16,0.0
71.98,1.963887219861476,-1.864116526614275e-15,-9.491973407443386e-16,0.0
72.0,1.9652518331075812,-1.8654118138786225e-15,-9.491973407443386e-16,0.0
72.02,1.9675022150404988,-1.867547870425007e-15,-9.491973407443386e-16,0.0
72.04,1.969496118618919,-1.869440478399344e-15,-9.491973407443386e-16,0.0
72.06,1.972030723724058,-1.8718463188249788e-15,-9.491973407443386e-16,0.0
72.08,1.973802761188631,-1.873528332074051e-15,-9.491973407443386e-16,0.0
72.1,1.9751952187635495,-1.8748500491012627e-15,-9.491973407443386e-16,0.0
72.12,1.9768945589946199,-1.8764630583296146e-15,-9.491973407443386e-16,0.0
72.14,1.9794353617347722,-1.878874781533923e-15,-9.491973407443386e-16,0.0
72.16,1.981347587039628,-1.880689860708196e-15,-9.491973407443386e-16,0.0
72.18,1.9826903043060984,-1.8819643643669016e-15,-9.491973407443386e-16,0.0
72.2,1.9849510246560014,-1.884110234111196e-15,-9.491973407443386e-16,0.0
72.22,1.9876078003929207,-1.886632038575634e-15,-9.491973407443386e-16,0.0
72.24,1.9897619115059577,-1.8886767151157965e-15,-9.491973407443386e-16,0.0
72.26,1.9920078037627538,-1.890808510073546e-15,-9.491973407443386e-16,0.0
72.28,1.9934671840452685,-1.8921937499568436e-15,-9.491973407443386e-16,0.0
72.3,1.9949029755555738,-1.8935565994402888e-15,-9.491973407443386e-16,0.0
72.32,1.997004785072225,-1.8955516314442453e-15,-9.491973407443386e-16,0.0
72.34,1.9995585761279937,-1.8979756831231975e-15,-9.491973407443386e-16,0.0
72.36,2.0013608047672777,-1.899686353755019e-15,-9.491973407443386e-16,0.0
72.38,2.0034995531207866,-1.901716448004691e-15,-9.491973407443386e-16,0.0
72.4,2.00463426298454,-1.902793511589882e-15,-9.491973407443386e-16,0.0
72.42,2.0070891076441026,-1.905123643612679e-15,-9.491973407443386e-16,0.0
72.44,2.0088803602533005,-1.9068238958259312e-15,-9.491973407443386e-16,0.0
72.46,2.0102502322003697,-1.9081241746352496e-15,-9.491973407443386e-16,0.0
72.48,2.011254105703698,-1.9090770486950525e-15,-9.491973407443386e-16,0.0
72.5,2.012779567009068,-1.9105250125095176e-15,-9.491973407443386e-16,0.0
72.52,2.014832108360533,-1.9124732793020962e-15,-9.491973407443386e-16,0.0
72.54,2.016297265727268,-1.913864002778373e-15,-9.491973407443386e-16,0.0
72.56,2.017851271432364,-1.9153390608611516e-15,-9.491973407443386e-16,0.0
72.58,2.019426938370594,-1.916834679728818e-15,-9.491973407443386e-16,0.0
72.6,2.021700322433772,-1.9189925698360774e-15,-9.491973407443386e-16,0.0
72.62,2.023384110808785,-1.920590817284016e-15,-9.491973407443386e-16,0.0
72.64,2.024626835486154,-1.921770408243052e-15,-9.491973407443386e-16,0.0
72.66,2.026702864191452,-1.92374096916943e-15,-9.491973407443386e-16,0.0
72.68,2.028622021520148,-1.925562628202298e-15,-9.491973407443386e-16,0.0
72.7,2.0311274756260667,-1.9279407985769933e-15,-9.491973407443386e-16,0.0
72.72,2.033819100222344,-1.9304956814860618e-15,-9.491973407443386e-16,0.0
72.74,2.0357335927719995,-1.9323129127230697e-15,-9.491973407443386e-16,0.0
72.76,2.0374332213151187,-1.9339261956164516e-15,-9.491973407443386e-16,0.0
72.78,2.0396386232937216,-1.936019557309814e-15,-9.491973407443386e-16,0.0
72.8,2.041783794248289,-1.9380557478753315e-15,-9.491973407443386e-16,0.0
72.82,2.0434956044111,-1.9396805935297308e-15,-9.491973407443386e-16,0.0
72.84,2.045578031832927,-1.941657228100822e-15,-9.491973407443386e-16,0.0
72.86,2.0478212904188506,-1.9437865231851827e-15,-9.491973407443386e-16,0.0
72.88,2.049436854657336,-1.9453200124641548e-15,-9.491973407443386e-16,0.0
72.9,2.051625656642524,-1.9473976174879108e-15,-9.491973407443386e-16,0.0
72.92,2.0533469038281167,-1.949031420739239e-15,-9.491973407443386e-16,0.0
72.94,2.0548299700898074,-1.9504391432909833e-15,-9.491973407443386e-16,0.0
72.96,2.056767367708739,-1.9522781159588373e-15,-9.491973407443386e-16,0.0
72.98,2.0586887696643705,-1.954101905585624e-15,-9.491973407443386e-16,0.0
73.0,2.061058878637131,-1.9563516067198422e-15,-9.491973407443386e-16,0.0
73.02,2.0631066701190184,-1.9582953649488486e-15,-9.491973407443386e-16,0.0
73.04,2.0656621399502977,-1.960721010117051e-15,-9.491973407443386e-16,0.0
73.06,2.0680792275651476,-1.963015303253413e-15,-9.491973407443386e-16,0.0
73.08,2.0707145195013084,-1.9655167153513017e-15,-9.491973407443386e-16,0.0
73.1,2.0728454575501027,-1.967539396080508e-15,-9.491973407443386e-16,0.0
73.12,2.075260309149697,-1.9698315667971352e-15,-9.491973407443386e-16,0.0
73.14,2.0780013747730415,-1.9724333789976195e-15,-9.491973407443386e-16,0.0
73.16,2.0808985896345593,-1.9751834076397373e-15,-9.491973407443386e-16,0.0
73.18,2.082394085369807,-1.976602928214729e-15,-9.491973407443386e-16,0.0
73.2,2.0841641184848085,-1.9782830389405177e-15,-9.491973407443386e-16,0.0
73.22,2.086292956059878,-1.98030372590565e-15,-9.491973407443386e-16,0.0
73.24,2.088220559174443,-1.9821334016560055e-15,-9.491973407443386e-16,0.0
73.26,2.0912510640879436,-1.985009948861013e-15,-9.491973407443386e-16,0.0
73.28,2.093998430279888,-1.9876177415444577e-15,-9.491973407443386e-16,0.0
73.3,2.095573082240794,-1.9891123969983472e-15,-9.491973407443386e-16,0.0
73.32,2.0966831088280555,-1.9901660312831312e-15,-9.491973407443386e-16,0.0
73.34,2.098797886695335,-1.9921733728110182e-15,-9.491973407443386e-16,0.0
73.36,2.10083495092066,-1.994106948756622e-15,-9.491973407443386e-16,0.0
73.38,2.1031277516516833,-1.996283269113366e-15,-9.491973407443386e-16,0.0
73.4,2.1056237934857904,-1.998652505384687e-15,-9.491973407443386e-16,0.0
73.42,2.107364810429621,-2.000305074037962e-15,-9.491973407443386e-16,0.0
73.44,2.109219728210692,-2.002065757063054e-15,-9.491973407443386e-16,0.0
73.46,2.111935209335962,-2.0046432845260015e-15,-9.491973407443386e-16,0.0
73.48,2.1138107315927,-2.006423525264604e-15,-9.491973407443386e-16,0.0
73.5,2.1156401909373073,-2.008160043209505e-15,-9.491973407443386e-16,0.0
73.52,2.117628621353438,-2.010047456072751e-15,-9.491973407443386e-16,0.0
73.54,2.119734288735547,-2.012046149952341e-15,-9.491973407443386e-16,0.0
73.56,2.121932320671215,-2.0141325160205484e-15,-9.491973407443386e-16,0.0
73.58,2.124150689532047,-2.0162381858440403e-15,-9.491973407443386e-16,0.0
73.6,2.1262565273967686,-2.0182370415452724e-15,-9.491973407443386e-16,0.0
73.62,2.127074473635084,-2.019013433939553e-15,-9.491973407443386e-16,0.0
73.64,2.129578093824127,-2.0213898635652264e-15,-9.491973407443386e-16,0.0
73.66,2.1314677775909674,-2.023183546371559e-15,-9.491973407443386e-16,0.0
73.68,2.133780807779471,-2.025379068475548e-15,-9.491973407443386e-16,0.0
73.7,2.1360762806841493,-2.027557925252419e-15,-9.491973407443386e-16,0.0
73.72,2.1383672994952634,-2.029732554215524e-15,-9.491973407443386e-16,0.0
73.74,2.1399666724121706,-2.0312506747351107e-15,-9.491973407443386e-16,0.0
73.76,2.1420726523280855,-2.033249665270958e-15,-9.491973407443386e-16,0.0
73.78,2.1438005540691534,-2.0348897850086474e-15,-9.491973407443386e-16,0.0
73.8,2.1461507985431525,-2.0371206308134664e-15,-9.491973407443386e-16,0.0
73.82,2.1478773147479684,-2.0387594354038295e-15,-9.491973407443386e-16,0.0
73.84,2.150330748586033,-2.0410882282786125e-15,-9.491973407443386e-16,0.0
73.86,2.1519169208827638,-2.042593818804632e-15,-9.491973407443386e-16,0.0
73.88,2.153164532583249,-2.043778048513014e-15,-9.491973407443386e-16,0.0
73.9,2.155107448857087,-2.04562225947343e-15,-9.491973407443386e-16,0.0
73.92,2.1568931902880566,-2.047317280490963e-15,-9.491973407443386e-16,0.0
73.94,2.1587933572017612,-2.049120913872422e-15,-9.491973407443386e-16,0.0
73.96,2.160575944692428,-2.050812941178207e-15,-9.491973407443386e-16,0.0
73.98,2.1621929556910557,-2.0523478037180587e-15,-9.491973407443386e-16,0.0
74.0,2.1636681514794103,-2.053748055637442e-15,-9.491973407443386e-16,0.0
74.02,2.1652331506490357,-2.0552335486875175e-15,-9.491973407443386e-16,0.0
74.04,2.167324950544209,-2.057219079585385e-15,-9.491973407443386e-16,0.0
74.06,2.168429830019026,-2.0582678282447247e-15,-9.491973407443386e-16,0.0
74.08,2.170659163406753,-2.060383905567988e-15,-9.491973407443386e-16,0.0
74.1,2.172377763430704,-2.0620151961405252e-15,-9.491973407443386e-16,0.0
74.12,2.1741648086792296,-2.0637114547382152e-15,-9.491973407443386e-16,0.0
74.14,2.1764195812459297,-2.0658516788625102e-15,-9.491973407443386e-16,0.0
74.16,2.1786587879432258,-2.067977127904961e-15,-9.491973407443386e-16,0.0
74.18,2.1798495164836287,-2.0691073642690595e-15,-9.491973407443386e-16,0.0
74.2,2.1821513881157095,-2.0712922947009655e-15,-9.491973407443386e-16,0.0
74.22,2.1844029288585465,-2.073429451186644e-15,-9.491973407443386e-16,0.0
74.24,2.186552231281322,-2.0754695633307978e-15,-9.491973407443386e-16,0.0
74.26,2.188733735540738,-2.077540241372658e-15,-9.491973407443386e-16,0.0
74.28,2.191172922299517,-2.07985551095767e-15,-9.491973407443386e-16,0.0
74.3,2.1931400575451856,-2.081722710501743e-15,-9.491973407443386e-16,0.0
74.32,2.194994279684749,-2.083482733225766e-15,-9.491973407443386e-16,0.0
74.34,2.196626946918353,-2.085032456622223e-15,-9.491973407443386e-16,0.0
74.36,2.1988386923564027,-2.087131839510423e-15,-9.491973407443386e-16,0.0
74.38,2.2016936802007487,-2.089841786380134e-15,-9.491973407443386e-16,0.0
74.4,2.2034113315731507,-2.091472176495144e-15,-9.491973407443386e-16,0.0
74.42,2.205182170087482,-2.093153051703835e-15,-9.491973407443386e-16,0.0
74.44,2.2070966104577434,-2.0949702334123004e-15,-9.491973407443386e-16,0.0
74.46,2.2081816745384493,-2.0960001733522436e-15,-9.491973407443386e-16,0.0
74.48,2.2098560335439035,-2.097589470467672e-15,-9.491973407443386e-16,0.0
74.5,2.211693735482046,-2.0993338122604378e-15,-9.491973407443386e-16,0.0
74.52,2.213974458571371,-2.101498668551799e-15,-9.491973407443386e-16,0.0
74.54,2.2165722344738654,-2.1039644705302963e-15,-9.491973407443386e-16,0.0
74.56,2.2181235103691357,-2.1054369374848475e-15,-9.491973407443386e-16,0.0
74.58,2.2204046552178744,-2.107602194109123e-15,-9.491973407443386e-16,0.0
74.6,2.221815245657086,-2.108941122802902e-15,-9.491973407443386e-16,0.0
74.62,2.223562598907869,-2.110599705861886e-15,-9.491973407443386e-16,0.0
74.64,2.2249752390438773,-2.111940580122414e-15,-9.491973407443386e-16,0.0
74.66,2.226905204619302,-2.113772498314335e-15,-9.491973407443386e-16,0.0
74.68,2.2286614996149607,-2.1154395688537772e-15,-9.491973407443386e-16,0.0
74.7,2.2304699525086527,-2.117156147531331e-15,-9.491973407443386e-16,0.0
74.72,2.232341721547563,-2.1189328257255522e-15,-9.491973407443386e-16,0.0
74.74,2.234874547801366,-2.1213369776702295e-15,-9.491973407443386e-16,0.0
74.76,2.236965436297604,-2.123321643470651e-15,-9.491973407443386e-16,0.0
74.78,2.2397365051029388,-2.1259519346116945e-15,-9.491973407443386e-16,0.0
74.8,2.2412916802235947,-2.1274281027006127e-15,-9.491973407443386e-16,0.0
74.82,2.242996199091203,-2.1290460274769953e-15,-9.491973407443386e-16,0.0
74.84,2.244902547686109,-2.1308555284938118e-15,-9.491973407443386e-16,0.0
74.86,2.2469779637770353,-2.132825507928257e-15,-9.491973407443386e-16,0.0
74.88,2.248855001833451,-2.1346071874598828e-15,-9.491973407443386e-16,0.0
74.9,2.2511992905739495,-2.1368323800983008e-15,-9.491973407443386e-16,0.0
74.92,2.253476678559761,-2.138994070718276e-15,-9.491973407443386e-16,0.0
74.94,2.2549488990767985,-2.1403914985180378e-15,-9.491973407443386e-16,0.0
74.96,2.257028784126423,-2.142365719876195e-15,-9.491973407443386e-16,0.0
74.98,2.2599262161647844,-2.145115954661995e-15,-9.491973407443386e-16,0.0
75.0,2.262277359064706,-2.1473476532503106e-15,-9.491973407443386e-16,0.0
75.02,2.264653242616039,-2.149602835599154e-15,-9.491973407443386e-16,0.0
75.04,2.2666055176202584,-2.151455929841561e-15,-9.491973407443386e-16,0.0
75.06,2.2682022383446174,-2.1529715329070338e-15,-9.491973407443386e-16,0.0
75.08,2.269945645798976,-2.154626370626545e-15,-9.491973407443386e-16,0.0
75.1,2.2725509064541645,-2.1570992771123956e-15,-9.491973407443386e-16,0.0
75.12,2.274657067864116,-2.1590984399219e-15,-9.491973407443386e-16,0.0
75.14,2.276721122722002,-2.1610576353041557e-15,-9.491973407443386e-16,0.0
75.16,2.2785632374436884,-2.162806165699326e-15,-9.491973407443386e-16,0.0
75.18,2.2813761229822656,-2.1654761491723616e-15,-9.491973407443386e-16,0.0
75.2,2.2839347192093418,-2.167904761907141e-15,-9.491973407443386e-16,0.0
75.22,2.2858056059375667,-2.169680602614406e-15,-9.491973407443386e-16,0.0
75.24,2.2870179829226553,-2.1708313876246317e-15,-9.491973407443386e-16,0.0
75.26,2.288649108036707,-2.172379647245311e-15,-9.491973407443386e-16,0.0
75.28,2.290391211802385,-2.174033247506993e-15,-9.491973407443386e-16,0.0
75.3,2.292049504264668,-2.175607294302368e-15,-9.491973407443386e-16,0.0
75.32,2.293892967739958,-2.177357104930873e-15,-9.491973407443386e-16,0.0
75.34,2.295219101840179,-2.178615867892273e-15,-9.491973407443386e-16,0.0
75.36,2.2976147595510947,-2.180889819820808e-15,-9.491973407443386e-16,0.0
75.38,2.299763619364374,-2.182929511841205e-15,-9.491973407443386e-16,0.0
75.4,2.301514614910985,-2.1845915521577034e-15,-9.491973407443386e-16,0.0
75.42,2.303812149898827,-2.18677236625843e-15,-9.491973407443386e-16,0.0
75.44,2.3060300443070427,-2.1888775857327605e-15,-9.491973407443386e-16,0.0
75.46,2.3083944720617464,-2.1911218942699073e-15,-9.491973407443386e-16,0.0
75.48,2.3108965046117076,-2.193496816912786e-15,-9.491973407443386e-16,0.0
75.5,2.312406329727154,-2.194929938897357e-15,-9.491973407443386e-16,0.0
75.52,2.314353675711945,-2.1967783545276298e-15,-9.491973407443386e-16,0.0
75.54,2.3162791772357476,-2.1986060354536226e-15,-9.491973407443386e-16,0.0
75.56,2.3183704630259427,-2.200591078364412e-15,-9.491973407443386e-16,0.0
75.58,2.3203642737373333,-2.2024835981896115e-15,-9.491973407443386e-16,0.0
75.6,2.3224463692255033,-2.204459917690158e-15,-9.491973407443386e-16,0.0
75.62,2.3241915207650172,-2.2061164108906605e-15,-9.491973407443386e-16,0.0
75.64,2.3265182369243322,-2.2083249236817494e-15,-9.491973407443386e-16,0.0
75.66,2.328016716384826,-2.20974727640081e-15,-9.491973407443386e-16,0.0
75.68,2.33029920062715,-2.2119138043739152e-15,-9.491973407443386e-16,0.0
75.7,2.3319932951350575,-2.2135218343757903e-15,-9.491973407443386e-16,0.0
75.72,2.3340282742928378,-2.2154534311808257e-15,-9.491973407443386e-16,0.0
75.74,2.336107488092309,-2.2174270153901225e-15,-9.491973407443386e-16,0.0
75.76,2.3378991617930756,-2.2191276673023717e-15,-9.491973407443386e-16,0.0
75.78,2.3397954426681857,-2.220927612066331e-15,-9.491973407443386e-16,0.0
75.8,2.3416226974107563,-2.2226620374088413e-15,-9.491973407443386e-16,0.0
75.82,2.3425421715007624,-2.2235347997699583e-15,-9.491973407443386e-16,0.0
75.84,2.344312404740268,-2.2252151004533942e-15,-9.491973407443386e-16,0.0
75.86,2.346379364562399,-2.227177053219987e-15,-9.491973407443386e-16,0.0
75.88,2.3482690696368476,-2.2289707562514445e-15,-9.491973407443386e-16,0.0
75.9,2.349834980040854,-2.230457114242771e-15,-9.491973407443386e-16,0.0
75.92,2.352067236016924,-2.2325759656791178e-15,-9.491973407443386e-16,0.0
75.94,2.354124335025759,-2.2345285585879515e-15,-9.491973407443386e-16,0.0
75.96,2.3562678326997584,-2.2365631608800036e-15,-9.491973407443386e-16,0.0
75.98,2.3584646422193107,-2.2386483666340844e-15,-9.491973407443386e-16,0.0
76.0,2.360803804730341,-2.2408686934691226e-15,-9.491973407443386e-16,0.0
76.02,2.3623485644818563,-2.24233497531735e-15,-9.491973407443386e-16,0.0
76.04,2.363261068330522,-2.2432011215439227e-15,-9.491973407443386e-16,0.0
76.06,2.3648039799522933,-2.2446656491523116e-15,-9.491973407443386e-16,0.0
76.08,2.3670064397983666,-2.2467562181813003e-15,-9.491973407443386e-16,0.0
76.1,2.368870582815361,-2.2485256577757983e-15,-9.491973407443386e-16,0.0
76.12,2.3711397273507093,-2.250679523734515e-15,-9.491973407443386e-16,0.0
76.14,2.372527033096726,-2.2519963506594335e-15,-9.491973407443386e-16,0.0
76.16,2.375132072965591,-2.254469047575493e-15,-9.491973407443386e-16,0.0
76.18,2.3770240420543574,-2.25626489960332e-15,-9.491973407443386e-16,0.0
76.2,2.3785757674936923,-2.257737793263902e-15,-9.491973407443386e-16,0.0
76.22,2.3804131111997595,-2.2594817950237347e-15,-9.491973407443386e-16,0.0
76.24,2.3823167329963613,-2.261288707770852e-15,-9.491973407443386e-16,0.0
76.26,2.3839537653458645,-2.2628425745237132e-15,-9.491973407443386e-16,0.0
76.28,2.3861090503987645,-2.264888365364472e-15,-9.491973407443386e-16,0.0
76.3,2.3882175533236687,-2.266889750733743e-15,-9.491973407443386e-16,0.0
76.32,2.389973055140413,-2.2685560683898685e-15,-9.491973407443386e-16,0.0
76.34,2.3919418470084537,-2.270424840395492e-15,-9.491973407443386e-16,0.0
76.36,2.3939429351448864,-2.272324267933189e-15,-9.491973407443386e-16,0.0
76.38,2.3960203575331014,-2.2742961517396854e-15,-9.491973407443386e-16,0.0
76.4,2.3982773577241483,-2.2764384903190866e-15,-9.491973407443386e-16,0.0
76.42,2.4006943788011283,-2.2787327202978788e-15,-9.491973407443386e-16,0.0
76.44,2.402066359130652,-2.280035000378216e-15,-9.491973407443386e-16,0.0
76.46,2.4045339987307943,-2.282377277324587e-15,-9.491973407443386e-16,0.0
76.48,2.406984132031899,-2.284702937338465e-15,-9.491973407443386e-16,0.0
76.5,2.4091435007725783,-2.286752604404804e-15,-9.491973407443386e-16,0.0
76.52,2.4113816705922395,-2.2888770692457606e-15,-9.491973407443386e-16,0.0
76.54,2.4127104065456013,-2.2901383018792427e-15,-9.491973407443386e-16,0.0
76.56,2.415281277906602,-2.2925785661385e-15,-9.491973407443386e-16,0.0
76.58,2.416967596249253,-2.294179215024993e-15,-9.491973407443386e-16,0.0
76.6,2.4194204681740716,-2.296507474533217e-15,-9.491973407443386e-16,0.0
76.62,2.421590721469998,-2.298567473190452e-15,-9.491973407443386e-16,0.0
76.64,2.4234121830746846,-2.3002963997018885e-15,-9.491973407443386e-16,0.0
76.66,2.4251989183399703,-2.3019923640643117e-15,-9.491973407443386e-16,0.0
76.68,2.426435779488382,-2.303166389377254e-15,-9.491973407443386e-16,0.0
76.7,2.4285778111677088,-2.3051996001510615e-15,-9.491973407443386e-16,0.0
76.72,2.4306821307591333,-2.307197014711318e-15,-9.491973407443386e-16,0.0
76.74,2.4327513774863645,-2.3091611382021497e-15,-9.491973407443386e-16,0.0
76.76,2.4351367268000077,-2.3114253054274062e-15,-9.491973407443386e-16,0.0
76.78,2.436981093016277,-2.313175972935248e-15,-9.491973407443386e-16,0.0
76.8,2.438989578320852,-2.3150824218452743e-15,-9.491973407443386e-16,0.0
76.82,2.441291965188972,-2.3172678413378587e-15,-9.491973407443386e-16,0.0
76.84,2.4436950971964713,-2.319548887848835e-15,-9.491973407443386e-16,0.0
76.86,2.445436385640462,-2.3212017142093397e-15,-9.491973407443386e-16,0.0
76.88,2.4473250488722598,-2.3229944283265234e-15,-9.491973407443386e-16,0.0
76.9,2.449265829419933,-2.3248366120613436e-15,-9.491973407443386e-16,0.0
76.92,2.4514592611038366,-2.326918611582809e-15,-9.491973407443386e-16,0.0
76.94,2.4535729571745684,-2.3289249262722894e-15,-9.491973407443386e-16,0.0
76.96,2.455959520627866,-2.3311902459556773e-15,-9.491973407443386e-16,0.0
76.98,2.4576863561104774,-2.332829353603675e-15,-9.491973407443386e-16,0.0
77.0,2.460188402595042,-2.3352042894732423e-15,-9.491973407443386e-16,0.0
77.02,2.462496447338135,-2.337395079405705e-15,-9.491973407443386e-16,0.0
77.04,2.463894853728894,-2.3387224430330935e-15,-9.491973407443386e-16,0.0
77.06,2.4661557040538025,-2.340868436149318e-15,-9.491973407443386e-16,0.0
77.08,2.4688613728185267,-2.343436649745729e-15,-9.491973407443386e-16,0.0
77.1,2.4700890476392163,-2.3446019554208264e-15,-9.491973407443386e-16,0.0
77.12,2.47197223519966,-2.3463894720453222e-15,-9.491973407443386e-16,0.0
77.14,2.4731470519984566,-2.347504605026602e-15,-9.491973407443386e-16,0.0
77.16,2.4754635126608817,-2.3497033833273148e-15,-9.491973407443386e-16,0.0
77.18,2.4775246040181464,-2.3516597657626617e-15,-9.491973407443386e-16,0.0
77.2,2.480347351784107,-2.3543391104357033e-15,-9.491973407443386e-16,0.0
77.22,2.482469974030277,-2.3563538978271728e-15,-9.491973407443386e-16,0.0
77.24,2.484906746775957,-2.3586668760373705e-15,-9.491973407443386e-16,0.0
77.26,2.4864443046974976,-2.3601263219277373e-15,-9.491973407443386e-16,0.0
77.28,2.4883185393760834,-2.3619053405005818e-15,-9.491973407443386e-16,0.0
77.3,2.4899149029627257,-2.363420604571884e-15,-9.491973407443386e-16,0.0
77.32,2.491631255983522,-2.365049762295002e-15,-9.491973407443386e-16,0.0
77.34,2.4936559970922034,-2.3669716411710585e-15,-9.491973407443386e-16,0.0
77.36,2.4962646664717942,-2.369447783209047e-15,-9.491973407443386e-16,0.0
77.38,2.4983898236397697,-2.3714649767415532e-15,-9.491973407443386e-16,0.0
77.4,2.499897113917068,-2.372895692664495e-15,-9.491973407443386e-16,0.0
77.42,2.501606453258223,-2.374518193021549e-15,-9.491973407443386e-16,0.0
77.44,2.503915349047162,-2.3767097907644657e-15,-9.491973407443386e-16,0.0
77.46,2.5062390463129183,-2.3789154380298164e-15,-9.491973407443386e-16,0.0
77.48,2.507751251298669,-2.380350818980951e-15,-9.491973407443386e-16,0.0
77.5,2.509054074965634,-2.381587455741093e-15,-9.491973407443386e-16,0.0
77.52,2.5106628688082986,-2.383114518578356e-15,-9.491973407443386e-16,0.0
77.54,2.51276788359077,-2.3851125930121054e-15,-9.491973407443386e-16,0.0
77.56,2.51514497608642,-2.3873689228876796e-15,-9.491973407443386e-16,0.0
77.58,2.517218798076206,-2.3893373892055614e-15,-9.491973407443386e-16,0.0
77.6,2.518613022767508,-2.390660783574945e-15,-9.491973407443386e-16,0.0
77.62,2.520929724212242,-2.392859790425585e-15,-9.491973407443386e-16,0.0
77.64,2.5221408467970607,-2.3940093847624102e-15,-9.491973407443386e-16,0.0
77.66,2.524506117194206,-2.3962544931335218e-15,-9.491973407443386e-16,0.0
77.68,2.526385753615086,-2.3980386390257872e-15,-9.491973407443386e-16,0.0
77.7,2.5284418113356097,-2.3999902435465247e-15,-9.491973407443386e-16,0.0
77.72,2.5306605465838343,-2.4020962611439552e-15,-9.491973407443386e-16,0.0
77.74,2.5322145056752348,-2.403571274981138e-15,-9.491973407443386e-16,0.0
77.76,2.5346204356142645,-2.405854977281282e-15,-9.491973407443386e-16,0.0
77.78,2.5364317229161997,-2.407574246371603e-15,-9.491973407443386e-16,0.0
77.8,2.538007329732053,-2.4090698081712697e-15,-9.491973407443386e-16,0.0
77.82,2.540119306657011,-2.411074491052153e-15,-9.491973407443386e-16,0.0
77.84,2.541816357544298,-2.4126853272414735e-15,-9.491973407443386e-16,0.0
77.86,2.5434046909082126,-2.414192969046717e-15,-9.491973407443386e-16,0.0
77.88,2.545040167263963,-2.4157453588544453e-15,-9.491973407443386e-16,0.0
77.9,2.547151219416145,-2.4177491639434696e-15,-9.491973407443386e-16,0.0
77.92,2.548879690477813,-2.419389824078758e-15,-9.491973407443386e-16,0.0
77.94,2.5504355676671535,-2.420866658569405e-15,-9.491973407443386e-16,0.0
77.96,2.5521162825857067,-2.422461988700645e-15,-9.491973407443386e-16,0.0
77.98,2.5550512136420847,-2.4252478174546272e-15,-9.491973407443386e-16,0.0
78.0,2.5567417364696388,-2.4268524572270095e-15,-9.491973407443386e-16,0.0
78.02,2.5598791562051466,-2.429830487696752e-15,-9.491973407443386e-16,0.0
78.04,2.5623868078117074,-2.4322107439332127e-15,-9.491973407443386e-16,0.0
78.06,2.5649602179851003,-2.434653418026442e-15,-9.491973407443386e-16,0.0
78.08,2.5672283944793124,-2.436806365123087e-15,-9.491973407443386e-16,0.0
78.1,2.5694083857381322,-2.4388756070288046e-15,-9.491973407443386e-16,0.0
78.12,2.5717251195079727,-2.44107464456235e-15,-9.491973407443386e-16,0.0
78.14,2.573525703513633,-2.4427837541123094e-15,-9.491973407443386e-16,0.0
78.16,2.574759776567671,-2.4439551329734862e-15,-9.491973407443386e-16,0.0
78.18,2.5770562068690652,-2.4461348985087745e-15,-9.491973407443386e-16,0.0
78.2,2.579170651846569,-2.448141924058571e-15,-9.491973407443386e-16,0.0
78.22,2.5807261754604816,-2.449618422936362e-15,-9.491973407443386e-16,0.0
78.24,2.582532875426182,-2.4513333377393275e-15,-9.491973407443386e-16,0.0
78.26,2.5838826903143954,-2.452614578441717e-15,-9.491973407443386e-16,0.0
78.28,2.5854158740016957,-2.4540698723205752e-15,-9.491973407443386e-16,0.0
78.3,2.587327920882441,-2.4558847821351573e-15,-9.491973407443386e-16,0.0
78.32,2.589346018976719,-2.457800355479607e-15,-9.491973407443386e-16,0.0
78.34,2.59179284611058,-2.4601228772883294e-15,-9.491973407443386e-16,0.0
78.36,2.5936052443050457,-2.4618432008348862e-15,-9.491973407443386e-16,0.0
78.38,2.5947675497859826,-2.462946458106524e-15,-9.491973407443386e-16,0.0
78.4,2.596381789889823,-2.4644786905204123e-15,-9.491973407443386e-16,0.0
78.42,2.5984912702110208,-2.466481003631646e-15,-9.491973407443386e-16,0.0
78.44,2.600629209228585,-2.4685103296617916e-15,-9.491973407443386e-16,0.0
78.46,2.602697322450304,-2.4704733772322053e-15,-9.491973407443386e-16,0.0
78.48,2.604229037574732,-2.4719272771550903e-15,-9.491973407443386e-16,0.0
78.5,2.6065490159929503,-2.4741293945002475e-15,-9.491973407443386e-16,0.0
78.52,2.6084449309427478,-2.4759289919288724e-15,-9.491973407443386e-16,0.0
78.54,2.6097858630130726,-2.4772018010841435e-15,-9.491973407443386e-16,0.0
78.56,2.6123336837002973,-2.4796201857051507e-15,-9.491973407443386e-16,0.0
78.58,2.614182104541499,-2.4813747018521956e-15,-9.491973407443386e-16,0.0
78.6,2.616529311433441,-2.483602664392204e-15,-9.491973407443386e-16,0.0
78.62,2.618603146417743,-2.485571143044446e-15,-9.491973407443386e-16,0.0
78.64,2.6208322893130185,-2.4876870395527803e-15,-9.491973407443386e-16,0.0
78.66,2.6224583086986373,-2.489230452829608e-15,-9.491973407443386e-16,0.0
78.68,2.6244608444100708,-2.4911312544016463e-15,-9.491973407443386e-16,0.0
78.7,2.6262375655601407,-2.4928177133925367e-15,-9.491973407443386e-16,0.0
78.72,2.6285394427835893,-2.4950026491317545e-15,-9.491973407443386e-16,0.0
78.74,2.630658427301436,-2.497013983601173e-15,-9.491973407443386e-16,0.0
78.76,2.632664243598316,-2.498917899096193e-15,-9.491973407443386e-16,0.0
78.78,2.6354554464628,-2.501567301432639e-15,-9.491973407443386e-16,0.0
78.8,2.636968068998291,-2.503003078720877e-15,-9.491973407443386e-16,0.0
78.82,2.638361981241845,-2.5043261765156894e-15,-9.491973407443386e-16,0.0
78.84,2.640013642573955,-2.5058939290599388e-15,-9.491973407443386e-16,0.0
78.86,2.6422064127038998,-2.507975300636146e-15,-9.491973407443386e-16,0.0
78.88,2.6436367894784456,-2.5093330104668076e-15,-9.491973407443386e-16,0.0
78.9,2.6450970722722036,-2.5107191070113776e-15,-9.491973407443386e-16,0.0
78.92,2.6472644244823686,-2.5127763519657227e-15,-9.491973407443386e-16,0.0
78.94,2.6495093612077447,-2.514907239935589e-15,-9.491973407443386e-16,0.0
78.96,2.652517121829158,-2.51776219831903e-15,-9.491973407443386e-16,0.0
78.98,2.6540619797199874,-2.519228573320833e-15,-9.491973407443386e-16,0.0
79.0,2.6563856938759063,-2.521434236618281e-15,-9.491973407443386e-16,0.0
79.02,2.658249199461478,-2.523203071164568e-15,-9.491973407443386e-16,0.0
79.04,2.660411082964959,-2.5252551252370713e-15,-9.491973407443386e-16,0.0
79.06,2.662392584600353,-2.527135961320068e-15,-9.491973407443386e-16,0.0
79.08,2.664443317714656,-2.52908251173874e-15,-9.491973407443386e-16,0.0
79.1,2.665911414059428,-2.5304760248851545e-15,-9.491973407443386e-16,0.0
79.12,2.6684759432605167,-2.532910269183089e-15,-9.491973407443386e-16,0.0
79.14,2.669782733884826,-2.534150671368593e-15,-9.491973407443386e-16,0.0
79.16,2.672168866520662,-2.536415582121192e-15,-9.491973407443386e-16,0.0
79.18,2.67366320107373,-2.5378340005051464e-15,-9.491973407443386e-16,0.0
79.2,2.675529642484094,-2.539605621728519e-15,-9.491973407443386e-16,0.0
79.22,2.6775486453410138,-2.5415220538712627e-15,-9.491973407443386e-16,0.0
79.24,2.6795579917949772,-2.543429320181999e-15,-9.491973407443386e-16,0.0
79.26,2.6817084490379286,-2.545470528478393e-15,-9.491973407443386e-16,0.0
79.28,2.6833118747183966,-2.5469924958703742e-15,-9.491973407443386e-16,0.0
79.3,2.685650194756739,-2.549212023032578e-15,-9.491973407443386e-16,0.0
79.32,2.688193557324901,-2.551626176018826e-15,-9.491973407443386e-16,0.0
79.34,2.6905079211503433,-2.553822964007451e-15,-9.491973407443386e-16,0.0
79.36,2.692630512913417,-2.555837722464446e-15,-9.491973407443386e-16,0.0
79.38,2.6949634378468783,-2.5580521286074438e-15,-9.491973407443386e-16,0.0
79.4,2.696525093482069,-2.559534447983525e-15,-9.491973407443386e-16,0.0
79.42,2.69863566722548,-2.561537798968216e-15,-9.491973407443386e-16,0.0
79.44,2.700035939990379,-2.5628669341529747e-15,-9.491973407443386e-16,0.0
79.46,2.7014608572369747,-2.564219461814224e-15,-9.491973407443386e-16,0.0
79.48,2.7033680056312854,-2.5660297219985086e-15,-9.491973407443386e-16,0.0
79.5,2.7048413788468006,-2.5674282439365996e-15,-9.491973407443386e-16,0.0
79.52,2.7072106998915797,-2.569677197171674e-15,-9.491973407443386e-16,0.0
79.54,2.7090272992203204,-2.5714015084237124e-15,-9.491973407443386e-16,0.0
79.56,2.711363177989231,-2.5736187183394632e-15,-9.491973407443386e-16,0.0
79.58,2.7138616595109912,-2.575990270355817e-15,-9.491973407443386e-16,0.0
79.6,2.715972412739889,-2.5779937917076547e-15,-9.491973407443386e-16,0.0
79.62,2.717352870648075,-2.5793041186831142e-15,-9.491973407443386e-16,0.0
79.64,2.719729820830862,-2.5815603134756975e-15,-9.491973407443386e-16,0.0
79.66,2.7220669979325534,-2.5837787557654714e-15,-9.491973407443386e-16,0.0
79.68,2.7245914717534268,-2.586174979603023e-15,-9.491973407443386e-16,0.0
79.7,2.7272135757922538,-2.5886638737838327e-15,-9.491973407443386e-16,0.0
79.72,2.729253912969139,-2.590600556406354e-15,-9.491973407443386e-16,0.0
79.74,2.7323753632676597,-2.5935634287289755e-15,-9.491973407443386e-16,0.0
79.76,2.7340872965698977,-2.5951883912669916e-15,-9.491973407443386e-16,0.0
79.78,2.7362494374122073,-2.5972406896048267e-15,-9.491973407443386e-16,0.0
79.8,2.7387870309494717,-2.599649366642288e-15,-9.491973407443386e-16,0.0
79.82,2.7405054012130257,-2.6012804391268677e-15,-9.491973407443386e-16,0.0
79.84,2.7423490590314668,-2.6030304342253744e-15,-9.491973407443386e-16,0.0
79.86,2.744271869269685,-2.6048555605902473e-15,-9.491973407443386e-16,0.0
79.88,2.746799744995506,-2.6072550135069287e-15,-9.491973407443386e-16,0.0
79.9,2.7492458998134444,-2.6095768971551647e-15,-9.491973407443386e-16,0.0
79.92,2.7515594377276402,-2.6117729011910306e-15,-9.491973407443386e-16,0.0
79.94,2.7533386781689626,-2.6134617514864784e-15,-9.491973407443386e-16,0.0
79.96,2.755332080522913,-2.6153538836998814e-15,-9.491973407443386e-16,0.0
79.98,2.757614407738304,-2.617520262623439e-15,-9.491973407443386e-16,0.0
80.0,2.759646338940803,-2.6194489663174267e-15,-9.491973407443386e-16,0.0
80.02,2.7615108159391313,-2.621218722926119e-15,-9.491973407443386e-16,0.0
80.04,2.763603281948423,-2.6232048860977366e-15,-9.491973407443386e-16,0.0
80.06,2.7651160388102975,-2.624640790888221e-15,-9.491973407443386e-16,0.0
80.08,2.7670474249891313,-2.6264740575131203e-15,-9.491973407443386e-16,0.0
80.1,2.7690316591358104,-2.628357487288562e-15,-9.491973407443386e-16,0.0
80.12,2.770812470892303,-2.6300478290721913e-15,-9.491973407443386e-16,0.0
80.14,2.773130176787093,-2.6322477893441534e-15,-9.491973407443386e-16,0.0
80.16,2.7754335581277227,-2.634434152787399e-15,-9.491973407443386e-16,0.0
80.18,2.777462142464617,-2.636359679645455e-15,-9.491973407443386e-16,0.0
80.2,2.7790411879070693,-2.637858505380345e-15,-9.491973407443386e-16,0.0
80.22,2.7813531608034556,-2.6400530239054675e-15,-9.491973407443386e-16,0.0
80.24,2.7828414680490465,-2.641465721185193e-15,-9.491973407443386e-16,0.0
80.26,2.7845012562365747,-2.643041187718994e-15,-9.491973407443386e-16,0.0
80.28,2.7863206445606417,-2.6447681462779796e-15,-9.491973407443386e-16,0.0
80.3,2.7880873072256596,-2.646445057781607e-15,-9.491973407443386e-16,0.0
80.32,2.79006293720154,-2.648320320501008e-15,-9.491973407443386e-16,0.0
80.34,2.7919647769967417,-2.650125541777135e-15,-9.491973407443386e-16,0.0
80.36,2.7936055905895145,-2.6516829976760524e-15,-9.491973407443386e-16,0.0
80.38,2.796720622197017,-2.6546397773942285e-15,-9.491973407443386e-16,0.0
80.4,2.799015860329918,-2.6568184113263528e-15,-9.491973407443386e-16,0.0
80.42,2.8011351996192304,-2.6588300825439035e-15,-9.491973407443386e-16,0.0
80.44,2.802677277628714,-2.6602938188897254e-15,-9.491973407443386e-16,0.0
80.46,2.804221163282689,-2.661759271046892e-15,-9.491973407443386e-16,0.0
80.48,2.806420513932673,-2.663846888835221e-15,-9.491973407443386e-16,0.0
80.5,2.808559939901883,-2.665877626275914e-15,-9.491973407443386e-16,0.0
80.52,2.81052015969719,-2.6677382616928945e-15,-9.491973407443386e-16,0.0
80.54,2.8128680402976194,-2.669966863715207e-15,-9.491973407443386e-16,0.0
80.56,2.8152366657286234,-2.6722151566755354e-15,-9.491973407443386e-16,0.0
80.58,2.816775802231668,-2.673676100951268e-15,-9.491973407443386e-16,0.0
80.6,2.81829475216324,-2.67511788418704e-15,-9.491973407443386e-16,0.0
80.62,2.8199653388033528,-2.676703600583318e-15,-9.491973407443386e-16,0.0
80.64,2.8216130927489935,-2.6782676442467215e-15,-9.491973407443386e-16,0.0
80.66,2.823756599160878,-2.680302254832751e-15,-9.491973407443386e-16,0.0
80.68,2.826191932175795,-2.682613866454337e-15,-9.491973407443386e-16,0.0
80.7,2.827758509013939,-2.6841008570231752e-15,-9.491973407443386e-16,0.0
80.72,2.8300007018253375,-2.6862291404771907e-15,-9.491973407443386e-16,0.0
80.74,2.8319583015122474,-2.6880872888942477e-15,-9.491973407443386e-16,0.0
80.76,2.8337366770711303,-2.689775318245584e-15,-9.491973407443386e-16,0.0
80.78,2.8353468203444065,-2.6913036619587956e-15,-9.491973407443386e-16,0.0
80.8,2.8379371430878537,-2.6937623894185454e-15,-9.491973407443386e-16,0.0
80.82,2.8398943043038103,-2.695620121640139e-15,-9.491973407443386e-16,0.0
80.84,2.841684899997326,-2.6973197503107724e-15,-9.491973407443386e-16,0.0
80.86,2.8439443268778213,-2.6994643922973447e-15,-9.491973407443386e-16,0.0
80.88,2.8462264095255287,-2.7016305390779076e-15,-9.491973407443386e-16,0.0
80.9,2.847828251492134,-2.703151003212902e-15,-9.491973407443386e-16,0.0
80.92,2.8508010533582704,-2.7059727788387983e-15,-9.491973407443386e-16,0.0
80.94,2.85219415764364,-2.7072951097218505e-15,-9.491973407443386e-16,0.0
80.96,2.8540577035618546,-2.709063982551775e-15,-9.491973407443386e-16,0.0
80.98,2.856665623014746,-2.711539412761335e-15,-9.491973407443386e-16,0.0
81.0,2.85891551383251,-2.7136750031425217e-15,-9.491973407443386e-16,0.0
81.02,2.8605888977331473,-2.7152633746910514e-15,-9.491973407443386e-16,0.0
81.04,2.862199226618096,-2.716791894586368e-15,-9.491973407443386e-16,0.0
81.06,2.8645858235779618,-2.7190572460741017e-15,-9.491973407443386e-16,0.0
81.08,2.8672280507071384,-2.721565241038759e-15,-9.491973407443386e-16,0.0
81.1,2.8687811644038006,-2.723039452429504e-15,-9.491973407443386e-16,0.0
81.12,2.8708537140961443,-2.725006711086037e-15,-9.491973407443386e-16,0.0
81.14,2.872488518543823,-2.7265584631204105e-15,-9.491973407443386e-16,0.0
81.16,2.874535672568358,-2.7285016162765933e-15,-9.491973407443386e-16,0.0
81.18,2.8770003645708577,-2.7308410953711194e-15,-9.491973407443386e-16,0.0
81.2,2.8783595147688694,-2.7321311971247443e-15,-9.491973407443386e-16,0.0
81.22,2.8805864434955843,-2.734244991950169e-15,-9.491973407443386e-16,0.0
81.24,2.8826393212920403,-2.736193578095438e-15,-9.491973407443386e-16,0.0
81.26,2.885247887259412,-2.738669621974823e-15,-9.491973407443386e-16,0.0
81.28,2.8873193631172014,-2.740635861350453e-15,-9.491973407443386e-16,0.0
81.3,2.8896352967059324,-2.742834139354217e-15,-9.491973407443386e-16,0.0
81.32,2.8921083599441073,-2.745181564403385e-15,-9.491973407443386e-16,0.0
81.34,2.8939872169039296,-2.7469649704332872e-15,-9.491973407443386e-16,0.0
81.36,2.8960030411069173,-2.748878385406171e-15,-9.491973407443386e-16,0.0
81.38,2.898385028491521,-2.751139361497323e-15,-9.491973407443386e-16,0.0
81.4,2.900056437193657,-2.7527258581926877e-15,-9.491973407443386e-16,0.0
81.42,2.9024695155809397,-2.755016345780904e-15,-9.491973407443386e-16,0.0
81.44,2.9040043588842877,-2.756473214962901e-15,-9.491973407443386e-16,0.0
81.46,2.9061267212983104,-2.7584877557223867e-15,-9.491973407443386e-16,0.0
81.48,2.9079328238678723,-2.7602021034785265e-15,-9.491973407443386e-16,0.0
81.5,2.909842386555093,-2.762014655303221e-15,-9.491973407443386e-16,0.0
81.52,2.911905652390287,-2.763973101747236e-15,-9.491973407443386e-16,0.0
81.54,2.913466421550787,-2.7654545796838983e-15,-9.491973407443386e-16,0.0
81.56,2.9155804796242464,-2.7674612379854054e-15,-9.491973407443386e-16,0.0
81.58,2.9181539538306955,-2.769903972858641e-15,-9.491973407443386e-16,0.0
81.6,2.920450932681827,-2.7720842590758813e-15,-9.491973407443386e-16,0.0
81.62,2.92266101168025,-2.774182060184019e-15,-9.491973407443386e-16,0.0
81.64,2.924118680741589,-2.7755656757807272e-15,-9.491973407443386e-16,0.0
81.66,2.9262374196113714,-2.7775767770816567e-15,-9.491973407443386e-16,0.0
81.68,2.928810691801179,-2.780019320201233e-15,-9.491973407443386e-16,0.0
81.7,2.9309543777887246,-2.7820541012400025e-15,-9.491973407443386e-16,0.0
81.72,2.9335445745369784,-2.7845127091054497e-15,-9.491973407443386e-16,0.0
81.74,2.9352867604785398,-2.7861663873682617e-15,-9.491973407443386e-16,0.0
81.76,2.9372391082459983,-2.788019550677341e-15,-9.491973407443386e-16,0.0
81.78,2.9392187890812247,-2.7898986584616606e-15,-9.491973407443386e-16,0.0
81.8,2.9413532711242985,-2.7919247031408128e-15,-9.491973407443386e-16,0.0
81.82,2.9435945500626417,-2.7940521191489545e-15,-9.491973407443386e-16,0.0
81.84,2.944931944601606,-2.7953215704888653e-15,-9.491973407443386e-16,0.0
81.86,2.9472287043060907,-2.797501648692691e-15,-9.491973407443386e-16,0.0
81.88,2.949684869285111,-2.7998330339592063e-15,-9.491973407443386e-16,0.0
81.9,2.95151856847899,-2.8015735763577614e-15,-9.491973407443386e-16,0.0
81.92,2.953543165747548,-2.8034953187011547e-15,-9.491973407443386e-16,0.0
81.94,2.9554455483684494,-2.8053010552259927e-15,-9.491973407443386e-16,0.0
81.96,2.9569372906486953,-2.806717013031478e-15,-9.491973407443386e-16,0.0
81.98,2.95879022765254,-2.8084758159080943e-15,-9.491973407443386e-16,0.0
82.0,2.9602212395558225,-2.8098341286012634e-15,-9.491973407443386e-16,0.0
82.02,2.9623586742513544,-2.811862975930277e-15,-9.491973407443386e-16,0.0
82.04,2.965074316410059,-2.8144406562457328e-15,-9.491973407443386e-16,0.0
82.06,2.9676871149207313,-2.8169207176439635e-15,-9.491973407443386e-16,0.0
82.08,2.9699721923178366,-2.819089707032691e-15,-9.491973407443386e-16,0.0
82.1,2.972648753584573,-2.821630291869416e-15,-9.491973407443386e-16,0.0
82.12,2.974594849269043,-2.823477520717949e-15,-9.491973407443386e-16,0.0
82.14,2.9762330663175187,-2.8250325119839245e-15,-9.491973407443386e-16,0.0
82.16,2.9793563832353023,-2.8279971560965864e-15,-9.491973407443386e-16,0.0
82.18,2.981248902271483,-2.8297935301330374e-15,-9.491973407443386e-16,0.0
82.2,2.9832182858086003,-2.8316628637493745e-15,-9.491973407443386e-16,0.0
82.22,2.9846463700642203,-2.833018397527168e-15,-9.491973407443386e-16,0.0
82.24,2.9867404082617837,-2.835006053015712e-15,-9.491973407443386e-16,0.0
82.26,2.988858695383082,-2.8370167255181813e-15,-9.491973407443386e-16,0.0
82.28,2.9908047503678374,-2.8388639157346538e-15,-9.491973407443386e-16,0.0
82.3,2.9930967265489237,-2.8410394534307902e-15,-9.491973407443386e-16,0.0
82.32,2.994865169555706,-2.8427180548300858e-15,-9.491973407443386e-16,0.0
82.34,2.9967621060480485,-2.8445186219041783e-15,-9.491973407443386e-16,0.0
82.36,2.9989397030083143,-2.8465855911480754e-15,-9.491973407443386e-16,0.0
82.38,3.0012560758973446,-2.848784286134515e-15,-9.491973407443386e-16,0.0
82.4,3.0030411847744003,-2.8504787067335553e-15,-9.491973407443386e-16,0.0
82.42,3.0047626654688786,-2.852112731630897e-15,-9.491973407443386e-16,0.0
82.44,3.006733355791253,-2.853983305644325e-15,-9.491973407443386e-16,0.0
82.46,3.008497217566476,-2.8556575585508073e-15,-9.491973407443386e-16,0.0
82.48,3.009761021780333,-2.856857158149821e-15,-9.491973407443386e-16,0.0
82.5,3.0117122438880553,-2.858709252985673e-15,-9.491973407443386e-16,0.0
82.52,3.012973160722823,-2.859906111892134e-15,-9.491973407443386e-16,0.0
82.54,3.015384899612546,-2.8621953280328285e-15,-9.491973407443386e-16,0.0
82.56,3.0173244929497742,-2.864036384870651e-15,-9.491973407443386e-16,0.0
82.58,3.019909883087966,-2.8664904303146093e-15,-9.491973407443386e-16,0.0
82.6,3.021507000268087,-2.868006409694837e-15,-9.491973407443386e-16,0.0
82.62,3.023055008329532,-2.8694757748302117e-15,-9.491973407443386e-16,0.0
82.64,3.024680042593081,-2.871018253031791e-15,-9.491973407443386e-16,0.0
82.66,3.0267867238470334,-2.873017909275838e-15,-9.491973407443386e-16,0.0
82.68,3.0285591096032753,-2.874700253122436e-15,-9.491973407443386e-16,0.0
82.7,3.0309061102832118,-2.876928019926557e-15,-9.491973407443386e-16,0.0
82.72,3.032663272790016,-2.878595913905271e-15,-9.491973407443386e-16,0.0
82.74,3.0345240246082796,-2.8803621345829526e-15,-9.491973407443386e-16,0.0
82.76,3.0368652367071447,-2.8825844068813137e-15,-9.491973407443386e-16,0.0
82.78,3.039006131426426,-2.884616538455669e-15,-9.491973407443386e-16,0.0
82.8,3.0407077549136385,-2.8862317149446792e-15,-9.491973407443386e-16,0.0
82.82,3.043121814298034,-2.8885231336927463e-15,-9.491973407443386e-16,0.0
82.84,3.045565165123496,-2.8908423557987803e-15,-9.491973407443386e-16,0.0
82.86,3.047860541200921,-2.89302112066748e-15,-9.491973407443386e-16,0.0
82.88,3.0496158669664477,-2.894687271216258e-15,-9.491973407443386e-16,0.0
82.9,3.052423292570187,-2.897352072133665e-15,-9.491973407443386e-16,0.0
82.92,3.055073370624097,-2.8998675191752013e-15,-9.491973407443386e-16,0.0
82.94,3.0572190628003946,-2.901904204482999e-15,-9.491973407443386e-16,0.0
82.96,3.0592128751256973,-2.9037967258401197e-15,-9.491973407443386e-16,0.0
82.98,3.0612245322649954,-2.905706185447231e-15,-9.491973407443386e-16,0.0
83.0,3.0623773286122025,-2.9068004166744193e-15,-9.491973407443386e-16,0.0
83.02,3.0647806793409034,-2.909081670794978e-15,-9.491973407443386e-16,0.0
83.04,3.0670168273981036,-2.911204216584383e-15,-9.491973407443386e-16,0.0
83.06,3.0691613313483903,-2.9132397740312106e-15,-9.491973407443386e-16,0.0
83.08,3.0708379198050992,-2.9148311873358415e-15,-9.491973407443386e-16,0.0
83.1,3.072456058145323,-2.9163671199453385e-15,-9.491973407443386e-16,0.0
83.12,3.074485827243711,-2.9182937713758535e-15,-9.491973407443386e-16,0.0
83.14,3.076887398194879,-2.920573336136311e-15,-9.491973407443386e-16,0.0
83.16,3.0789396521538603,-2.922521330136708e-15,-9.491973407443386e-16,0.0
83.18,3.081429925210687,-2.9248850906999754e-15,-9.491973407443386e-16,0.0
83.2,3.083074895769674,-2.9264464923801684e-15,-9.491973407443386e-16,0.0
83.22,3.0857697358875043,-2.929004427453744e-15,-9.491973407443386e-16,0.0
83.24,3.08767842632103,-2.930816151337551e-15,-9.491973407443386e-16,0.0
83.26,3.0899861045170005,-2.9330065933444596e-15,-9.491973407443386e-16,0.0
83.28,3.0920309000673574,-2.9349475078432245e-15,-9.491973407443386e-16,0.0
83.3,3.0942679327158396,-2.9370708932843222e-15,-9.491973407443386e-16,0.0
83.32,3.096112829396257,-2.938822064307323e-15,-9.491973407443386e-16,0.0
83.34,3.0978532067773066,-2.940474025889307e-15,-9.491973407443386e-16,0.0
83.36,3.0996219277401638,-2.94215289112377e-15,-9.491973407443386e-16,0.0
83.38,3.102094472498246,-2.944499824033013e-15,-9.491973407443386e-16,0.0
83.4,3.103884841296683,-2.946199237335441e-15,-9.491973407443386e-16,0.0
83.42,3.1057526877648005,-2.947972192235897e-15,-9.491973407443386e-16,0.0
83.44,3.107468230658198,-2.9496005809882427e-15,-9.491973407443386e-16,0.0
83.46,3.1098674264620976,-2.951877891265229e-15,-9.491973407443386e-16,0.0
83.48,3.1115957862286217,-2.953518445759463e-15,-9.491973407443386e-16,0.0
83.5,3.113642164948004,-2.9554608629980567e-15,-9.491973407443386e-16,0.0
83.52,3.1158865731847043,-2.9575912493278773e-15,-9.491973407443386e-16,0.0
83.54,3.1177495754258944,-2.9593596061010156e-15,-9.491973407443386e-16,0.0
83.56,3.1203603693147275,-2.9618377647175275e-15,-9.491973407443386e-16,0.0
83.58,3.122547292281399,-2.963913586181905e-15,-9.491973407443386e-16,0.0
83.6,3.12449917315702,-2.965766306318494e-15,-9.491973407443386e-16,0.0
83.62,3.1260325715702106,-2.9672218040145966e-15,-9.491973407443386e-16,0.0
83.64,3.128113092384487,-2.969196628838871e-15,-9.491973407443386e-16,0.0
83.66,3.1301542494756407,-2.9711340897218353e-15,-9.491973407443386e-16,0.0
83.68,3.1321733998260917,-2.9730506618650466e-15,-9.491973407443386e-16,0.0
83.7,3.1340141249519524,-2.9747978732595552e-15,-9.491973407443386e-16,0.0
83.72,3.135891978812923,-2.976580327150695e-15,-9.491973407443386e-16,0.0
83.74,3.137586477295921,-2.9781887406046522e-15,-9.491973407443386e-16,0.0
83.76,3.1391707607066217,-2.9796925382050745e-15,-9.491973407443386e-16,0.0
83.78,3.1413442718564606,-2.9817556292085798e-15,-9.491973407443386e-16,0.0
83.8,3.143781292521528,-2.984068842743201e-15,-9.491973407443386e-16,0.0
83.82,3.1449708293476566,-2.9851979479352797e-15,-9.491973407443386e-16,0.0
83.84,3.1466565141451253,-2.9867979954623702e-15,-9.491973407443386e-16,0.0
83.86,3.148551592576678,-2.988596798870102e-15,-9.491973407443386e-16,0.0
83.88,3.150521750700689,-2.9904668677222592e-15,-9.491973407443386e-16,0.0
83.9,3.1530913847245654,-2.992905957504409e-15,-9.491973407443386e-16,0.0
83.92,3.1554114200739756,-2.9951081288885015e-15,-9.491973407443386e-16,0.0
83.94,3.157513000777767,-2.9971029437039e-15,-9.491973407443386e-16,0.0
83.96,3.1596131377001746,-2.999096388085848e-15,-9.491973407443386e-16,0.0
83.98,3.1613508274775635,-3.000745798601584e-15,-9.491973407443386e-16,0.0
84.0,3.1635979525935367,-3.0028787637859855e-15,-9.491973407443386e-16,0.0
84.02,3.165697630502937,-3.0048717724740078e-15,-9.491973407443386e-16,0.0
84.04,3.1687157688559173,-3.007736581372655e-15,-9.491973407443386e-16,0.0
84.06,3.17047778815318,-3.009409085403957e-15,-9.491973407443386e-16,0.0
84.08,3.1725095727991843,-3.0113376499869094e-15,-9.491973407443386e-16,0.0
84.1,3.174191702750675,-3.0129343232636507e-15,-9.491973407443386e-16,0.0
84.12,3.176585622980664,-3.0152066259799105e-15,-9.491973407443386e-16,0.0
84.14,3.1784379263339773,-3.0169648273971273e-15,-9.491973407443386e-16,0.0
84.16,3.1812904328374647,-3.0196724189846938e-15,-9.491973407443386e-16,0.0
84.18,3.183457695413299,-3.0217295788583703e-15,-9.491973407443386e-16,0.0
84.2,3.185153604507212,-3.0233393312604566e-15,-9.491973407443386e-16,0.0
84.22,3.1865604691683185,-3.024674723455566e-15,-9.491973407443386e-16,0.0
84.24,3.187453161847287,-3.025522064972545e-15,-9.491973407443386e-16,0.0
84.26,3.189415185959706,-3.027384413042529e-15,-9.491973407443386e-16,0.0
84.28,3.191271828002862,-3.029146732732607e-15,-9.491973407443386e-16,0.0
84.3,3.1934987639273307,-3.0312605343901204e-15,-9.491973407443386e-16,0.0
84.32,3.195714330381031,-3.0333635441762152e-15,-9.491973407443386e-16,0.0
84.34,3.1976096498251407,-3.035162576352425e-15,-9.491973407443386e-16,0.0
84.36,3.199855849199703,-3.037294662825541e-15,-9.491973407443386e-16,0.0
84.38,3.2026190851133185,-3.039917519006594e-15,-9.491973407443386e-16,0.0
84.4,3.204968976422612,-3.042148029588414e-15,-9.491973407443386e-16,0.0
84.42,3.2064040077520004,-3.0435101575101542e-15,-9.491973407443386e-16,0.0
84.44,3.2079551006427542,-3.0449824507573053e-15,-9.491973407443386e-16,0.0
84.46,3.2099192281203517,-3.0468467953359234e-15,-9.491973407443386e-16,0.0
84.48,3.211902186606552,-3.048729014257831e-15,-9.491973407443386e-16,0.0
84.5,3.2141146152448887,-3.0508290456379267e-15,-9.491973407443386e-16,0.0
84.52,3.2157385070308946,-3.05237043940286e-15,-9.491973407443386e-16,0.0
84.54,3.217486963389605,-3.0540300695289554e-15,-9.491973407443386e-16,0.0
84.56,3.219227653732984,-3.05568232817395e-15,-9.491973407443386e-16,0.0
84.58,3.2204451030309373,-3.0568379278100584e-15,-9.491973407443386e-16,0.0
84.6,3.2225198348174167,-3.058807257704542e-15,-9.491973407443386e-16,0.0
84.62,3.2243604605936342,-3.060554374796633e-15,-9.491973407443386e-16,0.0
84.64,3.2267174475217186,-3.06279162052094e-15,-9.491973407443386e-16,0.0
84.66,3.2290518103021615,-3.0650073914644688e-15,-9.491973407443386e-16,0.0
84.68,3.23121024703531,-3.067056173871738e-15,-9.491973407443386e-16,0.0
84.7,3.232575171785303,-3.0683517568147476e-15,-9.491973407443386e-16,0.0
84.72,3.235026412757358,-3.070678468226946e-15,-9.491973407443386e-16,0.0
84.74,3.2375441282266997,-3.0730682770551956e-15,-9.491973407443386e-16,0.0
84.76,3.2394226312886314,-3.074851347166161e-15,-9.491973407443386e-16,0.0
84.78,3.241284005249457,-3.076618158379908e-15,-9.491973407443386e-16,0.0
84.8,3.2443974531459876,-3.079573434843841e-15,-9.491973407443386e-16,0.0
84.82,3.2466099050073303,-3.0816734882671522e-15,-9.491973407443386e-16,0.0
84.84,3.2487173865470633,-3.0836739041403345e-15,-9.491973407443386e-16,0.0
84.86,3.2503108094987994,-3.085186376968803e-15,-9.491973407443386e-16,0.0
84.88,3.252382356367243,-3.087152683747557e-15,-9.491973407443386e-16,0.0
84.9,3.2541338981540964,-3.0888152425538406e-15,-9.491973407443386e-16,0.0
84.92,3.2555384595738164,-3.0901484485183506e-15,-9.491973407443386e-16,0.0
84.94,3.2573260126591284,-3.091845189153368e-15,-9.491973407443386e-16,0.0
84.96,3.259457766432351,-3.093868644166033e-15,-9.491973407443386e-16,0.0
84.98,3.261833882460616,-3.0961240471813617e-15,-9.491973407443386e-16,0.0
85.0,3.2641915823757954,-3.0983619696711233e-15,-9.491973407443386e-16,0.0
85.02,3.2664756442178273,-3.1005299950976755e-15,-9.491973407443386e-16,0.0
85.04,3.268698080197893,-3.1026395254199284e-15,-9.491973407443386e-16,0.0
85.06,3.2704268322351657,-3.104280452256514e-15,-9.491973407443386e-16,0.0
85.08,3.2725083647972775,-3.1062562374291433e-15,-9.491973407443386e-16,0.0
85.1,3.2746982708788868,-3.1083348904582864e-15,-9.491973407443386e-16,0.0
85.12,3.276806206076159,-3.1103357369419984e-15,-9.491973407443386e-16,0.0
85.14,3.2784589715789254,-3.1119045375620983e-15,-9.491973407443386e-16,0.0
85.16,3.2803133752890483,-3.113664732632413e-15,-9.491973407443386e-16,0.0
85.18,3.282494038981519,-3.115734612810364e-15,-9.491973407443386e-16,0.0
85.2,3.284690787374162,-3.1178197605429456e-15,-9.491973407443386e-16,0.0
85.22,3.2870165786328305,-3.1200273954207997e-15,-9.491973407443386e-16,0.0
85.24,3.2886122780766334,-3.1215420290894848e-15,-9.491973407443386e-16,0.0
85.26,3.290915282737851,-3.1237280349896343e-15,-9.491973407443386e-16,0.0
85.28,3.2934065915337873,-3.1260927786737104e-15,-9.491973407443386e-16,0.0
85.3,3.2955444351045213,-3.1281220141059785e-15,-9.491973407443386e-16,0.0
85.32,3.297151421653182,-3.129647361464579e-15,-9.491973407443386e-16,0.0
85.34,3.2997934885242537,-3.1321552043126687e-15,-9.491973407443386e-16,0.0
85.36,3.3019099692057083,-3.1341641621472424e-15,-9.491973407443386e-16,0.0
85.38,3.3035622633862736,-3.1357325153895625e-15,-9.491973407443386e-16,0.0
85.4,3.3054191069069807,-3.137495026321596e-15,-9.491973407443386e-16,0.0
85.42,3.308122245568001,-3.1400608383502996e-15,-9.491973407443386e-16,0.0
85.44,3.309841212137851,-3.1416924768472294e-15,-9.491973407443386e-16,0.0
85.46,3.3117885247777283,-3.143540860826599e-15,-9.491973407443386e-16,0.0
85.48,3.313448116998575,-3.1451161413493466e-15,-9.491973407443386e-16,0.0
85.5,3.3158205513053516,-3.1473680496844297e-15,-9.491973407443386e-16,0.0
85.52,3.3176226395764234,-3.1490785870791176e-15,-9.491973407443386e-16,0.0
85.54,3.3200663626453264,-3.151398162517636e-15,-9.491973407443386e-16,0.0
85.56,3.321783470590028,-3.153028036812518e-15,-9.491973407443386e-16,0.0
85.58,3.323301062562029,-3.154468531076676e-15,-9.491973407443386e-16,0.0
85.6,3.325199705780961,-3.1562707181711082e-15,-9.491973407443386e-16,0.0
85.62,3.3276119829840622,-3.1585604452774303e-15,-9.491973407443386e-16,0.0
85.64,3.3290020137150336,-3.159879858750821e-15,-9.491973407443386e-16,0.0
85.66,3.330575972288139,-3.1613738560428544e-15,-9.491973407443386e-16,0.0
85.68,3.332901204375091,-3.163580960156403e-15,-9.491973407443386e-16,0.0
85.7,3.3348535858664308,-3.165434155476101e-15,-9.491973407443386e-16,0.0
85.72,3.3372148298352577,-3.1676754419721604e-15,-9.491973407443386e-16,0.0
85.74,3.339530208295408,-3.169873193049352e-15,-9.491973407443386e-16,0.0
85.76,3.3406285731481327,-3.1709157580467254e-15,-9.491973407443386e-16,0.0
85.78,3.3427470239697312,-3.1729265859330843e-15,-9.491973407443386e-16,0.0
85.8,3.3443215503264097,-3.1744211221637755e-15,-9.491973407443386e-16,0.0
85.82,3.3460169317539044,-3.176030373706301e-15,-9.491973407443386e-16,0.0
85.84,3.3482036751335604,-3.1781060247071604e-15,-9.491973407443386e-16,0.0
85.86,3.350089628392652,-3.179896166525458e-15,-9.491973407443386e-16,0.0
85.88,3.3524648346140453,-3.1821507059545238e-15,-9.491973407443386e-16,0.0
85.9,3.3538808911362237,-3.1834948230397192e-15,-9.491973407443386e-16,0.0
85.92,3.355404313801569,-3.1849408517824942e-15,-9.491973407443386e-16,0.0
85.94,3.3570279911794407,-3.186482042031797e-15,-9.491973407443386e-16,0.0
85.96,3.3596021648097376,-3.1889254407962888e-15,-9.491973407443386e-16,0.0
85.98,3.361696088913331,-3.1909129879871404e-15,-9.491973407443386e-16,0.0
86.0,3.3642133325968784,-3.193302348997569e-15,-9.491973407443386e-16,0.0
86.02,3.366140953441486,-3.195132041577234e-15,-9.491973407443386e-16,0.0
86.04,3.3687100048880714,-3.197570578378568e-15,-9.491973407443386e-16,0.0
86.06,3.371168472965758,-3.1999041497402133e-15,-9.491973407443386e-16,0.0
86.08,3.3730531811585167,-3.2016931097448587e-15,-9.491973407443386e-16,0.0
86.1,3.373860342448896,-3.2024592650952385e-15,-9.491973407443386e-16,0.0
86.12,3.3757184993058527,-3.2042230226425476e-15,-9.491973407443386e-16,0.0
86.14,3.378037674442362,-3.206424377514843e-15,-9.491973407443386e-16,0.0
86.16,3.3794861222230153,-3.207799240296446e-15,-9.491973407443386e-16,0.0
86.18,3.382332209425586,-3.2105007387006525e-15,-9.491973407443386e-16,0.0
86.2,3.3839458838129923,-3.2120324341380056e-15,-9.491973407443386e-16,0.0
86.22,3.386358137566284,-3.2143221389858307e-15,-9.491973407443386e-16,0.0
86.24,3.388861817539322,-3.216698625358313e-15,-9.491973407443386e-16,0.0
86.26,3.390406551230959,-3.2181648824705736e-15,-9.491973407443386e-16,0.0
86.28,3.3927588519848464,-3.2203976800907944e-15,-9.491973407443386e-16,0.0
86.3,3.3944166922190844,-3.2219712976325124e-15,-9.491973407443386e-16,0.0
86.32,3.39628944575335,-3.223748910307107e-15,-9.491973407443386e-16,0.0
86.34,3.3978029683245454,-3.225185541906842e-15,-9.491973407443386e-16,0.0
86.36,3.3991829595380576,-3.2264954258969584e-15,-9.491973407443386e-16,0.0
86.38,3.4007996231726647,-3.228029958719806e-15,-9.491973407443386e-16,0.0
86.4,3.4024819853631056,-3.2296268524371414e-15,-9.491973407443386e-16,0.0
86.42,3.4046922402168924,-3.231724820466723e-15,-9.491973407443386e-16,0.0
86.44,3.407073394829566,-3.233985006092974e-15,-9.491973407443386e-16,0.0
86.46,3.4085134706251914,-3.235351922208652e-15,-9.491973407443386e-16,0.0
86.48,3.410406777924873,-3.2371490444627214e-15,-9.491973407443386e-16,0.0
86.5,3.412145539870644,-3.2387994726778347e-15,-9.491973407443386e-16,0.0
86.52,3.4142613990792396,-3.2408078406120234e-15,-9.491973407443386e-16,0.0
86.54,3.41494151020176,-3.2414534002809304e-15,-9.491973407443386e-16,0.0
86.56,3.417065509899334,-3.243469495145609e-15,-9.491973407443386e-16,0.0
86.58,3.419232205956462,-3.2455261172812367e-15,-9.491973407443386e-16,0.0
86.6,3.421245003935744,-3.247436659770627e-15,-9.491973407443386e-16,0.0
86.62,3.422998377286869,-3.249100957092847e-15,-9.491973407443386e-16,0.0
86.64,3.424319260141527,-3.2503547355859233e-15,-9.491973407443386e-16,0.0
86.66,3.426192974111656,-3.2521332599036853e-15,-9.491973407443386e-16,0.0
86.68,3.4279639812667293,-3.25381429518572e-15,-9.491973407443386e-16,0.0
86.7,3.430013339592135,-3.2557595406584274e-15,-9.491973407443386e-16,0.0
86.72,3.431547688550079,-3.2572159406090815e-15,-9.491973407443386e-16,0.0
86.74,3.4327797315928197,-3.2583853925889335e-15,-9.491973407443386e-16,0.0
86.76,3.4346784425507892,-3.2601876439810807e-15,-9.491973407443386e-16,0.0
86.78,3.4361452688853618,-3.261579951637191e-15,-9.491973407443386e-16,0.0
86.8,3.4377664310253038,-3.263118754429339e-15,-9.491973407443386e-16,0.0
86.82,3.439760699568453,-3.2650117088272264e-15,-9.491973407443386e-16,0.0
86.84,3.442068519312578,-3.2672022851912675e-15,-9.491973407443386e-16,0.0
86.86,3.4436580273487603,-3.2687110419923033e-15,-9.491973407443386e-16,0.0
86.88,3.446238878864926,-3.2711607793883038e-15,-9.491973407443386e-16,0.0
86.9,3.4482023893897966,-3.2730245383570347e-15,-9.491973407443386e-16,0.0
86.92,3.450190804517915,-3.2749119367089408e-15,-9.491973407443386e-16,0.0
86.94,3.4518294103542217,-3.2764672970112915e-15,-9.491973407443386e-16,0.0
86.96,3.453458273117744,-3.278013409214864e-15,-9.491973407443386e-16,0.0
86.98,3.4552777364454945,-3.279740438967147e-15,-9.491973407443386e-16,0.0
87.0,3.4580259626008103,-3.2823490479255368e-15,-9.491973407443386e-16,0.0
87.02,3.4599350041817725,-3.2841611051175563e-15,-9.491973407443386e-16,0.0
87.04,3.462335755888853,-3.2864398922537044e-15,-9.491973407443386e-16,0.0
87.06,3.463554041550173,-3.2875962857636965e-15,-9.491973407443386e-16,0.0
87.08,3.464819717392617,-3.2887976619075893e-15,-9.491973407443386e-16,0.0
87.1,3.46705792021462,-3.290922158074281e-15,-9.491973407443386e-16,0.0
87.12,3.4690338623743964,-3.2927977171178054e-15,-9.491973407443386e-16,0.0
87.14,3.471090979947185,-3.2947503276474946e-15,-9.491973407443386e-16,0.0
87.16,3.4735757042496864,-3.297108821347912e-15,-9.491973407443386e-16,0.0
87.18,3.4756966799779336,-3.299122045868947e-15,-9.491973407443386e-16,0.0
87.2,3.477869968671335,-3.3011849257173933e-15,-9.491973407443386e-16,0.0
87.22,3.4793829985197053,-3.3026210896259334e-15,-9.491973407443386e-16,0.0
87.24,3.4814325340536763,-3.3045665033045397e-15,-9.491973407443386e-16,0.0
87.26,3.4833616995516863,-3.3063976620651064e-15,-9.491973407443386e-16,0.0
87.28,3.4852085871921847,-3.3081507229021212e-15,-9.491973407443386e-16,0.0
87.3,3.4877564337585065,-3.3105691320874985e-15,-9.491973407443386e-16,0.0
87.32,3.489938115510946,-3.3126399786052645e-15,-9.491973407443386e-16,0.0
87.34,3.4912984664538245,-3.3139312201027235e-15,-9.491973407443386e-16,0.0
87.36,3.4929556362150898,-3.3155042012332787e-15,-9.491973407443386e-16,0.0
87.38,3.494892731642342,-3.3173428870615944e-15,-9.491973407443386e-16,0.0
87.4,3.4965042477902277,-3.318872533903734e-15,-9.491973407443386e-16,0.0
87.42,3.497914582231554,-3.320211219605001e-15,-9.491973407443386e-16,0.0
87.44,3.5001596226055818,-3.322342205957892e-15,-9.491973407443386e-16,0.0
87.46,3.501907076877586,-3.324000884905951e-15,-9.491973407443386e-16,0.0
87.48,3.5033602575973073,-3.325380240180731e-15,-9.491973407443386e-16,0.0
87.5,3.505487861540718,-3.3273997561859735e-15,-9.491973407443386e-16,0.0
87.52,3.507746458594276,-3.3295436105030237e-15,-9.491973407443386e-16,0.0
87.54,3.509274056648177,-3.3309936025135127e-15,-9.491973407443386e-16,0.0
87.56,3.510155081775397,-3.331829869221399e-15,-9.491973407443386e-16,0.0
87.58,3.511951032136128,-3.3335345805279135e-15,-9.491973407443386e-16,0.0
87.6,3.5144746352027005,-3.3359299778477987e-15,-9.491973407443386e-16,0.0
87.62,3.516540387556001,-3.337890784488188e-15,-9.491973407443386e-16,0.0
87.64,3.518704519496623,-3.339944972771246e-15,-9.491973407443386e-16,0.0
87.66,3.5210536641937877,-3.3421747746708186e-15,-9.491973407443386e-16,0.0
87.68,3.522527655349052,-3.343573883155676e-15,-9.491973407443386e-16,0.0
87.7,3.5245129769812107,-3.345458345169443e-15,-9.491973407443386e-16,0.0
87.72,3.527244741786507,-3.3480513290581693e-15,-9.491973407443386e-16,0.0
87.74,3.5295499366968275,-3.3502394139369428e-15,-9.491973407443386e-16,0.0
87.76,3.531573701649784,-3.3521603662485806e-15,-9.491973407443386e-16,0.0
87.78,3.533782992966325,-3.354257419691171e-15,-9.491973407443386e-16,0.0
87.8,3.535391372653173,-3.355784089412834e-15,-9.491973407443386e-16,0.0
87.82,3.5369327546693667,-3.3572471651236764e-15,-9.491973407443386e-16,0.0
87.84,3.5390460350924298,-3.359253085281495e-15,-9.491973407443386e-16,0.0
87.86,3.5409598851825215,-3.3610697066975932e-15,-9.491973407443386e-16,0.0
87.88,3.5427211091205963,-3.3627414557760695e-15,-9.491973407443386e-16,0.0
87.9,3.5443114444487884,-3.364250997840481e-15,-9.491973407443386e-16,0.0
87.92,3.546063644838683,-3.3659141817910203e-15,-9.491973407443386e-16,0.0
87.94,3.5473899841940124,-3.3671731395800235e-15,-9.491973407443386e-16,0.0
87.96,3.5491085914493046,-3.3688044370165306e-15,-9.491973407443386e-16,0.0
87.98,3.5517188684507235,-3.3712821050048833e-15,-9.491973407443386e-16,0.0
88.0,3.5537227045925457,-3.3731841409419884e-15,-9.491973407443386e-16,0.0
88.02,3.556202071075299,-3.3755375490141484e-15,-9.491973407443386e-16,0.0
88.04,3.5587015925076333,-3.3779100881108537e-15,-9.491973407443386e-16,0.0
88.06,3.5605394314700622,-3.3796545599667077e-15,-9.491973407443386e-16,0.0
88.08,3.562679993038558,-3.381686375315224e-15,-9.491973407443386e-16,0.0
88.1,3.5651905084958364,-3.38406934991117e-15,-9.491973407443386e-16,0.0
88.12,3.5671532834453994,-3.385932410673775e-15,-9.491973407443386e-16,0.0
88.14,3.568667054169428,-3.3873692778195196e-15,-9.491973407443386e-16,0.0
88.16,3.5705112345865038,-3.3891197689672606e-15,-9.491973407443386e-16,0.0
88.18,3.572552785266355,-3.39105760344357e-15,-9.491973407443386e-16,0.0
88.2,3.5744976713799126,-3.392903684170609e-15,-9.491973407443386e-16,0.0
88.22,3.576459739733889,-3.394766074234562e-15,-9.491973407443386e-16,0.0
88.24,3.5785985990116504,-3.39679627377324e-15,-9.491973407443386e-16,0.0
88.26,3.580336790000548,-3.3984461600376075e-15,-9.491973407443386e-16,0.0
88.28,3.5827995370293015,-3.4007837929682265e-15,-9.491973407443386e-16,0.0
88.3,3.5847282418818183,-3.4026145144853162e-15,-9.491973407443386e-16,0.0
88.32,3.5866303920012057,-3.4044200303203353e-15,-9.491973407443386e-16,0.0
88.34,3.587841380501093,-3.4055694973841005e-15,-9.491973407443386e-16,0.0
88.36,3.5893095213330746,-3.4069630527576557e-15,-9.491973407443386e-16,0.0
88.38,3.591316642681734,-3.4088682070043544e-15,-9.491973407443386e-16,0.0
88.4,3.5934421159543155,-3.410885700582512e-15,-9.491973407443386e-16,0.0
88.42,3.5953419194014455,-3.412688988962465e-15,-9.491973407443386e-16,0.0
88.44,3.597399390908375,-3.4146419354454996e-15,-9.491973407443386e-16,0.0
88.46,3.59882305809842,-3.4159932765563953e-15,-9.491973407443386e-16,0.0
88.48,3.600763155114435,-3.4178348114847822e-15,-9.491973407443386e-16,0.0
88.5,3.603124841589616,-3.420076518006696e-15,-9.491973407443386e-16,0.0
88.52,3.604963684276712,-3.4218219425953347e-15,-9.491973407443386e-16,0.0
88.54,3.606382791829291,-3.423168955710473e-15,-9.491973407443386e-16,0.0
88.56,3.6085894701705667,-3.4252635289238905e-15,-9.491973407443386e-16,0.0
88.58,3.6107296455974836,-3.4272949777478463e-15,-9.491973407443386e-16,0.0
88.6,3.612752175144447,-3.429214757415401e-15,-9.491973407443386e-16,0.0
88.62,3.6145451510203728,-3.430916645348849e-15,-9.491973407443386e-16,0.0
88.64,3.616635419542537,-3.432900722671529e-15,-9.491973407443386e-16,0.0
88.66,3.6184176725257418,-3.43459243246372e-15,-9.491973407443386e-16,0.0
88.68,3.619733721264717,-3.4358416224270453e-15,-9.491973407443386e-16,0.0
88.7,3.6216871818599996,-3.4376958420293366e-15,-9.491973407443386e-16,0.0
88.72,3.623656467742008,-3.439565082951704e-15,-9.491973407443386e-16,0.0
88.74,3.625827502591331,-3.441625823457345e-15,-9.491973407443386e-16,0.0
88.76,3.6278897822092406,-3.443583333786536e-15,-9.491973407443386e-16,0.0
88.78,3.629207297138887,-3.4448339154541473e-15,-9.491973407443386e-16,0.0
88.8,3.631501717926823,-3.447011773564605e-15,-9.491973407443386e-16,0.0
88.82,3.6335378145223785,-3.4489444310386048e-15,-9.491973407443386e-16,0.0
88.84,3.6360246084585057,-3.451304889229756e-15,-9.491973407443386e-16,0.0
88.86,3.638298548338271,-3.453463306916642e-15,-9.491973407443386e-16,0.0
88.88,3.640021274301101,-3.4550985138193915e-15,-9.491973407443386e-16,0.0
88.9,3.6423049418806968,-3.4572661650130878e-15,-9.491973407443386e-16,0.0
88.92,3.6447605182743947,-3.45959699159598e-15,-9.491973407443386e-16,0.0
88.94,3.646968739173952,-3.461693029001616e-15,-9.491973407443386e-16,0.0
88.96,3.6485804798787607,-3.4632228889925897e-15,-9.491973407443386e-16,0.0
88.98,3.651201490468846,-3.4657107452747614e-15,-9.491973407443386e-16,0.0
89.0,3.6526637342059494,-3.46709870314154e-15,-9.491973407443386e-16,0.0
89.02,3.654541498249242,-3.4688810717779788e-15,-9.491973407443386e-16,0.0
89.04,3.656906164384021,-3.471125606584859e-15,-9.491973407443386e-16,0.0
89.06,3.658996913243528,-3.4731101398424678e-15,-9.491973407443386e-16,0.0
89.08,3.6605736354440954,-3.4746067603623393e-15,-9.491973407443386e-16,0.0
89.1,3.6626664163444893,-3.4765932224277535e-15,-9.491973407443386e-16,0.0
89.12,3.665512650117879,-3.479294859956592e-15,-9.491973407443386e-16,0.0
89.14,3.6673157166241874,-3.481006325889565e-15,-9.491973407443386e-16,0.0
89.16,3.6689592547857486,-3.4825663679419305e-15,-9.491973407443386e-16,0.0
89.18,3.6717556381895506,-3.485220687632521e-15,-9.491973407443386e-16,0.0
89.2,3.673811004519035,-3.487171635886723e-15,-9.491973407443386e-16,0.0
89.22,3.6762720281969936,-3.48950763301735e-15,-9.491973407443386e-16,0.0
89.24,3.6780686206029656,-3.4912129537515003e-15,-9.491973407443386e-16,0.0
89.26,3.679916812882078,-3.4929672529480183e-15,-9.491973407443386e-16,0.0
89.28,3.6814392087526726,-3.494412307059947e-15,-9.491973407443386e-16,0.0
89.3,3.6838216462867956,-3.4966737104318262e-15,-9.491973407443386e-16,0.0
89.32,3.6856439311402505,-3.498403418368804e-15,-9.491973407443386e-16,0.0
89.34,3.6884024976420564,-3.5010218423565846e-15,-9.491973407443386e-16,0.0
89.36,3.6906760755711017,-3.5031799164808093e-15,-9.491973407443386e-16,0.0
89.38,3.6924260956924266,-3.50484103092622e-15,-9.491973407443386e-16,0.0
89.4,3.6941492634646993,-3.5064766571933173e-15,-9.491973407443386e-16,0.0
89.42,3.695875742214591,-3.508115426231566e-15,-9.491973407443386e-16,0.0
89.44,3.697311762157136,-3.5094784925422856e-15,-9.491973407443386e-16,0.0
89.46,3.6996573563143444,-3.511704924278773e-15,-9.491973407443386e-16,0.0
89.48,3.701826086452853,-3.5137634771590372e-15,-9.491973407443386e-16,0.0
89.5,3.7038004468270427,-3.515637534775889e-15,-9.491973407443386e-16,0.0
89.52,3.7056497803070725,-3.5173929171972825e-15,-9.491973407443386e-16,0.0
89.54,3.7073770141210796,-3.519032402940382e-15,-9.491973407443386e-16,0.0
89.56,3.7093671461620454,-3.5209214309813968e-15,-9.491973407443386e-16,0.0
89.58,3.711644019855581,-3.523082633436511e-15,-9.491973407443386e-16,0.0
89.6,3.7135948272419927,-3.5249343346199977e-15,-9.491973407443386e-16,0.0
89.62,3.7161613472569446,-3.527370468593157e-15,-9.491973407443386e-16,0.0
89.64,3.7185425365340503,-3.5296306871227947e-15,-9.491973407443386e-16,0.0
89.66,3.720635809011557,-3.5316176157918973e-15,-9.491973407443386e-16,0.0
89.68,3.7228230288463218,-3.5336937190426796e-15,-9.491973407443386e-16,0.0
89.7,3.725265832866297,-3.5360124221223995e-15,-9.491973407443386e-16,0.0
89.72,3.7273622265940287,-3.5380023134739153e-15,-9.491973407443386e-16,0.0
89.74,3.729029800521029,-3.539585170210919e-15,-9.491973407443386e-16,0.0
89.76,3.7317249011481155,-3.5421433525591876e-15,-9.491973407443386e-16,0.0
89.78,3.7341460589181428,-3.54444150907602e-15,-9.491973407443386e-16,0.0
89.8,3.7368071575549773,-3.546967416825562e-15,-9.491973407443386e-16,0.0
89.82,3.7387335659401337,-3.54879595854194e-15,-9.491973407443386e-16,0.0
89.84,3.7405890874388676,-3.5505572146142324e-15,-9.491973407443386e-16,0.0
89.86,3.7430674706762255,-3.552909689392478e-15,-9.491973407443386e-16,0.0
89.88,3.744968174754198,-3.5547138326488315e-15,-9.491973407443386e-16,0.0
89.9,3.747199634646048,-3.556831928444153e-15,-9.491973407443386e-16,0.0
89.92,3.7487657048528393,-3.558318438119858e-15,-9.491973407443386e-16,0.0
89.94,3.7509933514631966,-3.560432914358527e-15,-9.491973407443386e-16,0.0
89.96,3.7530189343500844,-3.562355592248218e-15,-9.491973407443386e-16,0.0
89.98,3.754657503522498,-3.563910917749298e-15,-9.491973407443386e-16,0.0
90.0,3.756779783642865,-3.565925380395865e-15,-9.491973407443386e-16,0.0
90.02,3.758870355568369,-3.567909745708189e-15,-9.491973407443386e-16,0.0
90.04,3.760895277343062,-3.569831796071943e-15,-9.491973407443386e-16,0.0
90.06,3.7618886532150904,-3.570774705808032e-15,-9.491973407443386e-16,0.0
90.08,3.76409092295452,-3.5728650943883e-15,-9.491973407443386e-16,0.0
90.1,3.7665907006370647,-3.575237876717023e-15,-9.491973407443386e-16,0.0
90.12,3.768922335039423,-3.57745105789133e-15,-9.491973407443386e-16,0.0
90.14,3.7703831525651035,-3.5788376620020186e-15,-9.491973407443386e-16,0.0
90.16,3.7724830561564113,-3.580830884906708e-15,-9.491973407443386e-16,0.0
90.18,3.77428112426847,-3.582537606377151e-15,-9.491973407443386e-16,0.0
90.2,3.7763586276618835,-3.584509567073567e-15,-9.491973407443386e-16,0.0
90.22,3.778580841042383,-3.586618886104904e-15,-9.491973407443386e-16,0.0
90.24,3.7800625715044305,-3.588025340719179e-15,-9.491973407443386e-16,0.0
90.26,3.782315435020856,-3.5901637527780305e-15,-9.491973407443386e-16,0.0
90.28,3.784518048645101,-3.5922544677728515e-15,-9.491973407443386e-16,0.0
90.3,3.7863544695892557,-3.59399759364953e-15,-9.491973407443386e-16,0.0
90.32,3.787737855079856,-3.595310699478432e-15,-9.491973407443386e-16,0.0
90.34,3.788898861135292,-3.59641272333884e-15,-9.491973407443386e-16,0.0
90.36,3.7908035028089064,-3.598220604150506e-15,-9.491973407443386e-16,0.0
90.38,3.7923419502374687,-3.5996808943585725e-15,-9.491973407443386e-16,0.0
90.4,3.7950271702398175,-3.602229698044116e-15,-9.491973407443386e-16,0.0
90.42,3.797253347139476,-3.604342779237298e-15,-9.491973407443386e-16,0.0
90.44,3.799192766243291,-3.606183670693228e-15,-9.491973407443386e-16,0.0
90.46,3.801135899874375,-3.608028087968563e-15,-9.491973407443386e-16,0.0
90.48,3.8041211466521414,-3.6108616762714846e-15,-9.491973407443386e-16,0.0
90.5,3.805520669186513,-3.612190099339422e-15,-9.491973407443386e-16,0.0
90.52,3.8076519262400277,-3.614213082867061e-15,-9.491973407443386e-16,0.0
90.54,3.809569745506832,-3.61603347181514e-15,-9.491973407443386e-16,0.0
90.56,3.8112448304964834,-3.617623458032837e-15,-9.491973407443386e-16,0.0
90.58,3.8135206321469144,-3.619783642907488e-15,-9.491973407443386e-16,0.0
90.6,3.815634431446474,-3.621790055581497e-15,-9.491973407443386e-16,0.0
90.62,3.8173324781271782,-3.623401836975281e-15,-9.491973407443386e-16,0.0
90.64,3.8187721901165412,-3.624768407767022e-15,-9.491973407443386e-16,0.0
90.66,3.820852666223669,-3.62674319015539e-15,-9.491973407443386e-16,0.0
90.68,3.8231520669370833,-3.628925775197869e-15,-9.491973407443386e-16,0.0
90.7,3.825482233006928,-3.631137562634858e-15,-9.491973407443386e-16,0.0
90.72,3.8279211717909014,-3.633452596842844e-15,-9.491973407443386e-16,0.0
90.74,3.829715302870737,-3.635155581292771e-15,-9.491973407443386e-16,0.0
90.76,3.831239794759642,-3.636602624939706e-15,-9.491973407443386e-16,0.0
90.78,3.8334862530790756,-3.638734957202605e-15,-9.491973407443386e-16,0.0
90.8,3.835248569031437,-3.640407742818138e-15,-9.491973407443386e-16,0.0
90.82,3.8368778178851435,-3.641954221497487e-15,-9.491973407443386e-16,0.0
90.84,3.838396046744334,-3.643395320293272e-15,-9.491973407443386e-16,0.0
90.86,3.8406366590161727,-3.64552210350334e-15,-9.491973407443386e-16,0.0
90.88,3.843054987722062,-3.647817574680015e-15,-9.491973407443386e-16,0.0
90.9,3.8451660269223265,-3.649821367475113e-15,-9.491973407443386e-16,0.0
90.92,3.8469561524676625,-3.651520549882344e-15,-9.491973407443386e-16,0.0
90.94,3.849357949075254,-3.653800328835279e-15,-9.491973407443386e-16,0.0
90.96,3.8515444166096184,-3.655875718004522e-15,-9.491973407443386e-16,0.0
90.98,3.8535757648973834,-3.657803868397394e-15,-9.491973407443386e-16,0.0
91.0,3.855271393842252,-3.659413354882753e-15,-9.491973407443386e-16,0.0
91.02,3.857062896140908,-3.661113844100575e-15,-9.491973407443386e-16,0.0
91.04,3.859344396427065,-3.6632794381051024e-15,-9.491973407443386e-16,0.0
91.06,3.8610736275946373,-3.6649208197308945e-15,-9.491973407443386e-16,0.0
91.08,3.863748940109271,-3.6674602192554445e-15,-9.491973407443386e-16,0.0
91.1,3.8648399296380016,-3.6684957836148955e-15,-9.491973407443386e-16,0.0
91.12,3.866121047471723,-3.669711817255844e-15,-9.491973407443386e-16,0.0
91.14,3.8674861264229334,-3.6710075465662385e-15,-9.491973407443386e-16,0.0
91.16,3.8697558017844194,-3.673161916383714e-15,-9.491973407443386e-16,0.0
91.18,3.8719359699063247,-3.6752313261674015e-15,-9.491973407443386e-16,0.0
91.2,3.8737533586299624,-3.676956386710977e-15,-9.491973407443386e-16,0.0
91.22,3.875639250617433,-3.678746470370416e-15,-9.491973407443386e-16,0.0
91.24,3.8778000035548432,-3.680797451312611e-15,-9.491973407443386e-16,0.0
91.26,3.879985619862778,-3.68287203249999e-15,-9.491973407443386e-16,0.0
91.28,3.8812084996448086,-3.684032786737144e-15,-9.491973407443386e-16,0.0
91.3,3.883077634376344,-3.68580696445381e-15,-9.491973407443386e-16,0.0
91.32,3.884635947913011,-3.68728611151886e-15,-9.491973407443386e-16,0.0
91.34,3.8854315563859063,-3.688041300965606e-15,-9.491973407443386e-16,0.0
91.36,3.88766716595375,-3.690163335622345e-15,-9.491973407443386e-16,0.0
91.38,3.8895612561382693,-3.691961200988621e-15,-9.491973407443386e-16,0.0
91.4,3.89181432172114,-3.6940998048484045e-15,-9.491973407443386e-16,0.0
91.42,3.894009826488171,-3.696183772134861e-15,-9.491973407443386e-16,0.0
91.44,3.8967741544034222,-3.6988076648409635e-15,-9.491973407443386e-16,0.0
91.46,3.898707892086739,-3.700643163507665e-15,-9.491973407443386e-16,0.0
91.48,3.900352536750666,-3.702204255849134e-15,-9.491973407443386e-16,0.0
91.5,3.9024889309464985,-3.7042321155386e-15,-9.491973407443386e-16,0.0
91.52,3.9044408020905377,-3.7060848264379976e-15,-9.491973407443386e-16,0.0
91.54,3.90618529426517,-3.707740693771108e-15,-9.491973407443386e-16,0.0
91.56,3.908509178145908,-3.709946518170903e-15,-9.491973407443386e-16,0.0
91.58,3.9102877117145614,-3.711634697504693e-15,-9.491973407443386e-16,0.0
91.6,3.912168263796049,-3.713419712539572e-15,-9.491973407443386e-16,0.0
91.62,3.9142042998576816,-3.715352312554934e-15,-9.491973407443386e-16,0.0
91.64,3.916523473383584,-3.7175536658984455e-15,-9.491973407443386e-16,0.0
91.66,3.9187496665453345,-3.719666762527562e-15,-9.491973407443386e-16,0.0
91.68,3.9210695054685676,-3.7218687474644505e-15,-9.491973407443386e-16,0.0
91.7,3.9231312118255706,-3.723825713655913e-15,-9.491973407443386e-16,0.0
91.72,3.925038730140941,-3.725636324968283e-15,-9.491973407443386e-16,0.0
91.74,3.9268209101758504,-3.727327965518147e-15,-9.491973407443386e-16,0.0
91.76,3.928780424055866,-3.729187930882209e-15,-9.491973407443386e-16,0.0
91.78,3.9309470832929,-3.731244518068301e-15,-9.491973407443386e-16,0.0
91.8,3.9332581430729383,-3.7334381698658145e-15,-9.491973407443386e-16,0.0
91.82,3.934991477790765,-3.735083446570595e-15,-9.491973407443386e-16,0.0
91.84,3.937660942560508,-3.7376172954312465e-15,-9.491973407443386e-16,0.0
91.86,3.9394997961025995,-3.7393627303234176e-15,-9.491973407443386e-16,0.0
91.88,3.941430496735425,-3.741195346229869e-15,-9.491973407443386e-16,0.0
91.9,3.9432178045428503,-3.742891854047769e-15,-9.491973407443386e-16,0.0
91.92,3.9452121121071477,-3.744784845484427e-15,-9.491973407443386e-16,0.0
91.94,3.9478578959471187,-3.747296216469512e-15,-9.491973407443386e-16,0.0
91.96,3.949859503980197,-3.749196137491723e-15,-9.491973407443386e-16,0.0
91.98,3.950922999919033,-3.7502056050087586e-15,-9.491973407443386e-16,0.0
92.0,3.9527352263028055,-3.751925765473062e-15,-9.491973407443386e-16,0.0
92.02,3.9543840570903996,-3.753490831271984e-15,-9.491973407443386e-16,0.0
92.04,3.9558805903598984,-3.754911336671728e-15,-9.491973407443386e-16,0.0
92.06,3.95812898301632,-3.757045505002153e-15,-9.491973407443386e-16,0.0
92.08,3.9604155608513643,-3.759215918602581e-15,-9.491973407443386e-16,0.0
92.1,3.9619742893102528,-3.760695459510701e-15,-9.491973407443386e-16,0.0
92.12,3.963820801764584,-3.762448164222004e-15,-9.491973407443386e-16,0.0
92.14,3.9657958792587698,-3.764322902527249e-15,-9.491973407443386e-16,0.0
92.16,3.9674942136495663,-3.7659349570146876e-15,-9.491973407443386e-16,0.0
92.18,3.969229303482152,-3.767581899669731e-15,-9.491973407443386e-16,0.0
92.2,3.971301284560192,-3.769548618599079e-15,-9.491973407443386e-16,0.0
92.22,3.9733136449970154,-3.771458745774331e-15,-9.491973407443386e-16,0.0
92.24,3.975121419398921,-3.773174680429286e-15,-9.491973407443386e-16,0.0
92.26,3.9769731745447854,-3.77493236148945e-15,-9.491973407443386e-16,0.0
92.28,3.978737270146215,-3.7766068363431456e-15,-9.491973407443386e-16,0.0
92.3,3.9809153832121096,-3.778674295473133e-15,-9.491973407443386e-16,0.0
92.32,3.9829988086361934,-3.780651877345313e-15,-9.491973407443386e-16,0.0
92.34,3.9848340463882317,-3.782393880139181e-15,-9.491973407443386e-16,0.0
92.36,3.9863101822935936,-3.783795024415127e-15,-9.491973407443386e-16,0.0
92.38,3.9883654164236195,-3.785745847185955e-15,-9.491973407443386e-16,0.0
92.4,3.990667753873053,-3.787931219770454e-15,-9.491973407443386e-16,0.0
92.42,3.9928072232814067,-3.789961998443467e-15,-9.491973407443386e-16,0.0
92.44,3.9946103888426,-3.7916735583990735e-15,-9.491973407443386e-16,0.0
92.46,3.9966096965086697,-3.793571295919037e-15,-9.491973407443386e-16,0.0
92.48,3.998023867893176,-3.794913623636567e-15,-9.491973407443386e-16,0.0
92.5,4.000288317339377,-3.7970630330291506e-15,-9.491973407443386e-16,0.0
92.52,4.002918108938578,-3.799559224221824e-15,-9.491973407443386e-16,0.0
92.54,4.005327676535578,-3.80184637937724e-15,-9.491973407443386e-16,0.0
92.56,4.0071598097196155,-3.803585435323417e-15,-9.491973407443386e-16,0.0
92.58,4.009639314940064,-3.805938975085029e-15,-9.491973407443386e-16,0.0
92.6,4.011988766218536,-3.808169067990763e-15,-9.491973407443386e-16,0.0
92.62,4.013746134505906,-3.809837157295843e-15,-9.491973407443386e-16,0.0
92.64,4.015297881191525,-3.811310071123342e-15,-9.491973407443386e-16,0.0
92.66,4.016644707263546,-3.812588474849349e-15,-9.491973407443386e-16,0.0
92.68,4.018097065981962,-3.813967049882677e-15,-9.491973407443386e-16,0.0
92.7,4.020238633277439,-3.815999819864569e-15,-9.491973407443386e-16,0.0
92.72,4.021909762507587,-3.817586051285865e-15,-9.491973407443386e-16,0.0
92.74,4.0229774441215085,-3.818599491834561e-15,-9.491973407443386e-16,0.0
92.76,4.025347478496051,-3.820849122160349e-15,-9.491973407443386e-16,0.0
92.78,4.026607511216934,-3.822045141868262e-15,-9.491973407443386e-16,0.0
92.8,4.0288087135855095,-3.824134517302955e-15,-9.491973407443386e-16,0.0
92.82,4.031182217361824,-3.826387440775679e-15,-9.491973407443386e-16,0.0
92.84,4.033589358855256,-3.82867229308004e-15,-9.491973407443386e-16,0.0
92.86,4.036147351549602,-3.831100332943157e-15,-9.491973407443386e-16,0.0
92.88,4.038247853466886,-3.833094123777271e-15,-9.491973407443386e-16,0.0
92.9,4.040019847714043,-3.834776096004488e-15,-9.491973407443386e-16,0.0
92.92,4.0426728587037575,-3.83729432698089e-15,-9.491973407443386e-16,0.0
92.94,4.044857934700974,-3.8393683953067724e-15,-9.491973407443386e-16,0.0
92.96,4.046977323985138,-3.841380113979303e-15,-9.491973407443386e-16,0.0
92.98,4.048694538663652,-3.843010089585636e-15,-9.491973407443386e-16,0.0
93.0,4.050169917178454,-3.844410514948478e-15,-9.491973407443386e-16,0.0
93.02,4.052945877680695,-3.847045449275216e-15,-9.491973407443386e-16,0.0
93.04,4.055502903261267,-3.8494725711565105e-15,-9.491973407443386e-16,0.0
93.06,4.0574219780295175,-3.851294151823223e-15,-9.491973407443386e-16,0.0
93.08,4.059231587566435,-3.853011828383451e-15,-9.491973407443386e-16,0.0
93.1,4.0612215819713,-3.854900725780645e-15,-9.491973407443386e-16,0.0
93.12,4.063080086612299,-3.856664813443642e-15,-9.491973407443386e-16,0.0
93.14,4.064185865467069,-3.857714415792041e-15,-9.491973407443386e-16,0.0
93.16,4.066713015621693,-3.860113179998472e-15,-9.491973407443386e-16,0.0
93.18,4.068620102017102,-3.8619233813335635e-15,-9.491973407443386e-16,0.0
93.2,4.070671573788082,-3.8638706328831905e-15,-9.491973407443386e-16,0.0
93.22,4.073304874235805,-3.8663701546655495e-15,-9.491973407443386e-16,0.0
93.24,4.076056175756667,-3.8689816827527385e-15,-9.491973407443386e-16,0.0
93.26,4.077599591118555,-3.870446688509906e-15,-9.491973407443386e-16,0.0
93.28,4.079347842784491,-3.8721061243421646e-15,-9.491973407443386e-16,0.0
93.3,4.081406041194585,-3.87405976079975e-15,-9.491973407443386e-16,0.0
93.32,4.083673801185396,-3.876212312552475e-15,-9.491973407443386e-16,0.0
93.34,4.085417875996905,-3.8778677837256185e-15,-9.491973407443386e-16,0.0
93.36,4.08734952426095,-3.879701299121104e-15,-9.491973407443386e-16,0.0
93.38,4.088639570467337,-3.880925807549644e-15,-9.491973407443386e-16,0.0
93.4,4.091247327885166,-3.8834010839559534e-15,-9.491973407443386e-16,0.0
93.42,4.09292567753684,-3.884994168982161e-15,-9.491973407443386e-16,0.0
93.44,4.094823433977834,-3.886795514349333e-15,-9.491973407443386e-16,0.0
93.46,4.096991031237648,-3.8888529919041536e-15,-9.491973407443386e-16,0.0
93.48,4.0981568791538106,-3.889959611645887e-15,-9.491973407443386e-16,0.0
93.5,4.100748279863429,-3.8924193623082594e-15,-9.491973407443386e-16,0.0
93.52,4.102377571519983,-3.8939658816159575e-15,-9.491973407443386e-16,0.0
93.54,4.1040037264936755,-3.895509423592624e-15,-9.491973407443386e-16,0.0
93.56,4.105483457526838,-3.896913980354319e-15,-9.491973407443386e-16,0.0
93.58,4.107217532181784,-3.898559959405446e-15,-9.491973407443386e-16,0.0
93.6,4.1088526950264335,-3.9001120516292705e-15,-9.491973407443386e-16,0.0
93.62,4.110869091880296,-3.902026010160842e-15,-9.491973407443386e-16,0.0
93.64,4.113385649322908,-3.9044147197932e-15,-9.491973407443386e-16,0.0
93.66,4.115417440371823,-3.906343290453778e-15,-9.491973407443386e-16,0.0
93.68,4.117879135584064,-3.90867992500296e-15,-9.491973407443386e-16,0.0
93.7,4.119559069565273,-3.9102745138705495e-15,-9.491973407443386e-16,0.0
93.72,4.121304497449298,-3.911931269376527e-15,-9.491973407443386e-16,0.0
93.74,4.12400656261767,-3.914496062448864e-15,-9.491973407443386e-16,0.0
93.76,4.1264446213582815,-3.9168102613220305e-15,-9.491973407443386e-16,0.0
93.78,4.128949029790369,-3.919187439145906e-15,-9.491973407443386e-16,0.0
93.8,4.13067949921122,-3.920829996118417e-15,-9.491973407443386e-16,0.0
93.82,4.132296780596186,-3.922365115308262e-15,-9.491973407443386e-16,0.0
93.84,4.13494744175994,-3.924881115836112e-15,-9.491973407443386e-16,0.0
93.86,4.137081653348289,-3.926906903800358e-15,-9.491973407443386e-16,0.0
93.88,4.138620719061926,-3.9283677808829736e-15,-9.491973407443386e-16,0.0
93.9,4.140645702248514,-3.930289889538734e-15,-9.491973407443386e-16,0.0
93.92,4.142290574836848,-3.931851198225445e-15,-9.491973407443386e-16,0.0
93.94,4.145034256767313,-3.93445549381769e-15,-9.491973407443386e-16,0.0
93.96,4.146394940615244,-3.9357470513077395e-15,-9.491973407443386e-16,0.0
93.98,4.1478892635277305,-3.937165458642485e-15,-9.491973407443386e-16,0.0
94.0,4.150214647186592,-3.939372706627687e-15,-9.491973407443386e-16,0.0
94.02,4.152774087347586,-3.941802120422296e-15,-9.491973407443386e-16,0.0
94.04,4.154886710515085,-3.943807416714881e-15,-9.491973407443386e-16,0.0
94.06,4.157066902493986,-3.945876849143566e-15,-9.491973407443386e-16,0.0
94.08,4.158341480720365,-3.947086675406616e-15,-9.491973407443386e-16,0.0
94.1,4.1594662416789445,-3.948154295517473e-15,-9.491973407443386e-16,0.0
94.12,4.162026015965473,-3.950584026463152e-15,-9.491973407443386e-16,0.0
94.14,4.163146622145327,-3.951647702869091e-15,-9.491973407443386e-16,0.0
94.16,4.165803190274375,-3.95416931027269e-15,-9.491973407443386e-16,0.0
94.18,4.167348949349868,-3.955636540676579e-15,-9.491973407443386e-16,0.0
94.2,4.169287280510066,-3.957476399459321e-15,-9.491973407443386e-16,0.0
94.22,4.17155876840136,-3.959632489725271e-15,-9.491973407443386e-16,0.0
94.24,4.173585990644306,-3.961556723687373e-15,-9.491973407443386e-16,0.0
94.26,4.17573572572172,-3.963597246506158e-15,-9.491973407443386e-16,0.0
94.28,4.176814085142714,-3.964620822400933e-15,-9.491973407443386e-16,0.0
94.3,4.178634759126757,-3.966349001304949e-15,-9.491973407443386e-16,0.0
94.32,4.180603025814068,-3.96821727481042e-15,-9.491973407443386e-16,0.0
94.34,4.181825192441437,-3.9693773521230656e-15,-9.491973407443386e-16,0.0
94.36,4.183884510042124,-3.971332050913385e-15,-9.491973407443386e-16,0.0
94.38,4.186136193429891,-3.9734693427972514e-15,-9.491973407443386e-16,0.0
94.4,4.187977452253488,-3.9752170607762325e-15,-9.491973407443386e-16,0.0
94.42,4.190401212000078,-3.977517687082299e-15,-9.491973407443386e-16,0.0
94.44,4.192482559817112,-3.979493296895391e-15,-9.491973407443386e-16,0.0
94.46,4.194745343869389,-3.9816411255004916e-15,-9.491973407443386e-16,0.0
94.48,4.196533655864184,-3.983338586490372e-15,-9.491973407443386e-16,0.0
94.5,4.198551293996617,-3.985253723240263e-15,-9.491973407443386e-16,0.0
94.52,4.200978778559057,-3.9875578851316286e-15,-9.491973407443386e-16,0.0
94.54,4.203532076582018,-3.989981468825151e-15,-9.491973407443386e-16,0.0
94.56,4.20555459422914,-3.991901237197407e-15,-9.491973407443386e-16,0.0
94.58,4.207837338748519,-3.994068012224801e-15,-9.491973407443386e-16,0.0
94.6,4.20952456212535,-3.9956695201673306e-15,-9.491973407443386e-16,0.0
94.62,4.210947981669446,-3.9970206262133504e-15,-9.491973407443386e-16,0.0
94.64,4.213517989421464,-3.999460070737259e-15,-9.491973407443386e-16,0.0
94.66,4.215837716602805,-4.00166194960904e-15,-9.491973407443386e-16,0.0
94.68,4.217664302003786,-4.003395739614293e-15,-9.491973407443386e-16,0.0
94.7,4.219841316419708,-4.005462155908649e-15,-9.491973407443386e-16,0.0
94.72,4.221774351069529,-4.007296987257826e-15,-9.491973407443386e-16,0.0
94.74,4.224501519988457,-4.009885608743432e-15,-9.491973407443386e-16,0.0
94.76,4.225800265987026,-4.0111183749915764e-15,-9.491973407443386e-16,0.0
94.78,4.2276920272882785,-4.012914029788049e-15,-9.491973407443386e-16,0.0
94.8,4.229456722957521,-4.014589074224516e-15,-9.491973407443386e-16,0.0
94.82,4.231328089649559,-4.016365370512156e-15,-9.491973407443386e-16,0.0
94.84,4.233286225630329,-4.0182240279779185e-15,-9.491973407443386e-16,0.0
94.86,4.234689617670445,-4.019556123970418e-15,-9.491973407443386e-16,0.0
94.88,4.2364594102392195,-4.021236006370369e-15,-9.491973407443386e-16,0.0
94.9,4.238094080560949,-4.022787631092749e-15,-9.491973407443386e-16,0.0
94.92,4.239764867769481,-4.024373537868037e-15,-9.491973407443386e-16,0.0
94.94,4.242462756518366,-4.0269343666941026e-15,-9.491973407443386e-16,0.0
94.96,4.244880802735357,-4.029229569733067e-15,-9.491973407443386e-16,0.0
94.98,4.247031565589023,-4.0312710681143396e-15,-9.491973407443386e-16,0.0
95.0,4.249178356888016,-4.033308796706477e-15,-9.491973407443386e-16,0.0
95.02,4.251438293342258,-4.0354539223790954e-15,-9.491973407443386e-16,0.0
95.04,4.25304737093007,-4.0369812545464974e-15,-9.491973407443386e-16,0.0
95.06,4.255184294713752,-4.039009616919341e-15,-9.491973407443386e-16,0.0
95.08,4.257306102935926,-4.041023631641398e-15,-9.491973407443386e-16,0.0
95.1,4.259120602779315,-4.042745950067524e-15,-9.491973407443386e-16,0.0
95.12,4.2612722154331815,-4.044788255076886e-15,-9.491973407443386e-16,0.0
95.14,4.263210746250229,-4.046628303373378e-15,-9.491973407443386e-16,0.0
95.16,4.2646807072570425,-4.048023586452043e-15,-9.491973407443386e-16,0.0
95.18,4.266760282900163,-4.04999751412237e-15,-9.491973407443386e-16,0.0
95.2,4.268817118652734,-4.051949857149058e-15,-9.491973407443386e-16,0.0
95.22,4.269932339095215,-4.053008421427405e-15,-9.491973407443386e-16,0.0
95.24,4.271752798750734,-4.0547363968913555e-15,-9.491973407443386e-16,0.0
95.26,4.274553521000224,-4.057394835002735e-15,-9.491973407443386e-16,0.0
95.28,4.276222614468451,-4.05897913408423e-15,-9.491973407443386e-16,0.0
95.3,4.27788020492089,-4.060552514533728e-15,-9.491973407443386e-16,0.0
95.32,4.2802371627330755,-4.062789732621301e-15,-9.491973407443386e-16,0.0
95.34,4.282194177017582,-4.064647325375954e-15,-9.491973407443386e-16,0.0
95.36,4.284529602710599,-4.066864105233271e-15,-9.491973407443386e-16,0.0
95.38,4.286643178803184,-4.0688703060398135e-15,-9.491973407443386e-16,0.0
95.4,4.288288727559639,-4.070432256543506e-15,-9.491973407443386e-16,0.0
95.42,4.290219667719015,-4.072265099807922e-15,-9.491973407443386e-16,0.0
95.44,4.292650843917918,-4.074572765790801e-15,-9.491973407443386e-16,0.0
95.46,4.294647571846917,-4.076468054631197e-15,-9.491973407443386e-16,0.0
95.48,4.296680943261234,-4.0783981253704125e-15,-9.491973407443386e-16,0.0
95.5,4.298572371169804,-4.0801934637114374e-15,-9.491973407443386e-16,0.0
95.52,4.300835061721872,-4.082341203566388e-15,-9.491973407443386e-16,0.0
95.54,4.302897880731398,-4.084299225884666e-15,-9.491973407443386e-16,0.0
95.56,4.3057689254737905,-4.087024413919304e-15,-9.491973407443386e-16,0.0
95.58,4.30770858750858,-4.0888655359646685e-15,-9.491973407443386e-16,0.0
95.6,4.309930658929927,-4.090974720248755e-15,-9.491973407443386e-16,0.0
95.62,4.311914847074984,-4.092858106359579e-15,-9.491973407443386e-16,0.0
95.64,4.31393218001869,-4.0947729534251405e-15,-9.491973407443386e-16,0.0
95.66,4.316095806192872,-4.09682666163604e-15,-9.491973407443386e-16,0.0
95.68,4.317811048602965,-4.098454765170432e-15,-9.491973407443386e-16,0.0
95.7,4.320016750201185,-4.100548411261938e-15,-9.491973407443386e-16,0.0
95.72,4.321844893417964,-4.102283679941804e-15,-9.491973407443386e-16,0.0
95.74,4.323739553431334,-4.10408208618811e-15,-9.491973407443386e-16,0.0
95.76,4.325629269548475,-4.105875799701263e-15,-9.491973407443386e-16,0.0
95.78,4.328023032253052,-4.10814795289482e-15,-9.491973407443386e-16,0.0
95.8,4.329815209973246,-4.109849083220969e-15,-9.491973407443386e-16,0.0
95.82,4.331514210026789,-4.1114617695537166e-15,-9.491973407443386e-16,0.0
95.84,4.333509467847917,-4.1133556629716306e-15,-9.491973407443386e-16,0.0
95.86,4.335496620287384,-4.1152418627828266e-15,-9.491973407443386e-16,0.0
95.88,4.337879413651146,-4.117503603907252e-15,-9.491973407443386e-16,0.0
95.9,4.339626998202477,-4.1191624065161015e-15,-9.491973407443386e-16,0.0
95.92,4.340766310295302,-4.120243838524889e-15,-9.491973407443386e-16,0.0
95.94,4.342329343995994,-4.121727465957079e-15,-9.491973407443386e-16,0.0
95.96,4.344013582755141,-4.12332614090844e-15,-9.491973407443386e-16,0.0
95.98,4.34572080579904,-4.124946632481766e-15,-9.491973407443386e-16,0.0
96.0,4.348111463847335,-4.127215838743836e-15,-9.491973407443386e-16,0.0
96.02,4.349693702431088,-4.1287176953999574e-15,-9.491973407443386e-16,0.0
96.04,4.351813286074916,-4.1307295985581635e-15,-9.491973407443386e-16,0.0
96.06,4.353524196276079,-4.13235358997136e-15,-9.491973407443386e-16,0.0
96.08,4.35543983749592,-4.134171911523053e-15,-9.491973407443386e-16,0.0
96.1,4.356720709610372,-4.135387711927925e-15,-9.491973407443386e-16,0.0
96.12,4.358683832107079,-4.1372511025813546e-15,-9.491973407443386e-16,0.0
96.14,4.3599963881191925,-4.13849697725763e-15,-9.491973407443386e-16,0.0
96.16,4.3625427576265965,-4.14091398442261e-15,-9.491973407443386e-16,0.0
96.18,4.363868994538906,-4.1421728449729716e-15,-9.491973407443386e-16,0.0
96.2,4.365204334040189,-4.143440345676579e-15,-9.491973407443386e-16,0.0
96.22,4.3670398592533255,-4.145182621327758e-15,-9.491973407443386e-16,0.0
96.24,4.369628502815785,-4.14763975491338e-15,-9.491973407443386e-16,0.0
96.26,4.371489272101136,-4.149405992170773e-15,-9.491973407443386e-16,0.0
96.28,4.373280395587727,-4.151106121821191e-15,-9.491973407443386e-16,0.0
96.3,4.374918842213347,-4.15266133100118e-15,-9.491973407443386e-16,0.0
96.32,4.377122539111945,-4.154753074237136e-15,-9.491973407443386e-16,0.0
96.34,4.37873531069389,-4.156283912733946e-15,-9.491973407443386e-16,0.0
96.36,4.381300141461839,-4.158718443278343e-15,-9.491973407443386e-16,0.0
96.38,4.383476312411145,-4.160784058956429e-15,-9.491973407443386e-16,0.0
96.4,4.385274036830227,-4.162490454194413e-15,-9.491973407443386e-16,0.0
96.42,4.387859316581515,-4.1649443948594165e-15,-9.491973407443386e-16,0.0
96.44,4.389497463093998,-4.166499319172815e-15,-9.491973407443386e-16,0.0
96.46,4.3919451929124005,-4.168822697807303e-15,-9.491973407443386e-16,0.0
96.48,4.393932668260878,-4.170709204122873e-15,-9.491973407443386e-16,0.0
96.5,4.396030230085957,-4.172700204229285e-15,-9.491973407443386e-16,0.0
96.52,4.39883138338058,-4.1753590514875584e-15,-9.491973407443386e-16,0.0
96.54,4.400860506717243,-4.177285089962761e-15,-9.491973407443386e-16,0.0
96.56,4.402895425492067,-4.179216629452455e-15,-9.491973407443386e-16,0.0
96.58,4.405144054220446,-4.1813510218617526e-15,-9.491973407443386e-16,0.0
96.6,4.4071260708687525,-4.1832323467936365e-15,-9.491973407443386e-16,0.0
96.62,4.409702335734145,-4.185677730552919e-15,-9.491973407443386e-16,0.0
96.64,4.411735010466271,-4.187607140003251e-15,-9.491973407443386e-16,0.0
96.66,4.413568038945043,-4.1893470457608105e-15,-9.491973407443386e-16,0.0
96.68,4.416078876385257,-4.1917303259821026e-15,-9.491973407443386e-16,0.0
96.7,4.417554974765578,-4.1931314346393794e-15,-9.491973407443386e-16,0.0
96.72,4.419279451265389,-4.194768303147177e-15,-9.491973407443386e-16,0.0
96.74,4.421577510444083,-4.196949614808466e-15,-9.491973407443386e-16,0.0
96.76,4.423615662167923,-4.198884223004769e-15,-9.491973407443386e-16,0.0
96.78,4.4260967220365846,-4.20123923843433e-15,-9.491973407443386e-16,0.0
96.8,4.428147871253612,-4.203186183816603e-15,-9.491973407443386e-16,0.0
96.82,4.4297240312338415,-4.204682270678424e-15,-9.491973407443386e-16,0.0
96.84,4.432020936899354,-4.20686248742807e-15,-9.491973407443386e-16,0.0
96.86,4.434286960955897,-4.2090133914366036e-15,-9.491973407443386e-16,0.0
96.88,4.436340909189262,-4.21096299363774e-15,-9.491973407443386e-16,0.0
96.9,4.438269544254922,-4.212793648913331e-15,-9.491973407443386e-16,0.0
96.92,4.440323828466086,-4.214743570023701e-15,-9.491973407443386e-16,0.0
96.94,4.442422040310706,-4.216735187126933e-15,-9.491973407443386e-16,0.0
96.96,4.444369302027846,-4.218583522770576e-15,-9.491973407443386e-16,0.0
96.98,4.447184343446173,-4.2212555525989365e-15,-9.491973407443386e-16,0.0
97.0,4.4492121204153685,-4.2231803131057194e-15,-9.491973407443386e-16,0.0
97.02,4.451236700288224,-4.225102038937158e-15,-9.491973407443386e-16,0.0
97.04,4.452943433790008,-4.226722065838411e-15,-9.491973407443386e-16,0.0
97.06,4.454365322238475,-4.228071718572531e-15,-9.491973407443386e-16,0.0
97.08,4.456204622514605,-4.229817577503464e-15,-9.491973407443386e-16,0.0
97.1,4.457986726550547,-4.23150914591531e-15,-9.491973407443386e-16,0.0
97.12,4.459940462664465,-4.233363627039158e-15,-9.491973407443386e-16,0.0
97.14,4.461492186653023,-4.234836519322666e-15,-9.491973407443386e-16,0.0
97.16,4.463925075647125,-4.237145811086194e-15,-9.491973407443386e-16,0.0
97.18,4.46623749670594,-4.239340755005902e-15,-9.491973407443386e-16,0.0
97.2,4.468921033496919,-4.241887960991689e-15,-9.491973407443386e-16,0.0
97.22,4.471852693001165,-4.244670684397088e-15,-9.491973407443386e-16,0.0
97.24,4.474111740763466,-4.246814966525679e-15,-9.491973407443386e-16,0.0
97.26,4.475473897280219,-4.248107921869058e-15,-9.491973407443386e-16,0.0
97.28,4.477336392278577,-4.249875797168649e-15,-9.491973407443386e-16,0.0
97.3,4.47987700869895,-4.252287343518719e-15,-9.491973407443386e-16,0.0
97.32,4.4816015315491935,-4.253924256022222e-15,-9.491973407443386e-16,0.0
97.34,4.484293500659272,-4.256479465942875e-15,-9.491973407443386e-16,0.0
97.36,4.486892482491206,-4.2589464125863895e-15,-9.491973407443386e-16,0.0
97.38,4.488665407421706,-4.26062926821576e-15,-9.491973407443386e-16,0.0
97.4,4.4904122750971585,-4.2622873903679316e-15,-9.491973407443386e-16,0.0
97.42,4.49266293574198,-4.264423711466914e-15,-9.491973407443386e-16,0.0
97.44,4.49452025017603,-4.26618666938864e-15,-9.491973407443386e-16,0.0
97.46,4.496415540224103,-4.2679856736622096e-15,-9.491973407443386e-16,0.0
97.48,4.49779613471697,-4.269296130283485e-15,-9.491973407443386e-16,0.0
97.5,4.499629595438779,-4.271036446324985e-15,-9.491973407443386e-16,0.0
97.52,4.501517297784779,-4.272828248371925e-15,-9.491973407443386e-16,0.0
97.54,4.503223731587123,-4.274447990799266e-15,-9.491973407443386e-16,0.0
97.56,4.505665878879732,-4.276766070515117e-15,-9.491973407443386e-16,0.0
97.58,4.508030133201955,-4.2790102144306144e-15,-9.491973407443386e-16,0.0
97.6,4.509938559586626,-4.28082168767995e-15,-9.491973407443386e-16,0.0
97.62,4.511832724013689,-4.2826196235170506e-15,-9.491973407443386e-16,0.0
97.64,4.513981654536258,-4.284659382654518e-15,-9.491973407443386e-16,0.0
97.66,4.515987546517854,-4.286563369989269e-15,-9.491973407443386e-16,0.0
97.68,4.517812684655296,-4.288295786255821e-15,-9.491973407443386e-16,0.0
97.7,4.520409185033877,-4.290760377510412e-15,-9.491973407443386e-16,0.0
97.72,4.52186433180151,-4.292141598952642e-15,-9.491973407443386e-16,0.0
97.74,4.5231235491937545,-4.29333684475278e-15,-9.491973407443386e-16,0.0
97.76,4.524778983571597,-4.294908178662005e-15,-9.491973407443386e-16,0.0
97.78,4.526489484715051,-4.296531781798712e-15,-9.491973407443386e-16,0.0
97.8,4.528468992044844,-4.298410724892135e-15,-9.491973407443386e-16,0.0
97.82,4.531075457724625,-4.300884775184125e-15,-9.491973407443386e-16,0.0
97.84,4.532833594414691,-4.3025535938550006e-15,-9.491973407443386e-16,0.0
97.86,4.534042289973077,-4.30370088446479e-15,-9.491973407443386e-16,0.0
97.88,4.535867806807151,-4.305433660189177e-15,-9.491973407443386e-16,0.0
97.9,4.538037940094491,-4.307493544934581e-15,-9.491973407443386e-16,0.0
97.92,4.540426955332974,-4.309761191845946e-15,-9.491973407443386e-16,0.0
97.94,4.543086724025896,-4.3122858372162626e-15,-9.491973407443386e-16,0.0
97.96,4.545536480121045,-4.314611139187251e-15,-9.491973407443386e-16,0.0
97.98,4.547934971134678,-4.316887780479191e-15,-9.491973407443386e-16,0.0
98.0,4.550913519014522,-4.319715010206018e-15,-9.491973407443386e-16,0.0
98.02,4.552911053335264,-4.321611064471312e-15,-9.491973407443386e-16,0.0
98.04,4.554104040400249,-4.322743444620938e-15,-9.491973407443386e-16,0.0
98.06,4.556274290340903,-4.324803440093357e-15,-9.491973407443386e-16,0.0
98.08,4.558775726615848,-4.327177796753576e-15,-9.491973407443386e-16,0.0
98.1,4.561052528543269,-4.329338931088486e-15,-9.491973407443386e-16,0.0
98.12,4.563539263634559,-4.331699333424274e-15,-9.491973407443386e-16,0.0
98.14,4.565742114759513,-4.333790273854136e-15,-9.491973407443386e-16,0.0
98.16,4.5679917624126425,-4.3359256334240975e-15,-9.491973407443386e-16,0.0
98.18,4.570019419958501,-4.337850280574567e-15,-9.491973407443386e-16,0.0
98.2,4.571537582884606,-4.339291316786842e-15,-9.491973407443386e-16,0.0
98.22,4.573738909920741,-4.34138081055565e-15,-9.491973407443386e-16,0.0
98.24,4.57548396492846,-4.34303721212843e-15,-9.491973407443386e-16,0.0
98.26,4.577640407358101,-4.3450841015481135e-15,-9.491973407443386e-16,0.0
98.28,4.579622044769079,-4.346965066508933e-15,-9.491973407443386e-16,0.0
98.3,4.58112848980253,-4.348394980128662e-15,-9.491973407443386e-16,0.0
98.32,4.583440507193721,-4.3505895408881355e-15,-9.491973407443386e-16,0.0
98.34,4.585746572653553,-4.352778452090191e-15,-9.491973407443386e-16,0.0
98.36,4.587817674198667,-4.354744336169225e-15,-9.491973407443386e-16,0.0
98.38,4.5902534054562825,-4.357056325801721e-15,-9.491973407443386e-16,0.0
98.4,4.59268456982138,-4.359363980551983e-15,-9.491973407443386e-16,0.0
98.42,4.595308777650488,-4.361854871644934e-15,-9.491973407443386e-16,0.0
98.44,4.5970174573972615,-4.3634767459167544e-15,-9.491973407443386e-16,0.0
98.46,4.598726661114014,-4.365099117539487e-15,-9.491973407443386e-16,0.0
98.48,4.600991980387419,-4.367249352569739e-15,-9.491973407443386e-16,0.0
98.5,4.603593452033518,-4.369718662538238e-15,-9.491973407443386e-16,0.0
98.52,4.605995908537606,-4.371999067863172e-15,-9.491973407443386e-16,0.0
98.54,4.607534901921939,-4.373459876291004e-15,-9.491973407443386e-16,0.0
98.56,4.609928474331184,-4.375731848856738e-15,-9.491973407443386e-16,0.0
98.58,4.6120269440729915,-4.377723710755295e-15,-9.491973407443386e-16,0.0
98.6,4.614013617497741,-4.379609455886995e-15,-9.491973407443386e-16,0.0
98.62,4.616000060911157,-4.381494982692549e-15,-9.491973407443386e-16,0.0
98.64,4.6184228482931715,-4.383794686032746e-15,-9.491973407443386e-16,0.0
98.66,4.6208887338314595,-4.386135298028269e-15,-9.491973407443386e-16,0.0
98.68,4.622657315517203,-4.3878140310612655e-15,-9.491973407443386e-16,0.0
98.7,4.624940538825645,-4.389981260553964e-15,-9.491973407443386e-16,0.0
98.72,4.626662586675946,-4.391615823794104e-15,-9.491973407443386e-16,0.0
98.74,4.6289849392905404,-4.393820194720148e-15,-9.491973407443386e-16,0.0
98.76,4.630368277494395,-4.395133255664597e-15,-9.491973407443386e-16,0.0
98.78,4.632473022950364,-4.397131074454346e-15,-9.491973407443386e-16,0.0
98.8,4.635617726311614,-4.400116018522274e-15,-9.491973407443386e-16,0.0
98.82,4.63724984146466,-4.401665217885334e-15,-9.491973407443386e-16,0.0
98.84,4.638577316208526,-4.4029252533821165e-15,-9.491973407443386e-16,0.0
98.86,4.640313124371538,-4.40457287787449e-15,-9.491973407443386e-16,0.0
98.88,4.641373419295691,-4.405579306996901e-15,-9.491973407443386e-16,0.0
98.9,4.6439496789193955,-4.408024685780788e-15,-9.491973407443386e-16,0.0
98.92,4.646269529483457,-4.41022668176712e-15,-9.491973407443386e-16,0.0
98.94,4.6480579582017585,-4.4119242535506426e-15,-9.491973407443386e-16,0.0
98.96,4.650076455456933,-4.413840205777554e-15,-9.491973407443386e-16,0.0
98.98,4.6517100088344625,-4.41539077029947e-15,-9.491973407443386e-16,0.0
99.0,4.654297572855308,-4.417846879187062e-15,-9.491973407443386e-16,0.0
99.02,4.6560703334151965,-4.419529578796285e-15,-9.491973407443386e-16,0.0
99.04,4.657799137567009,-4.421170555099854e-15,-9.491973407443386e-16,0.0
99.06,4.659754650356749,-4.423026722639667e-15,-9.491973407443386e-16,0.0
99.08,4.661800727805029,-4.424968853912531e-15,-9.491973407443386e-16,0.0
99.1,4.664272899075379,-4.427315432308211e-15,-9.491973407443386e-16,0.0
99.12,4.6667147515185485,-4.429633232153758e-15,-9.491973407443386e-16,0.0
99.14,4.66883556250661,-4.431646300303846e-15,-9.491973407443386e-16,0.0
99.16,4.67045013204058,-4.433178845411938e-15,-9.491973407443386e-16,0.0
99.18,4.6725511234766355,-4.4351731008959686e-15,-9.491973407443386e-16,0.0
99.2,4.674241995618832,-4.4367780722368804e-15,-9.491973407443386e-16,0.0
99.22,4.675864476459001,-4.4383181267357774e-15,-9.491973407443386e-16,0.0
99.24,4.677816010415714,-4.440170517577861e-15,-9.491973407443386e-16,0.0
99.26,4.67989216560244,-4.442141198560075e-15,-9.491973407443386e-16,0.0
99.28,4.681866285184857,-4.4440150276180164e-15,-9.491973407443386e-16,0.0
99.3,4.68368453561179,-4.445740906088068e-15,-9.491973407443386e-16,0.0
99.32,4.686428539218408,-4.4483455070144634e-15,-9.491973407443386e-16,0.0
99.34,4.688233199225217,-4.450058485493874e-15,-9.491973407443386e-16,0.0
99.36,4.6903807483154045,-4.4520969333793985e-15,-9.491973407443386e-16,0.0
99.38,4.691954204752587,-4.4535904540453495e-15,-9.491973407443386e-16,0.0
99.4,4.69407851711882,-4.455606845694288e-15,-9.491973407443386e-16,0.0
99.42,4.696828669372804,-4.458217282900412e-15,-9.491973407443386e-16,0.0
99.44,4.698369741681895,-4.459680064638096e-15,-9.491973407443386e-16,0.0
99.46,4.700128575576758,-4.4613495450939114e-15,-9.491973407443386e-16,0.0
99.48,4.702937111576471,-4.464015399996223e-15,-9.491973407443386e-16,0.0
99.5,4.705073785930049,-4.466043525610676e-15,-9.491973407443386e-16,0.0
99.52,4.706594109997197,-4.467486613172282e-15,-9.491973407443386e-16,0.0
99.54,4.708279094669176,-4.469085996142119e-15,-9.491973407443386e-16,0.0
99.56,4.710707558326742,-4.471391087387976e-15,-9.491973407443386e-16,0.0
99.58,4.712965903610032,-4.4735347027253565e-15,-9.491973407443386e-16,0.0
99.6,4.715195492807738,-4.475651022862772e-15,-9.491973407443386e-16,0.0
99.62,4.716689751726671,-4.477069369455006e-15,-9.491973407443386e-16,0.0
99.64,4.71892299874378,-4.4791891615848715e-15,-9.491973407443386e-16,0.0
99.66,4.72060803293023,-4.480788591553712e-15,-9.491973407443386e-16,0.0
99.68,4.7223015432434865,-4.482396067039579e-15,-9.491973407443386e-16,0.0
99.7,4.723906374660857,-4.48391936875329e-15,-9.491973407443386e-16,0.0
99.72,4.725875277542408,-4.485788246132642e-15,-9.491973407443386e-16,0.0
99.74,4.72775246073498,-4.4875700634271215e-15,-9.491973407443386e-16,0.0
99.76,4.730203506997854,-4.489896590021883e-15,-9.491973407443386e-16,0.0
99.78,4.7325560443352535,-4.492129612206544e-15,-9.491973407443386e-16,0.0
99.8,4.7348310457833085,-4.4942890375312275e-15,-9.491973407443386e-16,0.0
99.82,4.737053528020958,-4.496398611761057e-15,-9.491973407443386e-16,0.0
99.84,4.7387300237994685,-4.497989937095788e-15,-9.491973407443386e-16,0.0
99.86,4.7411591665489246,-4.50029567293386e-15,-9.491973407443386e-16,0.0
99.88,4.742810930208367,-4.501863522606941e-15,-9.491973407443386e-16,0.0
99.9,4.745346233536453,-4.504270025783941e-15,-9.491973407443386e-16,0.0
99.92,4.746867548244825,-4.505714053659563e-15,-9.491973407443386e-16,0.0
99.94,4.748613299745826,-4.507371116341914e-15,-9.491973407443386e-16,0.0
99.96,4.750034822857325,-4.508720422299155e-15,-9.491973407443386e-16,0.0
99.98,4.752084435391171,-4.510665909065838e-15,-9.491973407443386e-16,0.0
100.0,4.754734707938567,-4.513181540720075e-15,-9.491973407443386e-16,0.0
100.02,4.756557894511727,-4.5149121045669984e-15,-9.491973407443386e-16,0.0
100.04,4.7587657410836295,-4.51700778666182e-15,-9.491973407443386e-16,0.0
100.06,4.76071713690929,-4.518860046390276e-15,-9.491973407443386e-16,0.0
100.08,4.762587552161888,-4.5206354395741296e-15,-9.491973407443386e-16,0.0
100.1,4.764762571485636,-4.522699962132299e-15,-9.491973407443386e-16,0.0
100.12,4.766988848857297,-4.524813138693239e-15,-9.491973407443386e-16,0.0
100.14,4.769354336709053,-4.5270584534716894e-15,-9.491973407443386e-16,0.0
100.16,4.771468001925463,-4.52906473887433e-15,-9.491973407443386e-16,0.0
100.18,4.773204554552176,-4.530713070009668e-15,-9.491973407443386e-16,0.0
100.2,4.774294779541931,-4.531747908670757e-15,-9.491973407443386e-16,0.0
100.22,4.7761053131849005,-4.533466462389992e-15,-9.491973407443386e-16,0.0
100.24,4.7779146928728515,-4.535183920778192e-15,-9.491973407443386e-16,0.0
100.26,4.779814391945734,-4.536987110086386e-15,-9.491973407443386e-16,0.0
100.28,4.78197513837058,-4.5390380848468735e-15,-9.491973407443386e-16,0.0
100.3,4.784329250775678,-4.541272602081606e-15,-9.491973407443386e-16,0.0
100.32,4.78732949989589,-4.544120430568082e-15,-9.491973407443386e-16,0.0
100.34,4.789015959384586,-4.5457212134300254e-15,-9.491973407443386e-16,0.0
100.36,4.790830024045258,-4.547443118781873e-15,-9.491973407443386e-16,0.0
100.38,4.792572035321509,-4.549096631252837e-15,-9.491973407443386e-16,0.0
100.4,4.794098744854633,-4.550545779881767e-15,-9.491973407443386e-16,0.0
100.42,4.796506184374498,-4.5528309150720255e-15,-9.491973407443386e-16,0.0
100.44,4.79845611427651,-4.554681783349653e-15,-9.491973407443386e-16,0.0
100.46,4.8007850272553245,-4.5568923813559684e-15,-9.491973407443386e-16,0.0
100.48,4.802692726323602,-4.558703164238517e-15,-9.491973407443386e-16,0.0
100.5,4.804845903224667,-4.5607469540271605e-15,-9.491973407443386e-16,0.0
100.52,4.806772397620798,-4.562575577384927e-15,-9.491973407443386e-16,0.0
100.54,4.808538970446309,-4.564252403613132e-15,-9.491973407443386e-16,0.0
100.56,4.811062079967109,-4.566647332460683e-15,-9.491973407443386e-16,0.0
100.58,4.8129601747009465,-4.568448998934522e-15,-9.491973407443386e-16,0.0
100.6,4.815248309671762,-4.570620890564085e-15,-9.491973407443386e-16,0.0
100.62,4.817564877922944,-4.57281977098776e-15,-9.491973407443386e-16,0.0
100.64,4.819961366134685,-4.575094511225469e-15,-9.491973407443386e-16,0.0
100.66,4.821553455119774,-4.576605717856343e-15,-9.491973407443386e-16,0.0
100.68,4.823342845379438,-4.57830420233237e-15,-9.491973407443386e-16,0.0
100.7,4.825331718139251,-4.580192035067064e-15,-9.491973407443386e-16,0.0
100.72,4.826843080552961,-4.5816266162510585e-15,-9.491973407443386e-16,0.0
100.74,4.828861714697524,-4.583542698413014e-15,-9.491973407443386e-16,0.0
100.76,4.830803244757056,-4.585385593582497e-15,-9.491973407443386e-16,0.0
100.78,4.832701130038653,-4.5871870612448265e-15,-9.491973407443386e-16,0.0
100.8,4.834894443652419,-4.589268948694432e-15,-9.491973407443386e-16,0.0
100.82,4.837070043972396,-4.591334022732676e-15,-9.491973407443386e-16,0.0
100.84,4.839659787454047,-4.5937922003586695e-15,-9.491973407443386e-16,0.0
100.86,4.840997907886932,-4.595062340715159e-15,-9.491973407443386e-16,0.0
100.88,4.843678165416588,-4.5976064340348185e-15,-9.491973407443386e-16,0.0
100.9,4.845252077950584,-4.599100387626652e-15,-9.491973407443386e-16,0.0
100.92,4.84751895553657,-4.601252101803063e-15,-9.491973407443386e-16,0.0
100.94,4.84936832617761,-4.60300751949759e-15,-9.491973407443386e-16,0.0
100.96,4.851037085632493,-4.604591501534506e-15,-9.491973407443386e-16,0.0
100.98,4.853009175899656,-4.606463404371805e-15,-9.491973407443386e-16,0.0
101.0,4.854352718647517,-4.6077386915752515e-15,-9.491973407443386e-16,0.0
101.02,4.856069084123756,-4.609367861121043e-15,-9.491973407443386e-16,0.0
101.04,4.857877405817891,-4.611084315264326e-15,-9.491973407443386e-16,0.0
101.06,4.860014107838025,-4.6131124671398e-15,-9.491973407443386e-16,0.0
101.08,4.862111224035418,-4.615103044257598e-15,-9.491973407443386e-16,0.0
101.1,4.864327350385685,-4.6172065854960245e-15,-9.491973407443386e-16,0.0
101.12,4.8665246463814205,-4.619292253012004e-15,-9.491973407443386e-16,0.0
101.14,4.869106606188063,-4.621743042394377e-15,-9.491973407443386e-16,0.0
101.16,4.8717383136830765,-4.6242410521502615e-15,-9.491973407443386e-16,0.0
101.18,4.8737593407637245,-4.626159405680785e-15,-9.491973407443386e-16,0.0
101.2,4.876138200408617,-4.628417412929721e-15,-9.491973407443386e-16,0.0
101.22,4.878418905493126,-4.6305822521309594e-15,-9.491973407443386e-16,0.0
101.24,4.879470773444042,-4.6315806823927825e-15,-9.491973407443386e-16,0.0
101.26,4.881515066717554,-4.633521120131702e-15,-9.491973407443386e-16,0.0
101.28,4.883311708489003,-4.635226487723432e-15,-9.491973407443386e-16,0.0
101.3,4.885428217826677,-4.637235472758412e-15,-9.491973407443386e-16,0.0
101.32,4.887402480164925,-4.639109437319809e-15,-9.491973407443386e-16,0.0
101.34,4.889692672176753,-4.641283281487229e-15,-9.491973407443386e-16,0.0
101.36,4.891260082670939,-4.642771063360166e-15,-9.491973407443386e-16,0.0
101.38,4.892992076650793,-4.644415067440028e-15,-9.491973407443386e-16,0.0
101.4,4.8950967182346385,-4.646412787634634e-15,-9.491973407443386e-16,0.0
101.42,4.896915374736729,-4.648139051550145e-15,-9.491973407443386e-16,0.0
101.44,4.898642027544544,-4.649777985803712e-15,-9.491973407443386e-16,0.0
101.46,4.900448075980348,-4.651492282176233e-15,-9.491973407443386e-16,0.0
101.48,4.902386769019547,-4.65333248445356e-15,-9.491973407443386e-16,0.0
101.5,4.90401671237807,-4.654879622355034e-15,-9.491973407443386e-16,0.0
101.52,4.90589277868062,-4.656660379500475e-15,-9.491973407443386e-16,0.0
101.54,4.907889456790625,-4.658555621052814e-15,-9.491973407443386e-16,0.0
101.56,4.909551742029555,-4.660133457781165e-15,-9.491973407443386e-16,0.0
101.58,4.912005088314555,-4.6624621675508125e-15,-9.491973407443386e-16,0.0
101.6,4.914381365204864,-4.664717723255966e-15,-9.491973407443386e-16,0.0
101.62,4.916333347165695,-4.666570539342368e-15,-9.491973407443386e-16,0.0
101.64,4.918551072946131,-4.668675598755658e-15,-9.491973407443386e-16,0.0
101.66,4.920123613871633,-4.670168250420356e-15,-9.491973407443386e-16,0.0
101.68,4.921784556186281,-4.67174481244855e-15,-9.491973407443386e-16,0.0
101.7,4.92250249134541,-4.672426274592422e-15,-9.491973407443386e-16,0.0
101.72,4.924619737825773,-4.6744359593212824e-15,-9.491973407443386e-16,0.0
101.74,4.927064615624093,-4.676756630825892e-15,-9.491973407443386e-16,0.0
101.76,4.929463155871505,-4.679033318850404e-15,-9.491973407443386e-16,0.0
101.78,4.931474365976437,-4.6809423541336835e-15,-9.491973407443386e-16,0.0
101.8,4.93392030032684,-4.683264028514721e-15,-9.491973407443386e-16,0.0
101.82,4.936239143833013,-4.685465068604382e-15,-9.491973407443386e-16,0.0
101.84,4.938940825088358,-4.688029497267495e-15,-9.491973407443386e-16,0.0
101.86,4.941216778322707,-4.690189826025198e-15,-9.491973407443386e-16,0.0
101.88,4.94300199060499,-4.691884344776205e-15,-9.491973407443386e-16,0.0
101.9,4.945034491116683,-4.6938135888569656e-15,-9.491973407443386e-16,0.0
101.92,4.946370305338119,-4.695081540163681e-15,-9.491973407443386e-16,0.0
101.94,4.947958852276014,-4.696589384692778e-15,-9.491973407443386e-16,0.0
101.96,4.949716785713712,-4.6982580104370466e-15,-9.491973407443386e-16,0.0
101.98,4.951886860580879,-4.700317839730177e-15,-9.491973407443386e-16,0.0
102.0,4.953790769556687,-4.702125025067034e-15,-9.491973407443386e-16,0.0
102.02,4.9563093993212215,-4.70451570174185e-15,-9.491973407443386e-16,0.0
102.04,4.958523815143721,-4.706617619351868e-15,-9.491973407443386e-16,0.0
102.06,4.960221996982925,-4.708229529037741e-15,-9.491973407443386e-16,0.0
102.08,4.9622763575049245,-4.710179522582153e-15,-9.491973407443386e-16,0.0
102.1,4.965302439517043,-4.713051871580929e-15,-9.491973407443386e-16,0.0
102.12,4.967133941389706,-4.71479032828803e-15,-9.491973407443386e-16,0.0
102.14,4.969342847176869,-4.71688701578716e-15,-9.491973407443386e-16,0.0
102.16,4.971650002229743,-4.719076961228032e-15,-9.491973407443386e-16,0.0
102.18,4.9734777143015485,-4.720811820666236e-15,-9.491973407443386e-16,0.0
102.2,4.975152293545038,-4.722401326831021e-15,-9.491973407443386e-16,0.0
102.22,4.977343099185563,-4.7244808337190954e-15,-9.491973407443386e-16,0.0
102.24,4.979569425651841,-4.7265940568805144e-15,-9.491973407443386e-16,0.0
102.26,4.981974837222886,-4.728877267147146e-15,-9.491973407443386e-16,0.0
102.28,4.984800042601808,-4.731558944579876e-15,-9.491973407443386e-16,0.0
102.3,4.9859805611653085,-4.73267948966105e-15,-9.491973407443386e-16,0.0
102.32,4.987729910484902,-4.7343399673832414e-15,-9.491973407443386e-16,0.0
102.34,4.9901316812417145,-4.736619721798685e-15,-9.491973407443386e-16,0.0
102.36,4.992078667623158,-4.738467796094416e-15,-9.491973407443386e-16,0.0
102.38,4.994324547345231,-4.74059957915424e-15,-9.491973407443386e-16,0.0
102.4,4.996659726477802,-4.742816124977038e-15,-9.491973407443386e-16,0.0
102.42,4.998633080751428,-4.74468922760591e-15,-9.491973407443386e-16,0.0
102.44,5.000769406693744,-4.74671702250932e-15,-9.491973407443386e-16,0.0
102.46,5.002066470830749,-4.74794819233894e-15,-9.491973407443386e-16,0.0
102.48,5.0034396787061866,-4.749251637602595e-15,-9.491973407443386e-16,0.0
102.5,5.005590134424436,-4.751292844451746e-15,-9.491973407443386e-16,0.0
102.52,5.007588170634762,-4.753189375109298e-15,-9.491973407443386e-16,0.0
102.54,5.009447562672033,-4.754954305086478e-15,-9.491973407443386e-16,0.0
102.56,5.011426657684684,-4.756832856809566e-15,-9.491973407443386e-16,0.0
102.58,5.013673690247233,-4.758965734142504e-15,-9.491973407443386e-16,0.0
102.6,5.015435976285726,-4.760638491363873e-15,-9.491973407443386e-16,0.0
102.62,5.016882489135152,-4.7620115175139e-15,-9.491973407443386e-16,0.0
102.64,5.018589422360764,-4.763631733992479e-15,-9.491973407443386e-16,0.0
102.66,5.02090852916126,-4.765833024000412e-15,-9.491973407443386e-16,0.0
102.68,5.022862245885133,-4.767687486719279e-15,-9.491973407443386e-16,0.0
102.7,5.025058352986243,-4.769772025739643e-15,-9.491973407443386e-16,0.0
102.72,5.027437762022268,-4.772030554469181e-15,-9.491973407443386e-16,0.0
102.74,5.030129551793258,-4.774585594161647e-15,-9.491973407443386e-16,0.0
102.76,5.03180562322586,-4.77617651670837e-15,-9.491973407443386e-16,0.0
102.78,5.034296224497965,-4.778540588812706e-15,-9.491973407443386e-16,0.0
102.8,5.036476236755413,-4.780609850650265e-15,-9.491973407443386e-16,0.0
102.82,5.038492711278501,-4.782523882905258e-15,-9.491973407443386e-16,0.0
102.84,5.040492608999618,-4.784422180503904e-15,-9.491973407443386e-16,0.0
102.86,5.042624019640703,-4.786445309816455e-15,-9.491973407443386e-16,0.0
102.88,5.04442491106816,-4.788154711170367e-15,-9.491973407443386e-16,0.0
102.9,5.0469338261611165,-4.790536166704755e-15,-9.491973407443386e-16,0.0
102.92,5.048934318288835,-4.792435028512566e-15,-9.491973407443386e-16,0.0
102.94,5.050325571187317,-4.7937556020641074e-15,-9.491973407443386e-16,0.0
102.96,5.051908212429282,-4.795257840922333e-15,-9.491973407443386e-16,0.0
102.98,5.05372975049138,-4.79698684000694e-15,-9.491973407443386e-16,0.0
103.0,5.05502412229944,-4.7982154542850855e-15,-9.491973407443386e-16,0.0
103.02,5.05668233392073,-4.799789424346404e-15,-9.491973407443386e-16,0.0
103.04,5.0591508184151,-4.802132503264129e-15,-9.491973407443386e-16,0.0
103.06,5.060655951062619,-4.803561171170621e-15,-9.491973407443386e-16,0.0
103.08,5.0625597631236605,-4.805368264516239e-15,-9.491973407443386e-16,0.0
103.1,5.063788034165764,-4.806534136123117e-15,-9.491973407443386e-16,0.0
103.12,5.065013946705267,-4.8076977690455974e-15,-9.491973407443386e-16,0.0
103.14,5.0670662653122776,-4.809645824409732e-15,-9.491973407443386e-16,0.0
103.16,5.069533485634424,-4.811987703378544e-15,-9.491973407443386e-16,0.0
103.18,5.071416091820364,-4.8137746681639066e-15,-9.491973407443386e-16,0.0
103.2,5.0736330945063655,-4.815879041217882e-15,-9.491973407443386e-16,0.0
103.22,5.075190508962964,-4.817357334878522e-15,-9.491973407443386e-16,0.0
103.24,5.07761802172611,-4.8196615235379225e-15,-9.491973407443386e-16,0.0
103.26,5.080328434830579,-4.822234240449003e-15,-9.491973407443386e-16,0.0
103.28,5.082772634552992,-4.824554268325766e-15,-9.491973407443386e-16,0.0
103.3,5.0843392923183055,-4.826041335710458e-15,-9.491973407443386e-16,0.0
103.32,5.086571889639346,-4.828160511150543e-15,-9.491973407443386e-16,0.0
103.34,5.088604274605496,-4.830089645555781e-15,-9.491973407443386e-16,0.0
103.36,5.09025641978295,-4.831657857364744e-15,-9.491973407443386e-16,0.0
103.38,5.092800573754623,-4.8340727615491e-15,-9.491973407443386e-16,0.0
103.4,5.09537743985691,-4.836518716000845e-15,-9.491973407443386e-16,0.0
103.42,5.097175741221975,-4.838225658874422e-15,-9.491973407443386e-16,0.0
103.44,5.098716176079719,-4.839687835544982e-15,-9.491973407443386e-16,0.0
103.46,5.100595976704212,-4.84147213729888e-15,-9.491973407443386e-16,0.0
103.48,5.1020935576479785,-4.842893637148253e-15,-9.491973407443386e-16,0.0
103.5,5.104931995190434,-4.8455878745154204e-15,-9.491973407443386e-16,0.0
103.52,5.1067263956096625,-4.847291114621583e-15,-9.491973407443386e-16,0.0
103.54,5.108857493701623,-4.849313947263337e-15,-9.491973407443386e-16,0.0
103.56,5.110170190215231,-4.850559955303258e-15,-9.491973407443386e-16,0.0
103.58,5.1116418855394175,-4.851956884591362e-15,-9.491973407443386e-16,0.0
103.6,5.113196767208708,-4.853432774137025e-15,-9.491973407443386e-16,0.0
103.62,5.114942001083676,-4.8550893454901215e-15,-9.491973407443386e-16,0.0
103.64,5.116727370136836,-4.856784013047628e-15,-9.491973407443386e-16,0.0
103.66,5.118077998133269,-4.8580660255501764e-15,-9.491973407443386e-16,0.0
103.68,5.1193046853049795,-4.8592303937514886e-15,-9.491973407443386e-16,0.0
103.7,5.121701796162224,-4.861505725002654e-15,-9.491973407443386e-16,0.0
103.72,5.12334664201573,-4.863067008312736e-15,-9.491973407443386e-16,0.0
103.74,5.124710494264338,-4.864361573240283e-15,-9.491973407443386e-16,0.0
103.76,5.126551696084884,-4.866109237112119e-15,-9.491973407443386e-16,0.0
103.78,5.128872039375036,-4.868311700792745e-15,-9.491973407443386e-16,0.0
103.8,5.130887288822285,-4.870224570209011e-15,-9.491973407443386e-16,0.0
103.82,5.132472797294786,-4.871729530634836e-15,-9.491973407443386e-16,0.0
103.84,5.134034474564413,-4.873211870546267e-15,-9.491973407443386e-16,0.0
103.86,5.135201255748689,-4.8743193761436124e-15,-9.491973407443386e-16,0.0
103.88,5.13667951698176,-4.875722537774969e-15,-9.491973407443386e-16,0.0
103.9,5.139559908223322,-4.8784565974817625e-15,-9.491973407443386e-16,0.0
103.92,5.141256663006274,-4.880067152609636e-15,-9.491973407443386e-16,0.0
103.94,5.143283043283227,-4.881990587379856e-15,-9.491973407443386e-16,0.0
103.96,5.1454954340635926,-4.884090582825267e-15,-9.491973407443386e-16,0.0
103.98,5.1478044637115055,-4.886282307626765e-15,-9.491973407443386e-16,0.0
104.0,5.150258344103524,-4.8886115243693744e-15,-9.491973407443386e-16,0.0
104.02,5.152611712063766,-4.890845334979028e-15,-9.491973407443386e-16,0.0
104.04,5.1552414595465885,-4.8933414842965535e-15,-9.491973407443386e-16,0.0
104.06,5.157665073282128,-4.895641972009319e-15,-9.491973407443386e-16,0.0
104.08,5.159937231081331,-4.897798698150075e-15,-9.491973407443386e-16,0.0
104.1,5.16153704032461,-4.899317232829493e-15,-9.491973407443386e-16,0.0
104.12,5.164014823889533,-4.901669138400258e-15,-9.491973407443386e-16,0.0
104.14,5.165864325930565,-4.903424680819307e-15,-9.491973407443386e-16,0.0
104.16,5.168527722521496,-4.905952769780766e-15,-9.491973407443386e-16,0.0
104.18,5.1706856088221596,-4.908001029718985e-15,-9.491973407443386e-16,0.0
104.2,5.172297296607209,-4.9095308394786645e-15,-9.491973407443386e-16,0.0
104.22,5.173803360415738,-4.9109603912407105e-15,-9.491973407443386e-16,0.0
104.24,5.175584301794184,-4.912650856061153e-15,-9.491973407443386e-16,0.0
104.26,5.177593083778164,-4.914557586578482e-15,-9.491973407443386e-16,0.0
104.28,5.17984520038145,-4.9166952896693676e-15,-9.491973407443386e-16,0.0
104.3,5.181442665056656,-4.9182115988910055e-15,-9.491973407443386e-16,0.0
104.32,5.183046861099276,-4.919734297508694e-15,-9.491973407443386e-16,0.0
104.34,5.185534407068389,-4.922095469527555e-15,-9.491973407443386e-16,0.0
104.36,5.187585996883238,-4.9240428331241074e-15,-9.491973407443386e-16,0.0
104.38,5.1899077847029345,-4.926246667948337e-15,-9.491973407443386e-16,0.0
104.4,5.191929404531264,-4.9281655841133824e-15,-9.491973407443386e-16,0.0
104.42,5.194072585407432,-4.930199885701776e-15,-9.491973407443386e-16,0.0
104.44,5.1962330548113576,-4.932250597514741e-15,-9.491973407443386e-16,0.0
104.46,5.198806696362643,-4.934693491231252e-15,-9.491973407443386e-16,0.0
104.48,5.201228758614639,-4.936992506279963e-15,-9.491973407443386e-16,0.0
104.5,5.2031855287705095,-4.9388498673083634e-15,-9.491973407443386e-16,0.0
104.52,5.205643128468878,-4.941182614406669e-15,-9.491973407443386e-16,0.0
104.54,5.206925620956333,-4.9423999528652856e-15,-9.491973407443386e-16,0.0
104.56,5.208957993787901,-4.944329075752411e-15,-9.491973407443386e-16,0.0
104.58,5.210420934903393,-4.945717695568902e-15,-9.491973407443386e-16,0.0
104.6,5.2128003784712424,-4.9479762570759556e-15,-9.491973407443386e-16,0.0
104.62,5.214462676255977,-4.94955410571275e-15,-9.491973407443386e-16,0.0
104.64,5.216263955468532,-4.951263875151247e-15,-9.491973407443386e-16,0.0
104.66,5.217940580797756,-4.95285532345517e-15,-9.491973407443386e-16,0.0
104.68,5.22016006550954,-4.954962052441418e-15,-9.491973407443386e-16,0.0
104.7,5.22282901982932,-4.957495416784322e-15,-9.491973407443386e-16,0.0
104.72,5.224857395215684,-4.9594207453070904e-15,-9.491973407443386e-16,0.0
104.74,5.226536895837193,-4.961014922830806e-15,-9.491973407443386e-16,0.0
104.76,5.228850048631154,-4.963210561311568e-15,-9.491973407443386e-16,0.0
104.78,5.230348437809739,-4.964632828335282e-15,-9.491973407443386e-16,0.0
104.8,5.232454322868309,-4.966631728832789e-15,-9.491973407443386e-16,0.0
104.82,5.233558541827404,-4.9676798505323615e-15,-9.491973407443386e-16,0.0
104.84,5.235812582807913,-4.96981938023699e-15,-9.491973407443386e-16,0.0
104.86,5.238018823491236,-4.9719135380266425e-15,-9.491973407443386e-16,0.0
104.88,5.23998486240388,-4.9737796969343234e-15,-9.491973407443386e-16,0.0
104.9,5.242038904286889,-4.9757293880274535e-15,-9.491973407443386e-16,0.0
104.92,5.243773420139117,-4.977375785861868e-15,-9.491973407443386e-16,0.0
104.94,5.246068030635269,-4.979553824042859e-15,-9.491973407443386e-16,0.0
104.96,5.247048940771468,-4.980484901335648e-15,-9.491973407443386e-16,0.0
104.98,5.248472463098984,-4.981836104943416e-15,-9.491973407443386e-16,0.0
105.0,5.250622859991315,-4.983877255955162e-15,-9.491973407443386e-16,0.0
105.02,5.252585884323868,-4.985740553431437e-15,-9.491973407443386e-16,0.0
105.04,5.254931597760892,-4.987967098388009e-15,-9.491973407443386e-16,0.0
105.06,5.256384059526866,-4.989345771233803e-15,-9.491973407443386e-16,0.0
105.08,5.258565915119971,-4.991416782760667e-15,-9.491973407443386e-16,0.0
105.1,5.260555195771868,-4.993305002665442e-15,-9.491973407443386e-16,0.0
105.12,5.26207441188588,-4.9947470385608786e-15,-9.491973407443386e-16,0.0
105.14,5.264258547950882,-4.996820214705602e-15,-9.491973407443386e-16,0.0
105.16,5.26634387434167,-4.998799600970322e-15,-9.491973407443386e-16,0.0
105.18,5.267830799076545,-5.000210985974552e-15,-9.491973407443386e-16,0.0
105.2,5.270050552523287,-5.002317970043308e-15,-9.491973407443386e-16,0.0
105.22,5.27212205812186,-5.00428423764881e-15,-9.491973407443386e-16,0.0
105.24,5.2744699429834405,-5.006512843715796e-15,-9.491973407443386e-16,0.0
105.26,5.277156632269755,-5.009063042041771e-15,-9.491973407443386e-16,0.0
105.28,5.279096087107166,-5.010903967415935e-15,-9.491973407443386e-16,0.0
105.3,5.280805022293947,-5.012526084150732e-15,-9.491973407443386e-16,0.0
105.32,5.283482837315408,-5.015067859048109e-15,-9.491973407443386e-16,0.0
105.34,5.285956875139452,-5.017416209171593e-15,-9.491973407443386e-16,0.0
105.36,5.287938519231492,-5.019297180474059e-15,-9.491973407443386e-16,0.0
105.38,5.289930122944463,-5.021187605422227e-15,-9.491973407443386e-16,0.0
105.4,5.2913847410440935,-5.022568325054196e-15,-9.491973407443386e-16,0.0
105.42,5.293675851142949,-5.0247430406673826e-15,-9.491973407443386e-16,0.0
105.44,5.29525433171028,-5.026241330224309e-15,-9.491973407443386e-16,0.0
105.46,5.297749150805414,-5.028609405875049e-15,-9.491973407443386e-16,0.0
105.48,5.300178346543124,-5.030915192009431e-15,-9.491973407443386e-16,0.0
105.5,5.301790142642456,-5.032445104580739e-15,-9.491973407443386e-16,0.0
105.52,5.303726006503705,-5.0342826214098796e-15,-9.491973407443386e-16,0.0
105.54,5.305375859436373,-5.035848657426188e-15,-9.491973407443386e-16,0.0
105.56,5.307348807333894,-5.037721374323941e-15,-9.491973407443386e-16,0.0
105.58,5.309607897740627,-5.0398656969305134e-15,-9.491973407443386e-16,0.0
105.6,5.311235227728632,-5.041410354227641e-15,-9.491973407443386e-16,0.0
105.62,5.312549802015095,-5.042658144644563e-15,-9.491973407443386e-16,0.0
105.64,5.313958841044592,-5.043995600744367e-15,-9.491973407443386e-16,0.0
105.66,5.316244732259781,-5.046165362607056e-15,-9.491973407443386e-16,0.0
105.68,5.318036088878657,-5.047865713546017e-15,-9.491973407443386e-16,0.0
105.7,5.320214105559081,-5.049933081187172e-15,-9.491973407443386e-16,0.0
105.72,5.322128024933423,-5.051749768367697e-15,-9.491973407443386e-16,0.0
105.74,5.324104573152874,-5.053625902681453e-15,-9.491973407443386e-16,0.0
105.76,5.326193890140162,-5.055609076809759e-15,-9.491973407443386e-16,0.0
105.78,5.329285646722478,-5.058543763935922e-15,-9.491973407443386e-16,0.0
105.8,5.330997573957664,-5.060168720715108e-15,-9.491973407443386e-16,0.0
105.82,5.33258132231606,-5.061672010445306e-15,-9.491973407443386e-16,0.0
105.84,5.333903282342756,-5.062926811387216e-15,-9.491973407443386e-16,0.0
105.86,5.3358397914494216,-5.0647649406815906e-15,-9.491973407443386e-16,0.0
105.88,5.337879431349909,-5.066700961451209e-15,-9.491973407443386e-16,0.0
105.9,5.339818411113836,-5.0685414358868854e-15,-9.491973407443386e-16,0.0
105.92,5.34189011835415,-5.070507894890192e-15,-9.491973407443386e-16,0.0
105.94,5.3438739165506295,-5.072390910862864e-15,-9.491973407443386e-16,0.0
105.96,5.345833697323515,-5.074251129560929e-15,-9.491973407443386e-16,0.0
105.98,5.347882947421065,-5.076196272304044e-15,-9.491973407443386e-16,0.0
106.0,5.3494506890323255,-5.077684368472426e-15,-9.491973407443386e-16,0.0
106.02,5.3515522712406955,-5.0796791847159666e-15,-9.491973407443386e-16,0.0
106.04,5.353618243323024,-5.081640199922564e-15,-9.491973407443386e-16,0.0
106.06,5.354867301206545,-5.082825802344038e-15,-9.491973407443386e-16,0.0
106.08,5.356417910095683,-5.084297636178142e-15,-9.491973407443386e-16,0.0
106.1,5.357816786793238,-5.085625446219491e-15,-9.491973407443386e-16,0.0
106.12,5.3588415107129315,-5.086598111439061e-15,-9.491973407443386e-16,0.0
106.14,5.36064853730617,-5.088313336276017e-15,-9.491973407443386e-16,0.0
106.16,5.362696790753556,-5.090257533001446e-15,-9.491973407443386e-16,0.0
106.18,5.36475971746145,-5.092215657546729e-15,-9.491973407443386e-16,0.0
106.2,5.366639011584217,-5.093999478530537e-15,-9.491973407443386e-16,0.0
106.22,5.367910488895131,-5.095206361412873e-15,-9.491973407443386e-16,0.0
106.24,5.369914251410745,-5.0971083274641774e-15,-9.491973407443386e-16,0.0
106.26,5.371597035834229,-5.098705621963995e-15,-9.491973407443386e-16,0.0
106.28,5.3743330776339615,-5.101302665564466e-15,-9.491973407443386e-16,0.0
106.3,5.376649583451749,-5.1035014867265285e-15,-9.491973407443386e-16,0.0
106.32,5.378048671708788,-5.1048294975795766e-15,-9.491973407443386e-16,0.0
106.34,5.3799683025289,-5.106651606049238e-15,-9.491973407443386e-16,0.0
106.36,5.3814745298944855,-5.108081313059209e-15,-9.491973407443386e-16,0.0
106.38,5.383211538194067,-5.109730076718022e-15,-9.491973407443386e-16,0.0
106.4,5.384901141186315,-5.111333843385177e-15,-9.491973407443386e-16,0.0
106.42,5.388022454590488,-5.114296585768047e-15,-9.491973407443386e-16,0.0
106.44,5.390051656733286,-5.1162226990458235e-15,-9.491973407443386e-16,0.0
106.46,5.392618775496581,-5.1186594013493185e-15,-9.491973407443386e-16,0.0
106.48,5.394886371965778,-5.120811797887761e-15,-9.491973407443386e-16,0.0
106.5,5.396907534005561,-5.1227302795211365e-15,-9.491973407443386e-16,0.0
106.52,5.399044186061092,-5.124758383970342e-15,-9.491973407443386e-16,0.0
106.54,5.402123052484049,-5.12768083579152e-15,-9.491973407443386e-16,0.0
106.56,5.403385098396589,-5.1288787664156e-15,-9.491973407443386e-16,0.0
106.58,5.405598779496928,-5.130979986629297e-15,-9.491973407443386e-16,0.0
106.6,5.407703855023839,-5.132978118721507e-15,-9.491973407443386e-16,0.0
106.62,5.409110695317029,-5.134313487786655e-15,-9.491973407443386e-16,0.0
106.64,5.4107158572194,-5.13583710319585e-15,-9.491973407443386e-16,0.0
106.66,5.412090353172493,-5.137141771099389e-15,-9.491973407443386e-16,0.0
106.68,5.4140899596185115,-5.139039792220485e-15,-9.491973407443386e-16,0.0
106.7,5.416026408609462,-5.1408778644531825e-15,-9.491973407443386e-16,0.0
106.72,5.41868566817433,-5.143402026560504e-15,-9.491973407443386e-16,0.0
106.74,5.420814135121938,-5.1454223617270345e-15,-9.491973407443386e-16,0.0
106.76,5.423038648111348,-5.147533863541034e-15,-9.491973407443386e-16,0.0
106.78,5.425271729514298,-5.14965349847038e-15,-9.491973407443386e-16,0.0
106.8,5.427567071077591,-5.151832230578358e-15,-9.491973407443386e-16,0.0
106.82,5.429504479702652,-5.153671213693201e-15,-9.491973407443386e-16,0.0
106.84,5.430786380651383,-5.154887990664834e-15,-9.491973407443386e-16,0.0
106.86,5.432927482039643,-5.1569203184088345e-15,-9.491973407443386e-16,0.0
106.88,5.434840463974959,-5.158736115774729e-15,-9.491973407443386e-16,0.0
106.9,5.436342454589692,-5.160161801272056e-15,-9.491973407443386e-16,0.0
106.92,5.438284521329062,-5.162005205856614e-15,-9.491973407443386e-16,0.0
106.94,5.440267108542729,-5.16388707236762e-15,-9.491973407443386e-16,0.0
106.96,5.442495924622368,-5.166002658663422e-15,-9.491973407443386e-16,0.0
106.98,5.444328178225989,-5.167741828911548e-15,-9.491973407443386e-16,0.0
107.0,5.446066389058987,-5.169391734011882e-15,-9.491973407443386e-16,0.0
107.02,5.44791512943253,-5.1711465534581756e-15,-9.491973407443386e-16,0.0
107.04,5.449988981817872,-5.173115048627439e-15,-9.491973407443386e-16,0.0
107.06,5.452271100079206,-5.1752812292123616e-15,-9.491973407443386e-16,0.0
107.08,5.454200646989476,-5.177112750008432e-15,-9.491973407443386e-16,0.0
107.1,5.456373035553794,-5.179174775456746e-15,-9.491973407443386e-16,0.0
107.12,5.458236704677129,-5.180943765232643e-15,-9.491973407443386e-16,0.0
107.14,5.459396200061063,-5.182044355167679e-15,-9.491973407443386e-16,0.0
107.16,5.4616562572582605,-5.18418959544919e-15,-9.491973407443386e-16,0.0
107.18,5.463935343048723,-5.1863528976208245e-15,-9.491973407443386e-16,0.0
107.2,5.466199585654006,-5.188502110680559e-15,-9.491973407443386e-16,0.0
107.22,5.467611260912551,-5.189842069081965e-15,-9.491973407443386e-16,0.0
107.24,5.469908059824753,-5.192022184501652e-15,-9.491973407443386e-16,0.0
107.26,5.471712602027909,-5.193735051162149e-15,-9.491973407443386e-16,0.0
107.28,5.474125981416744,-5.196025824460238e-15,-9.491973407443386e-16,0.0
107.3,5.476618332089093,-5.198391557090634e-15,-9.491973407443386e-16,0.0
107.32,5.478209242823724,-5.199901645329307e-15,-9.491973407443386e-16,0.0
107.34,5.480265623284962,-5.201853556194672e-15,-9.491973407443386e-16,0.0
107.36,5.48237531640499,-5.20385607129399e-15,-9.491973407443386e-16,0.0
107.38,5.484865506623299,-5.206219753227156e-15,-9.491973407443386e-16,0.0
107.4,5.486740776808599,-5.20799975470022e-15,-9.491973407443386e-16,0.0
107.42,5.488552935403525,-5.20971985081953e-15,-9.491973407443386e-16,0.0
107.44,5.490702061205223,-5.211759795315427e-15,-9.491973407443386e-16,0.0
107.46,5.492159885369747,-5.213143558135666e-15,-9.491973407443386e-16,0.0
107.48,5.4945298818614505,-5.2153931525031645e-15,-9.491973407443386e-16,0.0
107.5,5.496560834056368,-5.217320926925759e-15,-9.491973407443386e-16,0.0
107.52,5.498235768619675,-5.218910770359171e-15,-9.491973407443386e-16,0.0
107.54,5.500557698297277,-5.221114739834546e-15,-9.491973407443386e-16,0.0
107.56,5.503070028812602,-5.2234994372787634e-15,-9.491973407443386e-16,0.0
107.58,5.504291133433144,-5.224658506537352e-15,-9.491973407443386e-16,0.0
107.6,5.506016889416562,-5.226296589527586e-15,-9.491973407443386e-16,0.0
107.62,5.508560486830755,-5.2287109654290626e-15,-9.491973407443386e-16,0.0
107.64,5.510699199394424,-5.230741025707114e-15,-9.491973407443386e-16,0.0
107.66,5.512954182550327,-5.23288144972212e-15,-9.491973407443386e-16,0.0
107.68,5.515640975422688,-5.2354317463716954e-15,-9.491973407443386e-16,0.0
107.7,5.517770941849875,-5.2374535048402566e-15,-9.491973407443386e-16,0.0
107.72,5.520141171513561,-5.239703320533981e-15,-9.491973407443386e-16,0.0
107.74,5.521603019519328,-5.241090902773628e-15,-9.491973407443386e-16,0.0
107.76,5.523739364754116,-5.2431187159894005e-15,-9.491973407443386e-16,0.0
107.78,5.5250890022576185,-5.244399788318694e-15,-9.491973407443386e-16,0.0
107.8,5.526709970105853,-5.245938406689671e-15,-9.491973407443386e-16,0.0
107.82,5.528875222820321,-5.247993658808283e-15,-9.491973407443386e-16,0.0
107.84,5.530687597958653,-5.249713960470019e-15,-9.491973407443386e-16,0.0
107.86,5.532225251694831,-5.251173497307385e-15,-9.491973407443386e-16,0.0
107.88,5.534046019373709,-5.252901765146289e-15,-9.491973407443386e-16,0.0
107.9,5.536319007944517,-5.255059279853242e-15,-9.491973407443386e-16,0.0
107.92,5.538417414990769,-5.2570510822413435e-15,-9.491973407443386e-16,0.0
107.94,5.540851264301667,-5.2593612855350206e-15,-9.491973407443386e-16,0.0
107.96,5.542455974232485,-5.26088447193402e-15,-9.491973407443386e-16,0.0
107.98,5.544732794860359,-5.26304562401935e-15,-9.491973407443386e-16,0.0
108.0,5.546786006943337,-5.264994527468497e-15,-9.491973407443386e-16,0.0
108.02,5.54962974055503,-5.2676937918505015e-15,-9.491973407443386e-16,0.0
108.04,5.551349507251409,-5.269326189825405e-15,-9.491973407443386e-16,0.0
108.06,5.553668778215665,-5.271527635657143e-15,-9.491973407443386e-16,0.0
108.08,5.55617708972449,-5.273908518271078e-15,-9.491973407443386e-16,0.0
108.1,5.55868872685985,-5.276292557560877e-15,-9.491973407443386e-16,0.0
108.12,5.560524407481469,-5.2780349807253736e-15,-9.491973407443386e-16,0.0
108.14,5.562961764558228,-5.280348513581078e-15,-9.491973407443386e-16,0.0
108.16,5.564090167340052,-5.2814195905008744e-15,-9.491973407443386e-16,0.0
108.18,5.565703229132746,-5.282950704464955e-15,-9.491973407443386e-16,0.0
108.2,5.567794653021809,-5.284935878458823e-15,-9.491973407443386e-16,0.0
108.22,5.569412775751743,-5.286471796251074e-15,-9.491973407443386e-16,0.0
108.24,5.570387452075087,-5.287396956425278e-15,-9.491973407443386e-16,0.0
108.26,5.572363395752436,-5.289272516909279e-15,-9.491973407443386e-16,0.0
108.28,5.5743325021491295,-5.2911415874646625e-15,-9.491973407443386e-16,0.0
108.3,5.576752631675026,-5.293438767974901e-15,-9.491973407443386e-16,0.0
108.32,5.578560734102539,-5.29515501399089e-15,-9.491973407443386e-16,0.0
108.34,5.580609723511207,-5.297099909288811e-15,-9.491973407443386e-16,0.0
108.36,5.583293878786675,-5.29964770233843e-15,-9.491973407443386e-16,0.0
108.38,5.585159816870672,-5.301418845805754e-15,-9.491973407443386e-16,0.0
108.4,5.5864613457945795,-5.302654253599229e-15,-9.491973407443386e-16,0.0
108.42,5.588502306688305,-5.3045915282521156e-15,-9.491973407443386e-16,0.0
108.44,5.591117765014939,-5.3070741143405846e-15,-9.491973407443386e-16,0.0
108.46,5.592954682454715,-5.308817711489587e-15,-9.491973407443386e-16,0.0
108.48,5.594221409952397,-5.310020085861834e-15,-9.491973407443386e-16,0.0
108.5,5.596121385952231,-5.3118235380283555e-15,-9.491973407443386e-16,0.0
108.52,5.598176523175571,-5.313774268815614e-15,-9.491973407443386e-16,0.0
108.54,5.6004584293023685,-5.315940248042999e-15,-9.491973407443386e-16,0.0
108.56,5.602437394102663,-5.317818676168864e-15,-9.491973407443386e-16,0.0
108.58,5.604244872795411,-5.319534330137473e-15,-9.491973407443386e-16,0.0
108.6,5.606298606155914,-5.32148372838186e-15,-9.491973407443386e-16,0.0
108.62,5.608395940942531,-5.323474512983968e-15,-9.491973407443386e-16,0.0
108.64,5.610019279015475,-5.3250153811659356e-15,-9.491973407443386e-16,0.0
108.66,5.611771378764251,-5.326678469588193e-15,-9.491973407443386e-16,0.0
108.68,5.61399922222608,-5.328793132677756e-15,-9.491973407443386e-16,0.0
108.7,5.615824084556622,-5.330525287149131e-15,-9.491973407443386e-16,0.0
108.72,5.617740845956624,-5.3323446719728545e-15,-9.491973407443386e-16,0.0
108.74,5.619753074743765,-5.334254674186578e-15,-9.491973407443386e-16,0.0
108.76,5.621562902572558,-5.3359725579488734e-15,-9.491973407443386e-16,0.0
108.78,5.6235351816559245,-5.3378446400100106e-15,-9.491973407443386e-16,0.0
108.8,5.625986283307847,-5.340171219179909e-15,-9.491973407443386e-16,0.0
108.82,5.627419892513596,-5.341531997225673e-15,-9.491973407443386e-16,0.0
108.84,5.629734265679061,-5.343728794079822e-15,-9.491973407443386e-16,0.0
108.86,5.631722003332633,-5.345615549374689e-15,-9.491973407443386e-16,0.0
108.88,5.633206001931265,-5.34702415689818e-15,-9.491973407443386e-16,0.0
108.9,5.635208302441952,-5.348924735218295e-15,-9.491973407443386e-16,0.0
108.92,5.63681587017928,-5.350450634239634e-15,-9.491973407443386e-16,0.0
108.94,5.639068918323515,-5.352589221546711e-15,-9.491973407443386e-16,0.0
108.96,5.641009675110727,-5.354431382728164e-15,-9.491973407443386e-16,0.0
108.98,5.643721910757504,-5.357005829591557e-15,-9.491973407443386e-16,0.0
109.0,5.6456026303665565,-5.358791003643155e-15,-9.491973407443386e-16,0.0
109.02,5.648389901653582,-5.3614366741367326e-15,-9.491973407443386e-16,0.0
109.04,5.650052929819136,-5.363015216049059e-15,-9.491973407443386e-16,0.0
109.06,5.651250421229411,-5.364151871711256e-15,-9.491973407443386e-16,0.0
109.08,5.652578347553849,-5.365412335847117e-15,-9.491973407443386e-16,0.0
109.1,5.655032813304491,-5.367742108210574e-15,-9.491973407443386e-16,0.0
109.12,5.657460677725751,-5.370046630662922e-15,-9.491973407443386e-16,0.0
109.14,5.658960866999596,-5.37147060633227e-15,-9.491973407443386e-16,0.0
109.16,5.661048231516601,-5.373451927180974e-15,-9.491973407443386e-16,0.0
109.18,5.662811028361684,-5.3751251692586004e-15,-9.491973407443386e-16,0.0
109.2,5.665041111394044,-5.3772419581425554e-15,-9.491973407443386e-16,0.0
109.22,5.66647134398768,-5.378599531117081e-15,-9.491973407443386e-16,0.0
109.24,5.66910229951371,-5.381096827106006e-15,-9.491973407443386e-16,0.0
109.26,5.670658380974439,-5.382573855490512e-15,-9.491973407443386e-16,0.0
109.28,5.672954213048857,-5.3847530531903444e-15,-9.491973407443386e-16,0.0
109.3,5.675022813220973,-5.3867165629727804e-15,-9.491973407443386e-16,0.0
109.32,5.67710706074966,-5.3886949251844636e-15,-9.491973407443386e-16,0.0
109.34,5.678818587035681,-5.390319501383769e-15,-9.491973407443386e-16,0.0
109.36,5.681446272505114,-5.392813693443667e-15,-9.491973407443386e-16,0.0
109.38,5.683538113024464,-5.394799262901895e-15,-9.491973407443386e-16,0.0
109.4,5.68567334001394,-5.396826014682191e-15,-9.491973407443386e-16,0.0
109.42,5.688236677826722,-5.399259128117513e-15,-9.491973407443386e-16,0.0
109.44,5.6903144407509005,-5.401231335159841e-15,-9.491973407443386e-16,0.0
109.46,5.693052397913035,-5.4038301968172106e-15,-9.491973407443386e-16,0.0
109.48,5.695284852005656,-5.405949236305261e-15,-9.491973407443386e-16,0.0
109.5,5.696852247935964,-5.407437004354202e-15,-9.491973407443386e-16,0.0
109.52,5.698925303974784,-5.409404743633464e-15,-9.491973407443386e-16,0.0
109.54,5.700575959515096,-5.410971541482814e-15,-9.491973407443386e-16,0.0
109.56,5.701310287774439,-5.411668563913816e-15,-9.491973407443386e-16,0.0
109.58,5.7036185011193545,-5.41385951388268e-15,-9.491973407443386e-16,0.0
109.6,5.705827153496691,-5.415955960845877e-15,-9.491973407443386e-16,0.0
109.62,5.707389990088536,-5.417439401182873e-15,-9.491973407443386e-16,0.0
109.64,5.708898762236735,-5.4188715236937325e-15,-9.491973407443386e-16,0.0
109.66,5.710931586793061,-5.420801075356797e-15,-9.491973407443386e-16,0.0
109.68,5.713014212285533,-5.4227778979360185e-15,-9.491973407443386e-16,0.0
109.7,5.714954104721849,-5.4246192386778994e-15,-9.491973407443386e-16,0.0
109.72,5.716305666431326,-5.425902137458388e-15,-9.491973407443386e-16,0.0
109.74,5.718005302788498,-5.427515427768848e-15,-9.491973407443386e-16,0.0
109.76,5.720066734128239,-5.429472132914657e-15,-9.491973407443386e-16,0.0
109.78,5.722145313260717,-5.4314451146997316e-15,-9.491973407443386e-16,0.0
109.8,5.724158275947088,-5.4333558135286525e-15,-9.491973407443386e-16,0.0
109.82,5.7266975066875405,-5.435766044595026e-15,-9.491973407443386e-16,0.0
109.84,5.728345284441249,-5.437330110856984e-15,-9.491973407443386e-16,0.0
109.86,5.730662324041124,-5.439529438683585e-15,-9.491973407443386e-16,0.0
109.88,5.732107864880737,-5.440901542204483e-15,-9.491973407443386e-16,0.0
109.9,5.7339593174205845,-5.442658936031821e-15,-9.491973407443386e-16,0.0
109.92,5.73588419188006,-5.444486021750022e-15,-9.491973407443386e-16,0.0
109.94,5.738433079464596,-5.44690541906712e-15,-9.491973407443386e-16,0.0
109.96,5.740208756743645,-5.448590887218413e-15,-9.491973407443386e-16,0.0
109.98,5.74252571137424,-5.4507901343924e-15,-9.491973407443386e-16,0.0
110.0,5.74591832068123,-5.454010390124779e-15,-9.491973407443386e-16,0.0
110.02,5.747572226860663,-5.4555802734721375e-15,-9.491973407443386e-16,0.0
110.04,5.749887182794389,-5.45777762348837e-15,-9.491973407443386e-16,0.0
110.06,5.752750713359634,-5.460495679086042e-15,-9.491973407443386e-16,0.0
110.08,5.754285940389113,-5.461952912499861e-15,-9.491973407443386e-16,0.0
110.1,5.755964346012574,-5.4635460506543405e-15,-9.491973407443386e-16,0.0
110.12,5.757538355632361,-5.465040096399749e-15,-9.491973407443386e-16,0.0
110.14,5.759164334609697,-5.4665834713211416e-15,-9.491973407443386e-16,0.0
110.16,5.7619381346903475,-5.469216354981452e-15,-9.491973407443386e-16,0.0
110.18,5.7640436244533335,-5.471214880265443e-15,-9.491973407443386e-16,0.0
110.2,5.7660367008357465,-5.47310670306753e-15,-9.491973407443386e-16,0.0
110.22,5.768001202577429,-5.474971402896623e-15,-9.491973407443386e-16,0.0
110.24,5.769841264134918,-5.476717984433797e-15,-9.491973407443386e-16,0.0
110.26,5.7720687758135645,-5.478832332595645e-15,-9.491973407443386e-16,0.0
110.28,5.773663501965504,-5.4803460424182814e-15,-9.491973407443386e-16,0.0
110.3,5.775433495579772,-5.48202611565008e-15,-9.491973407443386e-16,0.0
110.32,5.777639135451595,-5.484119703151053e-15,-9.491973407443386e-16,0.0
110.34,5.78000026237019,-5.486360878543343e-15,-9.491973407443386e-16,0.0
110.36,5.782270495933154,-5.488515778204177e-15,-9.491973407443386e-16,0.0
110.38,5.784082710250728,-5.490235927215278e-15,-9.491973407443386e-16,0.0
110.4,5.78688649210292,-5.4928972694934064e-15,-9.491973407443386e-16,0.0
110.42,5.789215950133605,-5.495108384861508e-15,-9.491973407443386e-16,0.0
110.44,5.790821973657073,-5.496632818119157e-15,-9.491973407443386e-16,0.0
110.46,5.792354769721918,-5.498087744067811e-15,-9.491973407443386e-16,0.0
110.48,5.794624357198185,-5.5002420304648695e-15,-9.491973407443386e-16,0.0
110.5,5.796591904667704,-5.502109621290725e-15,-9.491973407443386e-16,0.0
110.52,5.798409817136928,-5.503835178972219e-15,-9.491973407443386e-16,0.0
110.54,5.80038550956058,-5.5057105009668784e-15,-9.491973407443386e-16,0.0
110.56,5.801676117675939,-5.5069355427579196e-15,-9.491973407443386e-16,0.0
110.58,5.803910465110603,-5.509056379401202e-15,-9.491973407443386e-16,0.0
110.6,5.805121162093909,-5.510205569758203e-15,-9.491973407443386e-16,0.0
110.62,5.807450054003813,-5.512416147765965e-15,-9.491973407443386e-16,0.0
110.64,5.809391732904825,-5.514259184215385e-15,-9.491973407443386e-16,0.0
110.66,5.812282224714479,-5.517002831354552e-15,-9.491973407443386e-16,0.0
110.68,5.81427005668408,-5.518889676173944e-15,-9.491973407443386e-16,0.0
110.7,5.816137274587045,-5.520662034442028e-15,-9.491973407443386e-16,0.0
110.72,5.818161004739844,-5.522582953721448e-15,-9.491973407443386e-16,0.0
110.74,5.819784572897123,-5.524124040298855e-15,-9.491973407443386e-16,0.0
110.76,5.821873964621184,-5.5261072853671066e-15,-9.491973407443386e-16,0.0
110.78,5.8237093071137975,-5.527849387580451e-15,-9.491973407443386e-16,0.0
110.8,5.825431545667581,-5.52948413183583e-15,-9.491973407443386e-16,0.0
110.82,5.827950416044516,-5.531875036899296e-15,-9.491973407443386e-16,0.0
110.84,5.8304114270570215,-5.534211022007909e-15,-9.491973407443386e-16,0.0
110.86,5.832152153073436,-5.535863314513655e-15,-9.491973407443386e-16,0.0
110.88,5.833418839238927,-5.537065649653497e-15,-9.491973407443386e-16,0.0
110.9,5.836004066785332,-5.539519540765763e-15,-9.491973407443386e-16,0.0
110.92,5.838701438384225,-5.542079878714432e-15,-9.491973407443386e-16,0.0
110.94,5.840302714414405,-5.543599805664077e-15,-9.491973407443386e-16,0.0
110.96,5.841715136915983,-5.544940473346582e-15,-9.491973407443386e-16,0.0
110.98,5.842792553431898,-5.545963154238362e-15,-9.491973407443386e-16,0.0
111.0,5.845818432340451,-5.548835310451775e-15,-9.491973407443386e-16,0.0
111.02,5.847332579745369,-5.5502725351420175e-15,-9.491973407443386e-16,0.0
111.04,5.849784702957805,-5.552600083974439e-15,-9.491973407443386e-16,0.0
111.06,5.852029524688644,-5.554730862791796e-15,-9.491973407443386e-16,0.0
111.08,5.8545687579633094,-5.5571410962636384e-15,-9.491973407443386e-16,0.0
111.1,5.857035844056303,-5.559482847822495e-15,-9.491973407443386e-16,0.0
111.12,5.858536157048147,-5.560906940924638e-15,-9.491973407443386e-16,0.0
111.14,5.860385044677486,-5.562661900145741e-15,-9.491973407443386e-16,0.0
111.16,5.862135336708131,-5.564323272686756e-15,-9.491973407443386e-16,0.0
111.18,5.864097493856703,-5.566185747034303e-15,-9.491973407443386e-16,0.0
111.2,5.866102959168325,-5.56808932937505e-15,-9.491973407443386e-16,0.0
111.22,5.868083784774902,-5.5699695237732915e-15,-9.491973407443386e-16,0.0
111.24,5.8706187014197,-5.572375659911542e-15,-9.491973407443386e-16,0.0
111.26,5.872727427901819,-5.5743772574807255e-15,-9.491973407443386e-16,0.0
111.28,5.874428826024174,-5.575992220054012e-15,-9.491973407443386e-16,0.0
111.3,5.8766650314894715,-5.57811482033503e-15,-9.491973407443386e-16,0.0
111.32,5.878878550649793,-5.580215886835693e-15,-9.491973407443386e-16,0.0
111.34,5.880613512337,-5.581862707855483e-15,-9.491973407443386e-16,0.0
111.36,5.883006998732615,-5.5841345987773084e-15,-9.491973407443386e-16,0.0
111.38,5.884788976334934,-5.585826047178696e-15,-9.491973407443386e-16,0.0
111.4,5.886843439792606,-5.587776138429374e-15,-9.491973407443386e-16,0.0
111.42,5.8887752231960135,-5.589609782098782e-15,-9.491973407443386e-16,0.0
111.44,5.890666841517305,-5.591405301179055e-15,-9.491973407443386e-16,0.0
111.46,5.893425997703324,-5.594024284893522e-15,-9.491973407443386e-16,0.0
111.48,5.895682549213948,-5.596166197586659e-15,-9.491973407443386e-16,0.0
111.5,5.897691254773431,-5.598072855562058e-15,-9.491973407443386e-16,0.0
111.52,5.900061928952402,-5.600323093188509e-15,-9.491973407443386e-16,0.0
111.54,5.902362041605652,-5.602506354002387e-15,-9.491973407443386e-16,0.0
111.56,5.904993487138838,-5.6050041151048e-15,-9.491973407443386e-16,0.0
111.58,5.907102231821989,-5.6070057299503565e-15,-9.491973407443386e-16,0.0
111.6,5.909678184728929,-5.609450817599506e-15,-9.491973407443386e-16,0.0
111.62,5.911298543741488,-5.610988858065278e-15,-9.491973407443386e-16,0.0
111.64,5.91293711244088,-5.612544183117368e-15,-9.491973407443386e-16,0.0
111.66,5.914938432637608,-5.61444383092608e-15,-9.491973407443386e-16,0.0
111.68,5.9172107381302315,-5.616600697257037e-15,-9.491973407443386e-16,0.0
111.7,5.918883202773285,-5.618188196248713e-15,-9.491973407443386e-16,0.0
111.72,5.921819486770468,-5.620975309210509e-15,-9.491973407443386e-16,0.0
111.74,5.923293651176454,-5.6223745821444914e-15,-9.491973407443386e-16,0.0
111.76,5.9253063109088515,-5.624284993410306e-15,-9.491973407443386e-16,0.0
111.78,5.927013999467287,-5.625905926848793e-15,-9.491973407443386e-16,0.0
111.8,5.929384352316223,-5.6281558594696286e-15,-9.491973407443386e-16,0.0
111.82,5.931988190673771,-5.6306274159143405e-15,-9.491973407443386e-16,0.0
111.84,5.933788329812463,-5.6323361031977576e-15,-9.491973407443386e-16,0.0
111.86,5.936060516734642,-5.634492856981963e-15,-9.491973407443386e-16,0.0
111.88,5.937635306854261,-5.635987643575737e-15,-9.491973407443386e-16,0.0
111.9,5.940080097529808,-5.638308232383643e-15,-9.491973407443386e-16,0.0
111.92,5.942184827531382,-5.640306036504122e-15,-9.491973407443386e-16,0.0
111.94,5.944408784959652,-5.642417010980964e-15,-9.491973407443386e-16,0.0
111.96,5.946258441661591,-5.644172700203734e-15,-9.491973407443386e-16,0.0
111.98,5.947970102025153,-5.645797403669085e-15,-9.491973407443386e-16,0.0
112.0,5.950313387468552,-5.648021643980563e-15,-9.491973407443386e-16,0.0
112.02,5.951749400465847,-5.64938470369887e-15,-9.491973407443386e-16,0.0
112.04,5.953491058660076,-5.651037881025318e-15,-9.491973407443386e-16,0.0
112.06,5.955360380869475,-5.6528122366954735e-15,-9.491973407443386e-16,0.0
112.08,5.95758805010415,-5.654926734409084e-15,-9.491973407443386e-16,0.0
112.1,5.959635530325508,-5.6568701971904245e-15,-9.491973407443386e-16,0.0
112.12,5.961128317241987,-5.658287146561844e-15,-9.491973407443386e-16,0.0
112.14,5.963349379447171,-5.6603953729006316e-15,-9.491973407443386e-16,0.0
112.16,5.965098986951291,-5.6620560956908886e-15,-9.491973407443386e-16,0.0
112.18,5.967263459743517,-5.664110607509383e-15,-9.491973407443386e-16,0.0
112.2,5.969390175577146,-5.6661292805231826e-15,-9.491973407443386e-16,0.0
112.22,5.971941348807586,-5.668550847369294e-15,-9.491973407443386e-16,0.0
112.24,5.973114991008525,-5.6696648654254104e-15,-9.491973407443386e-16,0.0
112.26,5.974618117662654,-5.671091629248312e-15,-9.491973407443386e-16,0.0
112.28,5.976742390804845,-5.673107983665894e-15,-9.491973407443386e-16,0.0
112.3,5.97851789157363,-5.674793284274114e-15,-9.491973407443386e-16,0.0
112.32,5.979900862520689,-5.676105996619389e-15,-9.491973407443386e-16,0.0
112.34,5.9813799594097965,-5.677509951453233e-15,-9.491973407443386e-16,0.0
112.36,5.983018238553589,-5.6790650016599175e-15,-9.491973407443386e-16,0.0
112.38,5.984906072680817,-5.680856928793249e-15,-9.491973407443386e-16,0.0
112.4,5.986594585427829,-5.682459660602525e-15,-9.491973407443386e-16,0.0
112.42,5.989375436511976,-5.685099237056603e-15,-9.491973407443386e-16,0.0
112.44,5.991617008167754,-5.687226930911356e-15,-9.491973407443386e-16,0.0
112.46,5.993496878698943,-5.689011299020504e-15,-9.491973407443386e-16,0.0
112.48,5.995275934051857,-5.690699973630526e-15,-9.491973407443386e-16,0.0
112.5,5.997370878790042,-5.692688489605018e-15,-9.491973407443386e-16,0.0
112.52,5.99905359641611,-5.6942857207009065e-15,-9.491973407443386e-16,0.0
112.54,6.000888110357624,-5.69602703645575e-15,-9.491973407443386e-16,0.0
112.56,6.002379736926995,-5.69744288442878e-15,-9.491973407443386e-16,0.0
112.58,6.004003280306775,-5.698983947487451e-15,-9.491973407443386e-16,0.0
112.6,6.0049039132516455,-5.699838825883709e-15,-9.491973407443386e-16,0.0
112.62,6.00686610528041,-5.7017013333394416e-15,-9.491973407443386e-16,0.0
112.64,6.009239313909672,-5.703953976659369e-15,-9.491973407443386e-16,0.0
112.66,6.010527133429338,-5.705176371522796e-15,-9.491973407443386e-16,0.0
112.68,6.012477417952994,-5.707027576406344e-15,-9.491973407443386e-16,0.0
112.7,6.014601495048898,-5.709043744737312e-15,-9.491973407443386e-16,0.0
112.72,6.015861940651259,-5.710240156351227e-15,-9.491973407443386e-16,0.0
112.74,6.018455295729507,-5.712701762095105e-15,-9.491973407443386e-16,0.0
112.76,6.0198213153291915,-5.71399838426653e-15,-9.491973407443386e-16,0.0
112.78,6.022061947205811,-5.716125186085404e-15,-9.491973407443386e-16,0.0
112.8,6.024014137133834,-5.717978199573712e-15,-9.491973407443386e-16,0.0
112.82,6.025617414050612,-5.719500025759595e-15,-9.491973407443386e-16,0.0
112.84,6.02802141632133,-5.721781898322103e-15,-9.491973407443386e-16,0.0
112.86,6.029478633593188,-5.723165085081438e-15,-9.491973407443386e-16,0.0
112.88,6.0312341352164776,-5.7248314025539365e-15,-9.491973407443386e-16,0.0
112.9,6.032174116366499,-5.725723630161887e-15,-9.491973407443386e-16,0.0
112.92,6.034222052940362,-5.727667526111811e-15,-9.491973407443386e-16,0.0
112.94,6.036042540434315,-5.7293955279999295e-15,-9.491973407443386e-16,0.0
112.96,6.038338781158131,-5.7315751135886845e-15,-9.491973407443386e-16,0.0
112.98,6.040025961598668,-5.7331765807761985e-15,-9.491973407443386e-16,0.0
113.0,6.041773645876315,-5.7348354780450015e-15,-9.491973407443386e-16,0.0
113.02,6.042997231509682,-5.735996902274366e-15,-9.491973407443386e-16,0.0
113.04,6.0451327350963195,-5.738023916599953e-15,-9.491973407443386e-16,0.0
113.06,6.047680496882809,-5.740442245312539e-15,-9.491973407443386e-16,0.0
113.08,6.049960879321643,-5.74260677825936e-15,-9.491973407443386e-16,0.0
113.1,6.0520064366661055,-5.744548415851064e-15,-9.491973407443386e-16,0.0
113.12,6.053437962794612,-5.745907216645449e-15,-9.491973407443386e-16,0.0
113.14,6.0554635967886234,-5.747829943045886e-15,-9.491973407443386e-16,0.0
113.16,6.0579352450752175,-5.750176025026776e-15,-9.491973407443386e-16,0.0
113.18,6.059346060623631,-5.7515151673936116e-15,-9.491973407443386e-16,0.0
113.2,6.061584237206205,-5.753639638653907e-15,-9.491973407443386e-16,0.0
113.22,6.0637796759576394,-5.755723543278536e-15,-9.491973407443386e-16,0.0
113.24,6.065559904345352,-5.75741333133007e-15,-9.491973407443386e-16,0.0
113.26,6.067821273768179,-5.759559817172658e-15,-9.491973407443386e-16,0.0
113.28,6.06981340586632,-5.761450743662625e-15,-9.491973407443386e-16,0.0
113.3,6.071411086744302,-5.762967258103363e-15,-9.491973407443386e-16,0.0
113.32,6.072594508829206,-5.764090559199332e-15,-9.491973407443386e-16,0.0
113.34,6.074618362069729,-5.7660115953132934e-15,-9.491973407443386e-16,0.0
113.36,6.076528282699254,-5.767824486895872e-15,-9.491973407443386e-16,0.0
113.38,6.078375001167687,-5.769577387155212e-15,-9.491973407443386e-16,0.0
113.4,6.0805676911831625,-5.7716586826869784e-15,-9.491973407443386e-16,0.0
113.42,6.082615603780085,-5.7736025558780536e-15,-9.491973407443386e-16,0.0
113.44,6.084853214451719,-5.7757264899771904e-15,-9.491973407443386e-16,0.0
113.46,6.08709227721116,-5.7778518023942105e-15,-9.491973407443386e-16,0.0
113.48,6.089758263117539,-5.780382349127008e-15,-9.491973407443386e-16,0.0
113.5,6.091110005509652,-5.7816654194109725e-15,-9.491973407443386e-16,0.0
113.52,6.092084014324407,-5.7825899459878e-15,-9.491973407443386e-16,0.0
113.54,6.094041167706397,-5.7844476707734134e-15,-9.491973407443386e-16,0.0
113.56,6.096424903830422,-5.7867103067633736e-15,-9.491973407443386e-16,0.0
113.58,6.098037790951582,-5.7882412549297e-15,-9.491973407443386e-16,0.0
113.6,6.099759939119199,-5.7898759133907696e-15,-9.491973407443386e-16,0.0
113.62,6.101499670617336,-5.791527261902411e-15,-9.491973407443386e-16,0.0
113.64,6.102002507475277,-5.7920045533107966e-15,-9.491973407443386e-16,0.0
113.66,6.104315627007174,-5.794200160219297e-15,-9.491973407443386e-16,0.0
113.68,6.106449492813029,-5.79622561996772e-15,-9.491973407443386e-16,0.0
113.7,6.108858254412958,-5.798512010072859e-15,-9.491973407443386e-16,0.0
113.72,6.110714893963141,-5.800274327396614e-15,-9.491973407443386e-16,0.0
113.74,6.11270652288586,-5.802164776273809e-15,-9.491973407443386e-16,0.0
113.76,6.114521213457103,-5.803887275738307e-15,-9.491973407443386e-16,0.0
113.78,6.1164118011713935,-5.805681816569155e-15,-9.491973407443386e-16,0.0
113.8,6.118651705846197,-5.80780792813e-15,-9.491973407443386e-16,0.0
113.82,6.121089820769856,-5.810122180331966e-15,-9.491973407443386e-16,0.0
113.84,6.123037289997236,-5.811970712943777e-15,-9.491973407443386e-16,0.0
113.86,6.124780912004154,-5.813625754316007e-15,-9.491973407443386e-16,0.0
113.88,6.127346707752432,-5.816061200817164e-15,-9.491973407443386e-16,0.0
113.9,6.1294337314672,-5.8180421981772925e-15,-9.491973407443386e-16,0.0
113.92,6.131267842636965,-5.819783131622263e-15,-9.491973407443386e-16,0.0
113.94,6.132718919071534,-5.821160489515173e-15,-9.491973407443386e-16,0.0
113.96,6.134821044270866,-5.8231558211642906e-15,-9.491973407443386e-16,0.0
113.98,6.137258769622586,-5.825469703585609e-15,-9.491973407443386e-16,0.0
114.0,6.139251492202439,-5.827361190559246e-15,-9.491973407443386e-16,0.0
114.02,6.141541975400634,-5.829535311119993e-15,-9.491973407443386e-16,0.0
114.04,6.143688145772496,-5.831572450329748e-15,-9.491973407443386e-16,0.0
114.06,6.145864471015792,-5.83363821246328e-15,-9.491973407443386e-16,0.0
114.08,6.147408753567815,-5.8351040413550175e-15,-9.491973407443386e-16,0.0
114.1,6.149356047499986,-5.836952407577082e-15,-9.491973407443386e-16,0.0
114.12,6.151194689987649,-5.838697642136951e-15,-9.491973407443386e-16,0.0
114.14,6.153504670199093,-5.840890269210826e-15,-9.491973407443386e-16,0.0
114.16,6.155929124549562,-5.843191554833047e-15,-9.491973407443386e-16,0.0
114.18,6.158204669824934,-5.845351496357173e-15,-9.491973407443386e-16,0.0
114.2,6.159992596074396,-5.84704859119861e-15,-9.491973407443386e-16,0.0
114.22,6.161849374184327,-5.848811040042909e-15,-9.491973407443386e-16,0.0
114.24,6.163965313858631,-5.850819484354933e-15,-9.491973407443386e-16,0.0
114.26,6.1655626920609405,-5.852335711496728e-15,-9.491973407443386e-16,0.0
114.28,6.167919164072145,-5.854572468463301e-15,-9.491973407443386e-16,0.0
114.3,6.170212052509083,-5.856748872070266e-15,-9.491973407443386e-16,0.0
114.32,6.1720845559098505,-5.858526247318809e-15,-9.491973407443386e-16,0.0
114.34,6.173825258469584,-5.860178517559536e-15,-9.491973407443386e-16,0.0
114.36,6.175514559534916,-5.8617819976384644e-15,-9.491973407443386e-16,0.0
114.38,6.177104231970393,-5.863290910486874e-15,-9.491973407443386e-16,0.0
114.4,6.17930521781867,-5.865380080401074e-15,-9.491973407443386e-16,0.0
114.42,6.181114708826115,-5.8670976444534415e-15,-9.491973407443386e-16,0.0
114.44,6.183590744976046,-5.869447891382543e-15,-9.491973407443386e-16,0.0
114.46,6.186353110999851,-5.872069921866501e-15,-9.491973407443386e-16,0.0
114.48,6.189105979719665,-5.874682937534767e-15,-9.491973407443386e-16,0.0
114.5,6.191141249048836,-5.876614809769715e-15,-9.491973407443386e-16,0.0
114.52,6.193569332233462,-5.878919539871669e-15,-9.491973407443386e-16,0.0
114.54,6.195523044712991,-5.880773998561816e-15,-9.491973407443386e-16,0.0
114.56,6.1968853832199855,-5.8820671266498484e-15,-9.491973407443386e-16,0.0
114.58,6.198565693297632,-5.883662072507177e-15,-9.491973407443386e-16,0.0
114.6,6.200198673717896,-5.885212093179579e-15,-9.491973407443386e-16,0.0
114.62,6.20242481123629,-5.88732513699217e-15,-9.491973407443386e-16,0.0
114.64,6.204769333986837,-5.889550551752303e-15,-9.491973407443386e-16,0.0
114.66,6.206965670096961,-5.8916353081474135e-15,-9.491973407443386e-16,0.0
114.68,6.2079105318363865,-5.892532168397847e-15,-9.491973407443386e-16,0.0
114.7,6.209214480109637,-5.8937698726312845e-15,-9.491973407443386e-16,0.0
114.72,6.2120957884032695,-5.896504802801465e-15,-9.491973407443386e-16,0.0
114.74,6.214132258465834,-5.898437814769357e-15,-9.491973407443386e-16,0.0
114.76,6.216526488683438,-5.900710411725036e-15,-9.491973407443386e-16,0.0
114.78,6.218058230412842,-5.902164336901294e-15,-9.491973407443386e-16,0.0
114.8,6.220320459849662,-5.904311639066877e-15,-9.491973407443386e-16,0.0
114.82,6.221760222199431,-5.905678257660581e-15,-9.491973407443386e-16,0.0
114.84,6.22414338567055,-5.9079403500899264e-15,-9.491973407443386e-16,0.0
114.86,6.226505980205907,-5.910182918540144e-15,-9.491973407443386e-16,0.0
114.88,6.228152104657769,-5.9117454154923856e-15,-9.491973407443386e-16,0.0
114.9,6.230750800624945,-5.9142120907938315e-15,-9.491973407443386e-16,0.0
114.92,6.233381091541522,-5.916708755937231e-15,-9.491973407443386e-16,0.0
114.94,6.235418334405835,-5.918642501446487e-15,-9.491973407443386e-16,0.0
114.96,6.236444735518943,-5.919616758653586e-15,-9.491973407443386e-16,0.0
114.98,6.238914717718511,-5.921961259189102e-15,-9.491973407443386e-16,0.0
115.0,6.2408360735178645,-5.923785005004472e-15,-9.491973407443386e-16,0.0
115.02,6.242794012485225,-5.925643475465631e-15,-9.491973407443386e-16,0.0
115.04,6.244799233660254,-5.927546826072573e-15,-9.491973407443386e-16,0.0
115.06,6.247464907807475,-5.930077076884406e-15,-9.491973407443386e-16,0.0
115.08,6.248783778729098,-5.931328945655995e-15,-9.491973407443386e-16,0.0
115.1,6.25109181203504,-5.933519724732345e-15,-9.491973407443386e-16,0.0
115.12,6.2529013436481655,-5.935237327327517e-15,-9.491973407443386e-16,0.0
115.14,6.255414951005992,-5.9376232367472416e-15,-9.491973407443386e-16,0.0
115.16,6.25791679247786,-5.939997978019303e-15,-9.491973407443386e-16,0.0
115.18,6.260120523733899,-5.94208975386725e-15,-9.491973407443386e-16,0.0
115.2,6.26201315780815,-5.943886237097532e-15,-9.491973407443386e-16,0.0
115.22,6.264685141562987,-5.946422476972135e-15,-9.491973407443386e-16,0.0
115.24,6.266467585339296,-5.9481143678646335e-15,-9.491973407443386e-16,0.0
115.26,6.268522152113314,-5.950064557182913e-15,-9.491973407443386e-16,0.0
115.28,6.2698965775078905,-5.951369158112497e-15,-9.491973407443386e-16,0.0
115.3,6.270812263239793,-5.952238324574176e-15,-9.491973407443386e-16,0.0
115.32,6.272530751676428,-5.953869509228331e-15,-9.491973407443386e-16,0.0
115.34,6.274166780700639,-5.955422423627493e-15,-9.491973407443386e-16,0.0
115.36,6.2754065873189475,-5.956599244772628e-15,-9.491973407443386e-16,0.0
115.38,6.276836825366193,-5.957956822923705e-15,-9.491973407443386e-16,0.0
115.4,6.278841451409037,-5.95985960863276e-15,-9.491973407443386e-16,0.0
115.42,6.280291515578236,-5.961236005686073e-15,-9.491973407443386e-16,0.0
115.44,6.281881138881761,-5.962744871898564e-15,-9.491973407443386e-16,0.0
115.46,6.284285864262288,-5.965027430834981e-15,-9.491973407443386e-16,0.0
115.48,6.286720849905498,-5.967338712732266e-15,-9.491973407443386e-16,0.0
115.5,6.289772712642589,-5.97023553272663e-15,-9.491973407443386e-16,0.0
115.52,6.292672004261974,-5.972987532621793e-15,-9.491973407443386e-16,0.0
115.54,6.2949404104617095,-5.9751406977543096e-15,-9.491973407443386e-16,0.0
115.56,6.297034580550336,-5.9771284784335e-15,-9.491973407443386e-16,0.0
115.58,6.299871620550843,-5.9798213892575675e-15,-9.491973407443386e-16,0.0
115.6,6.301886809082175,-5.981734200852606e-15,-9.491973407443386e-16,0.0
115.62,6.3038021173818946,-5.983552206397405e-15,-9.491973407443386e-16,0.0
115.64,6.305806874112008,-5.985455116154469e-15,-9.491973407443386e-16,0.0
115.66,6.308057682035975,-5.987591577050424e-15,-9.491973407443386e-16,0.0
115.68,6.310217661196489,-5.989641823525648e-15,-9.491973407443386e-16,0.0
115.7,6.3125977674670155,-5.99190101406832e-15,-9.491973407443386e-16,0.0
115.72,6.31486723543333,-5.9940551870268506e-15,-9.491973407443386e-16,0.0
115.74,6.316067815953009,-5.995194774863479e-15,-9.491973407443386e-16,0.0
115.76,6.317464906329623,-5.996520889333741e-15,-9.491973407443386e-16,0.0
115.78,6.319637769804456,-5.998583365565853e-15,-9.491973407443386e-16,0.0
115.8,6.321754952455678,-6.000592989708264e-15,-9.491973407443386e-16,0.0
115.82,6.323954424139468,-6.002680722381559e-15,-9.491973407443386e-16,0.0
115.84,6.32627804540308,-6.004886297505876e-15,-9.491973407443386e-16,0.0
115.86,6.327850751692475,-6.006379106133542e-15,-9.491973407443386e-16,0.0
115.88,6.32982000012761,-6.008248311511437e-15,-9.491973407443386e-16,0.0
115.9,6.332236961516313,-6.010542484834276e-15,-9.491973407443386e-16,0.0
115.92,6.333853339147717,-6.0120767461836434e-15,-9.491973407443386e-16,0.0
115.94,6.3357656244728,-6.0138918823289565e-15,-9.491973407443386e-16,0.0
115.96,6.337813700473785,-6.015835910622734e-15,-9.491973407443386e-16,0.0
115.98,6.338826977255951,-6.016797710249804e-15,-9.491973407443386e-16,0.0
116.0,6.340699926036164,-6.018575508251333e-15,-9.491973407443386e-16,0.0
116.02,6.342453031580752,-6.0202395513722995e-15,-9.491973407443386e-16,0.0
116.04,6.3438194334526985,-6.0215365363955386e-15,-9.491973407443386e-16,0.0
116.06,6.344655746249959,-6.022330362278729e-15,-9.491973407443386e-16,0.0
116.08,6.346165960069731,-6.023763853220412e-15,-9.491973407443386e-16,0.0
116.1,6.3482832991282745,-6.025773625824235e-15,-9.491973407443386e-16,0.0
116.12,6.3498028017041515,-6.027215933628512e-15,-9.491973407443386e-16,0.0
116.14,6.352390716525457,-6.029672375494969e-15,-9.491973407443386e-16,0.0
116.16,6.35461785071411,-6.031786365344318e-15,-9.491973407443386e-16,0.0
116.18,6.3568310310055836,-6.033887110191573e-15,-9.491973407443386e-16,0.0
116.2,6.35838313178075,-6.035360360119928e-15,-9.491973407443386e-16,0.0
116.22,6.360671586623588,-6.037532555371163e-15,-9.491973407443386e-16,0.0
116.24,6.362413252817468,-6.039185740290859e-15,-9.491973407443386e-16,0.0
116.26,6.364184313540389,-6.040866826419352e-15,-9.491973407443386e-16,0.0
116.28,6.366376122454667,-6.042947285612204e-15,-9.491973407443386e-16,0.0
116.3,6.36869148482924,-6.0451450214210084e-15,-9.491973407443386e-16,0.0
116.32,6.37092155609359,-6.0472617991348e-15,-9.491973407443386e-16,0.0
116.34,6.373003581160486,-6.049238051791661e-15,-9.491973407443386e-16,0.0
116.36,6.374897191197673,-6.051035461403365e-15,-9.491973407443386e-16,0.0
116.38,6.377020283295051,-6.053050694776352e-15,-9.491973407443386e-16,0.0
116.4,6.378887698788725,-6.0548232405970125e-15,-9.491973407443386e-16,0.0
116.42,6.381444887839634,-6.057250517643916e-15,-9.491973407443386e-16,0.0
116.44,6.3841425270822185,-6.059811109639265e-15,-9.491973407443386e-16,0.0
116.46,6.386217214388395,-6.061780397313164e-15,-9.491973407443386e-16,0.0
116.48,6.38889833992121,-6.0643253145391125e-15,-9.491973407443386e-16,0.0
116.5,6.391568207516995,-6.066859545761171e-15,-9.491973407443386e-16,0.0
116.52,6.3931701775398055,-6.068380131446775e-15,-9.491973407443386e-16,0.0
116.54,6.395470088685854,-6.070563200990552e-15,-9.491973407443386e-16,0.0
116.56,6.397671653900411,-6.072652920837685e-15,-9.491973407443386e-16,0.0
116.58,6.399432373051729,-6.074324190773914e-15,-9.491973407443386e-16,0.0
116.6,6.400952704768331,-6.0757672855963625e-15,-9.491973407443386e-16,0.0
116.62,6.403356597360579,-6.07804905405236e-15,-9.491973407443386e-16,0.0
116.64,6.404922139147351,-6.079535062153188e-15,-9.491973407443386e-16,0.0
116.66,6.4067488191198745,-6.081268941925499e-15,-9.491973407443386e-16,0.0
116.68,6.409094473486315,-6.083495430812429e-15,-9.491973407443386e-16,0.0
116.7,6.411285869866668,-6.085575498429177e-15,-9.491973407443386e-16,0.0
116.72,6.413438223214983,-6.0876185065037404e-15,-9.491973407443386e-16,0.0
116.74,6.415197190996057,-6.089288114043992e-15,-9.491973407443386e-16,0.0
116.76,6.416798391561589,-6.090807969362793e-15,-9.491973407443386e-16,0.0
116.78,6.418746668700672,-6.092657268842244e-15,-9.491973407443386e-16,0.0
116.8,6.420639689366321,-6.0944541190240516e-15,-9.491973407443386e-16,0.0
116.82,6.422887861947045,-6.096588078459209e-15,-9.491973407443386e-16,0.0
116.84,6.424781024217302,-6.0983850630517354e-15,-9.491973407443386e-16,0.0
116.86,6.426501977998617,-6.100018587804503e-15,-9.491973407443386e-16,0.0
116.88,6.428798110701843,-6.102198070860401e-15,-9.491973407443386e-16,0.0
116.9,6.430840397635736,-6.104136604187089e-15,-9.491973407443386e-16,0.0
116.92,6.432766303372923,-6.105964668791352e-15,-9.491973407443386e-16,0.0
116.94,6.43509894326769,-6.108178804376379e-15,-9.491973407443386e-16,0.0
116.96,6.4374276355054265,-6.1103891928558504e-15,-9.491973407443386e-16,0.0
116.98,6.43890498318999,-6.111791487349393e-15,-9.491973407443386e-16,0.0
117.0,6.4412110945273335,-6.11398044209826e-15,-9.491973407443386e-16,0.0
117.02,6.442827332317343,-6.115514570710548e-15,-9.491973407443386e-16,0.0
117.04,6.444648944559929,-6.1172436402070785e-15,-9.491973407443386e-16,0.0
117.06,6.446286861850783,-6.118798346943917e-15,-9.491973407443386e-16,0.0
117.08,6.448137494676045,-6.120554962700349e-15,-9.491973407443386e-16,0.0
117.1,6.450206257199744,-6.122518626586475e-15,-9.491973407443386e-16,0.0
117.12,6.452375908223863,-6.124578053568913e-15,-9.491973407443386e-16,0.0
117.14,6.454672271253011,-6.126757755249563e-15,-9.491973407443386e-16,0.0
117.16,6.456398610366904,-6.128396391745694e-15,-9.491973407443386e-16,0.0
117.18,6.457994633320052,-6.129911332488589e-15,-9.491973407443386e-16,0.0
117.2,6.460316599672014,-6.132115336775169e-15,-9.491973407443386e-16,0.0
117.22,6.461853527616748,-6.133574184693226e-15,-9.491973407443386e-16,0.0
117.24,6.46463998488768,-6.1362190825248924e-15,-9.491973407443386e-16,0.0
117.26,6.467093021113264,-6.1385474979869666e-15,-9.491973407443386e-16,0.0
117.28,6.469092505995454,-6.14044540372e-15,-9.491973407443386e-16,0.0
117.3,6.471060516225634,-6.142313433797044e-15,-9.491973407443386e-16,0.0
117.32,6.473247176143616,-6.1443890055763045e-15,-9.491973407443386e-16,0.0
117.34,6.475310798911264,-6.1463477908196554e-15,-9.491973407443386e-16,0.0
117.36,6.477031226194484,-6.147980815821831e-15,-9.491973407443386e-16,0.0
117.38,6.4786236290085855,-6.14949232033837e-15,-9.491973407443386e-16,0.0
117.4,6.480162481301797,-6.150952994842885e-15,-9.491973407443386e-16,0.0
117.42,6.481742837118144,-6.152453064381192e-15,-9.491973407443386e-16,0.0
117.44,6.484018646062858,-6.154613256179556e-15,-9.491973407443386e-16,0.0
117.46,6.4862895904746045,-6.1567688305761645e-15,-9.491973407443386e-16,0.0
117.48,6.488974485802409,-6.159317326081493e-15,-9.491973407443386e-16,0.0
117.5,6.490484169141505,-6.1607503134923295e-15,-9.491973407443386e-16,0.0
117.52,6.492608536755453,-6.162766757582253e-15,-9.491973407443386e-16,0.0
117.54,6.4944323254782566,-6.164497892988018e-15,-9.491973407443386e-16,0.0
117.56,6.495883968188253,-6.165875788388057e-15,-9.491973407443386e-16,0.0
117.58,6.4991854954700505,-6.169009589304334e-15,-9.491973407443386e-16,0.0
117.6,6.5012740864917715,-6.170992074348054e-15,-9.491973407443386e-16,0.0
117.62,6.5032120449958075,-6.172831579406558e-15,-9.491973407443386e-16,0.0
117.64,6.505681757913511,-6.175175824340444e-15,-9.491973407443386e-16,0.0
117.66,6.507673677341905,-6.1770665489648534e-15,-9.491973407443386e-16,0.0
117.68,6.509034261414257,-6.178358011748189e-15,-9.491973407443386e-16,0.0
117.7,6.510586134246224,-6.1798310453134656e-15,-9.491973407443386e-16,0.0
117.72,6.512535323644606,-6.181681210707017e-15,-9.491973407443386e-16,0.0
117.74,6.514829661924491,-6.183858990501052e-15,-9.491973407443386e-16,0.0
117.76,6.517178729132272,-6.186088718847908e-15,-9.491973407443386e-16,0.0
117.78,6.5193646536461465,-6.1881635925835456e-15,-9.491973407443386e-16,0.0
117.8,6.521566103074765,-6.190253202526973e-15,-9.491973407443386e-16,0.0
117.82,6.523039428981434,-6.1916516795596334e-15,-9.491973407443386e-16,0.0
117.84,6.524157751299858,-6.192713188130376e-15,-9.491973407443386e-16,0.0
117.86,6.52625317671961,-6.194702160366533e-15,-9.491973407443386e-16,0.0
117.88,6.52780488393147,-6.196175036725644e-15,-9.491973407443386e-16,0.0
117.9,6.529316681950485,-6.1976100313850356e-15,-9.491973407443386e-16,0.0
117.92,6.531942098381436,-6.200102069679641e-15,-9.491973407443386e-16,0.0
117.94,6.533991106858927,-6.202046983077638e-15,-9.491973407443386e-16,0.0
117.96,6.535656112842278,-6.203627402329358e-15,-9.491973407443386e-16,0.0
117.98,6.538043038083311,-6.205893065420702e-15,-9.491973407443386e-16,0.0
118.0,6.53963963860318,-6.207408554388393e-15,-9.491973407443386e-16,0.0
118.02,6.541075931540552,-6.208771879825075e-15,-9.491973407443386e-16,0.0
118.04,6.543134416023397,-6.210725787822156e-15,-9.491973407443386e-16,0.0
118.06,6.54534385139046,-6.2128229779971186e-15,-9.491973407443386e-16,0.0
118.08,6.547520883614217,-6.214889411194623e-15,-9.491973407443386e-16,0.0
118.1,6.549684122041293,-6.216942751356999e-15,-9.491973407443386e-16,0.0
118.12,6.552090925910946,-6.219227283189767e-15,-9.491973407443386e-16,0.0
118.14,6.554047737206464,-6.221084683267811e-15,-9.491973407443386e-16,0.0
118.16,6.556259965134738,-6.2231845241344494e-15,-9.491973407443386e-16,0.0
118.18,6.558201262952745,-6.225027198860894e-15,-9.491973407443386e-16,0.0
118.2,6.560129122137824,-6.226857117672701e-15,-9.491973407443386e-16,0.0
118.22,6.562265567194092,-6.228885025638757e-15,-9.491973407443386e-16,0.0
118.24,6.564491579707559,-6.230997950797003e-15,-9.491973407443386e-16,0.0
118.26,6.566730819320512,-6.233123431082907e-15,-9.491973407443386e-16,0.0
118.28,6.569405945884453,-6.2356626541035546e-15,-9.491973407443386e-16,0.0
118.3,6.570859252889625,-6.237042129248149e-15,-9.491973407443386e-16,0.0
118.32,6.573171381182762,-6.239236795275454e-15,-9.491973407443386e-16,0.0
118.34,6.574930327076207,-6.240906382040025e-15,-9.491973407443386e-16,0.0
118.36,6.57672626113361,-6.242611077871463e-15,-9.491973407443386e-16,0.0
118.38,6.578680643953582,-6.244466172846977e-15,-9.491973407443386e-16,0.0
118.4,6.58072625778758,-6.246407864058398e-15,-9.491973407443386e-16,0.0
118.42,6.582047238447263,-6.247661735387744e-15,-9.491973407443386e-16,0.0
118.44,6.583955867864152,-6.249473401354721e-15,-9.491973407443386e-16,0.0
118.46,6.586293517636506,-6.251692292302231e-15,-9.491973407443386e-16,0.0
118.48,6.588907690460028,-6.254173658194564e-15,-9.491973407443386e-16,0.0
118.5,6.591317301604053,-6.256460854684701e-15,-9.491973407443386e-16,0.0
118.52,6.59304996075038,-6.2581054901388106e-15,-9.491973407443386e-16,0.0
118.54,6.595541013701618,-6.260469990975779e-15,-9.491973407443386e-16,0.0
118.56,6.597045947273419,-6.261898469920129e-15,-9.491973407443386e-16,0.0
118.58,6.598742201596858,-6.263508550013163e-15,-9.491973407443386e-16,0.0
118.6,6.601467093031428,-6.266095009716674e-15,-9.491973407443386e-16,0.0
118.62,6.6039595706969205,-6.268460862888625e-15,-9.491973407443386e-16,0.0
118.64,6.606383964787761,-6.2707620913125665e-15,-9.491973407443386e-16,0.0
118.66,6.607878653696747,-6.272180846050216e-15,-9.491973407443386e-16,0.0
118.68,6.609804447643089,-6.274008804542905e-15,-9.491973407443386e-16,0.0
118.7,6.61213903335203,-6.276224787089571e-15,-9.491973407443386e-16,0.0
118.72,6.614173995025612,-6.278156367298652e-15,-9.491973407443386e-16,0.0
118.74,6.615700813407522,-6.27960561924656e-15,-9.491973407443386e-16,0.0
118.76,6.617660028954639,-6.281465301433828e-15,-9.491973407443386e-16,0.0
118.78,6.6197923291978595,-6.283489275154362e-15,-9.491973407443386e-16,0.0
118.8,6.62170763168068,-6.285307275177776e-15,-9.491973407443386e-16,0.0
118.82,6.624071612236418,-6.287551159234854e-15,-9.491973407443386e-16,0.0
118.84,6.626000462153789,-6.289382018447117e-15,-9.491973407443386e-16,0.0
118.86,6.628819823047021,-6.292058148309571e-15,-9.491973407443386e-16,0.0
118.88,6.631000167715294,-6.294127725670602e-15,-9.491973407443386e-16,0.0
118.9,6.632708130942177,-6.2957489198236486e-15,-9.491973407443386e-16,0.0
118.92,6.635355532388139,-6.298261826236037e-15,-9.491973407443386e-16,0.0
118.94,6.637522532093954,-6.300318736594192e-15,-9.491973407443386e-16,0.0
118.96,6.639672559005639,-6.302359536421292e-15,-9.491973407443386e-16,0.0
118.98,6.641562725466019,-6.304153677399049e-15,-9.491973407443386e-16,0.0
119.0,6.64366865026471,-6.306152615617775e-15,-9.491973407443386e-16,0.0
119.02,6.646113904923135,-6.308473644836994e-15,-9.491973407443386e-16,0.0
119.04,6.648622540947014,-6.3108548354797555e-15,-9.491973407443386e-16,0.0
119.06,6.650581135933221,-6.312713928632259e-15,-9.491973407443386e-16,0.0
119.08,6.651851440077209,-6.3139196979476694e-15,-9.491973407443386e-16,0.0
119.1,6.653524895564085,-6.315508137445666e-15,-9.491973407443386e-16,0.0
119.12,6.656287744424126,-6.318130626236496e-15,-9.491973407443386e-16,0.0
119.14,6.6587476329999005,-6.3204655459311485e-15,-9.491973407443386e-16,0.0
119.16,6.660402044271927,-6.322035908711054e-15,-9.491973407443386e-16,0.0
119.18,6.662665879552685,-6.324184735139433e-15,-9.491973407443386e-16,0.0
119.2,6.664857648487879,-6.326265156384245e-15,-9.491973407443386e-16,0.0
119.22,6.666575263585779,-6.327895512067594e-15,-9.491973407443386e-16,0.0
119.24,6.669044219458264,-6.330239038416173e-15,-9.491973407443386e-16,0.0
119.26,6.670480476099662,-6.331602329400814e-15,-9.491973407443386e-16,0.0
119.28,6.671733393939307,-6.332791595682375e-15,-9.491973407443386e-16,0.0
119.3,6.673761736622806,-6.33471689316367e-15,-9.491973407443386e-16,0.0
119.32,6.676381999171331,-6.337204039406781e-15,-9.491973407443386e-16,0.0
119.34,6.678240934658925,-6.338968536028221e-15,-9.491973407443386e-16,0.0
119.36,6.680169989760357,-6.340799590000649e-15,-9.491973407443386e-16,0.0
119.38,6.6813302191725175,-6.341900876673326e-15,-9.491973407443386e-16,0.0
119.4,6.68301328245268,-6.343498435863161e-15,-9.491973407443386e-16,0.0
119.42,6.684716977627349,-6.345115578792396e-15,-9.491973407443386e-16,0.0
119.44,6.68640658747475,-6.346719351966444e-15,-9.491973407443386e-16,0.0
119.46,6.688266566466466,-6.348484839079222e-15,-9.491973407443386e-16,0.0
119.48,6.689394915573,-6.3495558650505744e-15,-9.491973407443386e-16,0.0
119.5,6.691330826759183,-6.351393426800416e-15,-9.491973407443386e-16,0.0
119.52,6.694325359799703,-6.354235829599249e-15,-9.491973407443386e-16,0.0
119.54,6.696749297579187,-6.356536624893665e-15,-9.491973407443386e-16,0.0
119.56,6.698684368853423,-6.358373389401321e-15,-9.491973407443386e-16,0.0
119.58,6.700929438301339,-6.3605044033510684e-15,-9.491973407443386e-16,0.0
119.6,6.703137646194075,-6.362600428410664e-15,-9.491973407443386e-16,0.0
119.62,6.704423770285395,-6.3638212139780125e-15,-9.491973407443386e-16,0.0
119.64,6.707168877017287,-6.366426861987983e-15,-9.491973407443386e-16,0.0
119.66,6.709281955531076,-6.368432590494056e-15,-9.491973407443386e-16,0.0
119.68,6.711302790799368,-6.370350761956801e-15,-9.491973407443386e-16,0.0
119.7,6.713338234915536,-6.372282800099101e-15,-9.491973407443386e-16,0.0
119.72,6.71531058297308,-6.374154947630344e-15,-9.491973407443386e-16,0.0
119.74,6.717128075263929,-6.375880106479641e-15,-9.491973407443386e-16,0.0
119.76,6.719591259841589,-6.378218154730518e-15,-9.491973407443386e-16,0.0
119.78,6.722109820345613,-6.380608765663443e-15,-9.491973407443386e-16,0.0
119.8,6.72471465638323,-6.3830812691034234e-15,-9.491973407443386e-16,0.0
119.82,6.726821632988846,-6.3850812056944845e-15,-9.491973407443386e-16,0.0
119.84,6.728499803384697,-6.386674120571542e-15,-9.491973407443386e-16,0.0
119.86,6.730757097597286,-6.388816738235409e-15,-9.491973407443386e-16,0.0
119.88,6.733535868028847,-6.3914543397395846e-15,-9.491973407443386e-16,0.0
119.9,6.735595167778613,-6.393409021585858e-15,-9.491973407443386e-16,0.0
119.92,6.737464042509426,-6.39518295251053e-15,-9.491973407443386e-16,0.0
119.94,6.740072050167716,-6.3976584664444195e-15,-9.491973407443386e-16,0.0
119.96,6.741665076797581,-6.3991705630852225e-15,-9.491973407443386e-16,0.0
119.98,6.744368378548105,-6.4017365299180496e-15,-9.491973407443386e-16,0.0
120.0,6.745954580316917,-6.403242148418891e-15,-9.491973407443386e-16,0.0
120.02,6.748084533510571,-6.405263894326217e-15,-9.491973407443386e-16,0.0
120.04,6.749222911602686,-6.406344439784014e-15,-9.491973407443386e-16,0.0
120.06,6.7514091200103,-6.408419582990833e-15,-9.491973407443386e-16,0.0
120.08,6.754032562233503,-6.410909747372694e-15,-9.491973407443386e-16,0.0
120.1,6.7561008822224276,-6.41287299120599e-15,-9.491973407443386e-16,0.0
120.12,6.75844607649178,-6.415099043369988e-15,-9.491973407443386e-16,0.0
120.14,6.760365428022219,-6.4169208867386344e-15,-9.491973407443386e-16,0.0
120.16,6.762920834655786,-6.419346471919737e-15,-9.491973407443386e-16,0.0
120.18,6.765401236480365,-6.421700862735605e-15,-9.491973407443386e-16,0.0
120.2,6.767534132020251,-6.42372540151015e-15,-9.491973407443386e-16,0.0
120.22,6.769102266602807,-6.4252138706858414e-15,-9.491973407443386e-16,0.0
120.24,6.770738821946681,-6.426767284666228e-15,-9.491973407443386e-16,0.0
120.26,6.773299295396834,-6.4291976792561594e-15,-9.491973407443386e-16,0.0
120.28,6.775062899670993,-6.430871687743316e-15,-9.491973407443386e-16,0.0
120.3,6.7769082666447655,-6.432623305167519e-15,-9.491973407443386e-16,0.0
120.32,6.778810038879931,-6.4344284623158394e-15,-9.491973407443386e-16,0.0
120.34,6.780121246543877,-6.435673057143621e-15,-9.491973407443386e-16,0.0
120.36,6.782130792613375,-6.437580512928891e-15,-9.491973407443386e-16,0.0
120.38,6.7840528102896664,-6.43940488699609e-15,-9.491973407443386e-16,0.0
120.4,6.7861135699171955,-6.441360954554454e-15,-9.491973407443386e-16,0.0
120.42,6.787861591568299,-6.443020172057245e-15,-9.491973407443386e-16,0.0
120.44,6.790352824856046,-6.445384844069149e-15,-9.491973407443386e-16,0.0
120.46,6.792504282421943,-6.4474270018694225e-15,-9.491973407443386e-16,0.0
120.48,6.794182158592389,-6.449019637468508e-15,-9.491973407443386e-16,0.0
120.5,6.795716526477446,-6.450476055384728e-15,-9.491973407443386e-16,0.0
120.52,6.797855327753537,-6.452506199868375e-15,-9.491973407443386e-16,0.0
120.54,6.800325113147205,-6.454850513596253e-15,-9.491973407443386e-16,0.0
120.56,6.801950739111503,-6.45639355343861e-15,-9.491973407443386e-16,0.0
120.58,6.80333556534404,-6.457708026815926e-15,-9.491973407443386e-16,0.0
120.6,6.805401368468655,-6.459668881648313e-15,-9.491973407443386e-16,0.0
120.62,6.807581844026368,-6.461738583249251e-15,-9.491973407443386e-16,0.0
120.64,6.809086967313373,-6.463167242270769e-15,-9.491973407443386e-16,0.0
120.66,6.811193392202029,-6.465166655173559e-15,-9.491973407443386e-16,0.0
120.68,6.812743508765542,-6.466638021693489e-15,-9.491973407443386e-16,0.0
120.7,6.815578631405472,-6.469329112563995e-15,-9.491973407443386e-16,0.0
120.72,6.817387688418137,-6.4710462646696716e-15,-9.491973407443386e-16,0.0
120.74,6.818659100222084,-6.472253085372969e-15,-9.491973407443386e-16,0.0
120.76,6.820571850610353,-6.474068662955021e-15,-9.491973407443386e-16,0.0
120.78,6.822347159686599,-6.475753781609192e-15,-9.491973407443386e-16,0.0
120.8,6.824648559737012,-6.477938264417033e-15,-9.491973407443386e-16,0.0
120.82,6.826798709308601,-6.4799791806725885e-15,-9.491973407443386e-16,0.0
120.84,6.8286005536779575,-6.481689486556416e-15,-9.491973407443386e-16,0.0
120.86,6.830463725115307,-6.4834580039301e-15,-9.491973407443386e-16,0.0
120.88,6.8330952362984,-6.48595582734723e-15,-9.491973407443386e-16,0.0
120.9,6.834448458649648,-6.487240302404471e-15,-9.491973407443386e-16,0.0
120.92,6.837203152964686,-6.489855050922868e-15,-9.491973407443386e-16,0.0
120.94,6.8399047109265965,-6.49241936255618e-15,-9.491973407443386e-16,0.0
120.96,6.842213537844878,-6.494610894927252e-15,-9.491973407443386e-16,0.0
120.98,6.844253378531835,-6.4965471062828534e-15,-9.491973407443386e-16,0.0
121.0,6.845865831134497,-6.4980776420053764e-15,-9.491973407443386e-16,0.0
121.02,6.847983783652965,-6.5000879969037295e-15,-9.491973407443386e-16,0.0
121.04,6.85034375230607,-6.502328072873497e-15,-9.491973407443386e-16,0.0
121.06,6.852438431008269,-6.504316336327338e-15,-9.491973407443386e-16,0.0
121.08,6.853442771232564,-6.505269653397442e-15,-9.491973407443386e-16,0.0
121.1,6.855489723712903,-6.50721261524841e-15,-9.491973407443386e-16,0.0
121.12,6.857663374127898,-6.50927583844203e-15,-9.491973407443386e-16,0.0
121.14,6.85930318876667,-6.510832346136466e-15,-9.491973407443386e-16,0.0
121.16,6.861104026848387,-6.512541696854743e-15,-9.491973407443386e-16,0.0
121.18,6.862313509229291,-6.513689734314375e-15,-9.491973407443386e-16,0.0
121.2,6.8649890937655345,-6.516229392041114e-15,-9.491973407443386e-16,0.0
121.22,6.867920096946429,-6.519011492466133e-15,-9.491973407443386e-16,0.0
121.24,6.86936468079993,-6.520382687618359e-15,-9.491973407443386e-16,0.0
121.26,6.871219588046227,-6.522143360643871e-15,-9.491973407443386e-16,0.0
121.28,6.873305722694898,-6.5241235141048245e-15,-9.491973407443386e-16,0.0
121.3,6.874399690726122,-6.525161905650922e-15,-9.491973407443386e-16,0.0
121.32,6.8769030354743546,-6.52753807382891e-15,-9.491973407443386e-16,0.0
121.34,6.878553658423013,-6.5291048407423475e-15,-9.491973407443386e-16,0.0
121.36,6.880073407304349,-6.53054738233911e-15,-9.491973407443386e-16,0.0
121.38,6.882628593011159,-6.532972757817122e-15,-9.491973407443386e-16,0.0
121.4,6.884918435563293,-6.535146270278331e-15,-9.491973407443386e-16,0.0
121.42,6.886393740417751,-6.53654662572297e-15,-9.491973407443386e-16,0.0
121.44,6.88858633122388,-6.538627827085489e-15,-9.491973407443386e-16,0.0
121.46,6.89166982259897,-6.5415546688989315e-15,-9.491973407443386e-16,0.0
121.48,6.893559512321293,-6.543348357358193e-15,-9.491973407443386e-16,0.0
121.5,6.895710320422186,-6.545389898688012e-15,-9.491973407443386e-16,0.0
121.52,6.8975051869888135,-6.547093581260046e-15,-9.491973407443386e-16,0.0
121.54,6.899681855497621,-6.5491596692202885e-15,-9.491973407443386e-16,0.0
121.56,6.901254396199068,-6.5506523206723134e-15,-9.491973407443386e-16,0.0
121.58,6.90332626003966,-6.5526189283201875e-15,-9.491973407443386e-16,0.0
121.6,6.905788091473952,-6.554955692170979e-15,-9.491973407443386e-16,0.0
121.62,6.907572512313022,-6.5566494596861926e-15,-9.491973407443386e-16,0.0
121.64,6.909327853989761,-6.558315625337851e-15,-9.491973407443386e-16,0.0
121.66,6.9117050410075676,-6.560572044933604e-15,-9.491973407443386e-16,0.0
121.68,6.912817175671864,-6.561627680199504e-15,-9.491973407443386e-16,0.0
121.7,6.915519401174894,-6.564192625461071e-15,-9.491973407443386e-16,0.0
121.72,6.917327173853198,-6.565908558479988e-15,-9.491973407443386e-16,0.0
121.74,6.918926505875869,-6.567426640182875e-15,-9.491973407443386e-16,0.0
121.76,6.9207123669065655,-6.5691217747241505e-15,-9.491973407443386e-16,0.0
121.78,6.922490353269722,-6.570809434651938e-15,-9.491973407443386e-16,0.0
121.8,6.92512325347643,-6.573308576526591e-15,-9.491973407443386e-16,0.0
121.82,6.927180827128417,-6.575261619965442e-15,-9.491973407443386e-16,0.0
121.84,6.9291439650683735,-6.577125025277563e-15,-9.491973407443386e-16,0.0
121.86,6.931549425646777,-6.5794082820618486e-15,-9.491973407443386e-16,0.0
121.88,6.933562181457529,-6.581318784524982e-15,-9.491973407443386e-16,0.0
121.9,6.935034326732599,-6.582716140905267e-15,-9.491973407443386e-16,0.0
121.92,6.936997396894697,-6.584579481882826e-15,-9.491973407443386e-16,0.0
121.94,6.9396402267963975,-6.58708804899756e-15,-9.491973407443386e-16,0.0
121.96,6.941378505835827,-6.588738018839258e-15,-9.491973407443386e-16,0.0
121.98,6.943832358843841,-6.591067209589043e-15,-9.491973407443386e-16,0.0
122.0,6.946241434182212,-6.593353897493876e-15,-9.491973407443386e-16,0.0
122.02,6.94897002936625,-6.595943872786533e-15,-9.491973407443386e-16,0.0
122.04,6.9510330565192,-6.597902092673997e-15,-9.491973407443386e-16,0.0
122.06,6.953055265176049,-6.5998215677535085e-15,-9.491973407443386e-16,0.0
122.08,6.95489491662363,-6.601567760015449e-15,-9.491973407443386e-16,0.0
122.1,6.956649713922811,-6.603233408945377e-15,-9.491973407443386e-16,0.0
122.12,6.957902471273614,-6.604422522891357e-15,-9.491973407443386e-16,0.0
122.14,6.960191322135614,-6.606595094042928e-15,-9.491973407443386e-16,0.0
122.16,6.96261921162534,-6.608899640290196e-15,-9.491973407443386e-16,0.0
122.18,6.964892777032108,-6.611057702528309e-15,-9.491973407443386e-16,0.0
122.2,6.967373916104145,-6.613412793137503e-15,-9.491973407443386e-16,0.0
122.22,6.969592236519044,-6.615518416976245e-15,-9.491973407443386e-16,0.0
122.24,6.971708099825711,-6.617526788800312e-15,-9.491973407443386e-16,0.0
122.26,6.973447643102472,-6.619177958652723e-15,-9.491973407443386e-16,0.0
122.28,6.975317600646914,-6.620952917381213e-15,-9.491973407443386e-16,0.0
122.3,6.977303397269105,-6.622837830254255e-15,-9.491973407443386e-16,0.0
122.32,6.979366284131153,-6.624795916977968e-15,-9.491973407443386e-16,0.0
122.34,6.9809454310264965,-6.626294839011673e-15,-9.491973407443386e-16,0.0
122.36,6.9828517119967985,-6.628104275839395e-15,-9.491973407443386e-16,0.0
122.38,6.984297008784597,-6.62947614770696e-15,-9.491973407443386e-16,0.0
122.4,6.986186870592999,-6.63126999950987e-15,-9.491973407443386e-16,0.0
122.42,6.988808241636303,-6.6337581979332786e-15,-9.491973407443386e-16,0.0
122.44,6.990829218539638,-6.63567650383563e-15,-9.491973407443386e-16,0.0
122.46,6.992551758913965,-6.637311534578266e-15,-9.491973407443386e-16,0.0
122.48,6.994419626684032,-6.639084509698476e-15,-9.491973407443386e-16,0.0
122.5,6.996109087256155,-6.640688141180827e-15,-9.491973407443386e-16,0.0
122.52,6.998318409653936,-6.642785224125647e-15,-9.491973407443386e-16,0.0
122.54,7.0002984998546625,-6.644664720478611e-15,-9.491973407443386e-16,0.0
122.56,7.0023293878020345,-6.6465924339176065e-15,-9.491973407443386e-16,0.0
122.58,7.004453818275898,-6.648608937673995e-15,-9.491973407443386e-16,0.0
122.6,7.005911095817977,-6.649992181641662e-15,-9.491973407443386e-16,0.0
122.62,7.007887138679513,-6.6518678362710294e-15,-9.491973407443386e-16,0.0
122.64,7.009921329614549,-6.653798684897131e-15,-9.491973407443386e-16,0.0
122.66,7.012272658658504,-6.656030560172869e-15,-9.491973407443386e-16,0.0
122.68,7.014562850206548,-6.658204403900067e-15,-9.491973407443386e-16,0.0
122.7,7.01699273353323,-6.660510842692073e-15,-9.491973407443386e-16,0.0
122.72,7.0187315211484975,-6.662161295272604e-15,-9.491973407443386e-16,0.0
122.74,7.020972594862351,-6.664288516482205e-15,-9.491973407443386e-16,0.0
122.76,7.022757353382584,-6.665982604523481e-15,-9.491973407443386e-16,0.0
122.78,7.025079008756103,-6.66818631363015e-15,-9.491973407443386e-16,0.0
122.8,7.027089797828542,-6.6700949492705066e-15,-9.491973407443386e-16,0.0
122.82,7.028697314488731,-6.67162079980956e-15,-9.491973407443386e-16,0.0
122.84,7.031171806899005,-6.673969581425084e-15,-9.491973407443386e-16,0.0
122.86,7.032962653723138,-6.675669448468232e-15,-9.491973407443386e-16,0.0
122.88,7.034965028865796,-6.677570097628815e-15,-9.491973407443386e-16,0.0
122.9,7.03702983394854,-6.6795300051225116e-15,-9.491973407443386e-16,0.0
122.92,7.038611127623307,-6.681030964873536e-15,-9.491973407443386e-16,0.0
122.94,7.041467180415662,-6.683741922589066e-15,-9.491973407443386e-16,0.0
122.96,7.043612971249431,-6.6857787015422726e-15,-9.491973407443386e-16,0.0
122.98,7.0449918242870035,-6.6870875051788135e-15,-9.491973407443386e-16,0.0
123.0,7.046645217391035,-6.688656901516365e-15,-9.491973407443386e-16,0.0
123.02,7.048623724248744,-6.690534894964346e-15,-9.491973407443386e-16,0.0
123.04,7.051215260262401,-6.692994774056953e-15,-9.491973407443386e-16,0.0
123.06,7.0539004195592225,-6.695543520120971e-15,-9.491973407443386e-16,0.0
123.08,7.056028219414879,-6.697563222085596e-15,-9.491973407443386e-16,0.0
123.1,7.058174237772341,-6.699600217003688e-15,-9.491973407443386e-16,0.0
123.12,7.060117456342676,-6.7014447149031344e-15,-9.491973407443386e-16,0.0
123.14,7.062504015331256,-6.703710030348625e-15,-9.491973407443386e-16,0.0
123.16,7.06479520937631,-6.70588482564332e-15,-9.491973407443386e-16,0.0
123.18,7.066533557613505,-6.707534861167353e-15,-9.491973407443386e-16,0.0
123.2,7.068219133522808,-6.7091348053380854e-15,-9.491973407443386e-16,0.0
123.22,7.0706531487268185,-6.711445166097063e-15,-9.491973407443386e-16,0.0
123.24,7.072572912622702,-6.713267400881893e-15,-9.491973407443386e-16,0.0
123.26,7.074390870215885,-6.714993001394929e-15,-9.491973407443386e-16,0.0
123.28,7.076093550514434,-6.716609181006449e-15,-9.491973407443386e-16,0.0
123.3,7.078766157061041,-6.7191460120333445e-15,-9.491973407443386e-16,0.0
123.32,7.080969148017538,-6.721237085190935e-15,-9.491973407443386e-16,0.0
123.34,7.082576495506565,-6.7227627751531714e-15,-9.491973407443386e-16,0.0
123.36,7.085315842823548,-6.725362956341827e-15,-9.491973407443386e-16,0.0
123.38,7.086470951355587,-6.726459382288709e-15,-9.491973407443386e-16,0.0
123.4,7.089150412983104,-6.729002720140175e-15,-9.491973407443386e-16,0.0
123.42,7.091843923782016,-6.731559393427769e-15,-9.491973407443386e-16,0.0
123.44,7.093995483697862,-6.733601648378342e-15,-9.491973407443386e-16,0.0
123.46,7.095741707680872,-6.7352591595393595e-15,-9.491973407443386e-16,0.0
123.48,7.098018280945831,-6.737420076828468e-15,-9.491973407443386e-16,0.0
123.5,7.100481791368646,-6.7397584343707e-15,-9.491973407443386e-16,0.0
123.52,7.102406057159518,-6.741584942342281e-15,-9.491973407443386e-16,0.0
123.54,7.104740377241954,-6.7438006727569745e-15,-9.491973407443386e-16,0.0
123.56,7.105763919777165,-6.744772216609536e-15,-9.491973407443386e-16,0.0
123.58,7.107646433607231,-6.746559093730949e-15,-9.491973407443386e-16,0.0
123.6,7.109737841346707,-6.748544252395672e-15,-9.491973407443386e-16,0.0
123.62,7.111576976474796,-6.750289954568523e-15,-9.491973407443386e-16,0.0
123.64,7.113707766160215,-6.752312494471609e-15,-9.491973407443386e-16,0.0
123.66,7.115509650187398,-6.75402283799854e-15,-9.491973407443386e-16,0.0
123.68,7.117334686467011,-6.755755157581912e-15,-9.491973407443386e-16,0.0
123.7,7.119926797189662,-6.758215582186767e-15,-9.491973407443386e-16,0.0
123.72,7.122169749231545,-6.760344586300338e-15,-9.491973407443386e-16,0.0
123.74,7.1238510329440174,-6.761940456329254e-15,-9.491973407443386e-16,0.0
123.76,7.125907740594038,-6.763892677761342e-15,-9.491973407443386e-16,0.0
123.78,7.128449410048424,-6.766305223648497e-15,-9.491973407443386e-16,0.0
123.8,7.130826444153932,-6.768561498100304e-15,-9.491973407443386e-16,0.0
123.82,7.1333183242979326,-6.770926784106443e-15,-9.491973407443386e-16,0.0
123.84,7.135939514993846,-6.773414811344588e-15,-9.491973407443386e-16,0.0
123.86,7.137911549599214,-6.775286661347858e-15,-9.491973407443386e-16,0.0
123.88,7.140679948036522,-6.777914417782671e-15,-9.491973407443386e-16,0.0
123.9,7.142265500363922,-6.77941941983545e-15,-9.491973407443386e-16,0.0
123.92,7.143972503349509,-6.781039702530013e-15,-9.491973407443386e-16,0.0
123.94,7.1466286543194,-6.7835609139672485e-15,-9.491973407443386e-16,0.0
123.96,7.14826557345857,-6.7851146732611615e-15,-9.491973407443386e-16,0.0
123.98,7.149761758217949,-6.786534847856026e-15,-9.491973407443386e-16,0.0
124.0,7.151417253169599,-6.788106239261749e-15,-9.491973407443386e-16,0.0
124.02,7.153060009458453,-6.789665539162619e-15,-9.491973407443386e-16,0.0
124.04,7.155144968479001,-6.791644576720484e-15,-9.491973407443386e-16,0.0
124.06,7.156557704037522,-6.792985541555807e-15,-9.491973407443386e-16,0.0
124.08,7.15842606893509,-6.794758988548119e-15,-9.491973407443386e-16,0.0
124.1,7.160140983743166,-6.796386781123548e-15,-9.491973407443386e-16,0.0
124.12,7.162261760099355,-6.798399816401157e-15,-9.491973407443386e-16,0.0
124.14,7.164185711527122,-6.800226025980114e-15,-9.491973407443386e-16,0.0
124.16,7.165869104532171,-6.801823898143935e-15,-9.491973407443386e-16,0.0
124.18,7.167477276754086,-6.803350370940435e-15,-9.491973407443386e-16,0.0
124.2,7.169377163434624,-6.805153738325317e-15,-9.491973407443386e-16,0.0
124.22,7.171933257019404,-6.807579975558684e-15,-9.491973407443386e-16,0.0
124.24,7.174117689633202,-6.809653433186736e-15,-9.491973407443386e-16,0.0
124.26,7.176057861318149,-6.811495038990675e-15,-9.491973407443386e-16,0.0
124.28,7.177213521913122,-6.8125919889542254e-15,-9.491973407443386e-16,0.0
124.3,7.178484131687235,-6.813798048372938e-15,-9.491973407443386e-16,0.0
124.32,7.180165822575278,-6.815394304891822e-15,-9.491973407443386e-16,0.0
124.34,7.182046539818078,-6.8171794766973796e-15,-9.491973407443386e-16,0.0
124.36,7.184394144001637,-6.819407816345534e-15,-9.491973407443386e-16,0.0
124.38,7.18670793054138,-6.821604056376108e-15,-9.491973407443386e-16,0.0
124.4,7.1880778313048355,-6.822904362537864e-15,-9.491973407443386e-16,0.0
124.42,7.190498466495437,-6.825202023023695e-15,-9.491973407443386e-16,0.0
124.44,7.192606652147154,-6.8272031072381006e-15,-9.491973407443386e-16,0.0
124.46,7.194700892094645,-6.82919095422714e-15,-9.491973407443386e-16,0.0
124.48,7.196778124315059,-6.831162657526866e-15,-9.491973407443386e-16,0.0
124.5,7.199374298030208,-6.833626938713396e-15,-9.491973407443386e-16,0.0
124.52,7.200804045153379,-6.834984050880646e-15,-9.491973407443386e-16,0.0
124.54,7.202798676604594,-6.8368773497499055e-15,-9.491973407443386e-16,0.0
124.56,7.2043309506165665,-6.838331780167361e-15,-9.491973407443386e-16,0.0
124.58,7.206334862736212,-6.840233888222414e-15,-9.491973407443386e-16,0.0
124.6,7.2083379579359494,-6.8421352208592625e-15,-9.491973407443386e-16,0.0
124.62,7.2100477911977805,-6.8437581900445085e-15,-9.491973407443386e-16,0.0
124.64,7.211863901100608,-6.845482036734772e-15,-9.491973407443386e-16,0.0
124.66,7.214143751219734,-6.847646064405143e-15,-9.491973407443386e-16,0.0
124.68,7.215813143384842,-6.849230647008922e-15,-9.491973407443386e-16,0.0
124.7,7.217786953741516,-6.851104182550611e-15,-9.491973407443386e-16,0.0
124.72,7.220027840506962,-6.8532312263092804e-15,-9.491973407443386e-16,0.0
124.74,7.222269307568357,-6.8553588208833235e-15,-9.491973407443386e-16,0.0
124.76,7.224586304690991,-6.85755810839064e-15,-9.491973407443386e-16,0.0
124.78,7.2268821083973735,-6.859737279163609e-15,-9.491973407443386e-16,0.0
124.8,7.228750221413219,-6.86151048707046e-15,-9.491973407443386e-16,0.0
124.82,7.230551233664205,-6.863220003109743e-15,-9.491973407443386e-16,0.0
124.84,7.232460860256818,-6.8650326155932666e-15,-9.491973407443386e-16,0.0
124.86,7.234055888976414,-6.866546612612317e-15,-9.491973407443386e-16,0.0
124.88,7.236055614115362,-6.868444746396426e-15,-9.491973407443386e-16,0.0
124.9,7.238031355076302,-6.87032011446255e-15,-9.491973407443386e-16,0.0
124.92,7.240035897421089,-6.872222820725631e-15,-9.491973407443386e-16,0.0
124.94,7.2422300783887,-6.874305531465199e-15,-9.491973407443386e-16,0.0
124.96,7.2444175046516115,-6.8763818306570284e-15,-9.491973407443386e-16,0.0
124.98,7.246816045380006,-6.878658519138087e-15,-9.491973407443386e-16,0.0
125.0,7.248802760423241,-6.8805443037739425e-15,-9.491973407443386e-16,0.0
125.02,7.250995607894399,-6.882625748762224e-15,-9.491973407443386e-16,0.0
125.04,7.2529224059423205,-6.884454660345462e-15,-9.491973407443386e-16,0.0
125.06,7.255854081503714,-6.887237398992262e-15,-9.491973407443386e-16,0.0
125.08,7.2578661316248,-6.88914723161664e-15,-9.491973407443386e-16,0.0
125.1,7.25995354337275,-6.891128597296833e-15,-9.491973407443386e-16,0.0
125.12,7.261593018855612,-6.8926847830653815e-15,-9.491973407443386e-16,0.0
125.14,7.263738078241297,-6.8947208677300125e-15,-9.491973407443386e-16,0.0
125.16,7.265846138827203,-6.896721833232283e-15,-9.491973407443386e-16,0.0
125.18,7.267380554316549,-6.898178296334367e-15,-9.491973407443386e-16,0.0
125.2,7.2684732727858155,-6.8992155017995765e-15,-9.491973407443386e-16,0.0
125.22,7.269943996331871,-6.900611508678463e-15,-9.491973407443386e-16,0.0
125.24,7.27220382685063,-6.902756533797401e-15,-9.491973407443386e-16,0.0
125.26,7.274218843933534,-6.904669182654048e-15,-9.491973407443386e-16,0.0
125.28,7.276753861615074,-6.907075414696105e-15,-9.491973407443386e-16,0.0
125.3,7.278934873665309,-6.909145625534319e-15,-9.491973407443386e-16,0.0
125.32,7.280902013180467,-6.91101282913098e-15,-9.491973407443386e-16,0.0
125.34,7.283075311337991,-6.913075717962747e-15,-9.491973407443386e-16,0.0
125.36,7.284942770356736,-6.914848305097289e-15,-9.491973407443386e-16,0.0
125.38,7.2866299572158075,-6.916449778377259e-15,-9.491973407443386e-16,0.0
125.4,7.288735017012415,-6.9184478955383075e-15,-9.491973407443386e-16,0.0
125.42,7.291512612045229,-6.9210843813571185e-15,-9.491973407443386e-16,0.0
125.44,7.293461079245612,-6.922933861242249e-15,-9.491973407443386e-16,0.0
125.46,7.295023935369188,-6.924417320118714e-15,-9.491973407443386e-16,0.0
125.48,7.296969990611686,-6.926264510579834e-15,-9.491973407443386e-16,0.0
125.5,7.298535570056071,-6.9277505544251686e-15,-9.491973407443386e-16,0.0
125.52,7.300395551491318,-6.929516043857339e-15,-9.491973407443386e-16,0.0
125.54,7.302311112323671,-6.931334289105442e-15,-9.491973407443386e-16,0.0
125.56,7.3047664121763995,-6.9336648531963814e-15,-9.491973407443386e-16,0.0
125.58,7.307101664237099,-6.935881468242366e-15,-9.491973407443386e-16,0.0
125.6,7.308610376550508,-6.937313533958201e-15,-9.491973407443386e-16,0.0
125.62,7.310739667097396,-6.93933465088298e-15,-9.491973407443386e-16,0.0
125.64,7.312633201089195,-6.941131988312604e-15,-9.491973407443386e-16,0.0
125.66,7.314289512794631,-6.942704154978848e-15,-9.491973407443386e-16,0.0
125.68,7.315871498805044,-6.9442057718930264e-15,-9.491973407443386e-16,0.0
125.7,7.317876069752928,-6.946108505306091e-15,-9.491973407443386e-16,0.0
125.72,7.319742709994879,-6.947880315259877e-15,-9.491973407443386e-16,0.0
125.74,7.321995070516403,-6.950018249877306e-15,-9.491973407443386e-16,0.0
125.76,7.324199247360557,-6.952110448676307e-15,-9.491973407443386e-16,0.0
125.78,7.326254289330015,-6.954061089048835e-15,-9.491973407443386e-16,0.0
125.8,7.327483986960592,-6.955228314769699e-15,-9.491973407443386e-16,0.0
125.82,7.329771040647559,-6.9573991800475075e-15,-9.491973407443386e-16,0.0
125.84,7.3317334044826685,-6.959261850581366e-15,-9.491973407443386e-16,0.0
125.86,7.333795269993403,-6.961218967841127e-15,-9.491973407443386e-16,0.0
125.88,7.33573262711199,-6.963057902066162e-15,-9.491973407443386e-16,0.0
125.9,7.338022277150568,-6.965231231794015e-15,-9.491973407443386e-16,0.0
125.92,7.339326321700465,-6.96646902741299e-15,-9.491973407443386e-16,0.0
125.94,7.340732855047871,-6.967804105126016e-15,-9.491973407443386e-16,0.0
125.96,7.342439974722264,-6.969424498581283e-15,-9.491973407443386e-16,0.0
125.98,7.344382642597856,-6.971268473762745e-15,-9.491973407443386e-16,0.0
126.0,7.347041772914318,-6.973792513187823e-15,-9.491973407443386e-16,0.0
126.02,7.3495761968397675,-6.976198181638178e-15,-9.491973407443386e-16,0.0
126.04,7.3510024556734805,-6.977551982730352e-15,-9.491973407443386e-16,0.0
126.06,7.35284573479812,-6.97930161837371e-15,-9.491973407443386e-16,0.0
126.08,7.354852493765607,-6.981206428649163e-15,-9.491973407443386e-16,0.0
126.1,7.357214992166179,-6.9834489058484985e-15,-9.491973407443386e-16,0.0
126.12,7.359230873005527,-6.985362374580465e-15,-9.491973407443386e-16,0.0
126.14,7.361097222017478,-6.98713390809951e-15,-9.491973407443386e-16,0.0
126.16,7.362630685284323,-6.988589467354528e-15,-9.491973407443386e-16,0.0
126.18,7.363996794976823,-6.989886175041814e-15,-9.491973407443386e-16,0.0
126.2,7.365933764252227,-6.991724741127131e-15,-9.491973407443386e-16,0.0
126.22,7.368280540377071,-6.9939522947841546e-15,-9.491973407443386e-16,0.0
126.24,7.370141073512274,-6.995718307888456e-15,-9.491973407443386e-16,0.0
126.26,7.372870021496686,-6.99830861805829e-15,-9.491973407443386e-16,0.0
126.28,7.3747368303645615,-7.000080588071355e-15,-9.491973407443386e-16,0.0
126.3,7.376549225034394,-7.001800908272339e-15,-9.491973407443386e-16,0.0
126.32,7.378060108525499,-7.003235034864271e-15,-9.491973407443386e-16,0.0
126.34,7.379559088370893,-7.004657862547348e-15,-9.491973407443386e-16,0.0
126.36,7.381615269759106,-7.0066095844531275e-15,-9.491973407443386e-16,0.0
126.38,7.382873755137839,-7.007804135427988e-15,-9.491973407443386e-16,0.0
126.4,7.38495890874051,-7.009783357682686e-15,-9.491973407443386e-16,0.0
126.42,7.3869729256187995,-7.011695057147773e-15,-9.491973407443386e-16,0.0
126.44,7.388903369463862,-7.013527429311963e-15,-9.491973407443386e-16,0.0
126.46,7.3911940897890815,-7.01570177495305e-15,-9.491973407443386e-16,0.0
126.48,7.392842759301043,-7.01726668766957e-15,-9.491973407443386e-16,0.0
126.5,7.395050864712752,-7.019362615454448e-15,-9.491973407443386e-16,0.0
126.52,7.397443309578462,-7.021633517758858e-15,-9.491973407443386e-16,0.0
126.54,7.399023322815229,-7.023133262121538e-15,-9.491973407443386e-16,0.0
126.56,7.401058289154487,-7.025064846759265e-15,-9.491973407443386e-16,0.0
126.58,7.402763233836303,-7.026683175717362e-15,-9.491973407443386e-16,0.0
126.6,7.404985860001516,-7.02879288656285e-15,-9.491973407443386e-16,0.0
126.62,7.406843096327521,-7.0305557703446285e-15,-9.491973407443386e-16,0.0
126.64,7.409283483226426,-7.032872179099457e-15,-9.491973407443386e-16,0.0
126.66,7.41160164641574,-7.0350725734341644e-15,-9.491973407443386e-16,0.0
126.68,7.413902134408934,-7.037256190519719e-15,-9.491973407443386e-16,0.0
126.7,7.415843508850148,-7.039098937976709e-15,-9.491973407443386e-16,0.0
126.72,7.418189247724147,-7.0413255070779886e-15,-9.491973407443386e-16,0.0
126.74,7.4200494179886025,-7.043091175746342e-15,-9.491973407443386e-16,0.0
126.76,7.421476411976844,-7.0444456746452385e-15,-9.491973407443386e-16,0.0
126.78,7.42270774960932,-7.045614457051544e-15,-9.491973407443386e-16,0.0
126.8,7.424351776203618,-7.0471749627229644e-15,-9.491973407443386e-16,0.0
126.82,7.426449030317606,-7.049165670750827e-15,-9.491973407443386e-16,0.0
126.84,7.428317606959616,-7.0509393187304e-15,-9.491973407443386e-16,0.0
126.86,7.43121681232558,-7.053691236754045e-15,-9.491973407443386e-16,0.0
126.88,7.433360617596628,-7.055726131016397e-15,-9.491973407443386e-16,0.0
126.9,7.435559788988809,-7.0578135786536964e-15,-9.491973407443386e-16,0.0
126.92,7.437754288727112,-7.0598965919695585e-15,-9.491973407443386e-16,0.0
126.94,7.440329228502145,-7.062340717956597e-15,-9.491973407443386e-16,0.0
126.96,7.4423322644955405,-7.064241994394942e-15,-9.491973407443386e-16,0.0
126.98,7.4437394797112555,-7.065577719335554e-15,-9.491973407443386e-16,0.0
127.0,7.445889033906045,-7.067618070461034e-15,-9.491973407443386e-16,0.0
127.02,7.448326947341546,-7.069932131410977e-15,-9.491973407443386e-16,0.0
127.04,7.449618991321425,-7.071158536120802e-15,-9.491973407443386e-16,0.0
127.06,7.451507002048643,-7.072950630882375e-15,-9.491973407443386e-16,0.0
127.08,7.453890796416559,-7.0752133221572816e-15,-9.491973407443386e-16,0.0
127.1,7.455463882046764,-7.076706490854235e-15,-9.491973407443386e-16,0.0
127.12,7.457319279056809,-7.078467628762195e-15,-9.491973407443386e-16,0.0
127.14,7.459168994714763,-7.080223373945858e-15,-9.491973407443386e-16,0.0
127.16,7.460589292655654,-7.0815715169744164e-15,-9.491973407443386e-16,0.0
127.18,7.461522578702131,-7.0824573896078864e-15,-9.491973407443386e-16,0.0
127.2,7.463091066436255,-7.083946193994107e-15,-9.491973407443386e-16,0.0
127.22,7.465714704753403,-7.086436544507819e-15,-9.491973407443386e-16,0.0
127.24,7.467951758340752,-7.088559949824033e-15,-9.491973407443386e-16,0.0
127.26,7.469224318147902,-7.089767860208918e-15,-9.491973407443386e-16,0.0
127.28,7.47189345723793,-7.092301399935249e-15,-9.491973407443386e-16,0.0
127.3,7.47372695131242,-7.094041747635025e-15,-9.491973407443386e-16,0.0
127.32,7.475567169595573,-7.095788477935783e-15,-9.491973407443386e-16,0.0
127.34,7.477974649921245,-7.098073651858806e-15,-9.491973407443386e-16,0.0
127.36,7.480149124911586,-7.100137657737152e-15,-9.491973407443386e-16,0.0
127.38,7.481947896415889,-7.1018450468656435e-15,-9.491973407443386e-16,0.0
127.4,7.484333782841874,-7.104109723916508e-15,-9.491973407443386e-16,0.0
127.42,7.485713250646441,-7.105419111088244e-15,-9.491973407443386e-16,0.0
127.44,7.487742351523647,-7.10734512824499e-15,-9.491973407443386e-16,0.0
127.46,7.489720009273084,-7.109222315721657e-15,-9.491973407443386e-16,0.0
127.48,7.491739218503098,-7.111138943753193e-15,-9.491973407443386e-16,0.0
127.5,7.493222084709428,-7.112546476412921e-15,-9.491973407443386e-16,0.0
127.52,7.495283754242073,-7.114503407650802e-15,-9.491973407443386e-16,0.0
127.54,7.4974925248206,-7.116599966810252e-15,-9.491973407443386e-16,0.0
127.56,7.498945976436324,-7.117979579218799e-15,-9.491973407443386e-16,0.0
127.58,7.501193893495754,-7.120113296113824e-15,-9.491973407443386e-16,0.0
127.6,7.503337037545278,-7.122147562746465e-15,-9.491973407443386e-16,0.0
127.62,7.505352048291096,-7.124060205587967e-15,-9.491973407443386e-16,0.0
127.64,7.507158483655315,-7.12577486923191e-15,-9.491973407443386e-16,0.0
127.66,7.508674591001085,-7.127213954292798e-15,-9.491973407443386e-16,0.0
127.68,7.510559908394514,-7.129003492549101e-15,-9.491973407443386e-16,0.0
127.7,7.512584574102878,-7.130925299855376e-15,-9.491973407443386e-16,0.0
127.72,7.514738596349479,-7.132969892043754e-15,-9.491973407443386e-16,0.0
127.74,7.51653938154086,-7.134679192558666e-15,-9.491973407443386e-16,0.0
127.76,7.5186050367298245,-7.136639906970926e-15,-9.491973407443386e-16,0.0
127.78,7.5207476649783285,-7.138673684006611e-15,-9.491973407443386e-16,0.0
127.8,7.523127502248011,-7.140932619214398e-15,-9.491973407443386e-16,0.0
127.82,7.524951256800531,-7.14266372218582e-15,-9.491973407443386e-16,0.0
127.84,7.52708764226648,-7.144691573588905e-15,-9.491973407443386e-16,0.0
127.86,7.5292602266405355,-7.146753784899302e-15,-9.491973407443386e-16,0.0
127.88,7.531326260885591,-7.148714859110596e-15,-9.491973407443386e-16,0.0
127.9,7.533200644963878,-7.15049401949324e-15,-9.491973407443386e-16,0.0
127.92,7.534575208216073,-7.151798751276908e-15,-9.491973407443386e-16,0.0
127.94,7.53626849188507,-7.153406011632646e-15,-9.491973407443386e-16,0.0
127.96,7.539162574715219,-7.156153067358917e-15,-9.491973407443386e-16,0.0
127.98,7.540477396663945,-7.1574010928562e-15,-9.491973407443386e-16,0.0
128.0,7.543574281043298,-7.160340647273676e-15,-9.491973407443386e-16,0.0
128.02,7.545335910428878,-7.162012781201845e-15,-9.491973407443386e-16,0.0
128.04,7.547626708530025,-7.164187200667637e-15,-9.491973407443386e-16,0.0
128.06,7.54971448057268,-7.166168908338605e-15,-9.491973407443386e-16,0.0
128.08,7.552112391784778,-7.168444999284469e-15,-9.491973407443386e-16,0.0
128.1,7.554284437053277,-7.170506698877304e-15,-9.491973407443386e-16,0.0
128.12,7.5567383043192615,-7.172835903160716e-15,-9.491973407443386e-16,0.0
128.14,7.5585456066275425,-7.174551389705657e-15,-9.491973407443386e-16,0.0
128.16,7.560773729582585,-7.176666318089435e-15,-9.491973407443386e-16,0.0
128.18,7.563120531675073,-7.17889389639488e-15,-9.491973407443386e-16,0.0
128.2,7.565651718592353,-7.181296492285687e-15,-9.491973407443386e-16,0.0
128.22,7.567299839066547,-7.182860883857019e-15,-9.491973407443386e-16,0.0
128.24,7.568748781730182,-7.184236216380231e-15,-9.491973407443386e-16,0.0
128.26,7.570328491595889,-7.185735672783907e-15,-9.491973407443386e-16,0.0
128.28,7.57184703412341,-7.187177069312838e-15,-9.491973407443386e-16,0.0
128.3,7.573530608920412,-7.188775114033097e-15,-9.491973407443386e-16,0.0
128.32,7.5760285150099165,-7.191146119850684e-15,-9.491973407443386e-16,0.0
128.34,7.577899932882477,-7.19292246471874e-15,-9.491973407443386e-16,0.0
128.36,7.579615343614374,-7.19455072802374e-15,-9.491973407443386e-16,0.0
128.38,7.58224298235306,-7.197044875726937e-15,-9.491973407443386e-16,0.0
128.4,7.584290144221618,-7.198988036328646e-15,-9.491973407443386e-16,0.0
128.42,7.586585309373046,-7.20116660098695e-15,-9.491973407443386e-16,0.0
128.44,7.588318201486429,-7.20281145757277e-15,-9.491973407443386e-16,0.0
128.46,7.589991173952138,-7.204399438588359e-15,-9.491973407443386e-16,0.0
128.48,7.591945466245597,-7.206254447636346e-15,-9.491973407443386e-16,0.0
128.5,7.594402878583905,-7.20858701689298e-15,-9.491973407443386e-16,0.0
128.52,7.595840069078432,-7.209951194288528e-15,-9.491973407443386e-16,0.0
128.54,7.597932280959634,-7.21193711624244e-15,-9.491973407443386e-16,0.0
128.56,7.600152646160553,-7.214044680986632e-15,-9.491973407443386e-16,0.0
128.58,7.602149839522002,-7.215940411614272e-15,-9.491973407443386e-16,0.0
128.6,7.604059597524614,-7.217753148831816e-15,-9.491973407443386e-16,0.0
128.62,7.605934825016282,-7.219533109780198e-15,-9.491973407443386e-16,0.0
128.64,7.608430400881478,-7.221901903755068e-15,-9.491973407443386e-16,0.0
128.66,7.61066223969347,-7.22402035922038e-15,-9.491973407443386e-16,0.0
128.68,7.611827434202982,-7.22512635875026e-15,-9.491973407443386e-16,0.0
128.7,7.614051508299664,-7.227237443968448e-15,-9.491973407443386e-16,0.0
128.72,7.616216949677612,-7.229292875165934e-15,-9.491973407443386e-16,0.0
128.74,7.617734184679076,-7.230733030594607e-15,-9.491973407443386e-16,0.0
128.76,7.620084823930906,-7.232964251121494e-15,-9.491973407443386e-16,0.0
128.78,7.622018916452569,-7.23480008659981e-15,-9.491973407443386e-16,0.0
128.8,7.623472441559573,-7.236179768766085e-15,-9.491973407443386e-16,0.0
128.82,7.625505965998916,-7.238109984756248e-15,-9.491973407443386e-16,0.0
128.84,7.627289524870402,-7.239802934094123e-15,-9.491973407443386e-16,0.0
128.86,7.6294745448958965,-7.241876949291796e-15,-9.491973407443386e-16,0.0
128.88,7.631791398179087,-7.244076100267095e-15,-9.491973407443386e-16,0.0
128.9,7.634129102054807,-7.246295042569377e-15,-9.491973407443386e-16,0.0
128.92,7.635774662740918,-7.247857004396667e-15,-9.491973407443386e-16,0.0
128.94,7.6375673233111145,-7.249558593042755e-15,-9.491973407443386e-16,0.0
128.96,7.639860807413872,-7.251735562054131e-15,-9.491973407443386e-16,0.0
128.98,7.641752369880901,-7.253531028117687e-15,-9.491973407443386e-16,0.0
129.0,7.643039514913395,-7.254752782759683e-15,-9.491973407443386e-16,0.0
129.02,7.645057200470008,-7.256667964524478e-15,-9.491973407443386e-16,0.0
129.04,7.646970497786225,-7.258484061249084e-15,-9.491973407443386e-16,0.0
129.06,7.648940362816507,-7.260353851897453e-15,-9.491973407443386e-16,0.0
129.08,7.650795530568289,-7.26211477219408e-15,-9.491973407443386e-16,0.0
129.1,7.6528912857864295,-7.264104057473988e-15,-9.491973407443386e-16,0.0
129.12,7.654613242133681,-7.265738533859678e-15,-9.491973407443386e-16,0.0
129.14,7.657095238155159,-7.268094437883003e-15,-9.491973407443386e-16,0.0
129.16,7.658919174626162,-7.269825713530965e-15,-9.491973407443386e-16,0.0
129.18,7.661340101698685,-7.27212365107034e-15,-9.491973407443386e-16,0.0
129.2,7.662489915515365,-7.273215051287484e-15,-9.491973407443386e-16,0.0
129.22,7.664799884825403,-7.275407668013775e-15,-9.491973407443386e-16,0.0
129.24,7.666599540115117,-7.277115896029027e-15,-9.491973407443386e-16,0.0
129.26,7.669171464127858,-7.279557159462518e-15,-9.491973407443386e-16,0.0
129.28,7.671141668953961,-7.281427272644177e-15,-9.491973407443386e-16,0.0
129.3,7.673889417709532,-7.284035428455998e-15,-9.491973407443386e-16,0.0
129.32,7.675792565920083,-7.285841891676496e-15,-9.491973407443386e-16,0.0
129.34,7.6775361635354535,-7.287496909896333e-15,-9.491973407443386e-16,0.0
129.36,7.679657182690995,-7.289510175638441e-15,-9.491973407443386e-16,0.0
129.38,7.681565889720087,-7.291321915274715e-15,-9.491973407443386e-16,0.0
129.4,7.683818889032565,-7.29346045623082e-15,-9.491973407443386e-16,0.0
129.42,7.686109795151959,-7.295634978227241e-15,-9.491973407443386e-16,0.0
129.44,7.6884495971705,-7.297855912081109e-15,-9.491973407443386e-16,0.0
129.46,7.689809495083044,-7.29914672356338e-15,-9.491973407443386e-16,0.0
129.48,7.691627997288425,-7.300872841020865e-15,-9.491973407443386e-16,0.0
129.5,7.693034478565163,-7.302207869308552e-15,-9.491973407443386e-16,0.0
129.52,7.694832554317662,-7.303914598031281e-15,-9.491973407443386e-16,0.0
129.54,7.69702623844598,-7.305996837172313e-15,-9.491973407443386e-16,0.0
129.56,7.699086532232051,-7.307952462555203e-15,-9.491973407443386e-16,0.0
129.58,7.700279203962675,-7.309084543390292e-15,-9.491973407443386e-16,0.0
129.6,7.702744370915763,-7.311424473306654e-15,-9.491973407443386e-16,0.0
129.62,7.704363914505738,-7.312961739775477e-15,-9.491973407443386e-16,0.0
129.64,7.706034934141173,-7.314547867169764e-15,-9.491973407443386e-16,0.0
129.66,7.707477790469108,-7.315917422559316e-15,-9.491973407443386e-16,0.0
129.68,7.710041139001642,-7.318350546169797e-15,-9.491973407443386e-16,0.0
129.7,7.712164598580333,-7.32036612835507e-15,-9.491973407443386e-16,0.0
129.72,7.714327953121562,-7.32241957873269e-15,-9.491973407443386e-16,0.0
129.74,7.716087406708278,-7.324089647398365e-15,-9.491973407443386e-16,0.0
129.76,7.717334211600314,-7.325273111286313e-15,-9.491973407443386e-16,0.0
129.78,7.719497356212983,-7.327326362400304e-15,-9.491973407443386e-16,0.0
129.8,7.721262107270033,-7.329001459410732e-15,-9.491973407443386e-16,0.0
129.82,7.722745730179317,-7.330409710330892e-15,-9.491973407443386e-16,0.0
129.84,7.724270150233756,-7.331856685792743e-15,-9.491973407443386e-16,0.0
129.86,7.726491170836729,-7.333964872642824e-15,-9.491973407443386e-16,0.0
129.88,7.728305248891813,-7.335686790708612e-15,-9.491973407443386e-16,0.0
129.9,7.730180156896066,-7.33746644840039e-15,-9.491973407443386e-16,0.0
129.92,7.732494935881375,-7.339663630457655e-15,-9.491973407443386e-16,0.0
129.94,7.734624663578996,-7.341685162324748e-15,-9.491973407443386e-16,0.0
129.96,7.7369451592375915,-7.343887770633095e-15,-9.491973407443386e-16,0.0
129.98,7.739399954265893,-7.34621785554603e-15,-9.491973407443386e-16,0.0
130.0,7.741433260079232,-7.348147864016972e-15,-9.491973407443386e-16,0.0
130.02,7.743148658876614,-7.349776115993764e-15,-9.491973407443386e-16,0.0
130.04,7.744875368524176,-7.351415104199467e-15,-9.491973407443386e-16,0.0
130.06,7.7466126187303415,-7.353064097475368e-15,-9.491973407443386e-16,0.0
130.08,7.748469042784983,-7.354826210251327e-15,-9.491973407443386e-16,0.0
130.1,7.750867673195562,-7.357102983858477e-15,-9.491973407443386e-16,0.0
130.12,7.753185359851911,-7.359302925869362e-15,-9.491973407443386e-16,0.0
130.14,7.7557085934026455,-7.361697972445797e-15,-9.491973407443386e-16,0.0
130.16,7.757416629739694,-7.363319235994819e-15,-9.491973407443386e-16,0.0
130.18,7.759183769657717,-7.36499660050573e-15,-9.491973407443386e-16,0.0
130.2,7.76218338668047,-7.367843829006978e-15,-9.491973407443386e-16,0.0
130.22,7.764140263639406,-7.369701291412564e-15,-9.491973407443386e-16,0.0
130.24,7.766881905459164,-7.372303650537152e-15,-9.491973407443386e-16,0.0
130.26,7.769079551945497,-7.374389650737875e-15,-9.491973407443386e-16,0.0
130.28,7.770802083972512,-7.376024673557264e-15,-9.491973407443386e-16,0.0
130.3,7.7725808387354425,-7.377713062848074e-15,-9.491973407443386e-16,0.0
130.32,7.7743153960231375,-7.379359500012922e-15,-9.491973407443386e-16,0.0
130.34,7.776252438194535,-7.381198135290923e-15,-9.491973407443386e-16,0.0
130.36,7.7782122149531965,-7.383058350178697e-15,-9.491973407443386e-16,0.0
130.38,7.779152734744179,-7.383951089063214e-15,-9.491973407443386e-16,0.0
130.4,7.78107618293212,-7.385776820968267e-15,-9.491973407443386e-16,0.0
130.42,7.782641312061657,-7.387262437375945e-15,-9.491973407443386e-16,0.0
130.44,7.784919862902874,-7.389425231775178e-15,-9.491973407443386e-16,0.0
130.46,7.787524569821499,-7.391897612655755e-15,-9.491973407443386e-16,0.0
130.48,7.789548924856467,-7.39381912507167e-15,-9.491973407443386e-16,0.0
130.5,7.791061557211667,-7.39525491168075e-15,-9.491973407443386e-16,0.0
130.52,7.793963670324839,-7.398009589730313e-15,-9.491973407443386e-16,0.0
130.54,7.796468827425665,-7.400387478188564e-15,-9.491973407443386e-16,0.0
130.56,7.798921400629865,-7.402715454151971e-15,-9.491973407443386e-16,0.0
130.58,7.801030413164748,-7.404717323241679e-15,-9.491973407443386e-16,0.0
130.6,7.8028945730187225,-7.406486778817794e-15,-9.491973407443386e-16,0.0
130.62,7.804376688452056,-7.40789359884579e-15,-9.491973407443386e-16,0.0
130.64,7.806888552434052,-7.410277853457813e-15,-9.491973407443386e-16,0.0
130.66,7.808995687372309,-7.412277940337795e-15,-9.491973407443386e-16,0.0
130.68,7.811391753259675,-7.414552279706332e-15,-9.491973407443386e-16,0.0
130.7,7.812734278423117,-7.415826601021354e-15,-9.491973407443386e-16,0.0
130.72,7.81416260903484,-7.417182368639705e-15,-9.491973407443386e-16,0.0
130.74,7.816789168088143,-7.41967549150841e-15,-9.491973407443386e-16,0.0
130.76,7.818687103699143,-7.421477006943275e-15,-9.491973407443386e-16,0.0
130.78,7.820827079196872,-7.423508265994978e-15,-9.491973407443386e-16,0.0
130.8,7.82259655672429,-7.42518784935851e-15,-9.491973407443386e-16,0.0
130.82,7.824193893426808,-7.426704037108814e-15,-9.491973407443386e-16,0.0
130.84,7.826081929315466,-7.428496155753558e-15,-9.491973407443386e-16,0.0
130.86,7.827945468432621,-7.430265022127934e-15,-9.491973407443386e-16,0.0
130.88,7.830279390912034,-7.432480375138897e-15,-9.491973407443386e-16,0.0
130.9,7.832078891955898,-7.434188456744399e-15,-9.491973407443386e-16,0.0
130.92,7.834599122956243,-7.436580653307989e-15,-9.491973407443386e-16,0.0
130.94,7.837263404565454,-7.439109582326446e-15,-9.491973407443386e-16,0.0
130.96,7.8392536837248645,-7.440998750011897e-15,-9.491973407443386e-16,0.0
130.98,7.840928074683573,-7.44258807745727e-15,-9.491973407443386e-16,0.0
131.0,7.8432612659265235,-7.444802736380526e-15,-9.491973407443386e-16,0.0
131.02,7.8453812866372115,-7.446815054401434e-15,-9.491973407443386e-16,0.0
131.04,7.8469594942333,-7.448313084854783e-15,-9.491973407443386e-16,0.0
131.06,7.849027219692333,-7.450275764361886e-15,-9.491973407443386e-16,0.0
131.08,7.85085702829664,-7.452012613823165e-15,-9.491973407443386e-16,0.0
131.1,7.852714566758087,-7.4537757843911e-15,-9.491973407443386e-16,0.0
131.12,7.855005298908518,-7.455950141256647e-15,-9.491973407443386e-16,0.0
131.14,7.857582548786752,-7.4583964599875e-15,-9.491973407443386e-16,0.0
131.16,7.8603041662159026,-7.460979812013773e-15,-9.491973407443386e-16,0.0
131.18,7.862946783040162,-7.463488176875966e-15,-9.491973407443386e-16,0.0
131.2,7.865373491466768,-7.465791602061263e-15,-9.491973407443386e-16,0.0
131.22,7.866934656581046,-7.467273455836199e-15,-9.491973407443386e-16,0.0
131.24,7.869236751716273,-7.469458598416696e-15,-9.491973407443386e-16,0.0
131.26,7.871467064356783,-7.471575605244097e-15,-9.491973407443386e-16,0.0
131.28,7.873732528263001,-7.473725977559432e-15,-9.491973407443386e-16,0.0
131.3,7.875451186758729,-7.475357323633225e-15,-9.491973407443386e-16,0.0
131.32,7.877895680067419,-7.477677630181301e-15,-9.491973407443386e-16,0.0
131.34,7.879786300742115,-7.479472202298078e-15,-9.491973407443386e-16,0.0
131.36,7.88162469260548,-7.48121719896603e-15,-9.491973407443386e-16,0.0
131.38,7.883692681825249,-7.483180128834122e-15,-9.491973407443386e-16,0.0
131.4,7.885601780331091,-7.484992240059086e-15,-9.491973407443386e-16,0.0
131.42,7.887375456526274,-7.486675808786896e-15,-9.491973407443386e-16,0.0
131.44,7.889597342887565,-7.48878481741247e-15,-9.491973407443386e-16,0.0
131.46,7.891980231621624,-7.491046649062129e-15,-9.491973407443386e-16,0.0
131.48,7.893940515446507,-7.492907345255813e-15,-9.491973407443386e-16,0.0
131.5,7.896152854958128,-7.495007292037067e-15,-9.491973407443386e-16,0.0
131.52,7.898345554489606,-7.497088596601398e-15,-9.491973407443386e-16,0.0
131.54,7.900250648808806,-7.498896907063048e-15,-9.491973407443386e-16,0.0
131.56,7.901481849876363,-7.500065559842294e-15,-9.491973407443386e-16,0.0
131.58,7.903691178047137,-7.502162648266825e-15,-9.491973407443386e-16,0.0
131.6,7.905434525296394,-7.503817428839813e-15,-9.491973407443386e-16,0.0
131.62,7.907677975371036,-7.505946905684756e-15,-9.491973407443386e-16,0.0
131.64,7.909335848403326,-7.507520554358298e-15,-9.491973407443386e-16,0.0
131.66,7.91152646667631,-7.5095998833976e-15,-9.491973407443386e-16,0.0
131.68,7.912945367838866,-7.510946700607877e-15,-9.491973407443386e-16,0.0
131.7,7.914595074326176,-7.51251259761864e-15,-9.491973407443386e-16,0.0
131.72,7.916614772748325,-7.51442968999005e-15,-9.491973407443386e-16,0.0
131.74,7.918347078462522,-7.516073989967321e-15,-9.491973407443386e-16,0.0
131.76,7.9203882889699475,-7.51801150155287e-15,-9.491973407443386e-16,0.0
131.78,7.922349790949955,-7.519873354016157e-15,-9.491973407443386e-16,0.0
131.8,7.924381741951568,-7.521802076503412e-15,-9.491973407443386e-16,0.0
131.82,7.926221368963316,-7.523548245570924e-15,-9.491973407443386e-16,0.0
131.84,7.927631400593111,-7.524886643844292e-15,-9.491973407443386e-16,0.0
131.86,7.929581099134789,-7.526737292515306e-15,-9.491973407443386e-16,0.0
131.88,7.931520993544171,-7.528578635130017e-15,-9.491973407443386e-16,0.0
131.9,7.933752855360321,-7.530697112430815e-15,-9.491973407443386e-16,0.0
131.92,7.9352825103934475,-7.532149056920514e-15,-9.491973407443386e-16,0.0
131.94,7.937117168838362,-7.533890509837601e-15,-9.491973407443386e-16,0.0
131.96,7.939257912655292,-7.535922498175847e-15,-9.491973407443386e-16,0.0
131.98,7.941409309254529,-7.537964598106728e-15,-9.491973407443386e-16,0.0
132.0,7.943513841953961,-7.53996221494854e-15,-9.491973407443386e-16,0.0
132.02,7.945418570937499,-7.541770178634553e-15,-9.491973407443386e-16,0.0
132.04,7.946830970137793,-7.54311082419954e-15,-9.491973407443386e-16,0.0
132.06,7.948217911287894,-7.544427305050985e-15,-9.491973407443386e-16,0.0
132.08,7.950285899989523,-7.546390234427261e-15,-9.491973407443386e-16,0.0
132.1,7.952735113992839,-7.548715021846122e-15,-9.491973407443386e-16,0.0
132.12,7.954453919872142,-7.550346507816013e-15,-9.491973407443386e-16,0.0
132.14,7.95659689679638,-7.552380615813774e-15,-9.491973407443386e-16,0.0
132.16,7.958136194916749,-7.553841713496242e-15,-9.491973407443386e-16,0.0
132.18,7.959825982387031,-7.555445655269456e-15,-9.491973407443386e-16,0.0
132.2,7.962102779379874,-7.557606784920479e-15,-9.491973407443386e-16,0.0
132.22,7.963490201318089,-7.558923722134722e-15,-9.491973407443386e-16,0.0
132.24,7.965652318930529,-7.560975998422826e-15,-9.491973407443386e-16,0.0
132.26,7.96773948569507,-7.562957131565418e-15,-9.491973407443386e-16,0.0
132.28,7.970094673783959,-7.565192669836343e-15,-9.491973407443386e-16,0.0
132.3,7.972514042468358,-7.567489128157856e-15,-9.491973407443386e-16,0.0
132.32,7.974223248889787,-7.56911150234786e-15,-9.491973407443386e-16,0.0
132.34,7.976050896634629,-7.57084630072708e-15,-9.491973407443386e-16,0.0
132.36,7.978190413421561,-7.572877124371715e-15,-9.491973407443386e-16,0.0
132.38,7.980447745583104,-7.575019778056628e-15,-9.491973407443386e-16,0.0
132.4,7.982242232152992,-7.576723099936767e-15,-9.491973407443386e-16,0.0
132.42,7.984021097326637,-7.578411594029134e-15,-9.491973407443386e-16,0.0
132.44,7.986279630263581,-7.580555387486865e-15,-9.491973407443386e-16,0.0
132.46,7.988697305134395,-7.582850238045026e-15,-9.491973407443386e-16,0.0
132.48,7.990537079652211,-7.584596547124907e-15,-9.491973407443386e-16,0.0
132.5,7.992686122698588,-7.586636413069673e-15,-9.491973407443386e-16,0.0
132.52,7.994766260052185,-7.588610873914091e-15,-9.491973407443386e-16,0.0
132.54,7.9965579366245665,-7.59031152855207e-15,-9.491973407443386e-16,0.0
132.56,7.998015515266529,-7.591695058322945e-15,-9.491973407443386e-16,0.0
132.58,7.999736796836877,-7.593328894212192e-15,-9.491973407443386e-16,0.0
132.6,8.001287285650216,-7.594800614070667e-15,-9.491973407443386e-16,0.0
132.62,8.003565671894512,-7.596963252234942e-15,-9.491973407443386e-16,0.0
132.64,8.005015123851239,-7.598339068177804e-15,-9.491973407443386e-16,0.0
132.66,8.006508450247559,-7.599756529622054e-15,-9.491973407443386e-16,0.0
132.68,8.008583151866032,-7.601725830881147e-15,-9.491973407443386e-16,0.0
132.7,8.010325484690837,-7.603379648565143e-15,-9.491973407443386e-16,0.0
132.72,8.012509031446731,-7.60545226533923e-15,-9.491973407443386e-16,0.0
132.74,8.013796768474,-7.606674581901091e-15,-9.491973407443386e-16,0.0
132.76,8.01565452708081,-7.608437961430422e-15,-9.491973407443386e-16,0.0
132.78,8.017667094633467,-7.610348285199471e-15,-9.491973407443386e-16,0.0
132.8,8.019940913439271,-7.612506587963275e-15,-9.491973407443386e-16,0.0
132.82,8.022049470435547,-7.614508024656948e-15,-9.491973407443386e-16,0.0
132.84,8.024514123707673,-7.616847466988708e-15,-9.491973407443386e-16,0.0
132.86,8.026903598583878,-7.619115550186977e-15,-9.491973407443386e-16,0.0
132.88,8.029121280545773,-7.621220568007824e-15,-9.491973407443386e-16,0.0
132.9,8.031532824990705,-7.623509599582042e-15,-9.491973407443386e-16,0.0
132.92,8.033492797189513,-7.625369999981083e-15,-9.491973407443386e-16,0.0
132.94,8.03519084691585,-7.626981784265772e-15,-9.491973407443386e-16,0.0
132.96,8.036840079883708,-7.628547231813131e-15,-9.491973407443386e-16,0.0
132.98,8.038566229043287,-7.630185688005131e-15,-9.491973407443386e-16,0.0
133.0,8.0404260766404,-7.631951050398501e-15,-9.491973407443386e-16,0.0
133.02,8.042186563050487,-7.633622099417372e-15,-9.491973407443386e-16,0.0
133.04,8.045225139839498,-7.636506308425149e-15,-9.491973407443386e-16,0.0
133.06,8.047379881838623,-7.638551583800707e-15,-9.491973407443386e-16,0.0
133.08,8.048648127219778,-7.63975539894391e-15,-9.491973407443386e-16,0.0
133.1,8.049993227974534,-7.641032165003358e-15,-9.491973407443386e-16,0.0
133.12,8.051707687900741,-7.642659525806127e-15,-9.491973407443386e-16,0.0
133.14,8.052965108454119,-7.64385306605159e-15,-9.491973407443386e-16,0.0
133.16,8.054640009489395,-7.645442877660285e-15,-9.491973407443386e-16,0.0
133.18,8.056295926750257,-7.647014669920788e-15,-9.491973407443386e-16,0.0
133.2,8.05798653363756,-7.64861938948246e-15,-9.491973407443386e-16,0.0
133.22,8.060223347186563,-7.650742566954913e-15,-9.491973407443386e-16,0.0
133.24,8.061781201749538,-7.652221278363355e-15,-9.491973407443386e-16,0.0
133.26,8.063384246366335,-7.653742884050713e-15,-9.491973407443386e-16,0.0
133.28,8.065572983723367,-7.655820427729596e-15,-9.491973407443386e-16,0.0
133.3,8.066930077136485,-7.657108577188469e-15,-9.491973407443386e-16,0.0
133.32,8.069194634452534,-7.659258088970827e-15,-9.491973407443386e-16,0.0
133.34,8.071142700117296,-7.661107187719413e-15,-9.491973407443386e-16,0.0
133.36,8.07354994057324,-7.663392133958727e-15,-9.491973407443386e-16,0.0
133.38,8.074837036919913,-7.66461384238827e-15,-9.491973407443386e-16,0.0
133.4,8.077236838864588,-7.666891728012468e-15,-9.491973407443386e-16,0.0
133.42,8.079400586527884,-7.66894555154051e-15,-9.491973407443386e-16,0.0
133.44,8.081988225793259,-7.67140173185001e-15,-9.491973407443386e-16,0.0
133.46,8.083806155680687,-7.673127306064817e-15,-9.491973407443386e-16,0.0
133.48,8.085115443142678,-7.67437007824201e-15,-9.491973407443386e-16,0.0
133.5,8.086627883808696,-7.675805682900228e-15,-9.491973407443386e-16,0.0
133.52,8.088423375072855,-7.677509958433498e-15,-9.491973407443386e-16,0.0
133.54,8.090262061559908,-7.679255234757472e-15,-9.491973407443386e-16,0.0
133.56,8.092143300629532,-7.681040901879664e-15,-9.491973407443386e-16,0.0
133.58,8.093810647528784,-7.682623543122532e-15,-9.491973407443386e-16,0.0
133.6,8.095844826689861,-7.684554380572824e-15,-9.491973407443386e-16,0.0
133.62,8.09799084325628,-7.686591373790863e-15,-9.491973407443386e-16,0.0
133.64,8.100257839055322,-7.688743200174793e-15,-9.491973407443386e-16,0.0
133.66,8.102891753109274,-7.691243304390554e-15,-9.491973407443386e-16,0.0
133.68,8.103924492987085,-7.692223578336252e-15,-9.491973407443386e-16,0.0
133.7,8.10625856744398,-7.694439075603835e-15,-9.491973407443386e-16,0.0
133.72,8.10803913534962,-7.696129185924883e-15,-9.491973407443386e-16,0.0
133.74,8.109334853631998,-7.69735907827287e-15,-9.491973407443386e-16,0.0
133.76,8.111093978933797,-7.699028835331374e-15,-9.491973407443386e-16,0.0
133.78,8.113789603299033,-7.701587514810502e-15,-9.491973407443386e-16,0.0
133.8,8.115088700094775,-7.70282061403439e-15,-9.491973407443386e-16,0.0
133.82,8.117881337276772,-7.705471377821206e-15,-9.491973407443386e-16,0.0
133.84,8.119944601382564,-7.707429822623677e-15,-9.491973407443386e-16,0.0
133.86,8.121561483964946,-7.70896456327117e-15,-9.491973407443386e-16,0.0
133.88,8.123430206842079,-7.71073835005673e-15,-9.491973407443386e-16,0.0
133.9,8.125175240633672,-7.712394731491219e-15,-9.491973407443386e-16,0.0
133.92,8.126869243412516,-7.714002674424112e-15,-9.491973407443386e-16,0.0
133.94,8.128754202926682,-7.715791872982369e-15,-9.491973407443386e-16,0.0
133.96,8.130445132393007,-7.71739689873519e-15,-9.491973407443386e-16,0.0
133.98,8.131701170209752,-7.718589126490718e-15,-9.491973407443386e-16,0.0
134.0,8.133560109770341,-7.720353626978234e-15,-9.491973407443386e-16,0.0
134.02,8.135647402217526,-7.722334879418457e-15,-9.491973407443386e-16,0.0
134.04,8.136883122362875,-7.723507821694325e-15,-9.491973407443386e-16,0.0
134.06,8.138414152358218,-7.724961071294506e-15,-9.491973407443386e-16,0.0
134.08,8.140337827642226,-7.726787018758541e-15,-9.491973407443386e-16,0.0
134.1,8.142281166884684,-7.728631631199647e-15,-9.491973407443386e-16,0.0
134.12,8.143846843727697,-7.730117767495499e-15,-9.491973407443386e-16,0.0
134.14,8.146540983146192,-7.732675037467129e-15,-9.491973407443386e-16,0.0
134.16,8.148448205491329,-7.734485367845341e-15,-9.491973407443386e-16,0.0
134.18,8.150086994530119,-7.736040902043e-15,-9.491973407443386e-16,0.0
134.2,8.151634265110054,-7.737509567162886e-15,-9.491973407443386e-16,0.0
134.22,8.153835249302453,-7.739598735505331e-15,-9.491973407443386e-16,0.0
134.24,8.155930027930586,-7.741587093808603e-15,-9.491973407443386e-16,0.0
134.26,8.157421307839991,-7.743002612732916e-15,-9.491973407443386e-16,0.0
134.28,8.160015443256873,-7.745464959172151e-15,-9.491973407443386e-16,0.0
134.3,8.162119129417338,-7.747461772481426e-15,-9.491973407443386e-16,0.0
134.32,8.164099312147059,-7.749341356662664e-15,-9.491973407443386e-16,0.0
134.34,8.166248134254923,-7.751381012893181e-15,-9.491973407443386e-16,0.0
134.36,8.167764909316462,-7.752820731748102e-15,-9.491973407443386e-16,0.0
134.38,8.16989353427747,-7.754841216900532e-15,-9.491973407443386e-16,0.0
134.4,8.172732245788202,-7.757535714317658e-15,-9.491973407443386e-16,0.0
134.42,8.17418110759985,-7.75891097009638e-15,-9.491973407443386e-16,0.0
134.44,8.176271319055106,-7.760894993251303e-15,-9.491973407443386e-16,0.0
134.46,8.178166293442047,-7.762693697900165e-15,-9.491973407443386e-16,0.0
134.48,8.18074895062033,-7.765145149225846e-15,-9.491973407443386e-16,0.0
134.5,8.182929600089007,-7.76721501590261e-15,-9.491973407443386e-16,0.0
134.52,8.185118283838323,-7.769292508697189e-15,-9.491973407443386e-16,0.0
134.54,8.187380093451173,-7.771439412366978e-15,-9.491973407443386e-16,0.0
134.56,8.18970843158376,-7.773649464730784e-15,-9.491973407443386e-16,0.0
134.58,8.191097290475666,-7.77496776589765e-15,-9.491973407443386e-16,0.0
134.6,8.193357078899547,-7.777112751060243e-15,-9.491973407443386e-16,0.0
134.62,8.196019984303275,-7.779640373788116e-15,-9.491973407443386e-16,0.0
134.64,8.19767804811552,-7.781214203549484e-15,-9.491973407443386e-16,0.0
134.66,8.199898325520325,-7.783321684957839e-15,-9.491973407443386e-16,0.0
134.68,8.202074084549453,-7.785386909642387e-15,-9.491973407443386e-16,0.0
134.7,8.203914605698849,-7.787133927422977e-15,-9.491973407443386e-16,0.0
134.72,8.206111893540832,-7.789219587199437e-15,-9.491973407443386e-16,0.0
134.74,8.208324542059675,-7.791319827289524e-15,-9.491973407443386e-16,0.0
134.76,8.209527951809717,-7.792462100624089e-15,-9.491973407443386e-16,0.0
134.78,8.211460935733573,-7.794296883824314e-15,-9.491973407443386e-16,0.0
134.8,8.213590023737067,-7.796317808495441e-15,-9.491973407443386e-16,0.0
134.82,8.2153528920156,-7.797991118377508e-15,-9.491973407443386e-16,0.0
134.84,8.217317746449163,-7.799856152980797e-15,-9.491973407443386e-16,0.0
134.86,8.219439870863157,-7.80187046783129e-15,-9.491973407443386e-16,0.0
134.88,8.220266813699768,-7.802655399772749e-15,-9.491973407443386e-16,0.0
134.9,8.222321107061417,-7.804605329568734e-15,-9.491973407443386e-16,0.0
134.92,8.224531731569595,-7.806703648473282e-15,-9.491973407443386e-16,0.0
134.94,8.226184506838075,-7.808272458362972e-15,-9.491973407443386e-16,0.0
134.96,8.229178982468355,-7.811114806668158e-15,-9.491973407443386e-16,0.0
134.98,8.231250907370194,-7.813081472275205e-15,-9.491973407443386e-16,0.0
135.0,8.233192901333242,-7.814924807780671e-15,-9.491973407443386e-16,0.0
135.02,8.235172345157435,-7.816803690594749e-15,-9.491973407443386e-16,0.0
135.04,8.23722569302539,-7.818752722930635e-15,-9.491973407443386e-16,0.0
135.06,8.238837923327775,-7.820283047646327e-15,-9.491973407443386e-16,0.0
135.08,8.241035431838355,-7.822368916880832e-15,-9.491973407443386e-16,0.0
135.1,8.242231010640916,-7.823503757100873e-15,-9.491973407443386e-16,0.0
135.12,8.244318136924555,-7.825484851819102e-15,-9.491973407443386e-16,0.0
135.14,8.246262173757486,-7.82733012641123e-15,-9.491973407443386e-16,0.0
135.16,8.248756263646642,-7.829697509901595e-15,-9.491973407443386e-16,0.0
135.18,8.250625778812884,-7.831472048725873e-15,-9.491973407443386e-16,0.0
135.2,8.251857056679498,-7.83264077440258e-15,-9.491973407443386e-16,0.0
135.22,8.253985336874528,-7.83466093230406e-15,-9.491973407443386e-16,0.0
135.24,8.256272172761728,-7.836831590846909e-15,-9.491973407443386e-16,0.0
135.26,8.258551094742273,-7.838994737530607e-15,-9.491973407443386e-16,0.0
135.28,8.25995604348524,-7.840328311141312e-15,-9.491973407443386e-16,0.0
135.3,8.262050041857542,-7.842315928827824e-15,-9.491973407443386e-16,0.0
135.32,8.263829878974589,-7.844005345486284e-15,-9.491973407443386e-16,0.0
135.34,8.265264949969518,-7.845367511058451e-15,-9.491973407443386e-16,0.0
135.36,8.26710407163704,-7.847113200454569e-15,-9.491973407443386e-16,0.0
135.38,8.268564908952353,-7.848499823349525e-15,-9.491973407443386e-16,0.0
135.4,8.270706567145364,-7.850532679611115e-15,-9.491973407443386e-16,0.0
135.42,8.27316319173976,-7.852864501143322e-15,-9.491973407443386e-16,0.0
135.44,8.275497773604592,-7.85508048004117e-15,-9.491973407443386e-16,0.0
135.46,8.277606965246564,-7.85708251913885e-15,-9.491973407443386e-16,0.0
135.48,8.279777220232802,-7.859142519400523e-15,-9.491973407443386e-16,0.0
135.5,8.281892894223896,-7.861150711526752e-15,-9.491973407443386e-16,0.0
135.52,8.284166808423695,-7.863309104838282e-15,-9.491973407443386e-16,0.0
135.54,8.286952404919605,-7.865953185624586e-15,-9.491973407443386e-16,0.0
135.56,8.288974225598272,-7.86787229243624e-15,-9.491973407443386e-16,0.0
135.58,8.290705071504801,-7.869515206767954e-15,-9.491973407443386e-16,0.0
135.6,8.29322360426352,-7.871905791365108e-15,-9.491973407443386e-16,0.0
135.62,8.295015200411928,-7.873606369664865e-15,-9.491973407443386e-16,0.0
135.64,8.297155224700843,-7.875637675029031e-15,-9.491973407443386e-16,0.0
135.66,8.299677055698401,-7.87803139030572e-15,-9.491973407443386e-16,0.0
135.68,8.302131552399873,-7.880361192047621e-15,-9.491973407443386e-16,0.0
135.7,8.304255449724089,-7.88237718973978e-15,-9.491973407443386e-16,0.0
135.72,8.306073743375478,-7.884103109238372e-15,-9.491973407443386e-16,0.0
135.74,8.3088600065187,-7.886747822804532e-15,-9.491973407443386e-16,0.0
135.76,8.310463065055071,-7.888269441704314e-15,-9.491973407443386e-16,0.0
135.78,8.312666601171538,-7.890361032326298e-15,-9.491973407443386e-16,0.0
135.8,8.314753836498332,-7.892342230547999e-15,-9.491973407443386e-16,0.0
135.82,8.317193560799584,-7.894658010366898e-15,-9.491973407443386e-16,0.0
135.84,8.319334566611701,-7.896690247390279e-15,-9.491973407443386e-16,0.0
135.86,8.32094203404627,-7.898216051204506e-15,-9.491973407443386e-16,0.0
135.88,8.322979447346214,-7.90014995849081e-15,-9.491973407443386e-16,0.0
135.9,8.324541500449046,-7.90163265514212e-15,-9.491973407443386e-16,0.0
135.92,8.326499243296226,-7.903490939446525e-15,-9.491973407443386e-16,0.0
135.94,8.328341776955295,-7.905239867495946e-15,-9.491973407443386e-16,0.0
135.96,8.330861973250768,-7.907632031117762e-15,-9.491973407443386e-16,0.0
135.98,8.333401884254057,-7.910042907887812e-15,-9.491973407443386e-16,0.0
136.0,8.336216583158912,-7.912714612603296e-15,-9.491973407443386e-16,0.0
136.02,8.337834138163633,-7.914249991512285e-15,-9.491973407443386e-16,0.0
136.04,8.3390547558188,-7.915408598544636e-15,-9.491973407443386e-16,0.0
136.06,8.341341532573038,-7.917579200958635e-15,-9.491973407443386e-16,0.0
136.08,8.34317624879208,-7.91932070871477e-15,-9.491973407443386e-16,0.0
136.1,8.345545162555458,-7.921569275359422e-15,-9.491973407443386e-16,0.0
136.12,8.34747440047106,-7.923400502858576e-15,-9.491973407443386e-16,0.0
136.14,8.349539324467495,-7.92536052322483e-15,-9.491973407443386e-16,0.0
136.16,8.351648322898612,-7.92736237892728e-15,-9.491973407443386e-16,0.0
136.18,8.35379335614324,-7.92939843877889e-15,-9.491973407443386e-16,0.0
136.2,8.355163915751643,-7.930699370314517e-15,-9.491973407443386e-16,0.0
136.22,8.356564523764323,-7.932028823715577e-15,-9.491973407443386e-16,0.0
136.24,8.358286549863925,-7.933663366310012e-15,-9.491973407443386e-16,0.0
136.26,8.360701964187585,-7.935956071162828e-15,-9.491973407443386e-16,0.0
136.28,8.362510765050754,-7.937672980132083e-15,-9.491973407443386e-16,0.0
136.3,8.36343591307103,-7.938551128172723e-15,-9.491973407443386e-16,0.0
136.32,8.365427824626472,-7.940441845324147e-15,-9.491973407443386e-16,0.0
136.34,8.367640426981039,-7.942542041595225e-15,-9.491973407443386e-16,0.0
136.36,8.369590448016194,-7.944392996376189e-15,-9.491973407443386e-16,0.0
136.38,8.371337438358585,-7.946051234963493e-15,-9.491973407443386e-16,0.0
136.4,8.372926125658271,-7.94755921272363e-15,-9.491973407443386e-16,0.0
136.42,8.375142612809254,-7.949663096433136e-15,-9.491973407443386e-16,0.0
136.44,8.37726489318421,-7.951677559321358e-15,-9.491973407443386e-16,0.0
136.46,8.379025598702254,-7.95334881631692e-15,-9.491973407443386e-16,0.0
136.48,8.38115290449274,-7.9553680493162e-15,-9.491973407443386e-16,0.0
136.5,8.383201780236543,-7.957312836723734e-15,-9.491973407443386e-16,0.0
136.52,8.384569003940342,-7.958610601827583e-15,-9.491973407443386e-16,0.0
136.54,8.386417820918009,-7.960365493986307e-15,-9.491973407443386e-16,0.0
136.56,8.388676394359495,-7.96250932589084e-15,-9.491973407443386e-16,0.0
136.58,8.390492879559272,-7.96423352881197e-15,-9.491973407443386e-16,0.0
136.6,8.39284101506437,-7.966462372789116e-15,-9.491973407443386e-16,0.0
136.62,8.394628952873655,-7.968159478603107e-15,-9.491973407443386e-16,0.0
136.64,8.396763766442684,-7.970185837965814e-15,-9.491973407443386e-16,0.0
136.66,8.397793514734259,-7.971163272305814e-15,-9.491973407443386e-16,0.0
136.68,8.400201959317366,-7.973449361499428e-15,-9.491973407443386e-16,0.0
136.7,8.401352364966561,-7.97454132348242e-15,-9.491973407443386e-16,0.0
136.72,8.403033590464574,-7.976137138254326e-15,-9.491973407443386e-16,0.0
136.74,8.40410698208245,-7.97715599872359e-15,-9.491973407443386e-16,0.0
136.76,8.406526883924807,-7.979452963117219e-15,-9.491973407443386e-16,0.0
136.78,8.408830978917283,-7.981640003956899e-15,-9.491973407443386e-16,0.0
136.8,8.41110298992184,-7.983796590760567e-15,-9.491973407443386e-16,0.0
136.82,8.413590065570814,-7.986157316352803e-15,-9.491973407443386e-16,0.0
136.84,8.416341982167848,-7.988769428268659e-15,-9.491973407443386e-16,0.0
136.86,8.418560431236079,-7.9908751742248e-15,-9.491973407443386e-16,0.0
136.88,8.420368749121565,-7.992591624752923e-15,-9.491973407443386e-16,0.0
136.9,8.422414367680506,-7.994533320449247e-15,-9.491973407443386e-16,0.0
136.92,8.424370228268918,-7.996389818118635e-15,-9.491973407443386e-16,0.0
136.94,8.427138613810422,-7.999017562312786e-15,-9.491973407443386e-16,0.0
136.96,8.428681108128993,-8.000481693818086e-15,-9.491973407443386e-16,0.0
136.98,8.430700388529539,-8.002398389404501e-15,-9.491973407443386e-16,0.0
137.0,8.433404591878022,-8.004965212031713e-15,-9.491973407443386e-16,0.0
137.02,8.435261737423229,-8.006728009644597e-15,-9.491973407443386e-16,0.0
137.04,8.437531623045338,-8.008882579040896e-15,-9.491973407443386e-16,0.0
137.06,8.439498520340342,-8.010749552722832e-15,-9.491973407443386e-16,0.0
137.08,8.44155861495346,-8.012704989051285e-15,-9.491973407443386e-16,0.0
137.1,8.443993662783322,-8.015016329975976e-15,-9.491973407443386e-16,0.0
137.12,8.445940003916098,-8.016863791803388e-15,-9.491973407443386e-16,0.0
137.14,8.44794029830785,-8.018762465920746e-15,-9.491973407443386e-16,0.0
137.16,8.449717526998274,-8.02044940666759e-15,-9.491973407443386e-16,0.0
137.18,8.452140829512555,-8.022749598969964e-15,-9.491973407443386e-16,0.0
137.2,8.454192597376258,-8.024697131570015e-15,-9.491973407443386e-16,0.0
137.22,8.45573273738164,-8.026159028367497e-15,-9.491973407443386e-16,0.0
137.24,8.457714753069178,-8.028040352387422e-15,-9.491973407443386e-16,0.0
137.26,8.459924202156941,-8.030137555586038e-15,-9.491973407443386e-16,0.0
137.28,8.462339714621763,-8.032430353594182e-15,-9.491973407443386e-16,0.0
137.3,8.464669901000713,-8.034642160308519e-15,-9.491973407443386e-16,0.0
137.32,8.466990086178148,-8.036844473908974e-15,-9.491973407443386e-16,0.0
137.34,8.469151759825944,-8.03889632878702e-15,-9.491973407443386e-16,0.0
137.36,8.47175460809765,-8.041366945444883e-15,-9.491973407443386e-16,0.0
137.38,8.473072292319955,-8.042617687804637e-15,-9.491973407443386e-16,0.0
137.4,8.47474385842385,-8.044204333905332e-15,-9.491973407443386e-16,0.0
137.42,8.476490493023173,-8.04586223482226e-15,-9.491973407443386e-16,0.0
137.44,8.478195602401474,-8.047480720109822e-15,-9.491973407443386e-16,0.0
137.46,8.480646627645546,-8.049807226753594e-15,-9.491973407443386e-16,0.0
137.48,8.48296527787964,-8.052008083389911e-15,-9.491973407443386e-16,0.0
137.5,8.48491102175866,-8.053854978305648e-15,-9.491973407443386e-16,0.0
137.52,8.486840603527467,-8.055686532189349e-15,-9.491973407443386e-16,0.0
137.54,8.489311406857205,-8.058031812139438e-15,-9.491973407443386e-16,0.0
137.56,8.491781029757716,-8.060375971629245e-15,-9.491973407443386e-16,0.0
137.58,8.493382409969774,-8.061895997468052e-15,-9.491973407443386e-16,0.0
137.6,8.49491465368337,-8.06335039912637e-15,-9.491973407443386e-16,0.0
137.62,8.497106044555125,-8.065430461514371e-15,-9.491973407443386e-16,0.0
137.64,8.49878739272291,-8.067026392724099e-15,-9.491973407443386e-16,0.0
137.66,8.500939836013965,-8.06906948617207e-15,-9.491973407443386e-16,0.0
137.68,8.50285021591971,-8.070882813698414e-15,-9.491973407443386e-16,0.0
137.7,8.504800291650886,-8.072733820396697e-15,-9.491973407443386e-16,0.0
137.72,8.506419649167505,-8.074270910245184e-15,-9.491973407443386e-16,0.0
137.74,8.50821203202339,-8.075972235285587e-15,-9.491973407443386e-16,0.0
137.76,8.510269649627311,-8.077925320443498e-15,-9.491973407443386e-16,0.0
137.78,8.512970962077691,-8.080489399037918e-15,-9.491973407443386e-16,0.0
137.8,8.514647755889156,-8.082081007264736e-15,-9.491973407443386e-16,0.0
137.82,8.51644360545894,-8.083785622900754e-15,-9.491973407443386e-16,0.0
137.84,8.518611512086647,-8.085843394106755e-15,-9.491973407443386e-16,0.0
137.86,8.52142192622736,-8.088511031735511e-15,-9.491973407443386e-16,0.0
137.88,8.523637005414557,-8.090613579009536e-15,-9.491973407443386e-16,0.0
137.9,8.525961227268443,-8.092819724212546e-15,-9.491973407443386e-16,0.0
137.92,8.527757824337115,-8.094525049372519e-15,-9.491973407443386e-16,0.0
137.94,8.529732159038465,-8.096399082620779e-15,-9.491973407443386e-16,0.0
137.96,8.531732478879452,-8.09829778089448e-15,-9.491973407443386e-16,0.0
137.98,8.53310676178009,-8.099602246569196e-15,-9.491973407443386e-16,0.0
138.0,8.535142388866927,-8.101534458386768e-15,-9.491973407443386e-16,0.0
138.02,8.536632987299804,-8.102949330455374e-15,-9.491973407443386e-16,0.0
138.04,8.538254681529152,-8.10448863830537e-15,-9.491973407443386e-16,0.0
138.06,8.540460845300903,-8.106582723090763e-15,-9.491973407443386e-16,0.0
138.08,8.542230766637395,-8.108262727716688e-15,-9.491973407443386e-16,0.0
138.1,8.544656981813134,-8.110565684709573e-15,-9.491973407443386e-16,0.0
138.12,8.547079443236383,-8.112865078650577e-15,-9.491973407443386e-16,0.0
138.14,8.549465503777697,-8.115129920971248e-15,-9.491973407443386e-16,0.0
138.16,8.551487761304607,-8.117049442438092e-15,-9.491973407443386e-16,0.0
138.18,8.552994005949099,-8.118479165849155e-15,-9.491973407443386e-16,0.0
138.2,8.555367411285998,-8.120731995883446e-15,-9.491973407443386e-16,0.0
138.22,8.557262605982384,-8.122530909649449e-15,-9.491973407443386e-16,0.0
138.24,8.559261526779284,-8.124428279954226e-15,-9.491973407443386e-16,0.0
138.26,8.561114747580705,-8.126187352210747e-15,-9.491973407443386e-16,0.0
138.28,8.563208725647076,-8.128174950622924e-15,-9.491973407443386e-16,0.0
138.3,8.565271421500354,-8.130132856041618e-15,-9.491973407443386e-16,0.0
138.32,8.567181989495852,-8.131946362102257e-15,-9.491973407443386e-16,0.0
138.34,8.56908964267878,-8.133757101430555e-15,-9.491973407443386e-16,0.0
138.36,8.571258377809555,-8.135815659049465e-15,-9.491973407443386e-16,0.0
138.38,8.572962962008312,-8.137433645838e-15,-9.491973407443386e-16,0.0
138.4,8.575594378947715,-8.13993137979927e-15,-9.491973407443386e-16,0.0
138.42,8.577717067480188,-8.141946230109523e-15,-9.491973407443386e-16,0.0
138.44,8.579949665490796,-8.144065406204142e-15,-9.491973407443386e-16,0.0
138.46,8.58248175780803,-8.146468861498178e-15,-9.491973407443386e-16,0.0
138.48,8.58479408628093,-8.148663717535582e-15,-9.491973407443386e-16,0.0
138.5,8.586600448111119,-8.15037831138122e-15,-9.491973407443386e-16,0.0
138.52,8.588393605867534,-8.152080371955144e-15,-9.491973407443386e-16,0.0
138.54,8.590377303922208,-8.153963292873481e-15,-9.491973407443386e-16,0.0
138.56,8.592022682076136,-8.155525081441708e-15,-9.491973407443386e-16,0.0
138.58,8.593895032528728,-8.15730231151225e-15,-9.491973407443386e-16,0.0
138.6,8.59518089218506,-8.15852284607861e-15,-9.491973407443386e-16,0.0
138.62,8.597590808575491,-8.160810332307823e-15,-9.491973407443386e-16,0.0
138.64,8.59906924630111,-8.162213661465436e-15,-9.491973407443386e-16,0.0
138.66,8.600466023787646,-8.163539478941268e-15,-9.491973407443386e-16,0.0
138.68,8.601655593847958,-8.164668615679146e-15,-9.491973407443386e-16,0.0
138.7,8.603462504694406,-8.166383730649555e-15,-9.491973407443386e-16,0.0
138.72,8.604911972296788,-8.167759561443233e-15,-9.491973407443386e-16,0.0
138.74,8.607053747037325,-8.169792528331424e-15,-9.491973407443386e-16,0.0
138.76,8.60900512918442,-8.171644775076222e-15,-9.491973407443386e-16,0.0
138.78,8.610795129089476,-8.173343838226034e-15,-9.491973407443386e-16,0.0
138.8,8.613041902374556,-8.175476469453487e-15,-9.491973407443386e-16,0.0
138.82,8.614893152826829,-8.177233671459835e-15,-9.491973407443386e-16,0.0
138.84,8.616740664199362,-8.178987324341638e-15,-9.491973407443386e-16,0.0
138.86,8.618621735178998,-8.18077283191326e-15,-9.491973407443386e-16,0.0
138.88,8.621083721202302,-8.183109742499531e-15,-9.491973407443386e-16,0.0
138.9,8.62231648033454,-8.18427987418963e-15,-9.491973407443386e-16,0.0
138.92,8.62410095927391,-8.185973696853494e-15,-9.491973407443386e-16,0.0
138.94,8.626031301481811,-8.18780597254396e-15,-9.491973407443386e-16,0.0
138.96,8.628131790430885,-8.189799751068683e-15,-9.491973407443386e-16,0.0
138.98,8.630290559497304,-8.191848848925809e-15,-9.491973407443386e-16,0.0
139.0,8.632473854858741,-8.193921227076946e-15,-9.491973407443386e-16,0.0
139.02,8.634707894466809,-8.19604177153204e-15,-9.491973407443386e-16,0.0
139.04,8.636686663769758,-8.197920014092348e-15,-9.491973407443386e-16,0.0
139.06,8.637385027179231,-8.198582898783493e-15,-9.491973407443386e-16,0.0
139.08,8.639397749875432,-8.200493369814381e-15,-9.491973407443386e-16,0.0
139.1,8.641674017546807,-8.202653997034872e-15,-9.491973407443386e-16,0.0
139.12,8.642832931746197,-8.203754035311083e-15,-9.491973407443386e-16,0.0
139.14,8.644870231715194,-8.205687835023954e-15,-9.491973407443386e-16,0.0
139.16,8.647165195305975,-8.20786620836143e-15,-9.491973407443386e-16,0.0
139.18,8.649046366585726,-8.209651811137653e-15,-9.491973407443386e-16,0.0
139.2,8.650169794164775,-8.210718165608205e-15,-9.491973407443386e-16,0.0
139.22,8.652256282186949,-8.212698654490348e-15,-9.491973407443386e-16,0.0
139.24,8.654390959609861,-8.214724884623523e-15,-9.491973407443386e-16,0.0
139.26,8.657271064309832,-8.217458672345801e-15,-9.491973407443386e-16,0.0
139.28,8.659810653038358,-8.219869243213502e-15,-9.491973407443386e-16,0.0
139.3,8.660718500444155,-8.220730969556887e-15,-9.491973407443386e-16,0.0
139.32,8.662599654124776,-8.222516555628063e-15,-9.491973407443386e-16,0.0
139.34,8.663578958220945,-8.223446108471927e-15,-9.491973407443386e-16,0.0
139.36,8.66555649503248,-8.22532318115466e-15,-9.491973407443386e-16,0.0
139.38,8.667057464430043,-8.226747897315366e-15,-9.491973407443386e-16,0.0
139.4,8.66902612590399,-8.228616545551263e-15,-9.491973407443386e-16,0.0
139.42,8.670698872519935,-8.230204312190857e-15,-9.491973407443386e-16,0.0
139.44,8.673034606020243,-8.232421384218037e-15,-9.491973407443386e-16,0.0
139.46,8.674881497388622,-8.234174448593546e-15,-9.491973407443386e-16,0.0
139.48,8.67765990496032,-8.236811705672105e-15,-9.491973407443386e-16,0.0
139.5,8.680617459547882,-8.239619008621725e-15,-9.491973407443386e-16,0.0
139.52,8.682790097999147,-8.241681271262064e-15,-9.491973407443386e-16,0.0
139.54,8.684782943352353,-8.243572874771842e-15,-9.491973407443386e-16,0.0
139.56,8.68689541617132,-8.245578028354e-15,-9.491973407443386e-16,0.0
139.58,8.689013598194661,-8.247588601097768e-15,-9.491973407443386e-16,0.0
139.6,8.690779227343155,-8.24926453159026e-15,-9.491973407443386e-16,0.0
139.62,8.693040185957774,-8.251410627494789e-15,-9.491973407443386e-16,0.0
139.64,8.694707372725107,-8.252993116740866e-15,-9.491973407443386e-16,0.0
139.66,8.69642090906636,-8.254619600879253e-15,-9.491973407443386e-16,0.0
139.68,8.698760102560119,-8.256839957123015e-15,-9.491973407443386e-16,0.0
139.7,8.700631198175175,-8.258615996105106e-15,-9.491973407443386e-16,0.0
139.72,8.701533983448329,-8.259472917485646e-15,-9.491973407443386e-16,0.0
139.74,8.703598739956432,-8.261432778872423e-15,-9.491973407443386e-16,0.0
139.76,8.705996990852096,-8.263709192245026e-15,-9.491973407443386e-16,0.0
139.78,8.707959703074547,-8.265572193467223e-15,-9.491973407443386e-16,0.0
139.8,8.710274356758822,-8.26776925658908e-15,-9.491973407443386e-16,0.0
139.82,8.712154094104722,-8.269553498279107e-15,-9.491973407443386e-16,0.0
139.84,8.714493186077389,-8.27177375815932e-15,-9.491973407443386e-16,0.0
139.86,8.716276567565487,-8.273466539125353e-15,-9.491973407443386e-16,0.0
139.88,8.718161423312598,-8.275255639188197e-15,-9.491973407443386e-16,0.0
139.9,8.720699902548288,-8.27766515692825e-15,-9.491973407443386e-16,0.0
139.92,8.722526945093158,-8.279399380853266e-15,-9.491973407443386e-16,0.0
139.94,8.725541957468703,-8.282261222582445e-15,-9.491973407443386e-16,0.0
139.96,8.727396037739176,-8.284021110644704e-15,-9.491973407443386e-16,0.0
139.98,8.730129209747682,-8.286615430246976e-15,-9.491973407443386e-16,0.0
140.0,8.732098143484777,-8.288484336914327e-15,-9.491973407443386e-16,0.0
140.02,8.734092075490206,-8.290376971871506e-15,-9.491973407443386e-16,0.0
140.04,8.735614797724855,-8.291822335767326e-15,-9.491973407443386e-16,0.0
140.06,8.738245471111902,-8.294319363950677e-15,-9.491973407443386e-16,0.0
140.08,8.740581269763746,-8.296536497819521e-15,-9.491973407443386e-16,0.0
140.1,8.743147745705311,-8.298972589958337e-15,-9.491973407443386e-16,0.0
140.12,8.744734300555354,-8.300478543602943e-15,-9.491973407443386e-16,0.0
140.14,8.74707555214803,-8.302700853388722e-15,-9.491973407443386e-16,0.0
140.16,8.749121272477545,-8.304642645685406e-15,-9.491973407443386e-16,0.0
140.18,8.751012565206608,-8.306437855714402e-15,-9.491973407443386e-16,0.0
140.2,8.75311012834913,-8.308428857071326e-15,-9.491973407443386e-16,0.0
140.22,8.754901790012806,-8.310129497557999e-15,-9.491973407443386e-16,0.0
140.24,8.756953949184949,-8.312077401586981e-15,-9.491973407443386e-16,0.0
140.26,8.759299373567847,-8.314303672174146e-15,-9.491973407443386e-16,0.0
140.28,8.761817397157703,-8.31669377346957e-15,-9.491973407443386e-16,0.0
140.3,8.763760723275526,-8.318538373452807e-15,-9.491973407443386e-16,0.0
140.32,8.76613474037741,-8.320791784172797e-15,-9.491973407443386e-16,0.0
140.34,8.768095901847964,-8.322653313425417e-15,-9.491973407443386e-16,0.0
140.36,8.769653767047284,-8.32413203492985e-15,-9.491973407443386e-16,0.0
140.38,8.772494544765182,-8.326828493585323e-15,-9.491973407443386e-16,0.0
140.4,8.774348211350858,-8.328587988979073e-15,-9.491973407443386e-16,0.0
140.42,8.776293513104372,-8.330434464230454e-15,-9.491973407443386e-16,0.0
140.44,8.778369319821723,-8.332404814446462e-15,-9.491973407443386e-16,0.0
140.46,8.780497809796609,-8.334425171470425e-15,-9.491973407443386e-16,0.0
140.48,8.782295815919293,-8.33613183410072e-15,-9.491973407443386e-16,0.0
140.5,8.78466140105119,-8.338377241217223e-15,-9.491973407443386e-16,0.0
140.52,8.786377761712956,-8.340006406193129e-15,-9.491973407443386e-16,0.0
140.54,8.788362486265099,-8.341890301460132e-15,-9.491973407443386e-16,0.0
140.56,8.789921709569244,-8.343370312074054e-15,-9.491973407443386e-16,0.0
140.58,8.792206322709177,-8.345538860791108e-15,-9.491973407443386e-16,0.0
140.6,8.794908043266107,-8.34810332675918e-15,-9.491973407443386e-16,0.0
140.62,8.796627555146788,-8.349735482863701e-15,-9.491973407443386e-16,0.0
140.64,8.798998506202006,-8.351985983300349e-15,-9.491973407443386e-16,0.0
140.66,8.802157406269355,-8.354984402843955e-15,-9.491973407443386e-16,0.0
140.68,8.804338692228287,-8.357054873675575e-15,-9.491973407443386e-16,0.0
140.7,8.806603587816076,-8.359204706544568e-15,-9.491973407443386e-16,0.0
140.72,8.808411146926394,-8.36092043684532e-15,-9.491973407443386e-16,0.0
140.74,8.810417408874073,-8.362824775350894e-15,-9.491973407443386e-16,0.0
140.76,8.812447717351315,-8.364751938758383e-15,-9.491973407443386e-16,0.0
140.78,8.814142446060657,-8.366360570742574e-15,-9.491973407443386e-16,0.0
140.8,8.815627350186269,-8.367770037789865e-15,-9.491973407443386e-16,0.0
140.82,8.817476568869141,-8.369525311246102e-15,-9.491973407443386e-16,0.0
140.84,8.819302807097316,-8.37125877171585e-15,-9.491973407443386e-16,0.0
140.86,8.821151867100525,-8.373013894553774e-15,-9.491973407443386e-16,0.0
140.88,8.823121143366782,-8.374883126348896e-15,-9.491973407443386e-16,0.0
140.9,8.824579340765826,-8.376267243442349e-15,-9.491973407443386e-16,0.0
140.92,8.826561142711927,-8.37814836457947e-15,-9.491973407443386e-16,0.0
140.94,8.829295051019429,-8.380743383074789e-15,-9.491973407443386e-16,0.0
140.96,8.831699337274268,-8.38302552519427e-15,-9.491973407443386e-16,0.0
140.98,8.833139964163589,-8.384392964406619e-15,-9.491973407443386e-16,0.0
141.0,8.835143833642093,-8.386295031986813e-15,-9.491973407443386e-16,0.0
141.02,8.83735734239508,-8.388396088608864e-15,-9.491973407443386e-16,0.0
141.04,8.839423615738601,-8.390357389771786e-15,-9.491973407443386e-16,0.0
141.06,8.84189709797735,-8.392705212535184e-15,-9.491973407443386e-16,0.0
141.08,8.843536515102034,-8.394261342910306e-15,-9.491973407443386e-16,0.0
141.1,8.845735179642716,-8.39634830944551e-15,-9.491973407443386e-16,0.0
141.12,8.84805265223087,-8.398548048263433e-15,-9.491973407443386e-16,0.0
141.14,8.850328504632268,-8.400708281310768e-15,-9.491973407443386e-16,0.0
141.16,8.852071884272426,-8.402363092629114e-15,-9.491973407443386e-16,0.0
141.18,8.853870753586328,-8.404070574598217e-15,-9.491973407443386e-16,0.0
141.2,8.855489172451373,-8.405606773481128e-15,-9.491973407443386e-16,0.0
141.22,8.857812466707365,-8.407812038210682e-15,-9.491973407443386e-16,0.0
141.24,8.858968699661869,-8.408909531456379e-15,-9.491973407443386e-16,0.0
141.26,8.861611537282853,-8.411418105898235e-15,-9.491973407443386e-16,0.0
141.28,8.863335706054322,-8.413054682311107e-15,-9.491973407443386e-16,0.0
141.3,8.865424437472877,-8.415037300619127e-15,-9.491973407443386e-16,0.0
141.32,8.867118826649415,-8.416645610319684e-15,-9.491973407443386e-16,0.0
141.34,8.869293244886547,-8.418709562328037e-15,-9.491973407443386e-16,0.0
141.36,8.871736421418344,-8.421028618994986e-15,-9.491973407443386e-16,0.0
141.38,8.87378197348508,-8.422970251577086e-15,-9.491973407443386e-16,0.0
141.4,8.875727530968042,-8.42481696956618e-15,-9.491973407443386e-16,0.0
141.42,8.87906081584796,-8.427980914710141e-15,-9.491973407443386e-16,0.0
141.44,8.881563908949648,-8.430356844025897e-15,-9.491973407443386e-16,0.0
141.46,8.88338001253847,-8.432080684722924e-15,-9.491973407443386e-16,0.0
141.48,8.885518613842148,-8.434110639393287e-15,-9.491973407443386e-16,0.0
141.5,8.887570170559751,-8.436057971574023e-15,-9.491973407443386e-16,0.0
141.52,8.889738769457937,-8.438116399881322e-15,-9.491973407443386e-16,0.0
141.54,8.89213969814971,-8.440395355010871e-15,-9.491973407443386e-16,0.0
141.56,8.894147760058688,-8.442301402034922e-15,-9.491973407443386e-16,0.0
141.58,8.896300721390684,-8.444344987205978e-15,-9.491973407443386e-16,0.0
141.6,8.898169289732012,-8.446118627306565e-15,-9.491973407443386e-16,0.0
141.62,8.900827802135813,-8.448642080210589e-15,-9.491973407443386e-16,0.0
141.64,8.902030201954538,-8.449783394921033e-15,-9.491973407443386e-16,0.0
141.66,8.90442595041657,-8.452057432990288e-15,-9.491973407443386e-16,0.0
141.68,8.905472756293554,-8.453051058344996e-15,-9.491973407443386e-16,0.0
141.7,8.907386351953324,-8.45486743825651e-15,-9.491973407443386e-16,0.0
141.72,8.909590921852569,-8.456960010142359e-15,-9.491973407443386e-16,0.0
141.74,8.911143321009638,-8.458433543294022e-15,-9.491973407443386e-16,0.0
141.76,8.91299289740802,-8.460189156292871e-15,-9.491973407443386e-16,0.0
141.78,8.91462069124856,-8.461734253877592e-15,-9.491973407443386e-16,0.0
141.8,8.915910502331013,-8.462958539127118e-15,-9.491973407443386e-16,0.0
141.82,8.918831015014689,-8.465730682000073e-15,-9.491973407443386e-16,0.0
141.84,8.92030707850939,-8.467131757544012e-15,-9.491973407443386e-16,0.0
141.86,8.922194407458807,-8.46892320516391e-15,-9.491973407443386e-16,0.0
141.88,8.924350729281732,-8.470969980104019e-15,-9.491973407443386e-16,0.0
141.9,8.92595325764993,-8.47249109576958e-15,-9.491973407443386e-16,0.0
141.92,8.927530460176605,-8.473988172213716e-15,-9.491973407443386e-16,0.0
141.94,8.929115720056467,-8.47549289667607e-15,-9.491973407443386e-16,0.0
141.96,8.93112272855857,-8.477397943809116e-15,-9.491973407443386e-16,0.0
141.98,8.933387074687875,-8.479547255133579e-15,-9.491973407443386e-16,0.0
142.0,8.936087986925438,-8.482110953847058e-15,-9.491973407443386e-16,0.0
142.02,8.938368949787826,-8.484276037730372e-15,-9.491973407443386e-16,0.0
142.04,8.940018148839401,-8.485841453084487e-15,-9.491973407443386e-16,0.0
142.06,8.941550636617938,-8.487296086408597e-15,-9.491973407443386e-16,0.0
142.08,8.944168691187553,-8.489781136843998e-15,-9.491973407443386e-16,0.0
142.1,8.946142809076362,-8.49165496429437e-15,-9.491973407443386e-16,0.0
142.12,8.948223023794789,-8.493629498573277e-15,-9.491973407443386e-16,0.0
142.14,8.949933397677622,-8.495252980914542e-15,-9.491973407443386e-16,0.0
142.16,8.952260806636744,-8.497462151309365e-15,-9.491973407443386e-16,0.0
142.18,8.954345310218242,-8.499440756565694e-15,-9.491973407443386e-16,0.0
142.2,8.95642650525406,-8.501416221359262e-15,-9.491973407443386e-16,0.0
142.22,8.958784981088735,-8.503654880349746e-15,-9.491973407443386e-16,0.0
142.24,8.961509293068842,-8.506240790036622e-15,-9.491973407443386e-16,0.0
142.26,8.963731645503211,-8.508350241057522e-15,-9.491973407443386e-16,0.0
142.28,8.965346748536719,-8.509883292561957e-15,-9.491973407443386e-16,0.0
142.3,8.96651712664388,-8.51099421234894e-15,-9.491973407443386e-16,0.0
142.32,8.968560842270355,-8.512934101786827e-15,-9.491973407443386e-16,0.0
142.34,8.970397532454887,-8.514677483225757e-15,-9.491973407443386e-16,0.0
142.36,8.97223345648815,-8.516420137435939e-15,-9.491973407443386e-16,0.0
142.38,8.974471992125194,-8.518544949509783e-15,-9.491973407443386e-16,0.0
142.4,8.976365911216893,-8.520342652475208e-15,-9.491973407443386e-16,0.0
142.42,8.978502108759018,-8.522370325501497e-15,-9.491973407443386e-16,0.0
142.44,8.980086910202795,-8.523874614817538e-15,-9.491973407443386e-16,0.0
142.46,8.982083195630738,-8.525769483637108e-15,-9.491973407443386e-16,0.0
142.48,8.984085937972695,-8.52767048134229e-15,-9.491973407443386e-16,0.0
142.5,8.986516313273453,-8.52997738711478e-15,-9.491973407443386e-16,0.0
142.52,8.987827218407993,-8.531221694782454e-15,-9.491973407443386e-16,0.0
142.54,8.989692747877848,-8.532992450394322e-15,-9.491973407443386e-16,0.0
142.56,8.991432558140332,-8.53464387366887e-15,-9.491973407443386e-16,0.0
142.58,8.993563469908418,-8.536666529452499e-15,-9.491973407443386e-16,0.0
142.6,8.995700431595646,-8.538694927803288e-15,-9.491973407443386e-16,0.0
142.62,8.997789079454114,-8.540677466796297e-15,-9.491973407443386e-16,0.0
142.64,9.000290119702283,-8.543051447548954e-15,-9.491973407443386e-16,0.0
142.66,9.001846838319164,-8.544529080720384e-15,-9.491973407443386e-16,0.0
142.68,9.003599916780704,-8.546193098134195e-15,-9.491973407443386e-16,0.0
142.7,9.00669073977747,-8.549126899103437e-15,-9.491973407443386e-16,0.0
142.72,9.00930276477085,-8.55160622628111e-15,-9.491973407443386e-16,0.0
142.74,9.011426437771453,-8.553622011045894e-15,-9.491973407443386e-16,0.0
142.76,9.01390480872768,-8.555974474166923e-15,-9.491973407443386e-16,0.0
142.78,9.015799082155135,-8.557772513466905e-15,-9.491973407443386e-16,0.0
142.8,9.01738085367246,-8.559273926784814e-15,-9.491973407443386e-16,0.0
142.82,9.018932203758292,-8.560746464160848e-15,-9.491973407443386e-16,0.0
142.84,9.021344145206113,-8.56303587256915e-15,-9.491973407443386e-16,0.0
142.86,9.022908616853515,-8.564520864896536e-15,-9.491973407443386e-16,0.0
142.88,9.024569951947313,-8.566097799749655e-15,-9.491973407443386e-16,0.0
142.9,9.026379869900941,-8.567815769058205e-15,-9.491973407443386e-16,0.0
142.92,9.029251920373056,-8.570541911728819e-15,-9.491973407443386e-16,0.0
142.94,9.030769282281625,-8.57198218761738e-15,-9.491973407443386e-16,0.0
142.96,9.03310086143847,-8.574195316352792e-15,-9.491973407443386e-16,0.0
142.98,9.035773630067343,-8.576732301227743e-15,-9.491973407443386e-16,0.0
143.0,9.037724158911818,-8.578583738019965e-15,-9.491973407443386e-16,0.0
143.02,9.039897060891342,-8.580646250800626e-15,-9.491973407443386e-16,0.0
143.04,9.042796670911146,-8.58339855292062e-15,-9.491973407443386e-16,0.0
143.06,9.044737559683377,-8.585240839381902e-15,-9.491973407443386e-16,0.0
143.08,9.046500713145754,-8.586914419959714e-15,-9.491973407443386e-16,0.0
143.1,9.048014703190193,-8.588351495283809e-15,-9.491973407443386e-16,0.0
143.12,9.04928191926024,-8.589554333407647e-15,-9.491973407443386e-16,0.0
143.14,9.051292687017456,-8.591462948815651e-15,-9.491973407443386e-16,0.0
143.16,9.05310125614204,-8.59317963781926e-15,-9.491973407443386e-16,0.0
143.18,9.055227056969363,-8.595197442311505e-15,-9.491973407443386e-16,0.0
143.2,9.05724917903175,-8.597116835195784e-15,-9.491973407443386e-16,0.0
143.22,9.059312059741853,-8.599074916080087e-15,-9.491973407443386e-16,0.0
143.24,9.06187723673435,-8.601509775259904e-15,-9.491973407443386e-16,0.0
143.26,9.06377783066241,-8.603313813962253e-15,-9.491973407443386e-16,0.0
143.28,9.066152481639145,-8.605567826354567e-15,-9.491973407443386e-16,0.0
143.3,9.068028757496982,-8.607348782409328e-15,-9.491973407443386e-16,0.0
143.32,9.070368323751117,-8.609569492476246e-15,-9.491973407443386e-16,0.0
143.34,9.073069640286478,-8.61213357494812e-15,-9.491973407443386e-16,0.0
143.36,9.07533005178861,-8.614279151534931e-15,-9.491973407443386e-16,0.0
143.38,9.076867643724677,-8.615738629711795e-15,-9.491973407443386e-16,0.0
143.4,9.079271777499915,-8.618020627098046e-15,-9.491973407443386e-16,0.0
143.42,9.081177398927078,-8.619829437889173e-15,-9.491973407443386e-16,0.0
143.44,9.083206106179576,-8.621755081418392e-15,-9.491973407443386e-16,0.0
143.46,9.084779301572205,-8.623248354301547e-15,-9.491973407443386e-16,0.0
143.48,9.086950140444122,-8.625308908785955e-15,-9.491973407443386e-16,0.0
143.5,9.087943914159432,-8.626252196153828e-15,-9.491973407443386e-16,0.0
143.52,9.08966717407591,-8.62788790988396e-15,-9.491973407443386e-16,0.0
143.54,9.091057491179658,-8.629207595181629e-15,-9.491973407443386e-16,0.0
143.56,9.093614711164012,-8.631634901590475e-15,-9.491973407443386e-16,0.0
143.58,9.095770093452215,-8.633680784726725e-15,-9.491973407443386e-16,0.0
143.6,9.097641684023474,-8.635457293519926e-15,-9.491973407443386e-16,0.0
143.62,9.100012803412056,-8.637707953738157e-15,-9.491973407443386e-16,0.0
143.64,9.102263289500222,-8.639844109148426e-15,-9.491973407443386e-16,0.0
143.66,9.104469336410542,-8.64193808300926e-15,-9.491973407443386e-16,0.0
143.68,9.106088892876375,-8.643475361699814e-15,-9.491973407443386e-16,0.0
143.7,9.107756239638844,-8.645058002812847e-15,-9.491973407443386e-16,0.0
143.72,9.10955753638074,-8.646767788890146e-15,-9.491973407443386e-16,0.0
143.74,9.111196365859387,-8.648323361473212e-15,-9.491973407443386e-16,0.0
143.76,9.112752247480712,-8.649800200170687e-15,-9.491973407443386e-16,0.0
143.78,9.114373234602198,-8.651338836835781e-15,-9.491973407443386e-16,0.0
143.8,9.116467934159722,-8.653327120085442e-15,-9.491973407443386e-16,0.0
143.82,9.118701105649757,-8.655446840525208e-15,-9.491973407443386e-16,0.0
143.84,9.120516247214207,-8.657169768071258e-15,-9.491973407443386e-16,0.0
143.86,9.122162022919163,-8.658731933993865e-15,-9.491973407443386e-16,0.0
143.88,9.124318969726435,-8.660779302167455e-15,-9.491973407443386e-16,0.0
143.9,9.12564971666895,-8.662042443626492e-15,-9.491973407443386e-16,0.0
143.92,9.127894636519104,-8.664173315578443e-15,-9.491973407443386e-16,0.0
143.94,9.130107624509588,-8.66627387789411e-15,-9.491973407443386e-16,0.0
143.96,9.131200302516786,-8.667311044952832e-15,-9.491973407443386e-16,0.0
143.98,9.133180914359183,-8.669191036446682e-15,-9.491973407443386e-16,0.0
144.0,9.13457130236111,-8.670510789040714e-15,-9.491973407443386e-16,0.0
144.02,9.135993904631416,-8.671861119332626e-15,-9.491973407443386e-16,0.0
144.04,9.138011226846222,-8.673775956214344e-15,-9.491973407443386e-16,0.0
144.06,9.140359642422002,-8.676005066033837e-15,-9.491973407443386e-16,0.0
144.08,9.14262659457989,-8.678156850993698e-15,-9.491973407443386e-16,0.0
144.1,9.144705212593506,-8.680129869684644e-15,-9.491973407443386e-16,0.0
144.12,9.147200532771137,-8.682498420961557e-15,-9.491973407443386e-16,0.0
144.14,9.149581592323969,-8.684758516357259e-15,-9.491973407443386e-16,0.0
144.16,9.15177893469714,-8.686844227894578e-15,-9.491973407443386e-16,0.0
144.18,9.153497127942542,-8.688475132354e-15,-9.491973407443386e-16,0.0
144.2,9.155755248701556,-8.690618534573536e-15,-9.491973407443386e-16,0.0
144.22,9.157285515744672,-8.692071059981488e-15,-9.491973407443386e-16,0.0
144.24,9.159162335602934,-8.693852532400008e-15,-9.491973407443386e-16,0.0
144.26,9.160547889144727,-8.695167696137336e-15,-9.491973407443386e-16,0.0
144.28,9.162090508975057,-8.696631946778064e-15,-9.491973407443386e-16,0.0
144.3,9.16432637752855,-8.698754227263292e-15,-9.491973407443386e-16,0.0
144.32,9.166783005487687,-8.701086051989304e-15,-9.491973407443386e-16,0.0
144.34,9.168781801388679,-8.702983303743217e-15,-9.491973407443386e-16,0.0
144.36,9.170896849686601,-8.70499090196315e-15,-9.491973407443386e-16,0.0
144.38,9.173104930380399,-8.707086806285853e-15,-9.491973407443386e-16,0.0
144.4,9.174788807566783,-8.708685138033308e-15,-9.491973407443386e-16,0.0
144.42,9.176037224918598,-8.70987013246379e-15,-9.491973407443386e-16,0.0
144.44,9.178219556526406,-8.711941595822545e-15,-9.491973407443386e-16,0.0
144.46,9.18048016456933,-8.714087358965355e-15,-9.491973407443386e-16,0.0
144.48,9.182954815476897,-8.71643629102609e-15,-9.491973407443386e-16,0.0
144.5,9.185188489608485,-8.718556488571883e-15,-9.491973407443386e-16,0.0
144.52,9.187775149413,-8.72101173917974e-15,-9.491973407443386e-16,0.0
144.54,9.189357621825195,-8.722513817785197e-15,-9.491973407443386e-16,0.0
144.56,9.190701085103182,-8.72378902955605e-15,-9.491973407443386e-16,0.0
144.58,9.19283947487494,-8.725818783440877e-15,-9.491973407443386e-16,0.0
144.6,9.194947121701894,-8.72781935620425e-15,-9.491973407443386e-16,0.0
144.62,9.196348819262283,-8.729149843801099e-15,-9.491973407443386e-16,0.0
144.64,9.199140954645209,-8.73180013128157e-15,-9.491973407443386e-16,0.0
144.66,9.20082325540938,-8.733396966693254e-15,-9.491973407443386e-16,0.0
144.68,9.202457125406886,-8.734947831750008e-15,-9.491973407443386e-16,0.0
144.7,9.203953954919161,-8.736368618342606e-15,-9.491973407443386e-16,0.0
144.72,9.205700519739793,-8.738026453025788e-15,-9.491973407443386e-16,0.0
144.74,9.207543155064654,-8.739775477576108e-15,-9.491973407443386e-16,0.0
144.76,9.209176540589478,-8.741325882772682e-15,-9.491973407443386e-16,0.0
144.78,9.210671646130734,-8.742745032976575e-15,-9.491973407443386e-16,0.0
144.8,9.213408464209186,-8.745342813418741e-15,-9.491973407443386e-16,0.0
144.82,9.215478389971487,-8.747307581447856e-15,-9.491973407443386e-16,0.0
144.84,9.21691564300276,-8.748671818203117e-15,-9.491973407443386e-16,0.0
144.86,9.218944925153615,-8.750598007424328e-15,-9.491973407443386e-16,0.0
144.88,9.22105112036012,-8.752597202313432e-15,-9.491973407443386e-16,0.0
144.9,9.223071112007299,-8.754514573013261e-15,-9.491973407443386e-16,0.0
144.92,9.224844665631796,-8.756198025397301e-15,-9.491973407443386e-16,0.0
144.94,9.227142036007734,-8.758378683248847e-15,-9.491973407443386e-16,0.0
144.96,9.228978171240412,-8.76012153792895e-15,-9.491973407443386e-16,0.0
144.98,9.23123230210259,-8.76226115294902e-15,-9.491973407443386e-16,0.0
145.0,9.233021644679612,-8.763959592164808e-15,-9.491973407443386e-16,0.0
145.02,9.23437713805254,-8.765246222869788e-15,-9.491973407443386e-16,0.0
145.04,9.23661135406178,-8.767366934764408e-15,-9.491973407443386e-16,0.0
145.06,9.23862034731987,-8.76927386582256e-15,-9.491973407443386e-16,0.0
145.08,9.241048466460875,-8.771578630054212e-15,-9.491973407443386e-16,0.0
145.1,9.242463864957402,-8.772922122543211e-15,-9.491973407443386e-16,0.0
145.12,9.245013454412351,-8.775342186073838e-15,-9.491973407443386e-16,0.0
145.14,9.246903855766774,-8.777136550012397e-15,-9.491973407443386e-16,0.0
145.16,9.248859163119963,-8.778992522552381e-15,-9.491973407443386e-16,0.0
145.18,9.250475251056171,-8.780526508923839e-15,-9.491973407443386e-16,0.0
145.2,9.252164629450425,-8.782130062403175e-15,-9.491973407443386e-16,0.0
145.22,9.254732992351546,-8.784567945638984e-15,-9.491973407443386e-16,0.0
145.24,9.25667900338036,-8.786415094132593e-15,-9.491973407443386e-16,0.0
145.26,9.257736641738955,-8.787419001650042e-15,-9.491973407443386e-16,0.0
145.28,9.259534517074671,-8.789125540137695e-15,-9.491973407443386e-16,0.0
145.3,9.261972058932967,-8.791439248387542e-15,-9.491973407443386e-16,0.0
145.32,9.263735287448528,-8.793112900205636e-15,-9.491973407443386e-16,0.0
145.34,9.265959167458716,-8.795223801197441e-15,-9.491973407443386e-16,0.0
145.36,9.267294150656816,-8.796490963699016e-15,-9.491973407443386e-16,0.0
145.38,9.269150067662416,-8.798252595185374e-15,-9.491973407443386e-16,0.0
145.4,9.270929787410944,-8.799941900437946e-15,-9.491973407443386e-16,0.0
145.42,9.272812039393324,-8.80172852901423e-15,-9.491973407443386e-16,0.0
145.44,9.274647461206724,-8.803470706518654e-15,-9.491973407443386e-16,0.0
145.46,9.276332780656986,-8.805070407259147e-15,-9.491973407443386e-16,0.0
145.48,9.27762520714438,-8.806297175044089e-15,-9.491973407443386e-16,0.0
145.5,9.279717306502102,-8.80828299019101e-15,-9.491973407443386e-16,0.0
145.52,9.282059052043339,-8.810505768831452e-15,-9.491973407443386e-16,0.0
145.54,9.283800192450006,-8.812158454675322e-15,-9.491973407443386e-16,0.0
145.56,9.285849557205829,-8.814103706251764e-15,-9.491973407443386e-16,0.0
145.58,9.287541323597386,-8.81570952641179e-15,-9.491973407443386e-16,0.0
145.6,9.289302395501458,-8.817381131179996e-15,-9.491973407443386e-16,0.0
145.62,9.291215708437115,-8.819197242730533e-15,-9.491973407443386e-16,0.0
145.64,9.293618253741322,-8.821477732344303e-15,-9.491973407443386e-16,0.0
145.66,9.296201466600502,-8.823929711120815e-15,-9.491973407443386e-16,0.0
145.68,9.297527427670703,-8.82518830984258e-15,-9.491973407443386e-16,0.0
145.7,9.298952317017234,-8.826540811021161e-15,-9.491973407443386e-16,0.0
145.72,9.301253506141467,-8.828725093618435e-15,-9.491973407443386e-16,0.0
145.74,9.303092075357592,-8.830470258629155e-15,-9.491973407443386e-16,0.0
145.76,9.304756118776474,-8.83204976421724e-15,-9.491973407443386e-16,0.0
145.78,9.306486520952019,-8.833692257360686e-15,-9.491973407443386e-16,0.0
145.8,9.30923393856367,-8.83630009885158e-15,-9.491973407443386e-16,0.0
145.82,9.310255628143015,-8.83726988388336e-15,-9.491973407443386e-16,0.0
145.84,9.312413216576962,-8.839317861087284e-15,-9.491973407443386e-16,0.0
145.86,9.314339306110675,-8.84114610015072e-15,-9.491973407443386e-16,0.0
145.88,9.315957228371257,-8.842681827657997e-15,-9.491973407443386e-16,0.0
145.9,9.318295818017086,-8.844901610730909e-15,-9.491973407443386e-16,0.0
145.92,9.320092744406713,-8.846607248481457e-15,-9.491973407443386e-16,0.0
145.94,9.32200940794107,-8.848426540411371e-15,-9.491973407443386e-16,0.0
145.96,9.32457054282297,-8.850857562830558e-15,-9.491973407443386e-16,0.0
145.98,9.32668096798512,-8.85286077278231e-15,-9.491973407443386e-16,0.0
146.0,9.328686833923555,-8.854764735396964e-15,-9.491973407443386e-16,0.0
146.02,9.33177573085613,-8.857696708151197e-15,-9.491973407443386e-16,0.0
146.04,9.33394878715347,-8.85975936740992e-15,-9.491973407443386e-16,0.0
146.06,9.335679973059273,-8.861402604468041e-15,-9.491973407443386e-16,0.0
146.08,9.33770361067828,-8.863323435914635e-15,-9.491973407443386e-16,0.0
146.1,9.3392356627066,-8.864777655625797e-15,-9.491973407443386e-16,0.0
146.12,9.341302926538335,-8.866739896957497e-15,-9.491973407443386e-16,0.0
146.14,9.343038273873393,-8.868387084033202e-15,-9.491973407443386e-16,0.0
146.16,9.344825879403912,-8.87008387444907e-15,-9.491973407443386e-16,0.0
146.18,9.346624012996749,-8.871790658073694e-15,-9.491973407443386e-16,0.0
146.2,9.348238255346114,-8.873322892619028e-15,-9.491973407443386e-16,0.0
146.22,9.349917485877958,-8.874916813774352e-15,-9.491973407443386e-16,0.0
146.24,9.351702421096098,-8.876611069536811e-15,-9.491973407443386e-16,0.0
146.26,9.3542971480816,-8.879073977491407e-15,-9.491973407443386e-16,0.0
146.28,9.356224681965177,-8.880903587527893e-15,-9.491973407443386e-16,0.0
146.3,9.35829303796284,-8.882866865540589e-15,-9.491973407443386e-16,0.0
146.32,9.360230639644605,-8.884706031904342e-15,-9.491973407443386e-16,0.0
146.34,9.362147752412719,-8.886525750245744e-15,-9.491973407443386e-16,0.0
146.36,9.363960460456216,-8.888246367900178e-15,-9.491973407443386e-16,0.0
146.38,9.366227244677006,-8.890397993454592e-15,-9.491973407443386e-16,0.0
146.4,9.367918295750618,-8.892003134636728e-15,-9.491973407443386e-16,0.0
146.42,9.36940546707007,-8.893414753698383e-15,-9.491973407443386e-16,0.0
146.44,9.37188125358274,-8.89576476367246e-15,-9.491973407443386e-16,0.0
146.46,9.373943954823337,-8.897722674204785e-15,-9.491973407443386e-16,0.0
146.48,9.375828689355814,-8.899511659211019e-15,-9.491973407443386e-16,0.0
146.5,9.378168809654506,-8.90173289517556e-15,-9.491973407443386e-16,0.0
146.52,9.379943124938777,-8.903417070525031e-15,-9.491973407443386e-16,0.0
146.54,9.382170735876741,-8.90553151290356e-15,-9.491973407443386e-16,0.0
146.56,9.384362966142925,-8.907612372042521e-15,-9.491973407443386e-16,0.0
146.58,9.386626047945418,-8.909760483271334e-15,-9.491973407443386e-16,0.0
146.6,9.388261954514245,-8.91131328143617e-15,-9.491973407443386e-16,0.0
146.62,9.390735380848245,-8.91366105113493e-15,-9.491973407443386e-16,0.0
146.64,9.392719693540005,-8.915544555465155e-15,-9.491973407443386e-16,0.0
146.66,9.395012372434087,-8.917720760174597e-15,-9.491973407443386e-16,0.0
146.68,9.397331827938057,-8.91992238117094e-15,-9.491973407443386e-16,0.0
146.7,9.399795803996968,-8.922261180693718e-15,-9.491973407443386e-16,0.0
146.72,9.401882597498775,-8.924241959536315e-15,-9.491973407443386e-16,0.0
146.74,9.404156268431526,-8.92640012193941e-15,-9.491973407443386e-16,0.0
146.76,9.405415938180473,-8.927595797115327e-15,-9.491973407443386e-16,0.0
146.78,9.406727218533774,-8.92884046093965e-15,-9.491973407443386e-16,0.0
146.8,9.408046148919492,-8.930092386154401e-15,-9.491973407443386e-16,0.0
146.82,9.41032797261901,-8.932258287142031e-15,-9.491973407443386e-16,0.0
146.84,9.41275071809358,-8.934557950703794e-15,-9.491973407443386e-16,0.0
146.86,9.414855974135918,-8.936556254140766e-15,-9.491973407443386e-16,0.0
146.88,9.41670105996212,-8.938307604700443e-15,-9.491973407443386e-16,0.0
146.9,9.41883345715362,-8.940331670444024e-15,-9.491973407443386e-16,0.0
146.92,9.420729037401246,-8.94213095017424e-15,-9.491973407443386e-16,0.0
146.94,9.422198025988342,-8.943525310234694e-15,-9.491973407443386e-16,0.0
146.96,9.424866537609736,-8.946058254369468e-15,-9.491973407443386e-16,0.0
146.98,9.427000410922137,-8.948083721243084e-15,-9.491973407443386e-16,0.0
147.0,9.428725750164325,-8.949721408663651e-15,-9.491973407443386e-16,0.0
147.02,9.430909250574365,-8.951793981446374e-15,-9.491973407443386e-16,0.0
147.04,9.43271048214151,-8.953503705659975e-15,-9.491973407443386e-16,0.0
147.06,9.435088329533878,-8.955760752081506e-15,-9.491973407443386e-16,0.0
147.08,9.437054693688351,-8.957627219707866e-15,-9.491973407443386e-16,0.0
147.1,9.439162540267729,-8.959627982075707e-15,-9.491973407443386e-16,0.0
147.12,9.44115739000727,-8.961521488143663e-15,-9.491973407443386e-16,0.0
147.14,9.44361590277701,-8.963855101926886e-15,-9.491973407443386e-16,0.0
147.16,9.445576424138533,-8.965716023589718e-15,-9.491973407443386e-16,0.0
147.18,9.447632977795765,-8.967668098852261e-15,-9.491973407443386e-16,0.0
147.2,9.449040572498195,-8.969004184000654e-15,-9.491973407443386e-16,0.0
147.22,9.451189318430655,-8.971043767925681e-15,-9.491973407443386e-16,0.0
147.24,9.453045057066397,-8.972805230103844e-15,-9.491973407443386e-16,0.0
147.26,9.454645624398031,-8.974324484358713e-15,-9.491973407443386e-16,0.0
147.28,9.456726107874866,-8.976299273742388e-15,-9.491973407443386e-16,0.0
147.3,9.458690084430108,-8.978163475065908e-15,-9.491973407443386e-16,0.0
147.32,9.46125762456468,-8.980600577333899e-15,-9.491973407443386e-16,0.0
147.34,9.46348756427172,-8.98271723017384e-15,-9.491973407443386e-16,0.0
147.36,9.465694118907605,-8.984811685966428e-15,-9.491973407443386e-16,0.0
147.38,9.467563595889878,-8.986586188546584e-15,-9.491973407443386e-16,0.0
147.4,9.468827155196378,-8.987785555680187e-15,-9.491973407443386e-16,0.0
147.42,9.47037654159947,-8.989256229133788e-15,-9.491973407443386e-16,0.0
147.44,9.472425395914797,-8.991200996201469e-15,-9.491973407443386e-16,0.0
147.46,9.474639551980205,-8.993302667250747e-15,-9.491973407443386e-16,0.0
147.48,9.47704522688951,-8.995586127477356e-15,-9.491973407443386e-16,0.0
147.5,9.478507732702013,-8.996974334105406e-15,-9.491973407443386e-16,0.0
147.52,9.480462492653423,-8.998829787053078e-15,-9.491973407443386e-16,0.0
147.54,9.482907771214766,-9.001150838960883e-15,-9.491973407443386e-16,0.0
147.56,9.485048335076232,-9.003182656485881e-15,-9.491973407443386e-16,0.0
147.58,9.487467182214456,-9.00547861975715e-15,-9.491973407443386e-16,0.0
147.6,9.489413808909053,-9.007326352639083e-15,-9.491973407443386e-16,0.0
147.62,9.491865784459982,-9.009653761311597e-15,-9.491973407443386e-16,0.0
147.64,9.493640684827303,-9.011338492020343e-15,-9.491973407443386e-16,0.0
147.66,9.495559667563425,-9.013159985330404e-15,-9.491973407443386e-16,0.0
147.68,9.498274518605129,-9.015736914719707e-15,-9.491973407443386e-16,0.0
147.7,9.500468976284727,-9.017819888113558e-15,-9.491973407443386e-16,0.0
147.72,9.502363896783544,-9.019618541611957e-15,-9.491973407443386e-16,0.0
147.74,9.504264791924351,-9.021422866224644e-15,-9.491973407443386e-16,0.0
147.76,9.506509149570304,-9.023553204533861e-15,-9.491973407443386e-16,0.0
147.78,9.508688971068155,-9.025622285302918e-15,-9.491973407443386e-16,0.0
147.8,9.509538676624206,-9.026428823557138e-15,-9.491973407443386e-16,0.0
147.82,9.511291466963169,-9.028092567485763e-15,-9.491973407443386e-16,0.0
147.84,9.513146302197534,-9.02985317215774e-15,-9.491973407443386e-16,0.0
147.86,9.514920368785015,-9.03153711144488e-15,-9.491973407443386e-16,0.0
147.88,9.517000004639744,-9.033511096267906e-15,-9.491973407443386e-16,0.0
147.9,9.51921992095471,-9.035618234930747e-15,-9.491973407443386e-16,0.0
147.92,9.521317204709346,-9.037608971093434e-15,-9.491973407443386e-16,0.0
147.94,9.523414551843345,-9.039599767415644e-15,-9.491973407443386e-16,0.0
147.96,9.524923725679068,-9.041032271207234e-15,-9.491973407443386e-16,0.0
147.98,9.527076263136525,-9.043075454037704e-15,-9.491973407443386e-16,0.0
148.0,9.528533061651919,-9.044458243314516e-15,-9.491973407443386e-16,0.0
148.02,9.530742116708225,-9.04655507249952e-15,-9.491973407443386e-16,0.0
148.04,9.531665926965623,-9.047431950739194e-15,-9.491973407443386e-16,0.0
148.06,9.533592017848148,-9.04926019108292e-15,-9.491973407443386e-16,0.0
148.08,9.536459096881096,-9.051981614876698e-15,-9.491973407443386e-16,0.0
148.1,9.538415683975499,-9.053838802143641e-15,-9.491973407443386e-16,0.0
148.12,9.540172227403396,-9.055506108494302e-15,-9.491973407443386e-16,0.0
148.14,9.542013777302195,-9.057254102761089e-15,-9.491973407443386e-16,0.0
148.16,9.543740899510672,-9.058893482568515e-15,-9.491973407443386e-16,0.0
148.18,9.546012516777461,-9.06104969563734e-15,-9.491973407443386e-16,0.0
148.2,9.548196555543045,-9.063122779425716e-15,-9.491973407443386e-16,0.0
148.22,9.550068303221174,-9.06489943734434e-15,-9.491973407443386e-16,0.0
148.24,9.552031594006793,-9.066762987737157e-15,-9.491973407443386e-16,0.0
148.26,9.55372888094595,-9.068374047986285e-15,-9.491973407443386e-16,0.0
148.28,9.555372377385453,-9.069934050436184e-15,-9.491973407443386e-16,0.0
148.3,9.557378586436064,-9.071838338732e-15,-9.491973407443386e-16,0.0
148.32,9.559798567084579,-9.074135377928224e-15,-9.491973407443386e-16,0.0
148.34,9.561635252785377,-9.075878755111205e-15,-9.491973407443386e-16,0.0
148.36,9.563781677241785,-9.077916135497335e-15,-9.491973407443386e-16,0.0
148.38,9.565508643684902,-9.079555367452696e-15,-9.491973407443386e-16,0.0
148.4,9.568088181974526,-9.082003858337554e-15,-9.491973407443386e-16,0.0
148.42,9.570437396978074,-9.08423372697176e-15,-9.491973407443386e-16,0.0
148.44,9.57212712642743,-9.085837613671665e-15,-9.491973407443386e-16,0.0
148.46,9.574296697795168,-9.087896965044477e-15,-9.491973407443386e-16,0.0
148.48,9.576287624590258,-9.089786747463992e-15,-9.491973407443386e-16,0.0
148.5,9.578053416284517,-9.09146283224449e-15,-9.491973407443386e-16,0.0
148.52,9.58061756682318,-9.093896717117058e-15,-9.491973407443386e-16,0.0
148.54,9.58317808080921,-9.096327150183535e-15,-9.491973407443386e-16,0.0
148.56,9.58513010975709,-9.098180010869918e-15,-9.491973407443386e-16,0.0
148.58,9.586790727418464,-9.099756264738088e-15,-9.491973407443386e-16,0.0
148.6,9.589240380854132,-9.10208146926497e-15,-9.491973407443386e-16,0.0
148.62,9.59096727623266,-9.103720633766012e-15,-9.491973407443386e-16,0.0
148.64,9.593279803721591,-9.105915678708903e-15,-9.491973407443386e-16,0.0
148.66,9.595208137099856,-9.10774604762362e-15,-9.491973407443386e-16,0.0
148.68,9.596698821878023,-9.109161001650944e-15,-9.491973407443386e-16,0.0
148.7,9.598614330166667,-9.110979197024698e-15,-9.491973407443386e-16,0.0
148.72,9.601114831865534,-9.11335266658779e-15,-9.491973407443386e-16,0.0
148.74,9.602777792967094,-9.114931144843152e-15,-9.491973407443386e-16,0.0
148.76,9.604899888613563,-9.116945432387585e-15,-9.491973407443386e-16,0.0
148.78,9.606923498450012,-9.118866237463046e-15,-9.491973407443386e-16,0.0
148.8,9.609520024952662,-9.121330853514533e-15,-9.491973407443386e-16,0.0
148.82,9.61125769187359,-9.122980242334976e-15,-9.491973407443386e-16,0.0
148.84,9.613803048513626,-9.125396288088945e-15,-9.491973407443386e-16,0.0
148.86,9.615991229446514,-9.127473303611511e-15,-9.491973407443386e-16,0.0
148.88,9.617690780014645,-9.129086512491242e-15,-9.491973407443386e-16,0.0
148.9,9.619612398720605,-9.130910507856864e-15,-9.491973407443386e-16,0.0
148.92,9.622075836685559,-9.133248796622287e-15,-9.491973407443386e-16,0.0
148.94,9.624718063634505,-9.135756791415871e-15,-9.491973407443386e-16,0.0
148.96,9.627304889659811,-9.13821219980006e-15,-9.491973407443386e-16,0.0
148.98,9.628859927079077,-9.139688237183185e-15,-9.491973407443386e-16,0.0
149.0,9.631217812861616,-9.14192633609775e-15,-9.491973407443386e-16,0.0
149.02,9.633213732887018,-9.1438208580782e-15,-9.491973407443386e-16,0.0
149.04,9.635843196147475,-9.14631673761261e-15,-9.491973407443386e-16,0.0
149.06,9.638574433375869,-9.148909220726743e-15,-9.491973407443386e-16,0.0
149.08,9.640606409671124,-9.150837967222654e-15,-9.491973407443386e-16,0.0
149.1,9.642209426696798,-9.152359546720592e-15,-9.491973407443386e-16,0.0
149.12,9.644156658133296,-9.154207853621929e-15,-9.491973407443386e-16,0.0
149.14,9.646202985822612,-9.15615022242292e-15,-9.491973407443386e-16,0.0
149.16,9.648178499340052,-9.158025374600278e-15,-9.491973407443386e-16,0.0
149.18,9.650353178635124,-9.160089574404133e-15,-9.491973407443386e-16,0.0
149.2,9.653245557250147,-9.16283501249394e-15,-9.491973407443386e-16,0.0
149.22,9.655587744677785,-9.165058210571778e-15,-9.491973407443386e-16,0.0
149.24,9.656993164824593,-9.166392231637756e-15,-9.491973407443386e-16,0.0
149.26,9.659261866080756,-9.168545676837048e-15,-9.491973407443386e-16,0.0
149.28,9.661352617255993,-9.17053021229274e-15,-9.491973407443386e-16,0.0
149.3,9.66323020049906,-9.172312409314086e-15,-9.491973407443386e-16,0.0
149.32,9.665245762148942,-9.17422557507226e-15,-9.491973407443386e-16,0.0
149.34,9.667490365223822,-9.176356146341963e-15,-9.491973407443386e-16,0.0
149.36,9.669708766175132,-9.178461846625653e-15,-9.491973407443386e-16,0.0
149.38,9.67156586813228,-9.180224602864869e-15,-9.491973407443386e-16,0.0
149.4,9.67368591619301,-9.182236946846364e-15,-9.491973407443386e-16,0.0
149.42,9.675881975937505,-9.184321440915954e-15,-9.491973407443386e-16,0.0
149.44,9.677756527232235,-9.18610076002e-15,-9.491973407443386e-16,0.0
149.46,9.679250886654808,-9.187519202010024e-15,-9.491973407443386e-16,0.0
149.48,9.681282850990439,-9.189447937153892e-15,-9.491973407443386e-16,0.0
149.5,9.68340198888275,-9.191459417205945e-15,-9.491973407443386e-16,0.0
149.52,9.684293488406418,-9.192305626183085e-15,-9.491973407443386e-16,0.0
149.54,9.686001686110433,-9.193927042901203e-15,-9.491973407443386e-16,0.0
149.56,9.688250281274314,-9.196061403451169e-15,-9.491973407443386e-16,0.0
149.58,9.690084948871815,-9.197802865055866e-15,-9.491973407443386e-16,0.0
149.6,9.69232285177714,-9.199927076542445e-15,-9.491973407443386e-16,0.0
149.62,9.694527499150379,-9.202019721966402e-15,-9.491973407443386e-16,0.0
149.64,9.696507526944993,-9.20389915908365e-15,-9.491973407443386e-16,0.0
149.66,9.698816720047706,-9.20609103903601e-15,-9.491973407443386e-16,0.0
149.68,9.700921589489552,-9.208088975512825e-15,-9.491973407443386e-16,0.0
149.7,9.703392330043126,-9.210434195875946e-15,-9.491973407443386e-16,0.0
149.72,9.704876025997741,-9.211842516130538e-15,-9.491973407443386e-16,0.0
149.74,9.70705625530533,-9.213911983991513e-15,-9.491973407443386e-16,0.0
149.76,9.709171424439413,-9.21591969690881e-15,-9.491973407443386e-16,0.0
149.78,9.710791843852695,-9.217457794706787e-15,-9.491973407443386e-16,0.0
149.8,9.712849440996186,-9.219410860443712e-15,-9.491973407443386e-16,0.0
149.82,9.714907109510014,-9.22136399392517e-15,-9.491973407443386e-16,0.0
149.84,9.716637075218522,-9.223006072775264e-15,-9.491973407443386e-16,0.0
149.86,9.718595960831506,-9.22486544178993e-15,-9.491973407443386e-16,0.0
149.88,9.720889485770714,-9.227042449563157e-15,-9.491973407443386e-16,0.0
149.9,9.722482756894653,-9.228554778277086e-15,-9.491973407443386e-16,0.0
149.92,9.724125492579812,-9.230114058620985e-15,-9.491973407443386e-16,0.0
149.94,9.72670067098533,-9.232558411115445e-15,-9.491973407443386e-16,0.0
149.96,9.72864003491532,-9.234399250200527e-15,-9.491973407443386e-16,0.0
149.98,9.730221655462627,-9.235900520218096e-15,-9.491973407443386e-16,0.0
150.0,9.732526259026777,-9.238088043792658e-15,-9.491973407443386e-16,0.0
150.02,9.734847790689692,-9.24029163547355e-15,-9.491973407443386e-16,0.0
150.04,9.736395367246546,-9.241760591025916e-15,-9.491973407443386e-16,0.0
150.06,9.737932846058328,-9.24321996182551e-15,-9.491973407443386e-16,0.0
150.08,9.739019170039654,-9.244251097659772e-15,-9.491973407443386e-16,0.0
150.1,9.741005616564168,-9.246136627418372e-15,-9.491973407443386e-16,0.0
150.12,9.742731760140247,-9.247775078310528e-15,-9.491973407443386e-16,0.0
150.14,9.744567382048075,-9.24951744574405e-15,-9.491973407443386e-16,0.0
150.16,9.74626545286123,-9.251129250044293e-15,-9.491973407443386e-16,0.0
150.18,9.748480946361221,-9.253232190582921e-15,-9.491973407443386e-16,0.0
150.2,9.749999044619093,-9.254673165412281e-15,-9.491973407443386e-16,0.0
150.22,9.752386769423277,-9.256939587446841e-15,-9.491973407443386e-16,0.0
150.24,9.754728871505952,-9.259162704515467e-15,-9.491973407443386e-16,0.0
150.26,9.757195566010354,-9.261504084379474e-15,-9.491973407443386e-16,0.0
150.28,9.759540017370627,-9.26372943137615e-15,-9.491973407443386e-16,0.0
150.3,9.760839371004424,-9.264962774390037e-15,-9.491973407443386e-16,0.0
150.32,9.762593961378046,-9.266628226906776e-15,-9.491973407443386e-16,0.0
150.34,9.764289402343751,-9.268237534962812e-15,-9.491973407443386e-16,0.0
150.36,9.766645753220192,-9.27047417694859e-15,-9.491973407443386e-16,0.0
150.38,9.769046319377004,-9.272752787960917e-15,-9.491973407443386e-16,0.0
150.4,9.77046556067005,-9.27409992802215e-15,-9.491973407443386e-16,0.0
150.42,9.772396692131132,-9.275932952869636e-15,-9.491973407443386e-16,0.0
150.44,9.773822239084208,-9.277286078246601e-15,-9.491973407443386e-16,0.0
150.46,9.776496854277699,-9.279824815875778e-15,-9.491973407443386e-16,0.0
150.48,9.778665689289019,-9.281883468301034e-15,-9.491973407443386e-16,0.0
150.5,9.781193644604846,-9.284282996764337e-15,-9.491973407443386e-16,0.0
150.52,9.783421131184017,-9.28639732110183e-15,-9.491973407443386e-16,0.0
150.54,9.785180426208104,-9.288067239260277e-15,-9.491973407443386e-16,0.0
150.56,9.787244593822594,-9.290026541670802e-15,-9.491973407443386e-16,0.0
150.58,9.789752851513441,-9.292407373200855e-15,-9.491973407443386e-16,0.0
150.6,9.791966859969651,-9.294508904139876e-15,-9.491973407443386e-16,0.0
150.62,9.793709938427343,-9.296163429576625e-15,-9.491973407443386e-16,0.0
150.64,9.795740925181823,-9.298091236803066e-15,-9.491973407443386e-16,0.0
150.66,9.797040113265899,-9.299324422677596e-15,-9.491973407443386e-16,0.0
150.68,9.798784715323707,-9.300980394311525e-15,-9.491973407443386e-16,0.0
150.7,9.80104670605848,-9.30312746990176e-15,-9.491973407443386e-16,0.0
150.72,9.803020777950456,-9.305001253692062e-15,-9.491973407443386e-16,0.0
150.74,9.804912856031423,-9.306797209174998e-15,-9.491973407443386e-16,0.0
150.76,9.80699161148811,-9.308770358326543e-15,-9.491973407443386e-16,0.0
150.78,9.808612341025505,-9.310308750493503e-15,-9.491973407443386e-16,0.0
150.8,9.81025528146856,-9.311868225193054e-15,-9.491973407443386e-16,0.0
150.82,9.812857908902815,-9.314338632232598e-15,-9.491973407443386e-16,0.0
150.84,9.814738670956105,-9.316123846572154e-15,-9.491973407443386e-16,0.0
150.86,9.816544284511924,-9.317837730157748e-15,-9.491973407443386e-16,0.0
150.88,9.818808239426742,-9.319986670142458e-15,-9.491973407443386e-16,0.0
150.9,9.820963580091416,-9.322032513769764e-15,-9.491973407443386e-16,0.0
150.92,9.822670027076438,-9.323652268710069e-15,-9.491973407443386e-16,0.0
150.94,9.824894410431328,-9.325763647475327e-15,-9.491973407443386e-16,0.0
150.96,9.826809771560473,-9.327581703165676e-15,-9.491973407443386e-16,0.0
150.98,9.828597401179676,-9.32927851644646e-15,-9.491973407443386e-16,0.0
151.0,9.830146040888428,-9.330748481139777e-15,-9.491973407443386e-16,0.0
151.02,9.832305371639414,-9.332798112146401e-15,-9.491973407443386e-16,0.0
151.04,9.833914786287504,-9.334325764250523e-15,-9.491973407443386e-16,0.0
151.06,9.83618256965795,-9.336478338195134e-15,-9.491973407443386e-16,0.0
151.08,9.838253514619632,-9.33844407364559e-15,-9.491973407443386e-16,0.0
151.1,9.840502046310013,-9.340578373946679e-15,-9.491973407443386e-16,0.0
151.12,9.842051340355333,-9.342048959734528e-15,-9.491973407443386e-16,0.0
151.14,9.84428054743913,-9.344164917170437e-15,-9.491973407443386e-16,0.0
151.16,9.846121768233145,-9.34591259905184e-15,-9.491973407443386e-16,0.0
151.18,9.848418670210187,-9.348092812300399e-15,-9.491973407443386e-16,0.0
151.2,9.850589270825102,-9.350153140631895e-15,-9.491973407443386e-16,0.0
151.22,9.853089382049502,-9.352526239557661e-15,-9.491973407443386e-16,0.0
151.24,9.854816315420287,-9.354165440120852e-15,-9.491973407443386e-16,0.0
151.26,9.85661278998054,-9.35587064899616e-15,-9.491973407443386e-16,0.0
151.28,9.858392582831902,-9.357560023637748e-15,-9.491973407443386e-16,0.0
151.3,9.860582633622988,-9.359638814024742e-15,-9.491973407443386e-16,0.0
151.32,9.862875208448514,-9.36181491995259e-15,-9.491973407443386e-16,0.0
151.34,9.864914882223779,-9.363750972876056e-15,-9.491973407443386e-16,0.0
151.36,9.867107122651838,-9.365831841660642e-15,-9.491973407443386e-16,0.0
151.38,9.868440189254143,-9.367097184934586e-15,-9.491973407443386e-16,0.0
151.4,9.870361864221676,-9.368921233703545e-15,-9.491973407443386e-16,0.0
151.42,9.872268590635116,-9.370731093344708e-15,-9.491973407443386e-16,0.0
151.44,9.874315726903923,-9.372674229647201e-15,-9.491973407443386e-16,0.0
151.46,9.87680397673893,-9.375036069773697e-15,-9.491973407443386e-16,0.0
151.48,9.879043797405101,-9.377162101593772e-15,-9.491973407443386e-16,0.0
151.5,9.881054145625415,-9.379070318778463e-15,-9.491973407443386e-16,0.0
151.52,9.882734597350428,-9.380665399087096e-15,-9.491973407443386e-16,0.0
151.54,9.884682978286397,-9.382514797090274e-15,-9.491973407443386e-16,0.0
151.56,9.886309139285256,-9.384058344786013e-15,-9.491973407443386e-16,0.0
151.58,9.887997039532367,-9.385660495212012e-15,-9.491973407443386e-16,0.0
151.6,9.889984307582496,-9.38754680476054e-15,-9.491973407443386e-16,0.0
151.62,9.892719891179043,-9.390143413435766e-15,-9.491973407443386e-16,0.0
151.64,9.89511270112853,-9.392414662276726e-15,-9.491973407443386e-16,0.0
151.66,9.896421686824477,-9.39365714801839e-15,-9.491973407443386e-16,0.0
151.68,9.898621776700322,-9.395745467477941e-15,-9.491973407443386e-16,0.0
151.7,9.90102479624542,-9.398026407239904e-15,-9.491973407443386e-16,0.0
151.72,9.902669294696771,-9.399587360796786e-15,-9.491973407443386e-16,0.0
151.74,9.904102107689376,-9.40094738307915e-15,-9.491973407443386e-16,0.0
151.76,9.906394883940264,-9.403123680199415e-15,-9.491973407443386e-16,0.0
151.78,9.908086400571896,-9.404729263287987e-15,-9.491973407443386e-16,0.0
151.8,9.9095123505687,-9.406082771232988e-15,-9.491973407443386e-16,0.0
151.82,9.91161767500573,-9.408081139590019e-15,-9.491973407443386e-16,0.0
151.84,9.912954384941644,-9.409349941106537e-15,-9.491973407443386e-16,0.0
151.86,9.914959042309968,-9.411252756549653e-15,-9.491973407443386e-16,0.0
151.88,9.91703274628178,-9.413221110845187e-15,-9.491973407443386e-16,0.0
151.9,9.918928621936217,-9.415020670974762e-15,-9.491973407443386e-16,0.0
151.92,9.921077425176044,-9.417060309295789e-15,-9.491973407443386e-16,0.0
151.94,9.923000334669943,-9.418885529873889e-15,-9.491973407443386e-16,0.0
151.96,9.92451562902583,-9.420323843246941e-15,-9.491973407443386e-16,0.0
151.98,9.926392978812785,-9.422105818672366e-15,-9.491973407443386e-16,0.0
152.0,9.928611541148843,-9.424211672142027e-15,-9.491973407443386e-16,0.0
152.02,9.930617996006701,-9.426116193757429e-15,-9.491973407443386e-16,0.0
152.04,9.932476351925253,-9.427880140253476e-15,-9.491973407443386e-16,0.0
152.06,9.934804348607441,-9.43008986851347e-15,-9.491973407443386e-16,0.0
152.08,9.936176905374774,-9.431392695747043e-15,-9.491973407443386e-16,0.0
152.1,9.937435393835747,-9.432587249647556e-15,-9.491973407443386e-16,0.0
152.12,9.93842738029326,-9.433528840555083e-15,-9.491973407443386e-16,0.0
152.14,9.94005596016216,-9.435074684235833e-15,-9.491973407443386e-16,0.0
152.16,9.941805021591188,-9.436734888693065e-15,-9.491973407443386e-16,0.0
152.18,9.942136974064768,-9.437049977098241e-15,-9.491973407443386e-16,0.0
152.2,9.943521136115889,-9.438363820036325e-15,-9.491973407443386e-16,0.0
152.22,9.945431121990557,-9.44017677354942e-15,-9.491973407443386e-16,0.0
152.24,9.94628823685109,-9.44099034469575e-15,-9.491973407443386e-16,0.0
152.26,9.947439525388846,-9.442083144714216e-15,-9.491973407443386e-16,0.0
152.28,9.949381159516467,-9.443926138664852e-15,-9.491973407443386e-16,0.0
152.3,9.950511123793747,-9.444998697751981e-15,-9.491973407443386e-16,0.0
152.32,9.951927027095998,-9.446342669401228e-15,-9.491973407443386e-16,0.0
152.34,9.953107010931316,-9.447462706919834e-15,-9.491973407443386e-16,0.0
152.36,9.9538685422896,-9.44818555046001e-15,-9.491973407443386e-16,0.0
152.38,9.954922911651124,-9.449186355054132e-15,-9.491973407443386e-16,0.0
152.4,9.956547983200293,-9.450728868647124e-15,-9.491973407443386e-16,0.0
152.42,9.958658724283662,-9.452732378470458e-15,-9.491973407443386e-16,0.0
152.44,9.95962377346956,-9.453648400591399e-15,-9.491973407443386e-16,0.0
152.46,9.960989101298836,-9.454944366136192e-15,-9.491973407443386e-16,0.0
152.48,9.962604441103455,-9.456477642383134e-15,-9.491973407443386e-16,0.0
152.5,9.964038082028038,-9.457838450536332e-15,-9.491973407443386e-16,0.0
152.52,9.965936823756985,-9.459640731136209e-15,-9.491973407443386e-16,0.0
152.54,9.967558104183151,-9.461179646205326e-15,-9.491973407443386e-16,0.0
152.56,9.96903025078157,-9.46257700384173e-15,-9.491973407443386e-16,0.0
152.58,9.970151853856926,-9.463641626498228e-15,-9.491973407443386e-16,0.0
152.6,9.971314031303253,-9.464744762239755e-15,-9.491973407443386e-16,0.0
152.62,9.972524877030548,-9.465894093784154e-15,-9.491973407443386e-16,0.0
152.64,9.97409548329209,-9.467384909070965e-15,-9.491973407443386e-16,0.0
152.66,9.975317763330048,-9.468545094032641e-15,-9.491973407443386e-16,0.0
152.68,9.976797887947825,-9.469950024383803e-15,-9.491973407443386e-16,0.0
152.7,9.977932481579462,-9.471026977641779e-15,-9.491973407443386e-16,0.0
152.72,9.979603226615234,-9.472612844386797e-15,-9.491973407443386e-16,0.0
152.74,9.980795058563086,-9.47374412810231e-15,-9.491973407443386e-16,0.0
152.76,9.982740975697256,-9.475591187471374e-15,-9.491973407443386e-16,0.0
152.78,9.98365810788385,-9.476461726904e-15,-9.491973407443386e-16,0.0
152.8,9.984314320976681,-9.477084602626677e-15,-9.491973407443386e-16,0.0
152.82,9.985752005753353,-9.478449249193523e-15,-9.491973407443386e-16,0.0
152.84,9.986915290411021,-9.47955343589711e-15,-9.491973407443386e-16,0.0
152.86,9.98814259274547,-9.480718388009258e-15,-9.491973407443386e-16,0.0
152.88,9.989614391111953,-9.482115415104834e-15,-9.491973407443386e-16,0.0
152.9,9.992230838659715,-9.484598940159367e-15,-9.491973407443386e-16,0.0
152.92,9.993612920621452,-9.485910808682139e-15,-9.491973407443386e-16,0.0
152.94,9.994581240310854,-9.486829935156311e-15,-9.491973407443386e-16,0.0
152.96,9.996193625804969,-9.488360407179579e-15,-9.491973407443386e-16,0.0
152.98,9.997589022186165,-9.489684913713895e-15,-9.491973407443386e-16,0.0
153.0,9.998653780734305,-9.490695579696323e-15,-9.491973407443386e-16,0.0
153.02,10.000792103286894,-9.492725269776895e-15,-9.491973407443386e-16,0.0
153.04,10.002811031234353,-9.494641630815778e-15,-9.491973407443386e-16,0.0
153.06,10.00435643195696,-9.496108521072061e-15,-9.491973407443386e-16,0.0
153.08,10.006459114288225,-9.498104381549327e-15,-9.491973407443386e-16,0.0
153.1,10.008413558719026,-9.499959535005676e-15,-9.491973407443386e-16,0.0
153.12,10.009750266913535,-9.501228334869255e-15,-9.491973407443386e-16,0.0
153.14,10.011130955838736,-9.502538881125451e-15,-9.491973407443386e-16,0.0
153.16,10.013074226760203,-9.504383428716454e-15,-9.491973407443386e-16,0.0
153.18,10.014350712952707,-9.505595066015877e-15,-9.491973407443386e-16,0.0
153.2,10.015268425053598,-9.506466155901611e-15,-9.491973407443386e-16,0.0
153.22,10.01606151507051,-9.507218954836633e-15,-9.491973407443386e-16,0.0
153.24,10.017424609467605,-9.50851280041354e-15,-9.491973407443386e-16,0.0
153.26,10.019109744555541,-9.510112326157803e-15,-9.491973407443386e-16,0.0
153.28,10.02046052447057,-9.51139448286108e-15,-9.491973407443386e-16,0.0
153.3,10.0216565659199,-9.512529762224204e-15,-9.491973407443386e-16,0.0
153.32,10.022962794589468,-9.513769631003762e-15,-9.491973407443386e-16,0.0
153.34,10.023962336370225,-9.514718393404021e-15,-9.491973407443386e-16,0.0
153.36,10.025138133840656,-9.515834457236209e-15,-9.491973407443386e-16,0.0
153.38,10.026122799686325,-9.516769099438441e-15,-9.491973407443386e-16,0.0
153.4,10.027189685299469,-9.517781784425316e-15,-9.491973407443386e-16,0.0
153.42,10.028717076331889,-9.519231579931566e-15,-9.491973407443386e-16,0.0
153.44,10.030659469059714,-9.521075293943499e-15,-9.491973407443386e-16,0.0
153.46,10.031777330061406,-9.522136364633627e-15,-9.491973407443386e-16,0.0
153.48,10.033108724633482,-9.523400120820923e-15,-9.491973407443386e-16,0.0
153.5,10.034894567177549,-9.525095237814738e-15,-9.491973407443386e-16,0.0
153.52,10.035767036746272,-9.52592338360925e-15,-9.491973407443386e-16,0.0
153.54,10.03735325177909,-9.52742901470025e-15,-9.491973407443386e-16,0.0
153.56,10.038367366895185,-9.528391610071656e-15,-9.491973407443386e-16,0.0
153.58,10.039104441621113,-9.529091239441437e-15,-9.491973407443386e-16,0.0
153.6,10.040741831072044,-9.530645445154023e-15,-9.491973407443386e-16,0.0
153.62,10.041910464637981,-9.531754709027115e-15,-9.491973407443386e-16,0.0
153.64,10.043366900705536,-9.5331371542694e-15,-9.491973407443386e-16,0.0
153.66,10.045801131025105,-9.535447719215494e-15,-9.491973407443386e-16,0.0
153.68,10.046397666405545,-9.536013949012267e-15,-9.491973407443386e-16,0.0
153.7,10.04846835164193,-9.537979437932161e-15,-9.491973407443386e-16,0.0
153.72,10.049705473653903,-9.539153710856102e-15,-9.491973407443386e-16,0.0
153.74,10.051342327911685,-9.540707408564775e-15,-9.491973407443386e-16,0.0
153.76,10.053090125304532,-9.542366413202224e-15,-9.491973407443386e-16,0.0
153.78,10.054475758465074,-9.543681652513457e-15,-9.491973407443386e-16,0.0
153.8,10.055719294762746,-9.544862013860325e-15,-9.491973407443386e-16,0.0
153.82,10.056738318413563,-9.545829268399836e-15,-9.491973407443386e-16,0.0
153.84,10.058476205988034,-9.547478866664036e-15,-9.491973407443386e-16,0.0
153.86,10.060384483223647,-9.549290198341481e-15,-9.491973407443386e-16,0.0
153.88,10.062143314897394,-9.550959676689018e-15,-9.491973407443386e-16,0.0
153.9,10.063959431219862,-9.552683529472787e-15,-9.491973407443386e-16,0.0
153.92,10.06589153929515,-9.554517481319881e-15,-9.491973407443386e-16,0.0
153.94,10.067815860018655,-9.556344041433372e-15,-9.491973407443386e-16,0.0
153.96,10.069639314022206,-9.558074859124513e-15,-9.491973407443386e-16,0.0
153.98,10.070689384388881,-9.559071583124156e-15,-9.491973407443386e-16,0.0
154.0,10.072716146798156,-9.56099538061336e-15,-9.491973407443386e-16,0.0
154.02,10.074494070813559,-9.562682981360827e-15,-9.491973407443386e-16,0.0
154.04,10.075956801433396,-9.564071401375401e-15,-9.491973407443386e-16,0.0
154.06,10.077220160584758,-9.56527057852228e-15,-9.491973407443386e-16,0.0
154.08,10.078283581300873,-9.566279974638109e-15,-9.491973407443386e-16,0.0
154.1,10.07971194058144,-9.56763576946885e-15,-9.491973407443386e-16,0.0
154.12,10.081151103923888,-9.5690018194864e-15,-9.491973407443386e-16,0.0
154.14,10.082140976758998,-9.569941404149162e-15,-9.491973407443386e-16,0.0
154.16,10.083673747294176,-9.571396305865126e-15,-9.491973407443386e-16,0.0
154.18,10.085044495895435,-9.572697416792268e-15,-9.491973407443386e-16,0.0
154.2,10.086662403113147,-9.574233130020891e-15,-9.491973407443386e-16,0.0
154.22,10.088057652104112,-9.575557496652792e-15,-9.491973407443386e-16,0.0
154.24,10.08937063544292,-9.576803776946431e-15,-9.491973407443386e-16,0.0
154.26,10.09026610649146,-9.57765375568442e-15,-9.491973407443386e-16,0.0
154.28,10.091932073684456,-9.579235087313778e-15,-9.491973407443386e-16,0.0
154.3,10.09366317417633,-9.580878243297226e-15,-9.491973407443386e-16,0.0
154.32,10.09514875372665,-9.582288351455854e-15,-9.491973407443386e-16,0.0
154.34,10.096425541332842,-9.583500274856346e-15,-9.491973407443386e-16,0.0
154.36,10.097456742649575,-9.584479088403961e-15,-9.491973407443386e-16,0.0
154.38,10.098915113658835,-9.585863370287769e-15,-9.491973407443386e-16,0.0
154.4,10.099788745335575,-9.58669261915212e-15,-9.491973407443386e-16,0.0
154.42,10.101027993307298,-9.587868910031403e-15,-9.491973407443386e-16,0.0
154.44,10.10308379219015,-9.58982026886411e-15,-9.491973407443386e-16,0.0
154.46,10.105276039756264,-9.59190114442412e-15,-9.491973407443386e-16,0.0
154.48,10.10643880140805,-9.593004834691915e-15,-9.491973407443386e-16,0.0
154.5,10.107854398039075,-9.59434851524965e-15,-9.491973407443386e-16,0.0
154.52,10.109378737016973,-9.595795413753864e-15,-9.491973407443386e-16,0.0
154.54,10.11111587174056,-9.597444297414006e-15,-9.491973407443386e-16,0.0
154.56,10.111818154232722,-9.598110902088016e-15,-9.491973407443386e-16,0.0
154.58,10.112862428892203,-9.599102124817801e-15,-9.491973407443386e-16,0.0
154.6,10.11407125944072,-9.600249543559863e-15,-9.491973407443386e-16,0.0
154.62,10.115571938829008,-9.601673984444537e-15,-9.491973407443386e-16,0.0
154.64,10.117079677627279,-9.603105126102392e-15,-9.491973407443386e-16,0.0
154.66,10.118849232600212,-9.604784782977e-15,-9.491973407443386e-16,0.0
154.68,10.120508744722523,-9.606359987470431e-15,-9.491973407443386e-16,0.0
154.7,10.122168540557356,-9.607935461263033e-15,-9.491973407443386e-16,0.0
154.72,10.123728526143134,-9.609416195432654e-15,-9.491973407443386e-16,0.0
154.74,10.125341645352995,-9.610947363896956e-15,-9.491973407443386e-16,0.0
154.76,10.127122622497655,-9.612637862666594e-15,-9.491973407443386e-16,0.0
154.78,10.127985267253607,-9.613456682774951e-15,-9.491973407443386e-16,0.0
154.8,10.129084146967989,-9.614499736477642e-15,-9.491973407443386e-16,0.0
154.82,10.13104532741066,-9.616361283738546e-15,-9.491973407443386e-16,0.0
154.84,10.13261832565764,-9.617854369491574e-15,-9.491973407443386e-16,0.0
154.86,10.133496106197075,-9.618687556445362e-15,-9.491973407443386e-16,0.0
154.88,10.135446814182135,-9.62053916327735e-15,-9.491973407443386e-16,0.0
154.9,10.13661127778076,-9.621644469028559e-15,-9.491973407443386e-16,0.0
154.92,10.138972414991722,-9.623885654190335e-15,-9.491973407443386e-16,0.0
154.94,10.140334246594092,-9.625178301125846e-15,-9.491973407443386e-16,0.0
154.96,10.141764901818163,-9.626536275260056e-15,-9.491973407443386e-16,0.0
154.98,10.142486514934463,-9.627221228511094e-15,-9.491973407443386e-16,0.0
155.0,10.144098940471709,-9.628751738543196e-15,-9.491973407443386e-16,0.0
155.02,10.144717221752305,-9.62933860949057e-15,-9.491973407443386e-16,0.0
155.04,10.146622368511023,-9.631146969727672e-15,-9.491973407443386e-16,0.0
155.06,10.148184012579664,-9.632629278124815e-15,-9.491973407443386e-16,0.0
155.08,10.149769181199442,-9.634133915963338e-15,-9.491973407443386e-16,0.0
155.1,10.151089820725412,-9.63538746348947e-15,-9.491973407443386e-16,0.0
155.12,10.152761786867147,-9.63697448930502e-15,-9.491973407443386e-16,0.0
155.14,10.154532786592215,-9.638655517534514e-15,-9.491973407443386e-16,0.0
155.16,10.156171602511304,-9.640211077246884e-15,-9.491973407443386e-16,0.0
155.18,10.157510447671251,-9.641481905512376e-15,-9.491973407443386e-16,0.0
155.2,10.158550924682242,-9.642469523524313e-15,-9.491973407443386e-16,0.0
155.22,10.159721507616066,-9.643580637732218e-15,-9.491973407443386e-16,0.0
155.24,10.161054197933847,-9.644845623837892e-15,-9.491973407443386e-16,0.0
155.26,10.162784805321445,-9.646488311768072e-15,-9.491973407443386e-16,0.0
155.28,10.164184845258873,-9.647817225953614e-15,-9.491973407443386e-16,0.0
155.3,10.165578437472687,-9.649140019977048e-15,-9.491973407443386e-16,0.0
155.32,10.167332358308393,-9.650804836970175e-15,-9.491973407443386e-16,0.0
155.34,10.16814397838673,-9.651575224590228e-15,-9.491973407443386e-16,0.0
155.36,10.168978722742793,-9.652367561713204e-15,-9.491973407443386e-16,0.0
155.38,10.170451515793863,-9.653765532960746e-15,-9.491973407443386e-16,0.0
155.4,10.172237052750713,-9.65546035989199e-15,-9.491973407443386e-16,0.0
155.42,10.173740078509026,-9.65688702794485e-15,-9.491973407443386e-16,0.0
155.44,10.175192996614555,-9.658266133946939e-15,-9.491973407443386e-16,0.0
155.46,10.176250120950465,-9.65926955355542e-15,-9.491973407443386e-16,0.0
155.48,10.177303601744075,-9.66026951472324e-15,-9.491973407443386e-16,0.0
155.5,10.178878626751644,-9.66176452427203e-15,-9.491973407443386e-16,0.0
155.52,10.179664868611262,-9.66251082295436e-15,-9.491973407443386e-16,0.0
155.54,10.179814174135727,-9.662652543361141e-15,-9.491973407443386e-16,0.0
155.56,10.18094148903828,-9.663722587668828e-15,-9.491973407443386e-16,0.0
155.58,10.182606539409946,-9.665303049053818e-15,-9.491973407443386e-16,0.0
155.6,10.184014308248821,-9.666639299492061e-15,-9.491973407443386e-16,0.0
155.62,10.18495967748637,-9.667536641458362e-15,-9.491973407443386e-16,0.0
155.64,10.186287282361732,-9.668796800475616e-15,-9.491973407443386e-16,0.0
155.66,10.187097114560103,-9.669565491044759e-15,-9.491973407443386e-16,0.0
155.68,10.187620687206575,-9.670062464808476e-15,-9.491973407443386e-16,0.0
155.7,10.18912079181892,-9.671486360117351e-15,-9.491973407443386e-16,0.0
155.72,10.190307782481161,-9.672613048497439e-15,-9.491973407443386e-16,0.0
155.74,10.191573260265697,-9.673814236645291e-15,-9.491973407443386e-16,0.0
155.76,10.193126127057685,-9.675288213674777e-15,-9.491973407443386e-16,0.0
155.78,10.194555398823557,-9.676644874634144e-15,-9.491973407443386e-16,0.0
155.8,10.196094123953431,-9.678105428435556e-15,-9.491973407443386e-16,0.0
155.82,10.198162891110167,-9.68006909671935e-15,-9.491973407443386e-16,0.0
155.84,10.19988948290825,-9.68170797306264e-15,-9.491973407443386e-16,0.0
155.86,10.2015509038828,-9.683284989433542e-15,-9.491973407443386e-16,0.0
155.88,10.202804346491261,-9.684474753824268e-15,-9.491973407443386e-16,0.0
155.9,10.204198002303649,-9.685797608215299e-15,-9.491973407443386e-16,0.0
155.92,10.205528181105844,-9.687060210397057e-15,-9.491973407443386e-16,0.0
155.94,10.206935029041746,-9.688395586716647e-15,-9.491973407443386e-16,0.0
155.96,10.208341613506121,-9.689730712949764e-15,-9.491973407443386e-16,0.0
155.98,10.209982953963031,-9.691288668946718e-15,-9.491973407443386e-16,0.0
156.0,10.210927021302231,-9.692184775154569e-15,-9.491973407443386e-16,0.0
156.02,10.21265912824334,-9.693828886456954e-15,-9.491973407443386e-16,0.0
156.04,10.213949697385885,-9.695053891255104e-15,-9.491973407443386e-16,0.0
156.06,10.214725590175842,-9.695790366628034e-15,-9.491973407443386e-16,0.0
156.08,10.21598716776545,-9.696987852721233e-15,-9.491973407443386e-16,0.0
156.1,10.217275152747076,-9.698210404640712e-15,-9.491973407443386e-16,0.0
156.12,10.218581063811817,-9.699449971950612e-15,-9.491973407443386e-16,0.0
156.14,10.220383971179038,-9.701161286829186e-15,-9.491973407443386e-16,0.0
156.16,10.22150517645909,-9.702225531899439e-15,-9.491973407443386e-16,0.0
156.18,10.222895211188266,-9.703544949167916e-15,-9.491973407443386e-16,0.0
156.2,10.224754539490892,-9.70530981864834e-15,-9.491973407443386e-16,0.0
156.22,10.225129782045164,-9.705665997882989e-15,-9.491973407443386e-16,0.0
156.24,10.226412406671741,-9.70688346176771e-15,-9.491973407443386e-16,0.0
156.26,10.22821642257522,-9.708595828865953e-15,-9.491973407443386e-16,0.0
156.28,10.229950616442014,-9.71024192107265e-15,-9.491973407443386e-16,0.0
156.3,10.231741439445996,-9.711941765505772e-15,-9.491973407443386e-16,0.0
156.32,10.23337314448302,-9.713490575587795e-15,-9.491973407443386e-16,0.0
156.34,10.234459217715848,-9.71452147341225e-15,-9.491973407443386e-16,0.0
156.36,10.235538959879678,-9.715546361802846e-15,-9.491973407443386e-16,0.0
156.38,10.237063864239452,-9.716993796966032e-15,-9.491973407443386e-16,0.0
156.4,10.238480362680777,-9.718338333519706e-15,-9.491973407443386e-16,0.0
156.42,10.23975801301367,-9.71955107581809e-15,-9.491973407443386e-16,0.0
156.44,10.241058162158211,-9.720785173928657e-15,-9.491973407443386e-16,0.0
156.46,10.242809893091515,-9.722447912272249e-15,-9.491973407443386e-16,0.0
156.48,10.24470030962494,-9.724242290618675e-15,-9.491973407443386e-16,0.0
156.5,10.246084293008456,-9.725555963965942e-15,-9.491973407443386e-16,0.0
156.52,10.247706147415197,-9.727095423855894e-15,-9.491973407443386e-16,0.0
156.54,10.249972475112253,-9.729246616079196e-15,-9.491973407443386e-16,0.0
156.56,10.251309702511021,-9.730515908770076e-15,-9.491973407443386e-16,0.0
156.58,10.252193907284212,-9.731355193589463e-15,-9.491973407443386e-16,0.0
156.6,10.253841039199399,-9.732918646823213e-15,-9.491973407443386e-16,0.0
156.62,10.2553845723662,-9.734383764400491e-15,-9.491973407443386e-16,0.0
156.64,10.256823128000956,-9.735749237583515e-15,-9.491973407443386e-16,0.0
156.66,10.258499960741322,-9.737340882761544e-15,-9.491973407443386e-16,0.0
156.68,10.259399903253627,-9.738195105801046e-15,-9.491973407443386e-16,0.0
156.7,10.26135718468595,-9.740052952131696e-15,-9.491973407443386e-16,0.0
156.72,10.262563156964763,-9.741197657811757e-15,-9.491973407443386e-16,0.0
156.74,10.263987872814296,-9.742549994307448e-15,-9.491973407443386e-16,0.0
156.76,10.264998988589932,-9.743509742712866e-15,-9.491973407443386e-16,0.0
156.78,10.266550702407136,-9.744982625341753e-15,-9.491973407443386e-16,0.0
156.8,10.26822041444762,-9.746567511570389e-15,-9.491973407443386e-16,0.0
156.82,10.269022449990484,-9.747328801574856e-15,-9.491973407443386e-16,0.0
156.84,10.270239419388098,-9.748483945690837e-15,-9.491973407443386e-16,0.0
156.86,10.271389072559304,-9.749575193423724e-15,-9.491973407443386e-16,0.0
156.88,10.272935337192973,-9.75104290370209e-15,-9.491973407443386e-16,0.0
156.9,10.274476335229656,-9.752505614940602e-15,-9.491973407443386e-16,0.0
156.92,10.275538038364802,-9.753513380733143e-15,-9.491973407443386e-16,0.0
156.94,10.276668358057684,-9.754586277179818e-15,-9.491973407443386e-16,0.0
156.96,10.277556165233237,-9.755428981389946e-15,-9.491973407443386e-16,0.0
156.98,10.279098750274024,-9.756893199008533e-15,-9.491973407443386e-16,0.0
157.0,10.280910339899558,-9.758612755063611e-15,-9.491973407443386e-16,0.0
157.02,10.28289709159363,-9.760498574488345e-15,-9.491973407443386e-16,0.0
157.04,10.284531173886489,-9.762049641055284e-15,-9.491973407443386e-16,0.0
157.06,10.284922702322921,-9.762421278805973e-15,-9.491973407443386e-16,0.0
157.08,10.286770155943165,-9.764174876869456e-15,-9.491973407443386e-16,0.0
157.1,10.288459468085426,-9.765778367462579e-15,-9.491973407443386e-16,0.0
157.12,10.289502917959004,-9.766768807307777e-15,-9.491973407443386e-16,0.0
157.14,10.291432352399282,-9.76860022134763e-15,-9.491973407443386e-16,0.0
157.16,10.292538694239138,-9.769650358079976e-15,-9.491973407443386e-16,0.0
157.18,10.294356237272025,-9.771375565093481e-15,-9.491973407443386e-16,0.0
157.2,10.296706915442664,-9.773606822561999e-15,-9.491973407443386e-16,0.0
157.22,10.298068223517445,-9.774898972566515e-15,-9.491973407443386e-16,0.0
157.24,10.300291554052976,-9.777009351998436e-15,-9.491973407443386e-16,0.0
157.26,10.301846389662636,-9.778485197824421e-15,-9.491973407443386e-16,0.0
157.28,10.30320474402445,-9.779774544172443e-15,-9.491973407443386e-16,0.0
157.3,10.304339790696867,-9.780851927455521e-15,-9.491973407443386e-16,0.0
157.32,10.306019790186758,-9.782446578503777e-15,-9.491973407443386e-16,0.0
157.34,10.307267310714284,-9.78363072167103e-15,-9.491973407443386e-16,0.0
157.36,10.308180169038264,-9.784497204364629e-15,-9.491973407443386e-16,0.0
157.38,10.309013626968882,-9.785288320415993e-15,-9.491973407443386e-16,0.0
157.4,10.310180386593668,-9.786395805549127e-15,-9.491973407443386e-16,0.0
157.42,10.31166560397084,-9.787805569933967e-15,-9.491973407443386e-16,0.0
157.44,10.312831073646837,-9.788911830651144e-15,-9.491973407443386e-16,0.0
157.46,10.313875728924145,-9.789903414662359e-15,-9.491973407443386e-16,0.0
157.48,10.315143486527187,-9.791106766807874e-15,-9.491973407443386e-16,0.0
157.5,10.31587352895582,-9.791799721139763e-15,-9.491973407443386e-16,0.0
157.52,10.317105645945533,-9.792969243309886e-15,-9.491973407443386e-16,0.0
157.54,10.318431078616488,-9.794227340476492e-15,-9.491973407443386e-16,0.0
157.56,10.319456109840969,-9.79520029738895e-15,-9.491973407443386e-16,0.0
157.58,10.320839559081893,-9.79651346372949e-15,-9.491973407443386e-16,0.0
157.6,10.322172840707216,-9.79777901110271e-15,-9.491973407443386e-16,0.0
157.62,10.323609305844883,-9.799142499991456e-15,-9.491973407443386e-16,0.0
157.64,10.324664572109198,-9.80014415592332e-15,-9.491973407443386e-16,0.0
157.66,10.3261817279222,-9.801584236186517e-15,-9.491973407443386e-16,0.0
157.68,10.327591705025492,-9.802922582703473e-15,-9.491973407443386e-16,0.0
157.7,10.328908124449953,-9.804172124520476e-15,-9.491973407443386e-16,0.0
157.72,10.329896530661147,-9.805110317067717e-15,-9.491973407443386e-16,0.0
157.74,10.332147430984183,-9.807246865668623e-15,-9.491973407443386e-16,0.0
157.76,10.33322440676911,-9.808269128219723e-15,-9.491973407443386e-16,0.0
157.78,10.33458867373093,-9.80956408679195e-15,-9.491973407443386e-16,0.0
157.8,10.335785734618026,-9.81070033380269e-15,-9.491973407443386e-16,0.0
157.82,10.336791109049225,-9.811654632539236e-15,-9.491973407443386e-16,0.0
157.84,10.338461984858041,-9.813240623413679e-15,-9.491973407443386e-16,0.0
157.86,10.339850083308654,-9.814558202771694e-15,-9.491973407443386e-16,0.0
157.88,10.341191659131828,-9.815831622975458e-15,-9.491973407443386e-16,0.0
157.9,10.34208613399867,-9.816680656140426e-15,-9.491973407443386e-16,0.0
157.92,10.344593126735317,-9.819060286979317e-15,-9.491973407443386e-16,0.0
157.94,10.346443195450684,-9.820816367284139e-15,-9.491973407443386e-16,0.0
157.96,10.348492171033998,-9.822761249459071e-15,-9.491973407443386e-16,0.0
157.98,10.349883300617366,-9.824081705960235e-15,-9.491973407443386e-16,0.0
158.0,10.351206904791646,-9.825338067522659e-15,-9.491973407443386e-16,0.0
158.02,10.352107188627219,-9.8261926145453e-15,-9.491973407443386e-16,0.0
158.04,10.353202578678058,-9.827232355868633e-15,-9.491973407443386e-16,0.0
158.06,10.354782900317211,-9.828732392966038e-15,-9.491973407443386e-16,0.0
158.08,10.355493729618876,-9.829407110248903e-15,-9.491973407443386e-16,0.0
158.1,10.355818976283018,-9.829715833517592e-15,-9.491973407443386e-16,0.0
158.12,10.357371990255057,-9.831189950249991e-15,-9.491973407443386e-16,0.0
158.14,10.357972066580054,-9.831759541101921e-15,-9.491973407443386e-16,0.0
158.16,10.359525379067831,-9.833233941184666e-15,-9.491973407443386e-16,0.0
158.18,10.361061131550098,-9.834691673356876e-15,-9.491973407443386e-16,0.0
158.2,10.363174132279319,-9.836697328030043e-15,-9.491973407443386e-16,0.0
158.22,10.364528910547556,-9.837983279959551e-15,-9.491973407443386e-16,0.0
158.24,10.36610288990567,-9.839477296980662e-15,-9.491973407443386e-16,0.0
158.26,10.367943796458619,-9.841224680585279e-15,-9.491973407443386e-16,0.0
158.28,10.369370372789696,-9.842578783045107e-15,-9.491973407443386e-16,0.0
158.3,10.371204073463828,-9.844319326848713e-15,-9.491973407443386e-16,0.0
158.32,10.372649831308957,-9.84569163635067e-15,-9.491973407443386e-16,0.0
158.34,10.374272659763927,-9.847232020804611e-15,-9.491973407443386e-16,0.0
158.36,10.375695201733679,-9.848582293859398e-15,-9.491973407443386e-16,0.0
158.38,10.376988814706591,-9.849810187853238e-15,-9.491973407443386e-16,0.0
158.4,10.377878581272174,-9.850654751911172e-15,-9.491973407443386e-16,0.0
158.42,10.378879348307517,-9.851604677319825e-15,-9.491973407443386e-16,0.0
158.44,10.380347056815136,-9.852997822332245e-15,-9.491973407443386e-16,0.0
158.46,10.38174456763885,-9.854324335889774e-15,-9.491973407443386e-16,0.0
158.48,10.383102595550818,-9.855613372372472e-15,-9.491973407443386e-16,0.0
158.5,10.384593380117483,-9.857028421118772e-15,-9.491973407443386e-16,0.0
158.52,10.385346280265404,-9.857743071937024e-15,-9.491973407443386e-16,0.0
158.54,10.386526807452297,-9.8588636252035e-15,-9.491973407443386e-16,0.0
158.56,10.38841604060464,-9.860656880287751e-15,-9.491973407443386e-16,0.0
158.58,10.390177139563944,-9.86232851073671e-15,-9.491973407443386e-16,0.0
158.6,10.391278763650002,-9.863374169389696e-15,-9.491973407443386e-16,0.0
158.62,10.392219472102228,-9.864267087350966e-15,-9.491973407443386e-16,0.0
158.64,10.39448310612118,-9.866415722742175e-15,-9.491973407443386e-16,0.0
158.66,10.395867674392251,-9.867729951263154e-15,-9.491973407443386e-16,0.0
158.68,10.3978429835876,-9.869604909498526e-15,-9.491973407443386e-16,0.0
158.7,10.399156169837593,-9.870851382394921e-15,-9.491973407443386e-16,0.0
158.72,10.40048225687013,-9.872110100679801e-15,-9.491973407443386e-16,0.0
158.74,10.402512022889637,-9.874036749187849e-15,-9.491973407443386e-16,0.0
158.76,10.40350882042855,-9.874982906761046e-15,-9.491973407443386e-16,0.0
158.78,10.404717192305391,-9.876129890133175e-15,-9.491973407443386e-16,0.0
158.8,10.406211775613794,-9.877548544635032e-15,-9.491973407443386e-16,0.0
158.82,10.40728101162731,-9.878563460615688e-15,-9.491973407443386e-16,0.0
158.84,10.408502009356814,-9.879722428413589e-15,-9.491973407443386e-16,0.0
158.86,10.410007403632862,-9.881151344657185e-15,-9.491973407443386e-16,0.0
158.88,10.411648858107078,-9.882709408879063e-15,-9.491973407443386e-16,0.0
158.9,10.413174979571389,-9.884157999314638e-15,-9.491973407443386e-16,0.0
158.92,10.415389968778166,-9.88626046117949e-15,-9.491973407443386e-16,0.0
158.94,10.41780508995489,-9.88855288777801e-15,-9.491973407443386e-16,0.0
158.96,10.418915990869936,-9.889607351972404e-15,-9.491973407443386e-16,0.0
158.98,10.420317050605192,-9.890937234147333e-15,-9.491973407443386e-16,0.0
159.0,10.421293412042575,-9.891863993827302e-15,-9.491973407443386e-16,0.0
159.02,10.422931914835125,-9.893419256320793e-15,-9.491973407443386e-16,0.0
159.04,10.42452171596984,-9.894928291330178e-15,-9.491973407443386e-16,0.0
159.06,10.42558887880771,-9.895941239458025e-15,-9.491973407443386e-16,0.0
159.08,10.426826513422876,-9.897115998943554e-15,-9.491973407443386e-16,0.0
159.1,10.428512544364686,-9.898716375029933e-15,-9.491973407443386e-16,0.0
159.12,10.430431332126151,-9.900537683270569e-15,-9.491973407443386e-16,0.0
159.14,10.432004220015054,-9.902030664272005e-15,-9.491973407443386e-16,0.0
159.16,10.433294035635072,-9.903254953828576e-15,-9.491973407443386e-16,0.0
159.18,10.434645495895296,-9.904537756313701e-15,-9.491973407443386e-16,0.0
159.2,10.43603429817968,-9.905856003748858e-15,-9.491973407443386e-16,0.0
159.22,10.438000112797035,-9.907721949756048e-15,-9.491973407443386e-16,0.0
159.24,10.439534574824705,-9.909178457032187e-15,-9.491973407443386e-16,0.0
159.26,10.440922376297733,-9.910495754499866e-15,-9.491973407443386e-16,0.0
159.28,10.44148305710315,-9.911027951229375e-15,-9.491973407443386e-16,0.0
159.3,10.443239871751027,-9.91269551502132e-15,-9.491973407443386e-16,0.0
159.32,10.44429554566658,-9.913697557894655e-15,-9.491973407443386e-16,0.0
159.34,10.445646828867018,-9.914980192315103e-15,-9.491973407443386e-16,0.0
159.36,10.447274494577321,-9.916525168278943e-15,-9.491973407443386e-16,0.0
159.38,10.449623714459834,-9.918755041544248e-15,-9.491973407443386e-16,0.0
159.4,10.451513585232085,-9.92054890185562e-15,-9.491973407443386e-16,0.0
159.42,10.453489169981472,-9.922424121646153e-15,-9.491973407443386e-16,0.0
159.44,10.45518121808697,-9.924030209208304e-15,-9.491973407443386e-16,0.0
159.46,10.456545307700896,-9.925324999442379e-15,-9.491973407443386e-16,0.0
159.48,10.45833117182214,-9.927020136917193e-15,-9.491973407443386e-16,0.0
159.5,10.459946085020935,-9.928553008231022e-15,-9.491973407443386e-16,0.0
159.52,10.461094800808365,-9.929643366201721e-15,-9.491973407443386e-16,0.0
159.54,10.462590088914846,-9.931062689696039e-15,-9.491973407443386e-16,0.0
159.56,10.463722870259327,-9.932137922735866e-15,-9.491973407443386e-16,0.0
159.58,10.464338052623235,-9.93272185219976e-15,-9.491973407443386e-16,0.0
159.6,10.465695860481581,-9.934010679808143e-15,-9.491973407443386e-16,0.0
159.62,10.46724167172447,-9.935477959729185e-15,-9.491973407443386e-16,0.0
159.64,10.46859064552486,-9.936758402073249e-15,-9.491973407443386e-16,0.0
159.66,10.469789980999781,-9.937896808116706e-15,-9.491973407443386e-16,0.0
159.68,10.471516790236393,-9.93953589085207e-15,-9.491973407443386e-16,0.0
159.7,10.472454061909447,-9.940425546631689e-15,-9.491973407443386e-16,0.0
159.72,10.474004417611658,-9.941897140141435e-15,-9.491973407443386e-16,0.0
159.74,10.475082610961117,-9.942920558401551e-15,-9.491973407443386e-16,0.0
159.76,10.476131134999152,-9.94391581463016e-15,-9.491973407443386e-16,0.0
159.78,10.47675484945214,-9.944507842730321e-15,-9.491973407443386e-16,0.0
159.8,10.477681936129422,-9.945387830939036e-15,-9.491973407443386e-16,0.0
159.82,10.479224457568229,-9.946851988186794e-15,-9.491973407443386e-16,0.0
159.84,10.480428659063335,-9.947995013043669e-15,-9.491973407443386e-16,0.0
159.86,10.482215443741618,-9.949691024308777e-15,-9.491973407443386e-16,0.0
159.88,10.483563376207032,-9.950970478220451e-15,-9.491973407443386e-16,0.0
159.9,10.485099781017135,-9.952428829580508e-15,-9.491973407443386e-16,0.0
159.92,10.485857161617831,-9.95314773323262e-15,-9.491973407443386e-16,0.0
159.94,10.487005182975764,-9.954237432052687e-15,-9.491973407443386e-16,0.0
159.96,10.488687859229834,-9.955834623878384e-15,-9.491973407443386e-16,0.0
159.98,10.490060995394604,-9.957138001074462e-15,-9.491973407443386e-16,0.0
160.0,10.492080361309942,-9.959054777831291e-15,-9.491973407443386e-16,0.0
160.02,10.493808106704499,-9.960694749165288e-15,-9.491973407443386e-16,0.0
160.04,10.494853096088722,-9.961686650309898e-15,-9.491973407443386e-16,0.0
160.06,10.496174485214377,-9.962940909354057e-15,-9.491973407443386e-16,0.0
160.08,10.497867346557367,-9.964547768839072e-15,-9.491973407443386e-16,0.0
160.1,10.499676209596517,-9.966264736825604e-15,-9.491973407443386e-16,0.0
160.12,10.500848240868931,-9.967377225792648e-15,-9.491973407443386e-16,0.0
160.14,10.502330343480157,-9.968784033649933e-15,-9.491973407443386e-16,0.0
160.16,10.503947805722479,-9.970319324509099e-15,-9.491973407443386e-16,0.0
160.18,10.50516798060571,-9.971477511263506e-15,-9.491973407443386e-16,0.0
160.2,10.506472258335398,-9.972715528216117e-15,-9.491973407443386e-16,0.0
160.22,10.507964563162377,-9.974132019989464e-15,-9.491973407443386e-16,0.0
160.24,10.509841983370348,-9.97591406225833e-15,-9.491973407443386e-16,0.0
160.26,10.511109070644162,-9.977116778129125e-15,-9.491973407443386e-16,0.0
160.28,10.512315152432889,-9.978261587755706e-15,-9.491973407443386e-16,0.0
160.3,10.514055238722724,-9.979913273034684e-15,-9.491973407443386e-16,0.0
160.32,10.51591346960612,-9.981677100847692e-15,-9.491973407443386e-16,0.0
160.34,10.516966135155347,-9.982676288187712e-15,-9.491973407443386e-16,0.0
160.36,10.51814314090148,-9.983793498911982e-15,-9.491973407443386e-16,0.0
160.38,10.520371001226238,-9.985908178007792e-15,-9.491973407443386e-16,0.0
160.4,10.522222080071263,-9.987665217124999e-15,-9.491973407443386e-16,0.0
160.42,10.523274284451283,-9.988663966724433e-15,-9.491973407443386e-16,0.0
160.44,10.524798888608881,-9.990111116936513e-15,-9.491973407443386e-16,0.0
160.46,10.526147982318584,-9.991391673098178e-15,-9.491973407443386e-16,0.0
160.48,10.527619921438168,-9.992788833796224e-15,-9.491973407443386e-16,0.0
160.5,10.529427197851351,-9.994504295761608e-15,-9.491973407443386e-16,0.0
160.52,10.531113761592476,-9.996105177579679e-15,-9.491973407443386e-16,0.0
160.54,10.532996375631141,-9.99789214981883e-15,-9.491973407443386e-16,0.0
160.56,10.53378126047158,-9.998637160422163e-15,-9.491973407443386e-16,0.0
160.58,10.535592751830595,-1.0000356623202922e-14,-9.491973407443386e-16,0.0
160.6,10.536839358362545,-1.0001539898808003e-14,-9.491973407443386e-16,0.0
160.62,10.538462708920862,-1.0003080778841054e-14,-9.491973407443386e-16,0.0
160.64,10.539011832372257,-1.0003602005360857e-14,-9.491973407443386e-16,0.0
160.66,10.540090063473725,-1.0004625459455079e-14,-9.491973407443386e-16,0.0
160.68,10.541788082291077,-1.0006237214401043e-14,-9.491973407443386e-16,0.0
160.7,10.543091572971514,-1.0007474484288598e-14,-9.491973407443386e-16,0.0
160.72,10.544276783484072,-1.000859948295534e-14,-9.491973407443386e-16,0.0
160.74,10.545556733757278,-1.0009814408350953e-14,-9.491973407443386e-16,0.0
160.76,10.54709046959866,-1.0011270226332996e-14,-9.491973407443386e-16,0.0
160.78,10.548583450046614,-1.0012687359403978e-14,-9.491973407443386e-16,0.0
160.8,10.549697149999838,-1.0013744480437965e-14,-9.491973407443386e-16,0.0
160.82,10.551290203810952,-1.0015256602879137e-14,-9.491973407443386e-16,0.0
160.84,10.55281081178493,-1.0016699959924352e-14,-9.491973407443386e-16,0.0
160.86,10.553372163658375,-1.0017232793629848e-14,-9.491973407443386e-16,0.0
160.88,10.555048454562728,-1.0018823924498574e-14,-9.491973407443386e-16,0.0
160.9,10.556589181559053,-1.0020286378466298e-14,-9.491973407443386e-16,0.0
160.92,10.557942415870514,-1.0021570864876142e-14,-9.491973407443386e-16,0.0
160.94,10.55929485603005,-1.002285459747909e-14,-9.491973407443386e-16,0.0
160.96,10.560616199181982,-1.0024108812885116e-14,-9.491973407443386e-16,0.0
160.98,10.562161948291852,-1.0025576033829662e-14,-9.491973407443386e-16,0.0
161.0,10.56376380787215,-1.0027096514683525e-14,-9.491973407443386e-16,0.0
161.02,10.565458513558994,-1.0028705124814823e-14,-9.491973407443386e-16,0.0
161.04,10.56675809696601,-1.0029938685928838e-14,-9.491973407443386e-16,0.0
161.06,10.567745195676807,-1.0030875637400179e-14,-9.491973407443386e-16,0.0
161.08,10.568529620151155,-1.0031620211025246e-14,-9.491973407443386e-16,0.0
161.1,10.569832031647225,-1.003285645655387e-14,-9.491973407443386e-16,0.0
161.12,10.57109368672324,-1.003405401619696e-14,-9.491973407443386e-16,0.0
161.14,10.572273527136876,-1.0035173917580086e-14,-9.491973407443386e-16,0.0
161.16,10.573279744402265,-1.0036129016332605e-14,-9.491973407443386e-16,0.0
161.18,10.574653177081105,-1.0037432674979051e-14,-9.491973407443386e-16,0.0
161.2,10.576007111748982,-1.003871782616534e-14,-9.491973407443386e-16,0.0
161.22,10.577215379951967,-1.003986471113052e-14,-9.491973407443386e-16,0.0
161.24,10.578632499371139,-1.0041209837114713e-14,-9.491973407443386e-16,0.0
161.26,10.580064195097886,-1.0042568798891297e-14,-9.491973407443386e-16,0.0
161.28,10.581845928930932,-1.0044260015907538e-14,-9.491973407443386e-16,0.0
161.3,10.583089958308872,-1.0045440845284888e-14,-9.491973407443386e-16,0.0
161.32,10.584950445679775,-1.0047206814949839e-14,-9.491973407443386e-16,0.0
161.34,10.586018559983973,-1.0048220666206995e-14,-9.491973407443386e-16,0.0
161.36,10.587681963256586,-1.0049799564169944e-14,-9.491973407443386e-16,0.0
161.38,10.589125206353733,-1.0051169486679806e-14,-9.491973407443386e-16,0.0
161.4,10.590730785233843,-1.0052693497883161e-14,-9.491973407443386e-16,0.0
161.42,10.59219291480341,-1.0054081347382418e-14,-9.491973407443386e-16,0.0
161.44,10.59396150727932,-1.005576009065741e-14,-9.491973407443386e-16,0.0
161.46,10.595101391221132,-1.0056842065463735e-14,-9.491973407443386e-16,0.0
161.48,10.596226327922041,-1.0057909852388744e-14,-9.491973407443386e-16,0.0
161.5,10.597482667681696,-1.005910236674768e-14,-9.491973407443386e-16,0.0
161.52,10.59816092656981,-1.0059746168280613e-14,-9.491973407443386e-16,0.0
161.54,10.599833856950804,-1.0061334109349504e-14,-9.491973407443386e-16,0.0
161.56,10.600833217974648,-1.006228270017578e-14,-9.491973407443386e-16,0.0
161.58,10.602756381110613,-1.0064108161510254e-14,-9.491973407443386e-16,0.0
161.6,10.604137678380019,-1.0065419285205153e-14,-9.491973407443386e-16,0.0
161.62,10.605259754347657,-1.0066484356729749e-14,-9.491973407443386e-16,0.0
161.64,10.606686668987537,-1.0067838780311394e-14,-9.491973407443386e-16,0.0
161.66,10.608445469945993,-1.0069508229504059e-14,-9.491973407443386e-16,0.0
161.68,10.60931839422896,-1.0070336806912123e-14,-9.491973407443386e-16,0.0
161.7,10.611043918766722,-1.0071974670214756e-14,-9.491973407443386e-16,0.0
161.72,10.61276920644969,-1.0073612308695448e-14,-9.491973407443386e-16,0.0
161.74,10.613714345212758,-1.0074509431895987e-14,-9.491973407443386e-16,0.0
161.76,10.615440617032611,-1.0076148004516794e-14,-9.491973407443386e-16,0.0
161.78,10.616466312138236,-1.0077121591583467e-14,-9.491973407443386e-16,0.0
161.8,10.617865012304616,-1.0078449234061893e-14,-9.491973407443386e-16,0.0
161.82,10.619008549004624,-1.0079534676056585e-14,-9.491973407443386e-16,0.0
161.84,10.62052536252112,-1.0080974431412848e-14,-9.491973407443386e-16,0.0
161.86,10.621219815339735,-1.008163360418155e-14,-9.491973407443386e-16,0.0
161.88,10.622343456990965,-1.0082700161848847e-14,-9.491973407443386e-16,0.0
161.9,10.62344041572811,-1.008374139216505e-14,-9.491973407443386e-16,0.0
161.92,10.624306767968761,-1.0084563731408025e-14,-9.491973407443386e-16,0.0
161.94,10.625967121416036,-1.0086139734484873e-14,-9.491973407443386e-16,0.0
161.96,10.626716912534574,-1.0086851434220704e-14,-9.491973407443386e-16,0.0
161.98,10.627595626675042,-1.008768550734611e-14,-9.491973407443386e-16,0.0
162.0,10.628570594021072,-1.0088610943758276e-14,-9.491973407443386e-16,0.0
162.02,10.630135424466443,-1.0090096276655739e-14,-9.491973407443386e-16,0.0
162.04,10.631146607560007,-1.0091056088959155e-14,-9.491973407443386e-16,0.0
162.06,10.632892678763735,-1.0092713455102483e-14,-9.491973407443386e-16,0.0
162.08,10.634670402210016,-1.0094400865470273e-14,-9.491973407443386e-16,0.0
162.1,10.636463234465532,-1.0096102617079609e-14,-9.491973407443386e-16,0.0
162.12,10.638045216419368,-1.0097604230143295e-14,-9.491973407443386e-16,0.0
162.14,10.639316742027061,-1.0098811158868805e-14,-9.491973407443386e-16,0.0
162.16,10.640695350077086,-1.0100119729963818e-14,-9.491973407443386e-16,0.0
162.18,10.642215463335303,-1.0101562617426148e-14,-9.491973407443386e-16,0.0
162.2,10.643622780419124,-1.0102898439059695e-14,-9.491973407443386e-16,0.0
162.22,10.645066778648205,-1.0104269078338778e-14,-9.491973407443386e-16,0.0
162.24,10.64657847426446,-1.0105703975797742e-14,-9.491973407443386e-16,0.0
162.26,10.647635362587046,-1.0106707171383004e-14,-9.491973407443386e-16,0.0
162.28,10.64968143601097,-1.0108649298835961e-14,-9.491973407443386e-16,0.0
162.3,10.651150530484095,-1.0110043759403153e-14,-9.491973407443386e-16,0.0
162.32,10.652572711478067,-1.011139368982069e-14,-9.491973407443386e-16,0.0
162.34,10.653835217313354,-1.0112592057002217e-14,-9.491973407443386e-16,0.0
162.36,10.65505499354898,-1.0113749865361377e-14,-9.491973407443386e-16,0.0
162.38,10.65660426668571,-1.0115220431302847e-14,-9.491973407443386e-16,0.0
162.4,10.657627823777375,-1.0116191988972357e-14,-9.491973407443386e-16,0.0
162.42,10.658969830573238,-1.0117465818254251e-14,-9.491973407443386e-16,0.0
162.44,10.661039258411709,-1.0119430113655391e-14,-9.491973407443386e-16,0.0
162.46,10.662631350388054,-1.0120941323125558e-14,-9.491973407443386e-16,0.0
162.48,10.663473649970308,-1.0121740831649145e-14,-9.491973407443386e-16,0.0
162.5,10.664583058072454,-1.0122793878869501e-14,-9.491973407443386e-16,0.0
162.52,10.666293666969407,-1.0124417584285544e-14,-9.491973407443386e-16,0.0
162.54,10.667965173757828,-1.0126004174084149e-14,-9.491973407443386e-16,0.0
162.56,10.669436472809254,-1.0127400727231203e-14,-9.491973407443386e-16,0.0
162.58,10.670875322032714,-1.0128766479087845e-14,-9.491973407443386e-16,0.0
162.6,10.672439431912688,-1.0130251128026547e-14,-9.491973407443386e-16,0.0
162.62,10.67366991973218,-1.0131419103792627e-14,-9.491973407443386e-16,0.0
162.64,10.674627311412037,-1.0132327857429198e-14,-9.491973407443386e-16,0.0
162.66,10.676187980840798,-1.0133809240700758e-14,-9.491973407443386e-16,0.0
162.68,10.678138636900758,-1.013566079824558e-14,-9.491973407443386e-16,0.0
162.7,10.679342180058335,-1.0136803198210222e-14,-9.491973407443386e-16,0.0
162.72,10.680526062307473,-1.013792693609286e-14,-9.491973407443386e-16,0.0
162.74,10.681634122480869,-1.013897870386283e-14,-9.491973407443386e-16,0.0
162.76,10.68384063405912,-1.0141073118785228e-14,-9.491973407443386e-16,0.0
162.78,10.685075544112724,-1.0142245292124167e-14,-9.491973407443386e-16,0.0
162.8,10.68572237587381,-1.0142859263111699e-14,-9.491973407443386e-16,0.0
162.82,10.686960406914976,-1.0144034398883731e-14,-9.491973407443386e-16,0.0
162.84,10.688094768455684,-1.0145111131841616e-14,-9.491973407443386e-16,0.0
162.86,10.689849710564992,-1.014677691822493e-14,-9.491973407443386e-16,0.0
162.88,10.690596176276003,-1.0147485461492777e-14,-9.491973407443386e-16,0.0
162.9,10.692501909038516,-1.0149294377963124e-14,-9.491973407443386e-16,0.0
162.92,10.69390312747858,-1.0150624410780233e-14,-9.491973407443386e-16,0.0
162.94,10.694819846935982,-1.0151494558451408e-14,-9.491973407443386e-16,0.0
162.96,10.696371464389884,-1.0152967349612504e-14,-9.491973407443386e-16,0.0
162.98,10.697873673924098,-1.0154393242907622e-14,-9.491973407443386e-16,0.0
163.0,10.699497196057834,-1.0155934285799604e-14,-9.491973407443386e-16,0.0
163.02,10.700699197311994,-1.0157075222193624e-14,-9.491973407443386e-16,0.0
163.04,10.70227747047085,-1.0158573314878978e-14,-9.491973407443386e-16,0.0
163.06,10.70352335823784,-1.015975590823427e-14,-9.491973407443386e-16,0.0
163.08,10.705016089416908,-1.0161172804699888e-14,-9.491973407443386e-16,0.0
163.1,10.706819796351072,-1.0162884878525277e-14,-9.491973407443386e-16,0.0
163.12,10.708024674624967,-1.016402854577878e-14,-9.491973407443386e-16,0.0
163.14,10.709187193596085,-1.0165132005694729e-14,-9.491973407443386e-16,0.0
163.16,10.710363488767824,-1.0166248541943674e-14,-9.491973407443386e-16,0.0
163.18,10.711666636779746,-1.0167485486571188e-14,-9.491973407443386e-16,0.0
163.2,10.713738434922462,-1.0169452031858814e-14,-9.491973407443386e-16,0.0
163.22,10.714930958950838,-1.0170583972495321e-14,-9.491973407443386e-16,0.0
163.24,10.716084687470481,-1.0171679088538108e-14,-9.491973407443386e-16,0.0
163.26,10.717213573665077,-1.0172750624312022e-14,-9.491973407443386e-16,0.0
163.28,10.719118804216974,-1.0174559064085386e-14,-9.491973407443386e-16,0.0
163.3,10.721022559720979,-1.0176366103747216e-14,-9.491973407443386e-16,0.0
163.32,10.722263402081767,-1.017754390801636e-14,-9.491973407443386e-16,0.0
163.34,10.72354979227162,-1.0178764946163727e-14,-9.491973407443386e-16,0.0
163.36,10.724946674350127,-1.018009086291798e-14,-9.491973407443386e-16,0.0
163.38,10.726246414939867,-1.0181324573229419e-14,-9.491973407443386e-16,0.0
163.4,10.72831301973732,-1.018328618900753e-14,-9.491973407443386e-16,0.0
163.42,10.730044306687628,-1.0184929521976828e-14,-9.491973407443386e-16,0.0
163.44,10.731508282592472,-1.018631912401262e-14,-9.491973407443386e-16,0.0
163.46,10.733070105068462,-1.0187801601753545e-14,-9.491973407443386e-16,0.0
163.48,10.734369908885776,-1.018903537208043e-14,-9.491973407443386e-16,0.0
163.5,10.734980854161542,-1.0189615279711526e-14,-9.491973407443386e-16,0.0
163.52,10.736172719197869,-1.0190746594834534e-14,-9.491973407443386e-16,0.0
163.54,10.737517253177804,-1.019202282291283e-14,-9.491973407443386e-16,0.0
163.56,10.738636091607857,-1.0193084821375359e-14,-9.491973407443386e-16,0.0
163.58,10.74010161689644,-1.0194475894082075e-14,-9.491973407443386e-16,0.0
163.6,10.741283171375724,-1.0195597422451755e-14,-9.491973407443386e-16,0.0
163.62,10.74264633745462,-1.0196891336068836e-14,-9.491973407443386e-16,0.0
163.64,10.744113431259809,-1.0198283897607344e-14,-9.491973407443386e-16,0.0
163.66,10.74580598960805,-1.0199890469490548e-14,-9.491973407443386e-16,0.0
163.68,10.74778910318903,-1.020177283562801e-14,-9.491973407443386e-16,0.0
163.7,10.74857426975248,-1.0202518113642077e-14,-9.491973407443386e-16,0.0
163.72,10.750005656499173,-1.0203876782135615e-14,-9.491973407443386e-16,0.0
163.74,10.750807240470289,-1.0204637643509382e-14,-9.491973407443386e-16,0.0
163.76,10.75248233971194,-1.0206227643255038e-14,-9.491973407443386e-16,0.0
163.78,10.753953164266944,-1.020762374601135e-14,-9.491973407443386e-16,0.0
163.8,10.754791856564864,-1.0208419830510239e-14,-9.491973407443386e-16,0.0
163.82,10.75617629407461,-1.0209733934912917e-14,-9.491973407443386e-16,0.0
163.84,10.757980001933415,-1.0211446009615974e-14,-9.491973407443386e-16,0.0
163.86,10.759422600561475,-1.021281532039749e-14,-9.491973407443386e-16,0.0
163.88,10.761189583812223,-1.0214492536200242e-14,-9.491973407443386e-16,0.0
163.9,10.762806731014221,-1.021602752802397e-14,-9.491973407443386e-16,0.0
163.92,10.764620041016189,-1.0217748717055783e-14,-9.491973407443386e-16,0.0
163.94,10.765670190780508,-1.0218745516419458e-14,-9.491973407443386e-16,0.0
163.96,10.767031190933158,-1.0220037374145107e-14,-9.491973407443386e-16,0.0
163.98,10.767870009271709,-1.0220833578281426e-14,-9.491973407443386e-16,0.0
164.0,10.769709354578342,-1.0222579479955193e-14,-9.491973407443386e-16,0.0
164.02,10.771116421010301,-1.022391506367066e-14,-9.491973407443386e-16,0.0
164.04,10.77235529722513,-1.0225091001679287e-14,-9.491973407443386e-16,0.0
164.06,10.77342150812287,-1.0226103046228095e-14,-9.491973407443386e-16,0.0
164.08,10.774773876006137,-1.0227386710226598e-14,-9.491973407443386e-16,0.0
164.1,10.776818584698592,-1.0229327542280074e-14,-9.491973407443386e-16,0.0
164.12,10.77822366178159,-1.0230661237710795e-14,-9.491973407443386e-16,0.0
164.14,10.780225524430215,-1.0232561400413406e-14,-9.491973407443386e-16,0.0
164.16,10.78118318126546,-1.0233470405734767e-14,-9.491973407443386e-16,0.0
164.18,10.782846732552224,-1.0235049444192356e-14,-9.491973407443386e-16,0.0
164.2,10.784591154318907,-1.0236705244694427e-14,-9.491973407443386e-16,0.0
164.22,10.786616413532279,-1.0238627615354078e-14,-9.491973407443386e-16,0.0
164.24,10.78835783163754,-1.0240280564788716e-14,-9.491973407443386e-16,0.0
164.26,10.790099799500835,-1.0241934036052218e-14,-9.491973407443386e-16,0.0
164.28,10.791918086084932,-1.0243659948842555e-14,-9.491973407443386e-16,0.0
164.3,10.793268184565123,-1.0244941458729695e-14,-9.491973407443386e-16,0.0
164.32,10.794545207853668,-1.024615360583925e-14,-9.491973407443386e-16,0.0
164.34,10.795895272382266,-1.0247435083499628e-14,-9.491973407443386e-16,0.0
164.36,10.797081272564386,-1.0248560831718618e-14,-9.491973407443386e-16,0.0
164.38,10.797945923336677,-1.0249381555932349e-14,-9.491973407443386e-16,0.0
164.4,10.79995850609243,-1.0251291894132137e-14,-9.491973407443386e-16,0.0
164.42,10.80224248222496,-1.0253459838203457e-14,-9.491973407443386e-16,0.0
164.44,10.804153061617269,-1.0255273355081919e-14,-9.491973407443386e-16,0.0
164.46,10.805948046256995,-1.0256977149728624e-14,-9.491973407443386e-16,0.0
164.48,10.8069393155654,-1.0257918059920123e-14,-9.491973407443386e-16,0.0
164.5,10.808071483277649,-1.0258992710501867e-14,-9.491973407443386e-16,0.0
164.52,10.809536186349808,-1.0260383002762942e-14,-9.491973407443386e-16,0.0
164.54,10.810840072049677,-1.0261620647601893e-14,-9.491973407443386e-16,0.0
164.56,10.811955624328508,-1.026267952685842e-14,-9.491973407443386e-16,0.0
164.58,10.813294512485939,-1.0263950395937007e-14,-9.491973407443386e-16,0.0
164.6,10.813919174372518,-1.0264543323338612e-14,-9.491973407443386e-16,0.0
164.62,10.814623308022634,-1.026521168512683e-14,-9.491973407443386e-16,0.0
164.64,10.815345564091503,-1.0265897248666737e-14,-9.491973407443386e-16,0.0
164.66,10.81637328762654,-1.0266872761113215e-14,-9.491973407443386e-16,0.0
164.68,10.817661979704221,-1.0268095984206388e-14,-9.491973407443386e-16,0.0
164.7,10.818981631674706,-1.0269348594347481e-14,-9.491973407443386e-16,0.0
164.72,10.820445183333424,-1.0270737793689979e-14,-9.491973407443386e-16,0.0
164.74,10.82137524308417,-1.0271620603932118e-14,-9.491973407443386e-16,0.0
164.76,10.82315643827381,-1.027331130966947e-14,-9.491973407443386e-16,0.0
164.78,10.824808396931086,-1.0274879344433976e-14,-9.491973407443386e-16,0.0
164.8,10.826672867381527,-1.027664909482743e-14,-9.491973407443386e-16,0.0
164.82,10.828291905039716,-1.0278185881067149e-14,-9.491973407443386e-16,0.0
164.84,10.82982966680424,-1.0279645520444733e-14,-9.491973407443386e-16,0.0
164.86,10.83191568821861,-1.0281625566423988e-14,-9.491973407443386e-16,0.0
164.88,10.83392280355734,-1.0283530714966078e-14,-9.491973407443386e-16,0.0
164.9,10.835417786390328,-1.028494974869561e-14,-9.491973407443386e-16,0.0
164.92,10.836908291899032,-1.0286364532560837e-14,-9.491973407443386e-16,0.0
164.94,10.838906165954917,-1.0288260909301825e-14,-9.491973407443386e-16,0.0
164.96,10.83982368728061,-1.0289131818104249e-14,-9.491973407443386e-16,0.0
164.98,10.841132540436261,-1.0290374178039016e-14,-9.491973407443386e-16,0.0
165.0,10.842532642255328,-1.0291703150962447e-14,-9.491973407443386e-16,0.0
165.02,10.843765741117044,-1.0292873605122862e-14,-9.491973407443386e-16,0.0
165.04,10.84518395973432,-1.0294219774462975e-14,-9.491973407443386e-16,0.0
165.06,10.846921535894055,-1.0295869077133136e-14,-9.491973407443386e-16,0.0
165.08,10.847532426258214,-1.0296448932642281e-14,-9.491973407443386e-16,0.0
165.1,10.84936086263083,-1.0298184479584888e-14,-9.491973407443386e-16,0.0
165.12,10.851519336446634,-1.0300233297190915e-14,-9.491973407443386e-16,0.0
165.14,10.852688124192404,-1.0301342707411095e-14,-9.491973407443386e-16,0.0
165.16,10.854183642601923,-1.0302762249508444e-14,-9.491973407443386e-16,0.0
165.18,10.855779559768726,-1.0304277089839221e-14,-9.491973407443386e-16,0.0
165.2,10.85670313836715,-1.0305153748188814e-14,-9.491973407443386e-16,0.0
165.22,10.857659001549292,-1.0306061050979418e-14,-9.491973407443386e-16,0.0
165.24,10.859008745828733,-1.0307342224660148e-14,-9.491973407443386e-16,0.0
165.26,10.860143449687913,-1.0308419282545813e-14,-9.491973407443386e-16,0.0
165.28,10.861715971462136,-1.0309911916032168e-14,-9.491973407443386e-16,0.0
165.3,10.863360648080704,-1.0311473038704898e-14,-9.491973407443386e-16,0.0
165.32,10.865142609035326,-1.0313164471304335e-14,-9.491973407443386e-16,0.0
165.34,10.866332950810827,-1.0314294340552219e-14,-9.491973407443386e-16,0.0
165.36,10.86838066077816,-1.0316238021407826e-14,-9.491973407443386e-16,0.0
165.38,10.86993485970313,-1.0317713262894396e-14,-9.491973407443386e-16,0.0
165.4,10.871426179000888,-1.0319128819206027e-14,-9.491973407443386e-16,0.0
165.42,10.872854221278986,-1.0320484313138867e-14,-9.491973407443386e-16,0.0
165.44,10.874414727129516,-1.0321965541142405e-14,-9.491973407443386e-16,0.0
165.46,10.875291614920036,-1.0322797880701299e-14,-9.491973407443386e-16,0.0
165.48,10.877009365015375,-1.0324428364523858e-14,-9.491973407443386e-16,0.0
165.5,10.878048362641412,-1.0325414578307533e-14,-9.491973407443386e-16,0.0
165.52,10.879130674850545,-1.0326441906178297e-14,-9.491973407443386e-16,0.0
165.54,10.880391785443583,-1.0327638948999594e-14,-9.491973407443386e-16,0.0
165.56,10.881710799143171,-1.0328890953295647e-14,-9.491973407443386e-16,0.0
165.58,10.88259942377889,-1.0329734433436792e-14,-9.491973407443386e-16,0.0
165.6,10.883839201513123,-1.033091122716524e-14,-9.491973407443386e-16,0.0
165.62,10.885535643852391,-1.03325214857224e-14,-9.491973407443386e-16,0.0
165.64,10.886741041059292,-1.033366564554573e-14,-9.491973407443386e-16,0.0
165.66,10.888249015622259,-1.0335097010990809e-14,-9.491973407443386e-16,0.0
165.68,10.888913822280104,-1.0335728043702543e-14,-9.491973407443386e-16,0.0
165.7,10.89082724644698,-1.0337544260833457e-14,-9.491973407443386e-16,0.0
165.72,10.89225163704065,-1.033889628859715e-14,-9.491973407443386e-16,0.0
165.74,10.89351279498903,-1.034009337636801e-14,-9.491973407443386e-16,0.0
165.76,10.894420521991298,-1.0340954988424686e-14,-9.491973407443386e-16,0.0
165.78,10.895514789927015,-1.034199366463933e-14,-9.491973407443386e-16,0.0
165.8,10.897100278286688,-1.0343498605974113e-14,-9.491973407443386e-16,0.0
165.82,10.89865126014056,-1.0344970793825352e-14,-9.491973407443386e-16,0.0
165.84,10.899825312773041,-1.0346085201461995e-14,-9.491973407443386e-16,0.0
165.86,10.90095394743365,-1.0347156498480517e-14,-9.491973407443386e-16,0.0
165.88,10.90206424579808,-1.0348210390735466e-14,-9.491973407443386e-16,0.0
165.9,10.90271337097473,-1.0348826538626953e-14,-9.491973407443386e-16,0.0
165.92,10.904418898089366,-1.0350445420428733e-14,-9.491973407443386e-16,0.0
165.94,10.905370212998363,-1.0351348406010565e-14,-9.491973407443386e-16,0.0
165.96,10.90660289072656,-1.0352518460432164e-14,-9.491973407443386e-16,0.0
165.98,10.908537435428052,-1.0354354725118371e-14,-9.491973407443386e-16,0.0
166.0,10.909902868026773,-1.0355650790110041e-14,-9.491973407443386e-16,0.0
166.02,10.911626977966042,-1.0357287310679547e-14,-9.491973407443386e-16,0.0
166.04,10.913548484239303,-1.035911119932435e-14,-9.491973407443386e-16,0.0
166.06,10.914418393789232,-1.035993691515583e-14,-9.491973407443386e-16,0.0
166.08,10.916080323325112,-1.0361514414251793e-14,-9.491973407443386e-16,0.0
166.1,10.917415894325599,-1.0362782134693832e-14,-9.491973407443386e-16,0.0
166.12,10.918414223010867,-1.0363729745627076e-14,-9.491973407443386e-16,0.0
166.14,10.919904285685412,-1.0365144109155297e-14,-9.491973407443386e-16,0.0
166.16,10.921523124497131,-1.0366680706650475e-14,-9.491973407443386e-16,0.0
166.18,10.92271113578514,-1.0367808363805827e-14,-9.491973407443386e-16,0.0
166.2,10.924063625270982,-1.0369092143229174e-14,-9.491973407443386e-16,0.0
166.22,10.926326266310282,-1.0371239836086737e-14,-9.491973407443386e-16,0.0
166.24,10.928012771867067,-1.0372840662676388e-14,-9.491973407443386e-16,0.0
166.26,10.929567654492816,-1.0374316553129919e-14,-9.491973407443386e-16,0.0
166.28,10.930306589201155,-1.037501794799006e-14,-9.491973407443386e-16,0.0
166.3,10.931555324604867,-1.0376203244314556e-14,-9.491973407443386e-16,0.0
166.32,10.932878219184026,-1.0377458932331178e-14,-9.491973407443386e-16,0.0
166.34,10.933922446721951,-1.0378450110333308e-14,-9.491973407443386e-16,0.0
166.36,10.935851530329495,-1.0380281191363662e-14,-9.491973407443386e-16,0.0
166.38,10.93858819509735,-1.0382878826283817e-14,-9.491973407443386e-16,0.0
166.4,10.939154951442548,-1.038341678989953e-14,-9.491973407443386e-16,0.0
166.42,10.94017415296902,-1.0384384213278138e-14,-9.491973407443386e-16,0.0
166.44,10.941981371071963,-1.0386099619895598e-14,-9.491973407443386e-16,0.0
166.46,10.94292500586494,-1.0386995315531725e-14,-9.491973407443386e-16,0.0
166.48,10.944425753487387,-1.038841982118408e-14,-9.491973407443386e-16,0.0
166.5,10.945520210598456,-1.0389458676963465e-14,-9.491973407443386e-16,0.0
166.52,10.947035253009554,-1.0390896751191194e-14,-9.491973407443386e-16,0.0
166.54,10.948853087496536,-1.0392622234852151e-14,-9.491973407443386e-16,0.0
166.56,10.949923057883222,-1.0393637847897869e-14,-9.491973407443386e-16,0.0
166.58,10.951924915418353,-1.0395538005746764e-14,-9.491973407443386e-16,0.0
166.6,10.953556096784572,-1.0397086318761852e-14,-9.491973407443386e-16,0.0
166.62,10.954444853470427,-1.0397929924244634e-14,-9.491973407443386e-16,0.0
166.64,10.955666262975281,-1.0399089282898602e-14,-9.491973407443386e-16,0.0
166.66,10.957417158601523,-1.040075122837095e-14,-9.491973407443386e-16,0.0
166.68,10.95861547395571,-1.040188866611852e-14,-9.491973407443386e-16,0.0
166.7,10.960249914726788,-1.040344007295203e-14,-9.491973407443386e-16,0.0
166.72,10.962618993888219,-1.0405688796592073e-14,-9.491973407443386e-16,0.0
166.74,10.96442854126446,-1.0407406414149553e-14,-9.491973407443386e-16,0.0
166.76,10.966294150059834,-1.0409177245056991e-14,-9.491973407443386e-16,0.0
166.78,10.966944251698212,-1.0409794319803353e-14,-9.491973407443386e-16,0.0
166.8,10.967681276715034,-1.0410493901989384e-14,-9.491973407443386e-16,0.0
166.82,10.968651196997456,-1.0411414547742193e-14,-9.491973407443386e-16,0.0
166.84,10.970311660192213,-1.041299065499106e-14,-9.491973407443386e-16,0.0
166.86,10.971288867532374,-1.0413918217599696e-14,-9.491973407443386e-16,0.0
166.88,10.972806991805296,-1.0415359217122473e-14,-9.491973407443386e-16,0.0
166.9,10.973591937655042,-1.041610428563568e-14,-9.491973407443386e-16,0.0
166.92,10.97436284042271,-1.0416836024492724e-14,-9.491973407443386e-16,0.0
166.94,10.976253570388355,-1.041863070034818e-14,-9.491973407443386e-16,0.0
166.96,10.978058550496016,-1.0420343982666468e-14,-9.491973407443386e-16,0.0
166.98,10.979544148680667,-1.0421754108512754e-14,-9.491973407443386e-16,0.0
167.0,10.980508504779257,-1.0422669472757066e-14,-9.491973407443386e-16,0.0
167.02,10.982130002241075,-1.0424208593835846e-14,-9.491973407443386e-16,0.0
167.04,10.982996577885602,-1.0425031145133187e-14,-9.491973407443386e-16,0.0
167.06,10.984425265517048,-1.042638725163371e-14,-9.491973407443386e-16,0.0
167.08,10.985267857782867,-1.0427187037971758e-14,-9.491973407443386e-16,0.0
167.1,10.986580302379359,-1.0428432806892622e-14,-9.491973407443386e-16,0.0
167.12,10.987632141046154,-1.0429431209358037e-14,-9.491973407443386e-16,0.0
167.14,10.988940915315704,-1.0430673494414328e-14,-9.491973407443386e-16,0.0
167.16,10.990541825254752,-1.0432193073871244e-14,-9.491973407443386e-16,0.0
167.18,10.992325627195305,-1.0433886253929632e-14,-9.491973407443386e-16,0.0
167.2,10.993818535152016,-1.043530331819212e-14,-9.491973407443386e-16,0.0
167.22,10.995099276800921,-1.043651899475944e-14,-9.491973407443386e-16,0.0
167.24,10.99596773460741,-1.0437343332599907e-14,-9.491973407443386e-16,0.0
167.26,10.997691718035679,-1.0438979733085506e-14,-9.491973407443386e-16,0.0
167.28,10.99883215446096,-1.0440062232307671e-14,-9.491973407443386e-16,0.0
167.3,11.000210986688868,-1.0441371016191735e-14,-9.491973407443386e-16,0.0
167.32,11.001983078421267,-1.0443053080951682e-14,-9.491973407443386e-16,0.0
167.34,11.003504396312914,-1.044449711184886e-14,-9.491973407443386e-16,0.0
167.36,11.004756699310443,-1.0445685794523921e-14,-9.491973407443386e-16,0.0
167.38,11.005823740929866,-1.0446698627591542e-14,-9.491973407443386e-16,0.0
167.4,11.006730796062905,-1.0447559601911732e-14,-9.491973407443386e-16,0.0
167.42,11.008062629167368,-1.0448823774352803e-14,-9.491973407443386e-16,0.0
167.44,11.00917010616685,-1.0449874988575648e-14,-9.491973407443386e-16,0.0
167.46,11.009831486805698,-1.0450502769319262e-14,-9.491973407443386e-16,0.0
167.48,11.010764589902637,-1.0451388468297517e-14,-9.491973407443386e-16,0.0
167.5,11.011852717217513,-1.045242131585119e-14,-9.491973407443386e-16,0.0
167.52,11.013900031168841,-1.045436462080946e-14,-9.491973407443386e-16,0.0
167.54,11.014658817156548,-1.0455084858451185e-14,-9.491973407443386e-16,0.0
167.56,11.016121844455828,-1.0456473560073098e-14,-9.491973407443386e-16,0.0
167.58,11.017279094896443,-1.0457572019113906e-14,-9.491973407443386e-16,0.0
167.6,11.018968109547687,-1.0459175227329347e-14,-9.491973407443386e-16,0.0
167.62,11.019917309237366,-1.0460076205150625e-14,-9.491973407443386e-16,0.0
167.64,11.020445756462864,-1.0460577805851791e-14,-9.491973407443386e-16,0.0
167.66,11.021569905435467,-1.0461644845067186e-14,-9.491973407443386e-16,0.0
167.68,11.022650098673529,-1.0462670161616244e-14,-9.491973407443386e-16,0.0
167.7,11.02444433663815,-1.0464373247520924e-14,-9.491973407443386e-16,0.0
167.72,11.025681871980973,-1.046554791277741e-14,-9.491973407443386e-16,0.0
167.74,11.026768315385713,-1.0466579161968059e-14,-9.491973407443386e-16,0.0
167.76,11.028553794794439,-1.0468273934274776e-14,-9.491973407443386e-16,0.0
167.78,11.029985196355685,-1.0469632616830248e-14,-9.491973407443386e-16,0.0
167.8,11.031439568456538,-1.0471013102960831e-14,-9.491973407443386e-16,0.0
167.82,11.032537284582203,-1.0472055052188205e-14,-9.491973407443386e-16,0.0
167.84,11.034041799396885,-1.0473483133649412e-14,-9.491973407443386e-16,0.0
167.86,11.035783710358292,-1.0475136550901793e-14,-9.491973407443386e-16,0.0
167.88,11.037549169160512,-1.0476812319702055e-14,-9.491973407443386e-16,0.0
167.9,11.03949194773013,-1.0478656399953992e-14,-9.491973407443386e-16,0.0
167.92,11.040522621275198,-1.0479634712542145e-14,-9.491973407443386e-16,0.0
167.94,11.042139664443487,-1.0481169605617355e-14,-9.491973407443386e-16,0.0
167.96,11.04322162687891,-1.0482196601483843e-14,-9.491973407443386e-16,0.0
167.98,11.045069700486032,-1.0483950788037221e-14,-9.491973407443386e-16,0.0
168.0,11.04640708606217,-1.048522023086964e-14,-9.491973407443386e-16,0.0
168.02,11.047819911752685,-1.0486561281258014e-14,-9.491973407443386e-16,0.0
168.04,11.049238671338557,-1.048790796408408e-14,-9.491973407443386e-16,0.0
168.06,11.05088010816992,-1.048946601155941e-14,-9.491973407443386e-16,0.0
168.08,11.05179943731796,-1.0490338636341999e-14,-9.491973407443386e-16,0.0
168.1,11.053400535869335,-1.0491858394829232e-14,-9.491973407443386e-16,0.0
168.12,11.054510381460675,-1.049291185731317e-14,-9.491973407443386e-16,0.0
168.14,11.055797104964249,-1.0494133211841036e-14,-9.491973407443386e-16,0.0
168.16,11.057208527981,-1.0495472930815201e-14,-9.491973407443386e-16,0.0
168.18,11.058264690480618,-1.0496475437451233e-14,-9.491973407443386e-16,0.0
168.2,11.058948778113352,-1.0497124771613061e-14,-9.491973407443386e-16,0.0
168.22,11.06061933250315,-1.0498710457397424e-14,-9.491973407443386e-16,0.0
168.24,11.061505043902189,-1.049955117230206e-14,-9.491973407443386e-16,0.0
168.26,11.063038754044841,-1.0501006965890938e-14,-9.491973407443386e-16,0.0
168.28,11.064236841358998,-1.0502144187183514e-14,-9.491973407443386e-16,0.0
168.3,11.066024131096748,-1.0503840677849727e-14,-9.491973407443386e-16,0.0
168.32,11.067534249687746,-1.0505274078400512e-14,-9.491973407443386e-16,0.0
168.34,11.068983232509716,-1.050664944904191e-14,-9.491973407443386e-16,0.0
168.36,11.070105947571005,-1.0507715127192498e-14,-9.491973407443386e-16,0.0
168.38,11.071279212867982,-1.0508828787492377e-14,-9.491973407443386e-16,0.0
168.4,11.072230519409219,-1.0509731765131553e-14,-9.491973407443386e-16,0.0
168.42,11.072283296322194,-1.0509781860837003e-14,-9.491973407443386e-16,0.0
168.44,11.073995239367498,-1.051140683262311e-14,-9.491973407443386e-16,0.0
168.46,11.07615723611523,-1.0513458994186756e-14,-9.491973407443386e-16,0.0
168.48,11.077050761898954,-1.0514307126484553e-14,-9.491973407443386e-16,0.0
168.5,11.078828062088371,-1.0515994135098052e-14,-9.491973407443386e-16,0.0
168.52,11.080004065833194,-1.0517110394725342e-14,-9.491973407443386e-16,0.0
168.54,11.08110265845626,-1.0518153175921717e-14,-9.491973407443386e-16,0.0
168.56,11.082584026194358,-1.0519559286239384e-14,-9.491973407443386e-16,0.0
168.58,11.084324435024532,-1.0521211277672794e-14,-9.491973407443386e-16,0.0
168.6,11.085583402519193,-1.052240628627081e-14,-9.491973407443386e-16,0.0
168.62,11.086582422447544,-1.0523354553330152e-14,-9.491973407443386e-16,0.0
168.64,11.088239741201866,-1.052492767588452e-14,-9.491973407443386e-16,0.0
168.66,11.089503885971796,-1.0526127598738454e-14,-9.491973407443386e-16,0.0
168.68,11.09034369240454,-1.0526924740771154e-14,-9.491973407443386e-16,0.0
168.7,11.091921142782923,-1.0528422052475473e-14,-9.491973407443386e-16,0.0
168.72,11.093231714562945,-1.0529666043723926e-14,-9.491973407443386e-16,0.0
168.74,11.09476123421157,-1.0531117859707016e-14,-9.491973407443386e-16,0.0
168.76,11.096175782360133,-1.0532460545047988e-14,-9.491973407443386e-16,0.0
168.78,11.097180973154336,-1.0533414669476786e-14,-9.491973407443386e-16,0.0
168.8,11.098415373197971,-1.053458635871562e-14,-9.491973407443386e-16,0.0
168.82,11.1003806769229,-1.0536451819785076e-14,-9.491973407443386e-16,0.0
168.84,11.102300902752853,-1.0538274493036498e-14,-9.491973407443386e-16,0.0
168.86,11.103539380036704,-1.0539450052380902e-14,-9.491973407443386e-16,0.0
168.88,11.105209148940123,-1.0541034992583685e-14,-9.491973407443386e-16,0.0
168.9,11.106583938773266,-1.0542339939437386e-14,-9.491973407443386e-16,0.0
168.92,11.10800119722663,-1.0543685197392465e-14,-9.491973407443386e-16,0.0
168.94,11.109334847155864,-1.054495109435878e-14,-9.491973407443386e-16,0.0
168.96,11.111335328739301,-1.0546849946157986e-14,-9.491973407443386e-16,0.0
168.98,11.112285697340281,-1.0547752033506764e-14,-9.491973407443386e-16,0.0
169.0,11.113301355656821,-1.0548716093679928e-14,-9.491973407443386e-16,0.0
169.02,11.114260934330963,-1.0549626923205657e-14,-9.491973407443386e-16,0.0
169.04,11.11568940419856,-1.0550982823005314e-14,-9.491973407443386e-16,0.0
169.06,11.117502825668106,-1.0552704117841855e-14,-9.491973407443386e-16,0.0
169.08,11.119287068210454,-1.0554397716118295e-14,-9.491973407443386e-16,0.0
169.1,11.121205760652275,-1.0556218933881777e-14,-9.491973407443386e-16,0.0
169.12,11.122737803343707,-1.055767314473039e-14,-9.491973407443386e-16,0.0
169.14,11.123223180067093,-1.0558133863025488e-14,-9.491973407443386e-16,0.0
169.16,11.123893484322343,-1.055877011404206e-14,-9.491973407443386e-16,0.0
169.18,11.125625144450229,-1.0560413801230523e-14,-9.491973407443386e-16,0.0
169.2,11.126599519062173,-1.056133867502107e-14,-9.491973407443386e-16,0.0
169.22,11.12811335473722,-1.0562775603818148e-14,-9.491973407443386e-16,0.0
169.24,11.129190971751887,-1.0563798475022812e-14,-9.491973407443386e-16,0.0
169.26,11.13085987899072,-1.056538259733586e-14,-9.491973407443386e-16,0.0
169.28,11.132011534469346,-1.0566475745653625e-14,-9.491973407443386e-16,0.0
169.3,11.133289790885758,-1.0567689063244874e-14,-9.491973407443386e-16,0.0
169.32,11.134830876426147,-1.056915185754167e-14,-9.491973407443386e-16,0.0
169.34,11.136297110024188,-1.0570543602573841e-14,-9.491973407443386e-16,0.0
169.36,11.137431931353785,-1.0571620771962114e-14,-9.491973407443386e-16,0.0
169.38,11.138465188757767,-1.0572601537142278e-14,-9.491973407443386e-16,0.0
169.4,11.139605646204897,-1.0573684056318327e-14,-9.491973407443386e-16,0.0
169.42,11.141777118832128,-1.0575745212361594e-14,-9.491973407443386e-16,0.0
169.44,11.143003715152437,-1.0576909494326999e-14,-9.491973407443386e-16,0.0
169.46,11.14437658646696,-1.0578212620127927e-14,-9.491973407443386e-16,0.0
169.48,11.14604776627748,-1.0579798899559979e-14,-9.491973407443386e-16,0.0
169.5,11.147695611960435,-1.0581363030300198e-14,-9.491973407443386e-16,0.0
169.52,11.148578426574968,-1.0582200995584683e-14,-9.491973407443386e-16,0.0
169.54,11.149490823636881,-1.0583067040449554e-14,-9.491973407443386e-16,0.0
169.56,11.151468569379784,-1.0584944311449386e-14,-9.491973407443386e-16,0.0
169.58,11.152158768011867,-1.0585599446155546e-14,-9.491973407443386e-16,0.0
169.6,11.15388955410858,-1.0587242303715944e-14,-9.491973407443386e-16,0.0
169.62,11.15482794668409,-1.0588133023453192e-14,-9.491973407443386e-16,0.0
169.64,11.155562179064301,-1.0588829954875977e-14,-9.491973407443386e-16,0.0
169.66,11.156556434355966,-1.0589773699354846e-14,-9.491973407443386e-16,0.0
169.68,11.158554294996389,-1.0591670063361913e-14,-9.491973407443386e-16,0.0
169.7,11.159783928065425,-1.0592837227801135e-14,-9.491973407443386e-16,0.0
169.72,11.161543854814996,-1.0594507745591732e-14,-9.491973407443386e-16,0.0
169.74,11.162914595854884,-1.0595808849341643e-14,-9.491973407443386e-16,0.0
169.76,11.16442304204418,-1.0597240662453178e-14,-9.491973407443386e-16,0.0
169.78,11.166265594973325,-1.0598989608793701e-14,-9.491973407443386e-16,0.0
169.8,11.167194652722154,-1.0599871467938288e-14,-9.491973407443386e-16,0.0
169.82,11.16825992701483,-1.060088262346406e-14,-9.491973407443386e-16,0.0
169.84,11.169581674940932,-1.0602137223080649e-14,-9.491973407443386e-16,0.0
169.86,11.171343465832848,-1.0603809510310203e-14,-9.491973407443386e-16,0.0
169.88,11.17327665139331,-1.0605644484903359e-14,-9.491973407443386e-16,0.0
169.9,11.17477542851279,-1.0607067120159539e-14,-9.491973407443386e-16,0.0
169.92,11.17657292158188,-1.0608773295800726e-14,-9.491973407443386e-16,0.0
169.94,11.177562673712561,-1.0609712765891166e-14,-9.491973407443386e-16,0.0
169.96,11.179548404166738,-1.0611597615957706e-14,-9.491973407443386e-16,0.0
169.98,11.181951917546087,-1.0613879024465827e-14,-9.491973407443386e-16,0.0
170.0,11.183468359717715,-1.061531842734253e-14,-9.491973407443386e-16,0.0
170.02,11.185275966028762,-1.061703420244609e-14,-9.491973407443386e-16,0.0
170.04,11.186464669689688,-1.0618162516799974e-14,-9.491973407443386e-16,0.0
170.06,11.188285201068418,-1.0619890560343406e-14,-9.491973407443386e-16,0.0
170.08,11.189956858870216,-1.0621477293483508e-14,-9.491973407443386e-16,0.0
170.1,11.191773940041031,-1.0623202062098762e-14,-9.491973407443386e-16,0.0
170.12,11.193699655231342,-1.0625029945836435e-14,-9.491973407443386e-16,0.0
170.14,11.195872202449022,-1.0627092121878099e-14,-9.491973407443386e-16,0.0
170.16,11.197278134997807,-1.0628426629314671e-14,-9.491973407443386e-16,0.0
170.18,11.198963258234446,-1.0630026143809717e-14,-9.491973407443386e-16,0.0
170.2,11.200023267372664,-1.0631032301664878e-14,-9.491973407443386e-16,0.0
170.22,11.20172559973897,-1.0632648151020037e-14,-9.491973407443386e-16,0.0
170.24,11.203670477550395,-1.0634494223866715e-14,-9.491973407443386e-16,0.0
170.26,11.205001894139137,-1.0635758000952172e-14,-9.491973407443386e-16,0.0
170.28,11.206350509346516,-1.0637038102920703e-14,-9.491973407443386e-16,0.0
170.3,11.207092813833897,-1.0637742696366147e-14,-9.491973407443386e-16,0.0
170.32,11.20872725415604,-1.0639294102773531e-14,-9.491973407443386e-16,0.0
170.34,11.21054037096157,-1.06410151084238e-14,-9.491973407443386e-16,0.0
170.36,11.212112799980362,-1.0642507653866946e-14,-9.491973407443386e-16,0.0
170.38,11.21367966581892,-1.0643994918754208e-14,-9.491973407443386e-16,0.0
170.4,11.215401018609763,-1.0645628822245758e-14,-9.491973407443386e-16,0.0
170.42,11.217515371295713,-1.0647635760192658e-14,-9.491973407443386e-16,0.0
170.44,11.218749309277417,-1.0648807010843535e-14,-9.491973407443386e-16,0.0
170.46,11.220091976603486,-1.0650081467098944e-14,-9.491973407443386e-16,0.0
170.48,11.221423484133174,-1.0651345330505305e-14,-9.491973407443386e-16,0.0
170.5,11.222748370947489,-1.065260290954624e-14,-9.491973407443386e-16,0.0
170.52,11.223659739973527,-1.0653467978602193e-14,-9.491973407443386e-16,0.0
170.54,11.22520668145207,-1.0654936331339914e-14,-9.491973407443386e-16,0.0
170.56,11.22674570343552,-1.0656397166913952e-14,-9.491973407443386e-16,0.0
170.58,11.227993874180278,-1.0657581927265671e-14,-9.491973407443386e-16,0.0
170.6,11.229711319992369,-1.0659212122263381e-14,-9.491973407443386e-16,0.0
170.62,11.23088541894987,-1.0660326573871611e-14,-9.491973407443386e-16,0.0
170.64,11.231642251325345,-1.0661044957149801e-14,-9.491973407443386e-16,0.0
170.66,11.232723045929072,-1.066207084451355e-14,-9.491973407443386e-16,0.0
170.68,11.23440746818159,-1.066366969363633e-14,-9.491973407443386e-16,0.0
170.7,11.235414055939883,-1.0664625144059727e-14,-9.491973407443386e-16,0.0
170.72,11.237493330322405,-1.0666598785774295e-14,-9.491973407443386e-16,0.0
170.74,11.238633775474783,-1.0667681293280197e-14,-9.491973407443386e-16,0.0
170.76,11.240132087895658,-1.0669103487445694e-14,-9.491973407443386e-16,0.0
170.78,11.241625553562955,-1.0670521081085586e-14,-9.491973407443386e-16,0.0
170.8,11.242746883434004,-1.0671585444417282e-14,-9.491973407443386e-16,0.0
170.82,11.244248008710173,-1.0673010308537546e-14,-9.491973407443386e-16,0.0
170.84,11.245565655977824,-1.0674261015820039e-14,-9.491973407443386e-16,0.0
170.86,11.247740350601624,-1.067632523017388e-14,-9.491973407443386e-16,0.0
170.88,11.2480712231701,-1.0676639293536004e-14,-9.491973407443386e-16,0.0
170.9,11.249486095232736,-1.067798228633535e-14,-9.491973407443386e-16,0.0
170.92,11.250108818729977,-1.0678573373822949e-14,-9.491973407443386e-16,0.0
170.94,11.251349057995418,-1.0679750605635591e-14,-9.491973407443386e-16,0.0
170.96,11.251962444512552,-1.0680332830486505e-14,-9.491973407443386e-16,0.0
170.98,11.253569516238548,-1.0681858258695205e-14,-9.491973407443386e-16,0.0
171.0,11.255151872012911,-1.0683360226588343e-14,-9.491973407443386e-16,0.0
171.02,11.257004922714211,-1.0685119137386281e-14,-9.491973407443386e-16,0.0
171.04,11.258523972880553,-1.068656101576463e-14,-9.491973407443386e-16,0.0
171.06,11.260076289145022,-1.0688034470234858e-14,-9.491973407443386e-16,0.0
171.08,11.261462277628043,-1.0689350046817244e-14,-9.491973407443386e-16,0.0
171.1,11.262863411755376,-1.0690679999604934e-14,-9.491973407443386e-16,0.0
171.12,11.264942200774362,-1.0692653180613724e-14,-9.491973407443386e-16,0.0
171.14,11.266561569231305,-1.0694190280846739e-14,-9.491973407443386e-16,0.0
171.16,11.268279251786037,-1.0695820700559934e-14,-9.491973407443386e-16,0.0
171.18,11.2698112191874,-1.0697274839943415e-14,-9.491973407443386e-16,0.0
171.2,11.27157383396344,-1.0698947909201589e-14,-9.491973407443386e-16,0.0
171.22,11.27269014717919,-1.0700007510737417e-14,-9.491973407443386e-16,0.0
171.24,11.273934170556327,-1.0701188334418819e-14,-9.491973407443386e-16,0.0
171.26,11.275332154277134,-1.0702515296849011e-14,-9.491973407443386e-16,0.0
171.28,11.277257150187543,-1.0704342497848115e-14,-9.491973407443386e-16,0.0
171.3,11.278752695866348,-1.0705762065829398e-14,-9.491973407443386e-16,0.0
171.32,11.280050575085713,-1.0706994009333027e-14,-9.491973407443386e-16,0.0
171.34,11.282203705489357,-1.0709037754986441e-14,-9.491973407443386e-16,0.0
171.36,11.283320190620575,-1.0710097519703974e-14,-9.491973407443386e-16,0.0
171.38,11.28441186170436,-1.071113373099367e-14,-9.491973407443386e-16,0.0
171.4,11.285715842419412,-1.071237146602078e-14,-9.491973407443386e-16,0.0
171.42,11.286843185347903,-1.0713441536930611e-14,-9.491973407443386e-16,0.0
171.44,11.28818799424243,-1.0714718025957104e-14,-9.491973407443386e-16,0.0
171.46,11.289909031695714,-1.0716351630131085e-14,-9.491973407443386e-16,0.0
171.48,11.291150144686165,-1.0717529691281183e-14,-9.491973407443386e-16,0.0
171.5,11.292767956054005,-1.0719065313529364e-14,-9.491973407443386e-16,0.0
171.52,11.293966889517087,-1.0720203337984251e-14,-9.491973407443386e-16,0.0
171.54,11.295431919157746,-1.0721593940223277e-14,-9.491973407443386e-16,0.0
171.56,11.296984557948656,-1.0723067700834745e-14,-9.491973407443386e-16,0.0
171.58,11.299110843568489,-1.0725085965490751e-14,-9.491973407443386e-16,0.0
171.6,11.29990516493314,-1.0725839933217775e-14,-9.491973407443386e-16,0.0
171.62,11.301541334511993,-1.072739298103103e-14,-9.491973407443386e-16,0.0
171.64,11.302349638320988,-1.0728160220857041e-14,-9.491973407443386e-16,0.0
171.66,11.303794704771779,-1.072953187408933e-14,-9.491973407443386e-16,0.0
171.68,11.305550882271392,-1.0731198833101838e-14,-9.491973407443386e-16,0.0
171.7,11.30644989859267,-1.073205217700328e-14,-9.491973407443386e-16,0.0
171.72,11.308107729417006,-1.0733625785613145e-14,-9.491973407443386e-16,0.0
171.74,11.3091208341334,-1.0734587421915841e-14,-9.491973407443386e-16,0.0
171.76,11.310514456366711,-1.0735910244433702e-14,-9.491973407443386e-16,0.0
171.78,11.312089217714078,-1.073740500371693e-14,-9.491973407443386e-16,0.0
171.8,11.31286605924304,-1.07381423796304e-14,-9.491973407443386e-16,0.0
171.82,11.31421344401168,-1.0739421313669753e-14,-9.491973407443386e-16,0.0
171.84,11.315461143460196,-1.0740605626668333e-14,-9.491973407443386e-16,0.0
171.86,11.31720042813002,-1.0742256551051728e-14,-9.491973407443386e-16,0.0
171.88,11.318803567555333,-1.0743778246731077e-14,-9.491973407443386e-16,0.0
171.9,11.319819168036062,-1.0744742252006644e-14,-9.491973407443386e-16,0.0
171.92,11.321281739560824,-1.0746130521008596e-14,-9.491973407443386e-16,0.0
171.94,11.322051158632222,-1.0746860851545085e-14,-9.491973407443386e-16,0.0
171.96,11.323126093405016,-1.0747881176772894e-14,-9.491973407443386e-16,0.0
171.98,11.324588752795655,-1.0749269529176903e-14,-9.491973407443386e-16,0.0
172.0,11.325714876895509,-1.0750338443177832e-14,-9.491973407443386e-16,0.0
172.02,11.326719844844126,-1.0751292356082193e-14,-9.491973407443386e-16,0.0
172.04,11.327960344144588,-1.0752469834719386e-14,-9.491973407443386e-16,0.0
172.06,11.329516011474839,-1.0753946470012343e-14,-9.491973407443386e-16,0.0
172.08,11.330259592927748,-1.0754652275550072e-14,-9.491973407443386e-16,0.0
172.1,11.33077773231657,-1.0755144092080076e-14,-9.491973407443386e-16,0.0
172.12,11.332119529538145,-1.0756417722434615e-14,-9.491973407443386e-16,0.0
172.14,11.33355248044341,-1.075777787562331e-14,-9.491973407443386e-16,0.0
172.16,11.334946407334396,-1.0759100987321425e-14,-9.491973407443386e-16,0.0
172.18,11.336642976180709,-1.0760711365958734e-14,-9.491973407443386e-16,0.0
172.2,11.33843473355036,-1.0762412097289267e-14,-9.491973407443386e-16,0.0
172.22,11.340201382224999,-1.0764088995513262e-14,-9.491973407443386e-16,0.0
172.24,11.342258205761865,-1.0766041326944837e-14,-9.491973407443386e-16,0.0
172.26,11.344058108487609,-1.0767749789825711e-14,-9.491973407443386e-16,0.0
172.28,11.345478716206044,-1.076909822689429e-14,-9.491973407443386e-16,0.0
172.3,11.345914564053368,-1.076951193251194e-14,-9.491973407443386e-16,0.0
172.32,11.348225894383745,-1.0771705841115116e-14,-9.491973407443386e-16,0.0
172.34,11.349725070608526,-1.0773128855200986e-14,-9.491973407443386e-16,0.0
172.36,11.351108064305556,-1.0774441589140473e-14,-9.491973407443386e-16,0.0
172.38,11.352093916085964,-1.0775377357028804e-14,-9.491973407443386e-16,0.0
172.4,11.352853321600215,-1.0776098182723477e-14,-9.491973407443386e-16,0.0
172.42,11.35432602799045,-1.0777496071712785e-14,-9.491973407443386e-16,0.0
172.44,11.355692974088612,-1.0778793573314101e-14,-9.491973407443386e-16,0.0
172.46,11.357211752998953,-1.0780235194216977e-14,-9.491973407443386e-16,0.0
172.48,11.35881476513312,-1.0781756769071908e-14,-9.491973407443386e-16,0.0
172.5,11.359889348603026,-1.0782776760843951e-14,-9.491973407443386e-16,0.0
172.52,11.361471059271734,-1.0784278116404515e-14,-9.491973407443386e-16,0.0
172.54,11.363220884495966,-1.0785939045854122e-14,-9.491973407443386e-16,0.0
172.56,11.364243733018967,-1.0786909930952138e-14,-9.491973407443386e-16,0.0
172.58,11.36513601850472,-1.0787756885962397e-14,-9.491973407443386e-16,0.0
172.6,11.366796246128027,-1.0789332769607472e-14,-9.491973407443386e-16,0.0
172.62,11.369000882924183,-1.079142540499169e-14,-9.491973407443386e-16,0.0
172.64,11.370688310528683,-1.079302710678658e-14,-9.491973407443386e-16,0.0
172.66,11.372071616055544,-1.0794340136714114e-14,-9.491973407443386e-16,0.0
172.68,11.373999697547204,-1.0796170266538734e-14,-9.491973407443386e-16,0.0
172.7,11.375559692805414,-1.07976510098894e-14,-9.491973407443386e-16,0.0
172.72,11.375947511051624,-1.0798019125937395e-14,-9.491973407443386e-16,0.0
172.74,11.376995201141362,-1.0799013590584498e-14,-9.491973407443386e-16,0.0
172.76,11.377995097252699,-1.0799962689314399e-14,-9.491973407443386e-16,0.0
172.78,11.379319615144105,-1.0801219918174691e-14,-9.491973407443386e-16,0.0
172.8,11.380156231873253,-1.080201403254922e-14,-9.491973407443386e-16,0.0
172.82,11.382041020704781,-1.0803803069095972e-14,-9.491973407443386e-16,0.0
172.84,11.384132698946758,-1.0805788484520949e-14,-9.491973407443386e-16,0.0
172.86,11.384787677143402,-1.080641018808345e-14,-9.491973407443386e-16,0.0
172.88,11.385842793053465,-1.0807411701299458e-14,-9.491973407443386e-16,0.0
172.9,11.388121404786276,-1.080957455349683e-14,-9.491973407443386e-16,0.0
172.92,11.388842617471536,-1.0810259126659792e-14,-9.491973407443386e-16,0.0
172.94,11.38996204629864,-1.0811321685525632e-14,-9.491973407443386e-16,0.0
172.96,11.391635275670914,-1.081290991039625e-14,-9.491973407443386e-16,0.0
172.98,11.393367516475037,-1.081455414876105e-14,-9.491973407443386e-16,0.0
173.0,11.394642721177966,-1.0815764569673975e-14,-9.491973407443386e-16,0.0
173.02,11.395885202929042,-1.081694393004802e-14,-9.491973407443386e-16,0.0
173.04,11.397769487465181,-1.0818732487918929e-14,-9.491973407443386e-16,0.0
173.06,11.399420603663321,-1.0820299723023462e-14,-9.491973407443386e-16,0.0
173.08,11.40147048051646,-1.0822245460681315e-14,-9.491973407443386e-16,0.0
173.1,11.402364563979994,-1.0823094122327305e-14,-9.491973407443386e-16,0.0
173.12,11.403817742371594,-1.0824473475392239e-14,-9.491973407443386e-16,0.0
173.14,11.404750986086842,-1.0825359307845019e-14,-9.491973407443386e-16,0.0
173.16,11.406234170716463,-1.0826767142751286e-14,-9.491973407443386e-16,0.0
173.18,11.406531290454916,-1.082704916801691e-14,-9.491973407443386e-16,0.0
173.2,11.407660598110192,-1.082812110384018e-14,-9.491973407443386e-16,0.0
173.22,11.40882606378447,-1.0829227360758933e-14,-9.491973407443386e-16,0.0
173.24,11.41022009644553,-1.0830550572853722e-14,-9.491973407443386e-16,0.0
173.26,11.411660983061758,-1.083191825859816e-14,-9.491973407443386e-16,0.0
173.28,11.41307188079426,-1.0833257478973913e-14,-9.491973407443386e-16,0.0
173.3,11.414697809339858,-1.0834800806025637e-14,-9.491973407443386e-16,0.0
173.32,11.417059855268874,-1.0837042853740174e-14,-9.491973407443386e-16,0.0
173.34,11.418848523988592,-1.0838740653332403e-14,-9.491973407443386e-16,0.0
173.36,11.419889989941414,-1.0839729210045297e-14,-9.491973407443386e-16,0.0
173.38,11.421341544560676,-1.0841107021829845e-14,-9.491973407443386e-16,0.0
173.4,11.422823326861398,-1.0842513525649252e-14,-9.491973407443386e-16,0.0
173.42,11.424260122654918,-1.0843877328395654e-14,-9.491973407443386e-16,0.0
173.44,11.42603096911578,-1.0845558211147172e-14,-9.491973407443386e-16,0.0
173.46,11.42708205197712,-1.0846555896204057e-14,-9.491973407443386e-16,0.0
173.48,11.428453178322002,-1.0847857365684445e-14,-9.491973407443386e-16,0.0
173.5,11.429761049501472,-1.0849098793530035e-14,-9.491973407443386e-16,0.0
173.52,11.431389975588646,-1.085064496584025e-14,-9.491973407443386e-16,0.0
173.54,11.43331147048908,-1.0852468843689996e-14,-9.491973407443386e-16,0.0
173.56,11.434919950329304,-1.0853995608476977e-14,-9.491973407443386e-16,0.0
173.58,11.436594097468507,-1.0855584704489523e-14,-9.491973407443386e-16,0.0
173.6,11.438727315948572,-1.0857609549798027e-14,-9.491973407443386e-16,0.0
173.62,11.441176827984844,-1.0859934620108976e-14,-9.491973407443386e-16,0.0
173.64,11.442299649065678,-1.0861000398893036e-14,-9.491973407443386e-16,0.0
173.66,11.444397512196925,-1.0862991684998462e-14,-9.491973407443386e-16,0.0
173.68,11.445877693661254,-1.0864396669308224e-14,-9.491973407443386e-16,0.0
173.7,11.447218800188505,-1.0865669644057546e-14,-9.491973407443386e-16,0.0
173.72,11.448324275286469,-1.086671895808079e-14,-9.491973407443386e-16,0.0
173.74,11.449779796517323,-1.0868100534962516e-14,-9.491973407443386e-16,0.0
173.76,11.450689740181952,-1.086896425106921e-14,-9.491973407443386e-16,0.0
173.78,11.451814541049997,-1.0870031909062025e-14,-9.491973407443386e-16,0.0
173.8,11.452746052590209,-1.0870916097338867e-14,-9.491973407443386e-16,0.0
173.82,11.454648597613705,-1.0872721988015815e-14,-9.491973407443386e-16,0.0
173.84,11.455904126607036,-1.0873913732797513e-14,-9.491973407443386e-16,0.0
173.86,11.457539173252874,-1.0875465714725735e-14,-9.491973407443386e-16,0.0
173.88,11.458921475686285,-1.0876777792519634e-14,-9.491973407443386e-16,0.0
173.9,11.460890816004476,-1.0878647085112681e-14,-9.491973407443386e-16,0.0
173.92,11.462104571935232,-1.0879799179014467e-14,-9.491973407443386e-16,0.0
173.94,11.46405536045908,-1.0881650862293658e-14,-9.491973407443386e-16,0.0
173.96,11.465796803457811,-1.0883303835357112e-14,-9.491973407443386e-16,0.0
173.98,11.467334365474402,-1.0884763285134488e-14,-9.491973407443386e-16,0.0
174.0,11.468895945668175,-1.0886245532901775e-14,-9.491973407443386e-16,0.0
174.02,11.47049303023945,-1.0887761481329772e-14,-9.491973407443386e-16,0.0
174.04,11.471820545917264,-1.0889021555680951e-14,-9.491973407443386e-16,0.0
174.06,11.47335805907786,-1.0890480959084347e-14,-9.491973407443386e-16,0.0
174.08,11.474751143430735,-1.0891803271047529e-14,-9.491973407443386e-16,0.0
174.1,11.476295426618801,-1.0893269100542996e-14,-9.491973407443386e-16,0.0
174.12,11.47796278602886,-1.089485175366109e-14,-9.491973407443386e-16,0.0
174.14,11.480005424906395,-1.0896790621051747e-14,-9.491973407443386e-16,0.0
174.16,11.481358192781855,-1.0898074664721778e-14,-9.491973407443386e-16,0.0
174.18,11.482860128955235,-1.0899500298543518e-14,-9.491973407443386e-16,0.0
174.2,11.485002998388513,-1.0901534304511148e-14,-9.491973407443386e-16,0.0
174.22,11.486433147986164,-1.0902891798706104e-14,-9.491973407443386e-16,0.0
174.24,11.488239508987043,-1.0904606391764562e-14,-9.491973407443386e-16,0.0
174.26,11.490248261362735,-1.0906513094177785e-14,-9.491973407443386e-16,0.0
174.28,11.491367176903458,-1.0907575165833556e-14,-9.491973407443386e-16,0.0
174.3,11.49247413929946,-1.0908625891596146e-14,-9.491973407443386e-16,0.0
174.32,11.493951311359767,-1.0910028019387611e-14,-9.491973407443386e-16,0.0
174.34,11.49472127019067,-1.0910758862262387e-14,-9.491973407443386e-16,0.0
174.36,11.496112915454711,-1.0912079808246274e-14,-9.491973407443386e-16,0.0
174.38,11.497871086794726,-1.0913748659806789e-14,-9.491973407443386e-16,0.0
174.4,11.4989283144275,-1.0914752177464379e-14,-9.491973407443386e-16,0.0
174.42,11.500353565468327,-1.0916105021962225e-14,-9.491973407443386e-16,0.0
174.44,11.501798370835317,-1.0917476427374465e-14,-9.491973407443386e-16,0.0
174.46,11.50289302864413,-1.0918515473655616e-14,-9.491973407443386e-16,0.0
174.48,11.503809162515246,-1.0919385065489845e-14,-9.491973407443386e-16,0.0
174.5,11.50470205874138,-1.0920232600213251e-14,-9.491973407443386e-16,0.0
174.52,11.505362729963343,-1.0920859707580245e-14,-9.491973407443386e-16,0.0
174.54,11.507224179716285,-1.0922626590735668e-14,-9.491973407443386e-16,0.0
174.56,11.508092422809591,-1.0923450724770955e-14,-9.491973407443386e-16,0.0
174.58,11.509662489587388,-1.092494102798123e-14,-9.491973407443386e-16,0.0
174.6,11.511210383184972,-1.0926410284467811e-14,-9.491973407443386e-16,0.0
174.62,11.512808379033904,-1.0927927097878139e-14,-9.491973407443386e-16,0.0
174.64,11.51354258053254,-1.0928623999988215e-14,-9.491973407443386e-16,0.0
174.66,11.515235769656503,-1.0930231170602057e-14,-9.491973407443386e-16,0.0
174.68,11.516772348291214,-1.093168968695597e-14,-9.491973407443386e-16,0.0
174.7,11.518327235096063,-1.0933165581376291e-14,-9.491973407443386e-16,0.0
174.72,11.519296877939679,-1.0934085963784923e-14,-9.491973407443386e-16,0.0
174.74,11.520336338213562,-1.0935072616712702e-14,-9.491973407443386e-16,0.0
174.76,11.521387444987589,-1.0936070324467446e-14,-9.491973407443386e-16,0.0
174.78,11.523103735297912,-1.093769942266595e-14,-9.491973407443386e-16,0.0
174.8,11.523919405315464,-1.0938473654477534e-14,-9.491973407443386e-16,0.0
174.82,11.525419580475152,-1.093989761674976e-14,-9.491973407443386e-16,0.0
174.84,11.52709170082152,-1.0941484788935937e-14,-9.491973407443386e-16,0.0
174.86,11.529065879489242,-1.0943358674077492e-14,-9.491973407443386e-16,0.0
174.88,11.530688977415812,-1.094489931431316e-14,-9.491973407443386e-16,0.0
174.9,11.532183680830883,-1.0946318082819946e-14,-9.491973407443386e-16,0.0
174.92,11.533291663152625,-1.0947369776693335e-14,-9.491973407443386e-16,0.0
174.94,11.534979036736809,-1.0948971427212286e-14,-9.491973407443386e-16,0.0
174.96,11.53682912354202,-1.095072752468794e-14,-9.491973407443386e-16,0.0
174.98,11.538161817588334,-1.0951992514332726e-14,-9.491973407443386e-16,0.0
175.0,11.539549515275425,-1.095330971328707e-14,-9.491973407443386e-16,0.0
175.02,11.541051983545715,-1.0954735852173783e-14,-9.491973407443386e-16,0.0
175.04,11.541740600317677,-1.0955389485382521e-14,-9.491973407443386e-16,0.0
175.06,11.542879338371975,-1.0956470372515465e-14,-9.491973407443386e-16,0.0
175.08,11.544302748966164,-1.0957821470066257e-14,-9.491973407443386e-16,0.0
175.1,11.54533522864397,-1.0958801497030803e-14,-9.491973407443386e-16,0.0
175.12,11.547043827317781,-1.0960423294348385e-14,-9.491973407443386e-16,0.0
175.14,11.547600749447318,-1.0960951923352743e-14,-9.491973407443386e-16,0.0
175.16,11.54967862435292,-1.0962924236687539e-14,-9.491973407443386e-16,0.0
175.18,11.551308585456109,-1.0964471391432203e-14,-9.491973407443386e-16,0.0
175.2,11.55264626238557,-1.0965741110816423e-14,-9.491973407443386e-16,0.0
175.22,11.554098375787897,-1.096711945299637e-14,-9.491973407443386e-16,0.0
175.24,11.55528097409742,-1.0968241972166938e-14,-9.491973407443386e-16,0.0
175.26,11.556758904836244,-1.0969644820094036e-14,-9.491973407443386e-16,0.0
175.28,11.557694470126464,-1.0970532856179605e-14,-9.491973407443386e-16,0.0
175.3,11.558981939217873,-1.097175491841746e-14,-9.491973407443386e-16,0.0
175.32,11.56057933071623,-1.097327115817983e-14,-9.491973407443386e-16,0.0
175.34,11.562056435697427,-1.0974673222299983e-14,-9.491973407443386e-16,0.0
175.36,11.563725825879612,-1.0976257803021578e-14,-9.491973407443386e-16,0.0
175.38,11.565931445236306,-1.0978351371049647e-14,-9.491973407443386e-16,0.0
175.4,11.56641223476885,-1.0978807735195395e-14,-9.491973407443386e-16,0.0
175.42,11.568076930838524,-1.0980387860277877e-14,-9.491973407443386e-16,0.0
175.44,11.569430445380657,-1.098167261268193e-14,-9.491973407443386e-16,0.0
175.46,11.570841161534078,-1.0983011660703301e-14,-9.491973407443386e-16,0.0
175.48,11.571714063084428,-1.0983840216533624e-14,-9.491973407443386e-16,0.0
175.5,11.572961650840437,-1.0985024423513973e-14,-9.491973407443386e-16,0.0
175.52,11.574548937573196,-1.0986531071859707e-14,-9.491973407443386e-16,0.0
175.54,11.576151237608421,-1.0988051970792218e-14,-9.491973407443386e-16,0.0
175.56,11.578298222127911,-1.0990089882788737e-14,-9.491973407443386e-16,0.0
175.58,11.579379047747699,-1.0991115799592849e-14,-9.491973407443386e-16,0.0
175.6,11.58031164382096,-1.0992001017305576e-14,-9.491973407443386e-16,0.0
175.62,11.58218744715228,-1.0993781524839426e-14,-9.491973407443386e-16,0.0
175.64,11.583921561887887,-1.099542754193501e-14,-9.491973407443386e-16,0.0
175.66,11.585324563061683,-1.0996759266918238e-14,-9.491973407443386e-16,0.0
175.68,11.58726499524016,-1.0998601119981943e-14,-9.491973407443386e-16,0.0
175.7,11.588075343750223,-1.0999370300632771e-14,-9.491973407443386e-16,0.0
175.72,11.588952579465548,-1.1000202970440964e-14,-9.491973407443386e-16,0.0
175.74,11.590741207393872,-1.100190073131411e-14,-9.491973407443386e-16,0.0
175.76,11.592209519413686,-1.10032944491787e-14,-9.491973407443386e-16,0.0
175.78,11.59307516580899,-1.1004116118435149e-14,-9.491973407443386e-16,0.0
175.8,11.594272641854824,-1.1005252759513459e-14,-9.491973407443386e-16,0.0
175.82,11.594934645236135,-1.1005881131362563e-14,-9.491973407443386e-16,0.0
175.84,11.595865486724906,-1.1006764683628358e-14,-9.491973407443386e-16,0.0
175.86,11.596547107915226,-1.1007411676649606e-14,-9.491973407443386e-16,0.0
175.88,11.597991370505977,-1.1008782566860083e-14,-9.491973407443386e-16,0.0
175.9,11.599335200822305,-1.1010058127022753e-14,-9.491973407443386e-16,0.0
175.92,11.600809076379532,-1.101145712578226e-14,-9.491973407443386e-16,0.0
175.94,11.60156135669049,-1.1012171188252917e-14,-9.491973407443386e-16,0.0
175.96,11.603242115993181,-1.1013766560513462e-14,-9.491973407443386e-16,0.0
175.98,11.604928565419478,-1.1015367333824203e-14,-9.491973407443386e-16,0.0
176.0,11.606208334816218,-1.1016582087532355e-14,-9.491973407443386e-16,0.0
176.02,11.60793618094009,-1.1018222154478349e-14,-9.491973407443386e-16,0.0
176.04,11.608754714762416,-1.1018999104605809e-14,-9.491973407443386e-16,0.0
176.06,11.610247109203579,-1.1020415681440702e-14,-9.491973407443386e-16,0.0
176.08,11.611016442028198,-1.1021145930111978e-14,-9.491973407443386e-16,0.0
176.1,11.613153480102667,-1.1023174400969333e-14,-9.491973407443386e-16,0.0
176.12,11.614253316207993,-1.1024218362475764e-14,-9.491973407443386e-16,0.0
176.14,11.616177769303992,-1.1026045048236872e-14,-9.491973407443386e-16,0.0
176.16,11.61757969943844,-1.10273757565924e-14,-9.491973407443386e-16,0.0
176.18,11.619379369178418,-1.1029083998323805e-14,-9.491973407443386e-16,0.0
176.2,11.621403472473501,-1.1031005271788889e-14,-9.491973407443386e-16,0.0
176.22,11.622376894843264,-1.103192924171369e-14,-9.491973407443386e-16,0.0
176.24,11.622893367946647,-1.1032419476609987e-14,-9.491973407443386e-16,0.0
176.26,11.624045493404166,-1.1033513071030468e-14,-9.491973407443386e-16,0.0
176.28,11.62518427382798,-1.1034593998380444e-14,-9.491973407443386e-16,0.0
176.3,11.626391202741663,-1.103573961209578e-14,-9.491973407443386e-16,0.0
176.32,11.627967491370327,-1.1037235821070355e-14,-9.491973407443386e-16,0.0
176.34,11.629136992303572,-1.103834590824619e-14,-9.491973407443386e-16,0.0
176.36,11.630767699023941,-1.1039893770728699e-14,-9.491973407443386e-16,0.0
176.38,11.632150926901696,-1.1041206726951908e-14,-9.491973407443386e-16,0.0
176.4,11.633936921841325,-1.1042901988599187e-14,-9.491973407443386e-16,0.0
176.42,11.635745927516833,-1.1044619091975771e-14,-9.491973407443386e-16,0.0
176.44,11.636996060630638,-1.1045805715002972e-14,-9.491973407443386e-16,0.0
176.46,11.63810347344115,-1.1046856868297815e-14,-9.491973407443386e-16,0.0
176.48,11.640063591458714,-1.1048717407107632e-14,-9.491973407443386e-16,0.0
176.5,11.641002357134184,-1.104960848099037e-14,-9.491973407443386e-16,0.0
176.52,11.642150058184452,-1.1050697875775254e-14,-9.491973407443386e-16,0.0
176.54,11.643491500925837,-1.1051971169658137e-14,-9.491973407443386e-16,0.0
176.56,11.644729546115288,-1.1053146318859685e-14,-9.491973407443386e-16,0.0
176.58,11.646532517762603,-1.1054857694752755e-14,-9.491973407443386e-16,0.0
176.6,11.647613393115883,-1.1055883658763764e-14,-9.491973407443386e-16,0.0
176.62,11.64942457108514,-1.1057602824075798e-14,-9.491973407443386e-16,0.0
176.64,11.650691411783958,-1.1058805305898262e-14,-9.491973407443386e-16,0.0
176.66,11.652888835654462,-1.1060891094792632e-14,-9.491973407443386e-16,0.0
176.68,11.653924191610328,-1.1061873851912664e-14,-9.491973407443386e-16,0.0
176.7,11.65612722103037,-1.1063964961579749e-14,-9.491973407443386e-16,0.0
176.72,11.657375035990496,-1.1065149384221641e-14,-9.491973407443386e-16,0.0
176.74,11.658202391087862,-1.1065934707479912e-14,-9.491973407443386e-16,0.0
176.76,11.659481363117772,-1.1067148704329588e-14,-9.491973407443386e-16,0.0
176.78,11.660341611339792,-1.106796524965431e-14,-9.491973407443386e-16,0.0
176.8,11.661042658263515,-1.1068630681530045e-14,-9.491973407443386e-16,0.0
176.82,11.661786740724462,-1.1069336962623272e-14,-9.491973407443386e-16,0.0
176.84,11.663284129434123,-1.1070758280004542e-14,-9.491973407443386e-16,0.0
176.86,11.664370486051022,-1.1071789446816402e-14,-9.491973407443386e-16,0.0
176.88,11.66591378494125,-1.107325434201898e-14,-9.491973407443386e-16,0.0
176.9,11.66739212334952,-1.1074657576904831e-14,-9.491973407443386e-16,0.0
176.92,11.669091634122301,-1.1076270748010921e-14,-9.491973407443386e-16,0.0
176.94,11.670871569741209,-1.1077960258167085e-14,-9.491973407443386e-16,0.0
176.96,11.672269829918815,-1.1079287483009338e-14,-9.491973407443386e-16,0.0
176.98,11.673798776613836,-1.1080738755146391e-14,-9.491973407443386e-16,0.0
177.0,11.675631721522377,-1.108247858157931e-14,-9.491973407443386e-16,0.0
177.02,11.676337215119096,-1.1083148234225227e-14,-9.491973407443386e-16,0.0
177.04,11.677516628689634,-1.108426773045002e-14,-9.491973407443386e-16,0.0
177.06,11.67912935148857,-1.1085798522642126e-14,-9.491973407443386e-16,0.0
177.08,11.680328920198741,-1.1086937150071863e-14,-9.491973407443386e-16,0.0
177.1,11.681760970392379,-1.1088296448307476e-14,-9.491973407443386e-16,0.0
177.12,11.683282185565186,-1.1089740381704204e-14,-9.491973407443386e-16,0.0
177.14,11.685243454010038,-1.1091602012496543e-14,-9.491973407443386e-16,0.0
177.16,11.685965801281084,-1.1092287662605314e-14,-9.491973407443386e-16,0.0
177.18,11.687992832525532,-1.109421171527215e-14,-9.491973407443386e-16,0.0
177.2,11.689664838558281,-1.1095798778952144e-14,-9.491973407443386e-16,0.0
177.22,11.690297859329787,-1.1096399640585093e-14,-9.491973407443386e-16,0.0
177.24,11.691840265163723,-1.1097863688101014e-14,-9.491973407443386e-16,0.0
177.26,11.692498552794381,-1.109848853296948e-14,-9.491973407443386e-16,0.0
177.28,11.693628659657886,-1.1099561227399075e-14,-9.491973407443386e-16,0.0
177.3,11.695240701461023,-1.1101091373191782e-14,-9.491973407443386e-16,0.0
177.32,11.696392886779133,-1.1102185024431777e-14,-9.491973407443386e-16,0.0
177.34,11.697838415147062,-1.1103557116114587e-14,-9.491973407443386e-16,0.0
177.36,11.698972655982221,-1.1104633734499082e-14,-9.491973407443386e-16,0.0
177.38,11.700483450630275,-1.1106067776761425e-14,-9.491973407443386e-16,0.0
177.4,11.701742959255117,-1.1107263298998771e-14,-9.491973407443386e-16,0.0
177.42,11.703102995135934,-1.1108554241440158e-14,-9.491973407443386e-16,0.0
177.44,11.704337434596841,-1.1109725968093762e-14,-9.491973407443386e-16,0.0
177.46,11.705595245008741,-1.1110919878391899e-14,-9.491973407443386e-16,0.0
177.48,11.706918332288286,-1.1112175749319215e-14,-9.491973407443386e-16,0.0
177.5,11.708471400260173,-1.1113649917308126e-14,-9.491973407443386e-16,0.0
177.52,11.710493693738409,-1.1115569472899872e-14,-9.491973407443386e-16,0.0
177.54,11.712162313754991,-1.1117153322582326e-14,-9.491973407443386e-16,0.0
177.56,11.713750214156867,-1.1118660553421155e-14,-9.491973407443386e-16,0.0
177.58,11.71552184795966,-1.1120342183515539e-14,-9.491973407443386e-16,0.0
177.6,11.716411162225564,-1.112118631825182e-14,-9.491973407443386e-16,0.0
177.62,11.7180384443288,-1.1122730930096851e-14,-9.491973407443386e-16,0.0
177.64,11.71951546526288,-1.1124132914439704e-14,-9.491973407443386e-16,0.0
177.66,11.721282524040946,-1.1125810201932784e-14,-9.491973407443386e-16,0.0
177.68,11.722510452364473,-1.11269757482321e-14,-9.491973407443386e-16,0.0
177.7,11.723885355471356,-1.1128280802604935e-14,-9.491973407443386e-16,0.0
177.72,11.725229081817922,-1.1129556264079782e-14,-9.491973407443386e-16,0.0
177.74,11.726812128878793,-1.1131058888140233e-14,-9.491973407443386e-16,0.0
177.76,11.727714037615039,-1.1131914977514272e-14,-9.491973407443386e-16,0.0
177.78,11.728890380474793,-1.1133031559028555e-14,-9.491973407443386e-16,0.0
177.8,11.730763819451044,-1.1134809822322859e-14,-9.491973407443386e-16,0.0
177.82,11.73115169039965,-1.1135177988395827e-14,-9.491973407443386e-16,0.0
177.84,11.73252022241629,-1.1136476995346748e-14,-9.491973407443386e-16,0.0
177.86,11.733703575010287,-1.1137600230482131e-14,-9.491973407443386e-16,0.0
177.88,11.735043337022264,-1.113887192902113e-14,-9.491973407443386e-16,0.0
177.9,11.73703412942896,-1.114076158387954e-14,-9.491973407443386e-16,0.0
177.92,11.738511849505647,-1.1142164231846697e-14,-9.491973407443386e-16,0.0
177.94,11.740016650481644,-1.1143592584931463e-14,-9.491973407443386e-16,0.0
177.96,11.740623980719022,-1.1144169061177737e-14,-9.491973407443386e-16,0.0
177.98,11.741602765173578,-1.1145098120779163e-14,-9.491973407443386e-16,0.0
178.0,11.74243614685021,-1.1145889164450447e-14,-9.491973407443386e-16,0.0
178.02,11.744646558695251,-1.1147987281495711e-14,-9.491973407443386e-16,0.0
178.04,11.745574883675003,-1.1148868445097839e-14,-9.491973407443386e-16,0.0
178.06,11.747021365761901,-1.1150241442048157e-14,-9.491973407443386e-16,0.0
178.08,11.749108859472472,-1.115222288552705e-14,-9.491973407443386e-16,0.0
178.1,11.750048645642867,-1.1153114928060858e-14,-9.491973407443386e-16,0.0
178.12,11.751118163676395,-1.1154130111734162e-14,-9.491973407443386e-16,0.0
178.14,11.75252316998939,-1.1155463739990186e-14,-9.491973407443386e-16,0.0
178.16,11.754093437975014,-1.1156954234186396e-14,-9.491973407443386e-16,0.0
178.18,11.755879479427843,-1.1158649539983882e-14,-9.491973407443386e-16,0.0
178.2,11.757279195239526,-1.1159978146510129e-14,-9.491973407443386e-16,0.0
178.22,11.7580171209094,-1.116067858359364e-14,-9.491973407443386e-16,0.0
178.24,11.760063828221542,-1.1162621312731606e-14,-9.491973407443386e-16,0.0
178.26,11.761005794177184,-1.1163515424311773e-14,-9.491973407443386e-16,0.0
178.28,11.76272245169544,-1.116514487106307e-14,-9.491973407443386e-16,0.0
178.3,11.764559950177963,-1.1166889019736302e-14,-9.491973407443386e-16,0.0
178.32,11.766588756700639,-1.1168814757492511e-14,-9.491973407443386e-16,0.0
178.34,11.767919500498579,-1.1170077895966728e-14,-9.491973407443386e-16,0.0
178.36,11.769725657881741,-1.1171792295751792e-14,-9.491973407443386e-16,0.0
178.38,11.77119222520804,-1.1173184357557937e-14,-9.491973407443386e-16,0.0
178.4,11.772169538799664,-1.117411202102018e-14,-9.491973407443386e-16,0.0
178.42,11.77332414697762,-1.1175207972032296e-14,-9.491973407443386e-16,0.0
178.44,11.77464584959359,-1.1176462528640629e-14,-9.491973407443386e-16,0.0
178.46,11.775807922719345,-1.1177565565361346e-14,-9.491973407443386e-16,0.0
178.48,11.777115843838208,-1.1178807040609273e-14,-9.491973407443386e-16,0.0
178.5,11.778120514338244,-1.1179760671176233e-14,-9.491973407443386e-16,0.0
178.52,11.779924630053504,-1.1181473133015553e-14,-9.491973407443386e-16,0.0
178.54,11.781732454346477,-1.1183189115026975e-14,-9.491973407443386e-16,0.0
178.56,11.782921872494896,-1.1184318107570488e-14,-9.491973407443386e-16,0.0
178.58,11.78434848804574,-1.1185672247257614e-14,-9.491973407443386e-16,0.0
178.6,11.785794253661058,-1.1187044564135013e-14,-9.491973407443386e-16,0.0
178.62,11.788090820564907,-1.118922445933299e-14,-9.491973407443386e-16,0.0
178.64,11.788842312594777,-1.1189937773569333e-14,-9.491973407443386e-16,0.0
178.66,11.790711831732336,-1.1191712316163175e-14,-9.491973407443386e-16,0.0
178.68,11.791479822804973,-1.1192441291247037e-14,-9.491973407443386e-16,0.0
178.7,11.792843801113955,-1.1193735975830757e-14,-9.491973407443386e-16,0.0
178.72,11.794343929431717,-1.1195159893640752e-14,-9.491973407443386e-16,0.0
178.74,11.796096761451967,-1.1196823677133145e-14,-9.491973407443386e-16,0.0
178.76,11.796877061903897,-1.1197564336247099e-14,-9.491973407443386e-16,0.0
178.78,11.798398793161669,-1.1199008759510303e-14,-9.491973407443386e-16,0.0
178.8,11.799787094064651,-1.1200326531035566e-14,-9.491973407443386e-16,0.0
178.82,11.801338329724235,-1.120179895979851e-14,-9.491973407443386e-16,0.0
178.84,11.802609772628895,-1.1203005810022521e-14,-9.491973407443386e-16,0.0
178.86,11.804927530702617,-1.1205205819822587e-14,-9.491973407443386e-16,0.0
178.88,11.80597070822662,-1.1206196001154295e-14,-9.491973407443386e-16,0.0
178.9,11.807011486764829,-1.1207183905375066e-14,-9.491973407443386e-16,0.0
178.92,11.808484041336694,-1.1208581650258781e-14,-9.491973407443386e-16,0.0
178.94,11.809904509913254,-1.1209929955254264e-14,-9.491973407443386e-16,0.0
178.96,11.810909226213534,-1.1210883629294691e-14,-9.491973407443386e-16,0.0
178.98,11.812749004752913,-1.1212629942191828e-14,-9.491973407443386e-16,0.0
179.0,11.814442274586249,-1.1214237189414792e-14,-9.491973407443386e-16,0.0
179.02,11.815552035777285,-1.1215290571786187e-14,-9.491973407443386e-16,0.0
179.04,11.817098280556111,-1.1216758263218388e-14,-9.491973407443386e-16,0.0
179.06,11.81822118313423,-1.1217824119359453e-14,-9.491973407443386e-16,0.0
179.08,11.819568296787391,-1.1219102796056714e-14,-9.491973407443386e-16,0.0
179.1,11.820876271286545,-1.1220344321973073e-14,-9.491973407443386e-16,0.0
179.12,11.823096263739098,-1.1222451532905508e-14,-9.491973407443386e-16,0.0
179.14,11.82418445002069,-1.122348443643023e-14,-9.491973407443386e-16,0.0
179.16,11.824840505188178,-1.122410716225059e-14,-9.491973407443386e-16,0.0
179.18,11.825725736606493,-1.12249474215588e-14,-9.491973407443386e-16,0.0
179.2,11.826550295758066,-1.1225730090912758e-14,-9.491973407443386e-16,0.0
179.22,11.828001785892635,-1.1227107841488607e-14,-9.491973407443386e-16,0.0
179.24,11.829024363153893,-1.1228078469105699e-14,-9.491973407443386e-16,0.0
179.26,11.830025500570896,-1.1229028746079637e-14,-9.491973407443386e-16,0.0
179.28,11.831693626124057,-1.1230612126418725e-14,-9.491973407443386e-16,0.0
179.3,11.833383125332139,-1.1232215794574224e-14,-9.491973407443386e-16,0.0
179.32,11.835565440923649,-1.123428724273035e-14,-9.491973407443386e-16,0.0
179.34,11.83604797980115,-1.1234745267349679e-14,-9.491973407443386e-16,0.0
179.36,11.837756595506827,-1.1236367080833861e-14,-9.491973407443386e-16,0.0
179.38,11.839065353723232,-1.1237609350652551e-14,-9.491973407443386e-16,0.0
179.4,11.840506212293283,-1.1238977009775633e-14,-9.491973407443386e-16,0.0
179.42,11.842083228178275,-1.1240473909059979e-14,-9.491973407443386e-16,0.0
179.44,11.843134484650536,-1.124147175890789e-14,-9.491973407443386e-16,0.0
179.46,11.8440151748998,-1.124230770775051e-14,-9.491973407443386e-16,0.0
179.48,11.845053382273791,-1.1243293171429044e-14,-9.491973407443386e-16,0.0
179.5,11.845920614338079,-1.1244116345798273e-14,-9.491973407443386e-16,0.0
179.52,11.847539650530363,-1.1245653130646558e-14,-9.491973407443386e-16,0.0
179.54,11.848496005304082,-1.124656090005458e-14,-9.491973407443386e-16,0.0
179.56,11.850344222611694,-1.1248315223008083e-14,-9.491973407443386e-16,0.0
179.58,11.85139778649788,-1.1249315263047155e-14,-9.491973407443386e-16,0.0
179.6,11.853206040116365,-1.1251031652573212e-14,-9.491973407443386e-16,0.0
179.62,11.85487725065147,-1.1252617961168958e-14,-9.491973407443386e-16,0.0
179.64,11.856445499523337,-1.1254106538827759e-14,-9.491973407443386e-16,0.0
179.66,11.857457387277979,-1.1255067019993597e-14,-9.491973407443386e-16,0.0
179.68,11.858574619002844,-1.1256127493375835e-14,-9.491973407443386e-16,0.0
179.7,11.860113856684764,-1.1257588533690286e-14,-9.491973407443386e-16,0.0
179.72,11.8616150439196,-1.1259013456621552e-14,-9.491973407443386e-16,0.0
179.74,11.863227862451398,-1.1260544339683036e-14,-9.491973407443386e-16,0.0
179.76,11.864364614690523,-1.12616233418855e-14,-9.491973407443386e-16,0.0
179.78,11.865654445815474,-1.1262847646159313e-14,-9.491973407443386e-16,0.0
179.8,11.86700423899956,-1.1264128866260202e-14,-9.491973407443386e-16,0.0
179.82,11.868854418252532,-1.1265885051487023e-14,-9.491973407443386e-16,0.0
179.84,11.870773383669404,-1.1267706528357697e-14,-9.491973407443386e-16,0.0
179.86,11.872796057662862,-1.1269626445133482e-14,-9.491973407443386e-16,0.0
179.88,11.873535637651438,-1.1270328452491906e-14,-9.491973407443386e-16,0.0
179.9,11.874823205133099,-1.1271550608121527e-14,-9.491973407443386e-16,0.0
179.92,11.876699423993221,-1.1273331510074208e-14,-9.491973407443386e-16,0.0
179.94,11.877505857965295,-1.1274096975055986e-14,-9.491973407443386e-16,0.0
179.96,11.877373894866164,-1.1273971716033215e-14,-9.491973407443386e-16,0.0
179.98,11.8787758806904,-1.127530247724934e-14,-9.491973407443386e-16,0.0
180.0,11.880369488824096,-1.1276815125852033e-14,-9.491973407443386e-16,0.0
180.02,11.881613664281153,-1.1277996093887292e-14,-9.491973407443386e-16,0.0
180.04,11.88325800277129,-1.1279556895609414e-14,-9.491973407443386e-16,0.0
180.06,11.88468246096245,-1.1280908987536465e-14,-9.491973407443386e-16,0.0
180.08,11.88561866180496,-1.1281797626886577e-14,-9.491973407443386e-16,0.0
180.1,11.887019652025495,-1.1283127443078317e-14,-9.491973407443386e-16,0.0
180.12,11.889071233619584,-1.1285074798871746e-14,-9.491973407443386e-16,0.0
180.14,11.890009912613452,-1.1285965790476539e-14,-9.491973407443386e-16,0.0
180.16,11.891249819345669,-1.1287142706649531e-14,-9.491973407443386e-16,0.0
180.18,11.893377988128979,-1.1289162758799304e-14,-9.491973407443386e-16,0.0
180.2,11.894596996368989,-1.1290319838179067e-14,-9.491973407443386e-16,0.0
180.22,11.8967093990169,-1.1292324925155046e-14,-9.491973407443386e-16,0.0
180.24,11.897990475764615,-1.1293540919797266e-14,-9.491973407443386e-16,0.0
180.26,11.899008001338204,-1.1294506752365857e-14,-9.491973407443386e-16,0.0
180.28,11.901147355855318,-1.1296537421984411e-14,-9.491973407443386e-16,0.0
180.3,11.902939536852609,-1.1298238555421172e-14,-9.491973407443386e-16,0.0
180.32,11.904554188836011,-1.1299771178790045e-14,-9.491973407443386e-16,0.0
180.34,11.90574001200706,-1.1300896758990598e-14,-9.491973407443386e-16,0.0
180.36,11.906824239399404,-1.1301925904748173e-14,-9.491973407443386e-16,0.0
180.38,11.908250841076754,-1.1303280031266615e-14,-9.491973407443386e-16,0.0
180.4,11.909418480004708,-1.1304388351031979e-14,-9.491973407443386e-16,0.0
180.42,11.911026081478893,-1.130591428207625e-14,-9.491973407443386e-16,0.0
180.44,11.912099104732548,-1.1306932792895176e-14,-9.491973407443386e-16,0.0
180.46,11.913277821170878,-1.130805162740393e-14,-9.491973407443386e-16,0.0
180.48,11.914233406471197,-1.1308958666429848e-14,-9.491973407443386e-16,0.0
180.5,11.916169530887034,-1.131079643057671e-14,-9.491973407443386e-16,0.0
180.52,11.917627334933739,-1.131218017430117e-14,-9.491973407443386e-16,0.0
180.54,11.919090620655899,-1.1313569121217393e-14,-9.491973407443386e-16,0.0
180.56,11.920696524472326,-1.1315093440849437e-14,-9.491973407443386e-16,0.0
180.58,11.922124598315897,-1.131644896474414e-14,-9.491973407443386e-16,0.0
180.6,11.923261503509423,-1.1317528112130512e-14,-9.491973407443386e-16,0.0
180.62,11.924403629577604,-1.1318612215157225e-14,-9.491973407443386e-16,0.0
180.64,11.926254591849428,-1.1320369143623458e-14,-9.491973407443386e-16,0.0
180.66,11.928200035245878,-1.1322215753321937e-14,-9.491973407443386e-16,0.0
180.68,11.929506414293561,-1.1323455764840001e-14,-9.491973407443386e-16,0.0
180.7,11.93088390573124,-1.1324763276049544e-14,-9.491973407443386e-16,0.0
180.72,11.93265362850946,-1.1326443092204485e-14,-9.491973407443386e-16,0.0
180.74,11.933103194734075,-1.1326869819269379e-14,-9.491973407443386e-16,0.0
180.76,11.934650122398072,-1.1328338158894367e-14,-9.491973407443386e-16,0.0
180.78,11.936539458912694,-1.1330131512089818e-14,-9.491973407443386e-16,0.0
180.8,11.937684961475352,-1.1331218820076108e-14,-9.491973407443386e-16,0.0
180.82,11.938531100317505,-1.133202197281498e-14,-9.491973407443386e-16,0.0
180.84,11.940340273290097,-1.1333739234989512e-14,-9.491973407443386e-16,0.0
180.86,11.94206476440094,-1.133537611736606e-14,-9.491973407443386e-16,0.0
180.88,11.942712407709147,-1.1335990858671962e-14,-9.491973407443386e-16,0.0
180.9,11.94402883023452,-1.1337240403432342e-14,-9.491973407443386e-16,0.0
180.92,11.945146426086165,-1.1338301222442749e-14,-9.491973407443386e-16,0.0
180.94,11.946144357987775,-1.133924845675e-14,-9.491973407443386e-16,0.0
180.96,11.947992478687333,-1.1341002688003394e-14,-9.491973407443386e-16,0.0
180.98,11.949166273135775,-1.1342116850572436e-14,-9.491973407443386e-16,0.0
181.0,11.951001205921525,-1.1343858563893114e-14,-9.491973407443386e-16,0.0
181.02,11.95227709705885,-1.1345069636367743e-14,-9.491973407443386e-16,0.0
181.04,11.953380500099367,-1.1346116983599571e-14,-9.491973407443386e-16,0.0
181.06,11.955349307249781,-1.1347985770111182e-14,-9.491973407443386e-16,0.0
181.08,11.956908178016413,-1.1349465446097433e-14,-9.491973407443386e-16,0.0
181.1,11.958364036662354,-1.135084734325266e-14,-9.491973407443386e-16,0.0
181.12,11.959132177875661,-1.1351576460849648e-14,-9.491973407443386e-16,0.0
181.14,11.960169038865716,-1.135256064654413e-14,-9.491973407443386e-16,0.0
181.16,11.96138521057646,-1.1353715033497855e-14,-9.491973407443386e-16,0.0
181.18,11.96342194447403,-1.1355648295897233e-14,-9.491973407443386e-16,0.0
181.2,11.965441008383362,-1.1357564785990764e-14,-9.491973407443386e-16,0.0
181.22,11.96721215279469,-1.1359245951556071e-14,-9.491973407443386e-16,0.0
181.24,11.96926845969302,-1.1361197792595719e-14,-9.491973407443386e-16,0.0
181.26,11.970745736314136,-1.1362600019636026e-14,-9.491973407443386e-16,0.0
181.28,11.972998487031957,-1.136473832462674e-14,-9.491973407443386e-16,0.0
181.3,11.974445777076001,-1.1366112088487833e-14,-9.491973407443386e-16,0.0
181.32,11.97555954829092,-1.1367169277163232e-14,-9.491973407443386e-16,0.0
181.34,11.977169481757556,-1.1368697421728539e-14,-9.491973407443386e-16,0.0
181.36,11.978144961352765,-1.1369623344366261e-14,-9.491973407443386e-16,0.0
181.38,11.979826439945212,-1.137121939937473e-14,-9.491973407443386e-16,0.0
181.4,11.981658600916115,-1.1372958481696125e-14,-9.491973407443386e-16,0.0
181.42,11.983756235180433,-1.137494955056167e-14,-9.491973407443386e-16,0.0
181.44,11.985995051519598,-1.1377074629077221e-14,-9.491973407443386e-16,0.0
181.46,11.988317235287097,-1.1379278839734051e-14,-9.491973407443386e-16,0.0
181.48,11.990823921182317,-1.1381658179319876e-14,-9.491973407443386e-16,0.0
181.5,11.991736535724431,-1.1382524430616376e-14,-9.491973407443386e-16,0.0
181.52,11.993234869880105,-1.1383946645412487e-14,-9.491973407443386e-16,0.0
181.54,11.994850783288136,-1.1385480466122263e-14,-9.491973407443386e-16,0.0
181.56,11.995758651683847,-1.1386342212389217e-14,-9.491973407443386e-16,0.0
181.58,11.996848286026005,-1.1387376490409177e-14,-9.491973407443386e-16,0.0
181.6,11.998204843821256,-1.1388664131460996e-14,-9.491973407443386e-16,0.0
181.62,11.999697291576199,-1.1390080758901188e-14,-9.491973407443386e-16,0.0
181.64,12.001624698416597,-1.1391910248348626e-14,-9.491973407443386e-16,0.0
181.66,12.002438750568915,-1.1392682944486835e-14,-9.491973407443386e-16,0.0
181.68,12.004240809713739,-1.1394393454234965e-14,-9.491973407443386e-16,0.0
181.7,12.005305343667354,-1.1395403907032868e-14,-9.491973407443386e-16,0.0
181.72,12.006931780585768,-1.1396947716630716e-14,-9.491973407443386e-16,0.0
181.74,12.008634604235064,-1.1398564032310385e-14,-9.491973407443386e-16,0.0
181.76,12.010232198294167,-1.1400080464342874e-14,-9.491973407443386e-16,0.0
181.78,12.011641780433143,-1.140141843596075e-14,-9.491973407443386e-16,0.0
181.8,12.012952036826682,-1.1402662127845191e-14,-9.491973407443386e-16,0.0
181.82,12.014812753897095,-1.1404428315540304e-14,-9.491973407443386e-16,0.0
181.84,12.015665923446402,-1.1405238141807712e-14,-9.491973407443386e-16,0.0
181.86,12.016650356681556,-1.140617256321666e-14,-9.491973407443386e-16,0.0
181.88,12.018964659132426,-1.1408369292948703e-14,-9.491973407443386e-16,0.0
181.9,12.020057381578082,-1.1409406502188292e-14,-9.491973407443386e-16,0.0
181.92,12.021669146211849,-1.141093638489257e-14,-9.491973407443386e-16,0.0
181.94,12.023072793907529,-1.1412268723552651e-14,-9.491973407443386e-16,0.0
181.96,12.024373711426566,-1.1413503551002249e-14,-9.491973407443386e-16,0.0
181.98,12.025540830547314,-1.1414611377367994e-14,-9.491973407443386e-16,0.0
182.0,12.027572999385686,-1.141654030662532e-14,-9.491973407443386e-16,0.0
182.02,12.02924330158237,-1.1418125753028653e-14,-9.491973407443386e-16,0.0
182.04,12.031597336156388,-1.142036019638633e-14,-9.491973407443386e-16,0.0
182.06,12.033237619302046,-1.1421917148786258e-14,-9.491973407443386e-16,0.0
182.08,12.034299725457572,-1.1422925297124672e-14,-9.491973407443386e-16,0.0
182.1,12.035951821529554,-1.1424493462322852e-14,-9.491973407443386e-16,0.0
182.12,12.037189589523104,-1.1425668348410788e-14,-9.491973407443386e-16,0.0
182.14,12.038999108250982,-1.1427385938775318e-14,-9.491973407443386e-16,0.0
182.16,12.040830806919063,-1.1429124582280104e-14,-9.491973407443386e-16,0.0
182.18,12.042862575899353,-1.1431053131993202e-14,-9.491973407443386e-16,0.0
182.2,12.0443978113781,-1.1432510373427046e-14,-9.491973407443386e-16,0.0
182.22,12.04552648794012,-1.1433581710218275e-14,-9.491973407443386e-16,0.0
182.24,12.047545600521476,-1.1435498246511163e-14,-9.491973407443386e-16,0.0
182.26,12.048483747767316,-1.1436388733382142e-14,-9.491973407443386e-16,0.0
182.28,12.049947180391673,-1.1437777819737539e-14,-9.491973407443386e-16,0.0
182.3,12.051554319388801,-1.143930331179982e-14,-9.491973407443386e-16,0.0
182.32,12.052489364508409,-1.1440190854140827e-14,-9.491973407443386e-16,0.0
182.34,12.053313375739222,-1.1440973003409857e-14,-9.491973407443386e-16,0.0
182.36,12.054278197492863,-1.1441888809652706e-14,-9.491973407443386e-16,0.0
182.38,12.055045443533617,-1.1442617077554285e-14,-9.491973407443386e-16,0.0
182.4,12.05707127774316,-1.1444539993998773e-14,-9.491973407443386e-16,0.0
182.42,12.058164831714477,-1.1445577992520309e-14,-9.491973407443386e-16,0.0
182.44,12.059794667264075,-1.1447125028089839e-14,-9.491973407443386e-16,0.0
182.46,12.061327358036094,-1.1448579854094822e-14,-9.491973407443386e-16,0.0
182.48,12.06187181065622,-1.1449096647074007e-14,-9.491973407443386e-16,0.0
182.5,12.062827376720854,-1.1450003667841464e-14,-9.491973407443386e-16,0.0
182.52,12.064232092114262,-1.1451337019957389e-14,-9.491973407443386e-16,0.0
182.54,12.065416364789415,-1.1452461128431361e-14,-9.491973407443386e-16,0.0
182.56,12.066283569149553,-1.1453284276503885e-14,-9.491973407443386e-16,0.0
182.58,12.067584804151402,-1.1454519405307322e-14,-9.491973407443386e-16,0.0
182.6,12.068780401208668,-1.1455654262854682e-14,-9.491973407443386e-16,0.0
182.62,12.070035132415537,-1.145684525037959e-14,-9.491973407443386e-16,0.0
182.64,12.072158579110672,-1.1458860820335825e-14,-9.491973407443386e-16,0.0
182.66,12.072951767784192,-1.1459613712915438e-14,-9.491973407443386e-16,0.0
182.68,12.07477565802106,-1.1461344944678084e-14,-9.491973407443386e-16,0.0
182.7,12.07669142748899,-1.1463163387962521e-14,-9.491973407443386e-16,0.0
182.72,12.078112492465648,-1.1464512259059388e-14,-9.491973407443386e-16,0.0
182.74,12.07939690044677,-1.14657314156995e-14,-9.491973407443386e-16,0.0
182.76,12.080745864559592,-1.146701184884815e-14,-9.491973407443386e-16,0.0
182.78,12.082245759514928,-1.146843554515115e-14,-9.491973407443386e-16,0.0
182.8,12.083586159174724,-1.1469707848943762e-14,-9.491973407443386e-16,0.0
182.82,12.084511161105029,-1.1470585858316191e-14,-9.491973407443386e-16,0.0
182.84,12.08647074445729,-1.1472445889623124e-14,-9.491973407443386e-16,0.0
182.86,12.087834422743834,-1.1473740289426341e-14,-9.491973407443386e-16,0.0
182.88,12.088677135735601,-1.1474540190357137e-14,-9.491973407443386e-16,0.0
182.9,12.08992699390823,-1.1475726552410905e-14,-9.491973407443386e-16,0.0
182.92,12.09172198823979,-1.1477430356257072e-14,-9.491973407443386e-16,0.0
182.94,12.092547205366367,-1.1478213650159156e-14,-9.491973407443386e-16,0.0
182.96,12.093527370413442,-1.147914402021533e-14,-9.491973407443386e-16,0.0
182.98,12.09526429467014,-1.1480792704100862e-14,-9.491973407443386e-16,0.0
183.0,12.096063416342105,-1.1481551228266822e-14,-9.491973407443386e-16,0.0
183.02,12.097464303278306,-1.1482880946421347e-14,-9.491973407443386e-16,0.0
183.04,12.09931540012116,-1.1484638002622044e-14,-9.491973407443386e-16,0.0
183.06,12.100822884537527,-1.1486068902821272e-14,-9.491973407443386e-16,0.0
183.08,12.101942357194755,-1.148713150329055e-14,-9.491973407443386e-16,0.0
183.1,12.10253136305289,-1.1487690586084774e-14,-9.491973407443386e-16,0.0
183.12,12.103404516426822,-1.1488519380945373e-14,-9.491973407443386e-16,0.0
183.14,12.104191098556589,-1.1489266002611224e-14,-9.491973407443386e-16,0.0
183.16,12.105261130316618,-1.1490281673912356e-14,-9.491973407443386e-16,0.0
183.18,12.107279259958737,-1.1492197277201931e-14,-9.491973407443386e-16,0.0
183.2,12.108433005096636,-1.149329240901872e-14,-9.491973407443386e-16,0.0
183.22,12.110012302601216,-1.1494791474010312e-14,-9.491973407443386e-16,0.0
183.24,12.11172194766827,-1.1496414264561577e-14,-9.491973407443386e-16,0.0
183.26,12.11376722025942,-1.1498355631866193e-14,-9.491973407443386e-16,0.0
183.28,12.115342534876211,-1.1499850916311286e-14,-9.491973407443386e-16,0.0
183.3,12.116768166262855,-1.150120412183237e-14,-9.491973407443386e-16,0.0
183.32,12.118207886612728,-1.1502570700559885e-14,-9.491973407443386e-16,0.0
183.34,12.120091162613846,-1.1504358301132034e-14,-9.491973407443386e-16,0.0
183.36,12.12117206956375,-1.1505384295134474e-14,-9.491973407443386e-16,0.0
183.38,12.122258186541838,-1.1506415234481812e-14,-9.491973407443386e-16,0.0
183.4,12.123426088828806,-1.150752380422685e-14,-9.491973407443386e-16,0.0
183.42,12.12525648242521,-1.1509261208961072e-14,-9.491973407443386e-16,0.0
183.44,12.126381974516354,-1.1510329523061016e-14,-9.491973407443386e-16,0.0
183.46,12.128492602330121,-1.1512332925369144e-14,-9.491973407443386e-16,0.0
183.48,12.129044879747786,-1.1512857145625345e-14,-9.491973407443386e-16,0.0
183.5,12.131277871067574,-1.1514976695047992e-14,-9.491973407443386e-16,0.0
183.52,12.132157212955827,-1.1515811364029927e-14,-9.491973407443386e-16,0.0
183.54,12.13313513593273,-1.1516739605919056e-14,-9.491973407443386e-16,0.0
183.56,12.134621124671629,-1.1518150102478397e-14,-9.491973407443386e-16,0.0
183.58,12.136053473189847,-1.1519509683882908e-14,-9.491973407443386e-16,0.0
183.6,12.13751086117639,-1.1520893032684168e-14,-9.491973407443386e-16,0.0
183.62,12.139243802498674,-1.1522537935978947e-14,-9.491973407443386e-16,0.0
183.64,12.140853036219285,-1.1524065416347187e-14,-9.491973407443386e-16,0.0
183.66,12.142023124716543,-1.152517606123722e-14,-9.491973407443386e-16,0.0
183.68,12.142526311946554,-1.1525653685217842e-14,-9.491973407443386e-16,0.0
183.7,12.143738769819551,-1.1526804547006656e-14,-9.491973407443386e-16,0.0
183.72,12.145651577932348,-1.1528620179380676e-14,-9.491973407443386e-16,0.0
183.74,12.147280855545668,-1.1530166685358574e-14,-9.491973407443386e-16,0.0
183.76,12.148795621364377,-1.1531604497045541e-14,-9.491973407443386e-16,0.0
183.78,12.1502761253853,-1.1533009787525164e-14,-9.491973407443386e-16,0.0
183.8,12.152554263449352,-1.153517219011741e-14,-9.491973407443386e-16,0.0
183.82,12.154367498814361,-1.1536893308304021e-14,-9.491973407443386e-16,0.0
183.84,12.155610343244732,-1.1538073012932288e-14,-9.491973407443386e-16,0.0
183.86,12.15724023657213,-1.1539620103344352e-14,-9.491973407443386e-16,0.0
183.88,12.157965578091686,-1.1540308595585844e-14,-9.491973407443386e-16,0.0
183.9,12.159902707677292,-1.1542147313837178e-14,-9.491973407443386e-16,0.0
183.92,12.161236950916315,-1.1543413773971564e-14,-9.491973407443386e-16,0.0
183.94,12.16265367913525,-1.1544758528629535e-14,-9.491973407443386e-16,0.0
183.96,12.164085379813693,-1.1546117495106254e-14,-9.491973407443386e-16,0.0
183.98,12.166114389169143,-1.1548043425390794e-14,-9.491973407443386e-16,0.0
184.0,12.16815848804463,-1.1549983678607624e-14,-9.491973407443386e-16,0.0
184.02,12.169178627920205,-1.1550951992664707e-14,-9.491973407443386e-16,0.0
184.04,12.171336071586753,-1.15529998324558e-14,-9.491973407443386e-16,0.0
184.06,12.172258635507603,-1.1553875527676139e-14,-9.491973407443386e-16,0.0
184.08,12.173342651916677,-1.1554904473168956e-14,-9.491973407443386e-16,0.0
184.1,12.174996430945514,-1.1556474235825308e-14,-9.491973407443386e-16,0.0
184.12,12.175771636610357,-1.1557210058980906e-14,-9.491973407443386e-16,0.0
184.14,12.176884355174494,-1.1558266248482981e-14,-9.491973407443386e-16,0.0
184.16,12.177686920204227,-1.1559028041074978e-14,-9.491973407443386e-16,0.0
184.18,12.179178805012501,-1.1560444134167688e-14,-9.491973407443386e-16,0.0
184.2,12.18111835079121,-1.1562285145863091e-14,-9.491973407443386e-16,0.0
184.22,12.182312267053998,-1.15634184080048e-14,-9.491973407443386e-16,0.0
184.24,12.183099252252736,-1.1564165412262648e-14,-9.491973407443386e-16,0.0
184.26,12.183511807208832,-1.1564557008329885e-14,-9.491973407443386e-16,0.0
184.28,12.185259207288185,-1.1566215635838424e-14,-9.491973407443386e-16,0.0
184.3,12.187034511364706,-1.156790074974687e-14,-9.491973407443386e-16,0.0
184.32,12.188743058509251,-1.1569522498153007e-14,-9.491973407443386e-16,0.0
184.34,12.189930481102424,-1.1570649596520787e-14,-9.491973407443386e-16,0.0
184.36,12.191238093134935,-1.1571890778384771e-14,-9.491973407443386e-16,0.0
184.38,12.192691463853691,-1.157327031400613e-14,-9.491973407443386e-16,0.0
184.4,12.194103131665784,-1.1574610265339383e-14,-9.491973407443386e-16,0.0
184.42,12.194867973433153,-1.1575336251111058e-14,-9.491973407443386e-16,0.0
184.44,12.196261976523896,-1.1576659435137782e-14,-9.491973407443386e-16,0.0
184.46,12.197439660479374,-1.1577777289616557e-14,-9.491973407443386e-16,0.0
184.48,12.199296549196957,-1.1579539843449345e-14,-9.491973407443386e-16,0.0
184.5,12.200434252213004,-1.1580619748126735e-14,-9.491973407443386e-16,0.0
184.52,12.201612685360086,-1.1581738313736191e-14,-9.491973407443386e-16,0.0
184.54,12.201777611497175,-1.1581894861186934e-14,-9.491973407443386e-16,0.0
184.56,12.203914373636632,-1.158392307012751e-14,-9.491973407443386e-16,0.0
184.58,12.205688157849929,-1.1585606741385827e-14,-9.491973407443386e-16,0.0
184.6,12.207478768500795,-1.1587306384253937e-14,-9.491973407443386e-16,0.0
184.62,12.208805696459976,-1.1588565900744152e-14,-9.491973407443386e-16,0.0
184.64,12.210395602874092,-1.1590075035684462e-14,-9.491973407443386e-16,0.0
184.66,12.211626688032721,-1.1591243578443263e-14,-9.491973407443386e-16,0.0
184.68,12.212758289887962,-1.1592317691915039e-14,-9.491973407443386e-16,0.0
184.7,12.214408328895452,-1.1593883904553074e-14,-9.491973407443386e-16,0.0
184.72,12.21556582888721,-1.1594982600467162e-14,-9.491973407443386e-16,0.0
184.74,12.217013951346042,-1.1596357154454158e-14,-9.491973407443386e-16,0.0
184.76,12.218724531475804,-1.1597980832564459e-14,-9.491973407443386e-16,0.0
184.78,12.220146892842926,-1.1599330934191708e-14,-9.491973407443386e-16,0.0
184.8,12.221716748835538,-1.1600821037325247e-14,-9.491973407443386e-16,0.0
184.82,12.22273943439385,-1.1601791767737613e-14,-9.491973407443386e-16,0.0
184.84,12.224422977716902,-1.1603389782582882e-14,-9.491973407443386e-16,0.0
184.86,12.226209804962929,-1.160508583425318e-14,-9.491973407443386e-16,0.0
184.88,12.227420822112965,-1.160623532851159e-14,-9.491973407443386e-16,0.0
184.9,12.22886388020806,-1.1607605075417994e-14,-9.491973407443386e-16,0.0
184.92,12.229861560931196,-1.1608552071307306e-14,-9.491973407443386e-16,0.0
184.94,12.230963582816148,-1.1609598107549945e-14,-9.491973407443386e-16,0.0
184.96,12.232064331639668,-1.1610642935406057e-14,-9.491973407443386e-16,0.0
184.98,12.233912757902312,-1.1612397456699122e-14,-9.491973407443386e-16,0.0
185.0,12.235326572246054,-1.1613739445514508e-14,-9.491973407443386e-16,0.0
185.02,12.236983464777065,-1.1615312163498843e-14,-9.491973407443386e-16,0.0
185.04,12.238594647165188,-1.1616841493537103e-14,-9.491973407443386e-16,0.0
185.06,12.240666481745833,-1.1618808073411514e-14,-9.491973407443386e-16,0.0
185.08,12.242558254802494,-1.1620603739366189e-14,-9.491973407443386e-16,0.0
185.1,12.243948500713852,-1.162192335708823e-14,-9.491973407443386e-16,0.0
185.12,12.245466623113982,-1.1623364354833357e-14,-9.491973407443386e-16,0.0
185.14,12.247128128940288,-1.1624941451745319e-14,-9.491973407443386e-16,0.0
185.16,12.248743747496409,-1.1626474992582445e-14,-9.491973407443386e-16,0.0
185.18,12.250517744208507,-1.162815886554406e-14,-9.491973407443386e-16,0.0
185.2,12.252273645482198,-1.1629825562363656e-14,-9.491973407443386e-16,0.0
185.22,12.25356706129148,-1.1631053269210304e-14,-9.491973407443386e-16,0.0
185.24,12.255022867633908,-1.1632435116719175e-14,-9.491973407443386e-16,0.0
185.26,12.256679445758728,-1.1634007536269989e-14,-9.491973407443386e-16,0.0
185.28,12.257866045681572,-1.1635133853761281e-14,-9.491973407443386e-16,0.0
185.3,12.259544788031791,-1.1636727311535903e-14,-9.491973407443386e-16,0.0
185.32,12.260710547006784,-1.1637833846854916e-14,-9.491973407443386e-16,0.0
185.34,12.262515085862962,-1.163954671033847e-14,-9.491973407443386e-16,0.0
185.36,12.264253776540375,-1.1641197070905848e-14,-9.491973407443386e-16,0.0
185.38,12.266382984918403,-1.1643218109836163e-14,-9.491973407443386e-16,0.0
185.4,12.267727995145906,-1.1644494789967382e-14,-9.491973407443386e-16,0.0
185.42,12.269935408832549,-1.1646590061168666e-14,-9.491973407443386e-16,0.0
185.44,12.270713419554236,-1.1647328546876762e-14,-9.491973407443386e-16,0.0
185.46,12.271631954222766,-1.1648200417541514e-14,-9.491973407443386e-16,0.0
185.48,12.272534094984925,-1.1649056727153932e-14,-9.491973407443386e-16,0.0
185.5,12.27462292275773,-1.1651039436921152e-14,-9.491973407443386e-16,0.0
185.52,12.27613478704127,-1.1652474494478654e-14,-9.491973407443386e-16,0.0
185.54,12.278087832934741,-1.1654328320447088e-14,-9.491973407443386e-16,0.0
185.56,12.279207734051218,-1.1655391327608746e-14,-9.491973407443386e-16,0.0
185.58,12.280468485995485,-1.1656588030001582e-14,-9.491973407443386e-16,0.0
185.6,12.281596046026223,-1.1657658306984289e-14,-9.491973407443386e-16,0.0
185.62,12.283084489354739,-1.1659071133433565e-14,-9.491973407443386e-16,0.0
185.64,12.283795502724141,-1.1659746025433036e-14,-9.491973407443386e-16,0.0
185.66,12.285227784908905,-1.1661105543874008e-14,-9.491973407443386e-16,0.0
185.68,12.28654240438014,-1.1662353377180196e-14,-9.491973407443386e-16,0.0
185.7,12.287913971020625,-1.1663655264587997e-14,-9.491973407443386e-16,0.0
185.72,12.289370767639003,-1.1665038052064166e-14,-9.491973407443386e-16,0.0
185.74,12.291444712623182,-1.1667006635127998e-14,-9.491973407443386e-16,0.0
185.76,12.292778574144622,-1.166827273293707e-14,-9.491973407443386e-16,0.0
185.78,12.29441706024997,-1.1669827979591113e-14,-9.491973407443386e-16,0.0
185.8,12.296381014571116,-1.1671692159810089e-14,-9.491973407443386e-16,0.0
185.82,12.297232167955357,-1.1672500072338976e-14,-9.491973407443386e-16,0.0
185.84,12.29955260829025,-1.1674702628134213e-14,-9.491973407443386e-16,0.0
185.86,12.301073535837165,-1.167614628851721e-14,-9.491973407443386e-16,0.0
185.88,12.30263014208171,-1.1677623815025117e-14,-9.491973407443386e-16,0.0
185.9,12.304295971248584,-1.1679205015640449e-14,-9.491973407443386e-16,0.0
185.92,12.305421401873645,-1.1680273271396948e-14,-9.491973407443386e-16,0.0
185.94,12.306723874222193,-1.1681509574686583e-14,-9.491973407443386e-16,0.0
185.96,12.30785153789575,-1.1682579950046778e-14,-9.491973407443386e-16,0.0
185.98,12.309148197293917,-1.1683810735699368e-14,-9.491973407443386e-16,0.0
186.0,12.310756079264358,-1.1685336932989943e-14,-9.491973407443386e-16,0.0
186.02,12.312567170508638,-1.1687056015982859e-14,-9.491973407443386e-16,0.0
186.04,12.314046117946987,-1.168845982895844e-14,-9.491973407443386e-16,0.0
186.06,12.315476010565074,-1.1689817079229078e-14,-9.491973407443386e-16,0.0
186.08,12.316571766700207,-1.1690857168038651e-14,-9.491973407443386e-16,0.0
186.1,12.318561708479896,-1.1692746015484167e-14,-9.491973407443386e-16,0.0
186.12,12.319557563490617,-1.1693691278412111e-14,-9.491973407443386e-16,0.0
186.14,12.321093789700162,-1.1695149460244994e-14,-9.491973407443386e-16,0.0
186.16,12.322609772787525,-1.1696588427360133e-14,-9.491973407443386e-16,0.0
186.18,12.324085859232838,-1.1697989524688733e-14,-9.491973407443386e-16,0.0
186.2,12.32504349574565,-1.1698898510720094e-14,-9.491973407443386e-16,0.0
186.22,12.326165886641197,-1.1699963881173424e-14,-9.491973407443386e-16,0.0
186.24,12.327072017444987,-1.170082397812275e-14,-9.491973407443386e-16,0.0
186.26,12.328926628198003,-1.1702584369717627e-14,-9.491973407443386e-16,0.0
186.28,12.329986164157543,-1.1703590078432846e-14,-9.491973407443386e-16,0.0
186.3,12.331509662861912,-1.1705036179351661e-14,-9.491973407443386e-16,0.0
186.32,12.332704168570876,-1.1706170000994114e-14,-9.491973407443386e-16,0.0
186.34,12.334473647716685,-1.1707849585893818e-14,-9.491973407443386e-16,0.0
186.36,12.336474121429193,-1.170974843022196e-14,-9.491973407443386e-16,0.0
186.38,12.337113050009922,-1.1710354899531714e-14,-9.491973407443386e-16,0.0
186.4,12.338356797141449,-1.1711535461001518e-14,-9.491973407443386e-16,0.0
186.42,12.340184991084056,-1.1713270777830206e-14,-9.491973407443386e-16,0.0
186.44,12.341462319804116,-1.1714483214854542e-14,-9.491973407443386e-16,0.0
186.46,12.342345334860504,-1.1715321370397902e-14,-9.491973407443386e-16,0.0
186.48,12.34394684109301,-1.1716841515854983e-14,-9.491973407443386e-16,0.0
186.5,12.345047675495577,-1.17178864249425e-14,-9.491973407443386e-16,0.0
186.52,12.346949110594569,-1.1719691262082061e-14,-9.491973407443386e-16,0.0
186.54,12.348593444339167,-1.172125205929973e-14,-9.491973407443386e-16,0.0
186.56,12.350054062870782,-1.1722638474525781e-14,-9.491973407443386e-16,0.0
186.58,12.351239355669398,-1.172376355129823e-14,-9.491973407443386e-16,0.0
186.6,12.352195070500262,-1.1724670713274197e-14,-9.491973407443386e-16,0.0
186.62,12.353549226695858,-1.1725956074734008e-14,-9.491973407443386e-16,0.0
186.64,12.354653278150545,-1.172700403743884e-14,-9.491973407443386e-16,0.0
186.66,12.356316031903113,-1.172858231887909e-14,-9.491973407443386e-16,0.0
186.68,12.357903630412167,-1.1730089263162056e-14,-9.491973407443386e-16,0.0
186.7,12.35887357354513,-1.1731009930604538e-14,-9.491973407443386e-16,0.0
186.72,12.36035185677009,-1.1732413113110536e-14,-9.491973407443386e-16,0.0
186.74,12.361801516498833,-1.1733789126270043e-14,-9.491973407443386e-16,0.0
186.76,12.363400941049266,-1.1735307295800035e-14,-9.491973407443386e-16,0.0
186.78,12.364921805304409,-1.1736750896106651e-14,-9.491973407443386e-16,0.0
186.8,12.366291491834481,-1.173805099891865e-14,-9.491973407443386e-16,0.0
186.82,12.3679124071436,-1.1739589567419636e-14,-9.491973407443386e-16,0.0
186.84,12.369348952874297,-1.1740953132807073e-14,-9.491973407443386e-16,0.0
186.86,12.370577632056554,-1.1742119391819498e-14,-9.491973407443386e-16,0.0
186.88,12.371862042742409,-1.1743338551026935e-14,-9.491973407443386e-16,0.0
186.9,12.373321465634783,-1.1744723831355398e-14,-9.491973407443386e-16,0.0
186.92,12.374827973352025,-1.1746153804474415e-14,-9.491973407443386e-16,0.0
186.94,12.376583707403029,-1.1747820342566682e-14,-9.491973407443386e-16,0.0
186.96,12.37829871132795,-1.1749448219731584e-14,-9.491973407443386e-16,0.0
186.98,12.379416929522304,-1.1750509629468037e-14,-9.491973407443386e-16,0.0
187.0,12.380668306779048,-1.1751697433432406e-14,-9.491973407443386e-16,0.0
187.02,12.381801826715785,-1.1752773367542035e-14,-9.491973407443386e-16,0.0
187.04,12.383261485640723,-1.1754158871911979e-14,-9.491973407443386e-16,0.0
187.06,12.384681731423184,-1.1755506965431894e-14,-9.491973407443386e-16,0.0
187.08,12.386296869615366,-1.1757040050308848e-14,-9.491973407443386e-16,0.0
187.1,12.387375943262127,-1.175806430414482e-14,-9.491973407443386e-16,0.0
187.12,12.388654717489848,-1.1759278113241186e-14,-9.491973407443386e-16,0.0
187.14,12.389301008864084,-1.1759891571294957e-14,-9.491973407443386e-16,0.0
187.16,12.390481415327725,-1.1761012009971242e-14,-9.491973407443386e-16,0.0
187.18,12.391950738480269,-1.176240668760033e-14,-9.491973407443386e-16,0.0
187.2,12.39400214121434,-1.1764353873620307e-14,-9.491973407443386e-16,0.0
187.22,12.395179474531364,-1.1765471395273995e-14,-9.491973407443386e-16,0.0
187.24,12.396944068118922,-1.1767146342814799e-14,-9.491973407443386e-16,0.0
187.26,12.39816298959137,-1.1768303339835023e-14,-9.491973407443386e-16,0.0
187.28,12.399349547263034,-1.1769429617221607e-14,-9.491973407443386e-16,0.0
187.3,12.401090866110444,-1.1771082472440957e-14,-9.491973407443386e-16,0.0
187.32,12.401868124402046,-1.1771820243944417e-14,-9.491973407443386e-16,0.0
187.34,12.403519593158,-1.1773387813695891e-14,-9.491973407443386e-16,0.0
187.36,12.404032000981596,-1.1773874189839426e-14,-9.491973407443386e-16,0.0
187.38,12.405418454037093,-1.177519020739277e-14,-9.491973407443386e-16,0.0
187.4,12.406496870530411,-1.1776213837460442e-14,-9.491973407443386e-16,0.0
187.42,12.408206567235236,-1.177783667702614e-14,-9.491973407443386e-16,0.0
187.44,12.409203343358108,-1.1778782814271287e-14,-9.491973407443386e-16,0.0
187.46,12.410022441795645,-1.1779560300330006e-14,-9.491973407443386e-16,0.0
187.48,12.411413143754057,-1.1780880350930699e-14,-9.491973407443386e-16,0.0
187.5,12.412636175445785,-1.1782041249360133e-14,-9.491973407443386e-16,0.0
187.52,12.414231029014129,-1.1783555080126082e-14,-9.491973407443386e-16,0.0
187.54,12.4160787749124,-1.1785308955619093e-14,-9.491973407443386e-16,0.0
187.56,12.417632622506558,-1.178678386362339e-14,-9.491973407443386e-16,0.0
187.58,12.419499823782967,-1.1788556206109594e-14,-9.491973407443386e-16,0.0
187.6,12.420923437414084,-1.1789907496382497e-14,-9.491973407443386e-16,0.0
187.62,12.421933333020668,-1.1790866086606697e-14,-9.491973407443386e-16,0.0
187.64,12.423294084888672,-1.179215770866122e-14,-9.491973407443386e-16,0.0
187.66,12.424897999300146,-1.1793680139955372e-14,-9.491973407443386e-16,0.0
187.68,12.426571580361056,-1.1795268698647907e-14,-9.491973407443386e-16,0.0
187.7,12.427429033610244,-1.1796082590991848e-14,-9.491973407443386e-16,0.0
187.72,12.428510154602261,-1.1797108788162493e-14,-9.491973407443386e-16,0.0
187.74,12.429821256092517,-1.179835328221049e-14,-9.491973407443386e-16,0.0
187.76,12.43157015897224,-1.1800013336173144e-14,-9.491973407443386e-16,0.0
187.78,12.43281067229292,-1.1801190828118292e-14,-9.491973407443386e-16,0.0
187.8,12.435076827279206,-1.1803341856404988e-14,-9.491973407443386e-16,0.0
187.82,12.436712898785506,-1.1804894811128036e-14,-9.491973407443386e-16,0.0
187.84,12.438331357596313,-1.1806431047927357e-14,-9.491973407443386e-16,0.0
187.86,12.440311746685772,-1.1808310827984711e-14,-9.491973407443386e-16,0.0
187.88,12.441662271801608,-1.1809592742833271e-14,-9.491973407443386e-16,0.0
187.9,12.443477801759922,-1.1811316039041744e-14,-9.491973407443386e-16,0.0
187.92,12.44478118717973,-1.1812553209016191e-14,-9.491973407443386e-16,0.0
187.94,12.446232177384067,-1.1813930485059593e-14,-9.491973407443386e-16,0.0
187.96,12.447626371236288,-1.1815253850156603e-14,-9.491973407443386e-16,0.0
187.98,12.448529273112873,-1.1816110882216811e-14,-9.491973407443386e-16,0.0
188.0,12.450742355282015,-1.181821153392661e-14,-9.491973407443386e-16,0.0
188.02,12.45187833042737,-1.1819289798513731e-14,-9.491973407443386e-16,0.0
188.04,12.45289110573365,-1.1820251122141225e-14,-9.491973407443386e-16,0.0
188.06,12.453956412253895,-1.182126230825732e-14,-9.491973407443386e-16,0.0
188.08,12.455760932543278,-1.1822975154117322e-14,-9.491973407443386e-16,0.0
188.1,12.456528944527323,-1.1823704149050238e-14,-9.491973407443386e-16,0.0
188.12,12.458184909223636,-1.1825275986336344e-14,-9.491973407443386e-16,0.0
188.14,12.4598853564224,-1.1826890046295489e-14,-9.491973407443386e-16,0.0
188.16,12.461333962896468,-1.182826505970846e-14,-9.491973407443386e-16,0.0
188.18,12.462624091776267,-1.1829489646610382e-14,-9.491973407443386e-16,0.0
188.2,12.463898304333291,-1.1830699125781054e-14,-9.491973407443386e-16,0.0
188.22,12.465345715622398,-1.1832073004727636e-14,-9.491973407443386e-16,0.0
188.24,12.467155231829745,-1.1833790592699685e-14,-9.491973407443386e-16,0.0
188.26,12.4682867935189,-1.1834864668045917e-14,-9.491973407443386e-16,0.0
188.28,12.469771033241845,-1.1836273504443963e-14,-9.491973407443386e-16,0.0
188.3,12.471272545735248,-1.1837698736109796e-14,-9.491973407443386e-16,0.0
188.32,12.472298559580834,-1.1838672625723594e-14,-9.491973407443386e-16,0.0
188.34,12.474219809053642,-1.184049627061409e-14,-9.491973407443386e-16,0.0
188.36,12.475272024716732,-1.1841495030923384e-14,-9.491973407443386e-16,0.0
188.38,12.477028937792056,-1.18431626881424e-14,-9.491973407443386e-16,0.0
188.4,12.478441168920215,-1.1844503174173764e-14,-9.491973407443386e-16,0.0
188.42,12.480794339942163,-1.1846736797850114e-14,-9.491973407443386e-16,0.0
188.44,12.482069594911223,-1.1847947266475518e-14,-9.491973407443386e-16,0.0
188.46,12.483328764298886,-1.1849142466709834e-14,-9.491973407443386e-16,0.0
188.48,12.484291483304155,-1.185005627702952e-14,-9.491973407443386e-16,0.0
188.5,12.485871940274139,-1.1851556442582589e-14,-9.491973407443386e-16,0.0
188.52,12.487204877663183,-1.1852821663207649e-14,-9.491973407443386e-16,0.0
188.54,12.489240170346648,-1.1854753557610429e-14,-9.491973407443386e-16,0.0
188.56,12.490745228430992,-1.1856182154741755e-14,-9.491973407443386e-16,0.0
188.58,12.492051381011011,-1.1857421951297316e-14,-9.491973407443386e-16,0.0
188.6,12.49364451040806,-1.1858934145484458e-14,-9.491973407443386e-16,0.0
188.62,12.495488179638519,-1.1860684151415222e-14,-9.491973407443386e-16,0.0
188.64,12.496788755895652,-1.1861918654939929e-14,-9.491973407443386e-16,0.0
188.66,12.498735144267028,-1.1863766161606094e-14,-9.491973407443386e-16,0.0
188.68,12.499890696067652,-1.1864863008302338e-14,-9.491973407443386e-16,0.0
188.7,12.501576860751964,-1.1866463511336744e-14,-9.491973407443386e-16,0.0
188.72,12.503278528948536,-1.186807873026376e-14,-9.491973407443386e-16,0.0
188.74,12.504289683617452,-1.1869038515586576e-14,-9.491973407443386e-16,0.0
188.76,12.506407840259413,-1.1871049064238404e-14,-9.491973407443386e-16,0.0
188.78,12.508342053882506,-1.1872885014665876e-14,-9.491973407443386e-16,0.0
188.8,12.509734436114089,-1.1874206660177395e-14,-9.491973407443386e-16,0.0
188.82,12.511065039664025,-1.187546966552858e-14,-9.491973407443386e-16,0.0
188.84,12.512452674148934,-1.187678680449158e-14,-9.491973407443386e-16,0.0
188.86,12.514108553346372,-1.187835856062238e-14,-9.491973407443386e-16,0.0
188.88,12.51566161390124,-1.1879832721571077e-14,-9.491973407443386e-16,0.0
188.9,12.516559688521209,-1.188068517161214e-14,-9.491973407443386e-16,0.0
188.92,12.518127333250893,-1.1882173175820789e-14,-9.491973407443386e-16,0.0
188.94,12.520138983591954,-1.188408262897503e-14,-9.491973407443386e-16,0.0
188.96,12.52198301334111,-1.1885832977109184e-14,-9.491973407443386e-16,0.0
188.98,12.522620752270198,-1.1886438317204764e-14,-9.491973407443386e-16,0.0
189.0,12.523757296158076,-1.1887517121640776e-14,-9.491973407443386e-16,0.0
189.02,12.525370451938993,-1.188904832481823e-14,-9.491973407443386e-16,0.0
189.04,12.526632174568412,-1.189024594858283e-14,-9.491973407443386e-16,0.0
189.06,12.5279306724141,-1.189147847928492e-14,-9.491973407443386e-16,0.0
189.08,12.528870979445408,-1.189237101621852e-14,-9.491973407443386e-16,0.0
189.1,12.530573402555019,-1.1893986951706985e-14,-9.491973407443386e-16,0.0
189.12,12.532546942622643,-1.1895860230691026e-14,-9.491973407443386e-16,0.0
189.14,12.533904593595798,-1.1897148909384404e-14,-9.491973407443386e-16,0.0
189.16,12.535213511704276,-1.1898391330972223e-14,-9.491973407443386e-16,0.0
189.18,12.53630849590962,-1.1899430687068093e-14,-9.491973407443386e-16,0.0
189.2,12.5377555865214,-1.1900804261628612e-14,-9.491973407443386e-16,0.0
189.22,12.539255357309687,-1.1902227840072581e-14,-9.491973407443386e-16,0.0
189.24,12.54059011769224,-1.1903494791078231e-14,-9.491973407443386e-16,0.0
189.26,12.541929154213062,-1.1904765800982956e-14,-9.491973407443386e-16,0.0
189.28,12.54365955403635,-1.1906408291893646e-14,-9.491973407443386e-16,0.0
189.3,12.543885978872083,-1.1906623213745603e-14,-9.491973407443386e-16,0.0
189.32,12.544960513093194,-1.190764315877082e-14,-9.491973407443386e-16,0.0
189.34,12.546727155987748,-1.1909320051508375e-14,-9.491973407443386e-16,0.0
189.36,12.548180831404617,-1.1910699876348372e-14,-9.491973407443386e-16,0.0
189.38,12.549829358236789,-1.1912264653633616e-14,-9.491973407443386e-16,0.0
189.4,12.551469922024696,-1.1913821872418418e-14,-9.491973407443386e-16,0.0
189.42,12.553164631005268,-1.1915430485676113e-14,-9.491973407443386e-16,0.0
189.44,12.553791262904786,-1.191602528300876e-14,-9.491973407443386e-16,0.0
189.46,12.555318631723125,-1.1917475057429463e-14,-9.491973407443386e-16,0.0
189.48,12.556297933035745,-1.1918404607631191e-14,-9.491973407443386e-16,0.0
189.5,12.557768118856035,-1.191980010410221e-14,-9.491973407443386e-16,0.0
189.52,12.55914829544673,-1.1921110164051856e-14,-9.491973407443386e-16,0.0
189.54,12.56047016848824,-1.192236488242766e-14,-9.491973407443386e-16,0.0
189.56,12.561849312585583,-1.1923673962337361e-14,-9.491973407443386e-16,0.0
189.58,12.563343341253551,-1.1925092090375993e-14,-9.491973407443386e-16,0.0
189.6,12.565480739091761,-1.1927120902720133e-14,-9.491973407443386e-16,0.0
189.62,12.566914106004052,-1.192848145078159e-14,-9.491973407443386e-16,0.0
189.64,12.568420438764436,-1.1929911257832022e-14,-9.491973407443386e-16,0.0
189.66,12.569835691320298,-1.1931254611794528e-14,-9.491973407443386e-16,0.0
189.68,12.571963620478353,-1.1933274436492645e-14,-9.491973407443386e-16,0.0
189.7,12.573926285280317,-1.1935137392703443e-14,-9.491973407443386e-16,0.0
189.72,12.575110014309686,-1.1936260985150282e-14,-9.491973407443386e-16,0.0
189.74,12.576370125930225,-1.1937457079749538e-14,-9.491973407443386e-16,0.0
189.76,12.577271531669044,-1.1938312691679758e-14,-9.491973407443386e-16,0.0
189.78,12.579051976593517,-1.1940002685267409e-14,-9.491973407443386e-16,0.0
189.8,12.580852195572714,-1.194171144833522e-14,-9.491973407443386e-16,0.0
189.82,12.582850233061173,-1.1943607980205973e-14,-9.491973407443386e-16,0.0
189.84,12.584230478976028,-1.1944918105957926e-14,-9.491973407443386e-16,0.0
189.86,12.585540177974618,-1.1946161268764562e-14,-9.491973407443386e-16,0.0
189.88,12.586792769784063,-1.1947350225579125e-14,-9.491973407443386e-16,0.0
189.9,12.587969777108666,-1.1948467437801675e-14,-9.491973407443386e-16,0.0
189.92,12.589171161274267,-1.1949607788456876e-14,-9.491973407443386e-16,0.0
189.94,12.590477069233977,-1.195084735281949e-14,-9.491973407443386e-16,0.0
189.96,12.592010327160695,-1.1952302717166206e-14,-9.491973407443386e-16,0.0
189.98,12.593677115099982,-1.1953884827845761e-14,-9.491973407443386e-16,0.0
190.0,12.595492230851793,-1.1955607730890524e-14,-9.491973407443386e-16,0.0
190.02,12.59630438189236,-1.1956378622498512e-14,-9.491973407443386e-16,0.0
190.04,12.597755931928315,-1.19577564299326e-14,-9.491973407443386e-16,0.0
190.06,12.5994369314632,-1.1959352030220905e-14,-9.491973407443386e-16,0.0
190.08,12.600816959145789,-1.1960661948827372e-14,-9.491973407443386e-16,0.0
190.1,12.602544984242565,-1.1962302185653972e-14,-9.491973407443386e-16,0.0
190.12,12.604260869797093,-1.196393089965935e-14,-9.491973407443386e-16,0.0
190.14,12.6060882977892,-1.1965665489449859e-14,-9.491973407443386e-16,0.0
190.16,12.607043505023833,-1.1966572169616833e-14,-9.491973407443386e-16,0.0
190.18,12.60826154126656,-1.1967728326379359e-14,-9.491973407443386e-16,0.0
190.2,12.609883069667424,-1.1969267476825402e-14,-9.491973407443386e-16,0.0
190.22,12.611890816517644,-1.1971173224796519e-14,-9.491973407443386e-16,0.0
190.24,12.614049719393963,-1.1973222449665647e-14,-9.491973407443386e-16,0.0
190.26,12.615541224976093,-1.197463818279791e-14,-9.491973407443386e-16,0.0
190.28,12.616580376422291,-1.1975624542587272e-14,-9.491973407443386e-16,0.0
190.3,12.617725519580095,-1.197671150942743e-14,-9.491973407443386e-16,0.0
190.32,12.618055120840257,-1.1977024366067081e-14,-9.491973407443386e-16,0.0
190.34,12.618939210070696,-1.1977863541213594e-14,-9.491973407443386e-16,0.0
190.36,12.620768010729584,-1.1979599433935764e-14,-9.491973407443386e-16,0.0
190.38,12.621973069170595,-1.1980743272203413e-14,-9.491973407443386e-16,0.0
190.4,12.623742694223628,-1.1982422995597866e-14,-9.491973407443386e-16,0.0
190.42,12.624827716764914,-1.1983452896108702e-14,-9.491973407443386e-16,0.0
190.44,12.62597806449008,-1.1984544803110362e-14,-9.491973407443386e-16,0.0
190.46,12.627112891841254,-1.1985621978214299e-14,-9.491973407443386e-16,0.0
190.48,12.628501311905527,-1.1986939862847142e-14,-9.491973407443386e-16,0.0
190.5,12.62931030154352,-1.1987707753660214e-14,-9.491973407443386e-16,0.0
190.52,12.630513522848311,-1.1988849848123049e-14,-9.491973407443386e-16,0.0
190.54,12.631682513279499,-1.1989959450731688e-14,-9.491973407443386e-16,0.0
190.56,12.632321364928762,-1.19905658470183e-14,-9.491973407443386e-16,0.0
190.58,12.634098016965686,-1.1992252240407176e-14,-9.491973407443386e-16,0.0
190.6,12.635997007900496,-1.1994054757552597e-14,-9.491973407443386e-16,0.0
190.62,12.637243235685919,-1.1995237673652481e-14,-9.491973407443386e-16,0.0
190.64,12.638797961433678,-1.199671341519784e-14,-9.491973407443386e-16,0.0
190.66,12.639592521734725,-1.1997467609722656e-14,-9.491973407443386e-16,0.0
190.68,12.640152504954587,-1.1997999144305811e-14,-9.491973407443386e-16,0.0
190.7,12.64130602578405,-1.199909406320963e-14,-9.491973407443386e-16,0.0
190.72,12.642562657068888,-1.2000286854283494e-14,-9.491973407443386e-16,0.0
190.74,12.64450109968712,-1.2002126818861907e-14,-9.491973407443386e-16,0.0
190.76,12.645656925131812,-1.2003223925300373e-14,-9.491973407443386e-16,0.0
190.78,12.647389154797992,-1.2004868153093068e-14,-9.491973407443386e-16,0.0
190.8,12.649101380795688,-1.2006493393456835e-14,-9.491973407443386e-16,0.0
190.82,12.649867234670838,-1.2007220339918526e-14,-9.491973407443386e-16,0.0
190.84,12.651310091464778,-1.2008589895750408e-14,-9.491973407443386e-16,0.0
190.86,12.652724413099897,-1.200993236608542e-14,-9.491973407443386e-16,0.0
190.88,12.653926040752411,-1.2011072947857752e-14,-9.491973407443386e-16,0.0
190.9,12.654408140835649,-1.2011530555974734e-14,-9.491973407443386e-16,0.0
190.92,12.656239873640619,-1.2013269231882166e-14,-9.491973407443386e-16,0.0
190.94,12.658176152580907,-1.2015107142703227e-14,-9.491973407443386e-16,0.0
190.96,12.65954481294549,-1.2016406271481672e-14,-9.491973407443386e-16,0.0
190.98,12.661490238140258,-1.2018252863903162e-14,-9.491973407443386e-16,0.0
191.0,12.662799955586607,-1.2019496044220361e-14,-9.491973407443386e-16,0.0
191.02,12.664206886701285,-1.2020831499493023e-14,-9.491973407443386e-16,0.0
191.04,12.665585452433836,-1.2022140030420403e-14,-9.491973407443386e-16,0.0
191.06,12.667395838078603,-1.2023858443660138e-14,-9.491973407443386e-16,0.0
191.08,12.668575441343066,-1.2024978119941899e-14,-9.491973407443386e-16,0.0
191.1,12.669857498064218,-1.20261950447723e-14,-9.491973407443386e-16,0.0
191.12,12.670834330457165,-1.2027122251482039e-14,-9.491973407443386e-16,0.0
191.14,12.672122343508299,-1.2028344830045019e-14,-9.491973407443386e-16,0.0
191.16,12.673189680711543,-1.2029357943680015e-14,-9.491973407443386e-16,0.0
191.18,12.67437449337979,-1.2030482564713995e-14,-9.491973407443386e-16,0.0
191.2,12.676085174996581,-1.2032106339155511e-14,-9.491973407443386e-16,0.0
191.22,12.677312754575608,-1.2033271554427477e-14,-9.491973407443386e-16,0.0
191.24,12.67826606532604,-1.203417643445669e-14,-9.491973407443386e-16,0.0
191.26,12.679327629628526,-1.2035184068469638e-14,-9.491973407443386e-16,0.0
191.28,12.680585723780744,-1.203637824809333e-14,-9.491973407443386e-16,0.0
191.3,12.681669977722098,-1.2037407419051155e-14,-9.491973407443386e-16,0.0
191.32,12.683215210433218,-1.203887414983138e-14,-9.491973407443386e-16,0.0
191.34,12.684525487635561,-1.2040117861467483e-14,-9.491973407443386e-16,0.0
191.36,12.685985623529382,-1.2041503818575021e-14,-9.491973407443386e-16,0.0
191.38,12.68696339474924,-1.2042431916416767e-14,-9.491973407443386e-16,0.0
191.4,12.688327224423439,-1.2043726459916746e-14,-9.491973407443386e-16,0.0
191.42,12.689682075214751,-1.2045012480684966e-14,-9.491973407443386e-16,0.0
191.44,12.691292463549429,-1.204654105700981e-14,-9.491973407443386e-16,0.0
191.46,12.692364754032516,-1.2047558872284862e-14,-9.491973407443386e-16,0.0
191.48,12.693720483336982,-1.204884572693543e-14,-9.491973407443386e-16,0.0
191.5,12.695773599090556,-1.2050794538948961e-14,-9.491973407443386e-16,0.0
191.52,12.696916987399943,-1.2051879840091671e-14,-9.491973407443386e-16,0.0
191.54,12.69829552130082,-1.2053188340804509e-14,-9.491973407443386e-16,0.0
191.56,12.699269757757833,-1.2054113083458763e-14,-9.491973407443386e-16,0.0
191.58,12.700409149951142,-1.2055194591498718e-14,-9.491973407443386e-16,0.0
191.6,12.701875282929233,-1.20565862410227e-14,-9.491973407443386e-16,0.0
191.62,12.70354793214483,-1.2058173915210141e-14,-9.491973407443386e-16,0.0
191.64,12.704900770280465,-1.2059458025570944e-14,-9.491973407443386e-16,0.0
191.66,12.706401705768403,-1.2060882709544725e-14,-9.491973407443386e-16,0.0
191.68,12.707110154148479,-1.2061555166863147e-14,-9.491973407443386e-16,0.0
191.7,12.708141617284758,-1.2062534228929179e-14,-9.491973407443386e-16,0.0
191.72,12.70950506116055,-1.2063828406230335e-14,-9.491973407443386e-16,0.0
191.74,12.710741867498493,-1.2065002379517326e-14,-9.491973407443386e-16,0.0
191.76,12.7116915712255,-1.2065903835769497e-14,-9.491973407443386e-16,0.0
191.78,12.712461124683957,-1.2066634293865825e-14,-9.491973407443386e-16,0.0
191.8,12.713876269078977,-1.2067977545162347e-14,-9.491973407443386e-16,0.0
191.82,12.715798304056438,-1.2069801935651772e-14,-9.491973407443386e-16,0.0
191.84,12.716991679631814,-1.2070934684574428e-14,-9.491973407443386e-16,0.0
191.86,12.71791769022221,-1.2071813651364333e-14,-9.491973407443386e-16,0.0
191.88,12.719544924913492,-1.2073358218206065e-14,-9.491973407443386e-16,0.0
191.9,12.720521106330606,-1.2074284807011274e-14,-9.491973407443386e-16,0.0
191.92,12.721876261685958,-1.207557111687087e-14,-9.491973407443386e-16,0.0
191.94,12.723020514077696,-1.2076657238198248e-14,-9.491973407443386e-16,0.0
191.96,12.724571275950003,-1.2078129217243568e-14,-9.491973407443386e-16,0.0
191.98,12.7267678390028,-1.208021418905206e-14,-9.491973407443386e-16,0.0
192.0,12.727638013625674,-1.2081040156490077e-14,-9.491973407443386e-16,0.0
192.02,12.729158823270284,-1.2082483704960518e-14,-9.491973407443386e-16,0.0
192.04,12.730507000266613,-1.2083763390980286e-14,-9.491973407443386e-16,0.0
192.06,12.732459083401585,-1.2085616303100912e-14,-9.491973407443386e-16,0.0
192.08,12.732909499583718,-1.208604383694322e-14,-9.491973407443386e-16,0.0
192.1,12.733963518934367,-1.2087044309307949e-14,-9.491973407443386e-16,0.0
192.12,12.73500865815138,-1.2088036352673445e-14,-9.491973407443386e-16,0.0
192.14,12.735724108217578,-1.2088715455973717e-14,-9.491973407443386e-16,0.0
192.16,12.737312523167809,-1.2090223175220474e-14,-9.491973407443386e-16,0.0
192.18,12.738844431124631,-1.2091677258179356e-14,-9.491973407443386e-16,0.0
192.2,12.740248077566916,-1.2093009595649717e-14,-9.491973407443386e-16,0.0
192.22,12.74126370070715,-1.2093973622433626e-14,-9.491973407443386e-16,0.0
192.24,12.743547687273724,-1.2096141576408915e-14,-9.491973407443386e-16,0.0
192.26,12.74522104414974,-1.2097729922305748e-14,-9.491973407443386e-16,0.0
192.28,12.747613570198249,-1.2100000901668652e-14,-9.491973407443386e-16,0.0
192.3,12.748739122596938,-1.2101069273012357e-14,-9.491973407443386e-16,0.0
192.32,12.75012517930381,-1.2102384914352641e-14,-9.491973407443386e-16,0.0
192.34,12.750944077124482,-1.2103162209986364e-14,-9.491973407443386e-16,0.0
192.36,12.752197134944005,-1.2104351609136454e-14,-9.491973407443386e-16,0.0
192.38,12.753137930682358,-1.2105244609949482e-14,-9.491973407443386e-16,0.0
192.4,12.754340979546518,-1.2106386540732128e-14,-9.491973407443386e-16,0.0
192.42,12.755619752153692,-1.2107600348290275e-14,-9.491973407443386e-16,0.0
192.44,12.757461367680836,-1.2109348404851314e-14,-9.491973407443386e-16,0.0
192.46,12.758433048939928,-1.2110270722118496e-14,-9.491973407443386e-16,0.0
192.48,12.760143569807957,-1.2111894343977716e-14,-9.491973407443386e-16,0.0
192.5,12.76120760115122,-1.2112904319699211e-14,-9.491973407443386e-16,0.0
192.52,12.76207586508934,-1.211372847352034e-14,-9.491973407443386e-16,0.0
192.54,12.763762619835303,-1.2115329536639695e-14,-9.491973407443386e-16,0.0
192.56,12.765334499293457,-1.2116821560441346e-14,-9.491973407443386e-16,0.0
192.58,12.765933185182504,-1.2117389831495172e-14,-9.491973407443386e-16,0.0
192.6,12.767376343741557,-1.2118759673761696e-14,-9.491973407443386e-16,0.0
192.62,12.768065622606938,-1.2119413935427748e-14,-9.491973407443386e-16,0.0
192.64,12.769049720112294,-1.2120348038162865e-14,-9.491973407443386e-16,0.0
192.66,12.769840122669297,-1.2121098286168088e-14,-9.491973407443386e-16,0.0
192.68,12.770494522354031,-1.2121719440608621e-14,-9.491973407443386e-16,0.0
192.7,12.772189137256932,-1.2123327964568041e-14,-9.491973407443386e-16,0.0
192.72,12.772817015053466,-1.2123923944502823e-14,-9.491973407443386e-16,0.0
192.74,12.774575933274848,-1.2125593505001145e-14,-9.491973407443386e-16,0.0
192.76,12.776020194408943,-1.212696439382897e-14,-9.491973407443386e-16,0.0
192.78,12.778010407154456,-1.2128853498474527e-14,-9.491973407443386e-16,0.0
192.8,12.779596678151638,-1.2130359182686752e-14,-9.491973407443386e-16,0.0
192.82,12.780973165729463,-1.2131665741035193e-14,-9.491973407443386e-16,0.0
192.84,12.782696387495585,-1.2133301418553109e-14,-9.491973407443386e-16,0.0
192.86,12.784134427004387,-1.213466640183075e-14,-9.491973407443386e-16,0.0
192.88,12.78568708996337,-1.2136140185382488e-14,-9.491973407443386e-16,0.0
192.9,12.786343923221015,-1.2136763649763958e-14,-9.491973407443386e-16,0.0
192.92,12.787986348365875,-1.213832263534383e-14,-9.491973407443386e-16,0.0
192.94,12.78952128047153,-1.2139779588816741e-14,-9.491973407443386e-16,0.0
192.96,12.79084718651643,-1.2141038135308638e-14,-9.491973407443386e-16,0.0
192.98,12.791701703269538,-1.214184924033831e-14,-9.491973407443386e-16,0.0
193.0,12.79268239211144,-1.2142780107579141e-14,-9.491973407443386e-16,0.0
193.02,12.793379196835055,-1.2143441512769813e-14,-9.491973407443386e-16,0.0
193.04,12.79425055859204,-1.214426860703237e-14,-9.491973407443386e-16,0.0
193.06,12.795125265420213,-1.2145098876427603e-14,-9.491973407443386e-16,0.0
193.08,12.796924188406551,-1.214680640934244e-14,-9.491973407443386e-16,0.0
193.1,12.797811035271119,-1.2147648202027934e-14,-9.491973407443386e-16,0.0
193.12,12.799362824756141,-1.2149121156480512e-14,-9.491973407443386e-16,0.0
193.14,12.800596491555654,-1.2150292149725975e-14,-9.491973407443386e-16,0.0
193.16,12.801780536919734,-1.2151416042436881e-14,-9.491973407443386e-16,0.0
193.18,12.80268716573411,-1.2152276612096528e-14,-9.491973407443386e-16,0.0
193.2,12.803684115085488,-1.2153222913769713e-14,-9.491973407443386e-16,0.0
193.22,12.805544055899547,-1.215498836464436e-14,-9.491973407443386e-16,0.0
193.24,12.806900115091787,-1.2156275532423526e-14,-9.491973407443386e-16,0.0
193.26,12.808448896725363,-1.215774563183151e-14,-9.491973407443386e-16,0.0
193.28,12.809648733748842,-1.2158884513943523e-14,-9.491973407443386e-16,0.0
193.3,12.811423722939427,-1.2160569328963076e-14,-9.491973407443386e-16,0.0
193.32,12.813362423778038,-1.2162409538643586e-14,-9.491973407443386e-16,0.0
193.34,12.814373822304578,-1.216336955543541e-14,-9.491973407443386e-16,0.0
193.36,12.815333185588043,-1.2164280180512884e-14,-9.491973407443386e-16,0.0
193.38,12.816855929778143,-1.2165725565248762e-14,-9.491973407443386e-16,0.0
193.4,12.81827371511249,-1.216707132331787e-14,-9.491973407443386e-16,0.0
193.42,12.819052066319356,-1.2167810132213594e-14,-9.491973407443386e-16,0.0
193.44,12.820400378958267,-1.2169089946984939e-14,-9.491973407443386e-16,0.0
193.46,12.821693422992709,-1.2170317300943896e-14,-9.491973407443386e-16,0.0
193.48,12.823540915042162,-1.2172070935484284e-14,-9.491973407443386e-16,0.0
193.5,12.825086601069902,-1.217353809655144e-14,-9.491973407443386e-16,0.0
193.52,12.826887633802402,-1.2175247632031723e-14,-9.491973407443386e-16,0.0
193.54,12.828058333511835,-1.2176358857082728e-14,-9.491973407443386e-16,0.0
193.56,12.828925339819913,-1.2177181817164764e-14,-9.491973407443386e-16,0.0
193.58,12.830196985349307,-1.2178388859719635e-14,-9.491973407443386e-16,0.0
193.6,12.832229070319435,-1.2180317709369447e-14,-9.491973407443386e-16,0.0
193.62,12.833121137102804,-1.2181164456787987e-14,-9.491973407443386e-16,0.0
193.64,12.834400098203124,-1.2182378443263327e-14,-9.491973407443386e-16,0.0
193.66,12.835269274003315,-1.2183203462621507e-14,-9.491973407443386e-16,0.0
193.68,12.836960133404657,-1.2184808421868834e-14,-9.491973407443386e-16,0.0
193.7,12.838118927722077,-1.2185908346353397e-14,-9.491973407443386e-16,0.0
193.72,12.83955786796205,-1.218727418460267e-14,-9.491973407443386e-16,0.0
193.74,12.8409329313567,-1.2188579391120228e-14,-9.491973407443386e-16,0.0
193.76,12.842467092079419,-1.2190035612398506e-14,-9.491973407443386e-16,0.0
193.78,12.844338248382813,-1.2191811708985806e-14,-9.491973407443386e-16,0.0
193.8,12.845657321158608,-1.2193063769356837e-14,-9.491973407443386e-16,0.0
193.82,12.84716596827071,-1.2194495773183767e-14,-9.491973407443386e-16,0.0
193.84,12.848490077749108,-1.2195752614379516e-14,-9.491973407443386e-16,0.0
193.86,12.849533913992868,-1.2196743420966267e-14,-9.491973407443386e-16,0.0
193.88,12.851158471741645,-1.2198285446861292e-14,-9.491973407443386e-16,0.0
193.9,12.852389907770442,-1.2199454322665124e-14,-9.491973407443386e-16,0.0
193.92,12.853330936538812,-1.2200347544669626e-14,-9.491973407443386e-16,0.0
193.94,12.854733162010216,-1.2201678533358206e-14,-9.491973407443386e-16,0.0
193.96,12.85643746290782,-1.2203296251238039e-14,-9.491973407443386e-16,0.0
193.98,12.858123739811095,-1.2204896860790386e-14,-9.491973407443386e-16,0.0
194.0,12.858684274277154,-1.2205428918614966e-14,-9.491973407443386e-16,0.0
194.02,12.859312701970982,-1.2206025420510797e-14,-9.491973407443386e-16,0.0
194.04,12.86089955843141,-1.2207531660443178e-14,-9.491973407443386e-16,0.0
194.06,12.862080912385297,-1.2208652998474686e-14,-9.491973407443386e-16,0.0
194.08,12.862900020191448,-1.2209430493426068e-14,-9.491973407443386e-16,0.0
194.1,12.864710727259345,-1.2211149211759782e-14,-9.491973407443386e-16,0.0
194.12,12.866014089435357,-1.2212386359671279e-14,-9.491973407443386e-16,0.0
194.14,12.86654493838401,-1.2212890240081677e-14,-9.491973407443386e-16,0.0
194.16,12.868166957078564,-1.2214429855913186e-14,-9.491973407443386e-16,0.0
194.18,12.869189187953255,-1.221540015474107e-14,-9.491973407443386e-16,0.0
194.2,12.870450669260386,-1.2216597549443198e-14,-9.491973407443386e-16,0.0
194.22,12.871928050255502,-1.2217999875555028e-14,-9.491973407443386e-16,0.0
194.24,12.873549709231357,-1.2219539149942505e-14,-9.491973407443386e-16,0.0
194.26,12.875126714425177,-1.2221036039078819e-14,-9.491973407443386e-16,0.0
194.28,12.875934733921259,-1.222180300903577e-14,-9.491973407443386e-16,0.0
194.3,12.87703106182815,-1.2222843640569575e-14,-9.491973407443386e-16,0.0
194.32,12.877811003285256,-1.2223583958926594e-14,-9.491973407443386e-16,0.0
194.34,12.879745627666026,-1.222542029924416e-14,-9.491973407443386e-16,0.0
194.36,12.880942287022773,-1.2226556165123362e-14,-9.491973407443386e-16,0.0
194.38,12.882498519090081,-1.2228033336463231e-14,-9.491973407443386e-16,0.0
194.4,12.883244926932344,-1.2228741824802219e-14,-9.491973407443386e-16,0.0
194.42,12.884156032731923,-1.2229606644004316e-14,-9.491973407443386e-16,0.0
194.44,12.885318559548644,-1.2230710111367292e-14,-9.491973407443386e-16,0.0
194.46,12.887316942550786,-1.2232606971198713e-14,-9.491973407443386e-16,0.0
194.48,12.889187260553141,-1.2234382272072895e-14,-9.491973407443386e-16,0.0
194.5,12.891009592831036,-1.2236112025025025e-14,-9.491973407443386e-16,0.0
194.52,12.892058648739745,-1.2237107786103863e-14,-9.491973407443386e-16,0.0
194.54,12.893772664606656,-1.2238734725406729e-14,-9.491973407443386e-16,0.0
194.56,12.895016395483385,-1.2239915271447521e-14,-9.491973407443386e-16,0.0
194.58,12.896422921945918,-1.2241250342625445e-14,-9.491973407443386e-16,0.0
194.6,12.897826208291244,-1.224258233829273e-14,-9.491973407443386e-16,0.0
194.62,12.899494896967411,-1.2244166253146679e-14,-9.491973407443386e-16,0.0
194.64,12.900515802909803,-1.2245135294352346e-14,-9.491973407443386e-16,0.0
194.66,12.901738973868254,-1.2246296324973382e-14,-9.491973407443386e-16,0.0
194.68,12.903747679584972,-1.224820298309803e-14,-9.491973407443386e-16,0.0
194.7,12.905975799398613,-1.2250317908499998e-14,-9.491973407443386e-16,0.0
194.72,12.907129994772026,-1.225141346767914e-14,-9.491973407443386e-16,0.0
194.74,12.908663815094231,-1.2252869365850157e-14,-9.491973407443386e-16,0.0
194.76,12.909967941977564,-1.225410723961981e-14,-9.491973407443386e-16,0.0
194.78,12.911953347941845,-1.2255991781681402e-14,-9.491973407443386e-16,0.0
194.8,12.91339387521756,-1.225735912634078e-14,-9.491973407443386e-16,0.0
194.82,12.91441815113776,-1.2258331366320423e-14,-9.491973407443386e-16,0.0
194.84,12.91593488335736,-1.225977104450989e-14,-9.491973407443386e-16,0.0
194.86,12.917067528974718,-1.226084614871789e-14,-9.491973407443386e-16,0.0
194.88,12.918063598198549,-1.2261791614976348e-14,-9.491973407443386e-16,0.0
194.9,12.91901095867936,-1.226269084702546e-14,-9.491973407443386e-16,0.0
194.92,12.920036605071422,-1.226366438785335e-14,-9.491973407443386e-16,0.0
194.94,12.92021752277155,-1.2263836114453203e-14,-9.491973407443386e-16,0.0
194.96,12.921410722390114,-1.226496869635812e-14,-9.491973407443386e-16,0.0
194.98,12.922815522392554,-1.2266302128784715e-14,-9.491973407443386e-16,0.0
195.0,12.923828862783278,-1.226726398878886e-14,-9.491973407443386e-16,0.0
195.02,12.925071789447964,-1.2268443771473719e-14,-9.491973407443386e-16,0.0
195.04,12.926688792483592,-1.2269978626455112e-14,-9.491973407443386e-16,0.0
195.06,12.928108107972083,-1.2271325836942466e-14,-9.491973407443386e-16,0.0
195.08,12.928905955784106,-1.2272083151963957e-14,-9.491973407443386e-16,0.0
195.1,12.930278668352837,-1.2273386127083804e-14,-9.491973407443386e-16,0.0
195.12,12.931925329588053,-1.2274949133549377e-14,-9.491973407443386e-16,0.0
195.14,12.934166592914696,-1.2277076534738934e-14,-9.491973407443386e-16,0.0
195.16,12.93557688827486,-1.2278415183344463e-14,-9.491973407443386e-16,0.0
195.18,12.937326537774458,-1.2280075945996717e-14,-9.491973407443386e-16,0.0
195.2,12.938799951514516,-1.2281474506400595e-14,-9.491973407443386e-16,0.0
195.22,12.940209113136623,-1.2282812078864977e-14,-9.491973407443386e-16,0.0
195.24,12.941904755092601,-1.2284421577700445e-14,-9.491973407443386e-16,0.0
195.26,12.943738400916677,-1.2286162069440525e-14,-9.491973407443386e-16,0.0
195.28,12.945268635601426,-1.2287614564134003e-14,-9.491973407443386e-16,0.0
195.3,12.946531599909974,-1.2288813366497132e-14,-9.491973407443386e-16,0.0
195.32,12.947977511513386,-1.2290185821946041e-14,-9.491973407443386e-16,0.0
195.34,12.949177375930716,-1.2291324730060225e-14,-9.491973407443386e-16,0.0
195.36,12.951199251726779,-1.2293243889189163e-14,-9.491973407443386e-16,0.0
195.38,12.952570857623684,-1.2294545813859055e-14,-9.491973407443386e-16,0.0
195.4,12.953828823190884,-1.229573987143019e-14,-9.491973407443386e-16,0.0
195.42,12.95456072248289,-1.2296434588291854e-14,-9.491973407443386e-16,0.0
195.44,12.955813785952351,-1.2297623992804849e-14,-9.491973407443386e-16,0.0
195.46,12.957004993759956,-1.2298754684088102e-14,-9.491973407443386e-16,0.0
195.48,12.957740608987676,-1.2299452928106064e-14,-9.491973407443386e-16,0.0
195.5,12.958600303032014,-1.2300268947406804e-14,-9.491973407443386e-16,0.0
195.52,12.959548553661538,-1.2301169024382706e-14,-9.491973407443386e-16,0.0
195.54,12.961778114458511,-1.230328531756222e-14,-9.491973407443386e-16,0.0
195.56,12.96310786884241,-1.230454751688726e-14,-9.491973407443386e-16,0.0
195.58,12.964271920929288,-1.2305652432032611e-14,-9.491973407443386e-16,0.0
195.6,12.964888569500486,-1.2306237753216565e-14,-9.491973407443386e-16,0.0
195.62,12.966212573660624,-1.2307494494444502e-14,-9.491973407443386e-16,0.0
195.64,12.968178322309862,-1.230936037783493e-14,-9.491973407443386e-16,0.0
195.66,12.96939472413823,-1.2310514983215694e-14,-9.491973407443386e-16,0.0
195.68,12.970388360037498,-1.2311458139768948e-14,-9.491973407443386e-16,0.0
195.7,12.971686648720889,-1.2312690471934741e-14,-9.491973407443386e-16,0.0
195.72,12.972577340521468,-1.2313535914223275e-14,-9.491973407443386e-16,0.0
195.74,12.974333669550349,-1.231520301706696e-14,-9.491973407443386e-16,0.0
195.76,12.975471144218233,-1.231628270499688e-14,-9.491973407443386e-16,0.0
195.78,12.976367093969845,-1.2317133138118551e-14,-9.491973407443386e-16,0.0
195.8,12.9778162294709,-1.2318508653682529e-14,-9.491973407443386e-16,0.0
195.82,12.97888418968847,-1.2319522358681066e-14,-9.491973407443386e-16,0.0
195.84,12.980588068148986,-1.2321139675584739e-14,-9.491973407443386e-16,0.0
195.86,12.982252507705416,-1.2322719557185531e-14,-9.491973407443386e-16,0.0
195.88,12.983695927953674,-1.2324089647846754e-14,-9.491973407443386e-16,0.0
195.9,12.98497577130897,-1.2325304471756171e-14,-9.491973407443386e-16,0.0
195.92,12.986649885194614,-1.2326893536204527e-14,-9.491973407443386e-16,0.0
195.94,12.988354694485079,-1.2328511736649513e-14,-9.491973407443386e-16,0.0
195.96,12.989951435436348,-1.2330027358914315e-14,-9.491973407443386e-16,0.0
195.98,12.991326616257618,-1.2331332676892908e-14,-9.491973407443386e-16,0.0
196.0,12.993058155726347,-1.2332976249552019e-14,-9.491973407443386e-16,0.0
196.02,12.994471083792169,-1.233431739711476e-14,-9.491973407443386e-16,0.0
196.04,12.996504312814448,-1.2336247332695831e-14,-9.491973407443386e-16,0.0
196.06,12.998541129883291,-1.233818067404116e-14,-9.491973407443386e-16,0.0
196.08,13.000108912571179,-1.2339668809199368e-14,-9.491973407443386e-16,0.0
196.1,13.001479017765528,-1.2340969309406385e-14,-9.491973407443386e-16,0.0
196.12,13.00192824636737,-1.2341395716000641e-14,-9.491973407443386e-16,0.0
196.14,13.003106829612287,-1.2342514424082561e-14,-9.491973407443386e-16,0.0
196.16,13.004391389281636,-1.2343733724704736e-14,-9.491973407443386e-16,0.0
196.18,13.00534320637035,-1.2344637186954218e-14,-9.491973407443386e-16,0.0
196.2,13.007226984062143,-1.2346425263729822e-14,-9.491973407443386e-16,0.0
196.22,13.008390590881975,-1.2347529756228878e-14,-9.491973407443386e-16,0.0
196.24,13.00971684333055,-1.234878863152622e-14,-9.491973407443386e-16,0.0
196.26,13.011813168080336,-1.2350778457404052e-14,-9.491973407443386e-16,0.0
196.28,13.012957040308924,-1.2351864217881581e-14,-9.491973407443386e-16,0.0
196.3,13.014514063329733,-1.235334213999241e-14,-9.491973407443386e-16,0.0
196.32,13.015892139753936,-1.2354650206469606e-14,-9.491973407443386e-16,0.0
196.34,13.016519873191749,-1.2355246049379474e-14,-9.491973407443386e-16,0.0
196.36,13.018320482099805,-1.2356955182566721e-14,-9.491973407443386e-16,0.0
196.38,13.019222059748362,-1.2357810957673206e-14,-9.491973407443386e-16,0.0
196.4,13.02040838961943,-1.2358937018832069e-14,-9.491973407443386e-16,0.0
196.42,13.021692948456067,-1.2360156318663836e-14,-9.491973407443386e-16,0.0
196.44,13.023108510672014,-1.2361499966554871e-14,-9.491973407443386e-16,0.0
196.46,13.024127342956893,-1.2362467039450343e-14,-9.491973407443386e-16,0.0
196.48,13.025461758522487,-1.2363733663156653e-14,-9.491973407443386e-16,0.0
196.5,13.027785282177792,-1.2365939145631423e-14,-9.491973407443386e-16,0.0
196.52,13.029715247860182,-1.2367771063924876e-14,-9.491973407443386e-16,0.0
196.54,13.030993758107629,-1.2368984622451867e-14,-9.491973407443386e-16,0.0
196.56,13.032542004972042,-1.2370454214258382e-14,-9.491973407443386e-16,0.0
196.58,13.03329293689567,-1.237116699684337e-14,-9.491973407443386e-16,0.0
196.6,13.035170092477745,-1.237294878793004e-14,-9.491973407443386e-16,0.0
196.62,13.03619917760369,-1.2373925592794985e-14,-9.491973407443386e-16,0.0
196.64,13.037897267159385,-1.2375537414885597e-14,-9.491973407443386e-16,0.0
196.66,13.039612413800606,-1.2377165427516432e-14,-9.491973407443386e-16,0.0
196.68,13.04199328680684,-1.2379425345842598e-14,-9.491973407443386e-16,0.0
196.7,13.043354589357119,-1.2380717490603272e-14,-9.491973407443386e-16,0.0
196.72,13.044294566952223,-1.2381609714836904e-14,-9.491973407443386e-16,0.0
196.74,13.045523881314464,-1.2382776576760483e-14,-9.491973407443386e-16,0.0
196.76,13.04701345041323,-1.2384190471787887e-14,-9.491973407443386e-16,0.0
196.78,13.048872773814054,-1.2385955336615533e-14,-9.491973407443386e-16,0.0
196.8,13.050495972228928,-1.2387496072234432e-14,-9.491973407443386e-16,0.0
196.82,13.051818415773985,-1.2388751332130685e-14,-9.491973407443386e-16,0.0
196.84,13.053184048909005,-1.239004758747088e-14,-9.491973407443386e-16,0.0
196.86,13.05438495245299,-1.239118748192132e-14,-9.491973407443386e-16,0.0
196.88,13.055690032769267,-1.2392426260686987e-14,-9.491973407443386e-16,0.0
196.9,13.057765474684544,-1.2394396264633837e-14,-9.491973407443386e-16,0.0
196.92,13.059461186537726,-1.2396005829815546e-14,-9.491973407443386e-16,0.0
196.94,13.060930900174249,-1.239740087809099e-14,-9.491973407443386e-16,0.0
196.96,13.062213713434474,-1.2398618521026268e-14,-9.491973407443386e-16,0.0
196.98,13.063018262248992,-1.2399382196621506e-14,-9.491973407443386e-16,0.0
197.0,13.06434532840141,-1.2400641844284374e-14,-9.491973407443386e-16,0.0
197.02,13.066319311689593,-1.240251554397219e-14,-9.491973407443386e-16,0.0
197.04,13.068036326727553,-1.240414533008024e-14,-9.491973407443386e-16,0.0
197.06,13.06954052245756,-1.240557310866712e-14,-9.491973407443386e-16,0.0
197.08,13.070507649062712,-1.2406491102668893e-14,-9.491973407443386e-16,0.0
197.1,13.071338313829436,-1.2407279567456518e-14,-9.491973407443386e-16,0.0
197.12,13.072730220160395,-1.240860076124443e-14,-9.491973407443386e-16,0.0
197.14,13.073703771253586,-1.2409524853353165e-14,-9.491973407443386e-16,0.0
197.16,13.074941086514945,-1.241069930970891e-14,-9.491973407443386e-16,0.0
197.18,13.075842573774505,-1.24115549990184e-14,-9.491973407443386e-16,0.0
197.2,13.077040622620874,-1.2412692183797455e-14,-9.491973407443386e-16,0.0
197.22,13.077507622123013,-1.2413135458483015e-14,-9.491973407443386e-16,0.0
197.24,13.078738110756547,-1.2414303435021782e-14,-9.491973407443386e-16,0.0
197.26,13.080397057254613,-1.2415878102626184e-14,-9.491973407443386e-16,0.0
197.28,13.082292780223279,-1.241767751782683e-14,-9.491973407443386e-16,0.0
197.3,13.084429540262134,-1.2419705724773519e-14,-9.491973407443386e-16,0.0
197.32,13.08643887413308,-1.242161297914049e-14,-9.491973407443386e-16,0.0
197.34,13.087794372824561,-1.2422899614893826e-14,-9.491973407443386e-16,0.0
197.36,13.089015455090404,-1.2424058662933394e-14,-9.491973407443386e-16,0.0
197.38,13.09044405640487,-1.2425414687502068e-14,-9.491973407443386e-16,0.0
197.4,13.091418629713807,-1.2426339749895272e-14,-9.491973407443386e-16,0.0
197.42,13.09369085900778,-1.2428496543898672e-14,-9.491973407443386e-16,0.0
197.44,13.094379408036074,-1.2429150112805302e-14,-9.491973407443386e-16,0.0
197.46,13.095809184023055,-1.2430507252370004e-14,-9.491973407443386e-16,0.0
197.48,13.097118441356638,-1.2431749995949391e-14,-9.491973407443386e-16,0.0
197.5,13.098415664743595,-1.2432981316938642e-14,-9.491973407443386e-16,0.0
197.52,13.100352556703495,-1.2434819809636288e-14,-9.491973407443386e-16,0.0
197.54,13.1018906254164,-1.243627974036846e-14,-9.491973407443386e-16,0.0
197.56,13.103833279653868,-1.243812370260465e-14,-9.491973407443386e-16,0.0
197.58,13.105301801102444,-1.2439517619258465e-14,-9.491973407443386e-16,0.0
197.6,13.107539401237261,-1.2441641543356084e-14,-9.491973407443386e-16,0.0
197.62,13.109016574515486,-1.2443043672303593e-14,-9.491973407443386e-16,0.0
197.64,13.110821247446692,-1.2444756663050806e-14,-9.491973407443386e-16,0.0
197.66,13.112412021312421,-1.2446266621373882e-14,-9.491973407443386e-16,0.0
197.68,13.113419638453646,-1.244722304888482e-14,-9.491973407443386e-16,0.0
197.7,13.115268994374324,-1.2448978452606817e-14,-9.491973407443386e-16,0.0
197.72,13.116733092049442,-1.2450368170226629e-14,-9.491973407443386e-16,0.0
197.74,13.117984180090138,-1.2451555699667895e-14,-9.491973407443386e-16,0.0
197.76,13.119152671418288,-1.2452664828529257e-14,-9.491973407443386e-16,0.0
197.78,13.121241843972992,-1.2454647865562538e-14,-9.491973407443386e-16,0.0
197.8,13.123349459261442,-1.2456648408389647e-14,-9.491973407443386e-16,0.0
197.82,13.12456647791813,-1.245780359926221e-14,-9.491973407443386e-16,0.0
197.84,13.12672214921745,-1.2459849756727044e-14,-9.491973407443386e-16,0.0
197.86,13.127892069851086,-1.2460960242281374e-14,-9.491973407443386e-16,0.0
197.88,13.128849380760496,-1.2461868919250851e-14,-9.491973407443386e-16,0.0
197.9,13.130744488962236,-1.2463667750916367e-14,-9.491973407443386e-16,0.0
197.92,13.132104169459836,-1.2464958356028952e-14,-9.491973407443386e-16,0.0
197.94,13.13398527087785,-1.2466743892492602e-14,-9.491973407443386e-16,0.0
197.96,13.13587805007874,-1.2468540513476703e-14,-9.491973407443386e-16,0.0
197.98,13.137329969845748,-1.2469918671858522e-14,-9.491973407443386e-16,0.0
198.0,13.138860889628246,-1.247137181684496e-14,-9.491973407443386e-16,0.0
198.02,13.139995785301357,-1.24724490567999e-14,-9.491973407443386e-16,0.0
198.04,13.141464254870534,-1.2473842924209927e-14,-9.491973407443386e-16,0.0
198.06,13.143435373565373,-1.2475713904833358e-14,-9.491973407443386e-16,0.0
198.08,13.144962580705807,-1.2477163525789823e-14,-9.491973407443386e-16,0.0
198.1,13.146152404301832,-1.2478292903183125e-14,-9.491973407443386e-16,0.0
198.12,13.14726017613852,-1.2479344397264662e-14,-9.491973407443386e-16,0.0
198.14,13.148802475651507,-1.248080834386102e-14,-9.491973407443386e-16,0.0
198.16,13.150759914469196,-1.248266633958144e-14,-9.491973407443386e-16,0.0
198.18,13.151051520548409,-1.2482943131296372e-14,-9.491973407443386e-16,0.0
198.2,13.152723659051508,-1.248453032071687e-14,-9.491973407443386e-16,0.0
198.22,13.153789500374309,-1.2485542014466127e-14,-9.491973407443386e-16,0.0
198.24,13.155686143511717,-1.2487342303088496e-14,-9.491973407443386e-16,0.0
198.26,13.157456142231887,-1.2489022381166801e-14,-9.491973407443386e-16,0.0
198.28,13.15853701850959,-1.249004834605527e-14,-9.491973407443386e-16,0.0
198.3,13.159973209087243,-1.249141157433238e-14,-9.491973407443386e-16,0.0
198.32,13.161808883323648,-1.249315399143605e-14,-9.491973407443386e-16,0.0
198.34,13.163909394915974,-1.2495147791453688e-14,-9.491973407443386e-16,0.0
198.36,13.165345413642857,-1.2496510856610505e-14,-9.491973407443386e-16,0.0
198.38,13.166551648686124,-1.2497655811705886e-14,-9.491973407443386e-16,0.0
198.4,13.167062083589306,-1.2498140315158608e-14,-9.491973407443386e-16,0.0
198.42,13.16786832193921,-1.2498905594456343e-14,-9.491973407443386e-16,0.0
198.44,13.16963423537861,-1.2500581794797006e-14,-9.491973407443386e-16,0.0
198.46,13.171697964426954,-1.2502540680921712e-14,-9.491973407443386e-16,0.0
198.48,13.173097405591589,-1.2503869026753712e-14,-9.491973407443386e-16,0.0
198.5,13.174391329425609,-1.2505097215816088e-14,-9.491973407443386e-16,0.0
198.52,13.175451282558456,-1.25061033205111e-14,-9.491973407443386e-16,0.0
198.54,13.177130273401493,-1.2507697014154446e-14,-9.491973407443386e-16,0.0
198.56,13.178494020823655,-1.2508991479581008e-14,-9.491973407443386e-16,0.0
198.58,13.180198258196617,-1.2510609137163421e-14,-9.491973407443386e-16,0.0
198.6,13.181360945643734,-1.2511712756996342e-14,-9.491973407443386e-16,0.0
198.62,13.182708662989214,-1.2512992006716746e-14,-9.491973407443386e-16,0.0
198.64,13.183886240866604,-1.2514109760506485e-14,-9.491973407443386e-16,0.0
198.66,13.185466553910734,-1.2515609789445516e-14,-9.491973407443386e-16,0.0
198.68,13.186834369406565,-1.2516908116276788e-14,-9.491973407443386e-16,0.0
198.7,13.188360917839686,-1.2518357111990024e-14,-9.491973407443386e-16,0.0
198.72,13.190248567131844,-1.2520148863678398e-14,-9.491973407443386e-16,0.0
198.74,13.191364319870651,-1.2521207933211003e-14,-9.491973407443386e-16,0.0
198.76,13.193083416755114,-1.2522839695402217e-14,-9.491973407443386e-16,0.0
198.78,13.194445468824737,-1.2524132551604659e-14,-9.491973407443386e-16,0.0
198.8,13.19623450622196,-1.2525830701144595e-14,-9.491973407443386e-16,0.0
198.82,13.197721179377258,-1.252724184735016e-14,-9.491973407443386e-16,0.0
198.84,13.19930191408645,-1.2528742276532547e-14,-9.491973407443386e-16,0.0
198.86,13.20035257380327,-1.252973955994178e-14,-9.491973407443386e-16,0.0
198.88,13.202042127267203,-1.253134327959679e-14,-9.491973407443386e-16,0.0
198.9,13.203479140010566,-1.2532707288271405e-14,-9.491973407443386e-16,0.0
198.92,13.20494256183866,-1.2534096364379018e-14,-9.491973407443386e-16,0.0
198.94,13.205792317347687,-1.2534902950048468e-14,-9.491973407443386e-16,0.0
198.96,13.206901560141743,-1.2535955840358826e-14,-9.491973407443386e-16,0.0
198.98,13.208259588845026,-1.2537244877592636e-14,-9.491973407443386e-16,0.0
199.0,13.209864973560833,-1.2538768704495752e-14,-9.491973407443386e-16,0.0
199.02,13.211683727038844,-1.2540495060460548e-14,-9.491973407443386e-16,0.0
199.04,13.212835577132,-1.2541588393505907e-14,-9.491973407443386e-16,0.0
199.06,13.213986365286797,-1.2542680718562201e-14,-9.491973407443386e-16,0.0
199.08,13.215098563404691,-1.2543736414058089e-14,-9.491973407443386e-16,0.0
199.1,13.216635442846709,-1.2545195215937497e-14,-9.491973407443386e-16,0.0
199.12,13.218078029793592,-1.2546564515631272e-14,-9.491973407443386e-16,0.0
199.14,13.218893410460463,-1.2547338472791962e-14,-9.491973407443386e-16,0.0
199.16,13.220386894621933,-1.2548756083986475e-14,-9.491973407443386e-16,0.0
199.18,13.221506770041886,-1.2549819066757058e-14,-9.491973407443386e-16,0.0
199.2,13.223152200921266,-1.2551380905372144e-14,-9.491973407443386e-16,0.0
199.22,13.224419125794906,-1.2552583467093126e-14,-9.491973407443386e-16,0.0
199.24,13.226388451969523,-1.2554452746261131e-14,-9.491973407443386e-16,0.0
199.26,13.227176935494382,-1.2555201172726149e-14,-9.491973407443386e-16,0.0
199.28,13.228580658687665,-1.2556533583048352e-14,-9.491973407443386e-16,0.0
199.3,13.229685679300847,-1.2557582465675851e-14,-9.491973407443386e-16,0.0
199.32,13.231007705952914,-1.2558837329858387e-14,-9.491973407443386e-16,0.0
199.34,13.232648482281581,-1.2560394750386314e-14,-9.491973407443386e-16,0.0
199.36,13.233790859663124,-1.2561479091959e-14,-9.491973407443386e-16,0.0
199.38,13.235515239279806,-1.2563115868505588e-14,-9.491973407443386e-16,0.0
199.4,13.236884707495369,-1.2564415764094033e-14,-9.491973407443386e-16,0.0
199.42,13.237948889965226,-1.2565425883264487e-14,-9.491973407443386e-16,0.0
199.44,13.239745279543033,-1.2567131011474682e-14,-9.491973407443386e-16,0.0
199.46,13.241601279652324,-1.2568892721842842e-14,-9.491973407443386e-16,0.0
199.48,13.242435857095925,-1.2569684900532955e-14,-9.491973407443386e-16,0.0
199.5,13.243703500872341,-1.257088814463454e-14,-9.491973407443386e-16,0.0
199.52,13.24452702279076,-1.2571669829449548e-14,-9.491973407443386e-16,0.0
199.54,13.245933256200184,-1.257300462246224e-14,-9.491973407443386e-16,0.0
199.56,13.247576561465811,-1.2574564443450406e-14,-9.491973407443386e-16,0.0
199.58,13.249630606036161,-1.2576514137094354e-14,-9.491973407443386e-16,0.0
199.6,13.251021914837686,-1.2577834763708915e-14,-9.491973407443386e-16,0.0
199.62,13.252230249417165,-1.2578981711678487e-14,-9.491973407443386e-16,0.0
199.64,13.253500328787423,-1.258018726763927e-14,-9.491973407443386e-16,0.0
199.66,13.255632484960499,-1.2582211104608806e-14,-9.491973407443386e-16,0.0
199.68,13.256861505538213,-1.2583377687672891e-14,-9.491973407443386e-16,0.0
199.7,13.258138594086773,-1.258458989672708e-14,-9.491973407443386e-16,0.0
199.72,13.259622529554168,-1.2585998444326567e-14,-9.491973407443386e-16,0.0
199.74,13.260754308223412,-1.2587072725629723e-14,-9.491973407443386e-16,0.0
199.76,13.261641954474667,-1.2587915277090936e-14,-9.491973407443386e-16,0.0
199.78,13.263363219295705,-1.2589549097081782e-14,-9.491973407443386e-16,0.0
199.8,13.265023738413278,-1.2591125257412436e-14,-9.491973407443386e-16,0.0
199.82,13.266386018372078,-1.2592418329926678e-14,-9.491973407443386e-16,0.0
199.84,13.26835020647944,-1.2594282732054907e-14,-9.491973407443386e-16,0.0
199.86,13.269746639573187,-1.2595608222634019e-14,-9.491973407443386e-16,0.0
199.88,13.271365195217504,-1.2597144551347451e-14,-9.491973407443386e-16,0.0
199.9,13.273681660871226,-1.259934333438589e-14,-9.491973407443386e-16,0.0
199.92,13.275683015211312,-1.2601243014603387e-14,-9.491973407443386e-16,0.0
199.94,13.277031603226161,-1.260252309076084e-14,-9.491973407443386e-16,0.0
199.96,13.278498267858714,-1.2603915244929822e-14,-9.491973407443386e-16,0.0
199.98,13.27968748789157,-1.2605044049422568e-14,-9.491973407443386e-16,0.0
200.0,13.280588328699626,-1.2605899125122009e-14,-9.491973407443386e-16,0.0
200.02,13.282808596032874,-1.2608006596970468e-14,-9.491973407443386e-16,0.0
200.04,13.284072734377569,-1.2609206513725585e-14,-9.491973407443386e-16,0.0
200.06,13.28600612055456,-1.2611041678743417e-14,-9.491973407443386e-16,0.0
200.08,13.287384781517467,-1.2612350300063195e-14,-9.491973407443386e-16,0.0
200.1,13.288862048982862,-1.2613752518412917e-14,-9.491973407443386e-16,0.0
200.12,13.289759792384729,-1.2614604654062639e-14,-9.491973407443386e-16,0.0
200.14,13.29102251153018,-1.2615803223717609e-14,-9.491973407443386e-16,0.0
200.16,13.292110288530282,-1.2616835738753427e-14,-9.491973407443386e-16,0.0
200.18,13.293496295928652,-1.2618151333290212e-14,-9.491973407443386e-16,0.0
200.2,13.295135114451194,-1.2619706895473772e-14,-9.491973407443386e-16,0.0
200.22,13.296954751079818,-1.2621434089722785e-14,-9.491973407443386e-16,0.0
200.24,13.29796049910145,-1.2622388743070376e-14,-9.491973407443386e-16,0.0
200.26,13.299190597641893,-1.2623556349333817e-14,-9.491973407443386e-16,0.0
200.28,13.300271964819695,-1.2624582780183354e-14,-9.491973407443386e-16,0.0
200.3,13.301479034964318,-1.2625728527954722e-14,-9.491973407443386e-16,0.0
200.32,13.302019191649881,-1.2626241243244243e-14,-9.491973407443386e-16,0.0
200.34,13.303286279091848,-1.2627443959274649e-14,-9.491973407443386e-16,0.0
200.36,13.30447826576233,-1.2628575389852473e-14,-9.491973407443386e-16,0.0
200.38,13.30552783679219,-1.2629571639882938e-14,-9.491973407443386e-16,0.0
200.4,13.306746092426188,-1.2630728004891075e-14,-9.491973407443386e-16,0.0
200.42,13.308130735474712,-1.2632042304390614e-14,-9.491973407443386e-16,0.0
200.44,13.30943331075425,-1.263327870538207e-14,-9.491973407443386e-16,0.0
200.46,13.31097406867323,-1.2634741188701498e-14,-9.491973407443386e-16,0.0
200.48,13.311931337472313,-1.2635649825699964e-14,-9.491973407443386e-16,0.0
200.5,13.313719967240015,-1.2637347588319044e-14,-9.491973407443386e-16,0.0
200.52,13.315004622436849,-1.2638566979615652e-14,-9.491973407443386e-16,0.0
200.54,13.316109038742539,-1.2639615288636088e-14,-9.491973407443386e-16,0.0
200.56,13.318464740685336,-1.2641851314655778e-14,-9.491973407443386e-16,0.0
200.58,13.319716785313089,-1.2643039752086935e-14,-9.491973407443386e-16,0.0
200.6,13.321240947435719,-1.2644486482720599e-14,-9.491973407443386e-16,0.0
200.62,13.322493080865202,-1.2645675004442121e-14,-9.491973407443386e-16,0.0
200.64,13.323841086156195,-1.264695452747964e-14,-9.491973407443386e-16,0.0
200.66,13.324394370608188,-1.2647479703610146e-14,-9.491973407443386e-16,0.0
200.68,13.32570560556207,-1.2648724324341464e-14,-9.491973407443386e-16,0.0
200.7,13.32747380256596,-1.2650402692235466e-14,-9.491973407443386e-16,0.0
200.72,13.328770443801265,-1.2651633460647918e-14,-9.491973407443386e-16,0.0
200.74,13.329833675085132,-1.265264267695516e-14,-9.491973407443386e-16,0.0
200.76,13.330723992814063,-1.265348776417588e-14,-9.491973407443386e-16,0.0
200.78,13.33142305050903,-1.2654151307880969e-14,-9.491973407443386e-16,0.0
200.8,13.332883839808684,-1.2655537885199586e-14,-9.491973407443386e-16,0.0
200.82,13.334817324131123,-1.2657373143376816e-14,-9.491973407443386e-16,0.0
200.84,13.336325952460724,-1.2658805129375445e-14,-9.491973407443386e-16,0.0
200.86,13.338067404297744,-1.2660458110828179e-14,-9.491973407443386e-16,0.0
200.88,13.339013255684437,-1.2661355910449167e-14,-9.491973407443386e-16,0.0
200.9,13.34043994011407,-1.2662710115515855e-14,-9.491973407443386e-16,0.0
200.92,13.341593103067208,-1.2663804694724418e-14,-9.491973407443386e-16,0.0
200.94,13.342843450216813,-1.2664991520913831e-14,-9.491973407443386e-16,0.0
200.96,13.34462295601204,-1.2666680623082498e-14,-9.491973407443386e-16,0.0
200.98,13.3454680420643,-1.2667482776516004e-14,-9.491973407443386e-16,0.0
201.0,13.346945905481686,-1.2668885560541767e-14,-9.491973407443386e-16,0.0
201.02,13.347981789746942,-1.2669868819131667e-14,-9.491973407443386e-16,0.0
201.04,13.34932177002697,-1.267114072485012e-14,-9.491973407443386e-16,0.0
201.06,13.351576785362617,-1.2673281179410054e-14,-9.491973407443386e-16,0.0
201.08,13.353359346535566,-1.267497318173513e-14,-9.491973407443386e-16,0.0
201.1,13.355127578195921,-1.2676651582524959e-14,-9.491973407443386e-16,0.0
201.12,13.356348334373525,-1.2677810321042438e-14,-9.491973407443386e-16,0.0
201.14,13.357399766024338,-1.2678808337169364e-14,-9.491973407443386e-16,0.0
201.16,13.358061009298929,-1.2679435987527192e-14,-9.491973407443386e-16,0.0
201.18,13.359383269513547,-1.268069107340668e-14,-9.491973407443386e-16,0.0
201.2,13.360757796543366,-1.2681995770808166e-14,-9.491973407443386e-16,0.0
201.22,13.3626149690201,-1.2683758593984384e-14,-9.491973407443386e-16,0.0
201.24,13.36357898629516,-1.2684673636618302e-14,-9.491973407443386e-16,0.0
201.26,13.365437604275723,-1.2686437831862912e-14,-9.491973407443386e-16,0.0
201.28,13.36707317818449,-1.2687990314267706e-14,-9.491973407443386e-16,0.0
201.3,13.368561180548035,-1.2689402722154203e-14,-9.491973407443386e-16,0.0
201.32,13.369946905866032,-1.2690718048941048e-14,-9.491973407443386e-16,0.0
201.34,13.370217200692263,-1.2690974612071323e-14,-9.491973407443386e-16,0.0
201.36,13.370919513785493,-1.2691641245791787e-14,-9.491973407443386e-16,0.0
201.38,13.372779393183794,-1.2693406638370759e-14,-9.491973407443386e-16,0.0
201.4,13.374356719324119,-1.269490383214864e-14,-9.491973407443386e-16,0.0
201.42,13.37513720845328,-1.269564467035452e-14,-9.491973407443386e-16,0.0
201.44,13.376824103078262,-1.2697245866246669e-14,-9.491973407443386e-16,0.0
201.46,13.378007254044803,-1.2698368909997808e-14,-9.491973407443386e-16,0.0
201.48,13.379497711563436,-1.2699783648310987e-14,-9.491973407443386e-16,0.0
201.5,13.380328804299232,-1.2700572519325716e-14,-9.491973407443386e-16,0.0
201.52,13.381467790389362,-1.2701653641893613e-14,-9.491973407443386e-16,0.0
201.54,13.382782961515346,-1.270290199882902e-14,-9.491973407443386e-16,0.0
201.56,13.384261192581532,-1.2704305131826049e-14,-9.491973407443386e-16,0.0
201.58,13.386186364486273,-1.2706132499878505e-14,-9.491973407443386e-16,0.0
201.6,13.388095301887294,-1.2707944458183201e-14,-9.491973407443386e-16,0.0
201.62,13.390174011800589,-1.270991756410508e-14,-9.491973407443386e-16,0.0
201.64,13.391483597440756,-1.2711160619312204e-14,-9.491973407443386e-16,0.0
201.66,13.393092640674823,-1.2712687918871123e-14,-9.491973407443386e-16,0.0
201.68,13.39405276767828,-1.2713599268869582e-14,-9.491973407443386e-16,0.0
201.7,13.395898465639792,-1.2715351200466467e-14,-9.491973407443386e-16,0.0
201.72,13.397383513139975,-1.2716760803604518e-14,-9.491973407443386e-16,0.0
201.74,13.397950754058641,-1.2717299227176079e-14,-9.491973407443386e-16,0.0
201.76,13.399296891739885,-1.2718576977483392e-14,-9.491973407443386e-16,0.0
201.78,13.401122697606645,-1.2720310027556836e-14,-9.491973407443386e-16,0.0
201.8,13.40260385493111,-1.2721715938150442e-14,-9.491973407443386e-16,0.0
201.82,13.403869974867991,-1.2722917735827593e-14,-9.491973407443386e-16,0.0
201.84,13.405280427992762,-1.272425653418287e-14,-9.491973407443386e-16,0.0
201.86,13.407228051749165,-1.2726105213473218e-14,-9.491973407443386e-16,0.0
201.88,13.408783561065112,-1.2727581698779417e-14,-9.491973407443386e-16,0.0
201.9,13.410252619404806,-1.2728976125048854e-14,-9.491973407443386e-16,0.0
201.92,13.41175122471356,-1.273039859722275e-14,-9.491973407443386e-16,0.0
201.94,13.413549303737291,-1.2732105329050522e-14,-9.491973407443386e-16,0.0
201.96,13.414803526328075,-1.2733295833798395e-14,-9.491973407443386e-16,0.0
201.98,13.415694690577975,-1.2734141724534567e-14,-9.491973407443386e-16,0.0
202.0,13.417719704545053,-1.2736063862407087e-14,-9.491973407443386e-16,0.0
202.02,13.419766061366293,-1.2738006258860022e-14,-9.491973407443386e-16,0.0
202.04,13.421516368472359,-1.2739667645710586e-14,-9.491973407443386e-16,0.0
202.06,13.422311838134462,-1.2740422703398496e-14,-9.491973407443386e-16,0.0
202.08,13.423943150126457,-1.2741971140403221e-14,-9.491973407443386e-16,0.0
202.1,13.426443141791852,-1.2744344125843897e-14,-9.491973407443386e-16,0.0
202.12,13.42810491397187,-1.2745921475578094e-14,-9.491973407443386e-16,0.0
202.14,13.429697311060401,-1.2747432974659938e-14,-9.491973407443386e-16,0.0
202.16,13.43110363495411,-1.2748767853560073e-14,-9.491973407443386e-16,0.0
202.18,13.433381883198416,-1.2750930360735123e-14,-9.491973407443386e-16,0.0
202.2,13.43553704644259,-1.2752976035955362e-14,-9.491973407443386e-16,0.0
202.22,13.43748035553996,-1.2754820619782829e-14,-9.491973407443386e-16,0.0
202.24,13.43865019712443,-1.2755931030303902e-14,-9.491973407443386e-16,0.0
202.26,13.440792067318021,-1.2757964087795878e-14,-9.491973407443386e-16,0.0
202.28,13.442732673734733,-1.2759806106246052e-14,-9.491973407443386e-16,0.0
202.3,13.444989931178723,-1.2761948689009262e-14,-9.491973407443386e-16,0.0
202.32,13.446825920628354,-1.2763691405312486e-14,-9.491973407443386e-16,0.0
202.34,13.448983777812378,-1.2765739637613267e-14,-9.491973407443386e-16,0.0
202.36,13.451425158029044,-1.2768056989222672e-14,-9.491973407443386e-16,0.0
202.38,13.453465847478345,-1.2769994006221233e-14,-9.491973407443386e-16,0.0
202.4,13.454680230471922,-1.2771146695329381e-14,-9.491973407443386e-16,0.0
202.42,13.456389672609824,-1.2772769293260833e-14,-9.491973407443386e-16,0.0
202.44,13.458792866992345,-1.2775050398978015e-14,-9.491973407443386e-16,0.0
202.46,13.461150552553864,-1.277728830784332e-14,-9.491973407443386e-16,0.0
202.48,13.463863924252673,-1.277986383304428e-14,-9.491973407443386e-16,0.0
202.5,13.46547438337167,-1.278139247655741e-14,-9.491973407443386e-16,0.0
202.52,13.467048672805856,-1.2782886787901901e-14,-9.491973407443386e-16,0.0
202.54,13.469754929032291,-1.2785455559115407e-14,-9.491973407443386e-16,0.0
202.56,13.472417678758465,-1.2787983034074558e-14,-9.491973407443386e-16,0.0
202.58,13.474528847250049,-1.2789986949592633e-14,-9.491973407443386e-16,0.0
202.6,13.476288344919753,-1.2791657060101763e-14,-9.491973407443386e-16,0.0
202.62,13.478038325285798,-1.2793318136811567e-14,-9.491973407443386e-16,0.0
202.64,13.479810684700496,-1.2795000455654843e-14,-9.491973407443386e-16,0.0
202.66,13.481840383814184,-1.2796927040656066e-14,-9.491973407443386e-16,0.0
202.68,13.483711048698812,-1.2798702670789978e-14,-9.491973407443386e-16,0.0
202.7,13.485806552623872,-1.2800691717543164e-14,-9.491973407443386e-16,0.0
202.72,13.487933694995256,-1.2802710795425466e-14,-9.491973407443386e-16,0.0
202.74,13.489901260008315,-1.2804578402903604e-14,-9.491973407443386e-16,0.0
202.76,13.492259615877664,-1.2806816948023318e-14,-9.491973407443386e-16,0.0
202.78,13.49381864779511,-1.2808296776973493e-14,-9.491973407443386e-16,0.0
202.8,13.4954146174346,-1.2809811667111206e-14,-9.491973407443386e-16,0.0
202.82,13.497890400473027,-1.281216167378754e-14,-9.491973407443386e-16,0.0
202.84,13.500776676741257,-1.2814901319545997e-14,-9.491973407443386e-16,0.0
202.86,13.502732962637884,-1.2816758220916812e-14,-9.491973407443386e-16,0.0
202.88,13.50477516261719,-1.2818696671706436e-14,-9.491973407443386e-16,0.0
202.9,13.507190905442512,-1.2820989688372153e-14,-9.491973407443386e-16,0.0
202.92,13.509840233193966,-1.2823504423228594e-14,-9.491973407443386e-16,0.0
202.94,13.512270660631984,-1.2825811378489633e-14,-9.491973407443386e-16,0.0
202.96,13.514157987864603,-1.282760282447995e-14,-9.491973407443386e-16,0.0
202.98,13.516306548767515,-1.2829642232775421e-14,-9.491973407443386e-16,0.0
203.0,13.517563794395409,-1.283083560698208e-14,-9.491973407443386e-16,0.0
203.02,13.519026340896868,-1.283222385223198e-14,-9.491973407443386e-16,0.0
203.04,13.520385521641185,-1.2833513982980076e-14,-9.491973407443386e-16,0.0
203.06,13.522666486620606,-1.2835679068872873e-14,-9.491973407443386e-16,0.0
203.08,13.524450707224856,-1.2837372646325729e-14,-9.491973407443386e-16,0.0
203.1,13.526687782153063,-1.2839496071898628e-14,-9.491973407443386e-16,0.0
203.12,13.527972919942389,-1.2840715921270745e-14,-9.491973407443386e-16,0.0
203.14,13.530609877021794,-1.2843218913918174e-14,-9.491973407443386e-16,0.0
203.16,13.532823946312126,-1.284532050260078e-14,-9.491973407443386e-16,0.0
203.18,13.534798977686695,-1.2847195197129406e-14,-9.491973407443386e-16,0.0
203.2,13.536808866376008,-1.2849102978128496e-14,-9.491973407443386e-16,0.0
203.22,13.538931739524795,-1.2851118003676063e-14,-9.491973407443386e-16,0.0
203.24,13.540852963655297,-1.2852941624511709e-14,-9.491973407443386e-16,0.0
203.26,13.542239120829743,-1.2854257361215547e-14,-9.491973407443386e-16,0.0
203.28,13.54487574587125,-1.2856760038693486e-14,-9.491973407443386e-16,0.0
203.3,13.546780659502499,-1.2858568177646615e-14,-9.491973407443386e-16,0.0
203.32,13.548549922208231,-1.2860247557101974e-14,-9.491973407443386e-16,0.0
203.34,13.550226487900604,-1.2861838948798757e-14,-9.491973407443386e-16,0.0
203.36,13.552761456887149,-1.2864245134619654e-14,-9.491973407443386e-16,0.0
203.38,13.555141320227591,-1.2866504094573736e-14,-9.491973407443386e-16,0.0
203.4,13.557027488284222,-1.2868294440277287e-14,-9.491973407443386e-16,0.0
203.42,13.558225269947375,-1.2869431371446744e-14,-9.491973407443386e-16,0.0
203.44,13.559855868216623,-1.2870979130987736e-14,-9.491973407443386e-16,0.0
203.46,13.562411610124528,-1.287340503441035e-14,-9.491973407443386e-16,0.0
203.48,13.564712340300973,-1.2875588881375601e-14,-9.491973407443386e-16,0.0
203.5,13.566889064652711,-1.2877655022341805e-14,-9.491973407443386e-16,0.0
203.52,13.56883297662197,-1.2879500178413666e-14,-9.491973407443386e-16,0.0
203.54,13.570412301035573,-1.2880999268947231e-14,-9.491973407443386e-16,0.0
203.56,13.572014203160231,-1.2882519790184089e-14,-9.491973407443386e-16,0.0
203.58,13.573465122692635,-1.2883896999145881e-14,-9.491973407443386e-16,0.0
203.6,13.575586867065269,-1.2885910953262125e-14,-9.491973407443386e-16,0.0
203.62,13.578106095628703,-1.2888302198315263e-14,-9.491973407443386e-16,0.0
203.64,13.579855250160662,-1.288996249114555e-14,-9.491973407443386e-16,0.0
203.66,13.58111173009605,-1.289115513855892e-14,-9.491973407443386e-16,0.0
203.68,13.582086051678344,-1.2892079962013863e-14,-9.491973407443386e-16,0.0
203.7,13.583980709121203,-1.2893878365820247e-14,-9.491973407443386e-16,0.0
203.72,13.585640935213062,-1.2895454248011675e-14,-9.491973407443386e-16,0.0
203.74,13.588223680283129,-1.2897905782764002e-14,-9.491973407443386e-16,0.0
203.76,13.589967778191022,-1.2899561275860172e-14,-9.491973407443386e-16,0.0
203.78,13.591807929963164,-1.2901307943028855e-14,-9.491973407443386e-16,0.0
203.8,13.593595581564443,-1.2903004777174967e-14,-9.491973407443386e-16,0.0
203.82,13.596066678307555,-1.290535033563225e-14,-9.491973407443386e-16,0.0
203.84,13.597958103022899,-1.2907145670942272e-14,-9.491973407443386e-16,0.0
203.86,13.599494461538365,-1.2908603978359582e-14,-9.491973407443386e-16,0.0
203.88,13.60196277262168,-1.2910946892675996e-14,-9.491973407443386e-16,0.0
203.9,13.603479287484921,-1.2912386364551383e-14,-9.491973407443386e-16,0.0
203.92,13.605134089672587,-1.2913957098387374e-14,-9.491973407443386e-16,0.0
203.94,13.606539100560905,-1.2915290730986282e-14,-9.491973407443386e-16,0.0
203.96,13.608663776242928,-1.2917307467493602e-14,-9.491973407443386e-16,0.0
203.98,13.611528919759634,-1.292002705410051e-14,-9.491973407443386e-16,0.0
204.0,13.61311959422294,-1.292153691807107e-14,-9.491973407443386e-16,0.0
204.02,13.615559425462429,-1.2923852799395457e-14,-9.491973407443386e-16,0.0
204.04,13.618468427133477,-1.2926614016045837e-14,-9.491973407443386e-16,0.0
204.06,13.620383985856563,-1.292843225929183e-14,-9.491973407443386e-16,0.0
204.08,13.622600826172894,-1.2930536478224946e-14,-9.491973407443386e-16,0.0
204.1,13.624432841265532,-1.2932275422079081e-14,-9.491973407443386e-16,0.0
204.12,13.626538437806051,-1.2934274048716022e-14,-9.491973407443386e-16,0.0
204.14,13.628018558538058,-1.2935678975378823e-14,-9.491973407443386e-16,0.0
204.16,13.629706449937487,-1.2937281117406626e-14,-9.491973407443386e-16,0.0
204.18,13.63139868652673,-1.2938887383877046e-14,-9.491973407443386e-16,0.0
204.2,13.632736357388593,-1.2940157097501919e-14,-9.491973407443386e-16,0.0
204.22,13.634930913473333,-1.2942240164301668e-14,-9.491973407443386e-16,0.0
204.24,13.636835744252366,-1.2944048224611693e-14,-9.491973407443386e-16,0.0
204.26,13.638467692981138,-1.2945597266005275e-14,-9.491973407443386e-16,0.0
204.28,13.639890752119646,-1.294694802995527e-14,-9.491973407443386e-16,0.0
204.3,13.642584051448251,-1.294950450251581e-14,-9.491973407443386e-16,0.0
204.32,13.644668188884351,-1.2951482760227903e-14,-9.491973407443386e-16,0.0
204.34,13.646607525273508,-1.29533235731713e-14,-9.491973407443386e-16,0.0
204.36,13.64902145647545,-1.2955614870248923e-14,-9.491973407443386e-16,0.0
204.38,13.651114432905592,-1.2957601517910655e-14,-9.491973407443386e-16,0.0
204.4,13.652831778385925,-1.2959231617673727e-14,-9.491973407443386e-16,0.0
204.42,13.65407674333469,-1.2960413335092415e-14,-9.491973407443386e-16,0.0
204.44,13.655511921015613,-1.2961775601930644e-14,-9.491973407443386e-16,0.0
204.46,13.657304636484765,-1.2963477242686675e-14,-9.491973407443386e-16,0.0
204.48,13.659223030761881,-1.2965298177433012e-14,-9.491973407443386e-16,0.0
204.5,13.661170464832288,-1.2967146676673918e-14,-9.491973407443386e-16,0.0
204.52,13.662330614534081,-1.2968247887685726e-14,-9.491973407443386e-16,0.0
204.54,13.664212051428539,-1.2970033742582722e-14,-9.491973407443386e-16,0.0
204.56,13.665658136192128,-1.2971406362394811e-14,-9.491973407443386e-16,0.0
204.58,13.667674946017987,-1.2973320712918305e-14,-9.491973407443386e-16,0.0
204.6,13.669826615847954,-1.297536307219907e-14,-9.491973407443386e-16,0.0
204.62,13.67184764152895,-1.2977281424401048e-14,-9.491973407443386e-16,0.0
204.64,13.6744225181555,-1.2979725490447714e-14,-9.491973407443386e-16,0.0
204.66,13.676277983013058,-1.2981486692756353e-14,-9.491973407443386e-16,0.0
204.68,13.678364274216742,-1.2983466994818909e-14,-9.491973407443386e-16,0.0
204.7,13.680570617285843,-1.298556124979287e-14,-9.491973407443386e-16,0.0
204.72,13.682709777221588,-1.2987591734715305e-14,-9.491973407443386e-16,0.0
204.74,13.684743897512998,-1.2989522516286667e-14,-9.491973407443386e-16,0.0
204.76,13.68687731740068,-1.2991547552770747e-14,-9.491973407443386e-16,0.0
204.78,13.68914603281211,-1.299370101140618e-14,-9.491973407443386e-16,0.0
204.8,13.690301447210967,-1.2994797727681034e-14,-9.491973407443386e-16,0.0
204.82,13.691830940987016,-1.2996249519105944e-14,-9.491973407443386e-16,0.0
204.84,13.694275096241816,-1.2998569504774167e-14,-9.491973407443386e-16,0.0
204.86,13.695510095821346,-1.2999741763090878e-14,-9.491973407443386e-16,0.0
204.88,13.697066562630377,-1.3001219157246967e-14,-9.491973407443386e-16,0.0
204.9,13.69839499299453,-1.3002480099815984e-14,-9.491973407443386e-16,0.0
204.92,13.700623532145146,-1.3004595423251493e-14,-9.491973407443386e-16,0.0
204.94,13.702722389811969,-1.3006587653367442e-14,-9.491973407443386e-16,0.0
204.96,13.705487368126903,-1.3009212163431193e-14,-9.491973407443386e-16,0.0
204.98,13.707467013846234,-1.3011091237883597e-14,-9.491973407443386e-16,0.0
205.0,13.708997362619769,-1.3012543840869848e-14,-9.491973407443386e-16,0.0
205.02,13.711056677430577,-1.3014498537012021e-14,-9.491973407443386e-16,0.0
205.04,13.712973829700966,-1.3016318292848878e-14,-9.491973407443386e-16,0.0
205.06,13.715129533588712,-1.301836448124656e-14,-9.491973407443386e-16,0.0
205.08,13.718152763035922,-1.3021234122598313e-14,-9.491973407443386e-16,0.0
205.1,13.71911818004671,-1.3022150493857663e-14,-9.491973407443386e-16,0.0
205.12,13.721010924453948,-1.3023947081815721e-14,-9.491973407443386e-16,0.0
205.14,13.722342775592114,-1.3025211271374338e-14,-9.491973407443386e-16,0.0
205.16,13.7242977921652,-1.3027066967906622e-14,-9.491973407443386e-16,0.0
205.18,13.725942170528086,-1.3028627807475852e-14,-9.491973407443386e-16,0.0
205.2,13.72864421709792,-1.3031192582894505e-14,-9.491973407443386e-16,0.0
205.22,13.73119166816052,-1.3033610616668802e-14,-9.491973407443386e-16,0.0
205.24,13.732800069777504,-1.3035137307206492e-14,-9.491973407443386e-16,0.0
205.26,13.734913263603607,-1.3037143145166708e-14,-9.491973407443386e-16,0.0
205.28,13.736472161270513,-1.3038622846686627e-14,-9.491973407443386e-16,0.0
205.3,13.738817390539394,-1.3040848932072084e-14,-9.491973407443386e-16,0.0
205.32,13.74062771931049,-1.3042567291327483e-14,-9.491973407443386e-16,0.0
205.34,13.742694660702965,-1.3044529226600693e-14,-9.491973407443386e-16,0.0
205.36,13.744829718399595,-1.3046555817688671e-14,-9.491973407443386e-16,0.0
205.38,13.74631625608777,-1.3047966835309203e-14,-9.491973407443386e-16,0.0
205.4,13.748437551868879,-1.3049980363623564e-14,-9.491973407443386e-16,0.0
205.42,13.750288696116145,-1.3051737464820404e-14,-9.491973407443386e-16,0.0
205.44,13.752830847928365,-1.3054150468560331e-14,-9.491973407443386e-16,0.0
205.46,13.754929837716453,-1.3056142824085434e-14,-9.491973407443386e-16,0.0
205.48,13.757001689824609,-1.305810942059691e-14,-9.491973407443386e-16,0.0
205.5,13.758821547350781,-1.3059836824521286e-14,-9.491973407443386e-16,0.0
205.52,13.760819064959298,-1.3061732862923382e-14,-9.491973407443386e-16,0.0
205.54,13.763062990598934,-1.3063862791173352e-14,-9.491973407443386e-16,0.0
205.56,13.76496507801536,-1.3065668247490886e-14,-9.491973407443386e-16,0.0
205.58,13.767141227344418,-1.3067733842647091e-14,-9.491973407443386e-16,0.0
205.6,13.769892536233003,-1.3070345377727703e-14,-9.491973407443386e-16,0.0
205.62,13.771733901147725,-1.3072093196408097e-14,-9.491973407443386e-16,0.0
205.64,13.77376682443985,-1.3074022841790919e-14,-9.491973407443386e-16,0.0
205.66,13.77590407538418,-1.3076051514703781e-14,-9.491973407443386e-16,0.0
205.68,13.777791385342809,-1.3077842944297673e-14,-9.491973407443386e-16,0.0
205.7,13.779890968317552,-1.3079835862873972e-14,-9.491973407443386e-16,0.0
205.72,13.781713977377487,-1.3081566258225816e-14,-9.491973407443386e-16,0.0
205.74,13.78384534401943,-1.3083589345774498e-14,-9.491973407443386e-16,0.0
205.76,13.786514255757144,-1.3086122669698617e-14,-9.491973407443386e-16,0.0
205.78,13.788909564139699,-1.30883962900456e-14,-9.491973407443386e-16,0.0
205.8,13.79095098535969,-1.3090334001638954e-14,-9.491973407443386e-16,0.0
205.82,13.792649423839347,-1.3091946154927262e-14,-9.491973407443386e-16,0.0
205.84,13.794975163801716,-1.3094153741114806e-14,-9.491973407443386e-16,0.0
205.86,13.796783247366328,-1.3095869969226179e-14,-9.491973407443386e-16,0.0
205.88,13.798598378847993,-1.3097592887201677e-14,-9.491973407443386e-16,0.0
205.9,13.801497889111744,-1.3100345094633491e-14,-9.491973407443386e-16,0.0
205.92,13.803593749213109,-1.3102334479468278e-14,-9.491973407443386e-16,0.0
205.94,13.804777890129838,-1.3103458462877502e-14,-9.491973407443386e-16,0.0
205.96,13.807045397463446,-1.3105610774808682e-14,-9.491973407443386e-16,0.0
205.98,13.808869382124675,-1.3107342096198679e-14,-9.491973407443386e-16,0.0
206.0,13.81070382133452,-1.3109083341018421e-14,-9.491973407443386e-16,0.0
206.02,13.81345532719929,-1.3111695063068303e-14,-9.491973407443386e-16,0.0
206.04,13.815185494221959,-1.3113337333005264e-14,-9.491973407443386e-16,0.0
206.06,13.816723585834497,-1.3114797285473707e-14,-9.491973407443386e-16,0.0
206.08,13.81896606997249,-1.311692584545415e-14,-9.491973407443386e-16,0.0
206.1,13.820690974118547,-1.3118563119882627e-14,-9.491973407443386e-16,0.0
206.12,13.821946089412446,-1.3119754471981923e-14,-9.491973407443386e-16,0.0
206.14,13.823420512114916,-1.3121153990090242e-14,-9.491973407443386e-16,0.0
206.16,13.825625068729634,-1.3123246549366453e-14,-9.491973407443386e-16,0.0
206.18,13.827558441881711,-1.3125081702021071e-14,-9.491973407443386e-16,0.0
206.2,13.829210735275355,-1.3126650054516448e-14,-9.491973407443386e-16,0.0
206.22,13.831376474105266,-1.3128705768054547e-14,-9.491973407443386e-16,0.0
206.24,13.833518483196997,-1.3130738957388267e-14,-9.491973407443386e-16,0.0
206.26,13.834800439727463,-1.3131955787117936e-14,-9.491973407443386e-16,0.0
206.28,13.8368724910601,-1.3133922572732761e-14,-9.491973407443386e-16,0.0
206.3,13.838798624079283,-1.3135750853072488e-14,-9.491973407443386e-16,0.0
206.32,13.84116687170959,-1.31379987874254e-14,-9.491973407443386e-16,0.0
206.34,13.843101902114052,-1.3139835513139574e-14,-9.491973407443386e-16,0.0
206.36,13.845698432794784,-1.3142300133156886e-14,-9.491973407443386e-16,0.0
206.38,13.847892141864849,-1.3144382395972559e-14,-9.491973407443386e-16,0.0
206.4,13.849840938821734,-1.3146232188861684e-14,-9.491973407443386e-16,0.0
206.42,13.852062758277372,-1.3148341133980589e-14,-9.491973407443386e-16,0.0
206.44,13.854651930267902,-1.315079876914873e-14,-9.491973407443386e-16,0.0
206.46,13.856904640555923,-1.3152937035763586e-14,-9.491973407443386e-16,0.0
206.48,13.859062795645281,-1.3154985550835318e-14,-9.491973407443386e-16,0.0
206.5,13.860731550698231,-1.3156569528693932e-14,-9.491973407443386e-16,0.0
206.52,13.863006905390433,-1.3158729289317021e-14,-9.491973407443386e-16,0.0
206.54,13.864753368173998,-1.316038702714689e-14,-9.491973407443386e-16,0.0
206.56,13.86688210256357,-1.3162407616168622e-14,-9.491973407443386e-16,0.0
206.58,13.869372930467591,-1.316477190339137e-14,-9.491973407443386e-16,0.0
206.6,13.871260136862128,-1.31665632346825e-14,-9.491973407443386e-16,0.0
206.62,13.873078390163611,-1.3168289115881066e-14,-9.491973407443386e-16,0.0
206.64,13.875107957348916,-1.317021557565622e-14,-9.491973407443386e-16,0.0
206.66,13.876290516718466,-1.317133805786507e-14,-9.491973407443386e-16,0.0
206.68,13.8781414580629,-1.317309496646708e-14,-9.491973407443386e-16,0.0
206.7,13.88013345375999,-1.3174985763485532e-14,-9.491973407443386e-16,0.0
206.72,13.882638818601558,-1.3177363849130742e-14,-9.491973407443386e-16,0.0
206.74,13.884369235514681,-1.3179006356263056e-14,-9.491973407443386e-16,0.0
206.76,13.887013646622638,-1.3181516424254564e-14,-9.491973407443386e-16,0.0
206.78,13.888466864633974,-1.3182895814926445e-14,-9.491973407443386e-16,0.0
206.8,13.891027975871552,-1.3185326814902504e-14,-9.491973407443386e-16,0.0
206.82,13.893713810059287,-1.3187876201571183e-14,-9.491973407443386e-16,0.0
206.84,13.89545482700754,-1.3189528770228656e-14,-9.491973407443386e-16,0.0
206.86,13.897033297991978,-1.3191027050689527e-14,-9.491973407443386e-16,0.0
206.88,13.899323557823385,-1.3193200959231113e-14,-9.491973407443386e-16,0.0
206.9,13.901846100445235,-1.3195595349979688e-14,-9.491973407443386e-16,0.0
206.92,13.903846015505458,-1.3197493664036565e-14,-9.491973407443386e-16,0.0
206.94,13.90560046662377,-1.3199158984372534e-14,-9.491973407443386e-16,0.0
206.96,13.907285273112217,-1.3200758198211036e-14,-9.491973407443386e-16,0.0
206.98,13.909246091118757,-1.3202619401448527e-14,-9.491973407443386e-16,0.0
207.0,13.910707719243218,-1.3204006774977423e-14,-9.491973407443386e-16,0.0
207.02,13.912336178012303,-1.3205552503710551e-14,-9.491973407443386e-16,0.0
207.04,13.913591513609814,-1.3206744064921451e-14,-9.491973407443386e-16,0.0
207.06,13.915580355354694,-1.3208631868216852e-14,-9.491973407443386e-16,0.0
207.08,13.918354051873491,-1.3211264653576526e-14,-9.491973407443386e-16,0.0
207.1,13.919998380990128,-1.3212825446401347e-14,-9.491973407443386e-16,0.0
207.12,13.921854038944092,-1.3214586831996579e-14,-9.491973407443386e-16,0.0
207.14,13.92377145140085,-1.3216406834801644e-14,-9.491973407443386e-16,0.0
207.16,13.926028527354662,-1.321854924529486e-14,-9.491973407443386e-16,0.0
207.18,13.927505371249117,-1.3219951061592171e-14,-9.491973407443386e-16,0.0
207.2,13.928751259025585,-1.3221133654956461e-14,-9.491973407443386e-16,0.0
207.22,13.93101986175913,-1.3223287006638347e-14,-9.491973407443386e-16,0.0
207.24,13.932860160604331,-1.3225033813408387e-14,-9.491973407443386e-16,0.0
207.26,13.93447789624312,-1.3226569363774751e-14,-9.491973407443386e-16,0.0
207.28,13.93673272583155,-1.3228709642023922e-14,-9.491973407443386e-16,0.0
207.3,13.938976590203941,-1.3230839512119184e-14,-9.491973407443386e-16,0.0
207.32,13.941046541489593,-1.3232804304374997e-14,-9.491973407443386e-16,0.0
207.34,13.943565208478049,-1.323519501638266e-14,-9.491973407443386e-16,0.0
207.36,13.945115572929458,-1.3236666618197123e-14,-9.491973407443386e-16,0.0
207.38,13.94737633329553,-1.3238812525924658e-14,-9.491973407443386e-16,0.0
207.4,13.949535221706837,-1.3240861737063634e-14,-9.491973407443386e-16,0.0
207.42,13.950802006848384,-1.3242064166151286e-14,-9.491973407443386e-16,0.0
207.44,13.952919839420804,-1.3244074407197168e-14,-9.491973407443386e-16,0.0
207.46,13.956002394511106,-1.3247000360291581e-14,-9.491973407443386e-16,0.0
207.48,13.957737756115373,-1.324864756091158e-14,-9.491973407443386e-16,0.0
207.5,13.959788391096811,-1.3250594018182798e-14,-9.491973407443386e-16,0.0
207.52,13.961258530520627,-1.3251989470614408e-14,-9.491973407443386e-16,0.0
207.54,13.962707250157345,-1.3253364591441065e-14,-9.491973407443386e-16,0.0
207.56,13.965004865927273,-1.3255545482219933e-14,-9.491973407443386e-16,0.0
207.58,13.967272996521281,-1.3257698385748225e-14,-9.491973407443386e-16,0.0
207.6,13.969667682196336,-1.3259971415022907e-14,-9.491973407443386e-16,0.0
207.62,13.971518166888536,-1.3261727890171831e-14,-9.491973407443386e-16,0.0
207.64,13.974039044995314,-1.3264120700967124e-14,-9.491973407443386e-16,0.0
207.66,13.976169261944337,-1.3266142697230346e-14,-9.491973407443386e-16,0.0
207.68,13.978612088803862,-1.3268461421989306e-14,-9.491973407443386e-16,0.0
207.7,13.980834114475376,-1.3270570562847773e-14,-9.491973407443386e-16,0.0
207.72,13.982907916863608,-1.3272539010559912e-14,-9.491973407443386e-16,0.0
207.74,13.985410689116744,-1.3274914635327077e-14,-9.491973407443386e-16,0.0
207.76,13.987344144286777,-1.327674986583292e-14,-9.491973407443386e-16,0.0
207.78,13.989604084727384,-1.3278894995289386e-14,-9.491973407443386e-16,0.0
207.8,13.991701123114291,-1.3280885498549677e-14,-9.491973407443386e-16,0.0
207.82,13.993676492581196,-1.3282760513994651e-14,-9.491973407443386e-16,0.0
207.84,13.9957917518755,-1.3284768312491789e-14,-9.491973407443386e-16,0.0
207.86,13.997935135584568,-1.3286802806608631e-14,-9.491973407443386e-16,0.0
207.88,13.999505407092744,-1.3288293304148439e-14,-9.491973407443386e-16,0.0
207.9,14.002037410677914,-1.3290696675218236e-14,-9.491973407443386e-16,0.0
207.92,14.004276966351716,-1.3292822455508258e-14,-9.491973407443386e-16,0.0
207.94,14.00647739414248,-1.3294911095715752e-14,-9.491973407443386e-16,0.0
207.96,14.008738111187837,-1.329705696232338e-14,-9.491973407443386e-16,0.0
207.98,14.011147450750979,-1.3299343901029664e-14,-9.491973407443386e-16,0.0
208.0,14.012894300087623,-1.330100200577469e-14,-9.491973407443386e-16,0.0
208.02,14.01448721097347,-1.3302513992551578e-14,-9.491973407443386e-16,0.0
208.04,14.016847338941608,-1.3304754219742751e-14,-9.491973407443386e-16,0.0
208.06,14.018985460714793,-1.3306783719244048e-14,-9.491973407443386e-16,0.0
208.08,14.021222585361837,-1.3308907192009936e-14,-9.491973407443386e-16,0.0
208.1,14.023439162571679,-1.3311011161203071e-14,-9.491973407443386e-16,0.0
208.12,14.025567300237247,-1.3313031183815967e-14,-9.491973407443386e-16,0.0
208.14,14.027461495345998,-1.3314829148776043e-14,-9.491973407443386e-16,0.0
208.16,14.028972009642755,-1.3316262924929683e-14,-9.491973407443386e-16,0.0
208.18,14.030654491956179,-1.3317859932667434e-14,-9.491973407443386e-16,0.0
208.2,14.032834291694545,-1.3319928992782447e-14,-9.491973407443386e-16,0.0
208.22,14.035055395481871,-1.3322037258590894e-14,-9.491973407443386e-16,0.0
208.24,14.037781231379483,-1.3324624614776213e-14,-9.491973407443386e-16,0.0
208.26,14.039399090396108,-1.3326160282252492e-14,-9.491973407443386e-16,0.0
208.28,14.041419276486279,-1.3328077837517091e-14,-9.491973407443386e-16,0.0
208.3,14.043291233326832,-1.3329854693972132e-14,-9.491973407443386e-16,0.0
208.32,14.04566474858231,-1.3332107628340848e-14,-9.491973407443386e-16,0.0
208.34,14.047889596865543,-1.3334219448414853e-14,-9.491973407443386e-16,0.0
208.36,14.050351547188088,-1.3336556325114057e-14,-9.491973407443386e-16,0.0
208.38,14.052415231365586,-1.3338515168647475e-14,-9.491973407443386e-16,0.0
208.4,14.054090196446873,-1.3340105041048472e-14,-9.491973407443386e-16,0.0
208.42,14.056663977694079,-1.3342548067363977e-14,-9.491973407443386e-16,0.0
208.44,14.058739280602916,-1.3344517939366285e-14,-9.491973407443386e-16,0.0
208.46,14.060796449217522,-1.3346470598344732e-14,-9.491973407443386e-16,0.0
208.48,14.062833796645384,-1.3348404443105433e-14,-9.491973407443386e-16,0.0
208.5,14.065144498800063,-1.3350597755445907e-14,-9.491973407443386e-16,0.0
208.52,14.06750567212829,-1.3352838974890096e-14,-9.491973407443386e-16,0.0
208.54,14.068951554750077,-1.3354211402829726e-14,-9.491973407443386e-16,0.0
208.56,14.07085432903641,-1.3356017511122349e-14,-9.491973407443386e-16,0.0
208.58,14.072647305199707,-1.3357719399328569e-14,-9.491973407443386e-16,0.0
208.6,14.074354384780717,-1.3359339754727303e-14,-9.491973407443386e-16,0.0
208.62,14.076371486052931,-1.33612543818909e-14,-9.491973407443386e-16,0.0
208.64,14.078441522964244,-1.336321925542236e-14,-9.491973407443386e-16,0.0
208.66,14.080198622545355,-1.3364887089672175e-14,-9.491973407443386e-16,0.0
208.68,14.0825778399911,-1.3367145436544728e-14,-9.491973407443386e-16,0.0
208.7,14.084125197277386,-1.3368614183966053e-14,-9.491973407443386e-16,0.0
208.72,14.086086113152295,-1.337047548009994e-14,-9.491973407443386e-16,0.0
208.74,14.088585012784229,-1.3372847428985358e-14,-9.491973407443386e-16,0.0
208.76,14.090603825180978,-1.3374763680343814e-14,-9.491973407443386e-16,0.0
208.78,14.092531324498726,-1.3376593257570507e-14,-9.491973407443386e-16,0.0
208.8,14.094685483155553,-1.337863797923911e-14,-9.491973407443386e-16,0.0
208.82,14.097173149214942,-1.3380999265247342e-14,-9.491973407443386e-16,0.0
208.84,14.099145090255504,-1.3382871026439148e-14,-9.491973407443386e-16,0.0
208.86,14.100808158068183,-1.338444960598442e-14,-9.491973407443386e-16,0.0
208.88,14.102548882417285,-1.3386101896907555e-14,-9.491973407443386e-16,0.0
208.9,14.10388335639175,-1.3387368576055409e-14,-9.491973407443386e-16,0.0
208.92,14.105561183965765,-1.3388961165526892e-14,-9.491973407443386e-16,0.0
208.94,14.107393719806693,-1.3390700603673918e-14,-9.491973407443386e-16,0.0
208.96,14.110308034815551,-1.3393466863730418e-14,-9.491973407443386e-16,0.0
208.98,14.112757856104261,-1.3395792227582962e-14,-9.491973407443386e-16,0.0
209.0,14.114691310134248,-1.3397627457006676e-14,-9.491973407443386e-16,0.0
209.02,14.116530731338473,-1.3399373430722236e-14,-9.491973407443386e-16,0.0
209.04,14.118393330248406,-1.3401141404654418e-14,-9.491973407443386e-16,0.0
209.06,14.121090015884315,-1.3403701091488847e-14,-9.491973407443386e-16,0.0
209.08,14.122443810667571,-1.3404986109897027e-14,-9.491973407443386e-16,0.0
209.1,14.125031373759581,-1.340744221790297e-14,-9.491973407443386e-16,0.0
209.12,14.128084335801125,-1.3410340081354197e-14,-9.491973407443386e-16,0.0
209.14,14.130834745363806,-1.3412950762797052e-14,-9.491973407443386e-16,0.0
209.16,14.133077998170851,-1.3415080052396115e-14,-9.491973407443386e-16,0.0
209.18,14.134602650563963,-1.3416527248393217e-14,-9.491973407443386e-16,0.0
209.2,14.13622561603366,-1.3418067762901172e-14,-9.491973407443386e-16,0.0
209.22,14.138338171909622,-1.3420072995320809e-14,-9.491973407443386e-16,0.0
209.24,14.139995155492839,-1.3421645799731655e-14,-9.491973407443386e-16,0.0
209.26,14.142192901226773,-1.3423731894137937e-14,-9.491973407443386e-16,0.0
209.28,14.144511564570777,-1.3425932763218147e-14,-9.491973407443386e-16,0.0
209.3,14.147205202515883,-1.3428489557192569e-14,-9.491973407443386e-16,0.0
209.32,14.149196086501526,-1.3430379298977471e-14,-9.491973407443386e-16,0.0
209.34,14.150947467491713,-1.3432041705155986e-14,-9.491973407443386e-16,0.0
209.36,14.152400750221124,-1.3433421157258093e-14,-9.491973407443386e-16,0.0
209.38,14.15425345476655,-1.3435179739485796e-14,-9.491973407443386e-16,0.0
209.4,14.156697261480895,-1.3437499394320345e-14,-9.491973407443386e-16,0.0
209.42,14.158463970785268,-1.3439176350093924e-14,-9.491973407443386e-16,0.0
209.44,14.16134765154459,-1.3441913532202227e-14,-9.491973407443386e-16,0.0
209.46,14.163383870233828,-1.3443846305567226e-14,-9.491973407443386e-16,0.0
209.48,14.165674616127463,-1.3446020675477784e-14,-9.491973407443386e-16,0.0
209.5,14.167823358007219,-1.3448060255555996e-14,-9.491973407443386e-16,0.0
209.52,14.169789406018507,-1.3449926423100087e-14,-9.491973407443386e-16,0.0
209.54,14.17116942655994,-1.3451236334928188e-14,-9.491973407443386e-16,0.0
209.56,14.17361694401499,-1.3453559511987945e-14,-9.491973407443386e-16,0.0
209.58,14.175823061000246,-1.3455653552363722e-14,-9.491973407443386e-16,0.0
209.6,14.177965452836977,-1.345768710499798e-14,-9.491973407443386e-16,0.0
209.62,14.179746178017021,-1.3459377364603475e-14,-9.491973407443386e-16,0.0
209.64,14.181545937740799,-1.3461085691747264e-14,-9.491973407443386e-16,0.0
209.66,14.183541700302504,-1.3462980064263591e-14,-9.491973407443386e-16,0.0
209.68,14.185451737940431,-1.3464793066910232e-14,-9.491973407443386e-16,0.0
209.7,14.188111862578307,-1.3467318050142552e-14,-9.491973407443386e-16,0.0
209.72,14.190134262680198,-1.3469237706941189e-14,-9.491973407443386e-16,0.0
209.74,14.192774417621491,-1.3471743734990618e-14,-9.491973407443386e-16,0.0
209.76,14.194948638057872,-1.3473807499247022e-14,-9.491973407443386e-16,0.0
209.78,14.197274450194453,-1.3476015153942136e-14,-9.491973407443386e-16,0.0
209.8,14.199682943574327,-1.3478301289453513e-14,-9.491973407443386e-16,0.0
209.82,14.201162681169441,-1.3479705852443794e-14,-9.491973407443386e-16,0.0
209.84,14.203168887557998,-1.3481610138212798e-14,-9.491973407443386e-16,0.0
209.86,14.205223916305455,-1.3483560766035036e-14,-9.491973407443386e-16,0.0
209.88,14.207423435993963,-1.3485648544274282e-14,-9.491973407443386e-16,0.0
209.9,14.20989350413041,-1.3487993126380854e-14,-9.491973407443386e-16,0.0
209.92,14.212127759025876,-1.3490113875186176e-14,-9.491973407443386e-16,0.0
209.94,14.214638047803458,-1.3492496634618357e-14,-9.491973407443386e-16,0.0
209.96,14.216359516508163,-1.3494130648135039e-14,-9.491973407443386e-16,0.0
209.98,14.218620968138564,-1.3496277212008836e-14,-9.491973407443386e-16,0.0
210.0,14.220591638460318,-1.349814776703773e-14,-9.491973407443386e-16,0.0
210.02,14.222615608767569,-1.3500068914271116e-14,-9.491973407443386e-16,0.0
210.04,14.224146171462136,-1.350152172031064e-14,-9.491973407443386e-16,0.0
210.06,14.225852963464265,-1.3503141802740265e-14,-9.491973407443386e-16,0.0
210.08,14.227720861801082,-1.3504914806874353e-14,-9.491973407443386e-16,0.0
210.1,14.229443501866358,-1.3506549932243372e-14,-9.491973407443386e-16,0.0
210.12,14.231805979140017,-1.3508792389389099e-14,-9.491973407443386e-16,0.0
210.14,14.234133220895284,-1.3511001401074468e-14,-9.491973407443386e-16,0.0
210.16,14.23586959855122,-1.351264956612801e-14,-9.491973407443386e-16,0.0
210.18,14.237913089774532,-1.3514589242563012e-14,-9.491973407443386e-16,0.0
210.2,14.240008932648346,-1.3516578611045455e-14,-9.491973407443386e-16,0.0
210.22,14.242241097989073,-1.3518697376450975e-14,-9.491973407443386e-16,0.0
210.24,14.244090756006512,-1.3520453066922415e-14,-9.491973407443386e-16,0.0
210.26,14.245893747055112,-1.352216446123113e-14,-9.491973407443386e-16,0.0
210.28,14.247830077461899,-1.3524002420904054e-14,-9.491973407443386e-16,0.0
210.3,14.250543286261884,-1.3526577791481884e-14,-9.491973407443386e-16,0.0
210.32,14.252131834593168,-1.3528085637333583e-14,-9.491973407443386e-16,0.0
210.34,14.254285050608887,-1.3530129464249752e-14,-9.491973407443386e-16,0.0
210.36,14.25593900713469,-1.3531699395385752e-14,-9.491973407443386e-16,0.0
210.38,14.256982075643029,-1.3532689473240081e-14,-9.491973407443386e-16,0.0
210.4,14.25800731440607,-1.3533662627147588e-14,-9.491973407443386e-16,0.0
210.42,14.260225242478041,-1.3535767878575465e-14,-9.491973407443386e-16,0.0
210.44,14.262267393784958,-1.3537706283165389e-14,-9.491973407443386e-16,0.0
210.46,14.264065147080336,-1.3539412705812676e-14,-9.491973407443386e-16,0.0
210.48,14.26657979851618,-1.3541799606268477e-14,-9.491973407443386e-16,0.0
210.5,14.268795614342771,-1.3543902852758657e-14,-9.491973407443386e-16,0.0
210.52,14.2707997553936,-1.3545805178114579e-14,-9.491973407443386e-16,0.0
210.54,14.27262639120809,-1.3547539015972202e-14,-9.491973407443386e-16,0.0
210.56,14.274375417879577,-1.3549199187437668e-14,-9.491973407443386e-16,0.0
210.58,14.276922914497016,-1.3551617264452495e-14,-9.491973407443386e-16,0.0
210.6,14.278895216925585,-1.3553489368672837e-14,-9.491973407443386e-16,0.0
210.62,14.28093399392481,-1.3555424570378872e-14,-9.491973407443386e-16,0.0
210.64,14.28286402669151,-1.3557256552348573e-14,-9.491973407443386e-16,0.0
210.66,14.284724894956236,-1.3559022883556927e-14,-9.491973407443386e-16,0.0
210.68,14.28648503515887,-1.3560693603956605e-14,-9.491973407443386e-16,0.0
210.7,14.288483941763308,-1.3562590960789935e-14,-9.491973407443386e-16,0.0
210.72,14.28979124262244,-1.3563831847288978e-14,-9.491973407443386e-16,0.0
210.74,14.291901390619886,-1.356583479415673e-14,-9.491973407443386e-16,0.0
210.76,14.293090925814411,-1.3566963897800096e-14,-9.491973407443386e-16,0.0
210.78,14.294447858553994,-1.3568251894748076e-14,-9.491973407443386e-16,0.0
210.8,14.296853556310909,-1.3570535376661574e-14,-9.491973407443386e-16,0.0
210.82,14.29912365954108,-1.3572690152610867e-14,-9.491973407443386e-16,0.0
210.84,14.301216460067968,-1.3574676633305698e-14,-9.491973407443386e-16,0.0
210.86,14.303136521057692,-1.3576499150091211e-14,-9.491973407443386e-16,0.0
210.88,14.304979191329272,-1.3578248207812863e-14,-9.491973407443386e-16,0.0
210.9,14.307344280707035,-1.3580493144360858e-14,-9.491973407443386e-16,0.0
210.92,14.309095944311661,-1.3582155818796248e-14,-9.491973407443386e-16,0.0
210.94,14.310975821236731,-1.358394019297445e-14,-9.491973407443386e-16,0.0
210.96,14.313092970234674,-1.3585949785173257e-14,-9.491973407443386e-16,0.0
210.98,14.315664968885237,-1.3588391119452768e-14,-9.491973407443386e-16,0.0
211.0,14.317153673918499,-1.3589804194311495e-14,-9.491973407443386e-16,0.0
211.02,14.319488277511946,-1.3592020193834088e-14,-9.491973407443386e-16,0.0
211.04,14.321201039971955,-1.3593645943406456e-14,-9.491973407443386e-16,0.0
211.06,14.323589479515759,-1.3595913043869963e-14,-9.491973407443386e-16,0.0
211.08,14.325594080017087,-1.359781580533508e-14,-9.491973407443386e-16,0.0
211.1,14.326816058674599,-1.3598975704227237e-14,-9.491973407443386e-16,0.0
211.12,14.329401451584838,-1.3601429752302417e-14,-9.491973407443386e-16,0.0
211.14,14.331967322204244,-1.3603865269871051e-14,-9.491973407443386e-16,0.0
211.16,14.334015142358345,-1.3605809055315646e-14,-9.491973407443386e-16,0.0
211.18,14.33579725624915,-1.3607500633081703e-14,-9.491973407443386e-16,0.0
211.2,14.337802556401238,-1.3609404058653458e-14,-9.491973407443386e-16,0.0
211.22,14.33969614163813,-1.361120144472479e-14,-9.491973407443386e-16,0.0
211.24,14.341089688633174,-1.3612524195826687e-14,-9.491973407443386e-16,0.0
211.26,14.343053537269286,-1.361438827572971e-14,-9.491973407443386e-16,0.0
211.28,14.34462633723165,-1.3615881173271508e-14,-9.491973407443386e-16,0.0
211.3,14.34691211947659,-1.3618050831699926e-14,-9.491973407443386e-16,0.0
211.32,14.348433593569998,-1.36194950108634e-14,-9.491973407443386e-16,0.0
211.34,14.349603229951287,-1.3620605226606156e-14,-9.491973407443386e-16,0.0
211.36,14.35264031513486,-1.3623488019786016e-14,-9.491973407443386e-16,0.0
211.38,14.353890486425502,-1.362467467905057e-14,-9.491973407443386e-16,0.0
211.4,14.356161861941747,-1.362683066265042e-14,-9.491973407443386e-16,0.0
211.42,14.358371598765542,-1.362892813896731e-14,-9.491973407443386e-16,0.0
211.44,14.360386020098998,-1.3630840222340165e-14,-9.491973407443386e-16,0.0
211.46,14.362105775291413,-1.3632472609395536e-14,-9.491973407443386e-16,0.0
211.48,14.364810141278857,-1.3635039586399217e-14,-9.491973407443386e-16,0.0
211.5,14.367546304257099,-1.3637636745022007e-14,-9.491973407443386e-16,0.0
211.52,14.369751390300532,-1.3639729806830547e-14,-9.491973407443386e-16,0.0
211.54,14.371610699818692,-1.3641494658480805e-14,-9.491973407443386e-16,0.0
211.56,14.373901455628323,-1.3643669037803601e-14,-9.491973407443386e-16,0.0
211.58,14.37611520624364,-1.364577032400073e-14,-9.491973407443386e-16,0.0
211.6,14.378306460302912,-1.3647850256526687e-14,-9.491973407443386e-16,0.0
211.62,14.380484292314298,-1.3649917448880483e-14,-9.491973407443386e-16,0.0
211.64,14.382880638830452,-1.3652192054621119e-14,-9.491973407443386e-16,0.0
211.66,14.384486517974793,-1.3653716350834484e-14,-9.491973407443386e-16,0.0
211.68,14.385899859637933,-1.3655057890982698e-14,-9.491973407443386e-16,0.0
211.7,14.388068013072852,-1.365711589645745e-14,-9.491973407443386e-16,0.0
211.72,14.390228785105531,-1.3659166895524824e-14,-9.491973407443386e-16,0.0
211.74,14.392422120531535,-1.3661248803678546e-14,-9.491973407443386e-16,0.0
211.76,14.394267340834022,-1.3663000281882754e-14,-9.491973407443386e-16,0.0
211.78,14.396207777137194,-1.3664842138861608e-14,-9.491973407443386e-16,0.0
211.8,14.398030612170121,-1.3666572369027478e-14,-9.491973407443386e-16,0.0
211.82,14.399676378832229,-1.3668134526366636e-14,-9.491973407443386e-16,0.0
211.84,14.401595628627534,-1.3669956273168564e-14,-9.491973407443386e-16,0.0
211.86,14.40374076901295,-1.3671992434717924e-14,-9.491973407443386e-16,0.0
211.88,14.40621814129331,-1.3674343949898476e-14,-9.491973407443386e-16,0.0
211.9,14.407995341410187,-1.3676030863523385e-14,-9.491973407443386e-16,0.0
211.92,14.4095790491263,-1.3677534114676037e-14,-9.491973407443386e-16,0.0
211.94,14.412113901449835,-1.3679940189760716e-14,-9.491973407443386e-16,0.0
211.96,14.413843742930922,-1.3681582150694473e-14,-9.491973407443386e-16,0.0
211.98,14.41544301866081,-1.36831001789644e-14,-9.491973407443386e-16,0.0
212.0,14.417825887358465,-1.3685361991595556e-14,-9.491973407443386e-16,0.0
212.02,14.419790889137737,-1.3687227166059e-14,-9.491973407443386e-16,0.0
212.04,14.421752863531319,-1.3689089466935997e-14,-9.491973407443386e-16,0.0
212.06,14.42424357581377,-1.369145364441106e-14,-9.491973407443386e-16,0.0
212.08,14.426922161896782,-1.369399615119801e-14,-9.491973407443386e-16,0.0
212.1,14.42854295711748,-1.3695534605711388e-14,-9.491973407443386e-16,0.0
212.12,14.430574031791057,-1.36974624963904e-14,-9.491973407443386e-16,0.0
212.14,14.432278059046386,-1.3699079954529714e-14,-9.491973407443386e-16,0.0
212.16,14.434221827968985,-1.3700924974822067e-14,-9.491973407443386e-16,0.0
212.18,14.435707850707068,-1.3702335503653341e-14,-9.491973407443386e-16,0.0
212.2,14.437874275345383,-1.3704391868158954e-14,-9.491973407443386e-16,0.0
212.22,14.440040742075094,-1.3706448272617607e-14,-9.491973407443386e-16,0.0
212.24,14.442222961865625,-1.37085196298397e-14,-9.491973407443386e-16,0.0
212.26,14.444082262505814,-1.3710284473063011e-14,-9.491973407443386e-16,0.0
212.28,14.445600361771751,-1.3711725448849225e-14,-9.491973407443386e-16,0.0
212.3,14.448211960977636,-1.371420437187054e-14,-9.491973407443386e-16,0.0
212.32,14.449914881217978,-1.3715820779234173e-14,-9.491973407443386e-16,0.0
212.34,14.45208168192697,-1.371787750070507e-14,-9.491973407443386e-16,0.0
212.36,14.45462162391296,-1.3720288406883819e-14,-9.491973407443386e-16,0.0
212.38,14.456408315569195,-1.3721984329852647e-14,-9.491973407443386e-16,0.0
212.4,14.458043325211564,-1.3723536276657276e-14,-9.491973407443386e-16,0.0
212.42,14.459439902826166,-1.3724861904415198e-14,-9.491973407443386e-16,0.0
212.44,14.460520034563372,-1.3725887162587808e-14,-9.491973407443386e-16,0.0
212.46,14.462617084563428,-1.3727877676871271e-14,-9.491973407443386e-16,0.0
212.48,14.464526564315452,-1.3729690149974098e-14,-9.491973407443386e-16,0.0
212.5,14.46634986505562,-1.3731420822188041e-14,-9.491973407443386e-16,0.0
212.52,14.469058510818995,-1.3733991861543655e-14,-9.491973407443386e-16,0.0
212.54,14.470798425007072,-1.3735643383464101e-14,-9.491973407443386e-16,0.0
212.56,14.472393619045185,-1.373715753740305e-14,-9.491973407443386e-16,0.0
212.58,14.473990732664747,-1.3738673513403604e-14,-9.491973407443386e-16,0.0
212.6,14.47517063840711,-1.3739793476796585e-14,-9.491973407443386e-16,0.0
212.62,14.477312836587377,-1.374182684561264e-14,-9.491973407443386e-16,0.0
212.64,14.479238781613395,-1.3743654947509757e-14,-9.491973407443386e-16,0.0
212.66,14.481551484690794,-1.3745850159120755e-14,-9.491973407443386e-16,0.0
212.68,14.484145936495674,-1.3748312805874637e-14,-9.491973407443386e-16,0.0
212.7,14.486171747740924,-1.3750235700521478e-14,-9.491973407443386e-16,0.0
212.72,14.488458840487906,-1.3752406602874949e-14,-9.491973407443386e-16,0.0
212.74,14.490982491117288,-1.3754802045341325e-14,-9.491973407443386e-16,0.0
212.76,14.492138943974219,-1.375589974731782e-14,-9.491973407443386e-16,0.0
212.78,14.493550630281208,-1.375723971620638e-14,-9.491973407443386e-16,0.0
212.8,14.4950152617198,-1.3758629940473063e-14,-9.491973407443386e-16,0.0
212.82,14.496727965208215,-1.376025563406975e-14,-9.491973407443386e-16,0.0
212.84,14.497961273225991,-1.3761426286760543e-14,-9.491973407443386e-16,0.0
212.86,14.500217740883068,-1.3763568119860115e-14,-9.491973407443386e-16,0.0
212.88,14.502827039820705,-1.3766044859472927e-14,-9.491973407443386e-16,0.0
212.9,14.505395102447983,-1.3768482457689604e-14,-9.491973407443386e-16,0.0
212.92,14.50790797344797,-1.3770867668160426e-14,-9.491973407443386e-16,0.0
212.94,14.509616373589662,-1.3772489277031845e-14,-9.491973407443386e-16,0.0
212.96,14.511598624452335,-1.3774370824279382e-14,-9.491973407443386e-16,0.0
212.98,14.514278627556848,-1.3776914676099374e-14,-9.491973407443386e-16,0.0
213.0,14.516118819376096,-1.3778661381280664e-14,-9.491973407443386e-16,0.0
213.02,14.517334169447164,-1.3779814988336194e-14,-9.491973407443386e-16,0.0
213.04,14.51797341875283,-1.3780421762077204e-14,-9.491973407443386e-16,0.0
213.06,14.519924098238086,-1.3782273341857253e-14,-9.491973407443386e-16,0.0
213.08,14.522157965017989,-1.3784393722264315e-14,-9.491973407443386e-16,0.0
213.1,14.524001488378994,-1.3786143589736182e-14,-9.491973407443386e-16,0.0
213.12,14.525581195850503,-1.3787643043867292e-14,-9.491973407443386e-16,0.0
213.14,14.526632114315998,-1.378864057288008e-14,-9.491973407443386e-16,0.0
213.16,14.528477057392926,-1.3790391787942525e-14,-9.491973407443386e-16,0.0
213.18,14.53051204837828,-1.3792323395974262e-14,-9.491973407443386e-16,0.0
213.2,14.532371204778048,-1.379408810228495e-14,-9.491973407443386e-16,0.0
213.22,14.534245936488494,-1.3795867592639113e-14,-9.491973407443386e-16,0.0
213.24,14.535416446687206,-1.3796978637807045e-14,-9.491973407443386e-16,0.0
213.26,14.536525636526475,-1.3798031477852859e-14,-9.491973407443386e-16,0.0
213.28,14.53831472505395,-1.3799729675925496e-14,-9.491973407443386e-16,0.0
213.3,14.539765335603164,-1.3801106591601264e-14,-9.491973407443386e-16,0.0
213.32,14.541237528944878,-1.380250399360628e-14,-9.491973407443386e-16,0.0
213.34,14.543697318074674,-1.3804838818907074e-14,-9.491973407443386e-16,0.0
213.36,14.545719593217783,-1.3806758357095166e-14,-9.491973407443386e-16,0.0
213.38,14.547836312190164,-1.3808767541114854e-14,-9.491973407443386e-16,0.0
213.4,14.55064522259691,-1.3811433751403326e-14,-9.491973407443386e-16,0.0
213.42,14.552827833180961,-1.3813505479565588e-14,-9.491973407443386e-16,0.0
213.44,14.555000111629806,-1.3815567400492586e-14,-9.491973407443386e-16,0.0
213.46,14.556889869716457,-1.3817361153843086e-14,-9.491973407443386e-16,0.0
213.48,14.55815337889793,-1.3818560473398146e-14,-9.491973407443386e-16,0.0
213.5,14.560070082034196,-1.3820379802918086e-14,-9.491973407443386e-16,0.0
213.52,14.562074892179474,-1.382228276337668e-14,-9.491973407443386e-16,0.0
213.54,14.56381641012308,-1.3823935807577608e-14,-9.491973407443386e-16,0.0
213.56,14.56671144514429,-1.3826683767121101e-14,-9.491973407443386e-16,0.0
213.58,14.56898707804545,-1.3828843791819393e-14,-9.491973407443386e-16,0.0
213.6,14.570907886142752,-1.3830667017757433e-14,-9.491973407443386e-16,0.0
213.62,14.572960220219217,-1.3832615087805132e-14,-9.491973407443386e-16,0.0
213.64,14.575079919440595,-1.3834627100669242e-14,-9.491973407443386e-16,0.0
213.66,14.578160099364071,-1.383755079926162e-14,-9.491973407443386e-16,0.0
213.68,14.580094937974176,-1.38393873429251e-14,-9.491973407443386e-16,0.0
213.7,14.582445736677101,-1.3841618714802542e-14,-9.491973407443386e-16,0.0
213.72,14.584544805215447,-1.384361114507718e-14,-9.491973407443386e-16,0.0
213.74,14.586144702911282,-1.3845129763715529e-14,-9.491973407443386e-16,0.0
213.76,14.587890142710194,-1.3846786530531085e-14,-9.491973407443386e-16,0.0
213.78,14.589347653041115,-1.3848169995461303e-14,-9.491973407443386e-16,0.0
213.8,14.591390729936272,-1.3850109278617122e-14,-9.491973407443386e-16,0.0
213.82,14.59290128143808,-1.3851543090085694e-14,-9.491973407443386e-16,0.0
213.84,14.595132296371409,-1.3853660763527572e-14,-9.491973407443386e-16,0.0
213.86,14.595307527953906,-1.3853827092879694e-14,-9.491973407443386e-16,0.0
213.88,14.59489840910585,-1.3853438758357071e-14,-9.491973407443386e-16,0.0
213.9,14.595336555743296,-1.3853854645980191e-14,-9.491973407443386e-16,0.0
213.92,14.595481723251726,-1.3853992438593156e-14,-9.491973407443386e-16,0.0
213.94,14.595606911801447,-1.3854111267231643e-14,-9.491973407443386e-16,0.0
213.96,14.596154062292888,-1.3854630621023105e-14,-9.491973407443386e-16,0.0
213.98,14.596482923181554,-1.3854942774904103e-14,-9.491973407443386e-16,0.0
214.0,14.59687932128564,-1.3855319034930377e-14,-9.491973407443386e-16,0.0
214.02,14.597040867765594,-1.3855472374419555e-14,-9.491973407443386e-16,0.0
214.04,14.596924033433393,-1.3855361475582121e-14,-9.491973407443386e-16,0.0
214.06,14.597600442600825,-1.3856003521365102e-14,-9.491973407443386e-16,0.0
214.08,14.59767175386621,-1.385607120982857e-14,-9.491973407443386e-16,0.0
214.1,14.597146301128813,-1.3855572451487545e-14,-9.491973407443386e-16,0.0
214.12,14.596792869480332,-1.3855236975106672e-14,-9.491973407443386e-16,0.0
214.14,14.596708320113173,-1.3855156721072202e-14,-9.491973407443386e-16,0.0
214.16,14.595793083998682,-1.3854287981386175e-14,-9.491973407443386e-16,0.0
214.18,14.595588714149084,-1.3854093994068408e-14,-9.491973407443386e-16,0.0
214.2,14.596411309847158,-1.3854874799717526e-14,-9.491973407443386e-16,0.0
214.22,14.596426473822211,-1.3854889193322322e-14,-9.491973407443386e-16,0.0
214.24,14.59694832640326,-1.3855384534404513e-14,-9.491973407443386e-16,0.0
214.26,14.596290523773526,-1.3854760149897635e-14,-9.491973407443386e-16,0.0
214.28,14.596602178528107,-1.3855055971761914e-14,-9.491973407443386e-16,0.0
214.3,14.596555130058404,-1.3855011313479584e-14,-9.491973407443386e-16,0.0
214.32,14.596838284660905,-1.3855280083075297e-14,-9.491973407443386e-16,0.0
214.34,14.596523033709635,-1.3854980847710685e-14,-9.491973407443386e-16,0.0
214.36,14.596534245458603,-1.385499148987299e-14,-9.491973407443386e-16,0.0
214.38,14.596828323204784,-1.3855270627687637e-14,-9.491973407443386e-16,0.0
214.4,14.596341169310591,-1.3854808222506736e-14,-9.491973407443386e-16,0.0
214.42,14.595865029789262,-1.3854356272139267e-14,-9.491973407443386e-16,0.0
214.44,14.59579289437984,-1.3854287801400471e-14,-9.491973407443386e-16,0.0
214.46,14.596099588795376,-1.3854578914924118e-14,-9.491973407443386e-16,0.0
214.48,14.59685532536251,-1.3855296258063944e-14,-9.491973407443386e-16,0.0
214.5,14.596268758760319,-1.3854739490604975e-14,-9.491973407443386e-16,0.0
214.52,14.596375866137002,-1.3854841156642098e-14,-9.491973407443386e-16,0.0
214.54,14.596516070884043,-1.385497423861515e-14,-9.491973407443386e-16,0.0
214.56,14.596599743028346,-1.3855053659992016e-14,-9.491973407443386e-16,0.0
214.58,14.59699699549092,-1.3855430730973097e-14,-9.491973407443386e-16,0.0
214.6,14.596882531528015,-1.3855322082083896e-14,-9.491973407443386e-16,0.0
214.62,14.596566235005772,-1.3855021854266097e-14,-9.491973407443386e-16,0.0
214.64,14.596865523262537,-1.3855305937883533e-14,-9.491973407443386e-16,0.0
214.66,14.596562389028026,-1.3855018203674247e-14,-9.491973407443386e-16,0.0
214.68,14.596675005208727,-1.3855125098653493e-14,-9.491973407443386e-16,0.0
214.7,14.596513998319566,-1.385497227134246e-14,-9.491973407443386e-16,0.0
214.72,14.596049665472158,-1.3854531527838479e-14,-9.491973407443386e-16,0.0
214.74,14.595896767997333,-1.385438639796197e-14,-9.491973407443386e-16,0.0
214.76,14.595497509641241,-1.3854007422992097e-14,-9.491973407443386e-16,0.0
214.78,14.595675774937833,-1.385417663193757e-14,-9.491973407443386e-16,0.0
214.8,14.595736100884253,-1.385423389316549e-14,-9.491973407443386e-16,0.0
214.82,14.596093813060294,-1.385457343261174e-14,-9.491973407443386e-16,0.0
214.84,14.594956129695092,-1.385349354658688e-14,-9.491973407443386e-16,0.0
214.86,14.594258040559456,-1.3852830922235732e-14,-9.491973407443386e-16,0.0
214.88,14.595021130947606,-1.3853555245602911e-14,-9.491973407443386e-16,0.0
214.9,14.594940512607764,-1.3853478722889119e-14,-9.491973407443386e-16,0.0
214.92,14.594844179083012,-1.38533872833636e-14,-9.491973407443386e-16,0.0
214.94,14.595417923454352,-1.3853931879995145e-14,-9.491973407443386e-16,0.0
214.96,14.595731052386366,-1.3854229101144722e-14,-9.491973407443386e-16,0.0
214.98,14.596624194073621,-1.3855076868859173e-14,-9.491973407443386e-16,0.0
215.0,14.597405624859366,-1.3855818600882979e-14,-9.491973407443386e-16,0.0
215.02,14.59685447210245,-1.385529544815177e-14,-9.491973407443386e-16,0.0
215.04,14.596843653972257,-1.3855285179611359e-14,-9.491973407443386e-16,0.0
215.06,14.596398248945228,-1.3854862402344147e-14,-9.491973407443386e-16,0.0
215.08,14.597047868897898,-1.3855479019875715e-14,-9.491973407443386e-16,0.0
215.1,14.596726845652709,-1.3855174305465066e-14,-9.491973407443386e-16,0.0
215.12,14.596685905720175,-1.3855135445389975e-14,-9.491973407443386e-16,0.0
215.14,14.596757219625266,-1.3855203136359045e-14,-9.491973407443386e-16,0.0
215.16,14.596248036997645,-1.3854719821562954e-14,-9.491973407443386e-16,0.0
215.18,14.596122576149897,-1.3854600734459905e-14,-9.491973407443386e-16,0.0
215.2,14.595859633393253,-1.385435114989453e-14,-9.491973407443386e-16,0.0
215.22,14.596259247189044,-1.385473046224682e-14,-9.491973407443386e-16,0.0
215.24,14.595914133786156,-1.3854402881522543e-14,-9.491973407443386e-16,0.0
215.26,14.595736468051383,-1.3854234241679555e-14,-9.491973407443386e-16,0.0
215.28,14.595662791856254,-1.3854164308431063e-14,-9.491973407443386e-16,0.0
215.3,14.595589455519999,-1.3854094697775709e-14,-9.491973407443386e-16,0.0
215.32,14.595413283794718,-1.3853927476042558e-14,-9.491973407443386e-16,0.0
215.34,14.595475647376599,-1.3853986671388639e-14,-9.491973407443386e-16,0.0
215.36,14.595938793540167,-1.3854426288495474e-14,-9.491973407443386e-16,0.0
215.38,14.595826382894854,-1.385431958860987e-14,-9.491973407443386e-16,0.0
215.4,14.595852817693986,-1.3854344680450909e-14,-9.491973407443386e-16,0.0
215.42,14.595723277089842,-1.3854221720853937e-14,-9.491973407443386e-16,0.0
215.44,14.594837182671615,-1.3853380642388506e-14,-9.491973407443386e-16,0.0
215.46,14.595035269799565,-1.3853568666163591e-14,-9.491973407443386e-16,0.0
215.48,14.594432190849066,-1.3852996225227518e-14,-9.491973407443386e-16,0.0
215.5,14.594310423604744,-1.3852880644083019e-14,-9.491973407443386e-16,0.0
215.52,14.594080176854321,-1.3852662094479803e-14,-9.491973407443386e-16,0.0
215.54,14.594373589198502,-1.3852940600696641e-14,-9.491973407443386e-16,0.0
215.56,14.594222759354379,-1.3852797433409694e-14,-9.491973407443386e-16,0.0
215.58,14.59462323841486,-1.3853177567068925e-14,-9.491973407443386e-16,0.0
215.6,14.594367410071854,-1.3852934735486058e-14,-9.491973407443386e-16,0.0
215.62,14.594148506525517,-1.3852726952821996e-14,-9.491973407443386e-16,0.0
215.64,14.59362618529234,-1.385223116689645e-14,-9.491973407443386e-16,0.0
215.66,14.594147418958192,-1.3852725920505984e-14,-9.491973407443386e-16,0.0
215.68,14.594647858783787,-1.385320093665764e-14,-9.491973407443386e-16,0.0
215.7,14.594792263370314,-1.3853338005107164e-14,-9.491973407443386e-16,0.0
215.72,14.59552492540489,-1.3854033445962047e-14,-9.491973407443386e-16,0.0
215.74,14.595683965899173,-1.3854184406776291e-14,-9.491973407443386e-16,0.0
215.76,14.59554002560131,-1.3854047779028334e-14,-9.491973407443386e-16,0.0
215.78,14.595364711465962,-1.3853881371317268e-14,-9.491973407443386e-16,0.0
215.8,14.59550853644034,-1.3854017889600481e-14,-9.491973407443386e-16,0.0
215.82,14.595959926706158,-1.3854446348040433e-14,-9.491973407443386e-16,0.0
215.84,14.596644505155773,-1.385509614808434e-14,-9.491973407443386e-16,0.0
215.86,14.596797456929345,-1.3855241329501076e-14,-9.491973407443386e-16,0.0
215.88,14.59682833727862,-1.385527064104649e-14,-9.491973407443386e-16,0.0
215.9,14.59690173380233,-1.3855340308831615e-14,-9.491973407443386e-16,0.0
215.92,14.597143565678556,-1.3855569855005436e-14,-9.491973407443386e-16,0.0
215.94,14.59701415630636,-1.385544701997348e-14,-9.491973407443386e-16,0.0
215.96,14.59709788731395,-1.3855526497223222e-14,-9.491973407443386e-16,0.0
215.98,14.597047688152143,-1.3855478848312327e-14,-9.491973407443386e-16,0.0
216.0,14.597063562986072,-1.3855493916662477e-14,-9.491973407443386e-16,0.0
216.02,14.595961989596205,-1.3854448306130181e-14,-9.491973407443386e-16,0.0
216.04,14.595497242741823,-1.3854007169651882e-14,-9.491973407443386e-16,0.0
216.06,14.595548184620146,-1.3854055523547319e-14,-9.491973407443386e-16,0.0
216.08,14.594608685527243,-1.3853163753506703e-14,-9.491973407443386e-16,0.0
216.1,14.594405488763815,-1.3852970879679209e-14,-9.491973407443386e-16,0.0
216.12,14.593999687111449,-1.3852585693829914e-14,-9.491973407443386e-16,0.0
216.14,14.594345424215257,-1.3852913866569446e-14,-9.491973407443386e-16,0.0
216.16,14.595075168344477,-1.3853606537756325e-14,-9.491973407443386e-16,0.0
216.18,14.595039471511015,-1.3853572654416928e-14,-9.491973407443386e-16,0.0
216.2,14.594671031723847,-1.3853222932350723e-14,-9.491973407443386e-16,0.0
216.22,14.594837136375054,-1.3853380598443935e-14,-9.491973407443386e-16,0.0
216.24,14.594749757725369,-1.3853297658862016e-14,-9.491973407443386e-16,0.0
216.26,14.594074617723319,-1.385265681776744e-14,-9.491973407443386e-16,0.0
216.28,14.594069302156331,-1.3852651772245391e-14,-9.491973407443386e-16,0.0
216.3,14.594510351748003,-1.3853070415344943e-14,-9.491973407443386e-16,0.0
216.32,14.594794874433756,-1.3853340483521643e-14,-9.491973407443386e-16,0.0
216.34,14.594888905233656,-1.3853429737306856e-14,-9.491973407443386e-16,0.0
216.36,14.59455382018576,-1.385311167547047e-14,-9.491973407443386e-16,0.0
216.38,14.594550193059137,-1.3853108232611524e-14,-9.491973407443386e-16,0.0
216.4,14.594874658425702,-1.3853416214274631e-14,-9.491973407443386e-16,0.0
216.42,14.595236146984425,-1.385375933825328e-14,-9.491973407443386e-16,0.0
216.44,14.595380141375456,-1.3853896017346328e-14,-9.491973407443386e-16,0.0
216.46,14.59529835553234,-1.3853818386441532e-14,-9.491973407443386e-16,0.0
216.48,14.59511624754106,-1.3853645530020481e-14,-9.491973407443386e-16,0.0
216.5,14.595473860341203,-1.3853984975139392e-14,-9.491973407443386e-16,0.0
216.52,14.594972396275853,-1.3853508986782083e-14,-9.491973407443386e-16,0.0
216.54,14.596033911633112,-1.3854516574336354e-14,-9.491973407443386e-16,0.0
216.56,14.59582509166883,-1.3854318362981562e-14,-9.491973407443386e-16,0.0
216.58,14.595587149635405,-1.3854092509036183e-14,-9.491973407443386e-16,0.0
216.6,14.596131735350125,-1.3854609428348404e-14,-9.491973407443386e-16,0.0
216.62,14.596333701262914,-1.3854801133855743e-14,-9.491973407443386e-16,0.0
216.64,14.597154974338846,-1.3855580684075442e-14,-9.491973407443386e-16,0.0
216.66,14.597302586171772,-1.3855720796834717e-14,-9.491973407443386e-16,0.0
216.68,14.597870610642124,-1.3856259964151453e-14,-9.491973407443386e-16,0.0
216.7,14.59738721626764,-1.3855801127496661e-14,-9.491973407443386e-16,0.0
216.72,14.59752992631705,-1.3855936587496059e-14,-9.491973407443386e-16,0.0
216.74,14.59816425874743,-1.3856538694152124e-14,-9.491973407443386e-16,0.0
216.76,14.598229471204013,-1.3856600593642496e-14,-9.491973407443386e-16,0.0
216.78,14.59797636800156,-1.3856360348755795e-14,-9.491973407443386e-16,0.0
216.8,14.597876336420656,-1.3856265399045209e-14,-9.491973407443386e-16,0.0
216.82,14.597754401237555,-1.3856149658493666e-14,-9.491973407443386e-16,0.0
216.84,14.597714570315897,-1.385611185108875e-14,-9.491973407443386e-16,0.0
216.86,14.598427106525655,-1.3856788188564235e-14,-9.491973407443386e-16,0.0
216.88,14.59804608540334,-1.3856426524328166e-14,-9.491973407443386e-16,0.0
216.9,14.598359992203743,-1.385672448382835e-14,-9.491973407443386e-16,0.0
216.92,14.598409859741565,-1.385677181796264e-14,-9.491973407443386e-16,0.0
216.94,14.598305522004061,-1.3856672780859663e-14,-9.491973407443386e-16,0.0
216.96,14.598144484358544,-1.3856519924354778e-14,-9.491973407443386e-16,0.0
216.98,14.597873348424969,-1.3856262562847649e-14,-9.491973407443386e-16,0.0
217.0,14.597460829320925,-1.3855871000811084e-14,-9.491973407443386e-16,0.0
217.02,14.597067349498012,-1.3855497510809539e-14,-9.491973407443386e-16,0.0
217.04,14.595885106408966,-1.3854375328813303e-14,-9.491973407443386e-16,0.0
217.06,14.595093431655068,-1.3853623873242168e-14,-9.491973407443386e-16,0.0
217.08,14.59483364285395,-1.385337728240299e-14,-9.491973407443386e-16,0.0
217.1,14.595507857556271,-1.3854017245205524e-14,-9.491973407443386e-16,0.0
217.12,14.595650048114177,-1.3854152212104967e-14,-9.491973407443386e-16,0.0
217.14,14.59487905626271,-1.385342038868982e-14,-9.491973407443386e-16,0.0
217.16,14.595435923781407,-1.3853948965857715e-14,-9.491973407443386e-16,0.0
217.18,14.595749688318026,-1.3854246790321494e-14,-9.491973407443386e-16,0.0
217.2,14.595955797010289,-1.3854442428144093e-14,-9.491973407443386e-16,0.0
217.22,14.59646657655128,-1.385492725872611e-14,-9.491973407443386e-16,0.0
217.24,14.596561927274854,-1.3855017765379362e-14,-9.491973407443386e-16,0.0
217.26,14.596251686029607,-1.3854723285214384e-14,-9.491973407443386e-16,0.0
217.28,14.596711549205118,-1.3855159786117685e-14,-9.491973407443386e-16,0.0
217.3,14.597287930269589,-1.3855706885491335e-14,-9.491973407443386e-16,0.0
217.32,14.597794538910321,-1.3856187757065918e-14,-9.491973407443386e-16,0.0
217.34,14.597522159701745,-1.3855929215445464e-14,-9.491973407443386e-16,0.0
217.36,14.59692578176295,-1.3855363135091882e-14,-9.491973407443386e-16,0.0
217.38,14.595940212370085,-1.3854427635245054e-14,-9.491973407443386e-16,0.0
217.4,14.59592255207035,-1.385441087213551e-14,-9.491973407443386e-16,0.0
217.42,14.59627244283842,-1.3854742987522112e-14,-9.491973407443386e-16,0.0
217.44,14.596477016090681,-1.3854937167909146e-14,-9.491973407443386e-16,0.0
217.46,14.596420602287763,-1.3854883620077435e-14,-9.491973407443386e-16,0.0
217.48,14.596141404053888,-1.38546186058563e-14,-9.491973407443386e-16,0.0
217.5,14.59611070437772,-1.385458946580532e-14,-9.491973407443386e-16,0.0
217.52,14.59581213398716,-1.3854306063584575e-14,-9.491973407443386e-16,0.0
217.54,14.595627695871004,-1.3854130995415188e-14,-9.491973407443386e-16,0.0
217.56,14.595460473673306,-1.385397226854982e-14,-9.491973407443386e-16,0.0
217.58,14.595541486981912,-1.3854049166166913e-14,-9.491973407443386e-16,0.0
217.6,14.595327270797565,-1.3853845832734385e-14,-9.491973407443386e-16,0.0
217.62,14.594702161019256,-1.3853252480195142e-14,-9.491973407443386e-16,0.0
217.64,14.595348535685332,-1.3853866017309306e-14,-9.491973407443386e-16,0.0
217.66,14.596212298847245,-1.3854685899005626e-14,-9.491973407443386e-16,0.0
217.68,14.596050638409716,-1.385453245134822e-14,-9.491973407443386e-16,0.0
217.7,14.59624155314702,-1.3854713667109179e-14,-9.491973407443386e-16,0.0
217.72,14.596621465294882,-1.3855074278709647e-14,-9.491973407443386e-16,0.0
217.74,14.59606720052249,-1.3854548172061625e-14,-9.491973407443386e-16,0.0
217.76,14.596155441647259,-1.3854631930302599e-14,-9.491973407443386e-16,0.0
217.78,14.595253975119174,-1.3853776260671372e-14,-9.491973407443386e-16,0.0
217.8,14.594976834092432,-1.3853513199145776e-14,-9.491973407443386e-16,0.0
217.82,14.595275166374252,-1.385379637535434e-14,-9.491973407443386e-16,0.0
217.84,14.595589938822384,-1.3854095156525047e-14,-9.491973407443386e-16,0.0
217.86,14.595633099740365,-1.385413612475362e-14,-9.491973407443386e-16,0.0
217.88,14.59591790397652,-1.385440646017721e-14,-9.491973407443386e-16,0.0
217.9,14.59599451574952,-1.385447917986841e-14,-9.491973407443386e-16,0.0
217.92,14.595250923220384,-1.3853773363817157e-14,-9.491973407443386e-16,0.0
217.94,14.595269465806682,-1.3853790964390763e-14,-9.491973407443386e-16,0.0
217.96,14.595701933160818,-1.3854201461253268e-14,-9.491973407443386e-16,0.0
217.98,14.596022622640742,-1.3854505858854816e-14,-9.491973407443386e-16,0.0
218.0,14.595635335228868,-1.3854138246673363e-14,-9.491973407443386e-16,0.0
218.02,14.59602555089239,-1.3854508638343494e-14,-9.491973407443386e-16,0.0
218.04,14.59557146356248,-1.3854077619857478e-14,-9.491973407443386e-16,0.0
218.06,14.596095530389382,-1.3854575062695945e-14,-9.491973407443386e-16,0.0
218.08,14.595842197308853,-1.3854334599609584e-14,-9.491973407443386e-16,0.0
218.1,14.595469527982914,-1.3853980862876427e-14,-9.491973407443386e-16,0.0
218.12,14.595864918370998,-1.3854356166381352e-14,-9.491973407443386e-16,0.0
218.14,14.596147324244614,-1.3854624225285598e-14,-9.491973407443386e-16,0.0
218.16,14.595824873133214,-1.3854318155548139e-14,-9.491973407443386e-16,0.0
218.18,14.595112316911893,-1.385364179907773e-14,-9.491973407443386e-16,0.0
218.2,14.595201709991766,-1.3853726650751427e-14,-9.491973407443386e-16,0.0
218.22,14.59518993162556,-1.3853715470757545e-14,-9.491973407443386e-16,0.0
218.24,14.595574838820161,-1.3854080823643093e-14,-9.491973407443386e-16,0.0
218.26,14.595144545623272,-1.3853672390484868e-14,-9.491973407443386e-16,0.0
218.28,14.59494256055913,-1.3853480666799114e-14,-9.491973407443386e-16,0.0
218.3,14.595634016723915,-1.385413699515197e-14,-9.491973407443386e-16,0.0
218.32,14.59584493764968,-1.3854337200733815e-14,-9.491973407443386e-16,0.0
218.34,14.595442374114693,-1.3853955088496925e-14,-9.491973407443386e-16,0.0
218.36,14.59517502752736,-1.3853701323827171e-14,-9.491973407443386e-16,0.0
218.38,14.595040257365623,-1.385357340034804e-14,-9.491973407443386e-16,0.0
218.4,14.594410850842255,-1.3852975969349813e-14,-9.491973407443386e-16,0.0
218.42,14.594446905780837,-1.3853010192601635e-14,-9.491973407443386e-16,0.0
218.44,14.593430386562188,-1.3852045315262478e-14,-9.491973407443386e-16,0.0
218.46,14.593236592923626,-1.38518613668561e-14,-9.491973407443386e-16,0.0
218.48,14.593313941615907,-1.3851934786029124e-14,-9.491973407443386e-16,0.0
218.5,14.593021905993412,-1.385165758659285e-14,-9.491973407443386e-16,0.0
218.52,14.592608918521453,-1.3851265579982707e-14,-9.491973407443386e-16,0.0
218.54,14.59304868106176,-1.3851683001416523e-14,-9.491973407443386e-16,0.0
218.56,14.592976522003063,-1.3851614508229897e-14,-9.491973407443386e-16,0.0
218.58,14.593080293043936,-1.385171300742594e-14,-9.491973407443386e-16,0.0
218.6,14.5924379025524,-1.3851103252079654e-14,-9.491973407443386e-16,0.0
218.62,14.592507563806477,-1.3851169374356776e-14,-9.491973407443386e-16,0.0
218.64,14.591557244704084,-1.3850267333991928e-14,-9.491973407443386e-16,0.0
218.66,14.591738934093385,-1.3850439793077093e-14,-9.491973407443386e-16,0.0
218.68,14.591756039645125,-1.3850456029621316e-14,-9.491973407443386e-16,0.0
218.7,14.591855947826836,-1.3850550862201715e-14,-9.491973407443386e-16,0.0
218.72,14.592236387296024,-1.3850911974334182e-14,-9.491973407443386e-16,0.0
218.74,14.592092075805459,-1.3850774994251099e-14,-9.491973407443386e-16,0.0
218.76,14.591880031043202,-1.3850573721926644e-14,-9.491973407443386e-16,0.0
218.78,14.592154580647586,-1.3850834323681027e-14,-9.491973407443386e-16,0.0
218.8,14.591451804145974,-1.385016725009456e-14,-9.491973407443386e-16,0.0
218.82,14.591138984070165,-1.3849870322110471e-14,-9.491973407443386e-16,0.0
218.84,14.59139097417396,-1.3850109510446888e-14,-9.491973407443386e-16,0.0
218.86,14.591089956458921,-1.3849823785232256e-14,-9.491973407443386e-16,0.0
218.88,14.591386146756443,-1.3850104928275019e-14,-9.491973407443386e-16,0.0
218.9,14.591190820813416,-1.384991952540932e-14,-9.491973407443386e-16,0.0
218.92,14.591660804663112,-1.3850365632829644e-14,-9.491973407443386e-16,0.0
218.94,14.591795640381308,-1.3850493618534792e-14,-9.491973407443386e-16,0.0
218.96,14.59240018720765,-1.3851067452774712e-14,-9.491973407443386e-16,0.0
218.98,14.59204536447807,-1.3850730655983359e-14,-9.491973407443386e-16,0.0
219.0,14.591905823404293,-1.3850598203967205e-14,-9.491973407443386e-16,0.0
219.02,14.591675684381093,-1.3850379756618382e-14,-9.491973407443386e-16,0.0
219.04,14.5912076357674,-1.3849935486118927e-14,-9.491973407443386e-16,0.0
219.06,14.59129486314547,-1.3850018282114231e-14,-9.491973407443386e-16,0.0
219.08,14.59074999508837,-1.3849501094803376e-14,-9.491973407443386e-16,0.0
219.1,14.590863906867785,-1.3849609219561477e-14,-9.491973407443386e-16,0.0
219.12,14.591207774355457,-1.3849935617666344e-14,-9.491973407443386e-16,0.0
219.14,14.591327142896752,-1.385004892196831e-14,-9.491973407443386e-16,0.0
219.16,14.591240430079303,-1.3849966614392578e-14,-9.491973407443386e-16,0.0
219.18,14.591738551056265,-1.385043942949928e-14,-9.491973407443386e-16,0.0
219.2,14.591685458911407,-1.3850389034576567e-14,-9.491973407443386e-16,0.0
219.22,14.591948066201079,-1.3850638300717585e-14,-9.491973407443386e-16,0.0
219.24,14.592108609501592,-1.3850790687991507e-14,-9.491973407443386e-16,0.0
219.26,14.592828957770992,-1.3851474440653232e-14,-9.491973407443386e-16,0.0
219.28,14.592906239421543,-1.3851547796190425e-14,-9.491973407443386e-16,0.0
219.3,14.5926959119804,-1.3851348153942606e-14,-9.491973407443386e-16,0.0
219.32,14.592862541639974,-1.3851506318372363e-14,-9.491973407443386e-16,0.0
219.34,14.592294776663067,-1.3850967397366115e-14,-9.491973407443386e-16,0.0
219.36,14.592512348853534,-1.3851173916310725e-14,-9.491973407443386e-16,0.0
219.38,14.592777702337921,-1.3851425789132464e-14,-9.491973407443386e-16,0.0
219.4,14.592573661481147,-1.385123211409381e-14,-9.491973407443386e-16,0.0
219.42,14.592693941618158,-1.3851346283680006e-14,-9.491973407443386e-16,0.0
219.44,14.592979890326971,-1.3851617705434e-14,-9.491973407443386e-16,0.0
219.46,14.592904649690917,-1.3851546287222342e-14,-9.491973407443386e-16,0.0
219.48,14.592304075112208,-1.3850976223429312e-14,-9.491973407443386e-16,0.0
219.5,14.592305516211093,-1.385097759131654e-14,-9.491973407443386e-16,0.0
219.52,14.592234410737264,-1.385091009818987e-14,-9.491973407443386e-16,0.0
219.54,14.5928066703098,-1.3851453285454337e-14,-9.491973407443386e-16,0.0
219.56,14.593293008628201,-1.3851914916492866e-14,-9.491973407443386e-16,0.0
219.58,14.59350811019176,-1.3852119090324986e-14,-9.491973407443386e-16,0.0
219.6,14.592928638512882,-1.3851569057348358e-14,-9.491973407443386e-16,0.0
219.62,14.593232532697337,-1.385185751290011e-14,-9.491973407443386e-16,0.0
219.64,14.5928340456407,-1.3851479270045629e-14,-9.491973407443386e-16,0.0
219.66,14.592586978509168,-1.3851244754581394e-14,-9.491973407443386e-16,0.0
219.68,14.592780359770071,-1.3851428311559994e-14,-9.491973407443386e-16,0.0
219.7,14.592832229034427,-1.3851477545727786e-14,-9.491973407443386e-16,0.0
219.72,14.593407257769693,-1.3852023361474153e-14,-9.491973407443386e-16,0.0
219.74,14.593474570735324,-1.3852087254762128e-14,-9.491973407443386e-16,0.0
219.76,14.592977016758542,-1.385161497785049e-14,-9.491973407443386e-16,0.0
219.78,14.593243084531837,-1.3851867528673359e-14,-9.491973407443386e-16,0.0
219.8,14.59314938198398,-1.3851778586464113e-14,-9.491973407443386e-16,0.0
219.82,14.593089699263734,-1.3851721935784766e-14,-9.491973407443386e-16,0.0
219.84,14.592619391415163,-1.3851275520825571e-14,-9.491973407443386e-16,0.0
219.86,14.592925092983924,-1.38515656919417e-14,-9.491973407443386e-16,0.0
219.88,14.592826611496255,-1.3851472213575492e-14,-9.491973407443386e-16,0.0
219.9,14.592499026751817,-1.3851161271007203e-14,-9.491973407443386e-16,0.0
219.92,14.59287144859363,-1.3851514772829088e-14,-9.491973407443386e-16,0.0
219.94,14.59313442553244,-1.3851764389840084e-14,-9.491973407443386e-16,0.0
219.96,14.593279438342499,-1.3851902035613765e-14,-9.491973407443386e-16,0.0
219.98,14.593961536441322,-1.3852549481315294e-14,-9.491973407443386e-16,0.0
220.0,14.594461339949286,-1.3853023893475947e-14,-9.491973407443386e-16,0.0
220.02,14.594728464203872,-1.3853277447108048e-14,-9.491973407443386e-16,0.0
220.04,14.594159413838709,-1.3852737306014684e-14,-9.491973407443386e-16,0.0
220.06,14.593939704830332,-1.3852528758808195e-14,-9.491973407443386e-16,0.0
220.08,14.593297036416757,-1.385191873965905e-14,-9.491973407443386e-16,0.0
220.1,14.593254079217107,-1.3851877964799378e-14,-9.491973407443386e-16,0.0
220.12,14.592983015822318,-1.385162067214587e-14,-9.491973407443386e-16,0.0
220.14,14.592866021415803,-1.3851509621366323e-14,-9.491973407443386e-16,0.0
220.16,14.59264466513711,-1.385129951057523e-14,-9.491973407443386e-16,0.0
220.18,14.592192632488139,-1.3850870442386896e-14,-9.491973407443386e-16,0.0
220.2,14.592241708885982,-1.3850917025573221e-14,-9.491973407443386e-16,0.0
220.22,14.591860823534338,-1.3850555490210312e-14,-9.491973407443386e-16,0.0
220.24,14.592580464655558,-1.3851238571648865e-14,-9.491973407443386e-16,0.0
220.26,14.592422797511343,-1.3851088914414852e-14,-9.491973407443386e-16,0.0
220.28,14.592808529410958,-1.3851455050108207e-14,-9.491973407443386e-16,0.0
220.3,14.59281187150735,-1.3851458222417215e-14,-9.491973407443386e-16,0.0
220.32,14.593002181715981,-1.3851638864361166e-14,-9.491973407443386e-16,0.0
220.34,14.593306201434874,-1.3851927439069872e-14,-9.491973407443386e-16,0.0
220.36,14.593149770606162,-1.3851778955343249e-14,-9.491973407443386e-16,0.0
220.38,14.592968289922219,-1.3851606694360653e-14,-9.491973407443386e-16,0.0
220.4,14.592455052963954,-1.3851119531204696e-14,-9.491973407443386e-16,0.0
220.42,14.591872534028315,-1.3850566605780054e-14,-9.491973407443386e-16,0.0
220.44,14.592477807136088,-1.3851141129404377e-14,-9.491973407443386e-16,0.0
220.46,14.592069401031388,-1.3850753471415851e-14,-9.491973407443386e-16,0.0
220.48,14.592035175677138,-1.385072098480061e-14,-9.491973407443386e-16,0.0
220.5,14.591618867164375,-1.3850325825867366e-14,-9.491973407443386e-16,0.0
220.52,14.591079335416886,-1.3849813703767402e-14,-9.491973407443386e-16,0.0
220.54,14.590561378376856,-1.3849322060322387e-14,-9.491973407443386e-16,0.0
220.56,14.590472238637116,-1.384923744911847e-14,-9.491973407443386e-16,0.0
220.58,14.59013926197289,-1.3848921388554257e-14,-9.491973407443386e-16,0.0
220.6,14.589896620756878,-1.3848691074157263e-14,-9.491973407443386e-16,0.0
220.62,14.589578895058132,-1.3848389489768927e-14,-9.491973407443386e-16,0.0
220.64,14.589554005577313,-1.3848365864739921e-14,-9.491973407443386e-16,0.0
220.66,14.589153584633623,-1.3847985786244993e-14,-9.491973407443386e-16,0.0
220.68,14.588514292246503,-1.384737897161118e-14,-9.491973407443386e-16,0.0
220.7,14.588050027003103,-1.3846938292276745e-14,-9.491973407443386e-16,0.0
220.72,14.588242864721956,-1.3847121333326675e-14,-9.491973407443386e-16,0.0
220.74,14.587748435663476,-1.384665202257918e-14,-9.491973407443386e-16,0.0
220.76,14.587157254793667,-1.3846090875269656e-14,-9.491973407443386e-16,0.0
220.78,14.587449157434472,-1.3846367948480065e-14,-9.491973407443386e-16,0.0
