time,x,y,yaw
25.62,0.0,0.0,-6.169782714838201e-16
25.64,-0.029656047671505075,0.02258429082127441,-0.13594082429341517
25.66,-0.05916510027001624,0.04516858164254882,-0.2718816485868297
25.68,-0.08916117479884995,0.06775287246382324,-0.40782247288024426
25.7,-0.11795947073530624,0.08960523047266017,-0.5395526391333628
25.72,-0.11834072319150418,0.08911487019414313,-0.5427497695666751
25.74,-0.11833836169537079,0.08862450991562609,-0.5459468999999874
25.76,-0.11839705320342254,0.08813414963710904,-0.5491440304332995
25.78,-0.11360710510924413,0.08959703759923227,-0.5599204104449221
25.8,-0.03409968816489373,0.11989537875491044,-0.6825878916030126
25.82,0.04489860321568139,0.15019371991058858,-0.8052553727611028
25.84,0.12374822550454766,0.18049206106626675,-0.9279228539191932
25.86,0.19536016119998117,0.20790139256312895,-1.0389185058410881
25.88,0.1950741374398035,0.2078404399109929,-1.0389320207948833
25.9,0.19518574038091938,0.20777948725885684,-1.0389455357486785
25.92,0.1953345845011843,0.2077185346067208,-1.038959050702474
25.94,0.19553408448626902,0.1981391061739213,-1.036540221195849
25.96,0.1987819086002162,0.12305914087867166,-1.0173834315721657
25.98,0.20169454405047382,0.04797917558342199,-0.9982266419484824
26.0,0.20523170034795477,-0.027100789711827677,-0.979069852324799
26.02,0.20834009028142408,-0.09028455258336611,-0.9630853851244907
26.04,0.20775901093873572,-0.09035743644295895,-0.9639304950881897
26.06,0.2077244110869379,-0.0904303203025518,-0.9647756050518886
26.08,0.20788385393519604,-0.09050320416214465,-0.9656207150155878
26.1,0.21708765874719224,-0.07556686350047517,-0.9423758070113887
26.12,0.2645302454007692,0.003222823361693339,-0.8166453738488877
26.14,0.31140088067878535,0.08201251022386187,-0.6909149406863867
26.16,0.35842372312939047,0.16080219708603039,-0.5651845075238857
26.18,0.394785743186623,0.22209628487227517,-0.4672988538206389
26.2,0.39494842783363243,0.22209168944928498,-0.4669719237539375
26.22,0.39525610898735875,0.2220870940262948,-0.466644993687236
26.24,0.3959231334603333,0.22208249860330465,-0.4663180636205346
26.26,0.39518944105593135,0.2220958506795926,-0.4661208983843619
26.28,0.3930074486563401,0.22216198105904614,-0.46630533325078594
26.3,0.3908701335654903,0.2222281114384997,-0.46648976811720994
26.32,0.38862495780967266,0.2222942418179532,-0.46667420298363393
26.34,0.3871596710137617,0.22233467810911317,-0.4667860318003897
26.36,0.38752807952092067,0.22231080597700834,-0.46671613863813266
26.38,0.38776631686983165,0.2222869338449035,-0.46664624547587563
26.4,0.38794695549523706,0.2222630617127987,-0.4665763523136186
26.42,0.3665577971211582,0.19544822021827757,-0.5127998051681287
26.44,0.2976176023152627,0.11096409980132357,-0.6586726528459121
26.46,0.22844032591971516,0.026479979384369582,-0.8045455005236957
26.48,0.16006385769904727,-0.05800414103258444,-0.9504183482014792
26.5,0.11509336126717558,-0.11320043970057936,-1.0456746636481478
26.52,0.11590190241501418,-0.11374661876474658,-1.0464821817731194
26.54,0.11635660377025077,-0.1142927978289138,-1.0472896998980905
26.56,0.1166608085784415,-0.114838976893081,-1.0480972180230619
26.58,0.08664243316367708,-0.08873754687706745,-0.8896574998425638
26.6,0.007198750243000397,-0.01927681277011814,-0.47210075079322666
26.62,-0.0720708541988016,0.05018392133683116,-0.05454400174388951
26.64,-0.151473509508652,0.11964465544378047,0.3630127473054477
26.66,-0.198135943463159,0.16032454810967472,0.6081555040315841
26.68,-0.19901482106048451,0.159990322548424,0.6075998200210077
26.7,-0.19949611083746108,0.15965609698717328,0.6070441360104312
26.72,-0.20043464808103945,0.15932187142592255,0.6064884519998546
26.74,-0.16500523749331916,0.18840544045090749,0.546522645377722
26.76,-0.08380279913272783,0.2543151314533508,0.4121853757427711
26.78,-0.002592450030518573,0.3202248224557941,0.27784810610782
26.8,0.07885197683695153,0.38613451345823735,0.14351083647286905
26.82,0.12206430454645639,0.4209085194083874,0.07315276189674233
26.84,0.12243310594131902,0.4213800484077629,0.07328116803072271
26.86,0.1224989897111208,0.42185157740713836,0.07340957416470309
26.88,0.1224528257614508,0.4223231064065138,0.07353798029868347
26.9,0.15376846294876026,0.38080439755796536,-0.008584881413486775
26.92,0.21496132056714665,0.2985403537464072,-0.17052047178085653
26.94,0.2766710157968617,0.216276309934849,-0.3324560621482264
26.96,0.3386269778737112,0.13401226612329084,-0.49439165251559614
26.98,0.3675428399420623,0.09629393633638837,-0.5705566487411603
27.0,0.3680938157878791,0.09663766838201618,-0.5734350060808525
27.02,0.36835297319614296,0.09698140042764397,-0.5763133634205446
27.04,0.3690978224236626,0.09732513247327178,-0.5791917207602367
27.06,0.3627743183523812,0.05823214014275918,-0.5815412043071535
27.08,0.3507562905456585,-0.010494573139911171,-0.5834932791280177
27.1,0.3389461698743421,-0.07922128642258153,-0.5854453539488819
27.12,0.327095553165441,-0.14794799970525185,-0.587397428769746
27.14,0.32312137398633245,-0.17511733996770643,-0.5902587157493079
27.16,0.32377618623673693,-0.17489022041858812,-0.5937193956297115
27.18,0.3246948060890197,-0.1746631008694698,-0.5971800755101153
27.2,0.32502122048996496,-0.17443598132035149,-0.6006407553905191
27.22,0.2540405497628786,-0.1554497125294306,-0.5216424683449769
27.24,0.14257606275356058,-0.12565288273313724,-0.3951245586927502
27.26,0.03107833294551724,-0.09585605293684388,-0.2686066490405235
27.28,-0.08039339599977426,-0.06605922314055052,-0.1420887393882969
27.3,-0.11792666601468417,-0.055943668581509946,-0.10193974772268813
27.32,-0.1185644069340789,-0.05569278250219131,-0.10508067160470652
27.34,-0.119469967273396,-0.05544189642287268,-0.1082215954867249
27.36,-0.1203464763565,-0.05519101034355405,-0.11136251936874329
27.38,-0.13501669760506618,-0.09128743932814436,0.08502989574413207
27.4,-0.1553011735576312,-0.14312166265567475,0.36781699085305103
27.42,-0.17579348433731537,-0.19495588598320518,0.65060408596197
27.44,-0.19651348951198508,-0.24679010931073553,0.9333911810708888
27.46,-0.20187865434052885,-0.261028563374564,1.0126323396535013
27.48,-0.2021688429447803,-0.2613310160112119,1.016423081407801
27.5,-0.20228525348366683,-0.26163346864785986,1.020213823162101
27.52,-0.2022892958272231,-0.26193592128450777,1.0240045649164007
27.54,-0.10963132499651454,-0.2624268656519991,0.6580510416872306
27.56,0.011978525783442944,-0.26297691506543325,0.17615740972659494
27.58,0.13347004995537032,-0.2635269644788675,-0.30573622223404073
27.6,0.25469303015138844,-0.2640770138923016,-0.7876298541946767
27.62,0.2806029909862653,-0.2641083026182521,-0.8870236802855719
27.64,0.28161003191947875,-0.26400418150321314,-0.8865752493571353
27.66,0.2828307192692556,-0.2639000603881742,-0.8861268184286989
27.68,0.2843584638313705,-0.26379593927313527,-0.8856783875002624
27.7,0.2554729348455664,-0.21133455016803196,-0.7558799295168668
27.72,0.22039665646197637,-0.1477459507553751,-0.5985914016810601
27.74,0.18528229052053155,-0.0841573513427182,-0.44130287384525324
27.76,0.15030512439598046,-0.02056875193006135,-0.2840143460094466
27.78,0.14462863067069892,-0.010874353198603937,-0.2667940986001147
27.8,0.14412507663515012,-0.01021350282444143,-0.27305158290519166
27.82,0.14375561560085667,-0.00955265245027892,-0.2793090672102685
27.84,0.1436963611571017,-0.008891802076116409,-0.28556655151534543
27.86,0.049869345188334566,-0.02880886821810283,-0.20733594114045215
27.88,-0.056077671187831364,-0.05131701817050189,-0.11846694888048886
27.9,-0.16232340877050921,-0.07382516812290094,-0.029597956620525587
27.92,-0.2685003342252757,-0.09633331807530002,0.05927103563943771
27.94,-0.2777679939509238,-0.09821262894461129,0.055466268746960534
27.96,-0.2790718984514668,-0.09829535214841939,0.04359044502290503
27.98,-0.2803470043942153,-0.09837807535222749,0.031714621298849534
28.0,-0.2813559239610234,-0.0984607985560356,0.019838797574794044
28.02,-0.28091268198522756,-0.10139376064245782,0.01954560255627836
28.04,-0.2808444835166164,-0.10447167077461984,0.01984143865569403
28.06,-0.27996684680634126,-0.10754958090678186,0.020137274755109704
28.08,-0.279409146515743,-0.1106274910389439,0.020433110854525375
28.1,-0.28067824159624366,-0.11086560864674487,0.021314318645917988
28.12,-0.28182501962156664,-0.11105557427212287,0.022205452094618734
28.14,-0.28267284711109497,-0.11124553989750086,0.023096585543319472
28.16,-0.28278533747761475,-0.112368453708995,0.024186535061176632
28.18,-0.24012635608418703,-0.1745616514873469,0.0382908769978702
28.2,-0.19737029076704934,-0.2367548492656988,0.052395218934563746
28.22,-0.15455094529994967,-0.2989480470440507,0.06649956087125733
28.24,-0.11365315762739177,-0.35827049057452626,0.07995198408568364
28.26,-0.11353954975843078,-0.3590794736091622,0.08011660308276826
28.28,-0.11284626700290695,-0.35988845664379815,0.08028122207985287
28.3,-0.11241596253825024,-0.36069743967843404,0.08044584107693749
28.32,-0.11375085271562116,-0.35741751041442954,0.09330966184180582
28.34,-0.13383967705309105,-0.30612993727104915,0.2552739551755803
28.36,-0.15358834601021926,-0.25484236412766864,0.41723824850935476
28.38,-0.1732958063600786,-0.20355479098428822,0.5792025418431292
28.4,-0.19145145521751197,-0.15789916383192787,0.7229589001528125
28.42,-0.19135482372733006,-0.15771474637828764,0.7197080192273837
28.44,-0.1917471692761051,-0.15753032892464738,0.7164571383019549
28.46,-0.19194009833586684,-0.15734591147100715,0.7132062573765259
28.48,-0.20610240764471432,-0.1527087180705361,0.7154416755892354
28.5,-0.30218666833616215,-0.12115073026372065,0.7508464095081723
28.52,-0.3982681777331401,-0.08959274245690521,0.7862511434271092
28.54,-0.4942884018577851,-0.058034754650089775,0.821655877346046
28.56,-0.5742980292269103,-0.03195173094794217,0.8509559964313336
28.58,-0.5744812235770766,-0.03192286898041898,0.851205583099818
28.6,-0.5746347602426949,-0.03189400701289579,0.8514551697683024
28.62,-0.5749504386673876,-0.031865145045372606,0.8517047564367868
28.64,-0.5628911005792947,-0.04349245873341138,0.8043607727529192
28.66,-0.5057425680399894,-0.1002210936708922,0.5728626574482667
28.68,-0.44796284998995517,-0.156949728608373,0.3413645421436143
28.7,-0.39057581294215393,-0.21367836354585382,0.10986642683896185
28.72,-0.3469319177770631,-0.2569563389870171,-0.06710217676002356
28.74,-0.34742931572368296,-0.25695226088599715,-0.06860360375551716
28.76,-0.34738945649870245,-0.25694818278497716,-0.07010503075101077
28.78,-0.3477509700223485,-0.2569441046839572,-0.07160645774650438
28.8,-0.3274422860489427,-0.2587193635524617,-0.04396181002121775
28.82,-0.25175182553463554,-0.26533463432899257,0.06296368845742258
28.84,-0.17630164427392273,-0.27194990510552336,0.16988918693606292
28.86,-0.10074009758347197,-0.2785651758820542,0.2768146854147033
28.88,-0.04821547698179713,-0.28319859381916107,0.35190335212676843
28.9,-0.048116010173226254,-0.28321930961308917,0.35289276222380345
28.92,-0.04743196952458046,-0.28324002540701737,0.3538821723208385
28.94,-0.04685946271615736,-0.2832607412009455,0.35487158241787353
28.96,-0.03572124573311131,-0.2759853112400511,0.3638812216227697
28.98,-0.0013116351607572263,-0.25404614648182655,0.38900985249854475
29.0,0.03305104910644764,-0.23210698172360206,0.41413848337431974
29.02,0.06743361672565068,-0.21016781696537756,0.4392671142500948
29.04,0.08933366020778583,-0.19637570551654754,0.4561758040248853
29.06,0.08931497075234121,-0.19682045594022402,0.45872026152935147
29.08,0.0898032969135316,-0.1972652063639005,0.46126471903381766
29.1,0.08962733753345516,-0.197709956787577,0.4638091765382838
29.12,0.08881870951929738,-0.18066563082253922,0.47249373783347803
29.14,0.08771434796999839,-0.13691136907781923,0.49055568271862326
29.16,0.08572000300737773,-0.09315710733309927,0.5086176276037685
29.18,0.08391960047764621,-0.04940284558837929,0.5266795724889137
29.2,0.08316004136725129,-0.024463554632983876,0.5372769779309166
29.22,0.08326050766473737,-0.02473023786537927,0.5378743153082723
29.24,0.08323653929083169,-0.02499692109777467,0.5384716526856281
29.26,0.08313792007055454,-0.025263604330170067,0.539068990062984
29.28,0.05519319423303005,0.016178810320418957,0.5418339155272118
29.3,-0.004625636962890327,0.10675594612633917,0.5471523327146813
29.32,-0.06470596489055394,0.19733308193225937,0.552470749902151
29.34,-0.1251396631725616,0.2879102177381796,0.5577891670896205
29.36,-0.15612248210764396,0.3340920854451106,0.5592466548458576
29.38,-0.15673482682807086,0.33422351764256725,0.5566992679973697
29.4,-0.15666199372360498,0.3343549498400239,0.5541518811488818
29.42,-0.156340818921214,0.33448638203748055,0.5516044943003939
29.44,-0.13718616919228266,0.3018308310889245,0.4495105300120995
29.46,-0.09962960046630404,0.23922047997428234,0.25646895333910563
29.48,-0.0623824818670756,0.17661012885964017,0.06342737666611171
29.5,-0.024864119238609622,0.11399977774499802,-0.12961420000688217
29.52,-0.008418544592558625,0.08621014330606791,-0.2164194494062501
29.54,-0.008886541493865679,0.0864201460473163,-0.21779915611163222
29.56,-0.009171992625419113,0.08663014878856469,-0.21917886281701435
29.58,-0.009846986363112115,0.0868401515298131,-0.2205585695223965
29.6,0.014245221485862509,0.05377658033794342,-0.16742299235431
29.62,0.056282802631082575,-0.002793235311881663,-0.07577488292863123
29.64,0.09844717719639845,-0.05936305096170676,0.015873226497047536
29.66,0.14036705603500121,-0.11593286661153186,0.10752133592272634
29.68,0.1561596219023875,-0.13777192770680285,0.14631258620284782
29.7,0.15620042128689055,-0.13811861929497618,0.1523945227260077
29.72,0.15560508152845207,-0.13846531088314953,0.1584764592491676
29.74,0.15560935184198085,-0.13881200247132286,0.16455839577232748
29.76,0.12244140262549918,-0.07722582180330423,0.23785173676956864
29.78,0.06999273520477395,0.017789373194607886,0.34742324348794995
29.8,0.018243494112039238,0.11280456819252002,0.4569947502063312
29.82,-0.033739750216990716,0.20781976319043213,0.5665662569247124
29.84,-0.0502426133412731,0.23746938771529827,0.6046971276462525
29.86,-0.05013511522968735,0.23652402283665874,0.6093895156086714
29.88,-0.05030945623364881,0.2355786579580192,0.61408190357109
29.9,-0.0507333578010141,0.23463329307937963,0.6187742915335089
29.92,-0.05896272390107136,0.240181920400406,0.49015684774225216
29.94,-0.07006083256145887,0.24834592621142904,0.30785044718083376
29.96,-0.0822738213116723,0.25650993202245204,0.12554404661941546
29.98,-0.09402804423878018,0.26467393783347504,-0.05676235394200288
30.0,-0.09713943757654034,0.26688946902806443,-0.10670635787673126
30.02,-0.09758315345030047,0.267064780638208,-0.11125244532780992
30.04,-0.0980263795372701,0.26724009224835155,-0.11579853277888859
30.06,-0.09844085799948579,0.26741540385849516,-0.12034462022996727
30.08,-0.0775863470467353,0.20584931999248585,0.08853824004677502
30.1,-0.05090339350836355,0.12649498703696063,0.35891189196851875
30.12,-0.02402278221838483,0.047140654081435404,0.6292855438902623
30.14,0.002398400691497487,-0.03221367887408984,0.8996591958120059
30.16,0.008042611443087724,-0.047915000593638395,0.9543167852036795
30.18,0.008875183715217203,-0.048495929105645895,0.9577323104211187
30.2,0.009325278165360225,-0.0490768576176534,0.9611478356385578
30.22,0.009504410580501273,-0.049657786129660916,0.964563360855997
30.24,0.08432984478297184,-0.0993909322848848,0.9920590595361368
30.26,0.17286952384832832,-0.15850227396138056,1.0241492319907577
30.28,0.26157651882046545,-0.2176136156378763,1.0562394044453787
30.3,0.34989000873808007,-0.2767249573143721,1.0883295768999997
30.32,0.36236247854194414,-0.28472802984638285,1.0924849786885722
30.34,0.36290398689887593,-0.28519483870613166,1.0925212075744517
30.36,0.36322015091857746,-0.2856616475658805,1.0925574364603312
30.38,0.36407057050191854,-0.28612845642562934,1.0925936653462107
30.4,0.43303814663619433,-0.22885436837814746,0.7058386366049652
30.42,0.5090353154084519,-0.16539282717266374,0.27763546769475794
30.44,0.585079871281517,-0.10193128596718,-0.15056770121544932
30.46,0.6611037841901207,-0.03846974476169625,-0.5787708701256568
30.48,0.6665830292222017,-0.03340952410468393,-0.6096904539820195
30.5,0.6668766914872258,-0.03241377116744439,-0.6129608975127493
30.52,0.6665801122774276,-0.03141801823020485,-0.616231341043479
30.54,0.6670909618238247,-0.030422265292965305,-0.6195017845742088
30.56,0.5617237519720194,0.019198186374500076,-0.48952094948450814
30.58,0.45302386371017417,0.07049605718200654,-0.35494330966326654
30.6,0.34409588378638184,0.12179392798951298,-0.2203656698420249
30.62,0.23530254798093253,0.1730917987970194,-0.08578803002078339
30.64,0.23431507272009322,0.17367914768552808,-0.09189768330658109
30.66,0.2338942106351281,0.17418387250573697,-0.0982365623245287
30.68,0.23310795480182328,0.17468859732594588,-0.10457544134247627
30.7,0.23004309747623677,0.1736014713502524,-0.10490033614341775
30.72,0.17102432778229243,0.12120942445255964,0.08860385496865086
30.74,0.11212103553365835,0.06881737755486686,0.2821080460807195
30.76,0.052958622111780505,0.01642533065717408,0.47561223719278817
30.78,-0.002568607865567939,-0.03272911878199361,0.6571711767853723
30.8,-0.0022886646301667774,-0.03274450679472047,0.6574294896973202
30.82,-0.002333278457060539,-0.03275989480744732,0.6576878026092681
30.84,-0.0021499490624843744,-0.032775282820174174,0.657946115521216
30.86,-0.0021416049934042634,-0.032820226531560456,0.657820169771795
30.88,-0.0024054189972400313,-0.03315160351386783,0.6539702563867614
30.9,-0.003194045759955364,-0.03348298049617521,0.6501203430017277
30.92,-0.0034300856733947404,-0.03381435747848258,0.6462704296166939
30.94,-0.00402259638129351,-0.03405918541872038,0.6429045369585009
30.96,-0.0042548710110673245,-0.033699575081387635,0.6429189319088616
30.98,-0.004729839205423505,-0.033339964744054894,0.6429333268592222
31.0,-0.00456741163343332,-0.03298035440672215,0.6429477218095828
31.02,-0.005037358514976909,-0.03310930324772157,0.6427783355532922
31.04,-0.004846526874461053,-0.035862042701888336,0.6416219585162034
31.06,-0.004654721677888999,-0.0386147821560551,0.6404655814791145
31.08,-0.004294475137838941,-0.04136752161022186,0.6393092044420257
31.1,-0.004073292552875059,-0.04359343459897687,0.6383063786719119
31.12,-0.00469797751689203,-0.043554220866834574,0.6379637571638997
31.14,-0.005061646902067645,-0.04351500713469228,0.6376211356558876
31.16,-0.005584545785408986,-0.043475793402549985,0.6372785141478755
31.18,0.017049329370650974,-0.05657555987804849,0.5424196872952188
31.2,0.1207585317872175,-0.11614659029828892,0.11326645888222396
31.22,0.22422770728723787,-0.17571762071852937,-0.31588676953077094
31.24,0.3278373369691357,-0.2352886511387698,-0.7450399979437661
31.26,0.40540694589430193,-0.2799955779866347,-1.0654371375086362
31.28,0.4054046309900653,-0.2806136556899867,-1.0632496845062511
31.3,0.4058704499716208,-0.2812317333933387,-1.061062231503866
31.32,0.4068397239755734,-0.28184981109669066,-1.0588747785014807
31.34,0.41315205329448107,-0.26260300365502054,-1.016161923521886
31.36,0.4354592491766484,-0.19323862781737688,-0.8712066145567933
31.38,0.45779855385696483,-0.1238742519797333,-0.7262513055917005
31.4,0.4797257396539912,-0.0545098761420897,-0.5812959966266077
31.42,0.49515124454874315,-0.007019382459149006,-0.4820991136136103
31.44,0.49527347786744585,-0.006969280098845925,-0.48214376523641256
31.46,0.49530246559210356,-0.0069191777385428435,-0.4821884168592148
31.48,0.49503282050762915,-0.006869075378239761,-0.48223306848201714
31.5,0.4863609213828329,-0.04184879190336341,-0.4824571334017224
31.52,0.4593802021063351,-0.14266323830097782,-0.4830183860749752
31.54,0.4326449037302865,-0.24347768469859224,-0.48357963874822807
31.56,0.40633435731158385,-0.3442921310962066,-0.48414089142148087
31.58,0.3899052062873566,-0.40691607729940027,-0.4844891524659075
31.6,0.3900410249523074,-0.40696824904241546,-0.4844884454661094
31.62,0.3902035369128576,-0.4070204207854306,-0.4844877384663114
31.64,0.3900497920879803,-0.4070725925284458,-0.4844870314665133
31.66,0.37592292424668877,-0.4533158078245058,-0.48330256011043893
31.68,0.3430275103313443,-0.5658271638219152,-0.48041979711847915
31.7,0.30994538664830523,-0.6783385198193245,-0.47753703412651927
31.72,0.27687041933635076,-0.7908498758167338,-0.47465427113455944
31.74,0.25868234954394353,-0.8534298684466884,-0.47349470350984846
31.76,0.2582467245573426,-0.8530908360979895,-0.47450655210618353
31.78,0.25804214518194046,-0.8527518037492906,-0.47551840070251855
31.8,0.25829776729811266,-0.8524127714005917,-0.4765302492988536
31.82,0.2974362978401927,-0.86037553956816,-0.4058521661606401
31.84,0.38012142537706894,-0.8775443352379018,-0.25567572819157147
31.86,0.46276126831604447,-0.8947131309076436,-0.10549929022250278
31.88,0.54464374617355,-0.9118819265773854,0.04467714774656586
31.9,0.5856484646117965,-0.9203359615849519,0.11878498475152152
31.92,0.585613302532364,-0.9202783935342047,0.11859752419104697
31.94,0.5854380995213698,-0.9202208254834573,0.11841006363057244
31.96,0.5856730351737253,-0.92016325743271,0.11822260307009791
31.98,0.593915470440892,-0.8552517455778677,0.17738010823510988
32.0,0.6099421411251796,-0.7345619174558055,0.2875778751473882
32.02,0.6257831890849346,-0.6138720893337434,0.39777564205966653
32.04,0.6419362911136354,-0.49318226121168124,0.5079734089719449
32.06,0.6488686322104011,-0.44123184111086466,0.5555685473553379
32.08,0.64899738437301,-0.44127787322040624,0.5558092688729512
32.1,0.6489231272750511,-0.4413239053299477,0.5560499903905645
32.12,0.6490354458754046,-0.44136993743948927,0.5562907119081778
32.14,0.649271707473696,-0.44151020895457804,0.5568925522019943
32.16,0.6494449976918437,-0.44171303044046656,0.5577340795861051
32.18,0.6491443522592184,-0.44191585192635496,0.5585756069702161
32.2,0.6488633329797465,-0.4421186734122434,0.559417134354327
32.22,0.649129530861156,-0.44221380795013593,0.5597260064566073
32.24,0.6486005307515555,-0.44224644807026475,0.5597257604872339
32.26,0.6485627655158153,-0.4422790881903935,0.5597255145178605
32.28,0.6492022055322313,-0.44231172831052235,0.5597252685484871
32.3,0.5958971737856784,-0.4731762459704962,0.35796775898850797
32.32,0.5144976090685314,-0.5196076540652143,0.0543438219730517
32.34,0.4329108931532239,-0.5660390621599324,-0.24928011504240455
32.36,0.35130067452719294,-0.6124704702546505,-0.5529040520578609
32.38,0.3267646427679583,-0.6264708994911958,-0.644751572717923
32.4,0.32740989540681387,-0.626320662134833,-0.6441943135780404
32.42,0.32756300844702374,-0.6261704247784701,-0.6436370544381577
32.44,0.32743088084037547,-0.6260201874221071,-0.643079795298275
32.46,0.3592885868236627,-0.692827884245458,-0.5510447777665471
32.48,0.4031221512623248,-0.7846606413851395,-0.42482058684702706
32.5,0.44634374775292784,-0.8764933985248208,-0.298596395927507
32.52,0.48974130768563806,-0.9683261556645023,-0.1723722050079869
32.54,0.5003248196952275,-0.9900788231250751,-0.13939460667744516
32.56,0.5000949261689529,-0.9896594707781797,-0.13591847313281544
32.58,0.4995892269064769,-0.9892401184312843,-0.13244233958818571
32.6,0.4990426955674224,-0.9888207660843887,-0.12896620604355602
32.62,0.49891449066146365,-0.9883445946210959,-0.12695404819787032
32.64,0.49812173071609495,-0.9878534446343131,-0.12532782022554456
32.66,0.4973495516857709,-0.9873622946475302,-0.12370159225321878
32.68,0.4970566747894793,-0.9868711446607472,-0.12207536428089301
32.7,0.4972731905339999,-0.9867363845638777,-0.1217898928217346
32.72,0.4974008299768362,-0.9866782201202258,-0.12179257802425
32.74,0.49753869660938094,-0.9866200556765737,-0.12179526322676541
32.76,0.4974996337803315,-0.9865618912329217,-0.12179794842928082
32.78,0.5508134299069167,-0.8897118605103732,-0.008218070345687218
32.8,0.6126949746100501,-0.7764228686738563,0.12465247143587756
32.82,0.6749157149151092,-0.6631338768373395,0.25752301321744236
32.84,0.737016177732596,-0.5498448850008226,0.39039355499900713
32.86,0.7439238220243807,-0.5374082946767614,0.40684321694722847
32.88,0.7432836001719023,-0.5378789612435171,0.40839314243971175
32.9,0.7433716666419073,-0.5383496278102725,0.40994306793219504
32.92,0.7434052018631925,-0.538820294377028,0.4114929934246783
32.94,0.7071065735855396,-0.555974338856515,0.400339105420457
32.96,0.6678464729529381,-0.5746134847356738,0.3880543642218876
32.98,0.628727240816829,-0.5932526306148325,0.3757696230233183
33.0,0.5889630137198864,-0.6118917764939911,0.36348488182474903
33.02,0.5869901213577498,-0.6133115976957668,0.3659458080124674
33.04,0.5870476021183297,-0.6138247506889296,0.36918315418670744
33.06,0.5870217259535786,-0.6143379036820924,0.3724205003609475
33.08,0.5868918229819226,-0.6148510566752553,0.37565784653518747
33.1,0.5214149440756076,-0.6047710238787509,0.34810015055916455
33.12,0.45453640220292146,-0.5944935207589096,0.3199683962166285
33.14,0.38756150903542097,-0.5842160176390683,0.2918366418740925
33.16,0.3217055601878659,-0.5740826519789636,0.26414892697961323
33.18,0.32233234284912676,-0.5745455735104004,0.2691048393877058
33.2,0.32223213360049374,-0.5750084950418372,0.2740607517957984
33.22,0.32210535993990064,-0.5754714165732738,0.27901666420389104
33.24,0.3204129707513569,-0.5810377303337914,0.28839843572977575
33.26,0.28845564255926703,-0.6945568815167253,0.3914010830086471
33.28,0.25633005123814995,-0.8080760326996591,0.4944037302875185
33.3,0.22416715829375655,-0.9215951838825931,0.5974063775663898
33.32,0.19451357904710173,-1.0264235271425426,0.6926404506941726
33.34,0.19509513678944837,-1.0268702091052668,0.6945694268750144
33.36,0.19539540888366413,-1.0273168910679913,0.6964984030558563
33.38,0.19585214979390803,-1.0277635730307157,0.6984273792366983
33.4,0.19544701828431724,-1.037471671530799,0.7018504238162677
33.42,0.1889781012778003,-1.1232135717158942,0.7175393782460704
33.44,0.1829169263817615,-1.2089554719009896,0.7332283326758728
33.46,0.17689181967934414,-1.2946973720860848,0.7489172871056753
33.48,0.171517788944765,-1.3684723944197492,0.7625175845720102
33.5,0.1722861493054774,-1.3689199391362314,0.7633195608187207
33.52,0.17272311126132722,-1.3693674838527132,0.7641215370654311
33.54,0.173312030739069,-1.3698150285691952,0.7649235133121415
33.56,0.1830771883075082,-1.365434665146649,0.6902458542338873
33.58,0.23914574532692112,-1.3378164270880237,0.2522666880123202
33.6,0.295089427491637,-1.3101981890293988,-0.18571247820924686
33.62,0.350669411463341,-1.2825799509707738,-0.6236916444308139
33.64,0.3949341774271363,-1.2605601858286066,-0.9732972805477225
33.66,0.39557606699788295,-1.2604202809068512,-0.9775229327425697
33.68,0.3965958859548167,-1.2602803759850958,-0.981748584937417
33.7,0.397380243143022,-1.2601404710633402,-0.9859742371322643
33.72,0.3866635937427523,-1.2453505514183352,-0.9837778584787872
33.74,0.33990090146839297,-1.1829923628964552,-0.960729289851475
33.76,0.29325460849165497,-1.1206341743745751,-0.9376807212241629
33.78,0.24602836121216545,-1.0582759858526951,-0.9146321525968507
33.8,0.21137916003553409,-1.0126547345034387,-0.8970119289643752
33.82,0.21151362749423025,-1.0129390551253636,-0.8942804080422424
33.84,0.21171376623412144,-1.0132233757472884,-0.8915488871201095
33.86,0.21194583444748957,-1.0135076963692131,-0.8888173661979765
33.88,0.24386160522385628,-1.0298630823367978,-0.842165428380804
33.9,0.3497226948364498,-1.083914409332846,-0.6924947167853236
33.92,0.45543535427020876,-1.1379657363288946,-0.5428240051898433
33.94,0.5612240573896343,-1.192017063324943,-0.3931532935943629
33.96,0.6318856776741293,-1.2283248647563831,-0.2935877912261242
33.98,0.6322699330225627,-1.2287091199647668,-0.29546530778536334
34.0,0.6322311626728458,-1.2290933751731505,-0.2973428243446024
34.02,0.6324611870383219,-1.229477630381534,-0.29922034090384153
34.04,0.6323806036445262,-1.2371820455078253,-0.3617061433257002
34.06,0.6313758116772501,-1.2577686275828048,-0.5308516452229818
34.08,0.6307286017803793,-1.2783552096577842,-0.6999971471202633
34.1,0.6296109469251642,-1.2989417917327635,-0.8691426490175447
34.12,0.628958992704845,-1.3114571716109698,-0.9711088241568029
34.14,0.6291568333957085,-1.3115617245818567,-0.9697755185226243
34.16,0.6291577525794696,-1.311666277552744,-0.968442212888446
34.18,0.6284529218162792,-1.3117708305236309,-0.9671089072542675
34.2,0.5805840262137517,-1.2907035002274758,-0.9801993088188716
34.22,0.468294569159895,-1.2410834486580995,-1.0127417395761027
34.24,0.356476046693409,-1.191463397088723,-1.0452841703333338
34.26,0.24425238265341534,-1.1418433455193466,-1.077826601090565
34.28,0.1839075709734919,-1.1150569794523517,-1.0953040402860175
34.3,0.18416166709813386,-1.1153462902388505,-1.0949177472651008
34.32,0.18478082322967931,-1.1156356010253492,-1.0945314542441844
34.34,0.18460703114215576,-1.115924911811848,-1.094145161223268
34.36,0.21428903744957725,-1.1317183477407782,-0.9955200845096214
34.38,0.27419458453161205,-1.1636989666945585,-0.7943281646388081
34.4,0.3350402383497188,-1.195679585648339,-0.5931362447679948
34.42,0.39521596734991987,-1.2276602046021194,-0.39194432489718145
34.44,0.4240715636241926,-1.2431381303756421,-0.29581061917608564
34.46,0.4240228078672487,-1.2434402774088513,-0.2962878238908674
34.48,0.42443043745714315,-1.2437424244420603,-0.2967650286056491
34.5,0.4245834461346538,-1.2440445714752695,-0.29724223332043076
34.52,0.4619493896986666,-1.2684795672222504,-0.3395280295213098
34.54,0.5286317479461167,-1.3124481417662521,-0.415654481082535
34.56,0.5950883147688864,-1.3564167163102536,-0.4917809326437602
34.58,0.661900237017362,-1.4003852908542551,-0.5679073842049855
34.6,0.6895225274531647,-1.4187052032684244,-0.5994914645257392
34.62,0.6896158289730359,-1.4187836872228243,-0.5993968368383085
34.64,0.689035950283649,-1.4188621711772238,-0.5993022091508776
34.66,0.6885110102164399,-1.4189406551316235,-0.5992075814634468
34.68,0.6175285136283497,-1.3964463547047177,-0.33713157653125786
34.7,0.5025656393935326,-1.3598869001814715,0.0881856297996669
34.72,0.3877318174476167,-1.3233274456582251,0.5135028361305916
34.74,0.27298910098375956,-1.286767991134979,0.9388200424615162
34.76,0.23265942529723432,-1.2740461947636097,1.0879405352286258
34.78,0.23287426697404157,-1.2742832257365762,1.086912657659091
34.8,0.23316462990287282,-1.2745202567095426,1.0858847800895561
34.82,0.2330704173520356,-1.2747572876825088,1.0848569025200212
34.84,0.22908435662674964,-1.2721811050256835,0.837116197075115
34.86,0.2236301740964479,-1.2682782842238691,0.4730321592748632
34.88,0.21785115118362497,-1.264375463422055,0.10894812147461155
34.9,0.21188830294229072,-1.2604726426202408,-0.2551359163256402
34.92,0.21053769511268594,-1.2594085504147088,-0.36160037549414215
34.94,0.21069878886498852,-1.2594968294518067,-0.3634851315016588
34.96,0.21078251702838272,-1.2595851084889051,-0.3653698875091754
34.98,0.21121673978102484,-1.2596733875260033,-0.367254643516692
35.0,0.2928178377916508,-1.3045105397358934,-0.36225632656038625
35.02,0.40321045363645197,-1.3648273240449649,-0.35487700133197553
35.04,0.5132472132472653,-1.4251441083540362,-0.3474976761035647
35.06,0.6230768936495715,-1.4854608926631079,-0.34011835087515396
35.08,0.6477315173075234,-1.4989384534204568,-0.33664358812964396
35.1,0.6472329847695322,-1.4987945286934703,-0.3343043254447783
35.12,0.6471458062422293,-1.4986506039664833,-0.3319650627599126
35.14,0.6473504149194252,-1.4985066792394965,-0.32962580007504694
35.16,0.5935407353102737,-1.4857610177414455,-0.4819606257359246
35.18,0.5262587838131628,-1.4699904310275462,-0.6714234726033484
35.2,0.4586009185209883,-1.4542198443136467,-0.8608863194707722
35.22,0.3908810798672697,-1.4384492575997476,-1.050349166338196
35.24,0.38042883213479095,-1.4359430398663067,-1.0821789356285185
35.26,0.3806216677142652,-1.4359983062930899,-1.083568159127631
35.28,0.3808977245551875,-1.4360535727198736,-1.0849573826267433
35.3,0.38062984966739816,-1.4361088391466568,-1.086346606125856
35.32,0.3140041792040567,-1.41362407441897,-1.026961300739226
35.34,0.2377029829002604,-1.3877672620197394,-0.9584839667207857
35.36,0.16171208086486494,-1.361910449620509,-0.8900066327023454
35.38,0.08484285718868775,-1.3360536372212783,-0.821529298683905
35.4,0.0772863891628511,-1.3335126143309488,-0.8187589575343427
35.42,0.07761561715128128,-1.3335166618335619,-0.8231609629225655
35.44,0.07755018795700536,-1.3335207093361752,-0.8275629683107885
35.46,0.07727189713545302,-1.3335247568387882,-0.8319649736990112
35.48,0.17744603292742375,-1.3894546166798953,-0.7046537220542671
35.5,0.28442864716191335,-1.4493809180127286,-0.5679302812359275
35.52,0.3917128076948512,-1.5093072193455614,-0.43120684041758783
35.54,0.49849155977143816,-1.5692335206783943,-0.29448339959924824
35.56,0.5015294817990248,-1.5712883620584952,-0.28730860247235673
35.58,0.5007017594334544,-1.5712458812489885,-0.2848287835829163
35.6,0.5000766322813425,-1.571203400439482,-0.28234896469347587
35.62,0.4997500877748995,-1.5711609196299752,-0.27986914580403544
35.64,0.6055531580323866,-1.5180085657196782,-0.1420296261994918
35.66,0.7115739867042644,-1.4646828625703743,-0.003748296066298435
35.68,0.8176714360757682,-1.41135715942107,0.13453303406689493
35.7,0.9209082882366209,-1.3595552498112486,0.26904027219122606
35.72,0.9209745837887157,-1.3597582368561092,0.2747431416129415
35.74,0.9207045687653684,-1.35996122390097,0.280446011034657
35.76,0.9208727036004959,-1.3601642109458307,0.28614888045637243
35.78,0.9148968821863273,-1.3592954167989668,0.28795261285824825
35.8,0.813604928494076,-1.3416909041786191,0.22887184760572288
35.82,0.7123095964357602,-1.3240863915582712,0.1697910823531975
35.84,0.6109985528864547,-1.3064818789379233,0.11071031710067211
35.86,0.5188991919509348,-1.2904869820105493,0.05722280307932911
35.88,0.5180718927575135,-1.290395942792956,0.05899958108997272
35.9,0.517263092002584,-1.2903049035753629,0.06077635910061633
35.92,0.5166328441254963,-1.2902138643577696,0.06255313711125995
35.94,0.5173210854617658,-1.288763276240476,0.08948476142025108
35.96,0.5256457174846403,-1.27767509641642,0.294734457350795
35.98,0.5341722441120342,-1.2665869165923644,0.49998415328133894
36.0,0.5426617101912827,-1.2554987367683086,0.7052338492118828
36.02,0.5494585366341179,-1.246141077361888,0.8783297925943159
36.04,0.5500505494714866,-1.2461925564565914,0.8766002280121994
36.06,0.5500464515203829,-1.2462440355512951,0.874870663430083
36.08,0.5502099974017108,-1.2462955146459989,0.8731410988479665
36.1,0.5501333164184997,-1.2463340472060183,0.8705951105506572
36.12,0.5501517777143995,-1.246316318629442,0.8645012287605855
36.14,0.5500365253049909,-1.2462985900528658,0.8584073469705139
36.16,0.5499300866542227,-1.2462808614762895,0.8523134651804423
36.18,0.5501185081326625,-1.246268870092741,0.84755267579273
36.2,0.5503556785655441,-1.2462773641140361,0.8475518687561928
36.22,0.5498568568830328,-1.2462858581353315,0.8475510617196558
36.24,0.5496322552562866,-1.246294352156627,0.8475502546831188
36.26,0.5776291278144348,-1.2551423978230754,0.8459381288419385
36.28,0.691322299900816,-1.2904373488174816,0.8395051254732284
36.3,0.8049626177962518,-1.325732299811888,0.8330721221045182
36.32,0.918884232369223,-1.3610272508062942,0.8266391187358082
36.34,1.0012518294007269,-1.3864720751306634,0.821403546586278
36.36,1.0020328427792078,-1.3868657847970884,0.8192133146411467
36.38,1.0030712585340023,-1.3872594944635133,0.8170230826960152
36.4,1.0045261281971238,-1.3876532041299383,0.8148328507508837
36.42,0.9911356339283933,-1.3886157120861773,0.7555860073346601
36.44,0.9467448748015587,-1.390821176927022,0.5716571644990883
36.46,0.902128331371456,-1.3930266417678672,0.3877283216635166
36.48,0.857628538262489,-1.395232106608712,0.2037994788279448
36.5,0.8284846164021954,-1.3967323232311575,0.08566616512036922
36.52,0.8282254338062381,-1.3968975464613609,0.09207991772687261
36.54,0.8277791523160163,-1.3970627696915645,0.09849367033337601
36.56,0.8271963968043247,-1.3972279929217681,0.10490742293987942
36.58,0.7903342803724727,-1.3858285349841344,0.11087069102216818
36.6,0.693396025745809,-1.3553498455077544,0.1160907567266849
36.62,0.5968542346577574,-1.3248711560313742,0.12131082243120161
36.64,0.49990915808178715,-1.2943924665549942,0.12653088813571833
36.66,0.4427353810415449,-1.276317241543064,0.12836671049343962
36.68,0.4424006044890153,-1.2761567619256124,0.1253145551345666
36.7,0.442191908149052,-1.275996282308161,0.12226239977569361
36.72,0.44166824392454446,-1.2758358026907093,0.11921024441682063
36.74,0.49543396391870653,-1.2836641841840306,0.07393059362598162
36.76,0.6183904389532907,-1.3016260380272728,-0.024912531536593556
36.78,0.7411354155885688,-1.3195878918705153,-0.1237556566991687
36.8,0.8635467916897513,-1.3375497457137573,-0.2225987818617439
36.82,0.928486665877856,-1.3468810150831982,-0.27382200157981307
36.84,0.9285531132907324,-1.3465790072904027,-0.27189288277678564
36.86,0.9287201324050478,-1.346276999497607,-0.26996376397375826
36.88,0.9283478825914959,-1.3459749917048116,-0.2680346451707309
36.9,0.8908305843090621,-1.3841350221431,-0.3436655176080301
36.92,0.8156998277773734,-1.4601057175843641,-0.49554286530497116
36.94,0.7406434657973967,-1.5360764130256281,-0.6474202130019123
36.96,0.6658638311604334,-1.6120471084668926,-0.7992975606988534
36.98,0.6310292935713218,-1.6472528793567505,-0.8700784100518617
37.0,0.6317466968218421,-1.6471682261850302,-0.8706535654667531
37.02,0.6321986542298801,-1.64708357301331,-0.8712287208816446
37.04,0.6327800719977421,-1.64699891984159,-0.8718038762965361
37.06,0.5907670117561492,-1.6207491181585745,-0.6531132901505207
37.08,0.5157657257039103,-1.574575568003128,-0.26746032343193704
37.1,0.44114786544519824,-1.5284020178476818,0.1181926432866465
37.12,0.36622372533029834,-1.4822284676922353,0.5038456100052299
37.14,0.33614220873477146,-1.4636093104878904,0.6600377063938099
37.16,0.33534748881226817,-1.4634033670263087,0.6628926540204905
37.18,0.33489300213160567,-1.4631974235647274,0.6657476016471711
37.2,0.3341706971588488,-1.4629914801031456,0.6686025492738517
37.22,0.2882021636911081,-1.39660382412309,0.7142173693055218
37.24,0.2163236802706909,-1.2915390977472476,0.784821367347069
37.26,0.14405785186131934,-1.1864743713714052,0.8554253653886161
37.28,0.07241222340495462,-1.0814096449955626,0.9260293634301634
37.3,0.04777989539533398,-1.04623622372817,0.949858686415261
37.32,0.04707365588563134,-1.0466087484331206,0.9498989261967968
37.34,0.04698572552832426,-1.0469812731380712,0.9499391659783324
37.36,0.04677399121651827,-1.0473537978430218,0.9499794057598681
37.38,0.04792935350627739,-1.04581762404323,0.9502516813128207
37.4,0.050004243838056094,-1.0434422040039408,0.9506259819619877
37.42,0.052097195738060015,-1.0410667839646515,0.9510002826111544
37.44,0.053618945320280956,-1.0386913639253625,0.9513745832603212
37.46,0.054252805310700904,-1.038457312968484,0.9515193221092153
37.48,0.05479809963508227,-1.0390301720857726,0.9515775575473681
37.5,0.05498999100023547,-1.0396030312030615,0.9516357929855208
37.52,0.055277079620932465,-1.0401758903203502,0.9516940284236738
37.54,0.08235354602121425,-1.0959510283888332,0.8532353527912084
37.56,0.11810408208408543,-1.1693470655860547,0.7233294871978885
37.58,0.15411506333016808,-1.2427431027832763,0.5934236216045685
37.6,0.18975119732089793,-1.3161391399804978,0.46351775601124867
37.62,0.19686092741561692,-1.331622108553316,0.4353858636487611
37.64,0.19690421697700947,-1.3316874373327192,0.43434827826893596
37.66,0.19640443875413857,-1.3317527661121227,0.43331069288911084
37.68,0.19639312507606113,-1.331818094891526,0.4322731075092857
37.7,0.19638677380582875,-1.3308485080528565,0.4327282333483355
37.72,0.19608372279340178,-1.329654006384319,0.433507765239408
37.74,0.19600174149505106,-1.3284595047157812,0.4342872971304806
37.76,0.19586447792565745,-1.3272650030472437,0.4350668290215532
37.78,0.19571211811751488,-1.3269098658285658,0.43399519338048387
37.8,0.195801284303881,-1.3266991569065516,0.43260502986567617
37.82,0.19629098382550575,-1.3264884479845371,0.43121486635086836
37.84,0.1964206201632122,-1.3262777390625224,0.4298247028360606
37.86,0.1961310457340691,-1.3263174503064608,0.42892919079971514
37.88,0.1955975820039753,-1.3263897299819083,0.42809801073414394
37.9,0.195052034220834,-1.3264620096573556,0.42726683066857274
37.92,0.19475612982561188,-1.3265342893328032,0.4264356506030015
37.94,0.19446098964537634,-1.326603566671315,0.4263661740562304
37.96,0.19450946510528283,-1.3266725709490141,0.42636597400517984
37.98,0.1941882084346401,-1.326741575226713,0.4263657739541292
38.0,0.193985619633545,-1.3268105795044123,0.42636557390307855
38.02,0.18785798693845518,-1.2245415690975394,0.4158168240320406
38.04,0.18123295584485946,-1.1166992620075842,0.4046936033946479
38.06,0.17496170794072446,-1.008856954917629,0.3935703827572552
38.08,0.16852631863899048,-0.9010146478276736,0.3824471621198625
38.1,0.16822725378364287,-0.8988436772459677,0.38177786424439963
38.12,0.16810017954472442,-0.8988212110165119,0.3813211150060058
38.14,0.16823140278704568,-0.8987987447870558,0.3808643657676119
38.16,0.16830343428031128,-0.8974049679582311,0.38022625128966736
38.18,0.18352434827884892,-0.7811048202168944,0.36439098053214264
38.2,0.19917611171673083,-0.6648046724755575,0.3485557097746179
38.22,0.2150612281830801,-0.5485045247342207,0.3327204390170932
38.24,0.23017871042490903,-0.4372907099249748,0.3176585118320949
38.26,0.23008928716300955,-0.4378811479782025,0.31959568822264134
38.28,0.23004728706733246,-0.4384715860314302,0.3215328646131877
38.3,0.22935383777462362,-0.4390620240846579,0.3234700410037341
38.32,0.2364216817830352,-0.43493352440347344,0.3262253078238131
38.34,0.3324118935437481,-0.37280035224627733,0.33903645376150665
38.36,0.42788148301466966,-0.3106671800890811,0.35184759969920026
38.38,0.5240114063486816,-0.24853400793188496,0.3646587456368939
38.4,0.6097952516252212,-0.19305843438727138,0.37624760689618314
38.42,0.6097484455940569,-0.1931725435545525,0.37763062346431164
38.44,0.609424227765478,-0.19328665272183362,0.3790136400324402
38.46,0.6092526474388846,-0.19340076188911476,0.38039665660056876
38.48,0.6087966575489901,-0.1935985183193215,0.3819800185080098
38.5,0.6091130310680885,-0.19431581991925417,0.3848077541065471
38.52,0.6089668276807298,-0.19503312151918678,0.38763548970508455
38.54,0.6088225410147355,-0.19575042311911942,0.39046322530362193
38.56,0.6085196005690423,-0.1963491447210136,0.3928091905985287
38.58,0.6087274463169893,-0.19637053172625282,0.3928095439139443
38.6,0.6089104015457093,-0.19639191873149203,0.3928098972293599
38.62,0.6086742831276434,-0.19641330573673124,0.39281025054477553
38.64,0.5881535680618636,-0.180844812956165,0.4229746438113771
38.66,0.4869537081243058,-0.1037323681841602,0.5722171988168454
38.68,0.38620009380235354,-0.026619923412155425,0.7214597538223139
38.7,0.28508546154023606,0.05049252135984935,0.8707023088277821
38.72,0.20773529910248917,0.10953478021831162,0.985505829059336
38.74,0.20815452116035368,0.10936968210092089,0.9874691031794861
38.76,0.2081279396729388,0.10920458398353015,0.9894323772996362
38.78,0.2083157252171758,0.10903948586613943,0.9913956514197861
38.8,0.2083762328144879,0.10887530625462803,0.9945089789368954
38.82,0.20935620208861005,0.1087136669518733,1.0008030054354882
38.84,0.21051154062056493,0.1085520276491186,1.0070970319340808
38.86,0.2113344049878967,0.10839038834636387,1.0133910584326735
38.88,0.21204298577745315,0.10826312216661411,1.0178120021703843
38.9,0.21285672712032258,0.10821711009979534,1.0178051934993355
38.92,0.21282073828518977,0.1081710980329766,1.0177983848282868
38.94,0.212939291694222,0.10812508596615783,1.017791576157238
38.96,0.22098243458032843,0.0709919036276322,0.9829129439126909
38.98,0.24547107407755828,-0.04178260250362035,0.8769113093241729
39.0,0.2696759590140165,-0.15455710863487293,0.770909674735655
39.02,0.29400571558034283,-0.2673316147661255,0.664908040147137
39.04,0.3096808300484351,-0.33947761527988113,0.6003037621143046
39.06,0.3099111288133369,-0.3396190940002718,0.6090666143019315
39.08,0.31016178557545665,-0.33976057272066246,0.6178294664895583
39.1,0.30983886156329365,-0.33990205144105307,0.6265923186771851
39.12,0.2925669394409211,-0.38205494356083214,0.6297447623611605
39.14,0.2495640707969665,-0.48924933994869885,0.6242112471804129
39.16,0.20668292063607924,-0.5964437363365654,0.6186777319996652
39.18,0.16328924494061073,-0.7036381327244322,0.6131442168189176
39.2,0.13846879937693443,-0.7657240030500636,0.6114213346396865
39.22,0.13862780871095556,-0.7665695350208315,0.6148718525852368
39.24,0.13873999839491558,-0.7674150669915994,0.6183223705307871
39.26,0.13871922082833713,-0.7682605989623673,0.6217728884763374
39.28,0.15451932775667024,-0.7489160267702324,0.4531489328634407
39.3,0.18928252041051513,-0.7054730073256741,0.07914081523339304
39.32,0.22409987583502372,-0.6620299878811156,-0.29486730239665454
39.34,0.25885297290738174,-0.618586968436557,-0.6688754200267023
39.36,0.2770850128232041,-0.5961295492503876,-0.8639693713303302
39.38,0.27770378581712607,-0.5957253880505207,-0.8710467675285832
39.4,0.27815496815743246,-0.5953212268506536,-0.8781241637268362
39.42,0.2787615953702945,-0.5949170656507866,-0.885201559925089
39.44,0.29666070165463615,-0.5490646868626147,-0.8975083510534141
39.46,0.33062240766876233,-0.4611451246841743,-0.9146555061655645
39.48,0.3642454055089067,-0.37322556250573385,-0.9318026612777146
39.5,0.39757476955059434,-0.2853060003272935,-0.948949816389865
39.52,0.41250393080252096,-0.24563954321005108,-0.9596109321870533
39.54,0.4126723260426882,-0.2452877930947027,-0.964987481634634
39.56,0.41317661374956066,-0.24493604297935428,-0.9703640310822147
39.58,0.4137565947614239,-0.24458429286400588,-0.9757405805297955
39.6,0.37222348936226785,-0.30032061197896615,-0.9141626624815731
39.62,0.30078487048138713,-0.3962148927340584,-0.804646653958327
39.64,0.2295303552221208,-0.49210917348915073,-0.6951306454350809
39.66,0.15813986974080113,-0.588003454244243,-0.5856146369118348
39.68,0.13047441443911975,-0.6249843025810411,-0.5445607064730594
39.7,0.13048516002084254,-0.6250029180041815,-0.5464598203917103
39.72,0.12959887970079748,-0.6250215334273218,-0.5483589343103612
39.74,0.12961203397282164,-0.6250401488504621,-0.5502580482290121
39.76,0.16836639273741666,-0.5793001198108136,-0.6326624150029945
39.78,0.22914925825551039,-0.508506584992293,-0.7591445476574938
39.8,0.28937829304487,-0.4377130501737722,-0.8856266803119931
39.82,0.34998408409614573,-0.3669195153552514,-1.0121088129664926
39.84,0.36941579977016265,-0.34405722676461004,-1.0530785018149607
39.86,0.36916164602116797,-0.343967311906715,-1.0534208028443586
39.88,0.36862008148193787,-0.34387739704881987,-1.0537631038737563
39.9,0.3687172738214776,-0.3437874821909248,-1.0541054049031542
39.92,0.4174488721303539,-0.4009013638570283,-0.7473311346999112
39.94,0.48582515013910726,-0.48142126885730263,-0.3148942674421871
39.96,0.5540437687941203,-0.5619411738575771,0.11754259981553704
39.98,0.62224222176978,-0.6424610788578514,0.549979467073261
40.0,0.6397888888779631,-0.663294510728494,0.661940604106701
40.02,0.6399924571803909,-0.6633047956378386,0.6620956169368242
40.04,0.6402073227436668,-0.6633150805471831,0.6622506297669474
40.06,0.6405316663747066,-0.6633253654565278,0.6624056425970705
40.08,0.6404755419470404,-0.6632433058272258,0.661724726120484
40.1,0.6409470277467542,-0.6631341403312407,0.6607984395475568
40.12,0.6411037194076423,-0.6630249748352556,0.6598721529746295
40.14,0.6411018168172096,-0.6629158093392705,0.6589458664017023
40.16,0.5623836923027021,-0.644331266364797,0.7289742645893926
40.18,0.4637367323068777,-0.6212655807982677,0.8162124903087211
40.2,0.3649927915500609,-0.5981998952317382,0.9034507160280496
40.22,0.2664597571302519,-0.5751342096652089,0.9906889417473781
40.24,0.24983238745376365,-0.5712191033034768,1.0052181766800592
40.26,0.24944946678313193,-0.5710465991976164,1.0055378762232259
40.28,0.2489136656450499,-0.570874095091756,1.0058575757663926
40.3,0.2478691752765451,-0.5707015909858957,1.006177275309559
40.32,0.24783574950909798,-0.5706871959969579,1.0062198074051731
40.34,0.24771305100817737,-0.5706967950847806,1.0062202775555849
40.36,0.24795893505186611,-0.5707063941726032,1.0062207477059966
40.38,0.24781650688231366,-0.5707159932604257,1.0062212178564083
40.4,0.3092047877364107,-0.6416107641678584,1.0021124958818215
40.42,0.37829268135797234,-0.720385224306035,0.9975469906886401
40.44,0.44695101908925994,-0.7991596844442117,0.9929814854954587
40.46,0.515716701939694,-0.8779341445823883,0.9884159803022772
40.48,0.5207520635314651,-0.8835654030002978,0.9875764699111329
40.5,0.5209219497995775,-0.8838330394675298,0.9870101882963928
40.52,0.5211447341017256,-0.8841006759347619,0.9864439066816527
40.54,0.5208925584033873,-0.8843683124019939,0.9858776250669127
40.56,0.4423947853546761,-0.8168526254723715,0.8899271975228656
40.58,0.3605747077423823,-0.7467618017315542,0.7903530582297081
40.6,0.2794714054515986,-0.6766709779907368,0.6907789189365506
40.62,0.1980372763682842,-0.6065801542499195,0.5912047796433931
40.64,0.19678048947318527,-0.6066041714701746,0.5907650114170384
40.66,0.19536479556602693,-0.6069720293490087,0.5908113945812906
40.68,0.19428753459469064,-0.6073398872278428,0.5908577777455429
40.7,0.1962068436394347,-0.6072911450133263,0.5871670086232137
40.72,0.3121300696395701,-0.5921374933535439,0.4479761573526754
40.74,0.42845326700036857,-0.5769838416937616,0.30878530608213706
40.76,0.5446070405403419,-0.5618301900339794,0.16959445481159874
40.78,0.6543490266353948,-0.5475611180224097,0.0384734791185059
40.8,0.6540817563760443,-0.5475128924387064,0.03708696149340482
40.82,0.6540673185679986,-0.5474646668550032,0.03570044386830373
40.84,0.6538127443496474,-0.5474164412713,0.03431392624320265
40.86,0.6557691806594534,-0.5528469505022543,0.009734771904907824
40.88,0.6792810388204671,-0.6134843506358933,-0.24854676228674066
40.9,0.7031069666459754,-0.6741217507695325,-0.5068282964783892
40.92,0.7265450469159132,-0.7347591509031717,-0.7651098306700378
40.94,0.7475393027790093,-0.7880561581083375,-0.992838710333788
40.96,0.7475796840475091,-0.7885268042049408,-1.000690319578494
40.98,0.7482329022754267,-0.7889974503015441,-1.0085419288231996
41.0,0.7486841676134828,-0.7894680963981472,-1.0163935380679054
41.02,0.7306832426816835,-0.784188077193286,-0.952371177229402
41.04,0.6065716349748157,-0.7472489720298318,-0.4926616953772393
41.06,0.4826449786506375,-0.7103098668663774,-0.032952213525076525
41.08,0.359088571603864,-0.6733707617029232,0.4267572683270861
41.1,0.25813544423122353,-0.6434035456345019,0.8013678330504028
41.12,0.2579754376990493,-0.6440606582006296,0.8021776718765199
41.14,0.25792729746046683,-0.6447177707667574,0.8029875107026369
41.16,0.25781632066334587,-0.6453748833328853,0.8037973495287538
41.18,0.27274267765498256,-0.6346019457700316,0.7692191194197151
41.2,0.34081455424841983,-0.5826251758133594,0.6070715396848243
41.22,0.4088474777931323,-0.5306484058566872,0.44492395994993345
41.24,0.47703307861273464,-0.4786716359000149,0.2827763802150427
41.26,0.5280880180808845,-0.43962505001726265,0.16070087120205448
41.28,0.5277468606320469,-0.4396014216255723,0.15956182399192995
41.3,0.5273534941190409,-0.43957779323388196,0.15842277678180539
41.32,0.5266836701191094,-0.4395541648421917,0.15728372957168085
41.34,0.5475346040689745,-0.45407805388169536,0.12484327948085108
41.36,0.6242219489404052,-0.505898404277411,0.012153290700200735
41.38,0.7010569499766722,-0.5577187546731266,-0.10053669808044961
41.4,0.7780186777486471,-0.6095391050688422,-0.21322668686109997
41.42,0.8312078505805363,-0.6452076971919768,-0.29590971203858973
41.44,0.8314620110012028,-0.645312977806071,-0.3125227170950373
41.46,0.8318625873004152,-0.6454182584201653,-0.32913572215148496
41.48,0.832016335997412,-0.6455235390342596,-0.3457487272079326
41.5,0.7896732627100724,-0.6435627738256896,-0.24790289762571008
41.52,0.6652815855518914,-0.6376628456006217,0.06817236490233422
41.54,0.5408770973844783,-0.6317629173755538,0.38424762743037855
41.56,0.416910416469739,-0.6258629891504859,0.7003228899584228
41.58,0.3392381372110681,-0.6224187429186705,0.897221454715994
41.6,0.33903042725975197,-0.6230540116864688,0.8961370854067967
41.62,0.3387817328094419,-0.623689280454267,0.8950527160975994
41.64,0.3385824653335413,-0.6243245492220653,0.8939683467884019
41.66,0.3472320397150508,-0.5968144781887642,0.8286403265672586
41.68,0.3691230990977143,-0.5283784988817991,0.6698961393014764
41.7,0.39094367915887784,-0.45994251957483395,0.5111519520356943
41.72,0.41264244272100525,-0.3915065402678688,0.3524077647699122
41.74,0.4249356879078614,-0.35336307497728525,0.2612305007506452
41.76,0.42419534088934185,-0.35389866230576356,0.256326187802616
41.78,0.42309114792662056,-0.3544342496342419,0.25142187485458684
41.8,0.4224504465805935,-0.3549698369627202,0.24651756190655763
41.82,0.4460688406774829,-0.39336177812819434,0.340329125592554
41.84,0.4973860478589416,-0.47428490784456184,0.5450468684675616
41.86,0.5483484709069919,-0.5552080375609294,0.7497646113425692
41.88,0.59971572610152,-0.636131167277297,0.9544823542175768
41.9,0.62566496063215,-0.676732119610155,1.054720152270191
41.92,0.6257672840162735,-0.6774349951306815,1.0515769045964192
41.94,0.6262067370478505,-0.678137870651208,1.0484336569226473
41.96,0.6267651642944833,-0.6788407461717344,1.0452904092488755
41.98,0.671108079325882,-0.6317100816979784,0.8246261263289627
42.0,0.7536777000421392,-0.5428979839719795,0.41441725790158956
42.02,0.8361491659666802,-0.45408588624598073,0.004208389474216295
42.04,0.9185408183022093,-0.3652737885199818,-0.4060004789531571
42.06,0.9546231755374692,-0.3261027729762007,-0.5840701137181882
42.08,0.9550579618816967,-0.3249827880993936,-0.584199689346922
42.1,0.9556666810765813,-0.3238628032225865,-0.5843292649756557
42.12,0.9560883793604472,-0.3227428183457794,-0.5844588406043895
42.14,0.9007782382728197,-0.29569545982603956,-0.49804192436497385
42.16,0.8083494019193934,-0.2512044465220379,-0.35339747039928976
42.18,0.7157629861364998,-0.20671343321803617,-0.20875301643360578
42.2,0.6231020239271514,-0.1622224199140345,-0.0641085624679217
42.22,0.5883258894269012,-0.14545822795158583,-0.01307327574553458
42.24,0.5879662518203228,-0.14501130617141317,-0.01712710488792241
42.26,0.5873160304868258,-0.1445643843912405,-0.02118093403031024
42.28,0.5869734196565213,-0.14411746261106786,-0.025234763172698065
42.3,0.5154392519959506,-0.1453606056505864,-0.015120739681607867
42.32,0.40697018572547045,-0.14746956910511277,0.002251476456276388
42.34,0.2987127902584864,-0.14957853255963915,0.019623692594160635
42.36,0.1909661323878629,-0.15168749601416553,0.03699590873204489
42.38,0.15651817813310936,-0.15233218484968902,0.037159185678802664
42.4,0.15539284930652478,-0.1523280900365345,0.029697609873622327
42.42,0.15398823748263465,-0.15232399522337997,0.022236034068441976
42.44,0.15270416217104144,-0.15231990041022542,0.014774458263261634
42.46,0.1426315255187066,-0.2132332777916059,0.16823980854957118
42.48,0.12956358907643972,-0.29728982502467793,0.38284294164394833
42.5,0.116494796286721,-0.38134637225775003,0.5974460747383253
42.52,0.10358960881083522,-0.46540291949082213,0.8120492078327024
42.54,0.10087786776267735,-0.48636441298052274,0.8605456183784778
42.56,0.10076157766794373,-0.4870065853991064,0.8555485198884424
42.58,0.10066828246241905,-0.4876487578176901,0.850551421398407
42.6,0.1008965069964891,-0.48829093023627373,0.8455543229083718
42.62,0.1905518309360822,-0.4565724104937936,0.5251936874258695
42.64,0.30409605886236285,-0.4161542413106958,0.12005265835559609
42.66,0.4175718238022171,-0.375736072127598,-0.2850883707146775
42.68,0.5307182138657591,-0.33531790294450026,-0.6902293997849511
42.7,0.5509229548814313,-0.3286724711360041,-0.7641603460748388
42.72,0.5508823592776328,-0.32944833032798165,-0.7653105053251573
42.74,0.5508034682605273,-0.33022418951995913,-0.7664606645754759
42.76,0.5507524971637611,-0.33100004871193667,-0.7676108238257944
42.78,0.5489959727915498,-0.2740393573161981,-0.655882416112439
42.8,0.5464451417016909,-0.2070147495095171,-0.5244784224670229
42.82,0.5435513487556831,-0.1399901417028361,-0.3930744288216068
42.84,0.5410799085338828,-0.07296553389615512,-0.26167043517619065
42.86,0.541484041491958,-0.06502591153009746,-0.24475500293662558
42.88,0.54212870750321,-0.06489355933966677,-0.24296766329535008
42.9,0.5426765502342429,-0.06476120714923608,-0.2411803236540746
42.92,0.5432530416104285,-0.06462885495880538,-0.2393929840127991
42.94,0.4519078660633592,-0.09026209432782391,-0.15068905176910644
42.96,0.35276773926256216,-0.11828867086836622,-0.053911533812561516
42.98,0.2534126540638042,-0.14631524740890856,0.04286598414398339
43.0,0.15395828328983038,-0.17434182394945089,0.1396435021005283
43.02,0.14837178787886476,-0.17575635972413065,0.147582326456092
43.04,0.14854302492045882,-0.17567339664128198,0.1505220662490601
43.06,0.1483041124490324,-0.17559043355843335,0.15346180604202814
43.08,0.14881052847014153,-0.17550747047558468,0.1564015458349962
43.1,0.25062813880782536,-0.22021572706016157,0.11607051842556927
43.12,0.3539870501484124,-0.26591065639718015,0.07478631118998776
43.14,0.4571491528602386,-0.3116055857341987,0.033502103954406226
43.16,0.5595591592663854,-0.35683927136629395,-0.007383192480625322
43.18,0.5599242173572672,-0.357166269886851,-0.009430533373939117
43.2,0.5605010782660041,-0.35749326840740814,-0.011477874267252912
43.22,0.560824522054748,-0.3578202669279653,-0.013525215160566708
43.24,0.5572329646505235,-0.35750726430958674,-0.006241406096898063
43.26,0.46110664781374056,-0.34255501233848,0.21448113402145175
43.28,0.36509968624937433,-0.32760276036737324,0.43520367413980154
43.3,0.2693896820854141,-0.3126505083962665,0.6559262142581513
43.32,0.180382567972493,-0.298817224094961,0.8603656104370919
43.34,0.1800918291114802,-0.2990668588644135,0.8598712944946226
43.36,0.18007557495628276,-0.299316493633866,0.8593769785521532
43.38,0.17939985683818438,-0.29956612840331853,0.8588826626096842
43.4,0.18206523304173944,-0.3012382552353867,0.8167342041937432
43.42,0.21211206615632344,-0.3149933262286738,0.42076677496053133
43.44,0.24154112191260457,-0.32874839722196086,0.02479934572731946
43.46,0.2710560917725508,-0.34250346821524796,-0.3711680835058923
43.48,0.29634505485143864,-0.3544599766751407,-0.712509625060543
43.5,0.2960420962231458,-0.35509141185353454,-0.7098863783244591
43.52,0.2958184988124727,-0.35572284703192847,-0.7072631315883751
43.54,0.2958494298977805,-0.35635428221032234,-0.7046398848522911
43.56,0.2883619977070862,-0.3400499077914895,-0.6935338129674615
43.58,0.24187442786624144,-0.2403315699588506,-0.6406472721572456
43.6,0.19470710024053411,-0.14061323212621168,-0.5877607313470299
43.62,0.14729706215474334,-0.04089489429357275,-0.5348741905368141
43.64,0.10959337016161955,0.03890367026866136,-0.4928105106930855
43.66,0.10974838919775005,0.03926557306695471,-0.4939065563262699
43.68,0.10893876426085171,0.03962747586524807,-0.4950026019594543
43.7,0.10861846625298238,0.03998937866354142,-0.49609864759263866
43.72,0.10238633863020194,0.04271095569889972,-0.41661133759201147
43.74,0.0793554840595962,0.05323474807502897,-0.0706767851453412
43.76,0.05604410543144634,0.0637585404511582,0.27525776730132906
43.78,0.032674062372487926,0.07428233282728744,0.6211923197479994
43.8,0.015127591925139,0.08210149254891289,0.8753722392784423
43.82,0.015034722645785422,0.08237768600759297,0.8736571116927707
43.84,0.01454071494011347,0.08265387946627305,0.8719419841070991
43.86,0.014151706919613071,0.08293007292495314,0.8702268565214276
43.88,0.024700901303017286,0.05504116429856673,0.7890164244484865
43.9,0.06236413264867138,-0.0399480975758802,0.5184169038308902
43.92,0.1001779065322999,-0.13493735945032712,0.2478173832132941
43.94,0.1376186032704638,-0.22992662132477404,-0.022782137404302145
43.96,0.1626380707843136,-0.2937936564200408,-0.20581005514095888
43.98,0.1616117281520102,-0.2937151473006778,-0.20890824472219863
44.0,0.16141709979351176,-0.29363663818131486,-0.21200643430343838
44.02,0.16033335331188142,-0.29355812906195194,-0.2151046238846781
44.04,0.18937808558234653,-0.28868137432898877,-0.1675781687970304
44.06,0.27273691116405,-0.27524059344989515,-0.029695609521207533
44.08,0.35570161669623634,-0.26179981257080154,0.10818694975461537
44.1,0.4385461243843205,-0.24835903169170787,0.2460695090304383
44.12,0.4889735200068785,-0.24042035381099153,0.3306857796168251
44.14,0.48864556299639095,-0.24105831515147147,0.33227093630437815
44.16,0.48869817635494545,-0.24169627649195133,0.3338560929919313
44.18,0.48869717641047405,-0.24233423783243127,0.3354412496794844
44.2,0.4522118964051106,-0.20173153126132912,0.38379400138934383
44.22,0.36540303792430245,-0.10476525545590751,0.49606396670044306
44.24,0.27856073698663686,-0.00779897965048586,0.6083339320115421
44.26,0.19181893586198542,0.08916729615493575,0.7206038973226412
44.28,0.14422445181420743,0.14194932667937374,0.784472219848405
44.3,0.14465726534732148,0.1416469729897808,0.7901892401199951
44.32,0.14419859271473418,0.14134461930018782,0.7959062603915852
44.34,0.14427424636103958,0.14104226561059488,0.8016232806631755
44.36,0.14461847493258714,0.10688994457694734,0.6756693642875913
44.38,0.14548665357760135,0.03693313925636619,0.41044175425340396
44.4,0.14579550706663433,-0.03302366606421497,0.14521414421921655
44.42,0.14656135205943202,-0.10298047138479612,-0.12001346581497095
44.44,0.14628849424131354,-0.1366646807295913,-0.24835349575097887
44.46,0.14573856378314165,-0.13655525391783585,-0.24916118476281832
44.48,0.14498693939343035,-0.1364458271060804,-0.24996887377465776
44.5,0.1442450506196618,-0.13633640029432495,-0.2507765627864972
44.52,0.16205984923932076,-0.1858805586845929,-0.24635933488825473
44.54,0.19515020836670444,-0.2761472725181313,-0.2376569789838151
44.56,0.2281028136360672,-0.3664139863516698,-0.22895462307937547
44.58,0.2610692257632954,-0.4566807001852082,-0.22025226717493587
44.6,0.2746706539846275,-0.49459097511845745,-0.21600851147347075
44.62,0.27391332968837984,-0.49476357890594247,-0.21497844241235806
44.64,0.2730203915314851,-0.4949361826934276,-0.21394837335124536
44.66,0.27279100726898226,-0.49510878648091267,-0.2129183042901327
44.68,0.3351162844675976,-0.4789004727712938,-0.12880272607833917
44.7,0.4365057882754294,-0.4523440280349695,0.007799517502703523
44.72,0.5382042681293617,-0.42578758329864513,0.14440176108374625
44.74,0.6399921442084304,-0.39923113856232084,0.281004004664789
44.76,0.6763533680369632,-0.3903503860203768,0.33119012732732966
44.78,0.6767213599284713,-0.3912163558619613,0.3337247107578246
44.8,0.6770915250296249,-0.3920823257035458,0.33625929418831957
44.82,0.6768880327952467,-0.39294829554513033,0.3387938776188145
44.84,0.6760427974139628,-0.3932805731043272,0.33909333255766483
44.86,0.673968982291008,-0.3933573972319062,0.33832293645661793
44.88,0.672157762155,-0.39343422135948514,0.33755254035557103
44.9,0.6706960898740953,-0.39351104548706417,0.3367821442545241
44.92,0.6704305737080062,-0.39403143158809495,0.33891395707019945
44.94,0.6704678220139872,-0.3947347456023586,0.3422426601800775
44.96,0.6700069694280986,-0.39543805961662226,0.3455713632899555
44.98,0.6701149472159339,-0.3961413736308859,0.34890006639983356
45.0,0.5843006102829278,-0.3694295332394328,0.22530577968118606
45.02,0.46858298057823583,-0.333071899104349,0.057054696101471514
45.04,0.3529038076416677,-0.29671426496926523,-0.11119638747824301
45.06,0.2373192792157191,-0.2603566308341814,-0.27944747105795753
45.08,0.2099324169622319,-0.2515512279934424,-0.3160604398083105
45.1,0.2085966758831247,-0.25090837338012556,-0.31367466288966356
45.12,0.20780442485190564,-0.25026551876680875,-0.31128888597101667
45.14,0.20663495818023986,-0.24962266415349194,-0.30890310905236973
45.16,0.2572613636632606,-0.16558499208274052,-0.43719442835612526
45.18,0.32045150849430165,-0.06111031158191209,-0.597509906936665
45.2,0.38389058149926364,0.04336436891891638,-0.7578253855172046
45.22,0.44639150446323705,0.1478390494197448,-0.9181408640977443
45.24,0.4571550045312519,0.1653311074842133,-0.9419225992487519
45.26,0.45749231269458784,0.16562153636739835,-0.9387035064248884
45.28,0.45776512698815613,0.16591196525058335,-0.9354844136010251
45.3,0.45841750386518715,0.1662023941337684,-0.9322653207771616
45.32,0.56054324349004,0.142078274750859,-0.9458636162685475
45.34,0.6781634803019884,0.1141963084269468,-0.962050416390342
45.36,0.795859624274412,0.0863143421030346,-0.9782372165121362
45.38,0.9130145386471489,0.05843237577912241,-0.9944240166339305
45.4,0.9256166470645484,0.056027313240749096,-0.994680289238765
45.42,0.9263478195080136,0.0565055580570092,-0.9931336501735041
45.44,0.9269035554169514,0.05698380287326931,-0.9915870111082433
45.46,0.926980759193079,0.05746204768952942,-0.9900403720429826
45.48,1.0309909960801995,0.012060311383809998,-1.0106032356915307
45.5,1.1436733950150841,-0.03679195257953318,-1.0328289040916214
45.52,1.2561841256603146,-0.08564421654287636,-1.055054572491712
45.54,1.3685027840789363,-0.13449648050621957,-1.0772802408918027
45.56,1.3736566656714677,-0.13608227424093067,-1.0786069912188019
45.58,1.375168834990884,-0.13578940065999665,-1.0791030868739726
45.6,1.3758179693468116,-0.1354965270790626,-1.079599182529143
45.62,1.3766822872128297,-0.13520365349812857,-1.0800952781843138
45.64,1.3982853091414362,-0.011190909701589272,-0.9185184963157055
45.66,1.4202066286191888,0.11363211568457311,-0.7558802465631921
45.68,1.441996331386813,0.23845514107073545,-0.5932419968106786
45.7,1.463420652565656,0.36012405663407593,-0.4347054728385357
45.72,1.4634785160791781,0.3598510166278276,-0.43474696008513397
45.74,1.463586125337822,0.35957797662157936,-0.4347884473317323
45.76,1.4636542313419227,0.3593049366153311,-0.43482993457833063
45.78,1.4657361279180154,0.35483180479117193,-0.4357909477201203
45.8,1.5042948977742396,0.2807871520688147,-0.45198325051156385
45.82,1.5428127025925924,0.20674249934645747,-0.46817555330300736
45.84,1.5812961181694838,0.13269784662410025,-0.48436785609445093
45.86,1.616821816129886,0.06517986982755258,-0.4989483963901268
45.88,1.6166204156096982,0.064754923993103,-0.4969603139655503
45.9,1.616595413719164,0.0643299781586534,-0.4949722315409738
45.92,1.6161736041189425,0.06390503232420383,-0.4929841491163973
45.94,1.6044810241346352,0.05560490556754535,-0.5049090274492121
45.96,1.5064754459718308,-0.010242573671349422,-0.6185019264517714
45.98,1.4085962276436272,-0.07609005291024419,-0.7320948254543306
46.0,1.3108386414121644,-0.14193753214913896,-0.8456877244568899
46.02,1.2273396393288853,-0.19776890912021058,-0.9418862185003732
46.04,1.2275645345269048,-0.1977618549992472,-0.9411132303521723
46.06,1.2277282408520878,-0.19775480087828376,-0.9403402422039714
46.08,1.227972542971787,-0.19774774675732038,-0.9395672540557705
46.1,1.232105435704533,-0.17898160458182136,-0.8843617358034195
46.12,1.2561203536103958,-0.07692013115533004,-0.5874613327744838
46.14,1.2805273707457343,0.025141342271161247,-0.2905609297455481
46.16,1.3049654106492845,0.12720281569765254,0.006339473283387514
46.18,1.3242177528758907,0.20729813467817768,0.23907756657678414
46.2,1.324264045541834,0.2074449405902092,0.2382890646249898
46.22,1.324161299872267,0.20759174650224074,0.23750056267319541
46.24,1.324574221891673,0.2077385524142723,0.23671206072140105
46.26,1.3483642363288697,0.20589302961728803,0.2034751550612373
46.28,1.4418526737802293,0.1979820455696635,0.07145207297967768
46.3,1.535470941570759,0.19007106152203904,-0.060571009101882005
46.32,1.6290658199182906,0.1821600774744145,-0.19259409118344165
46.34,1.696702249747679,0.1764140215165481,-0.28764650482877047
46.36,1.6967303178234086,0.1762633263504317,-0.28714644742828466
46.38,1.6966831230025157,0.1761126311843153,-0.2866463900277988
46.4,1.6972529073645495,0.17596193601819893,-0.286146332627313
46.42,1.715200135335315,0.1643218740547367,-0.29105125112430436
46.44,1.7725501888870132,0.12719165931442578,-0.30794757557185753
46.46,1.8294430521269676,0.09006144457411486,-0.3248439000194107
46.48,1.8863795680715474,0.05293122983380392,-0.3417402244669639
46.5,1.9239440270969579,0.028501057111729334,-0.3531265090951777
46.52,1.9238959711122918,0.028460395011379484,-0.35393116143375547
46.54,1.9234937925578148,0.028419732911029633,-0.35473581377233326
46.56,1.923448141041178,0.02837907081067978,-0.35554046611091106
46.58,1.9012333987323373,-0.011883130135681803,-0.38985220597260734
46.6,1.8411199997623,-0.1194289705211772,-0.48021547594090364
46.62,1.7809166051156884,-0.22697481090667257,-0.5705787459092
46.64,1.7205440468129294,-0.3345206512921679,-0.6609420158774962
46.66,1.6849162197636927,-0.3983524600001751,-0.7147291581021586
46.68,1.6849624358550293,-0.3981900800500252,-0.7149714880688304
46.7,1.684875248845853,-0.3980277000998754,-0.7152138180355022
46.72,1.6852290549868656,-0.39786532014972553,-0.7154561480021742
46.74,1.6797396547166292,-0.36078321463576235,-0.5966852265833704
46.76,1.6662596190950898,-0.27624759568800583,-0.32494467071648403
46.78,1.6532241230475477,-0.19171197674024937,-0.05320411484959769
46.8,1.6406185409469587,-0.10717635779249293,0.2185364410172887
46.82,1.633616927329302,-0.06246769950188443,0.3635215851293671
46.84,1.6335688048151082,-0.06279732860951628,0.3651654707145854
46.86,1.6335811998165202,-0.06312695771714814,0.36680935629980366
46.88,1.6334082972225956,-0.06345658682478,0.36845324188502193
46.9,1.674075617528154,-0.0362934594038189,0.31323024327998145
46.92,1.7560874743159884,0.01825084680009508,0.20137115141075496
46.94,1.8381159594296348,0.07279515300400907,0.0895120595415285
46.96,1.9200946877115008,0.12733945920792303,-0.022347032327697976
46.98,1.9582554065979392,0.15267688731801554,-0.07472789669550481
47.0,1.9582618194604784,0.1523969849473411,-0.07494045312503761
47.02,1.9581177132507959,0.1521170825766667,-0.07515300955457042
47.04,1.9578115826755338,0.1518371802059923,-0.07536556598410322
47.06,1.9466124198237014,0.08370237744881769,-0.15063904585206245
47.08,1.926046085447544,-0.03679020507343392,-0.2838305725518216
47.1,1.9050553235265955,-0.15728278759568554,-0.41702209925158074
47.12,1.8844113824851296,-0.2777753701179372,-0.5502136259513399
47.14,1.8761784780469588,-0.32622883446467105,-0.605038771058166
47.16,1.8761925130865742,-0.32588636132960513,-0.6067821856589793
47.18,1.8765580296748738,-0.3255438881945393,-0.6085256002597929
47.2,1.876897934999949,-0.32520141505947336,-0.6102690148606063
47.22,1.8428926833093813,-0.31767197539540093,-0.4402947496819318
47.24,1.7886377253704544,-0.3058834202040996,-0.16855774033340978
47.26,1.7346543420978968,-0.2940948650127982,0.10317926901511221
47.28,1.6805026025408616,-0.2823063098214968,0.37491627836363434
47.3,1.6625011307955735,-0.27846381767570927,0.4713340865329459
47.32,1.662449009870998,-0.278721729210004,0.47728199865604204
47.34,1.6625022183026936,-0.2789796407442987,0.48322991077913824
47.36,1.662662707691848,-0.2792375522785934,0.4891778229022345
47.38,1.7153536739565587,-0.20922488477929047,0.4259455667187444
47.4,1.791901833382849,-0.10783847052320912,0.3318264000971829
47.42,1.8681008523021903,-0.0064520562671277985,0.23770723347562142
47.44,1.9442066798059532,0.09493435798895353,0.14358806685405998
47.46,1.9650107450153096,0.12272272115702348,0.1189917823804309
47.48,1.9647507544428484,0.12232195452141587,0.12102377841453231
47.5,1.964471223821736,0.12192118788580827,0.12305577444863369
47.52,1.9642143843295972,0.12152042125020066,0.1250877704827351
47.54,1.9783062062771377,0.05528390962226121,0.0023968114071721267
47.56,1.9969496990103641,-0.03234212475910595,-0.16081566810540626
47.58,2.0161820816699616,-0.11996815914047311,-0.32402814761798465
47.6,2.035218979350432,-0.20759419352184028,-0.48724062713056304
47.62,2.0392860476797683,-0.2256961749941422,-0.5251839154075847
47.64,2.0390803560876907,-0.22492528791562866,-0.5291218648021349
47.66,2.0390401280865897,-0.22415440083711513,-0.5330598141966851
47.68,2.0382223427547133,-0.22338351375860158,-0.5369977635912353
47.7,1.978972082122921,-0.26442099648140993,-0.6245969287152302
47.72,1.905981295260994,-0.3147469192147508,-0.7307828549878649
47.74,1.8331578489780356,-0.36507284194809164,-0.8369687812604993
47.76,1.760129967457159,-0.4153987646814325,-0.9431547075331338
47.78,1.7501847417083574,-0.42267077768394573,-0.9694405239730021
47.8,1.7507925370646475,-0.4223414066239394,-0.9816195746098688
47.82,1.7515336864847364,-0.42201203556393296,-0.9937986252467356
47.84,1.7523240746984012,-0.4216826645039266,-1.0059776758836023
47.86,1.717596859419846,-0.372136945853224,-0.7375021328525984
47.88,1.67832546462219,-0.315985158406902,-0.43135570109585253
47.9,1.6387891229992582,-0.25983337096058007,-0.12520926933910673
47.92,1.5994398145196458,-0.20368158351425808,0.180937162417639
47.94,1.5952815678576422,-0.1990510100479213,0.20979265961455185
47.96,1.5940707228664368,-0.199306464443444,0.21235119819114354
47.98,1.5928932948586594,-0.19956191883896668,0.21490973676773523
48.0,1.5915347294617344,-0.1998173732344893,0.2174682753443269
48.02,1.5790090729084538,-0.2736181907913388,0.34728068607033524
48.04,1.566000350565256,-0.3516912217848335,0.4844852107120681
48.06,1.5529131504452751,-0.42976425277832814,0.6216897353538009
48.08,1.5398094950271015,-0.5078372837718228,0.7588942599955337
48.1,1.53934107609809,-0.5100656454737555,0.7582863921112387
48.12,1.5388132618380421,-0.5104941961225528,0.7544082051703213
48.14,1.53825220156148,-0.5109227467713501,0.750530018229404
48.16,1.5392689711119494,-0.5110564390098585,0.7429090652322774
48.18,1.6558447929429967,-0.47695847390154905,0.3007707958053945
48.2,1.7725363698793066,-0.44286050879323957,-0.14136747362148833
48.22,1.8893777138483474,-0.4087625436849302,-0.5835057430483713
48.24,2.00125742732849,-0.3760263018191214,-1.008165110306985
48.26,2.0023792405893803,-0.37575134128980714,-1.016155698603369
48.28,2.0033774269402413,-0.3754763807604929,-1.0241462868997528
48.3,2.0046575174185093,-0.3752014202311786,-1.0321368751961368
48.32,2.0028643133144644,-0.37168265096407416,-1.01896949882382
48.34,1.961004828298365,-0.3263425735633901,-0.7330197757056464
48.36,1.9188361543655352,-0.28100249616270606,-0.4470700525874725
48.38,1.876735464750674,-0.23566241876202199,-0.16112032946929872
48.4,1.839109033777873,-0.19498347602656088,0.09536680258861883
48.42,1.8384883639374874,-0.19459135996619384,0.09720471622774958
48.44,1.8384662686227444,-0.19419924390582682,0.09904262986688034
48.46,1.8384689676690231,-0.19380712784545975,0.10088054350601111
48.48,1.825769372290204,-0.20167321136405433,0.1144364237348129
48.5,1.7319242699646578,-0.26226281531775897,0.2028043068755305
48.52,1.638219181258339,-0.3228524192714636,0.29117219001624806
48.54,1.54459955877724,-0.3834420232251682,0.37954007315696564
48.56,1.4668131190503113,-0.4340953589608818,0.45315422349573053
48.58,1.4662040540619954,-0.435236584452184,0.45325098994542
48.6,1.465632866081079,-0.43637780994348624,0.4533477563951094
48.62,1.4652552391526343,-0.4375190354347885,0.45344452284479875
48.64,1.4827999788670865,-0.44388464431295566,0.48321657924619743
48.66,1.5763659661682614,-0.47129736008707834,0.6325393947577325
48.68,1.6703080095005234,-0.4987100758612011,0.7818622102692676
48.7,1.7640378332551396,-0.5261227916353237,0.9311850257808028
48.72,1.835744379758561,-0.5472919810187687,1.0447743470783784
48.74,1.8364736053837258,-0.5476273927458291,1.0391259769247059
48.76,1.8375408453140916,-0.5479628044728894,1.0334776067710338
48.78,1.83841299112377,-0.5482982161999497,1.0278292366173614
48.8,1.855227508832663,-0.5313921596690162,0.9163964807284568
48.82,1.9159651901364003,-0.46599614434737396,0.5074553903841209
48.84,1.9769312735879072,-0.4006001290257317,0.0985143000397851
48.86,2.0381740929197134,-0.3352041137040894,-0.31042679030455067
48.88,2.08176376533683,-0.28900134640459524,-0.5961914978705575
48.9,2.082322602017881,-0.2888836117004584,-0.5861965920158974
48.92,2.0821811261088867,-0.2887658769963215,-0.5762016861612372
48.94,2.082261151881396,-0.28864814229218466,-0.5662067803065771
48.96,2.050254861368628,-0.2919857943288477,-0.5871028740964106
48.98,1.9515256937887036,-0.30247579495009136,-0.6719406375623946
49.0,1.852725069683668,-0.312965795571335,-0.7567784010283787
49.02,1.7538048122306698,-0.3234557961925787,-0.8416161644943626
49.04,1.690312816478477,-0.3300432623038749,-0.8969148883537235
49.06,1.6907511392958656,-0.32961593373289794,-0.8991172725333676
49.08,1.6906240134334176,-0.3291886051619211,-0.9013196567130116
49.1,1.690548921896418,-0.32876127659094423,-0.9035220408926555
49.12,1.687024799384356,-0.3381454465933641,-0.8405671329626107
49.14,1.6798231711477791,-0.362928645704707,-0.6753486380432929
49.16,1.6730652542189643,-0.3877118448160499,-0.5101301431239751
49.18,1.665608972478075,-0.4124950439273927,-0.34491164820465725
49.2,1.6617194012845862,-0.4268465475520107,-0.25046179446758826
49.22,1.6618600137546038,-0.42684565081614295,-0.25337865091753903
49.24,1.6616847798151357,-0.42684475408027517,-0.25629550736748974
49.26,1.6616806577037426,-0.42684385734440744,-0.2592123638174405
49.28,1.7174752050960365,-0.41967570964496415,-0.2419364215702007
49.3,1.8413365128510526,-0.40383988917195957,-0.20024043705304068
49.32,1.9653104713535252,-0.38800406869895504,-0.15854445253588065
49.34,2.088960467322858,-0.3721682482259504,-0.1168484680187206
49.36,2.153018065353265,-0.36382195268266054,-0.09369668056677431
49.38,2.1533086133989325,-0.3634493914893925,-0.09028800132531165
49.4,2.153674493571386,-0.3630768302961244,-0.086879322083849
49.42,2.15416193023382,-0.3627042691028564,-0.08347064284238635
49.44,2.1193494339060535,-0.36625292188026837,-0.18860977780397387
49.46,2.0519936345234147,-0.3734786783811721,-0.39553921922866553
49.48,1.98421220900037,-0.3807044348820758,-0.6024686606533574
49.5,1.916161981900183,-0.3879301913829795,-0.8093981020780489
49.52,1.8854152826012536,-0.39106293627846894,-0.9025146717866389
49.54,1.8857350756653655,-0.3908167436051232,-0.9016743644734664
49.56,1.8855652220668053,-0.39057055093177745,-0.9008340571602939
49.58,1.8854388454974995,-0.3903243582584316,-0.8999937498471214
49.6,1.8819595455291944,-0.3769810264308556,-0.7020116046616779
49.62,1.8766833434075199,-0.35413422661347554,-0.3609805750131624
49.64,1.8715769928640411,-0.3312874267960955,-0.01994954536464703
49.66,1.866175976005672,-0.3084406269787155,0.3210814842838683
49.68,1.8644748220586937,-0.2991844504703048,0.45328264940630986
49.7,1.8649527385122058,-0.29857274228084246,0.45265523802376134
49.72,1.8650133665452229,-0.29796103409138014,0.4520278266412129
49.74,1.8655135248844747,-0.29734932590191787,0.45140041525866426
49.76,1.8637275188426135,-0.29713183684390637,0.45207625687108854
49.78,1.8613763803749843,-0.2971332752984906,0.45347585315118283
49.8,1.858315328020845,-0.2971347137530749,0.45487544943127706
49.82,1.8555816025116454,-0.2971361522076591,0.45627504571137123
49.84,1.8546812093095266,-0.2969614287922796,0.4576550229716572
49.86,1.8550008126568953,-0.29670175691639916,0.4590255395834522
49.88,1.8552341536473114,-0.2964420850405188,0.46039605619524715
49.9,1.8552159553872876,-0.2961824131646384,0.46176657280704214
49.92,1.8529816060841386,-0.2959411192864654,0.4632969139492589
49.94,1.850163677448519,-0.2957074643917954,0.4648936876251343
49.96,1.8472080696217323,-0.29547380949712543,0.4664904613010095
49.98,1.8447946223985756,-0.29524015460245545,0.46808723497688487
50.0,1.843886720401868,-0.2948235482881005,0.46997441962577285
50.02,1.8437168710432723,-0.2943420269796535,0.47196464816811556
50.04,1.8434463294511396,-0.2938605056712065,0.4739548767104583
50.06,1.8433004282912642,-0.29337898436275944,0.475945105252801
50.08,1.8408395973225438,-0.29263784684741845,0.4770081618602232
50.1,1.8376730968705133,-0.2918190850462339,0.47779399748763224
50.12,1.8353281926820395,-0.2910003232450493,0.4785798331150413
50.14,1.832342811932731,-0.29018156144386476,0.4793656687424504
50.16,1.8315736555699234,-0.28988615083924213,0.4827040324959203
50.18,1.8315238286537063,-0.2897203167865842,0.48667437683057646
50.2,1.8317097046598743,-0.28955448273392626,0.49064472116523267
50.22,1.831521009064128,-0.2893886486812683,0.4946150654998889
50.24,1.7769175325788076,-0.3570029116323238,0.26888092390719587
50.26,1.7119513540093212,-0.43817980990378974,-0.00281653600185064
50.28,1.6468507593079702,-0.5193567081752557,-0.27451399591089715
50.3,1.5814253353044299,-0.6005336064467216,-0.5462114558199436
50.32,1.572650676376494,-0.611365716215725,-0.5812724665823614
50.34,1.5720606641436279,-0.611217821385365,-0.5793972755973527
50.36,1.5713820788145147,-0.6110699265550049,-0.5775220846123439
50.38,1.570934248931259,-0.610922031724645,-0.5756468936273352
50.4,1.6154053505061996,-0.6659156468935215,-0.4522874898307822
50.42,1.6647434694994543,-0.7272611638945139,-0.3149339862364272
50.44,1.713851439709321,-0.7886066808955062,-0.17758048264207227
50.46,1.763471489498253,-0.8499521978964986,-0.04022697904771733
50.48,1.7664638147781961,-0.8545919874446152,-0.028385565454858083
50.5,1.7660006799345591,-0.8548602447843638,-0.026220072948401937
50.52,1.7646781048940599,-0.8551285021241124,-0.024054580441945785
50.54,1.7644685478430209,-0.8553967594638611,-0.021889087935489635
50.56,1.8081530904969454,-0.738875830099258,0.0793907407772841
50.58,1.8535993643782755,-0.6175072343657151,0.18478459106915696
50.6,1.8989503901032359,-0.4961386386321723,0.2901784413610298
50.62,1.944025409485286,-0.37477004289862953,0.3955722916529027
50.64,1.9444948152373438,-0.3738373639041332,0.3979047389714955
50.66,1.944272366582513,-0.3738922693027477,0.399392074334582
50.68,1.944416233963244,-0.3739471747013623,0.4008794096976686
50.7,1.9438486792527736,-0.37147165990271486,0.40308551433425194
50.72,1.9019291687204856,-0.26424547452441605,0.43504618837883535
50.74,1.8601740397389432,-0.1570192891461172,0.4670068624234186
50.76,1.8184545246391135,-0.049793103767818335,0.49896753646800196
50.78,1.7788470665701936,0.051487385672965506,0.5293723915931262
50.8,1.7789525917034692,0.05121014229845131,0.5332024867924254
50.82,1.778969272398343,0.05093289892393712,0.5370325819917248
50.84,1.779462071450285,0.05065565554942292,0.5408626771910241
50.86,1.7806878725310447,0.04271586554422635,0.525656051308671
50.88,1.801065545870465,-0.04560905149784919,0.31074176734998643
50.9,1.8215079363496631,-0.13393396853992473,0.09582748339130166
50.92,1.8423346597398045,-0.22225888558200027,-0.11908680056738305
50.94,1.8606509919138705,-0.3000235314564137,-0.3089202965958566
50.96,1.8603966946587986,-0.2994179457543993,-0.3126234246628543
50.98,1.859932424058709,-0.2988123600523849,-0.31632655272985205
51.0,1.860002758298514,-0.2982067743503705,-0.32002968079684974
51.02,1.8668180547994797,-0.3039150448639767,-0.3046900554249022
51.04,1.9137171649870126,-0.3452710062814842,-0.18183607347459474
51.06,1.9607613642539137,-0.38662696769899163,-0.058982091524287336
51.08,2.0076344953538072,-0.4279829291164992,0.0638718904260201
51.1,2.0451319873095,-0.46180494309753134,0.16415957968164757
51.12,2.0452561803097415,-0.4618082778491979,0.16315080775644197
51.14,2.0452122134211215,-0.4618116126008645,0.1621420358312364
51.16,2.045257051688428,-0.46181494735253115,0.1611332639060308
51.18,2.026444953162882,-0.4778818001879147,0.16058420918152508
51.2,1.9378417415399436,-0.5529805550305564,0.1617245714702373
51.22,1.8494167727603599,-0.6280793098731982,0.16286493375894956
51.24,1.7609918169593022,-0.7031780647158398,0.16400529604766179
51.26,1.6938742861550833,-0.7598642742081452,0.16543773290741914
51.28,1.693550737841051,-0.7600020207453281,0.1677671868686483
51.3,1.693233371767652,-0.7601397672825109,0.17009664082987747
51.32,1.693173425890402,-0.7602775138196938,0.17242609479110663
51.34,1.687792513573442,-0.7311529050022576,0.11054016720002662
51.36,1.6685476905710912,-0.6257831268810594,-0.1186635507407175
51.38,1.6494276711195042,-0.5204133487598611,-0.34786726868146156
51.4,1.6300383501321234,-0.41504357063866293,-0.5770709866222058
51.42,1.616753270283875,-0.34212537592687475,-0.7363261222533806
51.44,1.6169264310208926,-0.34175354991584367,-0.7392093613793822
51.46,1.6176343857760824,-0.3413817239048126,-0.7420926005053841
51.48,1.6178219457369212,-0.3410098978937815,-0.7449758396313859
51.5,1.6546835779744509,-0.336229202152742,-0.6049599802908455
51.52,1.7615035021777152,-0.32292013191009544,-0.1885247431288623
51.54,1.8690587455263095,-0.30961106166744884,0.22791049403312086
51.56,1.9762635013281526,-0.2963019914248023,0.644345731195104
51.58,2.044005401296374,-0.28811131156010183,0.905410522122594
51.6,2.04462191192601,-0.2885425491115276,0.9047541356048373
51.62,2.045337218078339,-0.2889737866629533,0.9040977490870805
51.64,2.0456521490782493,-0.2894050242143791,0.903441362569324
51.66,2.028212149422038,-0.33710406313890245,0.8463882408019758
51.68,1.984376577672108,-0.45446842300062085,0.7062151822734282
51.7,1.9399805908059868,-0.5718327828623394,0.5660421237448805
51.72,1.896060318123254,-0.6891971427240579,0.42586906521633305
51.74,1.871171292454568,-0.7557007970497005,0.34914927377517124
51.76,1.8705999334717323,-0.7563986691192203,0.354528065776395
51.78,1.8702053907397962,-0.7570965411887401,0.3599068577776188
51.8,1.8700063509421532,-0.7577944132582599,0.36528564977884265
51.82,1.8358517127244733,-0.7326360539011098,0.26100696609423635
51.84,1.7620355778776289,-0.6780465580765571,0.03190946878114333
51.86,1.6882076127570853,-0.6234570622520043,-0.19718802853194972
51.88,1.6142476660534808,-0.5688675664274516,-0.4262855258450427
51.9,1.5775899036931855,-0.5412133019554507,-0.5424985422663964
51.92,1.5779775451632818,-0.5405600715184522,-0.545551301376923
51.94,1.5783670248267734,-0.5399068410814537,-0.5486040604874496
51.96,1.5783178960242858,-0.5392536106444552,-0.5516568195979762
51.98,1.6274522815708101,-0.495511048773654,-0.6224903131979691
52.0,1.7205625158222033,-0.4137271399325686,-0.7531639192530778
52.02,1.8136804474279589,-0.3319432310914832,-0.8838375253081866
52.04,1.9065218447057155,-0.25015932225039783,-1.0145111313632955
52.06,1.9466024681254108,-0.21450186576887054,-1.071433217334332
52.08,1.9459969833911857,-0.2146723979336773,-1.071069982430817
52.1,1.945402597082229,-0.2148429300984841,-1.0707067475273018
52.12,1.9458058355232846,-0.21501346226329085,-1.0703435126237868
52.14,1.9268409373009994,-0.2825150844923858,-0.9808025723333945
52.16,1.8940579799265154,-0.3959326416011493,-0.8304475607224209
52.18,1.8616563479923476,-0.5093501987099128,-0.6800925491114475
52.2,1.8294370185135935,-0.6227677558186763,-0.529737537500474
52.22,1.817586003777459,-0.6651768399271254,-0.4734689729369009
52.24,1.8188559308237187,-0.6652113872256328,-0.47334680112435973
52.26,1.8203841836609278,-0.6652459345241403,-0.47322462931181863
52.28,1.8218262270270404,-0.6652804818226478,-0.4731024574992776
52.3,1.906821861034738,-0.6628450539448902,-0.372331351109676
52.32,2.0345915763553006,-0.659125788537319,-0.219245192816918
52.34,2.1619274464886886,-0.6554065231297476,-0.06615903452416
52.36,2.2898713623181823,-0.6516872577221762,0.08692712376859796
52.38,2.330232938411681,-0.6504640077125267,0.13304002942264465
52.4,2.3312705412263885,-0.6503636702905042,0.13102758615959653
52.42,2.332138000248449,-0.6502633328684818,0.12901514289654842
52.44,2.3334821777467116,-0.6501629954464594,0.1270026996335003
52.46,2.297927713975184,-0.5778355045287884,0.27887372305610464
52.48,2.2473650782259758,-0.4776187237889438,0.49016423615159943
52.5,2.196370676315263,-0.3774019430490992,0.7014547492470944
52.52,2.145593142517017,-0.27718516230925455,0.9127452623425891
52.54,2.1341303135633822,-0.2526393185135947,0.9647341833317843
52.56,2.135514948844366,-0.25289491031465067,0.9645114053962932
52.58,2.1371895672666703,-0.2531505021157066,0.9642886274608022
52.6,2.138134002646479,-0.25340609391676255,0.9640658495253114
52.62,2.064312353810345,-0.31192143201000705,0.6428040461779687
52.64,1.9704242866586459,-0.38640537413879206,0.23354760840419655
52.66,1.8764896030085132,-0.46088931626757695,-0.17570882936957577
52.68,1.7825860609511217,-0.5353732583963619,-0.5849652671433482
52.7,1.7663040783940898,-0.5490836361545202,-0.6600404510409303
52.72,1.7675522506242538,-0.5491441745047282,-0.6600579927581228
52.74,1.7690173933516855,-0.5492047128549363,-0.6600755344753154
52.76,1.7702580586356398,-0.5492652512051445,-0.6600930761925079
52.78,1.8630165415904234,-0.6058775300741541,-0.5368998974850553
52.8,1.971494377999764,-0.6726018891030439,-0.3916752716451068
52.82,2.080364987001098,-0.7393262481319335,-0.24645064580515838
52.84,2.189264119378848,-0.8060506071608233,-0.10122601996520987
52.86,2.2033308936907896,-0.8139411435372792,-0.08422141330357112
52.88,2.204620194199549,-0.8138113575096274,-0.08469596822125225
52.9,2.2059768833777142,-0.8136815714819754,-0.08517052313893339
52.92,2.2074896380935964,-0.8135517854543235,-0.08564507805661453
52.94,2.2343797692680485,-0.7166000889322857,0.09696110959593372
52.96,2.2645825692566603,-0.6102771370234079,0.29728742264445235
52.98,2.29382984274189,-0.5039541851145299,0.49761373569297085
53.0,2.323669717401837,-0.3976312332056522,0.6979400487414894
53.02,2.3263601737468598,-0.3920049758650884,0.7098429843361143
53.04,2.3277831065762937,-0.39241183944908886,0.7104567606781191
53.06,2.329101381549961,-0.39281870303308924,0.711070537020124
53.08,2.329914674649001,-0.39322556661708963,0.7116843133621289
53.1,2.205983571176578,-0.4023476369874305,0.3245044436280779
53.12,2.079461619811828,-0.41169140361046913,-0.07254006847910051
53.14,1.952687159077981,-0.4210351702335078,-0.46958458058627894
53.16,1.8269667696720888,-0.4303150898140012,-0.8638872470120738
53.18,1.8286512487180158,-0.4304235695182281,-0.8643318455565983
53.2,1.829953006875169,-0.430532049222455,-0.8647764441011226
53.22,1.8317609266748107,-0.43064052892668186,-0.8652210426456471
53.24,1.8355288032589483,-0.4350575414075297,-0.8598232567615721
53.26,1.8844510347770422,-0.5466889905612468,-0.7090423467806914
53.28,1.9334546274549813,-0.6583204397149637,-0.5582614367998108
53.3,1.9823134266756082,-0.7699518888686805,-0.40748052681892993
53.32,2.027403029723191,-0.8736981579098997,-0.2671839179649121
53.34,2.0282819911128835,-0.8732506596840586,-0.26542553093777466
53.36,2.0289424065162294,-0.8728031614582175,-0.2636671439106372
53.38,2.029978448381762,-0.8723556632323762,-0.26190875688349985
53.4,2.0407116386209627,-0.8648919939125445,-0.24349283683579898
53.42,2.1397228680790787,-0.7957083812638788,-0.07854371794579362
53.44,2.238686861951104,-0.726524768615213,0.08640540094421174
53.46,2.338371453496974,-0.6573411559665472,0.2513545198342171
53.48,2.424006324134764,-0.5974803271613454,0.3944340435757549
53.5,2.4248116217535105,-0.5979767311420733,0.3959262187877523
53.52,2.4255993773728863,-0.5984731351228012,0.3974183939997497
53.54,2.426358968788998,-0.5989695391035291,0.39891056921174706
53.56,2.4082986505937716,-0.5909509512966592,0.340708379529221
53.58,2.2955363132435975,-0.5400017415041284,-0.0184590110468097
53.6,2.1820271706401435,-0.4890525317115976,-0.3776264016228404
53.62,2.0688641878775416,-0.4381033219190668,-0.7367937921988712
53.64,1.9783341496318556,-0.3972362961342367,-1.025484049472261
53.66,1.980384624963997,-0.3974047986611684,-1.0273251085200068
53.68,1.9825768086276914,-0.39757330118810014,-1.0291661675677524
53.7,1.984218352214467,-0.39774180371503187,-1.0310072266154982
53.72,1.981204904810899,-0.4243996912946638,-0.9978308191362357
53.74,1.9596725719045136,-0.5402651704549444,-0.8467270288236016
53.76,1.9384853791134782,-0.6561306496152249,-0.6956232385109674
53.78,1.9173467486311333,-0.7719961287755055,-0.5445194481983333
53.8,1.9021029595425856,-0.8575622810033952,-0.4329642742085215
53.82,1.903891266366234,-0.8571936807147251,-0.4335766267006564
53.84,1.9058741634648175,-0.8568250804260554,-0.4341889791927912
53.86,1.9077167716487418,-0.8564564801373854,-0.4348013316849262
53.88,1.9142663754899283,-0.8848391595932944,-0.43173358432925313
53.9,1.9340038918202085,-0.9828007357885243,-0.4197598929747117
53.92,1.9531057629167898,-1.0807623119837542,-0.4077862016201704
53.94,1.9725992338366292,-1.178723888178984,-0.39581251026562897
53.96,1.9859380639715603,-1.2448225283607102,-0.38732909125743786
53.98,1.9867254350071852,-1.2444767524139182,-0.38612400680336556
54.0,1.9879965237957435,-1.244130976467126,-0.3849189223492933
54.02,1.989314855753871,-1.243785200520334,-0.383713837895221
54.04,1.9917929643514547,-1.243362711411907,-0.383538338493805
54.06,1.9953111357075528,-1.2428013495628751,-0.38522668220485545
54.08,1.9992110387623312,-1.2422399877138428,-0.38691502591590593
54.1,2.0027744777436656,-1.241678625864811,-0.38860336962695635
54.12,2.0051821330506665,-1.2410644387655632,-0.38845490933831456
54.14,2.0066434143756813,-1.2403667733590498,-0.3854037976083959
54.16,2.007970611503632,-1.2396691079525362,-0.38235268587847715
54.18,2.008836572927263,-1.2389714425460228,-0.3793015741485586
54.2,2.002512987366481,-1.2161724548661372,-0.3250716169738321
54.22,1.9856860632921824,-1.162761742446808,-0.19995573225772298
54.24,1.9690454599804057,-1.1093510300274787,-0.07483984754161394
54.26,1.9525918677121272,-1.0559403176081494,0.05027603717449515
54.28,1.943682920551979,-1.0264238436101554,0.11544505268812606
54.3,1.944983829355917,-1.0259941341467087,0.10763997133667827
54.32,1.9461505683984777,-1.025564424683262,0.09983488998523048
54.34,1.9473579542377415,-1.0251347152198154,0.09202980863378267
54.36,1.9523682850150974,-1.0811864365765893,0.133081595154593
54.38,1.9618562690304522,-1.1977641731004411,0.2264888458148416
54.4,1.971221441477247,-1.314341909624293,0.3198960964750902
54.42,1.98076056630803,-1.4309196461481448,0.41330334713533884
54.44,1.9855704397787333,-1.4880518739187303,0.45678200305488886
54.46,1.9867060488209705,-1.4890750602257756,0.45313438061841027
54.48,1.9877369965314742,-1.4900982465328207,0.4494867581819318
54.5,1.9888604620795622,-1.4911214328398659,0.44583913574545325
54.52,1.9896580908172687,-1.4931522373318884,0.3411719627942582
54.54,1.989467397424949,-1.4960203477765803,0.15256002560296092
54.56,1.9892378296002333,-1.4988884582212725,-0.036051911588336275
54.58,1.9890823822450505,-1.5017565686659644,-0.22466384877963355
54.6,1.9893323915892607,-1.5029863140277684,-0.29958522670880694
54.62,1.9904916439722824,-1.503019280391657,-0.2914588913979507
54.64,1.991490703961516,-1.5030522467555463,-0.28333255608709446
54.66,1.9927542961261566,-1.503085213119435,-0.27520622077623824
54.68,1.9851423020708157,-1.4307640836150988,-0.28312580181673097
54.7,1.9710810538754253,-1.3121054410797166,-0.3013216201469531
54.72,1.956799292953203,-1.1934467985443342,-0.3195174384771751
54.74,1.9424089901440023,-1.074788156008952,-0.33771325680739717
54.76,1.9381239450420722,-1.0315910814356992,-0.3423580214361543
54.78,1.9390815754125628,-1.030598891417055,-0.3394238200758845
54.8,1.9408100375159643,-1.0296067013984105,-0.3364896187156147
54.82,1.9421919148902085,-1.0286145113797662,-0.3335554173553449
54.84,1.9403935038065732,-1.061494278529309,-0.20388500926533518
54.86,1.937217862482453,-1.1108290629375954,-0.012646075368252942
54.88,1.9338609307233054,-1.160163847345882,0.1785928585288293
54.9,1.930536791371397,-1.2094986317541685,0.3698317924259116
54.92,1.9301517425622285,-1.2244384989360888,0.4216534100357272
54.94,1.931493327495197,-1.2249694163740055,0.4150693890854613
54.96,1.9327759642818803,-1.225500333811922,0.4084853681351954
54.98,1.9338047166779113,-1.2260312512498386,0.40190134718492954
55.0,1.942445409382439,-1.296420726635767,0.3824513683613658
55.02,1.9536598680647244,-1.3918065275602516,0.35839777788573157
55.04,1.9652910094764149,-1.487192328484736,0.33434418741009736
55.06,1.9766165127335702,-1.5825781294092207,0.31029059693446315
55.08,1.98003520357533,-1.605338293810493,0.3031721603110471
55.1,1.9810169371579247,-1.6061838934588666,0.3011638548129689
55.12,1.9819341010744491,-1.6070294931072404,0.29915554931489075
55.14,1.9828545624578164,-1.607875092755614,0.2971472438168125
55.16,1.97320595317349,-1.5315498535667822,0.15963046102641715
55.18,1.9601350816394651,-1.435922096478644,-0.011780663821870131
55.2,1.947495445681863,-1.3402943393905062,-0.18319178867015737
55.22,1.9346666004911006,-1.2446665823023684,-0.3546029135184447
55.24,1.9340453278284284,-1.2287817384862056,-0.3843181589849937
55.26,1.9362724149301698,-1.2290404477725416,-0.3853477838823201
55.28,1.937712488051796,-1.2292991570588776,-0.3863774087796465
55.3,1.9393987769072936,-1.2295578663452136,-0.3874070336769728
55.32,1.9263230477606563,-1.1748809085059873,-0.29097108422454654
55.34,1.9117647444456491,-1.1115094691998817,-0.17910958932628468
55.36,1.8968565568543854,-1.0481380298937764,-0.06724809442802283
55.38,1.8817543814928155,-0.9847665905876708,0.044613400470239005
55.4,1.8813176981224304,-0.9777802600713916,0.058515286748138856
55.42,1.8831666592746379,-0.977403360753565,0.060934402001919866
55.44,1.8851757450880784,-0.9770264614357386,0.06335351725570086
55.46,1.8865819001868647,-0.976649562117912,0.06577263250948187
55.48,1.9459346425393704,-1.0328300461136388,-0.0920285768445067
55.5,2.010194069229876,-1.0934775459042083,-0.2624843094233377
55.52,2.074186715024785,-1.1541250456947774,-0.43294004200216885
55.54,2.1382074023536823,-1.2147725454853466,-0.6033957745809999
55.56,2.1425860754484543,-1.2174035169863697,-0.6096461708716555
55.58,2.1442365430516084,-1.217523802918649,-0.6087905237590959
55.6,2.1456706494437467,-1.2176440888509286,-0.6079348766465363
55.62,2.1476838270515874,-1.217764374783208,-0.6070792295339767
55.64,2.0729148455581634,-1.2704970115027487,-0.1881937359454028
55.66,1.9978353308374597,-1.3237482093799522,0.23481196968240728
55.68,1.922797436810056,-1.3769994072571559,0.6578176753102174
55.7,1.8489614099546912,-1.4290875194659352,1.0715555665941958
55.72,1.8501500999561218,-1.4293752421827743,1.0725324671939274
55.74,1.8516371021646343,-1.4296629648996135,1.0735093677936587
55.76,1.853120051507611,-1.4299506876164527,1.07448626839339
55.78,1.8533151538086512,-1.4234359738933957,1.0685147476433914
55.8,1.8311490720339665,-1.2970025511125813,0.9400509808266753
55.82,1.8094891379680635,-1.1705691283317667,0.8115872140099591
55.84,1.787413089666374,-1.0441357055509524,0.6831234471932429
55.86,1.7679593877078938,-0.9284891180976342,0.5654840454339007
55.88,1.7693332483004285,-0.9283644004137052,0.5637684389796356
55.9,1.7703523735071116,-0.9282396827297762,0.5620528325253705
55.92,1.7717487457765222,-0.9281149650458471,0.5603372260711053
55.94,1.7820488303854305,-0.936742541610547,0.5637695211523529
55.96,1.8606146664519967,-1.011346614056421,0.6060076989891588
55.98,1.9394152806502227,-1.0859506865022948,0.6482458768259649
56.0,2.018308170688222,-1.1605547589481684,0.6904840546627709
56.02,2.085426672370998,-1.224072584546131,0.7265355903202116
56.04,2.087208484065053,-1.2241928291258741,0.7272083224765443
56.06,2.088726597463796,-1.2243130737056171,0.7278810546328769
56.08,2.0904791865436363,-1.2244333182853604,0.7285537867892095
56.1,2.092769416908437,-1.2182108879137052,0.6869591145038004
56.12,2.101418830843166,-1.1832035700936807,0.4535427756639672
56.14,2.110076430279594,-1.1481962522736562,0.220126436824134
56.16,2.118774883296955,-1.1131889344536317,-0.013289902015699212
56.18,2.1253910088310763,-1.085597117967282,-0.19680734235771574
56.2,2.1271100905127036,-1.085522209686546,-0.19516354440417505
56.22,2.128219988659931,-1.0854473014058095,-0.1935197464506343
56.24,2.13028234926686,-1.0853723931250734,-0.1918759484970936
56.26,2.1138836950401765,-1.067071365483444,-0.18105514724098065
56.28,2.040988954791302,-0.992299744688667,-0.14180093075240766
56.3,1.9678945557808845,-0.9175281238938898,-0.10254671426383465
56.32,1.8949488785327684,-0.8427565030991128,-0.06329249777526162
56.34,1.8423342940506338,-0.788484757366128,-0.03470381078848713
56.36,1.8433282945308214,-0.7880629784252796,-0.03413180233078551
56.38,1.8445563049189313,-0.7876411994844312,-0.0335597938730839
56.4,1.845759240274359,-0.7872194205435828,-0.03298778541538228
56.42,1.8704932453989795,-0.8119094313313983,-0.07042243651018988
56.44,1.9473568558761478,-0.8931674023148696,-0.19347261831653959
56.46,2.0247489732440567,-0.974425373298341,-0.3165228001228893
56.48,2.1018305562738373,-1.0556833442818125,-0.43957298192923894
56.5,2.1535353540285675,-1.109398851054962,-0.5214737142452586
56.52,2.1554999268391537,-1.10944948451665,-0.5231971618829021
56.54,2.1572761476334215,-1.109500117978338,-0.5249206095205458
56.56,2.159092528547575,-1.1095507514400258,-0.5266440571581893
56.58,2.11444689344452,-1.1192245826205183,-0.5799747482707647
56.6,1.9905213270249618,-1.1452219739665754,-0.7208453578655183
56.62,1.8668433568235927,-1.1712193653126328,-0.8617159674602718
56.64,1.7429372750988157,-1.1972167566586902,-1.0025865770550255
56.66,1.6696823759522448,-1.2127871819579314,-1.0880198552516034
56.68,1.6712168452617644,-1.2128856748099275,-1.0911930932219993
56.7,1.6728401213795,-1.2129841676619237,-1.0943663311923952
56.72,1.6743412882140758,-1.2130826605139198,-1.097539569162791
56.74,1.681953831918035,-1.1746244130878634,-0.9610797816333879
56.76,1.6976151439854257,-1.0859485385767842,-0.6427571303677128
56.78,1.7130100156915986,-0.9972726640657051,-0.32443447910203765
56.8,1.7284860613678878,-0.9085967895546263,-0.006111827836362588
56.82,1.7366747208849107,-0.8609880362085233,0.16238631600701744
56.84,1.7377169632333855,-0.8604308797992692,0.15922688721031902
56.86,1.7386510532304462,-0.8598737233900152,0.15606745841362063
56.88,1.7398900712841465,-0.8593165669807614,0.15290802961692224
56.9,1.7710359943788603,-0.823100878919062,0.1416348005074239
56.92,1.8314614674915537,-0.7509061985446434,0.12217485294505989
56.94,1.8925148821468398,-0.6787115181702246,0.10271490538269587
56.96,1.9531424984062467,-0.6065168377958059,0.08325495782033183
56.98,1.9822332448163458,-0.5723893514428772,0.07392899818549682
57.0,1.983114062771521,-0.5720896250614455,0.07360843335262625
57.02,1.9836317905914704,-0.5717898986800137,0.07328786851975569
57.04,1.9842933396898004,-0.571490172298582,0.07296730368688513
57.06,2.036466399466559,-0.5405710887388876,0.06237726638187712
57.08,2.129267009726034,-0.48571121793618305,0.043757692267130624
57.1,2.2218110946504623,-0.4308513471334785,0.025138118152384134
57.12,2.313876168618143,-0.37599147633077407,0.0065185440376376485
57.14,2.3522157185650907,-0.3532511467993286,-0.0028013597081335347
57.16,2.3532561207125053,-0.3525627108292881,-0.005736510340500265
57.18,2.354578362597568,-0.3518742748592475,-0.008671660972866996
57.2,2.3561408311706744,-0.351185838889207,-0.011606811605233728
57.22,2.426298742497856,-0.33709204192768094,-0.025106248016102495
57.24,2.5377074242309248,-0.314942809943272,-0.044953884800384626
57.26,2.6487682601647653,-0.29279357795886296,-0.06480152158466675
57.28,2.7605625107212743,-0.27064434597445397,-0.08464915836894887
57.3,2.7991486783160138,-0.26289319407547573,-0.09185664698312923
57.32,2.800715105751916,-0.26268007047401415,-0.09244646198904528
57.34,2.8019125340262994,-0.26246694687255256,-0.09303627699496132
57.36,2.8036173880752377,-0.26225382327109104,-0.09362609200087736
57.38,2.8005243287132764,-0.35048356642560113,-0.21208882715202454
57.4,2.794726703247533,-0.4788053183282335,-0.38398449950848035
57.42,2.7887791691732478,-0.6071270702308658,-0.5558801718649362
57.44,2.7827242668120427,-0.7354488221334982,-0.727775844221392
57.46,2.7824876313743614,-0.7719673758987708,-0.7767734508156567
57.48,2.7840372910198474,-0.7727501084681793,-0.7779310758787337
57.5,2.7856896721912743,-0.7735328410375878,-0.7790887009418108
57.52,2.787621178580176,-0.7743155736069962,-0.7802463260048877
57.54,2.698038514640298,-0.7399803948822368,-0.4827272296010222
57.56,2.5784033443346654,-0.6940342617198466,-0.08645733405411156
57.58,2.4593315806999194,-0.6480881285574565,0.309812561492799
57.6,2.339672101355576,-0.6021419953950662,0.7060824570397095
57.62,2.314937473295729,-0.5925711199112815,0.7904864986004309
57.64,2.3162587293380743,-0.5930667098183031,0.7885849845149381
57.66,2.3175657908302063,-0.5935622997253248,0.7866834704294454
57.68,2.3188156068729615,-0.5940578896323465,0.7847819563439528
57.7,2.3923400223591855,-0.5158193540894708,0.6512548730944019
57.72,2.481534454896681,-0.41970455752876523,0.48784274295378677
57.74,2.5707426890488114,-0.32358976096805964,0.3244306128131716
57.76,2.6601114282311706,-0.2274749644073541,0.1610184826725564
57.78,2.674864696556037,-0.21250355009324726,0.13512209372351583
57.8,2.676466032594088,-0.212225245820916,0.1341264898029281
57.82,2.6773653022085173,-0.21194694154858476,0.13313088588234043
57.84,2.679172194596887,-0.2116686372762535,0.1321352819617527
57.86,2.727554874383558,-0.3082935269925379,-0.03280570443482325
57.88,2.7827785609863778,-0.41833233106187107,-0.22044098220190939
57.9,2.8379110854626317,-0.5283711351312043,-0.4080762599689955
57.92,2.8928664361175485,-0.6384099392005373,-0.5957115377360819
57.94,2.899104082763564,-0.6477869830708586,-0.6140852299362644
57.96,2.900739329035474,-0.6472237905676268,-0.6157445296385312
57.98,2.902353052585081,-0.6466605980643951,-0.617403829340798
58.0,2.903771506694544,-0.6460974055611634,-0.6190631290430648
58.02,2.7930871145318537,-0.6663996626434876,-0.2432499738639224
58.04,2.6756917598662704,-0.6879902441173213,0.15586998660367923
58.06,2.55788168946307,-0.7095808255911551,0.5549899470712806
58.08,2.4405152763527465,-0.731171407064989,0.954109907538882
58.1,2.4384209335930596,-0.7320244246985607,0.9626603413368845
58.12,2.4397190219839,-0.7323143923531793,0.9606063393648467
58.14,2.4407857677176437,-0.7326043600077978,0.9585523373928089
58.16,2.442110925433225,-0.7322286571345433,0.955644373007081
58.18,2.4770427365501524,-0.6066044841683377,0.7920600960117056
58.2,2.511705800336478,-0.48098031120213214,0.6284758190163298
58.22,2.546466194525631,-0.35535613823592654,0.46489154202095423
58.24,2.5801105894572816,-0.23439741700721212,0.3071664574612805
58.26,2.5807027187996927,-0.2348429783541691,0.30190914969007576
58.28,2.5811080301010425,-0.23528853970112612,0.296651841918871
58.3,2.5811781405940577,-0.23573410104808312,0.2913945341476662
58.32,2.5886119047178866,-0.2403920057973499,0.27447432043806425
58.34,2.690724909652479,-0.3021284099033082,0.09951828069943267
58.36,2.792896200303823,-0.36386481400926646,-0.07543775903919894
58.38,2.8950027819736146,-0.4256012181152246,-0.2503937987778305
58.4,2.987110411415702,-0.481160828353615,-0.4074915962499553
58.42,2.989091283267214,-0.4814043736726769,-0.4046605196591113
58.44,2.990742837434829,-0.4816479189917388,-0.4018294430682673
58.46,2.992277931532141,-0.48189146431080077,-0.39899836647742326
58.48,2.980333491330196,-0.49249830506280073,-0.4189945197543544
58.5,2.879381757935566,-0.5711521379806246,-0.5888777762246336
58.52,2.778807446144782,-0.6498059708984485,-0.7587610326949127
58.54,2.6781708720136868,-0.7284598038162724,-0.9286442891651918
58.56,2.594181795775639,-0.7943007812936641,-1.070294955679873
58.58,2.5944218545655713,-0.7947739404447135,-1.067910374182937
58.6,2.5948072578465196,-0.7952470995957627,-1.065525792686001
58.62,2.5947674364368676,-0.7957202587468121,-1.0631412111890646
58.64,2.5972841065961516,-0.7731025702915918,-1.0343477143984234
58.66,2.6113100060698473,-0.6555291717215569,-0.8969537301837136
58.68,2.6256762294128393,-0.537955773151522,-0.7595597459690038
58.7,2.6401135294333185,-0.4203823745814871,-0.6221657617542939
58.72,2.6511721348570525,-0.3295862155060069,-0.5154824029395417
58.74,2.6526907138276363,-0.32980392948894466,-0.5131822073804627
58.76,2.6542755603419708,-0.33002164347188245,-0.5108820118213837
58.78,2.655499087443227,-0.3302393574548202,-0.5085818162623046
58.8,2.633495270841582,-0.3307948142780869,-0.45167794040810755
58.82,2.544034109970637,-0.3323163110622324,-0.2385921092983613
58.84,2.4546523626726704,-0.33383780784637795,-0.02550627818861508
58.86,2.3654073096805557,-0.33535930463052344,0.18757955292113127
58.88,2.3026775512896402,-0.3362958405020515,0.3389989288044133
58.9,2.303586345745504,-0.3358055626230827,0.34000390200938296
58.92,2.304836888974606,-0.33531528474411393,0.34100887521435264
58.94,2.305716331721404,-0.3348250068651451,0.34201384841932225
58.96,2.311148255388198,-0.36865297044820233,0.38435859217888224
58.98,2.3259178955771027,-0.4745795346311771,0.5135533457038229
59.0,2.3408226948643964,-0.580506098814152,0.6427480992287635
59.02,2.3563330207866673,-0.6864326629971268,0.7719428527537042
59.04,2.3667130435259778,-0.7548849325313769,0.8559571882839904
59.06,2.3677857888159646,-0.7550143778380578,0.8575989592039925
59.08,2.3686274166908223,-0.7551438231447385,0.8592407301239947
59.1,2.3695877170338147,-0.7552732684514194,0.8608825010439968
59.12,2.4024354916301482,-0.7523656967476459,0.6987145469263008
59.14,2.4850483804192183,-0.7446257797479949,0.2759009818423293
59.16,2.5683798531070474,-0.7368858627483441,-0.14691258324164216
59.18,2.6518689984825103,-0.7291459457486933,-0.5697261483256137
59.2,2.7006163941845305,-0.7248498615432654,-0.814967351239231
59.22,2.70148011448635,-0.7253556941453609,-0.812610090055539
59.24,2.702393077078985,-0.7258615267474566,-0.810252828871847
59.26,2.7033343764712896,-0.7263673593495524,-0.8078955676881551
59.28,2.691909986637272,-0.6802271381706021,-0.7569812368645003
59.3,2.665777550088319,-0.5769296710010894,-0.6465680170883147
59.32,2.639774210950534,-0.4736322038315766,-0.5361547973121291
59.34,2.61380885150898,-0.3703347366620639,-0.42574157753594355
59.36,2.6009592677446713,-0.316644343939548,-0.3680199604706248
59.38,2.602155912132236,-0.31646082103476947,-0.3671322276479789
59.4,2.603422175459683,-0.31627729812999095,-0.36624449482533306
59.42,2.6047854846544496,-0.3160937752252124,-0.36535676200268724
59.44,2.5820134621709703,-0.3635639213514054,-0.395266795886448
59.46,2.5365372024127177,-0.45630694257601195,-0.4544359293057142
59.48,2.4915199496949816,-0.5490499638006184,-0.5136050627249804
59.5,2.4460832380122413,-0.641792985025225,-0.5727741961442467
59.52,2.426027884103335,-0.6842651130284221,-0.597912068280211
59.54,2.4274291195341107,-0.6846883983071916,-0.5945846583868116
59.56,2.428715198664804,-0.6851116835859613,-0.5912572484934121
59.58,2.429613610433247,-0.6855349688647309,-0.5879298386000127
59.6,2.427196420353329,-0.6254060368022515,-0.6123660378797535
59.62,2.4226246936557496,-0.5207496449870588,-0.6572183844837135
59.64,2.4174009760333437,-0.4160932531718661,-0.7020707310876734
59.66,2.4119122847481185,-0.3114368613566733,-0.7469230776916334
59.68,2.410846878805124,-0.27024846466494096,-0.7657022599028989
59.7,2.412222563969787,-0.26998525011301394,-0.7676690471479074
59.72,2.4130739292398125,-0.2697220355610868,-0.7696358343929158
59.74,2.414731702685104,-0.2694588210091598,-0.7716026216379244
59.76,2.396608678912089,-0.3240378540538133,-0.7048345390723758
59.78,2.3678535604842583,-0.4095070532590493,-0.5993512024367786
59.8,2.338919119866926,-0.4949762524642853,-0.4938678658011817
59.82,2.3101641250577187,-0.5804454516695213,-0.38838452916558475
59.84,2.301729611929125,-0.6086897019513643,-0.3539992469104529
59.86,2.3029651082404414,-0.6089280414336248,-0.35440937830730623
59.88,2.3043284864791214,-0.6091663809158854,-0.3548195097041595
59.9,2.305475423041097,-0.6094047203981459,-0.3552296411010128
59.92,2.376478076191333,-0.583144702454101,-0.2615357644298523
59.94,2.4760494898382786,-0.5456968297262507,-0.12811029383755904
59.96,2.57605281604306,-0.5082489569984003,0.005315176754734246
59.98,2.675814853097056,-0.4708010842705499,0.13874064734702746
60.0,2.7035379166097124,-0.46085348408185767,0.17312130172759344
60.02,2.705058408875723,-0.46082850575013357,0.17176470089505258
60.04,2.707296706434483,-0.46080352741840946,0.17040810006251172
60.06,2.7088791204298337,-0.46077854908668536,0.16905149922997087
60.08,2.707858292464174,-0.39647006808259283,0.3071610699992031
60.1,2.7062529008595133,-0.3125866637183164,0.48773938479996504
60.12,2.7046161123516916,-0.22870325935403987,0.668317699600727
60.14,2.703145847630472,-0.1448198549897634,0.848896014401489
60.16,2.7040295874745706,-0.12754582602960252,0.8840670240832037
60.18,2.7054052583925303,-0.1271022862189233,0.8824973188698453
60.2,2.706488429783401,-0.12665874640824407,0.880927613656487
60.22,2.707771926243624,-0.12621520659756488,0.8793579084431284
60.24,2.637234372232532,-0.20478386003570698,0.5681172652559144
60.26,2.552456225631702,-0.2995343345311896,0.19345552845127315
60.28,2.467669475607097,-0.3942848090266723,-0.18120620835336806
60.3,2.3827040474206895,-0.489035283522155,-0.5558679451580095
60.32,2.371514431048179,-0.5021424947249586,-0.6067870112753426
60.34,2.3717563127683414,-0.5021497958194485,-0.605760580444252
60.36,2.3720434456673054,-0.5021570969139382,-0.6047341496131613
60.38,2.3720030039886253,-0.502164398008428,-0.6037077187820706
60.4,2.36829760877831,-0.5283797515996325,-0.48079956673692825
60.42,2.3633693046312385,-0.5577205079009577,-0.3433565894946698
60.44,2.3590671168847352,-0.587061264202283,-0.20591361225241134
60.46,2.3544219877377177,-0.6164020205036083,-0.06847063501015287
60.48,2.3554482443650206,-0.6186442542455085,-0.05781954682304173
60.5,2.3566817756576337,-0.6186947833056763,-0.05742327515732839
60.52,2.3581292444096054,-0.618745312365844,-0.05702700349161504
60.54,2.358841170100515,-0.6187958414260116,-0.056630731825901705
60.56,2.4255788829883795,-0.532276012081475,0.04659319453088978
60.58,2.495047170892155,-0.4418562855882332,0.1544493909247656
60.6,2.564439239879245,-0.3514365590949915,0.2623055873186414
60.62,2.6340966449955534,-0.2610168326017498,0.37016178371251723
60.64,2.63648857795267,-0.2594178177223224,0.36343329293348364
60.66,2.638605267646346,-0.25884183037278957,0.35538502788837667
60.68,2.6400399819557947,-0.2582658430232568,0.34733676284326975
60.7,2.6394542177748246,-0.25836376815172346,0.3336492553192033
60.72,2.5329673310842655,-0.29093079647035147,0.04826304515764883
60.74,2.4270095669106957,-0.3234978247889795,-0.23712316500390565
60.76,2.320362717316126,-0.3560648531076075,-0.5225093751654603
60.78,2.2197097379072788,-0.3868782537614061,-0.7931509174117936
60.8,2.2208430749835166,-0.3857564506127186,-0.7952782337957193
60.82,2.2216991975235967,-0.3846346474640311,-0.797405550179645
60.84,2.2226520909995733,-0.3835128443153436,-0.7995328665635706
60.86,2.225438290480553,-0.3893658361586176,-0.7892564631520222
60.88,2.246397494572757,-0.4715014159478893,-0.6433219010065991
60.9,2.2676118810720776,-0.5536369957371611,-0.4973873388611759
60.92,2.288403667061335,-0.6357725755264327,-0.3514527767157527
60.94,2.307053334078148,-0.7084485041413022,-0.22253057630195008
60.96,2.308055074920908,-0.7086781605577872,-0.22389670957231694
60.98,2.3094240797650043,-0.7089078169742724,-0.2252628428426838
61.0,2.3101904840234506,-0.7091374733907574,-0.22662897611305066
61.02,2.326085155845159,-0.6980861466453907,-0.2109638375477027
61.04,2.431253724974943,-0.6216861411972506,-0.09663964638706515
61.06,2.5365307054943873,-0.5452861357491106,0.017684544773572366
61.08,2.64224916286342,-0.46888613030097054,0.13200873593420995
61.1,2.7291810250640998,-0.40614285279062057,0.22630348445168552
61.12,2.7308599267897327,-0.40606533370396825,0.2286904041132845
61.14,2.7325646193342723,-0.40598781461731587,0.23107732377488346
61.16,2.7340867603635446,-0.40591029553066355,0.23346424343648245
61.18,2.7474910963960677,-0.38653607585420147,0.238413632049688
61.2,2.808311419578023,-0.29485510744253235,0.2529648589545354
61.22,2.8687963572681445,-0.20317413903086332,0.2675160858593829
61.24,2.9294344357213156,-0.11149317061919428,0.28206731276423036
61.26,2.9755766065941547,-0.04198772698602139,0.29375590436456034
61.28,2.976621135034112,-0.041799401913816786,0.2964963590985887
61.3,2.9781277115945275,-0.041611076841612187,0.2992368138326171
61.32,2.979169084385621,-0.04142275176940758,0.30197726856664536
61.34,2.9806309510196827,-0.031659490280347875,0.30873467049304054
61.36,2.982018629300723,0.0034617259625674512,0.3261304266306818
61.38,2.9837903309754013,0.038582942205482786,0.34352618276832314
61.4,2.9851300284129154,0.07370415844839813,0.36092193890596447
61.42,2.9863875996510365,0.09810214256082775,0.37398728952465204
61.44,2.9879955372763245,0.09815896012173513,0.37722284995603084
61.46,2.9896649504704045,0.09821577768264249,0.3804584103874095
61.48,2.9912089099028867,0.09827259524354988,0.38369397081878825
61.5,2.9532347330858877,0.0890276119679413,0.37074121066794313
61.52,2.8377683982656268,0.06152644367705128,0.32601643337439784
61.54,2.7228514426176798,0.03402527538616126,0.2812916560808525
61.56,2.6072609596275615,0.006524107095271249,0.23656687878730726
61.58,2.5352963386009244,-0.010704827982150224,0.20648154989949094
61.6,2.5368450580932036,-0.010387250158581576,0.20140259158138688
61.62,2.538158820320637,-0.010069672335012927,0.1963236332632828
61.64,2.5395363189838065,-0.009752094511444279,0.19124467494517874
61.66,2.5580192796864227,0.0009545260192366742,0.2763643148560009
61.68,2.60305996992306,0.027181491283771637,0.4962329762589528
61.7,2.6478538958144116,0.053408456548306615,0.7161016376619046
61.72,2.6924947339462664,0.07963542181284158,0.9359702990648563
61.74,2.7177992498742243,0.09463716802184662,1.062759517754456
61.76,2.7179311412184792,0.09492163924733392,1.0675131889016547
61.78,2.7180913906356268,0.09520611047282122,1.0722668600488532
61.8,2.718478876257474,0.09549058169830854,1.0770205311960517
61.82,2.7229730777892245,0.1427919907424317,0.9186991313015245
61.84,2.7330034562519168,0.24431520986289035,0.5723130479025639
61.86,2.7429923195609667,0.345838428983349,0.22592696450360333
61.88,2.7535180576349068,0.44736164810380774,-0.12045911889535735
61.9,2.7589826423066413,0.4981474321005831,-0.2959504749537133
61.92,2.759847725461339,0.4974056078037064,-0.29788562840956856
61.94,2.760972599740232,0.4966637835068296,-0.2998207818654238
61.96,2.762793013662479,0.49592195920995286,-0.3017559353212791
61.98,2.7016000738642205,0.48926324515139513,-0.22731739381427887
62.0,2.5842037467797345,0.47731215126748244,-0.08456617137363868
62.02,2.4676866341246106,0.46536105738356964,0.058185051067001475
62.04,2.3506967610784955,0.45340996349965695,0.20093627350764168
62.06,2.300321228769442,0.4482089348421752,0.26386116690880607
62.08,2.302736085347911,0.4483206392081152,0.2639576341836664
62.1,2.3045950413296645,0.44843234357405526,0.2640541014585268
62.12,2.306487866416024,0.4485440479399953,0.26415056873338716
62.14,2.3084561976748175,0.4488777028532891,0.26441286176351153
62.16,2.310532635865127,0.4493647692522023,0.26478977300824413
62.18,2.3123130086977275,0.4498518356511155,0.26516668425297674
62.2,2.3137485972764824,0.45033890205002863,0.26554359549770934
62.22,2.3154293984372214,0.450359382671877,0.2646334530121366
62.24,2.3174649569192116,0.45009753626021404,0.262944525403853
62.26,2.3195569531191946,0.4498356898485512,0.26125559779556945
62.28,2.3217532953706943,0.44957384343688833,0.25956667018728585
62.3,2.273898729882818,0.46774052000747923,0.16305093303434998
62.32,2.2004259231056995,0.4956250947221329,0.01653025097243934
62.34,2.1266604794288186,0.5235096694367865,-0.12999043108947136
62.36,2.052535563937925,0.5513942441514401,-0.276511113151382
62.38,2.0303197301876486,0.5597294606352713,-0.32436157174017016
62.4,2.031519805803793,0.5591354382589325,-0.3271440550340598
62.42,2.032697749887983,0.558541415882594,-0.3299265383279494
62.44,2.034134902958664,0.5579473935062552,-0.332709021621839
62.46,2.0374941983225545,0.5587386702214435,-0.33413671654463006
62.48,2.041473445007924,0.5600735552437822,-0.33503277594014425
62.5,2.045278846854584,0.5614084402661209,-0.33592883533565837
62.52,2.049063005580794,0.5627433252884597,-0.3368248947311725
62.54,2.050847755177759,0.5628029594967505,-0.3382504262270842
62.56,2.0516878480250527,0.5624372795777963,-0.33985254413392035
62.58,2.0529627888828417,0.562071599658842,-0.34145466204075653
62.6,2.0536353906411287,0.5617059197398878,-0.34305677994759265
62.62,2.0571109681617643,0.5625944865526046,-0.34391794120179114
62.64,2.0612919036021493,0.5638334854646488,-0.34457208178873344
62.66,2.0648359235544205,0.5650724843766931,-0.34522622237567574
62.68,2.0685791031999035,0.5663114832887374,-0.345880362962618
62.7,2.0709078693337,0.5660642814008146,-0.34743690054132054
62.72,2.071575401047206,0.5654759964292995,-0.34920053822963204
62.74,2.0724271002628525,0.5648877114577845,-0.35096417591794354
62.76,2.073828232405622,0.5642994264862693,-0.35272781360625505
62.78,2.0773371081329612,0.5649980181928629,-0.35390856241461666
62.8,2.08070875747236,0.5659325579333158,-0.35498243891149545
62.82,2.084461089572737,0.5668670976737686,-0.3560563154083743
62.84,2.088696851318542,0.5678016374142215,-0.35713019190525314
62.86,2.090048655644125,0.567812249691177,-0.35755411976439544
62.88,2.0912648008596975,0.5676930150194128,-0.35788670512018234
62.9,2.0919590118236275,0.5675737803476486,-0.35821929047596923
62.92,2.092404851707892,0.5674545456758843,-0.35855187583175613
62.94,2.0965126678017647,0.5680359990862194,-0.3587035409532464
62.96,2.100404731245871,0.5686880231404542,-0.3588369844754902
62.98,2.103877293744486,0.569340047194689,-0.358970427997734
63.0,2.107656331322934,0.5699920712489238,-0.35910387151997775
63.02,2.1086412030764308,0.569736636901744,-0.3594772879271569
63.04,2.109514927440722,0.5694235051562044,-0.3598659621258955
63.06,2.1102627385681703,0.5691103734106647,-0.36025463632463406
63.08,2.111671698259313,0.5687972416651251,-0.3606433105233727
63.1,2.1150622444715554,0.5698546167327263,-0.3606902401172844
63.12,2.118545888710699,0.5709515587334265,-0.3607273034443622
63.14,2.1223814056710246,0.5720485007341267,-0.3607643667714401
63.16,2.126487942154702,0.5731410604173478,-0.3608025773619114
63.18,2.127658320698858,0.5730406558978857,-0.36115309854285227
63.2,2.128825593076536,0.5729402513784234,-0.36150361972379313
63.22,2.1298684551869127,0.5728398468589612,-0.3618541409047341
63.24,2.133521579921044,0.5761075828152205,-0.3662483285490068
63.26,2.198731012952497,0.6712055395580292,-0.48089052597540727
63.28,2.2638471196481027,0.766303496300838,-0.595532723401808
63.3,2.3291033726237695,0.8614014530436468,-0.7101749208282085
63.32,2.390027417287494,0.9501525489924665,-0.81695439236139
63.34,2.3916689975802297,0.9506630469933404,-0.8144181475367246
63.36,2.393000998919545,0.9511735449942141,-0.8118819027120592
63.38,2.3950809037724685,0.9516840429950881,-0.809345657887394
63.4,2.4023253869091103,0.9491575316828803,-0.7780298752440523
63.42,2.4571537447748977,0.9189354951122352,-0.48426365718386527
63.44,2.5119625316254393,0.8887134585415899,-0.19049743912367822
63.46,2.567373040831901,0.8584914219709447,0.10326877893650868
63.48,2.615261540190466,0.8322916364564779,0.358782275244103
63.5,2.6166438936223866,0.8328817972289724,0.3595159612492245
63.52,2.6173966238031925,0.8334719580014669,0.36024964725434605
63.54,2.618778142180451,0.8340621187739614,0.3609833332594676
63.56,2.618790752541914,0.8379893424789936,0.3323878153690123
63.58,2.611831827715246,0.8591455126527662,0.1523683375164401
63.6,2.6052884324783405,0.8803016828265386,-0.027651140336132068
63.62,2.5984645269478515,0.9014578530003112,-0.20767061818870428
63.64,2.59320807632604,0.9186115547622309,-0.3521087488275456
63.66,2.5942185132082427,0.9191344548631455,-0.34870153318194635
63.68,2.5950564905880578,0.91965735496406,-0.34529431753634704
63.7,2.595691158025639,0.9201802550649747,-0.3418871018907477
63.72,2.5977332013868475,0.9208332002393265,-0.33922741050315774
63.74,2.602484863848324,0.9219322820259747,-0.3391321987322349
63.76,2.606773926561667,0.923031363812623,-0.33903698696131196
63.78,2.6112308518426257,0.9241304455992712,-0.33894177519038904
63.8,2.6143834909615453,0.9250133199787081,-0.3390228563299341
63.82,2.6151030203874117,0.9252725060081172,-0.3396124854228984
63.84,2.6163797809266582,0.9255316920375263,-0.34020211451586274
63.86,2.6170857732518447,0.9257908780669353,-0.3407917436088271
63.88,2.6195035378975966,0.9263152996345009,-0.34123415762922404
63.9,2.623200281388443,0.9274918051974219,-0.3413146420478658
63.92,2.627178750224556,0.9286683107603428,-0.3413951264665076
63.94,2.6313384051052884,0.9298448163232639,-0.34147561088514944
63.96,2.6343755727541467,0.9308367659963195,-0.34025465186372394
63.98,2.6349592755432805,0.9314380840647174,-0.33627905336839115
64.0,2.63617065948414,0.9320394021331151,-0.3323034548730584
64.02,2.637516820398577,0.9326407202015127,-0.3283278563777256
64.04,2.6714436225605813,0.908847228787204,-0.32148519633481387
64.06,2.7665813478360617,0.8402595774000419,-0.30937798959784785
64.08,2.861310782944839,0.7716719260128795,-0.29727078286088177
64.1,2.956353153322549,0.7030842746257171,-0.2851635761239157
64.12,3.0144644508950407,0.6610187945603153,-0.27617726782887925
64.14,3.0156060201322874,0.6614449201892698,-0.27219100211700037
64.16,3.0166887756051644,0.6618710458182243,-0.2682047364051214
64.18,3.0176632787273387,0.6622971714471788,-0.2642184706932425
64.2,3.0381954385032524,0.6565802687768002,-0.2559333390446986
64.22,3.0875037816160122,0.6422403078094087,-0.24161382666785353
64.24,3.136485387403126,0.6279003468420171,-0.22729431429100846
64.26,3.1862206250017224,0.6135603858746257,-0.21297480191416343
64.28,3.2141044807379697,0.605770908970097,-0.20492352708661535
64.3,3.2155102119611545,0.6060609573674455,-0.20460364789207747
64.32,3.2168955858702732,0.6063510057647938,-0.2042837686975396
64.34,3.2180470977497366,0.6066410541621423,-0.20396388950300173
64.36,3.258780538818489,0.6023471495991819,-0.20260142776107945
64.38,3.3426303967643687,0.5930766039936448,-0.20010706978450693
64.4,3.426284990242985,0.5838060583881077,-0.1976127118079344
64.42,3.510226761183074,0.5745355127825706,-0.1951183538313619
64.44,3.5516378283506462,0.5703449347613773,-0.19205321508601175
64.46,3.5522234254781213,0.5710120504843222,-0.18844227006852896
64.48,3.5530672857573746,0.5716791662072672,-0.18483132505104616
64.5,3.553697900432911,0.5723462819302122,-0.18122038003356336
64.52,3.610925126675212,0.5422636049016272,-0.17077383612629918
64.54,3.7165205417813274,0.4862912147249416,-0.15457207637475556
64.56,3.822615982042893,0.43031882454825604,-0.13837031662321198
64.58,3.92858929065351,0.37434643437157045,-0.1221685568716684
64.6,3.974301109382133,0.3506168608845456,-0.1164131069604311
64.62,3.9747750350920654,0.35075564285215627,-0.11839073567124983
64.64,3.9759147710446197,0.3508944248197669,-0.12036836438206859
64.66,3.9772111194606135,0.3510332067873776,-0.12234599309288732
64.68,4.02656829157698,0.3665400858888087,-0.151027097499783
64.7,4.106174656640776,0.3920243747994553,-0.1970448648669776
64.72,4.185610415901751,0.41750866371010187,-0.2430626322341722
64.74,4.265426283609559,0.44299295262074845,-0.2890803996013668
64.76,4.295208634667506,0.4524913116473891,-0.3073293647181208
64.78,4.296830140842851,0.45292180732363946,-0.30982674665903864
64.8,4.298327896369607,0.4533523029998899,-0.31232412859995645
64.82,4.2997208263206526,0.4537827986761402,-0.3148215105408743
64.84,4.277747227341454,0.4830158421974225,-0.40827091973443463
64.86,4.244004518993753,0.5264490489549989,-0.5465612798261
64.88,4.209748128529629,0.5698822557125753,-0.6848516399177653
64.9,4.1757905084412466,0.6133154624701518,-0.8231420000094306
64.92,4.16662124250925,0.6265369068962858,-0.8655302735284102
64.94,4.167726784490111,0.6269030275245757,-0.8671115142680511
64.96,4.168500571657221,0.6272691481528655,-0.8686927550076923
64.98,4.169843923590504,0.6276352687811554,-0.8702739957473332
65.0,4.1334283860785055,0.6492300858509671,-0.7687594789395427
65.02,4.0834542485490495,0.6785487103892391,-0.6297348029797303
65.04,4.033647571342928,0.7078673349275111,-0.4907101270199178
65.06,3.9839552100726596,0.7371859594657832,-0.35168545106010546
65.08,3.9734932428903402,0.7438315402874874,-0.32255872102819755
65.1,3.975009534005781,0.7435100720564626,-0.3272018010687836
65.12,3.976321013305099,0.7431886038254378,-0.33184488110936966
65.14,3.9774255564002745,0.7428671355944132,-0.3364879611499557
65.16,4.051821347009061,0.744460142595662,-0.30170177070624776
65.18,4.1450934394647225,0.7465417854397575,-0.25685195839314284
65.2,4.238108168203135,0.7486234282838531,-0.21200214608003795
65.22,4.33072575586471,0.7507050711279487,-0.16715233376693303
65.24,4.348672446191498,0.7509875429337425,-0.1599478489611749
65.26,4.3508050872150195,0.7508972851478993,-0.16054224889185195
65.28,4.352679163213119,0.7508070273620564,-0.161136648822529
65.3,4.354496375568778,0.7507167695762134,-0.16173104875320604
65.32,4.279273016063184,0.7925253337246994,-0.10225869440628246
65.34,4.19220532864982,0.8411486471617996,-0.033016617377794356
65.36,4.105252749664818,0.8897719605989001,0.03622545965069374
65.38,4.018559893844232,0.9383952740360003,0.10546753667918189
65.4,4.01060105644075,0.9439561105260137,0.1136317287925591
65.42,4.011956166698935,0.9442936825983683,0.11438747704482354
65.44,4.0135755301061575,0.9446312546707227,0.11514322529708795
65.46,4.015463107219141,0.9449688267430774,0.11589897354935239
65.48,4.069158750809028,0.8659238865988912,0.2543338942489212
65.5,4.1270633811942945,0.780307430692159,0.4041662981806124
65.52,4.185252487158546,0.6946909747854269,0.5539987021123034
65.54,4.243420803073079,0.6090745188786947,0.7038311060439947
65.56,4.2469847411265125,0.6054465873015927,0.7106166653395518
65.58,4.247926406248599,0.6056580502226923,0.7107035643924513
65.6,4.249252436532837,0.6058695131437919,0.710790463445351
65.62,4.250518407004798,0.6060809760648914,0.7108773624982506
65.64,4.29783468547747,0.6092761254319037,0.4974927444398046
65.66,4.3451820408827055,0.6125106147108522,0.2812935039884614
65.68,4.392986201635351,0.6157451039898008,0.06509426353711825
65.7,4.439580667460046,0.6189188126164072,-0.1472189087232321
65.72,4.441284894620541,0.6189041796320877,-0.15568246044139605
65.74,4.443145063278992,0.6188895466477681,-0.16414601215956004
65.76,4.444861907324135,0.6188749136634485,-0.172609563877724
65.78,4.442080016211879,0.6227039139076704,-0.1787588635931601
65.8,4.349337400646542,0.698911007608806,-0.14132930503136062
65.82,4.2565753699303714,0.7751181013099413,-0.10389974646956116
65.84,4.164915279027214,0.851325195011077,-0.06647018790776169
65.86,4.080345365600731,0.9212835732280682,-0.03192727098328451
65.88,4.081305356395301,0.921423382892032,-0.029637572749081968
65.9,4.082755746718279,0.9215631925559957,-0.02734787451487942
65.92,4.084192454810165,0.9217030022199595,-0.02505817628067688
65.94,4.086598357933141,0.9153170000993923,-0.004640018132745021
65.96,4.095573961935846,0.8581461984127097,0.15685640484400892
65.98,4.1051400838474965,0.8009753967260269,0.31835282782076285
66.0,4.114752299557033,0.7438045950393445,0.4798492507975167
66.02,4.122872017866769,0.6950125759641779,0.6180739225471923
66.04,4.124246510392109,0.6953932447851111,0.6197233168440326
66.06,4.125062266990116,0.6957739136060442,0.621372711140873
66.08,4.126550984660449,0.6961545824269774,0.6230221054377133
66.1,4.1426999297186775,0.6864479335376077,0.6277295054866932
66.12,4.22538543528792,0.6299370559144308,0.6466257716746124
66.14,4.307931353193525,0.5734261782912541,0.6655220378625317
66.16,4.390054435508746,0.5169153006680773,0.684418304050451
66.18,4.45539209523502,0.47219002444557157,0.6979944263474244
66.2,4.456684465888614,0.4720620142236946,0.6914388757496549
66.22,4.458245778509891,0.4719340040018175,0.6848833251518853
66.24,4.459500548247583,0.47180599377994054,0.6783277745541157
66.26,4.464966487035146,0.48613629937677,0.6252042616463656
66.28,4.485360272245616,0.5460640300302425,0.42521861084544255
66.3,4.505773927755452,0.6059917606837151,0.22523296004451954
66.32,4.526294412824651,0.6659194913371876,0.025247309243596507
66.34,4.541474180421868,0.7095066922991516,-0.12031354869174984
66.36,4.542759839336524,0.7094622400997652,-0.12055208657261376
66.38,4.544406550546145,0.7094177879003788,-0.12079062445347769
66.4,4.545576296837977,0.7093733357009923,-0.1210291623343416
66.42,4.534876281180594,0.7207842302216759,-0.08580665120673445
66.44,4.496122301648289,0.758398464632802,0.03053063913682045
66.46,4.457847158344356,0.7960126990439284,0.1468679294803754
66.48,4.419663836487816,0.8336269334550546,0.26320521982393025
66.5,4.394939794591495,0.8588809874831902,0.34167202291233717
66.52,4.396226666486773,0.8596989948219468,0.34526896439339694
66.54,4.398049129031195,0.8605170021607031,0.34886590587445665
66.56,4.399476123077478,0.8613350094994597,0.35246284735551636
66.58,4.400848692678913,0.8617702648475067,0.35418663208391876
66.6,4.4008232433163466,0.8615471359637471,0.35268833854862436
66.62,4.401436377030282,0.8613240070799875,0.35119004501332995
66.64,4.401626911499023,0.8611008781962278,0.3496917514780356
66.66,4.403071803394106,0.861021085844841,0.34869396885697274
66.68,4.404653672561724,0.8611568821475425,0.3484489913482522
66.7,4.406191840485042,0.8612926784502439,0.3482040138395317
66.72,4.407673730895005,0.8614284747529455,0.3479590363308112
66.74,4.424152085332801,0.8197279520114816,0.38361509911512287
66.76,4.461662928736405,0.7228113817767635,0.46665376130510056
66.78,4.499011373214426,0.6258948115420454,0.5496924234950782
66.8,4.536423137433465,0.5289782413073272,0.6327310856850558
66.82,4.557376285430181,0.47672678761048376,0.6772836634773841
66.84,4.558406892762898,0.4763229779791256,0.6771612698380025
66.86,4.55987006099072,0.4759191683477673,0.6770388761986209
66.88,4.560875980261961,0.47551535871640915,0.6769164825592393
66.9,4.592190524519562,0.47440567157968716,0.5280998032157803
66.92,4.654556024476602,0.4725744336706233,0.2272872380744216
66.94,4.716737232183414,0.4707431957615595,-0.07352532706693721
66.96,4.779418417043996,0.4689119578524957,-0.37433789220829594
66.98,4.809510659981974,0.46806157328226516,-0.5166481894424793
67.0,4.811176720515251,0.46809425991739956,-0.5162574494957911
67.02,4.812544561770048,0.4681269465525339,-0.515866709549103
67.04,4.813738643121404,0.4681596331876682,-0.5154759696024147
67.06,4.818612834007425,0.49969717947376313,-0.3121464024238383
67.08,4.82631757493906,0.5561952085882743,0.05196633181087223
67.1,4.83433288705617,0.6126932377027855,0.41607906604558287
67.12,4.841794144861968,0.6691912668172967,0.7801918002802934
67.14,4.8461701704638305,0.6926354155924498,0.9320929749787162
67.16,4.847217760709894,0.6930786228073093,0.9363241747997593
67.18,4.847936380214439,0.6935218300221688,0.9405553746208022
67.2,4.848915340148987,0.6939650372370284,0.9447865744418451
67.22,4.810599493100581,0.6907247928877521,0.6860259978164873
67.24,4.747534544716732,0.6852402465710584,0.2670263217985541
67.26,4.684727462478906,0.6797557002543647,-0.15197335421937924
67.28,4.622497304698996,0.674271153937671,-0.5709730302373125
67.3,4.601627667072323,0.6725419109817043,-0.7153794870401687
67.32,4.602704000301643,0.6728072345056251,-0.7139403548079069
67.34,4.603447400347013,0.6730725580295459,-0.7125012225756452
67.36,4.604782610600908,0.6733378815534667,-0.7110620903433833
67.38,4.676901879248863,0.6365371023578308,-0.46874527275211647
67.4,4.782083710237681,0.5826779920412516,-0.1155732258536609
67.42,4.887206468122958,0.5288188817246724,0.23759882104479468
67.44,4.992567765391572,0.47495977140809303,0.5907708679432501
67.46,5.023084671324269,0.46004141534230714,0.6921452705264501
67.48,5.024980196006241,0.46052697852330593,0.6939152701085496
67.5,5.026661779513693,0.4610125417043047,0.695685269690649
67.52,5.027918318020486,0.4614981048853035,0.6974552692727485
67.54,4.976960690530461,0.39638942846457315,0.5876872383094135
67.56,4.908836246129214,0.30921399426479085,0.44039635902673124
67.58,4.840192084463775,0.2220385600650085,0.293105479744049
67.6,4.77208938711545,0.13486312586522614,0.14581460046136668
67.62,4.7575899536242,0.11550062568738806,0.11554374068031206
67.64,4.757900957386633,0.11526575705589469,0.1182800918223078
67.66,4.758606543169756,0.1150308884244013,0.12101644296430351
67.68,4.759243504630735,0.11479601979290793,0.12375279410629926
67.7,4.704107465651404,0.19462983055357416,0.008622180207019846
67.72,4.636233940687989,0.2930366866842933,-0.13384931786770665
67.74,4.5683190662633075,0.3914435428150125,-0.2763208159424332
67.76,4.500534927027535,0.48985039894573174,-0.4187923140171598
67.78,4.49092361368567,0.5053662158037733,-0.44171334524715217
67.8,4.491893808043586,0.5054948339540218,-0.4424420284852469
67.82,4.4930419438829,0.5056234521042705,-0.44317071172334155
67.84,4.493872463268305,0.5057520702545191,-0.44389939496143616
67.86,4.561224287569747,0.5145489349152024,-0.38715958455415006
67.88,4.638320185265519,0.5245823942221242,-0.32222143420767074
67.9,4.714883862318322,0.5346158535290458,-0.2572832838611915
67.92,4.792186268808804,0.5446493128359675,-0.19234513351471222
67.94,4.80043029168455,0.5457768531312457,-0.18649277614401644
67.96,4.8018881087541265,0.5459898394114244,-0.18670797329865244
67.98,4.803436168870929,0.5462028256916033,-0.18692317045328843
68.0,4.804658482566767,0.546415811971782,-0.18713836760792443
68.02,4.828889169148179,0.6063016276739418,-0.380340078229737
68.04,4.855158368151259,0.6700915149717281,-0.5861678562404149
68.06,4.8813053745872335,0.7338814022695145,-0.7919956342510927
68.08,4.9074511272912025,0.7976712895673008,-0.9978234122617705
68.1,4.910036871412722,0.7996619346716922,-1.004293211117015
68.12,4.9119083662308185,0.7997618234139174,-1.004663625027423
68.14,4.913608498302786,0.7998617121561429,-1.0050340389378314
68.16,4.915497742425205,0.8000419689738846,-1.0046380223751914
68.18,4.900849285989754,0.839666877259276,-0.6280779296009588
68.2,4.8861967292682404,0.8792917855446675,-0.2515178368267261
68.22,4.871751581151325,0.9189166938300588,0.12504225594750654
68.24,4.857958056312954,0.9572059355807162,0.4889309622592508
68.26,4.859012131709539,0.9572597112287334,0.4900821476699445
68.28,4.86027952875744,0.9573134868767506,0.49123333308063816
68.3,4.8613822306562,0.9573672625247679,0.49238451849133186
68.32,4.860270567250073,0.9535410020443592,0.4772902868246536
68.34,4.825491779206257,0.8943338532215231,0.23032047476148246
68.36,4.790295815916142,0.8351267043986872,-0.016649337301688667
68.38,4.7554266612602465,0.7759195555758512,-0.26361914936485975
68.4,4.724138378310936,0.7224369802878676,-0.48647479750402345
68.42,4.725242932514558,0.7221282679597265,-0.4853411405744768
68.44,4.72610485021094,0.7218195556315853,-0.48420748364493016
68.46,4.72730577829686,0.7215108433034441,-0.48307382671538346
68.48,4.728684506059151,0.7098142070804806,-0.4726867314024397
68.5,4.731686248033082,0.6211682554547177,-0.399773248022559
68.52,4.73441783419977,0.5325223038289547,-0.32685976464267835
68.54,4.737784215133109,0.4438763522031919,-0.25394628126279767
68.56,4.740959941662951,0.3693927117225137,-0.1929399617368809
68.58,4.74282631771074,0.36891162871896294,-0.19415234143777538
68.6,4.74407583647044,0.3684305457154122,-0.19536472113866984
68.62,4.7457520684864605,0.3679494627118616,-0.1965771008395643
68.64,4.7493752721273665,0.3906723072813359,-0.22633486038195202
68.66,4.760284467836284,0.5108222135000412,-0.3759470054746094
68.68,4.7705634274154685,0.6309721197187466,-0.5255591505672668
68.7,4.781578022354832,0.7511220259374518,-0.6751712956599242
68.72,4.789872137330567,0.8442890026921939,-0.7917890506561318
68.74,4.7909776447758174,0.844019628417517,-0.7941539992930167
68.76,4.792215098010856,0.8437502541428401,-0.7965189479299016
68.78,4.792748245364825,0.8434808798681631,-0.7988838965667865
68.8,4.82231418545491,0.8293238534207666,-0.6972134671910292
68.82,4.93280966371364,0.7747623699366731,-0.2928645930407476
68.84,5.043473970519788,0.7202008864525795,0.11148428110953383
68.86,5.154392902669274,0.6656394029684859,0.5158331552598153
68.88,5.23296958230336,0.6269099310189079,0.8028165038610492
68.9,5.233743518246882,0.6274133928861572,0.7989591158821967
68.92,5.234510705531831,0.6279168547534064,0.7951017279033441
68.94,5.235616664810536,0.6284203166206557,0.7912443399244916
68.96,5.211502782789649,0.6032241419938345,0.7286933655250705
68.98,5.134510477920686,0.5232239017733178,0.5409792526951032
69.0,5.056713636705616,0.4432236615528011,0.35326513986513597
69.02,4.979053513445051,0.3632234213322843,0.16555102703516864
69.04,4.929159263326957,0.3112806207515177,0.042959226904889805
69.06,4.930658048843756,0.3112262021696471,0.04080220205701849
69.08,4.932005512645644,0.31117178358777653,0.038645177209147175
69.1,4.933784787636606,0.311117365005906,0.03648815236127586
69.12,4.912912431995925,0.3514446636004037,-0.02702354933356439
69.14,4.857122944631968,0.4569148385751076,-0.18951123344473858
69.16,4.801806828882474,0.5623850135498115,-0.3519989175559127
69.18,4.746077999161461,0.6678551885245154,-0.5144866016670869
69.2,4.713768462582685,0.7294395971134856,-0.6100766898060724
69.22,4.714751236572948,0.729006828474365,-0.6111304303494719
69.24,4.715855576482485,0.7285740598352445,-0.6121841708928715
69.26,4.717405146443111,0.728141291196124,-0.613237911436271
69.28,4.767636653464083,0.7376523871483164,-0.43129548962414266
69.3,4.878149869492617,0.7595094663032154,-0.02215090452281377
69.32,4.988423942530973,0.7813665454581142,0.3869936805785152
69.34,5.099213553100034,0.8032236246130133,0.7961382656798441
69.36,5.157170945583692,0.8146370999873839,1.0091949193596816
69.38,5.15880683158029,0.8146381606773223,1.0079733569158014
69.4,5.159914809262065,0.8146392213672607,1.0067517944719206
69.42,5.16109892534041,0.8146402820571991,1.0055302320280401
69.44,5.171080934636876,0.7632203688618274,0.9296594842022353
69.46,5.188379379682538,0.6623082812804616,0.7819396401509293
69.48,5.205734439149423,0.5613961936990958,0.6342197960996235
69.5,5.222696662423797,0.46048410611772994,0.48649995204831764
69.52,5.23182315324658,0.41426630381819485,0.4178956128697595
69.54,5.23285659884883,0.4144009837109281,0.41634032665623916
69.56,5.233980655886161,0.4145356636036613,0.41478504044271886
69.58,5.235180362246327,0.41467034349639453,0.41322975422919855
69.6,5.188418064844213,0.4087500445679062,0.30062757462020606
69.62,5.106240718209092,0.3983175186967019,0.10527220972709418
69.64,5.023800959338887,0.38788499282549754,-0.09008315516601773
69.66,4.941818021027548,0.37745246695429313,-0.28543852005912956
69.68,4.909495868462025,0.3731291433534424,-0.3627216656234234
69.7,4.911034889972827,0.37279919205035916,-0.36282512242675996
69.72,4.912685176048047,0.37246924074727583,-0.3629285792300966
69.74,4.914368812934607,0.3721392894441925,-0.36303203603343315
69.76,4.912561417033295,0.41313239667407375,-0.45597977764936215
69.78,4.908568441348241,0.47773113606272277,-0.6019644461806015
69.8,4.905009004264825,0.5423298754513718,-0.7479491147118406
69.82,4.901002280530776,0.6069286148400208,-0.8939337832430798
69.84,4.900222670522246,0.628471974030902,-0.9427292272123419
69.86,4.901465710323691,0.6286317725149034,-0.9432554032311294
69.88,4.902362582673035,0.628791570998905,-0.9437815792499169
69.9,4.903341030410081,0.6289513694829065,-0.9443077552687046
69.92,4.913415981396479,0.5463689201707821,-0.8531259928194163
69.94,4.927546643376487,0.42830490265790394,-0.7226179906319572
69.96,4.9414936368094,0.3102408851450257,-0.5921099884444981
69.98,4.955455567452482,0.19217686763214742,-0.4616019862570391
70.0,4.9601410607082315,0.16020024681055006,-0.4281345580627942
70.02,4.9620308134985285,0.1598065508451202,-0.4302684521784556
70.04,4.963975193450725,0.15941285487969029,-0.432402346294117
70.06,4.9650420542913025,0.1590191589142604,-0.4345362404097784
70.08,5.00112027502281,0.23288217063993813,-0.4773153447598248
70.1,5.048652157046092,0.32976990472910017,-0.5326972793477144
70.12,5.096056216534456,0.42665763881826224,-0.5880792139356038
70.14,5.1435393633887445,0.5235453729074242,-0.6434611485234933
70.16,5.154162147545429,0.5435989162771347,-0.6528035916595984
70.18,5.155418666189736,0.5438445659780135,-0.6502770303498332
70.2,5.156852011743496,0.5440902156788922,-0.6477504690400679
70.22,5.158187625304622,0.5443358653797709,-0.6452239077303027
70.24,5.188922173989939,0.5294127906966825,-0.4334513271728265
70.26,5.226096781427398,0.5113112228568949,-0.17783280259197626
70.28,5.263242505038934,0.49320965501710723,0.07778572198887403
70.3,5.3003806877274835,0.47510808717731967,0.33340424656972417
70.32,5.30723564820888,0.4728687666639524,0.374710283492168
70.34,5.30950618254396,0.4732443500205996,0.38068673931313796
70.36,5.310993269430193,0.4736199333772469,0.3866631951341078
70.38,5.312756247365253,0.4739955167338942,0.39263965095507763
70.4,5.268056074279011,0.38488845740008965,0.3367145498493917
70.42,5.217902910600445,0.2847442516403459,0.2731542635586127
70.44,5.16825535165967,0.1846000458806021,0.2095939772678338
70.46,5.118015854985369,0.08445584012085836,0.14603369097705485
70.48,5.11523934065959,0.0756798718188495,0.13938627402013057
70.5,5.116492993164083,0.07464219270602507,0.13755900303237156
70.52,5.117457470210004,0.07360451359320064,0.13573173204461256
70.54,5.118753999194253,0.07256683448037622,0.13390446105685355
70.56,5.121412178264545,0.07214575506617366,0.13414063488713607
70.58,5.124830487907997,0.07175465107442017,0.13447712117339192
70.6,5.127598824948993,0.0713635470826667,0.13481360745964777
70.62,5.130622897608644,0.07097244309091322,0.13515009374590362
70.64,5.131892448414305,0.07042415580953743,0.13634363718965395
70.66,5.13329332101887,0.0698735331594342,0.1375499144582786
70.68,5.13495568045423,0.069322910509331,0.13875619172690323
70.7,5.1363932501337635,0.06880725963713244,0.1399323561262029
70.72,5.138840432337621,0.0703041513172057,0.13937559659315918
70.74,5.141257522471829,0.07180104299727896,0.13881883706011544
70.76,5.143550446369486,0.07329793467735223,0.13826207752707173
70.78,5.145570436058427,0.07469808482029638,0.137823607009312
70.8,5.146809226220425,0.07421258116869393,0.1396907865478019
70.82,5.148160238415889,0.0737270775170915,0.14155796608629181
70.84,5.149452415577615,0.07324157386548905,0.1434251456247817
70.86,5.157991447512975,0.0655295596468251,0.1324917408390388
70.88,5.2501019604908485,-0.024703365643487032,-0.024613993023456838
70.9,5.3417523032716225,-0.11493629093379916,-0.18171972688595245
70.92,5.432563921220261,-0.20516921622411124,-0.3388254607484481
70.94,5.514129675480332,-0.2852726396909801,-0.47813086467954974
70.96,5.515207912110904,-0.2852575759094092,-0.47664597788521534
70.98,5.515530150800419,-0.2852425121278383,-0.47516109109088106
71.0,5.516461726784493,-0.28522744834626734,-0.47367620429654667
71.02,5.529732639709639,-0.28645218604531975,-0.4504205344031573
71.04,5.618893211216693,-0.2950491896107973,-0.2977086542737405
71.06,5.707956371200604,-0.30364619317627484,-0.1449967741443236
71.08,5.7967747572859025,-0.3122431967417524,0.007715105985093278
71.1,5.870456158153301,-0.31944951328321625,0.13434055408190215
71.12,5.87075973594356,-0.3201305460337519,0.13856508150696772
71.14,5.871228782835752,-0.32081157878428757,0.14278960893203335
71.16,5.871453406890691,-0.3214926115348232,0.14701413635709895
71.18,5.886530686502199,-0.3129451763251215,0.1532548504025269
71.2,5.959454369843632,-0.2691305174791485,0.16720055998341615
71.22,6.032754170925424,-0.22531585863317552,0.1811462695643054
71.24,6.10583351535326,-0.18150119978720256,0.19509197914519466
71.26,6.1616678161559815,-0.1482690086609802,0.20633708391634398
71.28,6.162653190194547,-0.14870994186071906,0.20898893766874094
71.3,6.163674313215231,-0.1491508750604579,0.21164079142113792
71.32,6.164300430349445,-0.14959180826019677,0.21429264517353483
71.34,6.179988138201803,-0.12928861680413248,0.2189289270447387
71.36,6.236764469812651,-0.05313825491578082,0.22890767080336805
71.38,6.293130185306319,0.02301210697257085,0.23888641456199736
71.4,6.349636163100981,0.09916246886092252,0.2488651583206267
71.42,6.388872184078005,0.15222108583956842,0.2562597318381809
71.44,6.389494105030152,0.15205074781803138,0.2576975150822905
71.46,6.390549866874199,0.1518804097964943,0.25913529832640003
71.48,6.391503839002702,0.1517100717749572,0.2605730815705097
71.5,6.375193874861605,0.1785890852165651,0.3273490232579315
71.52,6.324102286146013,0.2593364543092535,0.5242448741567282
71.54,6.27311788722201,0.3400838234019419,0.7211407250555251
71.56,6.2221945215569585,0.42083119249463036,0.9180365759543218
71.58,6.190643954069726,0.47198715009331077,1.0442795671902227
71.6,6.192063948424378,0.4718842071150937,1.0481361048543771
71.62,6.193530059609525,0.4717812641368767,1.0519926425185313
71.64,6.195577809916725,0.47167832115865965,1.0558491801826855
71.66,6.174464083691266,0.42826717888189775,0.9026334752693922
71.68,6.118290480734,0.3192737838841445,0.5115609285798777
71.7,6.062115139117669,0.2102803888863912,0.12048838189036315
71.72,6.005925812350419,0.1012869938886379,-0.2705841647991514
71.74,5.974637799276053,0.03874961407279529,-0.4937508274733487
71.76,5.975805725309106,0.037933625639760465,-0.4938379870475668
71.78,5.97691380484611,0.03711763720672563,-0.493925146621785
71.8,5.978523409939085,0.036301648773690805,-0.49401230619600317
71.82,5.967467096661826,-0.015846878425166362,-0.48976000124390423
71.84,5.9416020678769295,-0.12797390109561121,-0.4804373343011743
71.86,5.915664445128234,-0.24010092376605605,-0.4711146673584444
71.88,5.889475356121407,-0.3522279464365009,-0.46179200041571444
71.9,5.877157715889542,-0.40934151823323117,-0.4567170357908928
71.92,5.878585820822917,-0.409852966895057,-0.4560124381548752
71.94,5.879972751738028,-0.4103644155568828,-0.4553078405188576
71.96,5.881615025697849,-0.41087586421870864,-0.45460324288284
71.98,5.949174336023589,-0.40841783404960597,-0.37414983558610315
72.0,6.075885690266764,-0.40326885756007186,-0.22142793333323316
72.02,6.203172794156368,-0.3981198810705378,-0.06870603108036315
72.04,6.330293187115548,-0.3929709045810038,0.0840158711725069
72.06,6.388002366968065,-0.3904854559239935,0.1498700459948879
72.08,6.389579129325622,-0.39012420965388844,0.14644593819537377
72.1,6.390909164754904,-0.3897629633837833,0.1430218303958596
72.12,6.392438673910684,-0.3894017171136782,0.13959772259634545
72.14,6.34586754860033,-0.33850555123334686,0.06416537206265446
72.16,6.264807624095842,-0.2522069831641196,-0.06171258697013681
72.18,6.183377519366403,-0.16590841509489232,-0.18759054600292804
72.2,6.102544116641196,-0.079609847025665,-0.31346850503571927
72.22,6.073133976203008,-0.046978634352668074,-0.3628733572627703
72.24,6.07478821109323,-0.04727325980007232,-0.3653606538051821
72.26,6.076502103726898,-0.04756788524747657,-0.367847950347594
72.28,6.07770476357728,-0.04786251069488082,-0.3703352468900058
72.3,6.1585537377195125,-0.06257895536636819,-0.3388976178551228
72.32,6.282451123861587,-0.0850104431558652,-0.2893116359989099
72.34,6.406642298004087,-0.10744193094536221,-0.23972565414269703
72.36,6.530344956575872,-0.1298734187348592,-0.19013967228648415
72.38,6.570537460559219,-0.13724532721165467,-0.17751322024576432
72.4,6.571253049535137,-0.13763425218571787,-0.18202455018496005
72.42,6.572826726128331,-0.13802317715978107,-0.18653588012415578
72.44,6.573969067888788,-0.13841210213384428,-0.1910472100633515
72.46,6.511342480261463,-0.0990710361034819,-0.14358130276792885
72.48,6.4231594399470975,-0.04388769265894921,-0.07538954604049283
72.5,6.3353154317040605,0.011295650785583505,-0.00719778931305678
72.52,6.247814025490984,0.06647899423011623,0.060993967414379235
72.54,6.226735218049269,0.08028456149922607,0.07804017376187941
72.56,6.228382539031421,0.08004963064343514,0.07773143572662553
72.58,6.230043939815111,0.0798146997876442,0.07742269769137165
72.6,6.232158856730018,0.07957976893185327,0.07711395965611777
72.62,6.235116406542646,0.08019540308944703,0.07678709723377639
72.64,6.238136324095899,0.08105323052410165,0.07645507400110965
72.66,6.2416978892673045,0.08191105795875625,0.07612305076844293
72.68,6.24515748804392,0.08276888539341085,0.0757910275357762
72.7,6.24752293510218,0.08254560001444865,0.07465304938051903
72.72,6.2496635399474485,0.08206886097888039,0.07332612496579909
72.74,6.251299008962412,0.08159212194331211,0.07199920055107913
72.76,6.252794816373126,0.08111538290774385,0.07067227613635917
72.78,6.328787473994244,0.009681382427023792,-0.04861381257624934
72.8,6.418678850975693,-0.0750870985861635,-0.19006710656033138
72.82,6.508288543442502,-0.15985557959935073,-0.3315204005444135
72.84,6.598139137127671,-0.244624060612538,-0.4729736945284955
72.86,6.610551049351268,-0.25589391479869666,-0.4903516074045273
72.88,6.6113277991902075,-0.25652220802434056,-0.48976516109779866
72.9,6.612477153564504,-0.25715050124998445,-0.48917871479107006
72.92,6.6133225973190655,-0.25777879447562835,-0.48859226848434134
72.94,6.511129375404206,-0.29626046074318213,-0.6265185908116241
72.96,6.398462404810429,-0.33870431745043506,-0.77894332962217
72.98,6.285785037035508,-0.381148174157688,-0.9313680684327158
73.0,6.173399328821718,-0.4235920308649409,-1.0837928072432617
73.02,6.167640847143879,-0.42619077627119484,-1.0943765497692053
73.04,6.169399723407178,-0.42610896948488125,-1.0954180377707616
73.06,6.171068651229798,-0.4260271626985676,-1.0964595257723182
73.08,6.1728794118612695,-0.425945355912254,-1.097501013773875
73.1,6.223677565105424,-0.34336159308689573,-0.9942742701023879
73.12,6.2762544150304915,-0.25811089045675817,-0.8876769748612969
73.14,6.329043304070994,-0.17286018782662063,-0.781079679620206
73.16,6.381912912804458,-0.0876441705896234,-0.6745251792993968
73.18,6.382800771563849,-0.08768484970049843,-0.6731605930420042
73.2,6.383867079620082,-0.0877255288113735,-0.6717960067846114
73.22,6.385166610575359,-0.08776620792224853,-0.6704314205272186
73.24,6.384155025899312,-0.08647162489035219,-0.6613036217879666
73.26,6.318174941415587,-0.0449501570506653,-0.4182967634672118
73.28,6.25201081676285,-0.0034286892109784096,-0.17528990514645693
73.3,6.185084427859938,0.03809277862870848,0.06771695317429793
73.32,6.1222235288919205,0.07693356928522913,0.2951103858899651
73.34,6.12405378689726,0.07646914417336194,0.2935732087786054
73.36,6.12583353103533,0.07600471906149475,0.2920360316672457
73.38,6.127779503902103,0.07554029394962757,0.290498854555886
73.4,6.126480909898805,0.06945139092762355,0.30173583085281813
73.42,6.092735285641682,0.010133386322005625,0.4338652206818887
73.44,6.059063696928765,-0.04918461828361231,0.5659946105109591
73.46,6.0259514743895775,-0.10850262288923021,0.6981240003400297
73.48,5.9967386641731535,-0.16027640290806555,0.8134003186935996
73.5,5.997974499231203,-0.16032524374714976,0.8131281022660699
73.52,5.999313665485742,-0.16037408458623392,0.8128558858385403
73.54,6.000729035768167,-0.16042292542531808,0.8125836694110107
73.56,6.007706306853558,-0.15996964916511158,0.789981404543407
73.58,6.043796168877978,-0.15686067428257214,0.6492754563662633
73.6,6.079812885754926,-0.15375169940003272,0.5085695081891195
73.62,6.114992473074709,-0.15064272451749328,0.36786356001197573
73.64,6.144743054640175,-0.14810827263618023,0.25407190694762993
73.66,6.146409842549625,-0.1480115622739307,0.25447950180327805
73.68,6.1483518056331565,-0.14791485191168113,0.25488709665892617
73.7,6.1502823564822,-0.1478181415494316,0.2552946915145743
73.72,6.1520903562476885,-0.14802981519326922,0.2558281529765865
73.74,6.153030537325856,-0.1493194234251128,0.2568015723021608
73.76,6.154300012953379,-0.15060903165695638,0.2577749916277351
73.78,6.15532373776725,-0.15189863988879998,0.25874841095330936
73.8,6.156722155716048,-0.15288000045080005,0.25982344358554105
73.82,6.157627618189923,-0.15295683905041207,0.26119665030482797
73.84,6.15900557712541,-0.1530336776500241,0.2625698570241149
73.86,6.15981981605903,-0.1531105162496361,0.2639430637434019
73.88,6.141693610471193,-0.14127505788116795,0.2531609607599775
73.9,6.0772583464333785,-0.09968427451134752,0.21201651945797131
73.92,6.0127209187477,-0.058093491141527114,0.17087207815596514
73.94,5.9482578676257996,-0.016502707771706687,0.12972763685395897
73.96,5.904564192374075,0.011955678862922758,0.09998824458829064
73.98,5.9055506729235105,0.012198749592728365,0.09475291414463217
74.0,5.906444973586269,0.012441820322533971,0.08951758370097371
74.02,5.907397646446853,0.012684891052339579,0.08428225325731524
74.04,5.917680837362942,0.030079344542781904,0.14994405718613532
74.06,5.944064038893148,0.07942049467699838,0.34766105901471844
74.08,5.9711781354667455,0.12876164481121488,0.5453780608433014
74.1,5.997960255353889,0.17810279494543135,0.7430950626718845
74.12,6.015120089615922,0.20856398902974568,0.8649341023229047
74.14,6.0168818851811,0.2083578478867897,0.8635220657367253
74.16,6.018633562931164,0.2081517067438337,0.8621100291505459
74.18,6.0197037298792475,0.2079455656008777,0.8606979925643666
74.2,6.049096758227136,0.2029240366262833,0.8207398764857181
74.22,6.1177233699753355,0.19105184752470322,0.7259437911586339
74.24,6.186283526815496,0.17917965842312317,0.6311477058315499
74.26,6.254864614849473,0.16730746932154308,0.5363516205044658
74.28,6.293948621069358,0.16081975030784149,0.4837841925093693
74.3,6.2956518596344395,0.16106138732345154,0.48399292729145554
74.32,6.297281704680554,0.1613030243390616,0.4842016620735417
74.34,6.298767539037794,0.1615446613546717,0.48441039685562787
74.36,6.272989256892258,0.17306358384915885,0.4339640578867803
74.38,6.217226873661504,0.19698655732297465,0.3278014635881264
74.4,6.16072522172399,0.22090953079679043,0.22163886928947243
74.42,6.104258141428727,0.24483250427060624,0.11547627499081857
74.44,6.076824918743014,0.25656785365751666,0.06487980947000102
74.46,6.076889450826885,0.25649613727568066,0.06811442146817666
74.48,6.077337024611843,0.25642442089384465,0.07134903346635231
74.5,6.077890771303047,0.25635270451200864,0.07458364546452795
74.52,6.087373332703679,0.29532646381567335,0.026218120295791913
74.54,6.104433073600937,0.3676080441260895,-0.06616500492788577
74.56,6.1208125894935,0.43988962443650553,-0.1585481301515634
74.58,6.137666520205817,0.5121712047469218,-0.2509312553752411
74.6,6.1452676189336755,0.5433472546361412,-0.2907122604331387
74.62,6.146570839050867,0.5436868425581433,-0.29103231555884346
74.64,6.147656495643455,0.5440264304801453,-0.2913523706845482
74.66,6.149078413771663,0.5443660184021475,-0.291672425810253
74.68,6.116546454108493,0.5388674028977077,-0.34304842840372357
74.7,6.061776780013229,0.5295265173027687,-0.42802564794161047
74.72,6.007048261412357,0.5201856317078296,-0.5130028674794973
74.74,5.952749430001166,0.5108447461128905,-0.5979800870173841
74.76,5.933762773909439,0.5079157566918473,-0.6311065691784892
74.78,5.935697602415132,0.508675353282434,-0.6344047603951245
74.8,5.9368421000257845,0.5094349498730207,-0.6377029516117598
74.82,5.938083671071956,0.5101945464636074,-0.6410011428283952
74.84,5.911818089909229,0.5170925832161444,-0.5248346846627862
74.86,5.871834800388321,0.5270617126671554,-0.3488994574346792
74.88,5.83172256514498,0.5370308421181664,-0.17296423020657234
74.9,5.791914042846292,0.5469999715691772,0.0029709970215344873
74.92,5.780702824722854,0.5499776725124678,0.05745358257403327
74.94,5.781345339143682,0.5499340339375685,0.05945051866621816
74.96,5.782382835510693,0.5498903953626691,0.06144745475840305
74.98,5.783951737420382,0.5498467567877698,0.06344439085058795
75.0,5.814585439060957,0.6026025015509477,0.04673576048840925
75.02,5.856118122076751,0.6748896059445066,0.023107633677364108
75.04,5.8973754595369225,0.7471767103380657,-0.0005204931336810306
75.06,5.938401686715185,0.8194638147316246,-0.024148619944726182
75.08,5.9485087484729835,0.8367992207210175,-0.02877187645727489
75.1,5.949472595744664,0.8369420504878597,-0.02744913510814847
75.12,5.9501120285069415,0.8370848802547021,-0.02612639375902205
75.14,5.950724092010376,0.8372277100215445,-0.024803652409895627
75.16,5.9243387700826835,0.8178883021421399,-0.14730675184314637
75.18,5.891592451663648,0.7934761230047646,-0.3020515361136581
75.2,5.858680845192136,0.769063943867389,-0.45679632038416984
75.22,5.825322227546371,0.7446517647300136,-0.6115411046546816
75.24,5.820067448499121,0.7403518627790759,-0.6370098322807369
75.26,5.821131530979951,0.7403142965551882,-0.635081465595692
75.28,5.822267749584339,0.7402767303313007,-0.6331530989106471
75.3,5.823349490841519,0.7402391641074132,-0.6312247322256023
75.32,5.7502924858764395,0.7949657536721465,-0.5247918780453827
75.34,5.664493328921028,0.8588413621441365,-0.40090027702212
75.36,5.579389362312568,0.9227169706161265,-0.27700867599885726
75.38,5.494124977070646,0.9865925790881164,-0.15311707497559449
75.4,5.485543217804478,0.9937373265706544,-0.12733613768067276
75.42,5.486965175602241,0.9937679981213258,-0.11385832251920533
75.44,5.488335367023246,0.9937986696719971,-0.10038050735773793
75.46,5.489800805119469,0.9938293412226684,-0.0869026921962705
75.48,5.508407975413121,0.8915593904586984,0.13053012142519088
75.5,5.5278471214619636,0.7804291118229901,0.36562761896105994
75.52,5.54757065607588,0.6692988331872821,0.6007251164969288
75.54,5.567279991790153,0.5581685545515741,0.8358226140327979
75.56,5.56944568856239,0.5527636228405036,0.8470324713550466
75.58,5.570658293492657,0.5526878628240492,0.8469570909390702
75.6,5.57192828352783,0.552612102807595,0.8468817105230937
75.62,5.5729792599963766,0.5525363427911407,0.8468063301071174
75.64,5.6565244612084875,0.5699732781094412,0.43910105772253055
75.66,5.740889162352907,0.587699799129848,0.02465531585515888
75.68,5.825763466605517,0.6054263201502549,-0.38979042601221287
75.7,5.9089635804587655,0.6228730372964083,-0.7977561195122705
75.72,5.910088020614908,0.62249330234838,-0.7928745209719509
75.74,5.911241213288148,0.6221135674003515,-0.787992922431631
75.76,5.912207504897232,0.6217338324523232,-0.7831113238913113
75.78,5.910448516094485,0.6258151282432832,-0.7733780486691839
75.8,5.852225319779063,0.7200015535294094,-0.6656492694344391
75.82,5.793412066039473,0.8141879788155358,-0.5579204901996946
75.84,5.7351518057470585,0.9083744041016619,-0.4501917109649498
75.86,5.6817791773154624,0.9951177847506258,-0.3508232212470274
75.88,5.68310386140867,0.9949617009501235,-0.3490632663519351
75.9,5.684218078966089,0.994805617149621,-0.34730331145684273
75.92,5.6857654211453506,0.9946495333491187,-0.3455433565617504
75.94,5.681551215694463,0.9888632996392559,-0.31446053334605606
75.96,5.631983205109767,0.9378081767683539,-0.047608912272567465
75.98,5.582449847224682,0.886753053897452,0.21924270880092114
76.0,5.533009018784057,0.8356979310265501,0.48609432987440976
76.02,5.490252932898624,0.7919603782108163,0.7144826010070553
76.04,5.49047767802427,0.7923164118132062,0.7111017149248388
76.06,5.491112188202433,0.7926724454155958,0.7077208288426222
76.08,5.492175404726393,0.7930284790179855,0.7043399427604058
76.1,5.498011456142017,0.7808042562181815,0.6240753931318322
76.12,5.527802946925135,0.7088826017527878,0.17897271111364912
76.14,5.557021242495189,0.6369609472873944,-0.266129970904534
76.16,5.5870310652450925,0.5650392928220008,-0.7112326529227172
76.18,5.6107259437136054,0.5079091175550312,-1.065169801230425
76.2,5.61161492373137,0.5078693748464901,-1.067236816461407
76.22,5.612689555622511,0.5078296321379488,-1.069303831692389
76.24,5.613807268272498,0.5077898894294077,-1.071370846923371
76.26,5.6180383837019585,0.5249100195679052,-1.04200341585091
76.28,5.633158651231362,0.5971239195491869,-0.9117120347460265
76.3,5.648248510377569,0.6693378195304687,-0.781420653641143
76.32,5.663108918803474,0.7415517195117504,-0.6511292725362595
76.34,5.67439429382439,0.7941898173370534,-0.5551147919360433
76.36,5.675619893333391,0.7936893706392308,-0.5521450095335824
76.38,5.676895110106049,0.7931889239414083,-0.5491752271311214
76.4,5.678287052450547,0.7926884772435856,-0.5462054447286605
76.42,5.656298206072538,0.7991854516526306,-0.4811072219765697
76.44,5.579075522193909,0.8219372461734581,-0.2716863114391641
76.46,5.5025650168411815,0.8446890406942855,-0.06226540090175856
76.48,5.42604313239408,0.8674408352151131,0.14715550963564702
76.5,5.375295926026927,0.8826149789519857,0.28414728899506486
76.52,5.376685992619745,0.8825875029621271,0.2758380851478323
76.54,5.377484927199467,0.8825600269722687,0.26752888130059976
76.56,5.379091249794156,0.8825325509824102,0.2592196774533672
76.58,5.380258533426234,0.8826710443247999,0.2534783112309849
76.6,5.382161179275601,0.8830990578304752,0.25221633140106053
76.62,5.383880123016186,0.8835270713361503,0.2509543515711361
76.64,5.385372352157465,0.8839550848418255,0.24969237174121173
76.66,5.38671158743197,0.8842087797611407,0.24951219270965935
76.68,5.387494558233738,0.8841967014764054,0.2509813711581727
76.7,5.3888658898806,0.88418462319167,0.25245054960668606
76.72,5.390212708670326,0.8841725449069345,0.25391972805519947
76.74,5.387324275162813,0.8494157251128208,0.33041912725484746
76.76,5.3790073500719595,0.76818946491597,0.5072678806339748
76.78,5.370338785967812,0.6869632047191189,0.6841166340131021
76.8,5.361776899271064,0.6057369445222679,0.8609653873922294
76.82,5.357659506373596,0.5620853786195409,0.9567772937605564
76.84,5.358610115864142,0.5626256434397388,0.957281262361287
76.86,5.359130527038405,0.5631659082599366,0.9577852309620176
76.88,5.359746731824744,0.5637061730801345,0.9582891995627482
76.9,5.379456808611046,0.5655053019558255,0.7532210785524898
76.92,5.419069564493984,0.5686081054452777,0.33526331838364537
76.94,5.4586304922283615,0.57171090893473,-0.08269444178519902
76.96,5.498368783761406,0.5748137124241821,-0.5006522019540435
76.98,5.517611940531781,0.5763205429400352,-0.6996571231855879
77.0,5.519055886875388,0.57637163760983,-0.6989484518250935
77.02,5.52037373208704,0.5764227322796247,-0.6982397804645991
77.04,5.521100312369674,0.5764738269494195,-0.6975311091041047
77.06,5.465134504294522,0.5884950245047098,-0.48676971222318993
77.08,5.363495944244896,0.6101256521623616,-0.10738094404834768
77.1,5.260896688131648,0.6317562798200134,0.2720078241264946
77.12,5.15872351529924,0.6533869074776653,0.6513965923013368
77.14,5.117099713603875,0.6622986711692975,0.805840722904851
77.16,5.119246398546367,0.6622401958502134,0.8016380460116671
77.18,5.121227093440504,0.6621817205311294,0.7974353691184832
77.2,5.123702865000295,0.6621232452120454,0.7932326922252995
77.22,5.1250496371635945,0.6637748181581801,0.792140650599357
77.24,5.126184285557957,0.6664827959207882,0.7929702448391638
77.26,5.126734444316629,0.6691907736833964,0.7937998390789706
77.28,5.12750344296738,0.6718987514460045,0.7946294333187773
77.3,5.128658590734711,0.6728783307928986,0.7945596049037974
77.32,5.130197103940861,0.6729266516692481,0.7940051689132407
77.34,5.131936069404138,0.6729749725455979,0.793450732922684
77.36,5.134054588243505,0.6730232934219474,0.7928962969321273
77.38,5.135255660761221,0.6748331647891691,0.7927671110101673
77.4,5.135773331655751,0.6774660039573182,0.7928365950188226
77.42,5.136422334441789,0.6800988431254671,0.7929060790274779
77.44,5.137461048918887,0.682731682293616,0.7929755630361334
77.46,5.139225323927968,0.6835663474865508,0.7949076871440462
77.48,5.140749892580073,0.683678257461398,0.7975884778825043
77.5,5.1421383633749675,0.6837901674362453,0.8002692686209623
77.52,5.1437257147840665,0.6839020774110924,0.8029500593594202
77.54,5.210616288930718,0.7515529867160013,0.6648619669841277
77.56,5.2999232800824405,0.8423190448090971,0.47859587804096254
77.58,5.389033145405351,0.9330851029021929,0.29232978909779744
77.6,5.477701272484247,1.023851160995289,0.1060637001546323
77.62,5.498672095115172,1.0437623144149064,0.06452174532367533
77.64,5.499293398308387,1.0433073198419671,0.06457850757527898
77.66,5.500664897579615,1.042852325269028,0.06463526982688263
77.68,5.501720734766268,1.0423973306960885,0.06469203207848628
77.7,5.550523909391156,0.9681744974164346,-0.05452025066237576
77.72,5.610718027906284,0.8764744749864596,-0.20198993792608022
77.74,5.670480041919477,0.7847744525564846,-0.3494596251897847
77.76,5.73079583698363,0.6930744301265097,-0.49692931245348926
77.78,5.741062583408938,0.6784732367004702,-0.5203041797496694
77.8,5.741729199157488,0.6785379870297815,-0.5200734012340148
77.82,5.742744455476956,0.6786027373590929,-0.5198426227183601
77.84,5.7434900098719375,0.6786674876884043,-0.5196118442027055
77.86,5.753175825126872,0.5928886511878076,-0.5334247411795544
77.88,5.764216183552153,0.4944975339729078,-0.549300958016546
77.9,5.7755656662451145,0.39610641675800795,-0.5651771748535376
77.92,5.786666471229242,0.297715299543108,-0.5810533916905292
77.94,5.788556090591567,0.28873143649973804,-0.5849369544430785
77.96,5.789556349119495,0.2892838107374768,-0.5875413727230765
77.98,5.79137184813701,0.28983618497521546,-0.5901457910030745
78.0,5.792378481805789,0.2903885592129542,-0.5927502092830725
78.02,5.698457516680133,0.2709721845653191,-0.210523379127788
78.04,5.5974998000951155,0.25017536162517257,0.19830700254977432
78.06,5.4965848265785375,0.22937853868502608,0.6071373842273367
78.08,5.395471451170492,0.20858171574487963,1.0159677659048991
78.1,5.394174899743096,0.208010952085761,1.0259650115015992
78.12,5.39636916774144,0.20812913325497392,1.0223771082241488
78.14,5.398227938393066,0.2082473144241868,1.0187892049466984
78.16,5.399718476926137,0.20836549559339973,1.015201301669248
78.18,5.467650180579499,0.3092113694409115,0.7928142278285077
78.2,5.535543908063337,0.41018028200096524,0.5701598911573028
78.22,5.603074336660842,0.5111491945610191,0.347505554486098
78.24,5.6687378029967475,0.6090200181590162,0.1317093043720004
78.26,5.669570148613852,0.6084129206163683,0.133908765619975
78.28,5.670521683950364,0.6078058230737203,0.13610822686794963
78.3,5.671719480362615,0.6071987255310725,0.1383076881159242
78.32,5.677338062465056,0.6028938520833971,0.13125180790661645
78.34,5.748825982741545,0.5428564868905077,-0.015299610868411268
78.36,5.819901524207428,0.4828191216976182,-0.16185102964343895
78.38,5.890554505409517,0.4227817565047288,-0.3084024484184667
78.4,5.954898080329201,0.36839964588518553,-0.4412860878316823
78.42,5.955875903736195,0.36856258803358594,-0.442343699461051
78.44,5.956872225295829,0.3687255301819862,-0.44340131109041964
78.46,5.957823160088163,0.36888847233038663,-0.4444589227197883
78.48,5.945791911116486,0.35986832538458563,-0.46044848428730956
78.5,5.846369865804671,0.28695289833349225,-0.5803334904083323
78.52,5.746672179238381,0.21403747128239886,-0.700218496529355
78.54,5.646613753800434,0.14112204423130548,-0.8201035026503775
78.56,5.563319586184749,0.07973967873337494,-0.9217088031012367
78.58,5.565126634556814,0.08010538439353898,-0.9254444649251581
78.6,5.567257893861857,0.08047109005370302,-0.9291801267490795
78.62,5.569211461426937,0.08083679571386707,-0.9329157885730008
78.64,5.573585783447559,0.098469152730867,-0.9301919271070557
78.66,5.587515795188912,0.19014388137259466,-0.899768518458354
78.68,5.601690542542044,0.28181861001432235,-0.8693451098096524
78.7,5.615718510430289,0.37349333865604994,-0.8389217011609509
78.72,5.627189448230816,0.4447230415143979,-0.8139197149698316
78.74,5.628314435750866,0.44381154842254955,-0.8080474625332759
78.76,5.629365863927287,0.4429000553307012,-0.80217521009672
78.78,5.630927793372651,0.4419885622388529,-0.7963029576601642
78.8,5.628682989273446,0.4318853858204712,-0.7026170055659515
78.82,5.617553847420275,0.3945771949831168,-0.34902512759266563
78.84,5.606592242474666,0.35726900414576235,0.004566750380620226
78.86,5.59598235824765,0.31996081330840787,0.35815862835390605
78.88,5.588334218225975,0.2933996591109072,0.6095271289572617
78.9,5.589410592653233,0.2938982824329037,0.6035091572130604
78.92,5.590946562201155,0.2943969057549002,0.5974911854688594
78.94,5.592532961683965,0.2948955290768967,0.5914732137246582
78.96,5.583464768995327,0.2712868256416154,0.5861469260697029
78.98,5.549307955428963,0.19549212013974368,0.5823179519773104
79.0,5.515657398434907,0.11969741463787212,0.5784889778849179
79.02,5.481707705870127,0.0439027091360005,0.5746600037925256
79.04,5.4603015261816195,-0.005379996421936918,0.5705401002612969
79.06,5.461946175280429,-0.00492556992128051,0.5658744062974442
79.08,5.4636358248405275,-0.0044711434206241,0.5612087123335915
79.1,5.464946760500433,-0.004016716919967691,0.5565430183697389
79.12,5.44573542669237,-0.037884693223775176,0.5526246163383561
79.14,5.390975014086639,-0.1278898471049431,0.5499284731375745
79.16,5.336916173788398,-0.21789500098611103,0.5472323299367928
79.18,5.282277664736359,-0.307900154867279,0.5445361867360111
79.2,5.250958820597592,-0.36064518191926503,0.5419247275326491
79.22,5.252792205514149,-0.36002456738010097,0.5394345565867188
79.24,5.254619313768783,-0.3594039528409369,0.5369443856407885
79.26,5.256538144036262,-0.35878333830177284,0.5344542146948583
79.28,5.256941961756794,-0.3587016197195884,0.5328873911956057
79.3,5.256364842276496,-0.3592978510557352,0.5324821710039281
79.32,5.255921000440581,-0.359894082391882,0.5320769508122505
79.34,5.255328309421898,-0.36049031372802876,0.531671730620573
79.36,5.255875507473317,-0.36073501029101834,0.5302791137112672
79.38,5.257959410822892,-0.36059051839906414,0.5277933377966685
79.4,5.259541989128591,-0.3604460265071099,0.5253075618820697
79.42,5.2614813642046325,-0.3603015346151557,0.522821785967471
79.44,5.247407813385231,-0.41547220039634525,0.5388022173754099
79.46,5.218186270607507,-0.5245806986395357,0.5727890549597014
79.48,5.1892781780757975,-0.6336891968827263,0.606775892543993
79.5,5.160088131677872,-0.7427976951259169,0.6407627301282846
79.52,5.147958449034121,-0.7929410254379257,0.655461806790148
79.54,5.149618405323035,-0.7924536446616068,0.653599359334181
79.56,5.151615893248059,-0.7919662638852881,0.651736911878214
79.58,5.153719072962437,-0.7914788831089694,0.6498744644222471
79.6,5.154874123087697,-0.7913650732617606,0.6489277828480273
79.62,5.1550287993428014,-0.7915333747942797,0.6486726646591678
79.64,5.155831195576397,-0.7917016763267988,0.6484175464703082
79.66,5.1566077393072804,-0.7918699778593179,0.6481624282814488
79.68,5.158226807522378,-0.7917891945412859,0.6470891227165356
79.7,5.160386932393622,-0.7915433651424294,0.6454736781194842
79.72,5.162168908804604,-0.7912975357435729,0.6438582335224328
79.74,5.16465360874465,-0.7910517063447163,0.6422427889253813
79.76,5.217097039422066,-0.8091619617178762,0.37618700640948294
79.78,5.299305921275451,-0.8379062495023188,-0.04306414206847345
79.8,5.381758847380558,-0.8666505372867616,-0.46231529054642967
79.82,5.463679278357752,-0.8953948250712042,-0.881566439024386
79.84,5.491736873733187,-0.9048607864411142,-1.0216381550481795
79.86,5.49265932457273,-0.9046109429391014,-1.0210102671927632
79.88,5.493975067979216,-0.9043610994370886,-1.0203823793373468
79.9,5.495237692795578,-0.9041112559350758,-1.0197544914819305
79.92,5.495857034568962,-0.9027811852610788,-1.0189790292074894
79.94,5.495886477489688,-0.9009806829056454,-1.0181392992642844
79.96,5.496055125653621,-0.8991801805502121,-1.0172995693210796
79.98,5.4964115749774916,-0.8973796781947789,-1.0164598393778748
80.0,5.49755824483061,-0.8966465203291026,-1.0172507540974165
80.02,5.4989515073417685,-0.896311456332303,-1.0186498601261236
80.04,5.500492962710052,-0.8959763923355035,-1.0200489661548304
80.06,5.501657607132516,-0.8956413283387039,-1.0214480721835377
80.08,5.4656001782016626,-0.913631590727395,-0.9234644582457467
80.1,5.4177410557085794,-0.9374067341045587,-0.7941080220605948
80.12,5.369749708661876,-0.9611818774817222,-0.6647515858754429
80.14,5.322107342805065,-0.9849570208588859,-0.535395149690291
80.16,5.313048528245764,-0.9897172663955854,-0.5091671305612513
80.18,5.313959809283723,-0.9894771895417792,-0.510058654078701
80.2,5.314578890040295,-0.9892371126879728,-0.5109501775961507
80.22,5.315674373641924,-0.9889970358341665,-0.5118417011136005
80.24,5.419806323904268,-1.017649374468258,-0.44325374294327846
80.26,5.546247357821278,-1.0524939641254392,-0.3597748736359123
80.28,5.672792131827038,-1.0873385537826203,-0.27629600432854606
80.3,5.799302634154415,-1.1221831434398013,-0.19281713502117986
80.32,5.818905073629574,-1.127111893212198,-0.17953820726457076
80.34,5.820338947770126,-1.1269764304315724,-0.1781428644780618
80.36,5.821603154879098,-1.1268409676509472,-0.17674752169155283
80.38,5.823825603697644,-1.1267055048703218,-0.17535217890504387
80.4,5.794549428416748,-1.1008941172209126,-0.3717702483581927
80.42,5.761211885041222,-1.0718099615231227,-0.5934024987387125
80.44,5.727499121833805,-1.0427258058253328,-0.8150347491192323
80.46,5.69378753359531,-1.013641650127543,-1.0366669994997522
80.48,5.6928334275465104,-1.0109935065120708,-1.057132227077647
80.5,5.694702825518719,-1.0106858686143814,-1.0597871826057073
80.52,5.696455739477889,-1.0103782307166915,-1.0624421381337674
80.54,5.69846063296039,-1.0100705928190021,-1.0650970936618276
80.56,5.592857755829391,-1.014056208760293,-0.5565692464002535
80.58,5.481097485358214,-1.0182659483508598,-0.021355775715204965
80.6,5.36932409361558,-1.022475687941427,0.5138576949698436
80.62,5.257649265733497,-1.0266854275319939,1.0490711656548917
80.64,5.256924568558281,-1.0266377100799278,1.0618123524939729
80.66,5.2585438325424985,-1.0265124240523438,1.0650343755694338
80.68,5.260352783818687,-1.02638713802476,1.0682563986448947
80.7,5.26225979554264,-1.0250578935009615,1.0680882956631854
80.72,5.311875766751386,-0.9378580797613184,0.8261244371317422
80.74,5.361306752429214,-0.850658266021675,0.5841605786002992
80.76,5.410621242423824,-0.7634584522820317,0.3421967200688562
80.78,5.457634874436794,-0.6802542672480512,0.11124333441994018
80.8,5.459361811322912,-0.680779908751944,0.11101834033737996
80.82,5.4606771932161635,-0.681305550255837,0.11079334625481974
80.84,5.461884307519828,-0.6818311917597298,0.11056835217225952
80.86,5.463465879278118,-0.6821687298475658,0.11036657728074004
80.88,5.4658947472241985,-0.6802599171404929,0.11044208841275403
80.9,5.467881458727564,-0.6783511044334202,0.11051759954476802
80.92,5.470759294165624,-0.6764422917263473,0.11059311067678199
80.94,5.47250117099661,-0.6747862375295289,0.11070800085817069
80.96,5.4736564505663665,-0.6751965784669195,0.1111448294618731
80.98,5.475295572933664,-0.67560691940431,0.11158165806557549
81.0,5.476701976688128,-0.6760172603417004,0.1120184866692779
81.02,5.490976248506346,-0.6834337046817989,0.09388640121477868
81.04,5.586081235847863,-0.7336359770275322,-0.037644861710976016
81.06,5.681690797438076,-0.7838382493732658,-0.1691761246367307
81.08,5.777466518638342,-0.8340405217189992,-0.30070738756248533
81.1,5.8562150597738745,-0.87555262819931,-0.4099847581676328
81.12,5.856976501667787,-0.8753560376604568,-0.41245394275294256
81.14,5.857453409152668,-0.8751594471216034,-0.4149231273382522
81.16,5.8581983438625045,-0.8749628565827502,-0.41739231192356185
81.18,5.8380148174520485,-0.889531176457934,-0.44659079548895986
81.2,5.734467016364087,-0.9616591172101763,-0.5799909485843501
81.22,5.631483271319784,-1.0337870579624184,-0.7133911016797403
81.24,5.528386393170811,-1.1059149987146604,-0.8467912547751303
81.26,5.450400698406634,-1.1609491957473628,-0.9493212515384667
81.28,5.452247315472162,-1.1606055575230751,-0.9518425866673204
81.3,5.454252830062802,-1.1602619192987875,-0.9543639217961739
81.32,5.45636047892558,-1.1599182810744997,-0.9568852569250276
81.34,5.426834703954303,-1.1663138025362925,-0.9630095079790227
81.36,5.311871834977776,-1.1911549571206177,-0.9789952356001561
81.38,5.1971469720693,-1.2159961117049427,-0.9949809632212894
81.4,5.081960233017219,-1.2408372662892677,-1.0109666908424226
81.42,5.002159914417762,-1.2582277779037545,-1.0223892229997802
81.44,5.003500929801796,-1.2581760913700955,-1.0231291657765824
81.46,5.0052238326077685,-1.2581244048364366,-1.0238691085533849
81.48,5.006741166514842,-1.2580727183027778,-1.024609051330187
81.5,4.969442163519723,-1.2547854522780792,-1.0293065354024542
81.52,4.853663830549931,-1.2449594537438413,-1.0420017534194947
81.54,4.7375588747415875,-1.2351334552096034,-1.0546969714365353
81.56,4.621813556726669,-1.2253074566753654,-1.0673921894535758
81.58,4.5491277815792674,-1.2190732430629556,-1.0768077412047286
81.6,4.5513815281405,-1.2191488130520056,-1.0804618164551594
81.62,4.553578789797473,-1.219224383041056,-1.0841158917055902
81.64,4.55528698499534,-1.2192999530301063,-1.0877699669560212
81.66,4.579636831340432,-1.207535276064636,-0.9909334964709668
81.68,4.638378621399334,-1.177595209701965,-0.7398388583568687
81.7,4.696841180426766,-1.1476551433392939,-0.4887442202427705
81.72,4.755593971448659,-1.1177150769766229,-0.2376495821286724
81.74,4.789505689744308,-1.1007364893767284,-0.09251412898470583
81.76,4.790850768469728,-1.1012089003782584,-0.09003937239892731
81.78,4.7922136136891975,-1.1016813113797883,-0.0875646158131488
81.8,4.793677079693768,-1.1021537223813185,-0.08508985922737027
81.82,4.837116072005655,-1.1232359759595048,-0.1251295351240032
81.84,4.9295775238253725,-1.1687169152878432,-0.21549935178354146
81.86,5.02266256300268,-1.2141978546161816,-0.3058691684430797
81.88,5.115851215608435,-1.25967879394452,-0.3962389851026179
81.9,5.163513537003284,-1.2827020268018878,-0.44268026027708424
81.92,5.164266911245121,-1.2823162716018857,-0.44333223348828166
81.94,5.164940845965981,-1.2819305164018833,-0.44398420669947913
81.96,5.165347864465415,-1.281544761201881,-0.44463617991067655
81.98,5.105537840152104,-1.2899979933472323,-0.5203021576056859
82.0,4.989952947195857,-1.3065662708166783,-0.6648382470616278
82.02,4.874827229054571,-1.323134548286124,-0.8093743365175698
82.04,4.760077345764348,-1.33970282575557,-0.9539104259735117
82.06,4.709918811722905,-1.3471599433707773,-1.0194531106298068
82.08,4.711796787769664,-1.3472544398978934,-1.0211621542017095
82.1,4.7139292283316845,-1.3473489364250095,-1.0228711977736122
82.12,4.715586866265232,-1.3474434329521259,-1.024580241345515
82.14,4.706637251940402,-1.3238320719992533,-0.8850653301521282
82.16,4.6912637446731615,-1.2833892225296408,-0.6452794469035369
82.18,4.67509021878288,-1.2429463730600285,-0.4054935636549455
82.2,4.658966654818206,-1.202503523590416,-0.1657076804063542
82.22,4.653460220172699,-1.1871745039694925,-0.07692430786616039
82.24,4.655209704628092,-1.1874670816753055,-0.08206927806879777
82.26,4.656974950883912,-1.1877596593811184,-0.08721424827143516
82.28,4.658628246250981,-1.1880522370869315,-0.09235921847407254
82.3,4.661222817747168,-1.186533844488277,-0.09463321757797667
82.32,4.6638658691286485,-1.1840327107896456,-0.09534925557748745
82.34,4.666592441275744,-1.1815315770910142,-0.09606529357699822
82.36,4.669501442726987,-1.1790304433923826,-0.09678133157650902
82.38,4.671890553916682,-1.1786041822195048,-0.10452536816157834
82.4,4.673647175758042,-1.1791545506385939,-0.11557743996604679
82.42,4.675362439280726,-1.179704919057683,-0.12662951177051526
82.44,4.677239689061543,-1.180255287476772,-0.1376815835749837
82.46,4.6524845335001395,-1.1358595463000631,-0.150441953838606
82.48,4.616668878551449,-1.0732542098642404,-0.1638944290208232
82.5,4.581300045233771,-1.0106488734284178,-0.17734690420304042
82.52,4.545482513488673,-0.9480435369925952,-0.19079937938525765
82.54,4.537855474396738,-0.9323367690620801,-0.22341274239615927
82.56,4.539394292992343,-0.9328187301943821,-0.26264017554923363
82.58,4.541352879508573,-0.9333006913266843,-0.301867608702308
82.6,4.542669088602058,-0.9337826524589862,-0.3410950418553824
82.62,4.5454118195207505,-0.9321537734923917,-0.34909059397819253
82.64,4.548627764817111,-0.9299124629546063,-0.34802464021971286
82.66,4.552156780657233,-0.9276711524168206,-0.3469586864612331
82.68,4.555468504423844,-0.9254298418790352,-0.34589273270275345
82.7,4.557620254282786,-0.9255707243649505,-0.3622872837383306
82.72,4.559021472250645,-0.926281940362085,-0.38286214716160244
82.74,4.560490023270955,-0.9269931563592194,-0.40343701058487424
82.76,4.562270873473654,-0.927704372356354,-0.4240118740081461
82.78,4.568060117215047,-0.8699893625286304,-0.5001917052369851
82.8,4.57436064558414,-0.8010254624717865,-0.5870772455922975
82.82,4.581124257286403,-0.7320615624149428,-0.6739627859476099
82.84,4.587906908425358,-0.663097662358099,-0.7608483263029223
82.86,4.590013935529129,-0.6545957837066463,-0.792417185531
82.88,4.591087293713708,-0.6551067017039424,-0.8157402404228208
82.9,4.592844516793125,-0.6556176197012383,-0.8390632953146414
82.92,4.594499463965153,-0.6561285376985343,-0.862386350206462
82.94,4.598334534565685,-0.6550902721378101,-0.8651985382217032
82.96,4.602343390834758,-0.6538836777955335,-0.8657820883121181
82.98,4.606363846232926,-0.6526770834532568,-0.866365638402533
83.0,4.609826042116236,-0.65147048911098,-0.8669491884929479
83.02,4.611525152680349,-0.6520359208938473,-0.8635637094880396
83.04,4.612932707316459,-0.6527271541829852,-0.8598964570761036
83.06,4.614280693283074,-0.6534183874721233,-0.8562292046641675
83.08,4.615324534178866,-0.6541096207612612,-0.8525619522522315
83.1,4.619112251871418,-0.6540732154774238,-0.8502992020039913
83.12,4.623267133135825,-0.6540107574224395,-0.8480867393226905
83.14,4.62766368560454,-0.653948299367455,-0.8458742766413897
83.16,4.631833182028332,-0.6538858413124706,-0.843661813960089
83.18,4.633396663245531,-0.6543733818903145,-0.8527577379640938
83.2,4.634402445354082,-0.6548624926110743,-0.8618859452906115
83.22,4.636090642675882,-0.6553516033318343,-0.8710141526171291
83.24,4.6373510146698615,-0.6558107562588047,-0.8798888863076267
83.26,4.641668118246656,-0.6552623146566399,-0.8802383377049897
83.28,4.6458143481038014,-0.654713873054475,-0.8805877891023526
83.3,4.65008553207473,-0.6541654314523101,-0.8809372404997156
83.32,4.65393038779451,-0.6536926832786588,-0.8809173501191545
83.34,4.6550494126536055,-0.6543934372517604,-0.8751714227788332
83.36,4.656186860840878,-0.655094191224862,-0.8694254954385118
83.38,4.657781794495044,-0.6557949451979636,-0.8636795680981904
83.4,4.659193560168712,-0.6564244456499245,-0.8583181617992806
83.42,4.663214584784848,-0.6563533387926949,-0.8567375967533762
83.44,4.667136612077417,-0.6562822319354652,-0.855157031707472
83.46,4.6715030137618125,-0.6562111250782355,-0.8535764666615677
83.48,4.675078457395431,-0.6562082280946437,-0.852972469374818
83.5,4.676354101527272,-0.6566870493661879,-0.8592652817707718
83.52,4.67775846484537,-0.6571658706377319,-0.8655580941667252
83.54,4.678914914266386,-0.657644691909276,-0.871850906562679
83.56,4.688131222093494,-0.6417050560543086,-0.820942471842862
83.58,4.738124744896178,-0.5367713810488567,-0.4599823686835366
83.6,4.787965490339678,-0.43183770604340493,-0.09902226552421137
83.62,4.837534222182597,-0.32690403103795307,0.2619378376351139
83.64,4.878438875922785,-0.24168322316852714,0.5548150484263838
83.66,4.880226021525877,-0.24189909325531778,0.5526171638781773
83.68,4.881998862747512,-0.24211496334210844,0.5504192793299708
83.7,4.883655727573164,-0.24233083342889908,0.5482213947817642
83.72,4.885596015300569,-0.2424612108230616,0.546390935739791
83.74,4.888340749694544,-0.2422870502397728,0.5458693022487815
83.76,4.891013844291525,-0.24211288965648398,0.5453476687577717
83.78,4.894069936918946,-0.24193872907319514,0.5448260352667621
83.8,4.896962554252257,-0.24171390453251074,0.544903638183124
83.82,4.89804492064887,-0.24133782714008786,0.5467702094339726
83.84,4.899449783226855,-0.240961749747665,0.5486367806848211
83.86,4.900990751666992,-0.2405856723552421,0.5505033519356697
83.88,4.902955565994338,-0.24024638693786324,0.551568778156464
83.9,4.906261950116537,-0.24000048431757456,0.5506007945455801
83.92,4.9094060951003335,-0.23975458169728592,0.5496328109346962
83.94,4.912408244564476,-0.23950867907699727,0.5486648273238124
83.96,4.915039178513798,-0.23941264945836652,0.5473193670378509
83.98,4.91662690588357,-0.23964350972433543,0.5451505876391062
84.0,4.918545766223422,-0.23987436999030437,0.5429818082403614
84.02,4.9203687858790035,-0.2401052302562733,0.5408130288416166
84.04,4.923262668033193,-0.23995717037950068,0.5394142102672431
84.06,4.926235457104497,-0.2390931250861259,0.5394702647899189
84.08,4.9293835936524815,-0.23822907979275118,0.5395263193125946
84.1,4.932304454649032,-0.23736503449937643,0.5395823738352704
84.12,4.935050932369798,-0.2368109311496411,0.5398542805448544
84.14,4.936396185984102,-0.23676728116241252,0.5404816811682915
84.16,4.9383915716460205,-0.23672363117518389,0.5411090817917288
84.18,4.939941548754964,-0.23667998118795525,0.541736482415166
84.2,4.9617040006574396,-0.19285609644361568,0.5439624543896264
84.22,5.012864846584726,-0.08590519991437379,0.548493417031106
84.24,5.063691480723623,0.021045696614868117,0.5530243796725856
84.26,5.115213180294262,0.12799659314411002,0.5575553423140651
84.28,5.144618440708709,0.1878044912000095,0.5601986843537696
84.3,5.146343774012786,0.18791240777907614,0.5604516202120561
84.32,5.148061717160864,0.18802032435814284,0.5607045560703425
84.34,5.149571499752709,0.1881282409372095,0.560957491928629
84.36,5.171403975610971,0.23944636397324473,0.5660157258992287
84.38,5.215965155675229,0.3478310627343546,0.5764287890646357
84.4,5.260257661746677,0.4562157614954645,0.5868418522300427
84.42,5.303955508831188,0.5646004602565743,0.5972549153954497
84.44,5.326233582667575,0.6182684321593627,0.6023161982469202
84.46,5.327683295984302,0.6182337664203252,0.6021248876879299
84.48,5.329145249456621,0.6181991006812877,0.6019335771289397
84.5,5.330756358527828,0.6181644349422503,0.6017422665699493
84.52,5.343814804636265,0.6729314184387645,0.6092953024752011
84.54,5.3671786832438855,0.7750629812594019,0.6235417083343833
84.56,5.390537513941542,0.8771945440800393,0.6377881141935654
84.58,5.413556237959671,0.9793261069006767,0.6520345200527476
84.6,5.4247002814626955,1.0233876934575021,0.6584337128324507
84.62,5.426241409596003,1.0233044591179814,0.6588674508588175
84.64,5.428118172478024,1.023221224778461,0.6593011888851842
84.66,5.4299802296640785,1.0231379904389404,0.659734926911551
84.68,5.354725795061467,1.011067242978268,0.4126372989994307
84.7,5.227586014537409,0.9909994020184595,0.0004068818780011244
84.72,5.101152339557693,0.9709315610586509,-0.41182353524342846
84.74,4.9747618730012135,0.9508637200988425,-0.824053952364858
84.76,4.928839447592269,0.9435014215769275,-0.9754899795468336
84.78,4.9300922871513,0.9435513712512322,-0.9747819518124573
84.8,4.932158974768539,0.9436013209255371,-0.974073924078081
84.82,4.933640014962906,0.9436512705998419,-0.9733658963437046
84.84,4.867370493433456,0.9030640828202116,-0.9628888486071651
84.86,4.766406950265551,0.8418468828935101,-0.9474524210044117
84.88,4.665754187643506,0.7806296829668085,-0.9320159934016583
84.9,4.564893421718426,0.719412483040107,-0.916579565798905
84.92,4.534473123428877,0.7006363755167906,-0.9130080739401196
84.94,4.535313767179942,0.7004856742559529,-0.9146435462755917
84.96,4.536378141378149,0.700334972995115,-0.9162790186110641
84.98,4.537601351042133,0.7001842717342772,-0.9179144909465363
85.0,4.48459024905374,0.6437429229627871,-0.9120423187872506
85.02,4.411141011880089,0.5661335187200337,-0.903346902587408
85.04,4.337651717896158,0.48852411447728034,-0.8946514863875651
85.06,4.263841529349413,0.41091471023452697,-0.8859560701877223
85.08,4.247184029236692,0.3921379637953425,-0.8813118450479703
85.1,4.2487269924849365,0.3920993400024513,-0.877957918830307
85.12,4.250216674658361,0.3920607162095602,-0.8746039926126437
85.14,4.251410496530356,0.3920220924166691,-0.8712500663949804
85.16,4.322110887396438,0.4193312271403091,-0.6306910442741791
85.18,4.411447310270218,0.45390307076490166,-0.32713777125981336
85.2,4.5007941881991105,0.4884749143894941,-0.02358449824544772
85.22,4.590224943990918,0.5230467580140866,0.27996877476891807
85.24,4.607085344588908,0.5291500129458581,0.33616885739195124
85.26,4.608780575995244,0.529083430249005,0.33876146975701577
85.28,4.610598205089149,0.529016847552152,0.34135408212208035
85.3,4.61218608178667,0.5289502648552988,0.34394669448714493
85.32,4.616435541016075,0.5945921802629502,0.45357782178840167
85.34,4.6218734719427275,0.6715037761458932,0.5815671507938294
85.36,4.626969771846129,0.7484153720288362,0.7095564797992571
85.38,4.631764350523953,0.8253269679117792,0.8375458088046848
85.4,4.63389125902042,0.8339400975360441,0.8552040465984134
85.42,4.636205477141651,0.8337061130192934,0.8585704296738279
85.44,4.63787998340362,0.8334721285025428,0.8619368127492425
85.46,4.639702914611107,0.8332381439857921,0.865303195824657
85.48,4.545117907226755,0.7614054092430002,0.4534136748772964
85.5,4.442291560836772,0.6830954483156857,0.0039577661602846976
85.52,4.33909448952358,0.6047854873883712,-0.445498142556727
85.54,4.2363144808289785,0.5264755264610568,-0.894954051273739
85.56,4.232203560613223,0.5224656659321368,-0.9165387620954821
85.58,4.2333173548982055,0.5224685840788328,-0.915015127038577
85.6,4.234678832493694,0.5224715022255287,-0.9134914919816721
85.62,4.236374172178892,0.5224744203722246,-0.911967856924767
85.64,4.298968086547433,0.523863290106606,-0.6109352875170159
85.66,4.36290719718,0.5252797524068147,-0.30393986914659016
85.68,4.4273346355965675,0.5266962147070234,0.0030555492238355563
85.7,4.490747609166993,0.5280871561272342,0.306257417190521
85.72,4.491911011735064,0.5274117569636195,0.302308154136481
85.74,4.493044601722494,0.5267363578000048,0.2983588910824409
85.76,4.493387132865099,0.52606095863639,0.2944096280284009
85.78,4.49647161502471,0.529356601595976,0.294767156599753
85.8,4.544457013575256,0.6190959485524098,0.38887715842400145
85.82,4.59252096792183,0.7088352955088436,0.4829871602482499
85.84,4.64090430753731,0.7985746424652775,0.5770971620724983
85.86,4.685568573380358,0.881501082300466,0.664106016337675
85.88,4.687491432567535,0.8811708668311488,0.6643357931737133
85.9,4.688790844450223,0.8808406513618315,0.6645655700097516
85.92,4.6901600443259674,0.8805104358925142,0.6647953468457899
85.94,4.679408353617228,0.8749621925399688,0.6203215094004058
85.96,4.567954814093712,0.8260292097795627,0.20416421230491086
85.98,4.456189112377837,0.7770962270191565,-0.21199308479058407
86.0,4.344698568388933,0.7281632442587503,-0.6281503818860791
86.02,4.248381523444348,0.6859684672874274,-0.9876552724285159
86.04,4.2487786247195976,0.6854835781976724,-0.9964784534011192
86.06,4.2491038468050615,0.6849986891079173,-1.0053016343737224
86.08,4.249056124965323,0.6845138000181623,-1.0141248153463256
86.1,4.231265895816547,0.6736340387179041,-1.0208224985316965
86.12,4.1314234670810235,0.6122896478051525,-1.0172013960309396
86.14,4.03188070022721,0.550945256892401,-1.013580293530183
86.16,3.9317719605920898,0.48960086597964947,-1.0099591910294263
86.18,3.8529740865645485,0.44067244789277893,-1.0072467628421045
86.2,3.8537147152258076,0.44063503926682723,-1.008112467844832
86.22,3.8549744204748926,0.44059763064087554,-1.0089781728475598
86.24,3.856293552766812,0.4405602220149238,-1.0098438778502872
86.26,3.8358767963931037,0.4243527053976431,-1.011547456615389
86.28,3.7469659029566147,0.3552835336628604,-1.015990126169642
86.3,3.657603610182353,0.28621436192807787,-1.020432795723895
86.32,3.5683810110531096,0.21714519019329526,-1.024875465278148
86.34,3.5028239181325187,0.1664036991553794,-1.0287202104566433
86.36,3.503139825600205,0.16624548588180343,-1.0309147209283436
86.38,3.5036095701416032,0.16608727260822745,-1.0331092314000438
86.4,3.5041220187442934,0.16592905933465146,-1.0353037418717443
86.42,3.534758102772692,0.18409090202608566,-1.0095155927041122
86.44,3.6357661083532937,0.2454750625475148,-0.9177082451797827
86.46,3.7361624127028135,0.306859223068944,-0.8259008976554533
86.48,3.8368533175299704,0.3682433835903731,-0.7340935501311237
86.5,3.904823173209315,0.40930144337532504,-0.6719140304381082
86.52,3.906629054940158,0.4089795770930456,-0.670050915799223
86.54,3.907501700415051,0.4086577108107661,-0.6681878011603379
86.56,3.9093128734637297,0.40833584452848665,-0.6663246865214528
86.58,3.8830615182599963,0.42015211833167204,-0.6112390236314348
86.6,3.8070143733685757,0.4534425115878767,-0.4619950011664181
86.62,3.7307986024688518,0.4867329048440813,-0.31275097870140145
86.64,3.6543017127464252,0.520023298100286,-0.1635069562363848
86.66,3.6087190694140263,0.540223940391226,-0.07203233352201216
86.68,3.610293760755651,0.5401937356934179,-0.06984312884870575
86.7,3.612049380357992,0.5401635309956097,-0.06765392417539934
86.72,3.6134702438714834,0.5401333262978015,-0.06546471950209293
86.74,3.5811927760118056,0.5158905170297748,-0.02960991626079134
86.76,3.503941465067589,0.45883081555210825,0.051874026802080885
86.78,3.426409429118166,0.40177111407444177,0.13335796986495313
86.8,3.3489777114422328,0.3447114125967752,0.21484191292782534
86.82,3.3075533207231915,0.31366480591444157,0.2595267539649764
86.84,3.3089508737764906,0.3136159779677458,0.26036097164345956
86.86,3.309881524219627,0.3135671500210501,0.2611951893219427
86.88,3.3114565479247524,0.3135183220743544,0.2620294070004258
86.9,3.3473601739704986,0.30172786985614447,0.1159718614130046
86.92,3.419717414130893,0.2776184968397435,-0.18419962580081858
86.94,3.4918472782516092,0.2535091238233425,-0.4843711130146417
86.96,3.563970809375016,0.2293997508069415,-0.7845426002284649
86.98,3.599204220323355,0.21773197231538388,-0.9286398890665182
87.0,3.600836674175426,0.21756147327127653,-0.9285089867607502
87.02,3.601923658054166,0.21739097422716916,-0.9283780844549824
87.04,3.6033302535148835,0.21722047518306184,-0.9282471821492144
87.06,3.6448511067226015,0.237713762606102,-0.8766246616501017
87.08,3.7196577748507655,0.27501542500943704,-0.783117734906668
87.1,3.7950965855156427,0.31231708741277203,-0.6896108081632342
87.12,3.870364926750072,0.3496187498161071,-0.5961038814198004
87.14,3.9026402303469077,0.36516645888850013,-0.5559941013354995
87.16,3.9044250357117596,0.36516479406674845,-0.5540517377962346
87.18,3.9059734045033467,0.36516312924499683,-0.5521093742569697
87.2,3.907555776722284,0.36516146442324526,-0.5501670107177048
87.22,3.925424326741245,0.2972892033551122,-0.5616954006275785
87.24,3.9541108069827535,0.18690804371202685,-0.5816608299001076
87.26,3.982719046700887,0.07652688406894152,-0.6016262591726368
87.28,4.011273805811638,-0.03385427557414385,-0.621591688445166
87.3,4.0226676538709185,-0.07291956037066179,-0.6278896345939988
87.32,4.024195338604326,-0.07300780413465628,-0.6267177424821396
87.34,4.025189158311518,-0.0730960478986508,-0.6255458503702803
87.36,4.026375910250661,-0.0731842916626453,-0.624373958258421
87.38,3.939988177363478,-0.06732908314492284,-0.3690523274785342
87.4,3.8117729059070884,-0.05865536698041675,0.006792350835094001
87.42,3.6834268663414345,-0.049981650815910654,0.38263702914872233
87.44,3.555623385632037,-0.04130793465140455,0.7584817074623508
87.46,3.5188566701615747,-0.03867423200041715,0.867482200174552
87.48,3.519206706603977,-0.03850704116795153,0.8675136755134281
87.5,3.519995118141777,-0.0383398503354859,0.867545150852304
87.52,3.520868675201173,-0.03817265950302027,0.86757662619118
87.54,3.5559115316256595,0.0484617368462406,0.7526130118571013
87.56,3.6025950942300184,0.1651984772213843,0.5976154710195208
87.58,3.6498733582361584,0.281935217596528,0.4426179301819406
87.6,3.6976245965010968,0.39867195797167176,0.2876203893443603
87.62,3.7093961888783102,0.42524040926648804,0.25340861025411976
87.64,3.7107822548491622,0.42540311028911715,0.2545688970383333
87.66,3.712288579111768,0.4255658113117462,0.2557291838225468
87.68,3.713226053572137,0.4257285123343753,0.25688947060676026
87.7,3.793045387823722,0.3623202658211806,0.12007583134909415
87.72,3.8923525404893664,0.28353298705058194,-0.05011634860254205
87.74,3.9913824227232775,0.2047457082799833,-0.2203085285541783
87.76,4.090229375484902,0.12595842950938463,-0.39050070850581453
87.78,4.107704640096458,0.11303045246225536,-0.4177047321378419
87.8,4.108910592812037,0.11293511875387256,-0.4170476038338994
87.82,4.11007299704169,0.11283978504548976,-0.41639047552995695
87.84,4.111607135235809,0.11274445133710696,-0.4157333472260144
87.86,4.159806959259262,0.025037274735290875,-0.43188235184136853
87.88,4.214983834205872,-0.07591832192956502,-0.4505727332979899
87.9,4.270049631556057,-0.1768739185944209,-0.46926311475461124
87.92,4.32522064119635,-0.2778295152592768,-0.48795349621123263
87.94,4.331685063159581,-0.28806353114475364,-0.48923443857225485
87.96,4.333045247147974,-0.2882583477118267,-0.48858886215350233
87.98,4.33498501647135,-0.2884531642788998,-0.4879432857347498
88.0,4.336530599235989,-0.2886479808459728,-0.48729770931599725
88.02,4.357001885355375,-0.3933202783583907,-0.505653799649457
88.04,4.378842717934459,-0.5056050275801939,-0.525394391879787
88.06,4.400253456908104,-0.6178897768019971,-0.545134984110117
88.08,4.421860965575694,-0.7301745260238004,-0.5648755763404468
88.1,4.424359491780377,-0.7342371462333848,-0.5665966340176299
88.12,4.425775361645899,-0.7342357286867801,-0.5676410087516723
88.14,4.426899378764822,-0.7342343111401755,-0.5686853834857146
88.16,4.428238162184227,-0.7342328935935707,-0.569729758219757
88.18,4.411983949698323,-0.8438035658954245,-0.5889308919035962
88.2,4.395587275280139,-0.9538665964441446,-0.6082136123310818
88.22,4.379201769318227,-1.0639296269928646,-0.6274963327585676
88.24,4.363415364253594,-1.170991983875447,-0.6463765406382301
88.26,4.364654716114589,-1.170925812258963,-0.650886449795531
88.28,4.366365029401489,-1.170859640642479,-0.6553963589528318
88.3,4.367728215273836,-1.1707934690259947,-0.6599062681101326
88.32,4.366010242347427,-1.176152089355594,-0.6652219752189259
88.34,4.314947424807951,-1.2680829066734733,-0.683397106188153
88.36,4.264051756284335,-1.3600137239913526,-0.70157223715738
88.38,4.213506425096561,-1.451944541309232,-0.7197473681266071
88.4,4.167731417884738,-1.5355568505083557,-0.7361760468217391
88.42,4.1688699572325465,-1.5357602621580064,-0.7350932130286404
88.44,4.170110980819225,-1.535963673807657,-0.7340103792355416
88.46,4.170940031599929,-1.5361670854573077,-0.7329275454424429
88.48,4.16923932724209,-1.5244852339960078,-0.696916908520586
88.5,4.147269108837136,-1.4275927586361659,-0.41049364983145975
88.52,4.124959041969928,-1.3307002832763237,-0.1240703911423334
88.54,4.102376147265282,-1.2338078079164816,0.1623528675467928
88.56,4.083897026534535,-1.151836066635252,0.40437515278110403
88.58,4.085087222865664,-1.151751203674812,0.40271927235259286
88.6,4.086200949374823,-1.1516663407143723,0.40106339192408175
88.62,4.087165465997809,-1.1515814777539322,0.3994075114955705
88.64,4.088187080075285,-1.1303397535076136,0.3966489417572114
88.66,4.088412077451435,-1.0164152364947296,0.3890597724601754
88.68,4.088334042068837,-0.9024907194818457,0.3814706031631395
88.7,4.0886703243928375,-0.7885662024689618,0.37388143386610356
88.72,4.089147720006889,-0.6994463129061106,0.3676624310272482
88.74,4.090226740050593,-0.6995303545841862,0.36637090532024563
88.76,4.091235069193877,-0.6996143962622619,0.3650793796132431
88.78,4.091759301289789,-0.6996984379403375,0.3637878539062405
88.8,4.119654959442271,-0.7027108698433279,0.3259402775892499
88.82,4.227897328666011,-0.7145419124399566,0.178007106776119
88.84,4.336432651161123,-0.7263729550365854,0.03007393596298801
88.86,4.444829618519599,-0.7382039976332141,-0.11785923485014292
88.88,4.5228452569393,-0.7466526071103119,-0.2247709459154352
88.9,4.524408236020032,-0.7464468869849068,-0.2267247107663069
88.92,4.52608295582993,-0.7462411668595018,-0.2286784756171786
88.94,4.527596894568635,-0.7460354467340967,-0.23063224046805036
88.96,4.5135190116101995,-0.7824663745525965,-0.2761251316297066
88.98,4.466683701314836,-0.899412172364894,-0.41730218854593154
89.0,4.419095192565035,-1.0163579701771919,-0.5584792454621564
89.02,4.3717767720142575,-1.1333037679894895,-0.6996563023783814
89.04,4.341564062719915,-1.2099627269396045,-0.79342643266515
89.06,4.343126353871903,-1.2099482688343324,-0.7969722822827678
89.08,4.344354527695581,-1.2099338107290603,-0.8005181319003857
89.1,4.345918139674144,-1.2099193526237881,-0.8040639815180035
89.12,4.32605044563044,-1.1729998306728258,-0.6828999218346896
89.14,4.269151296865488,-1.0748777487875099,-0.35491964499722406
89.16,4.21214845467645,-0.9767556669021938,-0.026939368159758566
89.18,4.15589496189487,-0.8786335850168778,0.30104090867770705
89.2,4.12270786161099,-0.820573397247495,0.4942103939229554
89.22,4.123967854392052,-0.8206688603582948,0.49168245887074596
89.24,4.124795966846323,-0.8207643234690947,0.4891545238185364
89.26,4.125657619218135,-0.8208597865798944,0.486626588766327
89.28,4.1751706123500405,-0.8042009117292299,0.42086965200411974
89.3,4.287530665320489,-0.7661845181820605,0.27451182314527495
89.32,4.399526619048503,-0.728168124634891,0.12815399428643012
89.34,4.512131155847944,-0.6901517310877215,-0.018203834572414663
89.36,4.572021551366618,-0.6698862973413396,-0.0966682962703143
89.38,4.572798063714066,-0.6695313448210307,-0.09897971456078598
89.4,4.573557122034631,-0.6691763923007217,-0.10129113285125767
89.42,4.574318332490648,-0.6688214397804126,-0.10360255114172935
89.44,4.565959242619538,-0.7335255704645319,-0.17676814681104458
89.46,4.549368178276496,-0.8624998706521604,-0.3199287341998255
89.48,4.5326621523213,-0.9914741708397887,-0.4630893215886063
89.5,4.515829786019297,-1.1204484710274172,-0.6062499089773872
89.52,4.508604330817812,-1.1805252564075295,-0.6725692888230995
89.54,4.509727857827712,-1.1806638235824136,-0.6720397398251953
89.56,4.511022268685133,-1.1808023907572978,-0.671510190827291
89.58,4.5125030616167265,-1.1809409579321821,-0.6709806418293867
89.6,4.467938299971621,-1.1515687552591838,-0.4889987341405841
89.62,4.388699358258295,-1.099613292961035,-0.16815952970774198
89.64,4.309339951565368,-1.0476578306628863,0.1526796747251001
89.66,4.229793398952703,-0.9957023683647378,0.4735188791579423
89.68,4.198425053511721,-0.9743639337908822,0.6017646840513773
89.7,4.199540809030289,-0.9735894852072456,0.6006547590025954
89.72,4.200431397858897,-0.9728150366236091,0.5995448339538135
89.74,4.201043253817032,-0.9720405880399727,0.5984349089050315
89.76,4.169438185222608,-0.9212120690024087,0.5866567213332541
89.78,4.118336019951885,-0.8409779953404938,0.5686111877989618
89.8,4.067389816244586,-0.7607439216785788,0.5505656542646693
89.82,4.015966063873698,-0.6805098480166639,0.532520120730377
89.84,3.999122992171265,-0.6528864880748897,0.5282865303640264
89.86,4.000391886895385,-0.652166701467561,0.531115961949565
89.88,4.001285290165906,-0.6514469148602322,0.5339453935351036
89.9,4.002393684715447,-0.6507271282529036,0.5367748251206423
89.92,3.984386729250269,-0.5825246652179736,0.5203208168745883
89.94,3.9585477067016868,-0.484479423281912,0.495339117348167
89.96,3.93257734273285,-0.3864341813458504,0.47035741782174567
89.98,3.9063554198496035,-0.2883889394097887,0.44537571829532435
90.0,3.9003247873986346,-0.26099213093634877,0.4397498787216207
90.02,3.9018095904660424,-0.260380707219379,0.44146254802511947
90.04,3.9032517209354225,-0.2597692835024092,0.44317521732861825
90.06,3.9040233465680707,-0.2591578597854394,0.4448878866321171
90.08,3.987425873981123,-0.28025224071551663,0.54605021354176
90.1,4.0973212883913765,-0.3083214046541529,0.6791689591770601
90.12,4.207107409669509,-0.3363905685927892,0.8122877048123603
90.14,4.316327499977801,-0.3644597325314255,0.9454064504476604
90.16,4.340098575321715,-0.3701543369206189,0.977566572907144
90.18,4.3406463823737536,-0.36984854369985093,0.9826516649120397
90.2,4.341375822358674,-0.3695427504790829,0.9877367569169353
90.22,4.342199323835199,-0.3692369572583149,0.9928218489218308
90.24,4.3816350908956965,-0.3390748664315592,0.7980500357544245
90.26,4.4301389571736225,-0.30237014618394775,0.5594821134713573
90.28,4.478610161021631,-0.26566542593633624,0.32091419118829023
90.3,4.5268433396275825,-0.22896070568872479,0.08234626890522317
90.32,4.534845345938957,-0.2234871642076285,0.03481141358583595
90.34,4.535763923265732,-0.22343994686543603,0.02046798374364726
90.36,4.53716586374432,-0.22339272952324357,0.006124553901458573
90.38,4.538329777963627,-0.22334551218105111,-0.008218875940730112
90.4,4.452032082590814,-0.21080448723802972,0.028920397056504565
90.42,4.3538266187894585,-0.19661908632913658,0.07283558032161029
90.44,4.255434762420805,-0.18243368542024346,0.116750763586716
90.46,4.157045320494876,-0.16824828451135035,0.1606659468518217
90.48,4.150588020611776,-0.1669631382460087,0.16539138858571467
90.5,4.151532248681055,-0.16687001906457016,0.1664955658866826
90.52,4.1529521041877775,-0.1667768998831316,0.1675997431876505
90.54,4.1542332251331375,-0.16668378070169307,0.16870392048861843
90.56,4.1240274920939,-0.1972428942185972,0.2981576601021218
90.58,4.092463500121794,-0.22951295245459832,0.43477560886143773
90.6,4.0607942066216225,-0.2617830106905994,0.5713935576207536
90.62,4.028854673919195,-0.2940530689266005,0.7080115063800695
90.64,4.02888285684118,-0.29442171693411306,0.7134967766914369
90.66,4.03002178360425,-0.2941011778490268,0.7161491017268132
90.68,4.0313030113614055,-0.2937806387639404,0.7188014267621894
90.7,4.033638268565287,-0.29347935101552214,0.7221976177444315
90.72,4.132805757687493,-0.2949795441176473,0.795202495217427
90.74,4.2315541218020085,-0.29647973721977244,0.8682073726904226
90.76,4.330127220442419,-0.29797993032189757,0.941212250163418
90.78,4.42504540382432,-0.29941688248938453,1.0111004115932345
90.8,4.426259706712837,-0.2994217923388661,1.0104129356993221
90.82,4.427387515987229,-0.29942670218834766,1.00972545980541
90.84,4.428443162265185,-0.29943161203782925,1.0090379839114976
90.86,4.424276847031237,-0.29629656212325756,0.9723733638415742
90.88,4.34901961927884,-0.2538775101056425,0.4855990883385213
90.9,4.2735626533477875,-0.21145845808802743,-0.001175187164531572
90.92,4.19789709354103,-0.1690394060704124,-0.48794946266758454
90.94,4.1307443158344395,-0.13110096187336212,-0.923221148185175
90.96,4.132087404251276,-0.13105811997416583,-0.9228997745555969
90.98,4.133329665157824,-0.13101527807496952,-0.9225784009260191
91.0,4.134353708491489,-0.13097243617577323,-0.922257027296441
91.02,4.147987424184266,-0.14220281091337664,-0.902473723582952
91.04,4.24067614529806,-0.22417428768242803,-0.7605639296092973
91.06,4.333005891484774,-0.3061457644514794,-0.6186541356356425
91.08,4.42595059054708,-0.38811724122053076,-0.4767443416619877
91.1,4.502438647666022,-0.45619707623469213,-0.35855965868050926
91.12,4.503288226209251,-0.45605425714970077,-0.35689036453804146
91.14,4.504192379478846,-0.4559114380647094,-0.35522107039557355
91.16,4.505684520415123,-0.45576861897971804,-0.3535517762531057
91.18,4.506587912289248,-0.4570644049123111,-0.3900382890797068
91.2,4.505145034426219,-0.46408257720028206,-0.5782984065506533
91.22,4.503746683684682,-0.4711007494882531,-0.7665585240216
91.24,4.502526992560606,-0.47811892177622417,-0.9548186414925466
91.26,4.501928335003649,-0.48350039031137665,-1.0988339904501572
91.28,4.502699343065065,-0.4834824532843502,-1.0968880139102002
91.3,4.503890416843658,-0.48346451625732373,-1.0949420373702432
91.32,4.504879456845588,-0.48344657923029727,-1.0929960608302864
91.34,4.478609492651678,-0.4651873370484254,-0.9480464388358516
91.36,4.378791357106345,-0.3961611394432919,-0.405106671261129
91.38,4.27875123396185,-0.3271349418381585,0.1378330963135938
91.4,4.178944444826284,-0.258108744233025,0.6807728638883164
91.42,4.1090350047961355,-0.20944166052741559,1.0630107332919898
91.44,4.110672601808852,-0.20918340396480894,1.0631401058078576
91.46,4.111770315170809,-0.20892514740220225,1.0632694783237253
91.48,4.1126801180701635,-0.20866689083959555,1.0633988508395933
91.5,4.129359402782599,-0.22689428534164774,0.9438179106761097
91.52,4.177604346956096,-0.2830333190618924,0.5787268627473009
91.54,4.22571449479948,-0.3391723527821371,0.21363581481849217
91.56,4.274201247251832,-0.39531138650238173,-0.15145523311031664
91.58,4.305444943541118,-0.43122469208719283,-0.385162197459414
91.6,4.306665007208952,-0.43110233951215027,-0.38478552873377897
91.62,4.307986135463882,-0.4309799869371077,-0.3844088600081439
91.64,4.309491303070588,-0.43085763436206514,-0.38403219128250876
91.66,4.340752387393893,-0.45617715960690836,-0.3833507218015592
91.68,4.418472555462288,-0.5210876319374024,-0.38219494178972996
91.7,4.496024937362633,-0.5859981042678964,-0.3810391617779007
91.72,4.5734770970359175,-0.6509085765983905,-0.37988338176607145
91.74,4.618681249066186,-0.6883360251955734,-0.3793040469474381
91.76,4.620111901670359,-0.6882650019874228,-0.37951122725298214
91.78,4.621677198756593,-0.6881939787792721,-0.37971840755852615
91.8,4.6233363561957805,-0.6881229555711216,-0.3799255878640702
91.82,4.626705725520309,-0.7127710097699886,-0.44416028449554584
91.84,4.633185339833606,-0.7670686908050027,-0.5851936389025835
91.86,4.639125056848929,-0.8213663718400167,-0.7262269933096209
91.88,4.64512447447323,-0.8756640528750308,-0.8672603477166586
91.9,4.648852330556477,-0.9035425725731842,-0.9403464514441366
91.92,4.650414348616861,-0.9035219277492003,-0.9416788949639738
91.94,4.65239982625643,-0.9035012829252163,-0.9430113384838108
91.96,4.65396658962152,-0.9034806381012322,-0.9443437820036478
91.98,4.6039289083482835,-0.859032829104392,-0.6987276690632906
92.0,4.506945652212838,-0.7732614804333762,-0.22341450792380246
92.02,4.4098561889398775,-0.6874901317623603,0.25189865321568583
92.04,4.312667732280154,-0.6017187830913444,0.727211814355174
92.06,4.269961069475891,-0.5630336351858528,0.9406789347175655
92.08,4.2714880623751075,-0.5629020555107134,0.9397499255383523
92.1,4.272541953179823,-0.562770475835574,0.9388209163591392
92.12,4.273782903581576,-0.5626388961604346,0.937891907179926
92.14,4.30177910899737,-0.5780539675243878,0.7438562330119578
92.16,4.3487878556494985,-0.6046561045661284,0.41086478382751884
92.18,4.39582049333879,-0.6312582416078689,0.07787333464307983
92.2,4.443072110337626,-0.6578603786496094,-0.25511811454135913
92.22,4.462132303536277,-0.6679634024748745,-0.38348692600470646
92.24,4.463305411346289,-0.6676614815594974,-0.38281321195545076
92.26,4.464507106639872,-0.6673595606441203,-0.38213949790619506
92.28,4.4656518232295745,-0.6670576397287432,-0.38146578385693936
92.3,4.516383678339106,-0.6949340037664499,-0.3786995856538469
92.32,4.594200668522824,-0.7383208613502105,-0.3747815976233274
92.34,4.671856336719711,-0.781707718933971,-0.3708636095928078
92.36,4.749278588716258,-0.8250945765177317,-0.3669456215622882
92.38,4.775479648029986,-0.839104074798115,-0.36736979611688897
92.4,4.777189823785905,-0.8390781159593875,-0.3698685014738774
92.42,4.778794135315124,-0.8390521571206601,-0.37236720683086566
92.44,4.780179849343687,-0.8390261982819326,-0.3748659121878541
92.46,4.839139428239103,-0.892158083176642,-0.3880513302578967
92.48,4.921363358035784,-0.9671695168411153,-0.4056353551105287
92.5,5.004139968572564,-1.0421809505055886,-0.4232193799631607
92.52,5.087154051508795,-1.1171923841700617,-0.44080340481579267
92.54,5.109706861226504,-1.1361524582563447,-0.4452729429152542
92.56,5.110706710253085,-1.1354329615896268,-0.44513799912720187
92.58,5.112127351103332,-1.1347134649229091,-0.4450030553391495
92.6,5.113463456891294,-1.1339939682561915,-0.44486811155109707
92.62,5.120878548934573,-1.2236903248013862,-0.4345536795830136
92.64,5.130070531906124,-1.3401112828491746,-0.4212304526365307
92.66,5.139129316478835,-1.4565322408969628,-0.4079072256900479
92.68,5.148256697271703,-1.5729531989447512,-0.39458399874356503
92.7,5.151132638136645,-1.5954854237377445,-0.391399793121198
92.72,5.1520652322561045,-1.595068125169327,-0.3906939009095378
92.74,5.152605585425017,-1.5946508266009098,-0.3899880086978777
92.76,5.153992467888333,-1.5942335280324924,-0.3892821164862175
92.78,5.255276900699381,-1.5641901632009114,-0.252056788165297
92.8,5.377012780162223,-1.5283052419737222,-0.08791307054338221
92.82,5.498860655540096,-1.492420320746533,0.07623064707853257
92.84,5.6207303954340935,-1.4565353995193435,0.24037436470044735
92.86,5.637915417352699,-1.452240290716049,0.26470352058904545
92.88,5.6387317915604225,-1.4527903360697079,0.2675883229659901
92.9,5.639334635782564,-1.453340381423367,0.2704731253429347
92.92,5.6405101408873675,-1.4538904267770258,0.2733579277198793
92.94,5.568118743580171,-1.3713926896282156,0.44445438852887686
92.96,5.487430159673243,-1.2795379851295512,0.6345032036137606
92.98,5.406480162272643,-1.1876832806308866,0.8245520186986444
93.0,5.3253729713656295,-1.0958285761322222,1.0146008337835282
93.02,5.321598152921428,-1.0895431317318691,1.02890882798121
93.04,5.323397493562771,-1.0896529423476022,1.0300823464919608
93.06,5.324782166176106,-1.0897627529633351,1.031255865002712
93.08,5.326095686389073,-1.089872563579068,1.0324293835134628
93.1,5.267080829492983,-1.1932256388431366,0.6485420262597873
93.12,5.205604577227375,-1.300636881314444,0.24951914007702933
93.14,5.143639053200719,-1.4080481237857512,-0.14950374610572875
93.16,5.082597420518969,-1.5154593662570583,-0.5485266322884867
93.18,5.083482832026718,-1.5156254706407908,-0.54659648348998
93.2,5.084844643654014,-1.515133360183531,-0.5422054936419703
93.22,5.086584643921192,-1.5146412497262713,-0.5378145037939607
93.24,5.091643400257255,-1.514689713088011,-0.5295465655714944
93.26,5.219218057093618,-1.5352971426453184,-0.373831511393723
93.28,5.346925857527614,-1.555904572202626,-0.21811645721595163
93.3,5.474835123345311,-1.5765120017599332,-0.06240140303818031
93.32,5.595619835628906,-1.595927435807408,0.0842395620438084
93.34,5.5966991771860215,-1.5957468018279461,0.08170507660049457
93.36,5.597900441487286,-1.5955661678484843,0.07917059115718077
93.38,5.598684664451072,-1.5953855338690222,0.07663610571386695
93.4,5.60678669313453,-1.589369603451795,0.07413433185043844
93.42,5.680372722241437,-1.5236684491960468,0.07196714218309816
93.44,5.754101365761401,-1.4579672949402986,0.06979995251575788
93.46,5.8280054058136,-1.3922661406845507,0.06763276284841761
93.48,5.892592868952733,-1.3344896063145246,0.06506238587114785
93.5,5.895027207625113,-1.3344000355570371,0.05955702248287758
93.52,5.896836175413002,-1.3343104647995496,0.05405165909460731
93.54,5.89864310435703,-1.3342208940420621,0.04854629570633704
93.56,5.914230042199707,-1.3246281340706723,0.04289442113265286
93.58,6.007091328502265,-1.2622229839078474,0.036428335064561126
93.6,6.099888322128132,-1.1998178337450227,0.029962248996469397
93.62,6.192933117859987,-1.1374126835821978,0.023496162928377664
93.64,6.2694259412604225,-1.0864411380104608,0.018102671374840847
93.66,6.270867649090925,-1.0861005213785926,0.01745890299172518
93.68,6.27258879462759,-1.0857599047467241,0.016815134608609512
93.7,6.2738017953640846,-1.0854192881148557,0.016171366225493845
93.72,6.298131804282746,-1.0745255898527064,0.01331980595775609
93.74,6.406864257975209,-1.0253148645035988,0.002452006982767789
93.76,6.515425107489628,-0.9761041391544909,-0.008415791992220515
93.78,6.624029084303506,-0.926893413805383,-0.01928359096720882
93.8,6.705783300765743,-0.8898858033796347,-0.027689172972614556
93.82,6.707428813658929,-0.8899484107013848,-0.0286151139374126
93.84,6.709746023408327,-0.8900110180231346,-0.029541054902210644
93.86,6.71172754093371,-0.8900736253448848,-0.030466995867008687
93.88,6.73229975237299,-0.8661717792764254,0.007515998332506822
93.9,6.802137153159436,-0.7804576895289232,0.1458579926939543
93.92,6.871727482057018,-0.6947435997814211,0.2841999870554018
93.94,6.9420320370269835,-0.609029510033919,0.42254198141684934
93.96,6.990081422515129,-0.5499172456506437,0.5172875672794033
93.98,6.9909269048808325,-0.5497115069758484,0.5154941779823436
94.0,6.992312576731681,-0.549505768301053,0.5137007886852841
94.02,6.993850385308915,-0.5493000296262579,0.5119073993882245
94.04,6.962079402676837,-0.5649825362820056,0.4618442036190646
94.06,6.86705735753694,-0.6111222249711666,0.31924956388911635
94.08,6.771446663457901,-0.6572619136603276,0.17665492415916806
94.1,6.675738588154794,-0.7034016023494886,0.034060284429219746
94.12,6.617360990105858,-0.7323146606012554,-0.0562321206822045
94.14,6.6188293564499325,-0.7324605553212751,-0.059183769177590856
94.16,6.6212960980609825,-0.7326064500412949,-0.062135417672977214
94.18,6.623040813787223,-0.7327523447613146,-0.06508706616836356
94.2,6.610772897087599,-0.6922129139918534,-0.13010785591947666
94.22,6.577869686166951,-0.5922134479725175,-0.2858403035618158
94.24,6.544807702574877,-0.4922139819531816,-0.44157275120415496
94.26,6.511825352325207,-0.3922145159338457,-0.597305198846494
94.28,6.4932424101784445,-0.33613981355591466,-0.6842855712372771
94.3,6.49451281627704,-0.3364291068627014,-0.6830436892198141
94.32,6.495879157632759,-0.3367184001694881,-0.6818018072023511
94.34,6.496760533949516,-0.3370076934762749,-0.6805599251848881
94.36,6.498446691857792,-0.33669408177995197,-0.6793457979404899
94.38,6.50055214383101,-0.3356997877251391,-0.6781630059550325
94.4,6.502390819837518,-0.33470549367032626,-0.6769802139695753
94.42,6.5046081214439715,-0.33371119961551343,-0.675797421984118
94.44,6.506162637099958,-0.3335207615765559,-0.6756765407242405
94.46,6.507397367323771,-0.33412961589399615,-0.6766115414996922
94.48,6.5083236907102195,-0.3347384702114364,-0.6775465422751435
94.5,6.509399076086133,-0.3353473245288766,-0.678481543050595
94.52,6.515862139292482,-0.3910232221639987,-0.6850569710022196
94.54,6.526891517284225,-0.49491953606816497,-0.6965715373201665
94.56,6.537575888031673,-0.5988158499723311,-0.7080861036381135
94.58,6.54842940624609,-0.7027121638764973,-0.7196006699560604
94.6,6.553695145866756,-0.7479660177023072,-0.7236012320832856
94.62,6.554783122038135,-0.7480453342466931,-0.721813468448035
94.64,6.5566163805446624,-0.7481246507910793,-0.7200257048127839
94.66,6.55828695668025,-0.7482039673354651,-0.718237941177533
94.68,6.557288292173326,-0.7981935289492553,-0.7269147450664043
94.7,6.554929193235458,-0.8819328949998767,-0.7426677936614277
94.72,6.552411507449625,-0.965672261050498,-0.7584208422564511
94.74,6.5504100089387105,-1.0494116271011196,-0.7741738908514745
94.76,6.549764950945448,-1.0806983656658435,-0.7790845716309697
94.78,6.550857076322957,-1.0809548767081583,-0.7775810620005
94.8,6.55186660903966,-1.0812113877504728,-0.7760775523700305
94.82,6.552945477921178,-1.0814678987927873,-0.7745740427395609
94.84,6.492239884637208,-1.1080944077018071,-0.7684033200481618
94.86,6.399319757821451,-1.1483039839038562,-0.7598285369014695
94.88,6.306637791349324,-1.1885135601059054,-0.7512537537547772
94.9,6.213867995416616,-1.2287231363079547,-0.7426789706080847
94.92,6.186044953279587,-1.241146728569125,-0.7391498380378826
94.94,6.18782065270932,-1.2411883244592328,-0.7378691494047631
94.96,6.189414454493324,-1.2412299203493407,-0.7365884607716437
94.98,6.190834522091166,-1.2412715162394485,-0.7353077721385242
95.0,6.141681432009795,-1.2661322204188667,-0.7221406956955341
95.02,6.07327193023959,-1.3004797113530548,-0.7044301995163357
95.04,6.004439370206205,-1.3348272022872432,-0.6867197033371373
95.06,5.935949910200135,-1.369174693221431,-0.6690092071579389
95.08,5.920194997205918,-1.37777316056383,-0.6650272222755976
95.1,5.921338940130804,-1.3780243407752244,-0.665495729477649
95.12,5.922702006382499,-1.3782755209866193,-0.6659642366797004
95.14,5.923926569440264,-1.378526701198014,-0.6664327438817518
95.16,5.894437836730727,-1.4073052011644718,-0.6494308071410666
95.18,5.857110639268801,-1.443808928806198,-0.6276978561233847
95.2,5.819768660878018,-1.4803126564479239,-0.6059649051057029
95.22,5.781814632535676,-1.51681638408965,-0.584231954088021
95.24,5.776012423079967,-1.523477596895419,-0.580287482469853
95.26,5.777869372574415,-1.523526906265102,-0.5802842238731383
95.28,5.7789907633610405,-1.5235762156347854,-0.5802809652764236
95.3,5.7801046771874045,-1.5236255250044684,-0.5802777066797089
95.32,5.779135162231192,-1.5584475212320539,-0.5649353240110893
95.34,5.777459012310807,-1.5993892442715607,-0.5468933728783522
95.36,5.776028829805952,-1.6403309673110675,-0.528851421745615
95.38,5.774454445060817,-1.6812726903505744,-0.5108094706128778
95.4,5.775172885961178,-1.6861634977650424,-0.508962275199282
95.42,5.776424061605411,-1.6862342196418205,-0.5092803537177037
95.44,5.778000390675338,-1.6863049415185982,-0.5095984322361254
95.46,5.7792943283698275,-1.686375663395376,-0.5099165107545471
95.48,5.809316916355437,-1.7259038400978568,-0.4985706731079083
95.5,5.841955485116358,-1.7691547495208777,-0.48612436807052917
95.52,5.874835374595554,-1.8124056589438986,-0.47367806303314997
95.54,5.907585347572096,-1.8556565683669195,-0.46123175799577076
95.56,5.911132222137587,-1.8581240440195983,-0.4609676476121669
95.58,5.9123603165889715,-1.85824099058615,-0.46140565081291224
95.6,5.91377197714162,-1.858357937152702,-0.46184365401365757
95.62,5.915029013564681,-1.8584748837192535,-0.4622816572144029
95.64,5.976560711190403,-1.9101321839879306,-0.45526052420945545
95.66,6.039591650292613,-1.962990591126064,-0.448065561979574
95.68,6.102331139948166,-2.015848998264197,-0.44087059974969256
95.7,6.16483707745342,-2.068232783037645,-0.4337247853846466
95.72,6.1659122171363,-2.068041354050063,-0.43202321404708643
95.74,6.167030592736963,-2.067849925062481,-0.4303216427095262
95.76,6.168145754805078,-2.067658496074899,-0.42862007137196606
95.78,6.1713192361434555,-2.0720025156340496,-0.4261874777828849
95.8,6.214928640479224,-2.1833377664111215,-0.4065100692803451
95.82,6.258477479331669,-2.2946730171881935,-0.38683266077780526
95.84,6.302218885733044,-2.406008267965265,-0.3671552522752654
95.86,6.342869149210293,-2.509276991490904,-0.3487903017515731
95.88,6.344232312064735,-2.509176340519439,-0.3472439840916211
95.9,6.345182589191097,-2.509075689547974,-0.3456976664316691
95.92,6.34573748921943,-2.5089750385765086,-0.3441513487717171
95.94,6.355605679096856,-2.5127782274889787,-0.3422096658725111
95.96,6.44332776703248,-2.5501757885276644,-0.3368656797620684
95.98,6.53106479475319,-2.58757334956635,-0.3315216936516256
96.0,6.6192460552267605,-2.6249709106050356,-0.3261777075411828
96.02,6.695117178285861,-2.657272384946533,-0.32128759789217654
96.04,6.696360292339458,-2.65715115200797,-0.31928517531069733
96.06,6.697337768655322,-2.6570299190694064,-0.3172827527292182
96.08,6.698448320133326,-2.6569086861308433,-0.315280330147739
96.1,6.716543284571802,-2.6642023042282825,-0.3141143595401119
96.12,6.821517841281132,-2.7083362137594196,-0.31710425589965374
96.14,6.926069529775475,-2.7524701232905566,-0.32009415225919563
96.16,7.031423197041759,-2.7966040328216937,-0.32308404861873746
96.18,7.115209354717513,-2.831843648888487,-0.32498710349648635
96.2,7.115522164419113,-2.8313427265240665,-0.3225228300524994
96.22,7.116160094833418,-2.830841804159646,-0.3200585566085124
96.24,7.117287552174784,-2.830340881795226,-0.31759428316452537
96.26,7.108259134519376,-2.8507717370218475,-0.3503893175958629
96.28,7.066949367955326,-2.9408891968694184,-0.5005705337037843
96.3,7.025540361431643,-3.0310066567169884,-0.6507517498117058
96.32,6.984498767585398,-3.1211241165645585,-0.8009329659196271
96.34,6.954213650279517,-3.1875749201260506,-0.9120563412238155
96.36,6.955813420836369,-3.187605216184867,-0.9135638258510965
96.38,6.957160562511103,-3.1876355122436832,-0.9150713104783776
96.4,6.958261713941193,-3.1876658083025,-0.9165787951056589
96.42,6.932094856485936,-3.1625029599335344,-0.7918611593757497
96.44,6.838740316925491,-3.0769670375560008,-0.3646565294196921
96.46,6.745912006513894,-2.9914311151784663,0.06254810053636545
96.48,6.652784530696848,-2.9058951928009327,0.4897527304924231
96.5,6.590542444550849,-2.84827985903237,0.7766361540289998
96.52,6.592421685435291,-2.8483508286616837,0.7736040675440757
96.54,6.593799106847056,-2.8484217982909965,0.7705719810591516
96.56,6.595180295293628,-2.8484927679203103,0.7675398945742273
96.58,6.631737722830687,-2.8425672019068826,0.6780707256596193
96.6,6.7309899665078845,-2.8258819429617477,0.4335059281579081
96.62,6.830628471526186,-2.809196684016613,0.18894113065619672
96.64,6.929913642957867,-2.7925114250714786,-0.05562366684551465
96.66,6.990722378731703,-2.7824668187887553,-0.20379781858399493
96.68,6.991889910523233,-2.7828268259155093,-0.2009465430880197
96.7,6.992384861925833,-2.783186833042264,-0.1980952675920445
96.72,6.993041259106102,-2.783546840169018,-0.19524399209606927
96.74,7.000938434188791,-2.83129919516756,-0.25084860570551853
96.76,7.018100155580571,-2.944147410225555,-0.3867454299298994
96.78,7.035549767266485,-3.05699562528355,-0.5226422541542805
96.8,7.052719937028838,-3.1698438403415445,-0.6585390783786613
96.82,7.062301029015777,-3.231302559761757,-0.7328656965544152
96.84,7.063560614434531,-3.2307156134432793,-0.7328548576965052
96.86,7.064800126807455,-3.2301286671248017,-0.7328440188385951
96.88,7.065901789895314,-3.2295417208063237,-0.732833179980685
96.9,7.058933333806431,-3.268441176676981,-0.7408648740181839
96.92,7.0435552414929425,-3.3493114979617578,-0.7574451328027321
96.94,7.0282057021412,-3.4301818192465348,-0.7740253915872805
96.96,7.012758045206596,-3.511052140531312,-0.7906056503718287
96.98,7.006371470392635,-3.5500305973933655,-0.7979362124142522
97.0,7.007428262741376,-3.549789033154124,-0.7966070190028232
97.02,7.008482976977497,-3.549547468914882,-0.7952778255913943
97.04,7.009331091072421,-3.5493059046756397,-0.7939486321799653
97.06,7.039108276979519,-3.5457380928655438,-0.6853985663605227
97.08,7.0931522550839565,-3.53942884110647,-0.48847877558155395
97.1,7.1471590556322715,-3.533119589347396,-0.2915589848025852
97.12,7.201277417031273,-3.526810337588321,-0.09463919402361647
97.14,7.22466409469323,-3.5241470704607347,-0.01285677763511082
97.16,7.226550669679767,-3.5241249689182292,-0.014480327407432105
97.18,7.228358940508367,-3.5241028673757238,-0.01610387717975339
97.2,7.2304084365628745,-3.524080765833219,-0.01772742695207467
97.22,7.242229730160522,-3.5101835890849924,-0.18363679226963206
97.24,7.259716249317027,-3.487476108599087,-0.4538632811548667
97.26,7.276619789163924,-3.464768628113181,-0.7240897700401014
97.28,7.293848549023863,-3.4420611476272747,-0.994316258925336
97.3,7.300917037443777,-3.4339498959009536,-1.0885958086565646
97.32,7.301578250144539,-3.433930232431378,-1.085337137377521
97.34,7.302868302914194,-3.433910568961802,-1.0820784660984772
97.36,7.304097913953055,-3.4338909054922273,-1.0788197948194334
97.38,7.336009377412427,-3.3902138093576903,-0.7376268811270305
97.4,7.382930296870324,-3.325523286295865,-0.23377766641761483
97.42,7.43017868175831,-3.260832763234039,0.2700715482918009
97.44,7.477171391609295,-3.1961422401722133,0.7739207630012165
97.46,7.491583035091902,-3.1770446536159285,0.9200882128311132
97.48,7.492133805334095,-3.176861052802173,0.9178732964479578
97.5,7.492978938625101,-3.176677451988417,0.9156583800648025
97.52,7.493859328971832,-3.1764938511746608,0.9134434636816471
97.54,7.492296491307777,-3.1564515453443667,0.6073137883143183
97.56,7.490388500439314,-3.1293777707224137,0.19357552813030568
97.58,7.488429879140101,-3.1023039961004604,-0.22016273205370687
97.6,7.486174969681478,-3.0752302214785074,-0.6339009922377195
97.62,7.486517495697519,-3.069338279004524,-0.725870715850075
97.64,7.487803227250672,-3.06976509849654,-0.7218535212137763
97.66,7.488995983752192,-3.0701919179885553,-0.7178363265774775
97.68,7.4900712502550135,-3.070618737480571,-0.7138191319411787
97.7,7.476541506652693,-3.0136094196210643,-0.768665446854741
97.72,7.458539246976766,-2.942415822405466,-0.83804854125654
97.74,7.440409633206836,-2.8712222251898676,-0.9074316356583391
97.76,7.422537560477545,-2.80002862797427,-0.9768147300601383
97.78,7.420517257345126,-2.788374872293532,-0.9818933775068175
97.8,7.421827288363335,-2.78860004109465,-0.9741425035853536
97.82,7.423544842309038,-2.788825209895768,-0.9663916296638897
97.84,7.424710982411426,-2.7890503786968854,-0.9586407557424256
97.86,7.376507531895269,-2.711479886440491,-0.8259526232425002
97.88,7.321081367541369,-2.6218086593109637,-0.6738311107663266
97.9,7.26587920388209,-2.532137432181436,-0.5217095982901532
97.92,7.210819313491054,-2.4424662050519084,-0.3695880858139797
97.94,7.206872778434693,-2.4335556903222635,-0.35296676522242665
97.96,7.208631599874325,-2.4339073969150093,-0.35188558449798524
97.98,7.21035709901097,-2.4342591035077548,-0.3508044037735438
98.0,7.212459635110651,-2.4346108101005006,-0.3497232230491024
98.02,7.1534063239804375,-2.3849065531041957,-0.301637384506735
98.04,7.08919315565722,-2.3313670099309567,-0.24995005072874213
98.06,7.025615208203186,-2.277827466757717,-0.19826271695074923
98.08,6.962252531866442,-2.2242879235844777,-0.1465753831727563
98.1,6.961208298619347,-2.222260322061173,-0.13211801183853586
98.12,6.962865743002135,-2.222348155906216,-0.11918955936843101
98.14,6.9643386628068065,-2.2224359897512587,-0.10626110689832614
98.16,6.965842000354791,-2.222523823596301,-0.09333265442822127
98.18,7.006317163764663,-2.300685910232065,0.1336436937804614
98.2,7.046765748404979,-2.3794559521149776,0.36228680839040833
98.22,7.087658389716815,-2.4582259939978903,0.5909299230003553
98.24,7.127302362467342,-2.5351017078799383,0.8140828039984163
98.26,7.128484581400864,-2.53492001155652,0.8139041482394407
98.28,7.129553177072258,-2.5347383152331013,0.8137254924804651
98.3,7.130312897698258,-2.534556618909683,0.8135468367214895
98.32,7.130481730687716,-2.5381385575185766,0.7880246766254243
98.34,7.111756976297102,-2.605509987461913,0.3329578663785873
98.36,7.09287949536192,-2.6728814174052498,-0.12210894386824987
98.38,7.074239023739866,-2.7402528473485863,-0.5771757541150869
98.4,7.057351470130834,-2.8017200440923955,-0.9922374001971054
98.42,7.0589159496137,-2.8015635231629257,-0.989756774716545
98.44,7.059885335843048,-2.8014070022334554,-0.9872761492359846
98.46,7.060855062652882,-2.8012504813039856,-0.9847955237554242
98.48,7.055754892176781,-2.8003797348052624,-0.9412202077984466
98.5,7.003329355167587,-2.7942290818799003,-0.5938527431311545
98.52,6.950774458316084,-2.7880784289545373,-0.2464852784638624
98.54,6.897658310436741,-2.7819277760291743,0.10088218620342959
98.56,6.853320737546754,-2.7767219018829556,0.3957311464592952
98.58,6.855071212950302,-2.7768332732646352,0.3950042651760743
98.6,6.8567490207477615,-2.7769446446463153,0.3942773838928534
98.62,6.858426679037856,-2.777056016027995,0.3935505026096325
98.64,6.852567409607122,-2.7910629651095986,0.40777628558281265
98.66,6.811726559069615,-2.8672750615784226,0.48893938516040825
98.68,6.770432461027954,-2.943487158047246,0.5701024847380037
98.7,6.729472880041048,-3.01969925451607,0.6512655843155993
98.72,6.697313330727509,-3.079498335859849,0.7150358293181618
98.74,6.6991424336536545,-3.0791267431587883,0.7150432753852214
98.76,6.700361177212819,-3.078755150457728,0.715050721452281
98.78,6.702048835485857,-3.0783835577566676,0.7150581675193406
98.8,6.713705977783684,-3.0748592533615415,0.6117823359734597
98.82,6.752859557763198,-3.061673581229563,0.19199874129648137
98.84,6.791815121476745,-3.048487909097585,-0.22778485338049706
98.86,6.831036101912739,-3.035302236965607,-0.6475684480574754
98.88,6.859301786930447,-3.0257492364860066,-0.9511440916149773
98.9,6.861207618871182,-3.025642246042461,-0.952545033579118
98.92,6.862946784923148,-3.0255352555989146,-0.9539459755432588
98.94,6.86434052677537,-3.025428265155369,-0.9553469175073994
98.96,6.87770590788441,-3.00996900436448,-0.8999859249128673
98.98,6.917199415570154,-2.9602546121020854,-0.7179734672976689
99.0,6.957313030174053,-2.9105402198396906,-0.5359610096824705
99.02,6.996897022528331,-2.8608258275772953,-0.3539485520672721
99.04,7.0234425930062665,-2.827976956068941,-0.2341823352747964
99.06,7.0250151935363245,-2.8276932140260627,-0.23460552269301643
99.08,7.026646661094434,-2.8274094719831835,-0.2350287101112364
99.1,7.028555089636887,-2.827125729940305,-0.23545189752945644
99.12,7.0503567243242085,-2.7846617224317587,-0.18772530260462864
99.14,7.105434646554123,-2.671268631664674,-0.059031461907717485
99.16,7.160183511838881,-2.5578755408975895,0.06966237878919365
99.18,7.215248551359993,-2.444482450130505,0.19835621948610477
99.2,7.248432477510434,-2.3771050983620694,0.2749737342555936
99.22,7.249769255390282,-2.37743331633643,0.2749683935900934
99.24,7.251319917795884,-2.3777615343107903,0.27496305292459317
99.26,7.252951584000995,-2.3780897522851507,0.27495771225909293
99.28,7.217823074407087,-2.404963540060727,0.2791130559077874
99.3,7.135195598621202,-2.4661263863120464,0.2886427783630724
99.32,7.053169862402111,-2.527289232563365,0.29817250081835744
99.34,6.970533552843147,-2.5884520788146843,0.3077022232736425
99.36,6.927475689648522,-2.6210408226459516,0.31260861129655204
99.38,6.928768457320567,-2.621157867115415,0.31226102761003643
99.4,6.930419281346493,-2.621274911584879,0.3119134439235208
99.42,6.932476901299459,-2.6213919560543424,0.3115658602370051
99.44,6.9150735799832015,-2.6413735017607407,0.37513288216296586
99.46,6.87912156907994,-2.6812357118458614,0.5026665150762419
99.48,6.843851864544831,-2.721097921930982,0.6302001479895182
99.5,6.808145449939735,-2.760960132016103,0.7577337809027943
99.52,6.792109876930867,-2.7796455765529147,0.8169252174470985
99.54,6.793872482981033,-2.7796656546691887,0.8158793087603204
99.56,6.796118350371833,-2.7796857327854636,0.8148334000735424
99.58,6.79825364081935,-2.7797058109017376,0.8137874913867645
99.6,6.799983871154147,-2.7783461014614326,0.8130128333396439
99.62,6.800936526744405,-2.775916434016964,0.8124485169437807
99.64,6.802369524598479,-2.7734867665724954,0.8118842005479177
99.66,6.803446184112625,-2.771057099128027,0.8113198841520545
99.68,6.804843703100303,-2.770110971072866,0.8103688069944013
99.7,6.80639826883788,-2.7701748260879384,0.8091544258594802
99.72,6.808189481027172,-2.770238681103011,0.8079400447245589
99.74,6.809921075418631,-2.7703025361180833,0.8067256635896377
99.76,6.811540497064988,-2.7686646301786406,0.8056803836454853
99.78,6.812806855674843,-2.766012956194912,0.8047358401666969
99.8,6.8140228159566245,-2.763361282211183,0.8037912966879083
99.82,6.815204638751641,-2.7607096082274545,0.8028467532091198
99.84,6.816167520453167,-2.7595880856372763,0.8068657998776675
99.86,6.817690158873672,-2.75926046494369,0.8134601496492192
99.88,6.818707500885668,-2.758932844250104,0.8200544994207708
99.9,6.820299143682283,-2.7586052235565184,0.8266488491923224
99.92,6.742784938150241,-2.7290285070577767,0.5102498455164607
99.94,6.630191850556306,-2.6863181364614817,0.048817880539981755
99.96,6.5173880145091925,-2.6436077658651866,-0.4126140844364972
99.98,6.404992436586607,-2.600897395268892,-0.8740460494129763
100.0,6.3751866509199395,-2.5886971267747687,-1.0021440973808007
100.02,6.376518957657902,-2.588253990583673,-1.0017912162028293
100.04,6.378101293395048,-2.5878108543925773,-1.001438335024858
100.06,6.379516936147135,-2.5873677182014814,-1.0010854538468865
100.08,6.460675497454515,-2.6494535726791786,-0.6767805474128151
100.1,6.568128169536715,-2.7319887354921675,-0.24653126574656306
100.12,6.675614159350058,-2.814523898305156,0.183718015919689
100.14,6.783190635975464,-2.8970590611181444,0.6139672975859408
100.16,6.80770021505994,-2.914382630628944,0.7087704574746694
100.18,6.809296159115847,-2.913875168931254,0.7118514255981344
100.2,6.810471990207732,-2.913367707233564,0.7149323937215994
100.22,6.812116021924206,-2.9128602455358736,0.7180133618450645
100.24,6.771142118426735,-2.982659425593922,0.5998548148057052
100.26,6.720681012467538,-3.068206733471808,0.4545395819409477
100.28,6.670389587287119,-3.1537540413496945,0.3092243490761901
100.3,6.620223849993863,-3.239301349227581,0.16390911621143245
100.32,6.614003191597526,-3.2527315462645583,0.14421599883461142
100.34,6.614686755610058,-3.2533071360984582,0.14691455705027778
100.36,6.615453262984374,-3.2538827259323577,0.14961311526594415
100.38,6.616172935658817,-3.2544583157662577,0.1523116734816105
100.4,6.715617019337701,-3.2224440731878623,0.16703364150833713
100.42,6.829059037553449,-3.1860042367391532,0.18338834971264228
100.44,6.942203674517591,-3.1495644002904433,0.19974305791694744
100.46,7.055594650481655,-3.113124563841734,0.21609776612125262
100.48,7.066986003359869,-3.1102202593859176,0.21947690252777455
100.5,7.068740759828293,-3.1105454132049353,0.22160649657659853
100.52,7.070348172668511,-3.110870567023953,0.22373609062542252
100.54,7.071851636487825,-3.1111957208429706,0.2258656846742465
100.56,7.162385037536165,-3.044087150562376,0.24285289744251015
100.58,7.257776405597728,-2.972969164544708,0.260723501586596
100.6,7.353421299813327,-2.9018511785270396,0.27859410573068183
100.62,7.4490846756611635,-2.8307331925093706,0.2964647098747677
100.64,7.45276863785201,-2.8294922410755805,0.3013262270840595
100.66,7.453627997445105,-2.829998943695588,0.3058623815521704
100.68,7.454615602866678,-2.8305056463155958,0.3103985360202813
100.7,7.456205112423424,-2.830294095917977,0.3150211537207925
100.72,7.52152530054148,-2.73267945573687,0.3313691464378763
100.74,7.5871752152845895,-2.6350648155557637,0.34771713915496005
100.76,7.652775012372428,-2.537450175374657,0.36406513187204387
100.78,7.715840460888456,-2.443649943909448,0.37990923025555656
100.8,7.717414297419114,-2.443739793649132,0.38335017957418677
100.82,7.718976620308808,-2.4438296433888165,0.3867911288928169
100.84,7.720808136253591,-2.4439194931285004,0.3902320782114471
100.86,7.714393632232603,-2.449345506321246,0.389368509928448
100.88,7.611247020263294,-2.5248469993431546,0.33197722486529746
100.9,7.507381284046806,-2.6003484923650633,0.2745859398021469
100.92,7.403965975114111,-2.675849985386972,0.2171946547389964
100.94,7.311107307795417,-2.7435837196986146,0.16459378719373718
100.96,7.312962364753549,-2.743287916416549,0.15394709211681684
100.98,7.315014586739661,-2.7429921131344837,0.14330039703989653
101.0,7.316658252838228,-2.7426963098524184,0.1326537019629762
101.02,7.32468689556052,-2.727559205619505,0.1296623529662879
101.04,7.372404656791856,-2.616673223433996,0.1760595851963087
101.06,7.420335865235092,-2.505787241248488,0.22245681742632953
101.08,7.468241342893547,-2.3949012590629795,0.26885404965635035
101.1,7.5085425929307625,-2.3023364167188416,0.30715211502750217
101.12,7.510216580599102,-2.3018712258813,0.3047359862134624
101.14,7.512140599744532,-2.3014060350437586,0.3023198573994226
101.16,7.5140969548874015,-2.3009408442062176,0.2999037285853828
101.18,7.505811366365565,-2.315094944830635,0.2531818148060606
101.2,7.457790904497937,-2.388598555855254,0.026593000334009246
101.22,7.409706642166061,-2.462102166879873,-0.19999581413804213
101.24,7.360823635697348,-2.535605777904492,-0.4265846286100934
101.26,7.323929705800952,-2.5922532181555864,-0.6009392001481153
101.28,7.324989838267626,-2.5922651200807447,-0.5997904199840425
101.3,7.326257884652346,-2.592277022005903,-0.5986416398199695
101.32,7.327433470487441,-2.5922889239310614,-0.5974928596558967
101.34,7.328667567554821,-2.5692914616765847,-0.58928807807425
101.36,7.329016258766705,-2.4811724811753373,-0.5611132737889568
101.38,7.3294719292442725,-2.39305350067409,-0.5329384695036635
101.4,7.330169820664437,-2.3049345201728424,-0.5047636652183702
101.42,7.330872652646964,-2.2426953512293966,-0.48377184412378854
101.44,7.331976591776986,-2.2429631160346735,-0.4801289227079082
101.46,7.333132138065199,-2.24323088083995,-0.4764860012920279
101.48,7.334373903345618,-2.243498645645227,-0.47284307987614754
101.5,7.322358844640629,-2.2152958394613456,-0.4613518549544873
101.52,7.283328022682555,-2.1278328598276044,-0.4335247501793187
101.54,7.244375598399329,-2.0403698801938632,-0.40569764540415015
101.56,7.205205818749905,-1.9529069005601218,-0.37787054062898157
101.58,7.181007338800111,-1.896816042476844,-0.3577330294649992
101.6,7.182883883790769,-1.897417043314128,-0.3514912108655316
101.62,7.184484637077268,-1.898018044151412,-0.3452493922660638
101.64,7.18625812384651,-1.8986190449886964,-0.3390075736665962
101.66,7.164138186293242,-1.8734549343613462,-0.32533926116909506
101.68,7.105043789809502,-1.8076446049139538,-0.29995514854942046
101.7,7.045336438674674,-1.7418342754665614,-0.2745710359297459
101.72,6.986538639898647,-1.676023946019169,-0.2491869233100713
101.74,6.953281354658493,-1.6379679229932431,-0.23441151774393118
101.76,6.955015673253187,-1.6382892209590116,-0.23430532241557422
101.78,6.95649822725527,-1.6386105189247804,-0.2341991270872173
101.8,6.958263352016908,-1.638931816890549,-0.23409293175886034
101.82,6.932485875347017,-1.6290058732668997,-0.1256225361779761
101.84,6.873584693912839,-1.6066262999998888,0.11454453160176652
101.86,6.814406789265012,-1.5842467267328777,0.35471159938150915
101.88,6.754909902998344,-1.5618671534658668,0.5948786671612518
101.9,6.72473093982315,-1.5501586309450968,0.7176088844124444
101.92,6.725293392409943,-1.549866695544266,0.7146974880087965
101.94,6.726020121262436,-1.5495747601434353,0.7117860916051485
101.96,6.7268569513397996,-1.5492828247426045,0.7088746952015007
101.98,6.744343164484819,-1.5411880242246239,0.5290250208109106
102.0,6.7770932725873685,-1.5257402868308465,0.18243967056060936
102.02,6.810242949202589,-1.5102925494370691,-0.16414567968969201
102.04,6.843194886755487,-1.494844812043292,-0.5107310299399933
102.06,6.858584815534956,-1.487899716752279,-0.6673939316619996
102.08,6.859914966408395,-1.4880085246938457,-0.6664946830051753
102.1,6.861876736250412,-1.4881173326354122,-0.665595434348351
102.12,6.863062029001785,-1.488226140576979,-0.6646961856915267
102.14,6.853307275622682,-1.4149876873275913,-0.636863897890906
102.16,6.83545941032404,-1.2882604085823512,-0.5893905681830088
102.18,6.817299907087702,-1.1615331298371112,-0.5419172384751115
102.2,6.799040867512959,-1.0348058510918712,-0.4944439087672143
102.22,6.793050943697342,-0.9857020739772225,-0.47277304497694544
102.24,6.794713636610732,-0.986225588905057,-0.46759855773001097
102.26,6.796492734842222,-0.9867491038328915,-0.4624240704830764
102.28,6.798544699048833,-0.987272618760726,-0.45724958323614184
102.3,6.752754613308451,-0.9694602220247702,-0.4562275529076371
102.32,6.681220822630209,-0.9414108555956543,-0.45752384611851027
102.34,6.610111105886158,-0.9133614891665383,-0.4588201393293835
102.36,6.538705779298118,-0.8853121227374221,-0.46011643254025664
102.38,6.516553758931764,-0.87622724613461,-0.4591176855228447
102.4,6.5182486705716745,-0.8763383147797081,-0.45700606573773045
102.42,6.519708396053272,-0.8764493834248063,-0.4548944459526162
102.44,6.521274053119518,-0.8765604520699044,-0.45278282616750204
102.46,6.57954738663838,-0.941032273255929,-0.3846512772165866
102.48,6.661808257159247,-1.0324138669864522,-0.2889162400043133
102.5,6.744574338777942,-1.1237954607169753,-0.19318120279204004
102.52,6.827241347716486,-1.2151770544474985,-0.09744616557976674
102.54,6.850069879800603,-1.239248445946401,-0.0718727726119488
102.56,6.851642230011952,-1.2392857862069588,-0.07135157822370372
102.58,6.853388739630735,-1.2393231264675164,-0.07083038383545866
102.6,6.854820164008881,-1.2393604667280742,-0.07030918944721361
102.62,6.8690649171573215,-1.1597163040486145,0.04756002202444097
102.64,6.887398294229797,-1.0560833714363858,0.20075781641702337
102.66,6.906129584125949,-0.9524504388241571,0.35395561080960575
102.68,6.924623370472294,-0.8488175062119285,0.5071534052021881
102.7,6.929505765356951,-0.8278601395786737,0.5347731948873123
102.72,6.931072066612827,-0.8275296544980926,0.5310622933573247
102.74,6.93284141534643,-0.8271991694175114,0.527351391827337
102.76,6.933950547160081,-0.8268686843369303,0.5236404902973495
102.78,6.9065467209813844,-0.927903818001603,0.5161437807744161
102.8,6.873078591519768,-1.049400340005385,0.5078828783379503
102.82,6.839504162530817,-1.170896862009167,0.49962197590148444
102.84,6.805918958620585,-1.2923933840129491,0.49136107346501856
102.86,6.802733075960905,-1.3082253026517032,0.48574827291691797
102.88,6.8041134931384635,-1.3073916647333215,0.48055313438981745
102.9,6.805954125698598,-1.3065580268149395,0.47535799586271693
102.92,6.807464283331327,-1.3057243888965577,0.4701628573356164
102.94,6.760638936485764,-1.4027568757284885,0.46505717754506753
102.96,6.708342873426923,-1.5112115215344488,0.4599619386697292
102.98,6.656202093301167,-1.6196661673404091,0.4548666997943908
103.0,6.603718655110287,-1.7281208131463694,0.44977146091905246
103.02,6.6008930480295245,-1.735778440401894,0.44685276380970756
103.04,6.602474126652427,-1.7355226175168266,0.44410494432146497
103.06,6.603429026574876,-1.7352667946317593,0.4413571248332223
103.08,6.604643068116116,-1.7350109717466917,0.43860930534497977
103.1,6.539521311455391,-1.7454758563070363,0.38513290630154334
103.12,6.4715754745455225,-1.7563999399564365,0.3294836546138724
103.14,6.404166801579535,-1.7673240236058367,0.2738344029262015
103.16,6.337027814728385,-1.778248107255237,0.21818515123853063
103.18,6.338327804460982,-1.7780682474740168,0.2120649171224454
103.2,6.340494920573279,-1.7777835475044128,0.2064123215138058
103.22,6.342233304336463,-1.777498847534809,0.20075972590516622
103.24,6.343173203920192,-1.7778298866684086,0.19573126935020244
103.26,6.284675687248802,-1.8050743222402925,0.2179833634323628
103.28,6.2260051318790754,-1.8323187578121767,0.2402354575145231
103.3,6.166764174237235,-1.8595631933840606,0.26248755159668347
103.32,6.1112118979776575,-1.8853307684599847,0.28333212938146507
103.34,6.112469625648835,-1.8852699411778768,0.2795610462059657
103.36,6.113480197457362,-1.8852091138957692,0.27578996303046643
103.38,6.115070574982129,-1.8851482866136613,0.27201887985496714
103.4,6.114703055688118,-1.880006141367562,0.23972076036557638
103.42,6.092743445552515,-1.8207274900407007,-0.0965052152070444
103.44,6.070616222187154,-1.761448838713839,-0.43273119077966515
103.46,6.04870958657018,-1.7021701873869775,-0.7689571663522861
103.48,6.0292063913367695,-1.6498400478868158,-1.0653442164432068
103.5,6.03048681687868,-1.6496838553207314,-1.0625946980381218
103.52,6.031088618290493,-1.649527662754647,-1.0598451796330366
103.54,6.03190927318958,-1.6493714701885627,-1.0570956612279516
103.56,6.038379633293708,-1.640488896567689,-0.9900040459208818
103.58,6.080190524519016,-1.5818635731739248,-0.5561449463653596
103.6,6.122055486868641,-1.5232382497801604,-0.12228584680983737
103.62,6.164044178151958,-1.4646129263863965,0.31157325274568476
103.64,6.198612779291025,-1.4165797904173671,0.6665752389693099
103.66,6.199198568378556,-1.4164852285458733,0.6646823347427223
103.68,6.199703795930018,-1.4163906666743795,0.6627894305161347
103.7,6.200969798877075,-1.4162961048028855,0.6608965262895472
103.72,6.192286991721195,-1.421055279666358,0.6393837810682241
103.74,6.148403859795577,-1.4437816329598465,0.5452438615336668
103.76,6.104831005091717,-1.4665079862533348,0.45110394199910964
103.78,6.061569592343101,-1.4892343395468233,0.35696402246455244
103.8,6.029145922763973,-1.5063595860108108,0.2853971712951754
103.82,6.030561039093694,-1.506168931494391,0.28361528022987836
103.84,6.031960665141549,-1.505978276977971,0.28183338916458134
103.86,6.033103608733924,-1.505787622461551,0.2800514980992843
103.88,6.042837193506406,-1.481294202092718,0.26893544154657095
103.9,6.07547179295249,-1.393091027353819,0.2333498495482126
103.92,6.107337028700478,-1.3048878526149206,0.1977642575498543
103.94,6.139416521019566,-1.2166846778760216,0.16217866555149596
103.96,6.162208732213487,-1.1557101965080343,0.13722827948229202
103.98,6.163910871095404,-1.1559553137097984,0.13618954531721644
104.0,6.165707162960992,-1.1562004309115625,0.13515081115214092
104.02,6.167438121745922,-1.1564455481133267,0.13411207698706534
104.04,6.144795679804882,-1.164163851293961,0.17255123325202362
104.06,6.074265779068165,-1.1864168299592612,0.2877713404851641
104.08,6.00363743197283,-1.2086698086245615,0.4029914477183046
104.1,5.932572058316144,-1.2309227872898616,0.5182115549514451
104.12,5.88891412417391,-1.2448031890656472,0.5904033296746272
104.14,5.890290988961741,-1.2445061495805523,0.5897344230611545
104.16,5.892196885207007,-1.2442091100954573,0.5890655164476818
104.18,5.8937741997636,-1.2439120706103621,0.5883966098342092
104.2,5.925758792971781,-1.2213126519531716,0.5310482366741488
104.22,6.003243920992943,-1.1656760056222755,0.389738756662014
104.24,6.080907719434553,-1.1100393592913793,0.2484292766498793
104.26,6.158719614269758,-1.054402712960483,0.10711979663774451
104.28,6.203607269372636,-1.023046258955335,0.028456786391072506
104.3,6.20505298719886,-1.023260868872373,0.031251767701052854
104.32,6.2065030804139045,-1.023475478789411,0.03404674901103322
104.34,6.208527351081168,-1.0236900887064488,0.036841730321013566
104.36,6.209183512446119,-1.0121038561265778,0.12087906490889327
104.38,6.2087745213492,-0.9870191881884363,0.29784575215636777
104.4,6.208170421057893,-0.9619345202502944,0.4748124394038423
104.42,6.207645335447681,-0.9368498523121526,0.6517791266513168
104.44,6.208151757605865,-0.9243751194500633,0.74113665734886
104.46,6.209954507748069,-0.9246029660849956,0.742241372387113
104.48,6.211658731345734,-0.9248308127199277,0.7433460874253661
104.5,6.213060515080919,-0.9250586593548598,0.7444508024636192
104.52,6.196015858186248,-0.9375641445640821,0.6226800453512938
104.54,6.1615531922826445,-0.9609621471884154,0.39189620626953386
104.56,6.127577948602713,-0.9843601498127489,0.16111236718777383
104.58,6.093232574307334,-1.0077581524370822,-0.06967147189398609
104.6,6.079349191586502,-1.0180962310169543,-0.16969102855886462
104.62,6.080507146835815,-1.018239814216724,-0.1676368006869375
104.64,6.0817554400132146,-1.0183833974164933,-0.1655825728150104
104.66,6.082922708166446,-1.0185269806162627,-0.1635283449430833
104.68,6.0369338054030255,-1.013646763199826,-0.16846015556977434
104.7,5.95867432346717,-1.0053232280203959,-0.17818020368695123
104.72,5.879998465224595,-0.9969996928409659,-0.18790025180412812
104.74,5.801095838384864,-0.9886761576615358,-0.19762029992130506
104.76,5.772331222028164,-0.9859061072781629,-0.2035844979862818
104.78,5.7728662207192825,-0.9864674251328955,-0.20729567474473212
104.8,5.773796091732391,-0.9870287429876282,-0.21100685150318246
104.82,5.774074879780841,-0.9875900608423609,-0.21471802826163278
104.84,5.76468531773241,-0.9485775293816701,-0.08502634531032874
104.86,5.749821416238345,-0.8888836797647778,0.11438175472778328
104.88,5.734801383593338,-0.8291898301478854,0.3137898547658953
104.9,5.719838552879068,-0.769495980530993,0.5131979548040073
104.92,5.715865530136701,-0.7504547305615283,0.5714713236678545
104.94,5.717322891959077,-0.7498068009287044,0.5658881041799615
104.96,5.717926348547483,-0.7491588712958803,0.5603048846920684
104.98,5.7188175030602455,-0.7485109416630562,0.5547216652041754
105.0,5.716328626322622,-0.742290687835953,0.35341524490557186
105.02,5.712221334154258,-0.7339056914647122,0.07607406336592867
105.04,5.7083627899038,-0.7255206950934714,-0.20126711817371448
105.06,5.703923632067159,-0.7171356987222306,-0.47860829971335767
105.08,5.704042552226827,-0.7157379758069662,-0.5411173725755314
105.1,5.705383633950694,-0.7166454107111463,-0.5327516015796852
105.12,5.706419173724937,-0.7175528456153263,-0.524385830583839
105.14,5.707886911467321,-0.7184602805195065,-0.5160200595879929
105.16,5.70186022860495,-0.6190307199128693,-0.522324978892323
105.18,5.693393280371272,-0.4919004423307481,-0.5326801354772417
105.2,5.685402670800309,-0.3647701647486268,-0.5430352920621604
105.22,5.677315700128036,-0.23763988716650536,-0.5533904486470791
105.24,5.677110142966292,-0.21448786356056362,-0.5491270610188597
105.26,5.678868749934127,-0.21488004309937772,-0.5415535391897565
105.28,5.680141654510173,-0.21527222263819182,-0.5339800173606531
105.3,5.68126472131331,-0.21566440217700591,-0.5264064955315498
105.32,5.672196460023471,-0.19635953387989727,-0.27150909978616394
105.34,5.661042438901174,-0.17349917351062127,0.02803245178867171
105.36,5.649568361853076,-0.15063881314134525,0.32757400336350734
105.38,5.638100758558581,-0.12777845277206926,0.6271155549383429
105.4,5.637267243588699,-0.1242247786503732,0.6490064133622572
105.42,5.638492012247114,-0.12333347958734397,0.6326094853174178
105.44,5.639253571710038,-0.12244218052431474,0.6162125572725783
105.46,5.640610751216034,-0.12155088146128554,0.5998156292277388
105.48,5.6664634901160325,-0.23602293357395784,0.6116383508009418
105.5,5.694195998843226,-0.36183037526175366,0.6262338829663647
105.52,5.722139151615666,-0.4876378169495495,0.6408294151317877
105.54,5.7498963972845285,-0.6134452586373452,0.6554249472972107
105.56,5.752479559709355,-0.6200618067879814,0.6494029585608414
105.58,5.753693021417767,-0.6193736044498952,0.6421174014308292
105.6,5.754495838854007,-0.6186854021118089,0.634831844300817
105.62,5.7550953650842445,-0.6179971997737226,0.6275462871708047
105.64,5.753955444198709,-0.7261261830939199,0.6162418507515486
105.66,5.753337354332531,-0.8371630160517491,0.6048300204807218
105.68,5.752397816978748,-0.9481998490095785,0.5934181902098951
105.7,5.751721111214711,-1.0586022047084829,0.5820114264562913
105.72,5.752881580352744,-1.0581976391137495,0.5714894937463186
105.74,5.754082758240097,-1.0577930735190162,0.5609675610363457
105.76,5.755357235826544,-1.0573885079242828,0.5504456283263729
105.78,5.7562353774526835,-1.0600568057453377,0.5394332206979255
105.8,5.729255427209741,-1.141784535144979,0.5158017464168871
105.82,5.702192160696885,-1.2235122645446201,0.4921702721358486
105.84,5.674958731768424,-1.3052399939442614,0.46853879785480995
105.86,5.650063869819634,-1.3813288241652828,0.44542731194378576
105.88,5.651345589756453,-1.381491535445964,0.429317316497248
105.9,5.652561880604507,-1.3816542467266453,0.41320732105071034
105.92,5.653864444312212,-1.3818169580073265,0.3970973256041726
105.94,5.645595793292134,-1.388007222366527,0.35460976870974625
105.96,5.5524904935240755,-1.4479350667927668,0.07695774261625245
105.98,5.4594433488170475,-1.5078629112190067,-0.2006942834772414
106.0,5.366083223593932,-1.5677907556452468,-0.4783463095707352
106.02,5.285568623747241,-1.619930454424105,-0.7186163427681079
106.04,5.286808062386459,-1.6211127462523314,-0.7142980604819736
106.06,5.287516506796454,-1.6222950380805574,-0.7099797781958396
106.08,5.2884209593601,-1.6234773299087835,-0.7056614959097055
106.1,5.2969442377564855,-1.6082443123700894,-0.6971048104991928
106.12,5.344480166751177,-1.5095126296110608,-0.666988921077303
106.14,5.392524592483672,-1.410780946852032,-0.6368730316554133
106.16,5.440725815671364,-1.3120492640930035,-0.6067571422335235
106.18,5.479808880637892,-1.2328649554025484,-0.5814724608230046
106.2,5.481333881775393,-1.2338573241676973,-0.5760037508616308
106.22,5.48246380198519,-1.2348496929328463,-0.5705350409002569
106.24,5.484069707578042,-1.2358420616979953,-0.5650663309388829
106.26,5.485057178717945,-1.21109849054363,-0.5544366109343027
106.28,5.48533961051289,-1.0990825088406317,-0.5263055372296082
106.3,5.48534934391957,-0.9870665271376334,-0.49817446352491357
106.32,5.484762755911765,-0.8750505454346355,-0.4700433898202189
106.34,5.485046745559732,-0.7922894942099222,-0.4480975670095574
106.36,5.486581116545924,-0.793028800980426,-0.44380588507355506
106.38,5.488265495139214,-0.7937681077509298,-0.4395142031375527
106.4,5.489919060282737,-0.7945074145214336,-0.4352225212015503
106.42,5.478702577561442,-0.7638803208627424,-0.4247062795350549
106.44,5.433180482660505,-0.6568961937569588,-0.3990372339436211
106.46,5.38800803356289,-0.5499120666511753,-0.37336818835218744
106.48,5.342640894974111,-0.4429279395453918,-0.34769914276075375
106.5,5.312466170100413,-0.3707055127882247,-0.32856752586988625
106.52,5.314560559702786,-0.37137758361357315,-0.3231447487604497
106.54,5.317267388643985,-0.3720496544389217,-0.31772197165101307
106.56,5.318793284253413,-0.3727217252642701,-0.3122991945415765
106.58,5.2917588128970685,-0.3434415350692918,-0.3004148631799551
106.6,5.211549434096147,-0.2596496037742552,-0.2767707994809305
106.62,5.130886202393308,-0.17585767247921869,-0.2531267357819058
106.64,5.050351879736436,-0.09206574118418215,-0.2294826720828812
106.66,5.001369540375217,-0.040734046940923634,-0.21308173105328015
106.68,5.003149513875993,-0.040962876604145076,-0.20818591855858995
106.7,5.004888435030972,-0.041191706267366526,-0.20329010606389974
106.72,5.007097183059,-0.04142053593058797,-0.1983942935692095
106.74,4.964009752713831,-0.020541201325099758,-0.18460307605161483
106.76,4.858411683716877,0.029721190740073032,-0.15842924706729844
106.78,4.752819184188725,0.07998358280524584,-0.13225541808298205
106.8,4.647267153764795,0.1302459748704186,-0.10608158909866566
106.82,4.589808618045629,0.15785519052255761,-0.09042669990153689
106.84,4.591042702570175,0.15775215690993258,-0.08763991697209536
106.86,4.5928352673804165,0.15764912329730754,-0.08485313404265385
106.88,4.594479554546243,0.1575460896846825,-0.08206635111321234
106.9,4.543227481678673,0.16227415258138647,-0.06494431490046701
106.92,4.435587260669077,0.17220462092521632,-0.03238524495780627
106.94,4.327973377967775,0.18213508926904615,0.00017382498485447238
106.96,4.220519544029355,0.19206555761287603,0.032732894927515216
106.98,4.168871621991907,0.19693388109709756,0.050548753148407274
107.0,4.170338659300937,0.19700078826043385,0.0543807568281148
107.02,4.17187754081132,0.19706769542377017,0.05821276050782233
107.04,4.173562745129373,0.19713460258710647,0.06204476418752985
107.06,4.162435558951772,0.16796171917574945,0.1660731949477254
107.08,4.140266852776923,0.11437142856060542,0.3537731196654146
107.1,4.118255993677204,0.06078113794546137,0.5414730443831037
107.12,4.096044466940848,0.007190847330317319,0.7291729691007929
107.14,4.086776656112496,-0.015326473754954363,0.8072381436168999
107.16,4.088062636006492,-0.015032115516806019,0.8048168759892191
107.18,4.0893609844861105,-0.01473775727865768,0.8023956083615384
107.2,4.090649684895362,-0.01444339904050934,0.7999743407338576
107.22,4.146938945173957,-0.04330277824741634,0.5086316467434441
107.24,4.239565035616816,-0.09092890154497636,0.03130544099661608
107.26,4.331871159198795,-0.13855502484253646,-0.4460207647502119
107.28,4.424573026951466,-0.18618114814009648,-0.92334697049704
107.3,4.459004183712213,-0.2035174261244524,-1.094157047497789
107.32,4.460057150727752,-0.20382288256994027,-1.0926248284755353
107.34,4.461412673065585,-0.20412833901542812,-1.0910926094532816
107.36,4.4628028486316325,-0.20443379546091595,-1.0895603904310278
107.38,4.535214628691217,-0.21975217187312307,-1.0783439849867777
107.4,4.641799861500171,-0.24240434151362758,-1.0623968661995773
107.42,4.748344071775384,-0.26505651115413204,-1.0464497474123766
107.44,4.855107310734998,-0.2877086807946365,-1.0305026286251762
107.46,4.8870565779682,-0.2946486840656973,-1.0268165065019292
107.48,4.888262449637281,-0.2949677802365629,-1.0282970124526898
107.5,4.889247942513451,-0.29528687640742857,-1.0297775184034503
107.52,4.890002023929076,-0.2956059725782943,-1.0312580243542107
107.54,4.95448147282999,-0.2986482402831919,-1.00678385963513
107.56,5.041878619360764,-0.3026710304818143,-0.9729642908197768
107.58,5.128436469059929,-0.30669382068043666,-0.9391447220044236
107.6,5.2153223421449635,-0.31071661087905905,-0.9053251531890705
107.62,5.237186809331066,-0.3118315662281582,-0.8949718998335439
107.64,5.238871945149538,-0.3120630701622087,-0.8917481262015171
107.66,5.240632656852962,-0.3122945740962592,-0.8885243525694904
107.68,5.242674044872084,-0.3125260780303097,-0.8853005789374636
107.7,5.2848824740600335,-0.2963245438306591,-0.8355175711204528
107.72,5.33746186268538,-0.27598128158814,-0.7739999294329738
107.74,5.38945080323308,-0.255638019345621,-0.7124822877454948
107.76,5.441878166979643,-0.23529475710310202,-0.6509646460580157
107.78,5.451589725045747,-0.23222219833844918,-0.6387215372641578
107.8,5.452859012263851,-0.23267651682662005,-0.6365408575675714
107.82,5.454482084645007,-0.23313083531479098,-0.6343601778709849
107.84,5.455875786601675,-0.2335851538029619,-0.6321794981743984
107.86,5.461840481083395,-0.20140316763962543,-0.5861886977507691
107.88,5.468748681385873,-0.16400245162868993,-0.5331924110410392
107.9,5.475950825268105,-0.12660173561775442,-0.48019612433130937
107.92,5.483039491159375,-0.08920101960681893,-0.42719983762157954
107.94,5.48553169204592,-0.08543392500364366,-0.42247586401842185
107.96,5.486913257546319,-0.08566063166864205,-0.4234839530726091
107.98,5.488731694999802,-0.08588733833364046,-0.4244920421267964
108.0,5.490404786899104,-0.08611404499863884,-0.4255001311809837
108.02,5.454358075724123,-0.03734260438042653,-0.397900264619444
108.04,5.414506639965248,0.015368493949919456,-0.3680001977601576
108.06,5.375044881980493,0.06807959228026542,-0.33810013090087115
108.08,5.335706000349708,0.12079069061061141,-0.30820006404158473
108.1,5.3358504904800474,0.12269831064169792,-0.3048852164967878
108.12,5.337316665401926,0.12233984519211764,-0.30275620073961046
108.14,5.339173930019646,0.12198137974253737,-0.3006271849824332
108.16,5.340180374345658,0.12162291429295709,-0.2984981692252559
108.18,5.264150349997706,0.1757258008471928,-0.28385492168313875
108.2,5.187572506727907,0.2304333158981931,-0.2690727414690643
108.22,5.110687017704672,0.2851408309491934,-0.25429056125498994
108.24,5.034999076997945,0.3387119295162869,-0.23981687979499133
108.26,5.036252522065945,0.33862634390230695,-0.2399091787234444
108.28,5.037501522901518,0.33854075828832686,-0.24000147765189742
108.3,5.039043688771073,0.3384551726743469,-0.24009377658035047
108.32,5.035129315660052,0.3408251379624039,-0.23963367933619262
108.34,4.9400008153320405,0.38754730171406504,-0.22919619385795328
108.36,4.84528517281745,0.4342694654657261,-0.2187587083797139
108.38,4.750037689128403,0.4809916292173872,-0.20832122290147456
108.4,4.662525467391779,0.5237782399458697,-0.1987248993043743
108.42,4.663638765543965,0.5237490757554076,-0.19827976680065676
108.44,4.665125487027542,0.5237199115649456,-0.19783463429693926
108.46,4.666106156934661,0.5236907473744836,-0.19738950179322173
108.48,4.6559018257224425,0.5271659656433485,-0.19617397619044052
108.5,4.563616274365595,0.5573728592335089,-0.18908183796533387
108.52,4.471431577804025,0.5875797528236694,-0.1819896997402272
108.54,4.379394281029703,0.6177866464138297,-0.17489756151512054
108.56,4.300889143803377,0.6435392881303019,-0.1688528056982111
108.58,4.301545636133159,0.643572613242677,-0.16885574554959412
108.6,4.3023621939969825,0.643605938355052,-0.16885868540097715
108.62,4.303207092787781,0.643639263467427,-0.1688616252523602
108.64,4.291197557639036,0.6453095420091464,-0.16762899069183526
108.66,4.221860138893179,0.6544704600529551,-0.16074241245050874
108.68,4.152831953560806,0.6636313780967638,-0.1538558342091822
108.7,4.083541830493097,0.6727922961405726,-0.14696925596785565
108.72,4.029085615003227,0.6800192673940839,-0.14264086323730865
108.74,4.029916686406329,0.680017227523945,-0.14787485950658635
108.76,4.030616197186505,0.6800151876538063,-0.15310885577586406
108.78,4.031421301282153,0.6800131477836674,-0.15834285204514173
108.8,4.0239653170413785,0.6776973886830866,-0.0922477740171723
108.82,3.989111504691854,0.6681653059525315,0.1963175491394902
108.84,3.9548301889161452,0.6586332232219765,0.48488287229615273
108.86,3.9203365600577054,0.6491011404914215,0.7734481954528152
108.88,3.895118702702556,0.6422183875666354,0.9769293017184687
108.9,3.8956186485087514,0.642337715195177,0.9555359740082664
108.92,3.8958620180122643,0.6424570428237187,0.9341426462980643
108.94,3.896524949780266,0.6425763704522603,0.9127493185878622
108.96,3.9019188825577875,0.6319731010507477,0.9042609045377951
108.98,3.918992746193017,0.5970766702504801,0.9250099177177115
109.0,3.935526124403725,0.5621802394502124,0.9457589308976277
109.02,3.952648761205115,0.527283808649945,0.9665079440775441
109.04,3.963405392082563,0.5043151453816955,0.976381392798903
109.06,3.962819491971539,0.5047139978079924,0.9649486815460504
109.08,3.9623183745547212,0.5051128502342892,0.9535159702931978
109.1,3.962549507764936,0.505511702660586,0.9420832590403451
109.12,3.9845415836599356,0.4855404637644092,0.9396953173834407
109.14,4.043066272470166,0.43083474571547314,0.9527302501750847
109.16,4.1019726251884485,0.37612902766653716,0.9657651829667289
109.18,4.160668008919983,0.3214233096176012,0.9788001157583729
109.2,4.196105385007543,0.288681022686962,0.9854489884400949
109.22,4.195883155497473,0.28869473434407933,0.9825737674219182
109.24,4.1964413958934585,0.28870844600119666,0.9796985464037413
109.26,4.196300968146999,0.288722157658314,0.9768233253855647
109.28,4.235235313879671,0.26618924975278424,0.982883912328885
109.3,4.324538340283311,0.21414461633515028,1.0006407587072768
109.32,4.413851537468723,0.1620999829175163,1.0183976050856687
109.34,4.502922465846401,0.11005534949988231,1.0361544514640604
109.36,4.550974359257384,0.08220809311129022,1.0428889949457647
109.38,4.550764801585808,0.08222063389701219,1.036932942966357
109.4,4.550583445119814,0.08223317468273415,1.0309768909869492
109.42,4.550680360688968,0.08224571546845612,1.0250208390075415
109.44,4.596818966805641,0.0629094862757333,0.7595348499427985
109.46,4.69038944693346,0.023955093910773252,0.23090548486538467
109.48,4.783631350066095,-0.014999298454186785,-0.297723880212029
109.5,4.8764409653932255,-0.05395369081914683,-0.8263532452894429
109.52,4.9208013211374295,-0.07262204338946184,-1.0761653318128672
109.54,4.921328680192616,-0.0731750717397365,-1.076995091066673
109.56,4.921260426515172,-0.07372810009001116,-1.0778248503204788
109.58,4.922215198143349,-0.07428112844028584,-1.0786546095742846
109.6,4.963578280013816,-0.08027832496237419,-1.0496833531425878
109.62,5.036323914892182,-0.09055336459405315,-0.9972954671017877
109.64,5.109034407882179,-0.10082840422573212,-0.9449075810609877
109.66,5.182085534937459,-0.11110344385741111,-0.8925196950201877
109.68,5.212438667431218,-0.11579888686546365,-0.8696547112563363
109.7,5.213213603073755,-0.11664421646450067,-0.8671615445962915
109.72,5.213606123743848,-0.11748954606353769,-0.8646683779362467
109.74,5.214224892934942,-0.11833487566257472,-0.8621752112762019
109.76,5.235481669310365,-0.10941728372265891,-0.8147439413682145
109.78,5.269073812398634,-0.09460245411471438,-0.7401680637578945
109.8,5.302623304796933,-0.07978762450676985,-0.6655921861475742
109.82,5.336514871430385,-0.06497279489882533,-0.591016308537254
109.84,5.348963254745522,-0.06043245449062727,-0.5593876361802068
109.86,5.350864379820164,-0.06130041131482586,-0.5503655622432716
109.88,5.3521990307006355,-0.06216836813902443,-0.5413434883063364
109.9,5.353797524186259,-0.063036324963223,-0.5323214143694012
109.92,5.345152255979614,-0.032195748086936225,-0.5046741583165302
109.94,5.332220799872159,0.013100465822717322,-0.4685358482498874
109.96,5.318786757066137,0.05839667973237087,-0.43239753818324467
109.98,5.30570454453862,0.1036928936420244,-0.3962592281166019
110.0,5.304325215626266,0.11558163816384621,-0.37918387030300443
110.02,5.306125048293487,0.11438720848282072,-0.36957402633158964
110.04,5.308354563300999,0.11319277880179522,-0.35996418236017486
110.06,5.310940651818999,0.11199834912076974,-0.35035433838876007
110.08,5.268361047108868,0.15535115925571763,-0.3376227334382539
110.1,5.211131088592703,0.21352890448390618,-0.3238522335060872
110.12,5.1538332726741505,0.2717066497120947,-0.31008173357392055
110.14,5.096569236838003,0.3298843949402832,-0.29631123364175393
110.16,5.086101422812156,0.3420653783853614,-0.2898724628130778
110.18,5.088034814993453,0.3414256315570521,-0.28547727326337574
110.2,5.089895138477376,0.3407858847287428,-0.2810820837136737
110.22,5.091736888444826,0.3401461379004335,-0.27668689416397163
110.24,5.027059774993739,0.38593881136871727,-0.27057940760423704
110.26,4.947427810666661,0.44235919522975553,-0.2640800009892315
110.28,4.867384535747224,0.4987795790907938,-0.257580594374226
110.3,4.7874551846783,0.5551999629518319,-0.25108118775922045
110.32,4.776885468567613,0.5633905984482658,-0.24385097228068525
110.34,4.779042627915897,0.5627657917231654,-0.23648717942449657
110.36,4.78114070658302,0.5621409849980653,-0.22912338656830794
110.38,4.78294107274064,0.561516178272965,-0.2217595937121193
110.4,4.716452491205102,0.5915594797312675,-0.21554061770171662
110.42,4.640004274702345,0.6258966006941474,-0.20948192666462268
110.44,4.563085825769896,0.6602337216570272,-0.2034232356275287
110.46,4.486119778989343,0.694570842619907,-0.19736454459043473
110.48,4.480210006167396,0.6977252258097123,-0.19149702459943418
110.5,4.481177432413683,0.6977543592182176,-0.18564866448061496
110.52,4.48204759590978,0.6977834926267229,-0.17980030436179567
110.54,4.483020316376253,0.6978126260352282,-0.17395194424297641
110.56,4.442132327906195,0.7024222339925466,0.07233942176701212
110.58,4.39924356808971,0.7073209683156789,0.3338079079067854
110.6,4.355689435479842,0.7122197026388115,0.5952763940465585
110.62,4.312862129572265,0.717118436961944,0.8567448801863318
110.64,4.312456554047712,0.7173799924619753,0.8136107518924954
110.66,4.313881338231644,0.7175096666738557,0.7618137303400436
110.68,4.314719393519542,0.7176393408857361,0.7100167087875917
110.7,4.315493240263214,0.7176490763861685,0.6586958440398691
110.72,4.319844097686383,0.6882858214499098,0.7239857807826178
110.74,4.323934849812464,0.6589225665136511,0.7892757175253664
110.76,4.3283283872569545,0.6295593115773923,0.854565654268115
110.78,4.3324189645730415,0.6012498136968528,0.917468991054734
110.8,4.332722496017554,0.6013318837608507,0.916069731295862
110.82,4.333543838147112,0.6014139538248486,0.91467047153699
110.84,4.334327571689793,0.6014960238888465,0.913271211778118
110.86,4.338342697621938,0.5984939955493497,0.9131581269401524
110.88,4.393152899587366,0.5528905356484515,0.9308113017023634
110.9,4.448820153450389,0.5072870757475533,0.9484644764645743
110.92,4.504560300947529,0.4616836158466549,0.9661176512267854
110.94,4.554174155358205,0.4206293580300151,0.9814536304302749
110.96,4.554519207469066,0.42087216011779993,0.9757544122460926
110.98,4.554646505689246,0.4211149622055848,0.9700551940619102
111.0,4.556040304464641,0.42135776429336963,0.9643559758777279
111.02,4.567179614070213,0.4154761288754009,0.9619322671182782
111.04,4.650127450463823,0.3689487700108228,0.9812469547583959
111.06,4.732940540894394,0.32242141114624473,1.0005616423985133
111.08,4.815944998828453,0.27589405228166664,1.0198763300386309
111.1,4.885603278221,0.23692944222341944,1.0358803537084638
111.12,4.88617509650694,0.23689408164570544,1.0348427345912792
111.14,4.886973488307251,0.23685872106799147,1.0338051154740948
111.16,4.887707792968412,0.23682336049027747,1.0327674963569102
111.18,4.904462439451325,0.23159204166347006,0.9308236457001978
111.2,4.98706843504749,0.20482684565783182,0.41068890659091334
111.22,5.069658414835377,0.1780616496521936,-0.10944583251837106
111.24,5.152608553798109,0.1512964536465554,-0.6295805716276557
111.26,5.216780313940395,0.13056921498868168,-1.0326832855546586
111.28,5.217363427602797,0.13050786272074116,-1.0352249492622096
111.3,5.2182941660381115,0.13044651045280065,-1.0377666129697607
111.32,5.219210158375191,0.13038515818486013,-1.0403082766773117
111.34,5.233289234426225,0.13099476419252576,-1.0204042945016432
111.36,5.286582339834924,0.13353575640362977,-0.9358894231511597
111.38,5.339477964527981,0.13607674861473382,-0.8513745518006762
111.4,5.392550705027016,0.13861774082583783,-0.7668596804501928
111.42,5.430600375833409,0.1403577119935945,-0.7057378503274677
111.44,5.431958218244464,0.14013225652830258,-0.702014395239818
111.46,5.433879960267591,0.13990680106301068,-0.6982909401521683
111.48,5.435475009251712,0.13968134559771878,-0.6945674850645187
111.5,5.43822667578626,0.1515453678413135,-0.6692164995335893
111.52,5.443997508470006,0.1889503246369851,-0.5981739338636092
111.54,5.449722476162034,0.22635528143265674,-0.5271313681936289
111.56,5.45566281022602,0.26376023822832834,-0.4560888025236488
111.58,5.459825389260041,0.28783832487472416,-0.4086685664856868
111.6,5.461655873491358,0.2874889340931495,-0.40454686321789357
111.62,5.462865221691327,0.2871395433115748,-0.40042515995010036
111.64,5.464086406187738,0.2867901525300002,-0.3963034566823071
111.66,5.447541417243308,0.3077938687300152,-0.38332203711693874
111.68,5.402380847413417,0.36294901290381365,-0.35617069074580565
111.7,5.356830381031304,0.4181041570776121,-0.32901934437467256
111.72,5.312101397229375,0.4732593012514105,-0.3018679980035395
111.74,5.28581848885919,0.5054953228142854,-0.2863589891901191
111.76,5.287067155471926,0.505613237983911,-0.28716517021588195
111.78,5.288117590821586,0.5057311531535366,-0.28797135124164486
111.8,5.289598757960071,0.5058490683231621,-0.28877753226740777
111.82,5.258448534784007,0.5311373152150576,-0.2828471491792943
111.84,5.186406812243022,0.587420244636073,-0.2686213781578577
111.86,5.114671920761303,0.6437031740570884,-0.25439560713642106
111.88,5.04248372135792,0.6999861034781037,-0.24016983611498446
111.9,5.006125511869773,0.7291632261036799,-0.23159562741250625
111.92,5.007769383400736,0.7289604106856793,-0.22914713752863736
111.94,5.00949075275905,0.7287575952676786,-0.2266986476447685
111.96,5.010968826645249,0.7285547798496781,-0.2242501577608996
111.98,4.975265907936413,0.7455706147881205,-0.21311480687113477
112.0,4.904562857719375,0.7790249227616142,-0.19368619678575438
112.02,4.833270080412371,0.812479230735108,-0.17425758670037397
112.04,4.762175972483373,0.8459335387086018,-0.1548289766149936
112.06,4.730291712354279,0.8612782909360407,-0.14688913013702476
112.08,4.731529203189351,0.8614007144937184,-0.14860638061348064
112.1,4.732649571165768,0.861523138051396,-0.15032363108993652
112.12,4.733409388494014,0.8616455616090736,-0.15204088156639242
112.14,4.710033808325808,0.8624314348929061,-0.03547751693323686
112.16,4.668164957019391,0.8637076228612032,0.16849973934753917
112.18,4.626565768150242,0.8649838108295002,0.3724769956283152
112.2,4.584942037258005,0.8662599987977972,0.5764542519090912
112.22,4.569602475839952,0.8667866821149341,0.6622768657097222
112.24,4.57022408707094,0.8668275939859101,0.6715206998331849
112.26,4.571059863196502,0.8668685058568862,0.6807645339566475
112.28,4.572299384539303,0.8669094177278622,0.6900083680801101
112.3,4.576999550020295,0.8479916341799395,0.7259730132713637
112.32,4.583532501534249,0.8183386402961036,0.7770681049844276
112.34,4.590127934910535,0.7886856464122676,0.8281631966974915
112.36,4.596826836752365,0.7590326525284316,0.8792582884105552
112.38,4.599684194970615,0.7493346416001732,0.8942337394820861
112.4,4.6004417001240965,0.7494567102696094,0.8914342945825412
112.42,4.601909225196717,0.7495787789390455,0.8886348496829963
112.44,4.603026218640897,0.7497008476084817,0.8858354047834516
112.46,4.638980376667648,0.7146545552281782,0.8960581668191737
112.48,4.689763543727617,0.6646729160057733,0.9118112171999444
112.5,4.740752038888013,0.6146912767833683,0.9275642675807152
112.52,4.791472586425533,0.5647096375609635,0.9433173179614859
112.54,4.806009212004737,0.5512929970376663,0.948916055015364
112.56,4.807149404160136,0.5511524508313791,0.9508279432726202
112.58,4.808375342242302,0.5510119046250921,0.9527398315298764
112.6,4.8091313885417755,0.5508713584188049,0.9546517197871324
112.62,4.868556007863754,0.5176787355700245,0.9714245673209558
112.64,4.946023361248977,0.4743527183414583,0.992753617566042
112.66,5.022785211712963,0.4310267011128921,1.014082667811128
112.68,5.099977664429542,0.3877006838843259,1.0354117180562141
112.7,5.11687117407945,0.37879220404382047,1.0391923800007494
112.72,5.11782294457943,0.3786461482628294,1.0385053655361123
112.74,5.119641106238737,0.3785000924818383,1.037818351071475
112.76,5.120661499836976,0.3783540367008473,1.0371313366068378
112.78,5.182102283367614,0.3602461310913933,0.6133732112283021
112.8,5.2557194886169025,0.3384277550316109,0.10221913997418378
112.82,5.3291099004088816,0.31660937897182845,-0.4089349312799346
112.84,5.403020783680921,0.29479100291204596,-0.9200890025340528
112.86,5.413578549123399,0.2913732546041248,-0.9947790696112284
112.88,5.414160523732631,0.29093821674937326,-0.9987190641774714
112.9,5.4142124100342395,0.2905031788946217,-1.0026590587437143
112.92,5.414984467361345,0.29006814103987016,-1.0065990533099571
112.94,5.444402508768062,0.2971268030374533,-0.9007573818032931
112.96,5.477607621991654,0.3050905837501093,-0.7816558463452454
112.98,5.510416846031114,0.31305436446276524,-0.662554310887198
113.0,5.543265397564696,0.3210181451754212,-0.5434527754291505
113.02,5.546827645920752,0.3208600009364192,-0.5220453848762854
113.04,5.548600231393632,0.3200333707969091,-0.5086788416373296
113.06,5.550640784696415,0.31920674065739896,-0.4953122983983736
113.08,5.552507541423221,0.31838011051788884,-0.48194575515941784
113.1,5.529543615999875,0.3511756949571413,-0.4365109482322544
113.12,5.505035929011071,0.3855307778598469,-0.3895887197127322
113.14,5.480914412134846,0.4198858607625526,-0.3426664911932099
113.16,5.457082804548799,0.45424094366525825,-0.2957442626736877
113.18,5.458696738057778,0.45374737776663965,-0.2870997346166751
113.2,5.461182141392842,0.4528088744245101,-0.27894392514052807
113.22,5.463639765137668,0.45187037108238054,-0.2707881156643811
113.24,5.464509095255473,0.45176840623441195,-0.26258196700757086
113.26,5.398031647469958,0.494596884958516,-0.2517924544410164
113.28,5.3313791954233976,0.5374253636826201,-0.2410029418744619
113.3,5.264470350083734,0.5802538424067242,-0.23021342930790745
113.32,5.200785683725598,0.6208778703584196,-0.2196792991471654
113.34,5.202876943681979,0.6203403934874111,-0.21391366926778674
113.36,5.2048941474412125,0.6198029166164027,-0.20814803938840803
113.38,5.206870269795735,0.6192654397453943,-0.20238240950902936
113.4,5.203032455422966,0.6211129435992987,-0.19657046289053048
113.42,5.131989334085966,0.6494654549182556,-0.1902437844323505
113.44,5.061069516497529,0.6778179662372124,-0.18391710597417044
113.46,4.9901506427661655,0.7061704775561692,-0.17759042751599044
113.48,4.927824188628117,0.7312677703934484,-0.17047866149888627
113.5,4.929091500316367,0.7311342238959414,-0.15728176842366032
113.52,4.930113285179333,0.7310006773984344,-0.14408487534843434
113.54,4.931774114011002,0.7308671309009275,-0.13088798227320836
113.56,4.927543491164656,0.7304656669451374,-0.0870209948449276
113.58,4.886727320737347,0.7284969978016134,0.13625322974654341
113.6,4.845982169990236,0.7265283286580895,0.3595274543380144
113.62,4.805248448407964,0.7245596595145655,0.5828016789294854
113.64,4.771052037881471,0.7229782326578496,0.7650701025709445
113.66,4.772000488622572,0.7231885767483324,0.7576045913818836
113.68,4.772832424441746,0.7233989208388151,0.7501390801928227
113.7,4.773843042527068,0.7236092649292979,0.7426735690037617
113.72,4.777348171534386,0.7175918417581778,0.7484799206611034
113.74,4.791711899273483,0.6880661087685433,0.8043843332375963
113.76,4.80596061708412,0.6585403757789089,0.860288745814089
113.78,4.820258668037736,0.6290146427892743,0.9161931583905818
113.8,4.831493729488061,0.6066638470934272,0.9569007210810713
113.82,4.832504803056189,0.60689051006576,0.9497881794084376
113.84,4.833196956921737,0.6071171730380928,0.942675637735804
113.86,4.8337566100939835,0.6073438360104256,0.9355630960631703
113.88,4.850835652674812,0.5959613754266326,0.9359378827733115
113.9,4.910198333881454,0.5536443203296433,0.9562640005540963
113.92,4.969396621933845,0.5113272652326541,0.9765901183348812
113.94,5.028345937408359,0.4690102101356649,0.996916236115666
113.96,5.069906386943474,0.4396079776559668,1.0099685597983636
113.98,5.07101928704712,0.4396908542223803,1.0064144910809114
114.0,5.071842935349053,0.4397737307887939,1.0028604223634592
114.02,5.072860128052907,0.43985660735520743,0.999306353646007
114.04,5.098075924399723,0.42931208528741527,0.8210032278946956
114.06,5.171249904474085,0.3977954778858289,0.2978506933408952
114.08,5.24401305679912,0.36627887048424257,-0.2253018412129053
114.1,5.317038166521252,0.3347622630826561,-0.7484543757667058
114.12,5.363414081774824,0.3148127641128355,-0.8773171877272328
114.14,5.364457582703501,0.31472546017391484,-0.3291344428811677
114.16,5.365575491822544,0.3146381562349942,0.2190483019648973
114.18,5.366596610042774,0.3145508522960736,0.7672310468109624
114.2,5.385745480510054,0.3134843118131778,0.9147945985638598
114.22,5.432634307138388,0.31094742225713295,0.46081803942684957
114.24,5.479691588783565,0.3084105327010881,0.006841480289839268
114.26,5.526411805471946,0.30587364314504323,-0.44713507884717085
114.28,5.553925489181857,0.3043023116512429,-0.7035653987330303
114.3,5.555440707236662,0.30400322348545344,-0.6997038783988586
114.32,5.556682675017957,0.303704135319664,-0.695842358064687
114.34,5.557838972252579,0.3034050471538745,-0.6919808377305154
114.36,5.555044694012023,0.3161208317650044,-0.6490125084758215
114.38,5.547646010853859,0.3439196998401671,-0.5607228554501975
114.4,5.540644681414017,0.37171856791532987,-0.4724332024245734
114.42,5.533388880327633,0.3995174359904926,-0.38414354939894946
114.44,5.530904645339754,0.4133753511836955,-0.3368850565966903
114.46,5.533033955501859,0.4130059340191558,-0.33150059912504476
114.48,5.535157092416371,0.4126365168546161,-0.32611614165339914
114.5,5.536813789726965,0.4122670996900764,-0.3207316841817536
114.52,5.50926677528795,0.4345727276103807,-0.3079229816182676
114.54,5.45493240565153,0.47725963157608225,-0.28844105798380665
114.56,5.400213642932962,0.5199465355417839,-0.2689591343493457
114.58,5.345701561735319,0.5626334395074857,-0.24947721071488485
114.6,5.322493353933734,0.5812896091151449,-0.23874624709486061
114.62,5.3244554152985675,0.580938220446888,-0.23493701878122966
114.64,5.326494427064299,0.5805868317786311,-0.23112779046759868
114.66,5.328437117513756,0.5802354431103742,-0.22731856215396773
114.68,5.287607242522137,0.5982396780883007,-0.21779075566600173
114.7,5.217862062573598,0.6289954421050479,-0.20429029114928163
114.72,5.149142166638308,0.659751206121795,-0.19078982663256158
114.74,5.079873125852823,0.6905069701385421,-0.17728936211584148
114.76,5.054863953368402,0.7020831102294903,-0.16777335601593077
114.78,5.056073372984912,0.7019934228181396,-0.1606808596136246
114.8,5.05775760961124,0.7019037354067887,-0.15358836321131844
114.82,5.058907242630987,0.7018140479954382,-0.14649586680901225
114.84,5.032030107294352,0.7033338466432707,-0.014500063284508305
114.86,4.989955244849758,0.7057069633511058,0.18371703312618393
114.88,4.947414676850893,0.708080080058941,0.38193412953687617
114.9,4.905493280336982,0.7104531967667761,0.5801512259475683
114.92,4.893350460124138,0.7112843017280738,0.6462520975146282
114.94,4.8944914302725415,0.711407087940518,0.6516657536343181
114.96,4.894975353282664,0.7115298741529622,0.657079409754008
114.98,4.896397603998984,0.7116526603654065,0.6624930658736979
115.0,4.905715897347331,0.6915182133703414,0.7152621099181955
115.02,4.918315964227575,0.6633865829876155,0.7867261908292339
115.04,4.930946764542804,0.6352549526048896,0.8581902717402724
115.06,4.944006859289957,0.6071233222221637,0.929654352651311
115.08,4.947319711645332,0.6002075698144108,0.9457257198112321
115.1,4.948297363688269,0.6004137145215581,0.943202466059591
115.12,4.948950989630875,0.6006198592287054,0.9406792123079499
115.14,4.950062264807537,0.6008260039358528,0.9381559585563088
115.16,4.99696651719484,0.572367393550604,0.9552773132690183
115.18,5.056565136305413,0.5358426196688132,0.9779265932400543
115.2,5.115961542247826,0.49931784578702254,1.0005758732110905
115.22,5.175864525482618,0.46279307190523183,1.0232251531821264
115.24,5.187370003128116,0.4560724168405947,1.0247046794114751
115.26,5.187989507078289,0.4562468558638643,1.0212866461873054
115.28,5.188166919131824,0.45642129488713384,1.0178686129631354
115.3,5.188046150404622,0.4565957339104035,1.0144505797389651
115.32,5.245185324836978,0.4343635106615375,0.5754505041310791
115.34,5.31277087106965,0.40798470509339535,0.05584151080015458
115.36,5.380098872738485,0.3816058995252532,-0.46376748253077005
115.38,5.447550654836129,0.3552270939571111,-0.9833764758616944
115.4,5.456993970102036,0.3517972936663084,-1.0484065991048028
115.42,5.457779171927695,0.35162917271356614,-1.0488286711419479
115.44,5.458655087190666,0.35146105176082376,-1.0492507431790927
115.46,5.460060818803688,0.3512929308080815,-1.0496728152162378
115.48,5.487422208464905,0.35710838317253724,-0.9293939367412144
115.5,5.517835130973172,0.3635353347374974,-0.796779864757961
115.52,5.548148882254932,0.3699622863024576,-0.6641657927747078
115.54,5.578052558013917,0.37638923786741774,-0.5315517207914545
115.56,5.581172451068578,0.37651276667991035,-0.5184566222367425
115.58,5.5830426069740104,0.3762268050580722,-0.513125857165906
115.6,5.584378559424479,0.37594084343623413,-0.5077950920950693
115.62,5.5856495897244,0.375654881814396,-0.5024643270242327
115.64,5.557690617435097,0.40556892265587335,-0.4454398673432692
115.66,5.529008148856231,0.4363938977987339,-0.3868561508495689
115.68,5.500266641581121,0.4672188729415944,-0.32827243435586867
115.7,5.471742328459248,0.497968209330947,-0.26982916897599113
115.72,5.4734453649977475,0.4977939019911764,-0.2688070006366951
115.74,5.4744536246959346,0.49761959465140587,-0.2677848322973991
115.76,5.475589615801129,0.49744528731163534,-0.2667626639581031
115.78,5.47494788745448,0.4985426277444053,-0.2652850896147142
115.8,5.40974992587608,0.5355942950793059,-0.2509314526556222
115.82,5.3446054521688495,0.5726459624142065,-0.23657781569653022
115.84,5.279541675688504,0.6096976297491071,-0.2222241787374382
115.86,5.218392829208799,0.6442977490697716,-0.20866441577978323
115.88,5.219932277184447,0.6441373388302412,-0.20636100208951833
115.9,5.221762738579913,0.6439769285907107,-0.20405758839925345
115.92,5.223072820533135,0.6438165183511804,-0.20175417470898852
115.94,5.219238618741383,0.645372786315361,-0.19933108712914466
115.96,5.166151147171856,0.6628011748380646,-0.1958015147118987
115.98,5.112391056110098,0.6802295633607681,-0.19227194229465272
116.0,5.059189751847069,0.6976579518834717,-0.18874236987740672
116.02,5.012898904702778,0.712850889329855,-0.1865626342555425
116.04,5.013407230140037,0.7129931954730965,-0.19347095076861823
116.06,5.01357099767875,0.7131355016163379,-0.20037926728169395
116.08,5.014172800882095,0.7132778077595795,-0.20728758379476966
116.1,5.013606286484472,0.7128966541297247,-0.1635034126862482
116.12,5.004508845545484,0.7097884865809261,0.14436813711868102
116.14,4.996105872566025,0.7066803190321274,0.45223968692361016
116.16,4.987468392175341,0.7035721514833287,0.7601112367285393
116.18,4.9807360092274875,0.7010735364134908,1.007898618816207
116.2,4.981590005690779,0.7011275830962671,1.0040677036065142
116.22,4.982922632298058,0.7011816297790433,1.000236788396822
116.24,4.983899846283514,0.7012356764618196,0.9964058731871294
116.26,4.994094475679486,0.6954245008518958,0.9938165356930655
116.28,5.0363400827030524,0.6693506822851335,0.9955164893288987
116.3,5.078665999475811,0.6432768637183712,0.9972164429647317
116.32,5.120936477026925,0.617203045151609,0.9989163966005647
116.34,5.152616693158068,0.5978016524597963,1.0001806698902955
116.36,5.153708434098726,0.5977714771097576,1.0001800870641155
116.38,5.1549493383785085,0.597741301759719,1.0001795042379353
116.4,5.156024052865882,0.5977111264096803,1.0001789214117554
116.42,5.177015062564391,0.5895872410582164,1.004504616372917
116.44,5.246244776102982,0.5614462847851259,1.019529905127361
116.46,5.3150695708829065,0.5333053285120356,1.034555193881805
116.48,5.3842885505101465,0.5051643722389451,1.0495804826362487
116.5,5.431933875069323,0.48602156258085394,1.059715176453262
116.52,5.432981144469124,0.48603129654475846,1.0594402451680882
116.54,5.434482075599029,0.486041030508663,1.0591653138829147
116.56,5.4359190818734655,0.4860507644725675,1.0588903825977412
116.58,5.448906172098731,0.48407641018696435,0.9087634034408172
116.6,5.483588203845224,0.47843930039444893,0.4819998312792674
116.62,5.518844550160889,0.4728021906019335,0.055236259117717304
116.64,5.553555968452994,0.4671650808094181,-0.37152731304383263
116.66,5.575653183715228,0.4636029991247438,-0.6350555741059016
116.68,5.577500427339462,0.4633825497538676,-0.6357091356582605
116.7,5.57924740327274,0.46316210038299144,-0.6363626972106193
116.72,5.580969001235194,0.46294165101211526,-0.6370162587629782
116.74,5.577423704952982,0.4704180840093344,-0.6008164552997265
116.76,5.5667061466201275,0.48875315791604895,-0.5126245025644693
116.78,5.55621418806008,0.5070882318227635,-0.4244325498292122
116.8,5.5456863127923,0.5254233057294782,-0.33624059709395504
116.82,5.54054160518023,0.5356885424316931,-0.2885130090391811
116.84,5.541552576237723,0.5359510027811326,-0.2909420697369151
116.86,5.542451611777403,0.5362134631305723,-0.2933711304346492
116.88,5.543724513616326,0.5364759234800119,-0.2958001911323832
116.9,5.518207069904923,0.5528253823996553,-0.2878337932005248
116.92,5.463566088397158,0.5867255378886772,-0.2685260913385827
116.94,5.4091894840918195,0.6206256933776992,-0.24921838947664052
116.96,5.354810313809413,0.6545258488667212,-0.2299106876146984
116.98,5.328745672088969,0.6708955095166228,-0.21772794934817177
117.0,5.330959617124351,0.6704196787142658,-0.2123917670086567
117.02,5.332725144353967,0.6699438479119088,-0.2070555846691417
117.04,5.334624164977757,0.6694680171095517,-0.20171940232962668
117.06,5.304746498355043,0.68218242926734,-0.19981225951246662
117.08,5.248221991131501,0.7060570545002894,-0.20080641364853635
117.1,5.191839268211944,0.7299316797332388,-0.20180056778460606
117.12,5.135522122817659,0.7538063049661882,-0.20279472192067582
117.14,5.112717874470012,0.763863878911311,-0.18768399396543073
117.16,5.114414479670586,0.7636419586713684,-0.16059169061032494
117.18,5.116026379366676,0.7634200384314258,-0.13349938725521915
117.2,5.118110142271995,0.7631981181914833,-0.10640708390011339
117.22,5.105468263442258,0.7587624727759463,0.05939570893358376
117.24,5.0843622875898635,0.7515771451389708,0.3157145537052223
117.26,5.063039588057993,0.7443918175019952,0.5720333984768607
117.28,5.041422080152917,0.7372064898650197,0.8283522432484993
117.3,5.033844608074976,0.7348217168079691,0.9154833016957361
117.32,5.0344271519438,0.7351744247470122,0.9061362674303163
117.34,5.0349297216649065,0.7355271326860551,0.8967892331648962
117.36,5.035209214321135,0.7358798406250981,0.8874421988994763
117.38,5.060227250884909,0.7151925384521389,0.9019894963377387
117.4,5.097515670758025,0.684074817640921,0.928382219772667
117.42,5.134831067921181,0.652957096829703,0.9547749432075953
117.44,5.172598509617774,0.6218393760184852,0.9811676666425235
117.46,5.184202650110971,0.612833187078764,0.9820857065863385
117.48,5.184879562165126,0.6132905283302651,0.9721008186945319
117.5,5.18479258642662,0.6137478695817662,0.9621159308027251
117.52,5.185105155466768,0.6142052108332673,0.9521310429109184
117.54,5.2282282583193975,0.5896583050757339,0.970972890578195
117.56,5.286854407791768,0.5559570666632031,1.0003685264307405
117.58,5.346682982235809,0.5222558282506722,1.029764162283286
117.6,5.4057231481108,0.4885545898381413,1.0591597981358314
117.62,5.420284590312273,0.48038094814687426,1.0643224361438153
117.64,5.421461506703694,0.4801048217351972,1.0619880710912533
117.66,5.4223278573270655,0.4798286953235201,1.0596537060386912
117.68,5.422783839969008,0.479552568911843,1.0573193409861292
117.7,5.451158300360326,0.4763100727704178,0.7172975541051335
117.72,5.486938487096485,0.472304752511374,0.2904369261302819
117.74,5.522943020605623,0.4682994322523301,-0.13642370184457003
117.76,5.558983127917891,0.4642941119932862,-0.563284329819422
117.78,5.566275786621503,0.4632436255395968,-0.6285322996542525
117.8,5.567593975315408,0.46281054536283966,-0.6182220690416723
117.82,5.568438883720046,0.46237746518608247,-0.6079118384290919
117.84,5.569053039792324,0.46194438500932516,-0.5976016078165116
117.86,5.552943690673817,0.48186620536250063,-0.531358683316678
117.88,5.533628916242092,0.50513232045237,-0.45592605958440774
117.9,5.514288200835019,0.5283984355422393,-0.3804934358521375
117.92,5.495671337395705,0.5516645506321085,-0.30506081211986724
117.94,5.495321336459735,0.5536814835247043,-0.2938630197819963
117.96,5.4970114923245195,0.5530883570515195,-0.29055525924552794
117.98,5.499170895706795,0.5524952305783348,-0.2872474987090595
118.0,5.5008165880203155,0.5519021041051501,-0.28393973817259116
118.02,5.4518179475587925,0.5872770271287759,-0.27640177525434784
118.04,5.398967485846213,0.6256810054671887,-0.2685075651337568
118.06,5.346215142208375,0.6640849838056017,-0.2606133550131658
118.08,5.293441736527388,0.7024889621440146,-0.2527191448925748
118.1,5.293070248482218,0.7037097494951688,-0.2432062027503607
118.12,5.295381557875507,0.7031395306308172,-0.23361529099244155
118.14,5.297400372095606,0.7025693117664655,-0.2240243792345224
118.16,5.299585207126999,0.7019990929021138,-0.21443346747660322
118.18,5.2571702272632255,0.7510041350045542,-0.22753347997487358
118.2,5.214105080827114,0.8007249915186371,-0.24096112545538778
118.22,5.171175515207275,0.8504458480327199,-0.254388770935902
118.24,5.1290848925291,0.8992887677149604,-0.26754085103301484
118.26,5.130868667752224,0.898803887727673,-0.265210001680919
118.28,5.13293576949349,0.8983190077403854,-0.2628791523288232
118.3,5.134208688521556,0.897834127753098,-0.2605483029767274
118.32,5.133871336877801,0.9003811138537879,-0.25874182660842177
118.34,5.091273891533275,0.9615107686628758,-0.2670674497120657
118.36,5.048700488495321,1.0226404234719637,-0.2753930728157096
118.38,5.006230077153037,1.0837700782810515,-0.2837186959193536
118.4,4.96740699249765,1.1399058489448934,-0.290804077546575
118.42,4.968861338252664,1.1393271564517742,-0.2838043047179683
118.44,4.970697655699861,1.1387484639586551,-0.27680453188936166
118.46,4.97281283637811,1.138169771465536,-0.26980475906075496
118.48,4.970112407564081,1.1446747243812687,-0.26407818189203097
118.5,4.92792936544293,1.206979367846413,-0.26838089327881903
118.52,4.885306304523276,1.2692840113115569,-0.27268360466560704
118.54,4.8431761995768134,1.3315886547767009,-0.27698631605239515
118.56,4.806734344161887,1.384850563081602,-0.28031317232047437
118.58,4.807928660975479,1.3845183452536134,-0.2778563689554102
118.6,4.809791591911307,1.3841861274256246,-0.27539956559034606
118.62,4.8115034538972346,1.3838539095976359,-0.2729427622252819
118.64,4.804884994692546,1.392977996992852,-0.2776154433470584
118.66,4.758891854203457,1.446347983654103,-0.3156468671254733
118.68,4.71317893198865,1.4997179703153543,-0.3536782909038882
118.7,4.667731724419532,1.5530879569766054,-0.3917097146823032
118.72,4.631918591542228,1.5952209762938245,-0.42045611276861244
118.74,4.633243974631561,1.5945171807651812,-0.4138067573357984
118.76,4.634850415878278,1.593813385236538,-0.40715740190298444
118.78,4.636569362177463,1.5931095897078948,-0.40050804647017046
118.8,4.63451982869812,1.60184413231334,-0.4194441503041916
118.82,4.621245303694388,1.6405441966688048,-0.519610829399709
118.84,4.6076879437757166,1.679244261024269,-0.6197775084952263
118.86,4.594709415991355,1.7179443253797333,-0.7199441875907436
118.88,4.585235326217003,1.7461785407504884,-0.7933198160377409
118.9,4.585985341448417,1.7462946131218668,-0.794717089519056
118.92,4.587345991522232,1.7464106854932455,-0.796114363000371
118.94,4.588394380464953,1.746526757864624,-0.7975116364816861
118.96,4.600453726327577,1.7569178677196675,-0.7886910083139627
118.98,4.637702135448118,1.790948459785503,-0.7563623487012877
119.0,4.6750907874885606,1.8249790518513385,-0.7240336890886128
119.02,4.71270000393783,1.8590096439171737,-0.6917050294759377
119.04,4.73826734492799,1.8815281073342054,-0.669675142472447
119.06,4.739457829966453,1.8811621935101013,-0.6681176637176028
119.08,4.740200925957473,1.8807962796859965,-0.6665601849627588
119.1,4.741206070321371,1.8804303658618924,-0.6650027062079146
119.12,4.751341797606263,1.8963850767818238,-0.6564310754956214
119.14,4.7758446623289075,1.9405612453612338,-0.6357306448391575
119.16,4.799823966804115,1.9847374139406437,-0.6150302141826935
119.18,4.824199396884998,2.028913582520054,-0.5943297835262297
119.2,4.839251605080154,2.055442817472491,-0.5834672558315162
119.22,4.83997207848386,2.0552943590970734,-0.5874771452802323
119.24,4.841180923391046,2.0551459007216564,-0.5914870347289485
119.26,4.841718513798026,2.054997442346239,-0.5954969241776646
119.28,4.849042956010559,2.0775415650845126,-0.5902477777102972
119.3,4.866031540626498,2.130185024361492,-0.57271748805054
119.32,4.883404873154705,2.1828284836384713,-0.5551871983907827
119.34,4.900283343093306,2.235471942915451,-0.5376569087310255
119.36,4.90999816210366,2.263562311283007,-0.5294171901362852
119.38,4.910803536249769,2.2630110123694576,-0.5320151068631962
119.4,4.911948752410079,2.2624597134559083,-0.5346130235901072
119.42,4.9131073793018185,2.261908414542359,-0.5372109403170182
119.44,4.915600993593048,2.289180491519559,-0.5228371411199224
119.46,4.919586058468086,2.345032887012779,-0.4910299057799171
119.48,4.923095563917755,2.400885282505999,-0.45922267043991194
119.5,4.927129984719197,2.4567376779992194,-0.4274154350999067
119.52,4.930320633930319,2.483117613615791,-0.41382646663351175
119.54,4.931754469862895,2.482833077399719,-0.4167200200171459
119.56,4.932870542567061,2.4825485411836468,-0.4196135734007801
119.58,4.934188114084117,2.4822640049675746,-0.4225071267844142
119.6,4.926647072133357,2.514952511547187,-0.40859710754419193
119.62,4.911472510431863,2.573894207788793,-0.3813080567773149
119.64,4.89724628744674,2.632835904030399,-0.35401900601043784
119.66,4.882609246119851,2.691777600272005,-0.32672995524356085
119.68,4.877553359641627,2.715779193351112,-0.3162672888333989
119.7,4.879249751439579,2.71534444613961,-0.3175726258572559
119.72,4.880905130799424,2.714909698928108,-0.3188779628811128
119.74,4.882459853910918,2.714474951716606,-0.3201832999049698
119.76,4.862179726654281,2.7488519200442103,-0.3052063510556848
119.78,4.828305593729342,2.8045496374298744,-0.2802571694158933
119.8,4.7944875399012385,2.8602473548155385,-0.2553079877761018
119.82,4.760345877442335,2.915945072201202,-0.2303588061363103
119.84,4.749007756991211,2.9352171599238734,-0.2227520997964055
119.86,4.750371968289686,2.9350380068533477,-0.2244062536291087
119.88,4.7520751391304925,2.934858853782821,-0.22606040746181189
119.9,4.753310654028133,2.9346797007122953,-0.2277145612945151
119.92,4.72466078862403,2.979493043439283,-0.23513725480068326
119.94,4.68271710147721,3.045129801829884,-0.24522974239725262
119.96,4.6401136766619135,3.1107665602204846,-0.255322229993822
119.98,4.598231930675045,3.1764033186110856,-0.2654147175903913
120.0,4.587013350722696,3.194934782247449,-0.26922598583535634
120.02,4.588639679756957,3.1947205344978062,-0.2705376215924729
120.04,4.589621484975218,3.1945062867481644,-0.2718492573495895
120.06,4.5912843798985525,3.1942920389985225,-0.27316089310670605
120.08,4.563783807849402,3.2489576333335006,-0.27996544748015106
120.1,4.525951557089121,3.3222052972256906,-0.2886298795777946
120.12,4.488299274611116,3.395452961117881,-0.29729431167543824
120.14,4.450370194352817,3.468700625010071,-0.3059587437730818
120.16,4.443219710095952,3.4848811179294,-0.30842144238673663
120.18,4.444646398112908,3.4848503622798983,-0.309122395300497
120.2,4.445847207044813,3.484819606630397,-0.30982334821425733
120.22,4.446680921354452,3.484788850980896,-0.3105243011280177
120.24,4.417980914928002,3.5470178607710956,-0.3162864143234076
120.26,4.382965530277341,3.6238043470765584,-0.32323191973718235
120.28,4.347432180662284,3.7005908333820217,-0.33017742515095705
120.3,4.311951976801975,3.777377319687484,-0.33712293056473175
120.32,4.307567968150077,3.789254962235218,-0.33999376031688183
120.34,4.308619068062338,3.788971990887269,-0.3421012032236876
120.36,4.310124087938209,3.78868901953932,-0.3442086461304934
120.38,4.311572214358494,3.7884060481913706,-0.3463160890372992
120.4,4.376350393457808,3.7062877205813125,-0.33278449662165266
120.42,4.450047842815394,3.612364385785891,-0.3169969242385897
120.44,4.524228379736798,3.518441050990469,-0.30120935185552683
120.46,4.598188062438999,3.4245177161950475,-0.28542177947246383
120.48,4.605992608186971,3.4155652145696003,-0.28277719376817434
120.5,4.606844162862883,3.41546463629191,-0.2815017921274136
120.52,4.608088599242965,3.4153640580142195,-0.28022639048665293
120.54,4.609548175299474,3.41526347973653,-0.2789509888458922
120.56,4.677324821606394,3.3780995571139645,-0.379889803222463
120.58,4.74941233601713,3.3384593850210775,-0.4876576801875858
120.6,4.8219424854077175,3.298819212928191,-0.5954255571527086
120.62,4.894547171879817,3.2591790408353045,-0.7031934341178313
120.64,4.897463978119223,3.2572112273229075,-0.7042515223046356
120.66,4.8985631048035705,3.2564448822335716,-0.7019063608283014
120.68,4.899300631076574,3.255678537144236,-0.6995611993519675
120.7,4.900861760747641,3.2548772546883304,-0.6972662747895145
120.72,4.887443245107959,3.2111554173971597,-0.7566873989365962
120.74,4.873675260082611,3.167433580105989,-0.8161085230836779
120.76,4.8603241451370724,3.123711742814818,-0.8755296472307595
120.78,4.847374847314512,3.081425201254373,-0.9331532310878986
120.8,4.849373199980222,3.0818207664861013,-0.9373224605732415
120.82,4.851273239834695,3.082216331717829,-0.9414916900585845
120.84,4.852946881307719,3.082611896949557,-0.9456609195439274
120.86,4.855127032225287,3.0857041168048998,-0.9459361403646164
120.88,4.86460251791849,3.128068503046181,-0.889501779302862
120.9,4.873247115870995,3.170432889287462,-0.8330674182411079
120.92,4.882802670599961,3.2127972755287435,-0.7766330571793537
120.94,4.89161218492626,3.251158066261184,-0.7262341515796362
120.96,4.893464439151827,3.2518070230268497,-0.7326861675566969
120.98,4.895141852327033,3.2524559797925146,-0.7391381835337576
121.0,4.896541463247446,3.2531049365581803,-0.7455901995108182
121.02,4.906655044296148,3.2631448717254266,-0.7303777563090319
121.04,4.974208332862716,3.3373365542536613,-0.5671708387807123
121.06,5.041589182961194,3.411528236781897,-0.4039639212523927
121.08,5.108261313049035,3.4857199193101316,-0.2407570037240731
121.1,5.16493813391704,3.5480812732298572,-0.10292563081851831
121.12,5.16541897718219,3.5480617872672933,-0.09889846897266184
121.14,5.165552827192795,3.5480423013047298,-0.09487130712680536
121.16,5.165791342441314,3.548022815342166,-0.09084414528094889
121.18,5.161721011658966,3.564130875161302,-0.07089772880031954
121.2,5.141995646133754,3.6484893361715347,0.016417618464517093
121.22,5.122436302727566,3.7328477971817664,0.10373296572935373
121.24,5.101910786758571,3.817206258191998,0.19104831299419034
121.26,5.086356860112595,3.882556838774235,0.2598120532428607
121.28,5.087360209369248,3.881622639250912,0.2638821420173607
121.3,5.087718650324561,3.8806884397275883,0.26795223079186076
121.32,5.088993186145929,3.879754240204264,0.2720223195663608
121.34,5.0951754847921125,3.856331014267941,0.29146468686728444
121.36,5.1172661731955085,3.7670573323969423,0.3559188537512575
121.38,5.140029895535463,3.677783650525943,0.4203730206352304
121.4,5.162621144824879,3.588509968654944,0.48482718751920345
121.42,5.178669480939275,3.5245503044992894,0.5312874502981272
121.44,5.180193103002461,3.5236958975743757,0.532890750428797
121.46,5.1822958104354715,3.5228414906494625,0.5344940505594667
121.48,5.183622546794185,3.521987083724549,0.5360973506901366
121.5,5.162355463022619,3.5114415714980827,0.5775598149338595
121.52,5.092040561439216,3.4801134715597413,0.7045003075887266
121.54,5.021973831118229,3.4487853716214,0.8314408002435935
121.56,4.951514417722458,3.4174572716830585,0.9583812928984602
121.58,4.906639635726625,3.3971582551455244,1.0407532747624437
121.6,4.908984442089831,3.3973656390241733,1.0402589208651067
121.62,4.9108889315661415,3.397573022902823,1.03976456696777
121.64,4.912774519586938,3.3977804067814725,1.039270213070433
121.66,4.947446070711382,3.416720492778842,0.8492774501200661
121.68,5.033803506765758,3.466036314301349,0.3520063501017641
121.7,5.121194501865312,3.5153521358238558,-0.145264749916538
121.72,5.208004102628794,3.564667957346363,-0.64253584993484
121.74,5.259725126873333,3.5938108772922948,-0.9364827083314531
121.76,5.261924374300028,3.594302717538455,-0.9416531093857518
121.78,5.264118503192821,3.5947945577846157,-0.9468235104400504
121.8,5.266868326083923,3.5952863980307757,-0.9519939114943493
121.82,5.287272588527114,3.619047067174335,-0.9361753115732468
121.84,5.330109771664535,3.6718405986990605,-0.8941684243290522
121.86,5.3732344645169485,3.7246341302237855,-0.8521615370848575
121.88,5.416103899270388,3.7774276617485105,-0.8101546498406629
121.9,5.438853062432157,3.8050703779052633,-0.7869996343523571
121.92,5.440212673361912,3.805094408585407,-0.7845462903229539
121.94,5.442014128122407,3.80511843926555,-0.7820929462935505
121.96,5.443227624822428,3.805142469945693,-0.7796396022641473
121.98,5.440008996426459,3.8197650415762037,-0.7487686707978898
122.0,5.432024644109817,3.848507322013895,-0.6904122487627352
122.02,5.424247979692859,3.877249602451587,-0.6320558267275809
122.04,5.416038696055693,3.905991882889278,-0.5736994046924265
122.06,5.412888149998031,3.919100034465969,-0.5477944868689038
122.08,5.413949845308435,3.9188932765985225,-0.5495271076473435
122.1,5.41495638542238,3.918686518731076,-0.5512597284257832
122.12,5.41563659956988,3.91847976086363,-0.5529923492042228
122.14,5.3961537494367136,3.9089547106236906,-0.49766058140372377
122.16,5.361156110193017,3.8924508823835833,-0.39959140167318813
122.18,5.326058160295397,3.8759470541434764,-0.30152222194265255
122.2,5.291095133280203,3.859443225903369,-0.20345304221211688
122.22,5.27801938856355,3.8525104521833993,-0.16311694576876956
122.24,5.2793694062717025,3.8518659386771237,-0.16071195188940154
122.26,5.2804748159604165,3.851221425170848,-0.1583069580100335
122.28,5.281664994923124,3.8505769116645734,-0.15590196413066548
122.3,5.258327517384185,3.809356921257273,-0.10064585866008302
122.32,5.220911564726321,3.744835904742245,-0.0150392748941179
122.34,5.183181181090099,3.680314888227217,0.07056730887184721
122.36,5.1456634346026,3.615793871712189,0.15617389263781234
122.38,5.133736332619984,3.593889696881918,0.1872877036723753
122.4,5.135027553253846,3.5932679570149513,0.19118835564167963
122.42,5.136794254890396,3.5926462171479847,0.195089007610984
122.44,5.138170700335965,3.592024477281018,0.1989896595802883
122.46,5.143288011519019,3.520204501300019,0.2405025834670468
122.48,5.150196947014351,3.4176756237122503,0.298238262587098
122.5,5.156989917831018,3.3151467461244826,0.3559739417071492
122.52,5.164120798834364,3.2126178685367144,0.41370962082720036
122.54,5.167348481710214,3.1844385748715913,0.43005421551021367
122.56,5.1692233074291725,3.1837057033338607,0.43111913926794765
122.58,5.17115893579035,3.182972831796129,0.4321840630256817
122.6,5.172660914745867,3.1822399602583986,0.43324898678341567
122.62,5.230069080725056,3.1298079281992006,0.47856632788192477
122.64,5.30486181931068,3.0612371507264156,0.537697790722353
122.66,5.379860697667099,2.992666373253631,0.5968292535627814
122.68,5.454819836651176,2.924095595780846,0.6559607164032096
122.7,5.471909074391451,2.909195335488128,0.66959296310382
122.72,5.4734947580360025,2.908235112188365,0.6714075343009225
122.74,5.475406927644635,2.907274888888601,0.673222105498025
122.76,5.477022492377414,2.9063146655888383,0.6750366766951275
122.78,5.551478140749939,2.8916551488999485,0.7179277312519896
122.8,5.641051273905569,2.8741005598642864,0.7694994810607612
122.82,5.730362279993239,2.8565459708286247,0.8210712308695327
122.84,5.8202368203184625,2.8389913817929635,0.8726429806783043
122.86,5.83474267266054,2.836681946300003,0.8801487526497941
122.88,5.836910479632805,2.8369109590487356,0.8803171630364228
122.9,5.8391188660661255,2.837139971797468,0.8804855734230514
122.92,5.841012970084261,2.837368984546201,0.8806539838096802
122.94,5.804802620214045,2.7768581467252837,0.479689658534595
122.96,5.763268421700708,2.708761774043678,0.02862961650044207
122.98,5.721235713619845,2.640665401362072,-0.42243042553371085
123.0,5.679381456582179,2.572569028680466,-0.8734904675678639
123.02,5.677634058084938,2.567678809233714,-0.9098833121576894
123.04,5.679721360538681,2.568232582667196,-0.9105605633279091
123.06,5.681869518126483,2.568786356100678,-0.9112378144981289
123.08,5.683655392077525,2.56934012953416,-0.9119150656683487
123.1,5.723269027257634,2.6404612363318463,-0.8755340717885407
123.12,5.764640023851404,2.7151076966750556,-0.8373017479894954
123.14,5.806299191717034,2.789754157018264,-0.7990694241904502
123.16,5.847896372369372,2.8644006173614733,-0.7608371003914051
123.18,5.849731468608439,2.8655794072808645,-0.7590218702015605
123.2,5.850897260086088,2.8655742140818776,-0.7577935270574726
123.22,5.852549537105297,2.8655690208828912,-0.7565651839133848
123.24,5.853568258206019,2.866090092160488,-0.7535379399803518
123.26,5.8359493176442765,2.899266548908738,-0.6388865958080431
123.28,5.818255446841021,2.932443005656988,-0.5242352516357344
123.3,5.801192028099003,2.9656194624052383,-0.4095839074634257
123.32,5.784711389505474,2.9972152570187545,-0.30052914981116885
123.34,5.7856193683041255,2.9971707890720465,-0.3035017907055828
123.36,5.787263146990949,2.997126321125339,-0.3064744315999968
123.38,5.787877170467557,2.997081853178631,-0.30944707249441084
123.4,5.7874279915726135,2.9951245826137756,-0.3064253102242988
123.42,5.763140107795582,2.9709591831901165,-0.2338069901878827
123.44,5.738499955944556,2.946793783766457,-0.1611886701514666
123.46,5.713596335737188,2.922628384342797,-0.0885703501150505
123.48,5.6919277344386146,2.9011455449106123,-0.023762534276850787
123.5,5.693524151596405,2.901142837864438,-0.021495971835543887
123.52,5.694770059743432,2.9011401308182627,-0.019229409394236983
123.54,5.696282503179974,2.901137423772088,-0.01696284695293008
123.56,5.70094124516595,2.890409208561018,0.002016803456352707
123.58,5.730170924583071,2.8152668303539445,0.12137021294395359
123.6,5.759536385041309,2.7401244521468713,0.24072362243155443
123.62,5.788737868302144,2.664982073939798,0.36007703191915524
123.64,5.8131893938933485,2.6027465537128602,0.4588795720076507
123.66,5.814053582420388,2.6015854430421417,0.46043673941527946
123.68,5.814932819911508,2.600424332371423,0.4619939068229082
123.7,5.816310655790602,2.5992632217007046,0.463551074230537
123.72,5.795928216665532,2.598090581455494,0.48233467032703586
123.74,5.692275280357024,2.596873551211453,0.5674417157346456
123.76,5.588866369607924,2.595656520967412,0.6525487611422555
123.78,5.485772684031662,2.5944394907233708,0.7376558065498651
123.8,5.407698303338673,2.5935333961604594,0.8027629613120099
123.82,5.410188691664243,2.593623358805132,0.8038020903141591
123.84,5.412763131848556,2.593713321449805,0.804841219316308
123.86,5.414915620574014,2.5938032840944776,0.8058803483184571
123.88,5.406052276960203,2.57046974372773,0.6786199808023818
123.9,5.365177081838453,2.483684300784148,0.2038092426281628
123.92,5.324380829644526,2.396898857840566,-0.2710014955460563
123.94,5.284201523640395,2.3101134148969833,-0.7458122337202754
123.96,5.256018466036772,2.2494157870002436,-1.0769654168719267
123.98,5.2570930956442705,2.2492024590367476,-1.0750502065969976
124.0,5.258271276876744,2.2489891310732513,-1.0731349963220684
124.02,5.259441177978401,2.2487758031097553,-1.0712197860471393
124.04,5.261324671477281,2.2822408863456958,-1.038242345401654
124.06,5.263624581654365,2.383145034742893,-0.9430645899726452
124.08,5.266220650901831,2.48404918314009,-0.8478868345436366
124.1,5.268716977591127,2.584953331537287,-0.7527090791146278
124.12,5.271193077413632,2.6494302717606733,-0.6942729883456966
124.14,5.273046630558054,2.6504743255095504,-0.6998173660262452
124.16,5.274743820727707,2.651518379258428,-0.7053617437067939
124.18,5.276392117388324,2.652562433007305,-0.7109061213873427
124.2,5.255017606345736,2.686103182441042,-0.6833948039930016
124.22,5.198739132972049,2.7691055692044046,-0.6055710235307721
124.24,5.142219079967224,2.8521079559677673,-0.5277472430685426
124.26,5.085540257358646,2.9351103427311296,-0.4499234626063131
124.28,5.052931839780455,2.983240114334046,-0.4091701076910737
124.3,5.053218608454411,2.984806830936412,-0.4179143960038119
124.32,5.053772579852419,2.9863735475387774,-0.4266586843165501
124.34,5.054455918381021,2.987940264141143,-0.4354029726292883
124.36,5.025531939050576,2.999898386557087,-0.4143933041007642
124.38,4.961465257717462,3.0240579120857305,-0.3584470708637639
124.4,4.896785050629761,3.0482174376143747,-0.30250083762676355
124.42,4.832787820919704,3.072376963143018,-0.2465546043897633
124.44,4.800440116632056,3.0850148282690335,-0.2237369072931466
124.46,4.8010161615559275,3.085740306709109,-0.23517121199596974
124.48,4.801581151457198,3.086465785149185,-0.24660551669879283
124.5,4.802483453330047,3.0871912635892604,-0.25803982140161597
124.52,4.786348521860718,3.0724798246027563,-0.22842193894992893
124.54,4.755756325655854,3.0437108353256943,-0.16142009119515163
124.56,4.724863597115482,3.0149418460486324,-0.09441824344037433
124.58,4.694277433345098,2.9861728567715704,-0.027416395685597016
124.6,4.680815955573688,2.9734633158624177,-0.005829671409367134
124.62,4.680889123033238,2.9736248639749,-0.020641588221520638
124.64,4.681031370309436,2.9737864120873825,-0.03545350503367414
124.66,4.681475048726229,2.9739479601998653,-0.05026542184582764
124.68,4.666523399680275,2.964489695632024,0.028211998354458107
124.7,4.641209327053899,2.94825822962051,0.17237338695719512
124.72,4.616068854093225,2.9320267636089965,0.3165347755599321
124.74,4.590928758324918,2.9157952975974832,0.4606961641626692
124.76,4.582280707313342,2.90898270474397,0.5154017376896383
124.78,4.5837592404125465,2.9079787266322077,0.5149399512290652
124.8,4.584959774562902,2.9069747485204447,0.5144781647684922
124.82,4.586116693216098,2.9059707704086817,0.5140163783079192
124.84,4.522248603488118,2.882459874393741,0.5772935513862016
124.86,4.423165254270307,2.8468439443595495,0.674851840914483
124.88,4.324344957725076,2.8112280143253585,0.7724101304427644
124.9,4.225509071464139,2.775612084291167,0.8699684199710459
124.92,4.195979895491072,2.763692087543024,0.9027252430638845
124.94,4.198883589692466,2.7628217150224965,0.905264566602416
124.96,4.201782893335806,2.761951342501969,0.9078038901409475
124.98,4.2048194213817105,2.761080969981441,0.9103432136794791
125.0,4.1818746509273605,2.6872762501060206,0.5696278184384074
125.02,4.148749118567889,2.5842146752232904,0.09121936221684074
125.04,4.115450654083314,2.4811531003405602,-0.38718909400472595
125.06,4.082805359982497,2.3780915254578296,-0.8655975502262927
125.08,4.075859118321496,2.3523473986214127,-0.9869506066250703
125.1,4.077942659546126,2.3530084668079807,-0.9863633028003324
125.12,4.0797350421984495,2.3536695349945482,-0.9857759989755942
125.14,4.081856054387608,2.354330603181116,-0.9851886951508562
125.16,4.086703125030118,2.432562350456896,-0.9414742103379005
125.18,4.091965949596348,2.533038332238665,-0.8853925380934556
125.2,4.096941671099527,2.6335143140204345,-0.829310865849011
125.22,4.102163095902619,2.733990295802204,-0.7732291936045662
125.24,4.1048596190604725,2.7542578610908066,-0.7641434419474892
125.26,4.106679177409896,2.755572205790284,-0.7661628097856628
125.28,4.108836736148433,2.7568865504897606,-0.7681821776238362
125.3,4.110764191226622,2.7582008951892374,-0.7702015454620096
125.32,4.1780898182969555,2.7038717917412325,-0.7002130957717434
125.34,4.257978368728156,2.6389900846774066,-0.6165685916686756
125.36,4.33766812371915,2.5741083776135816,-0.5329240875656079
125.38,4.417240701806356,2.509226670549756,-0.44927958346254016
125.4,4.4281469444373975,2.501377345491351,-0.4394573646101153
125.42,4.429398718561795,2.5018768166799097,-0.4404417646708604
125.44,4.430111559595112,2.502376287868469,-0.44142616473160545
125.46,4.430573753428504,2.5028757590570283,-0.4424105647923505
125.48,4.359177844938779,2.5446878360839884,-0.39965532654545677
125.5,4.279879523764588,2.590885776798692,-0.35225656394382004
125.52,4.200772563884458,2.637083717513396,-0.3048578013421832
125.54,4.121701730612446,2.6832816582280996,-0.25745903874054643
125.56,4.117073472761573,2.6871525938567897,-0.26137089547608244
125.58,4.117454752606965,2.6881171119263105,-0.26880603680759596
125.6,4.117298781616616,2.6890816299958313,-0.27624117813910953
125.62,4.11754618647803,2.690046148065352,-0.28367631947062305
125.64,4.062745383047835,2.676039027132519,-0.22600231676652865
125.66,4.0059444005486995,2.6615284462920794,-0.1661388514634913
125.68,3.9490951063477984,2.6470178654516396,-0.10627538616045402
125.7,3.8925204923562537,2.6325072846112003,-0.04641192085741673
125.72,3.893370129289991,2.6323826734399205,-0.04983505805385733
125.74,3.894517300771652,2.632269772459661,-0.053309710596242454
125.76,3.895633152863023,2.6321568714794017,-0.056784363138627586
125.78,3.8974912832992317,2.6303423618655515,-0.05693575927699653
125.8,3.925126778861835,2.575173465752819,0.04711442367552355
125.82,3.9534495558610914,2.5200045696400855,0.15116460662804362
125.84,3.9815612844566406,2.4648356735273524,0.2552147895805637
125.86,4.008029250127047,2.413082106459801,0.35231225553928097
125.88,4.0088451689271505,2.4124475877635008,0.3453447041553147
125.9,4.009890078125247,2.4118130690672004,0.33837715277134833
125.92,4.010294343755702,2.4111785503709,0.331409601387382
125.94,4.001021360421105,2.4101382680396437,0.33664683750097496
125.96,3.8984110379232684,2.405203004609055,0.45903951222247685
125.98,3.7959538217562105,2.400267741178467,0.5814321869439787
126.0,3.6939623061757176,2.3953324777478784,0.7038248616654806
126.02,3.605076531876592,2.3910193382853686,0.811258793753565
126.04,3.6068847539325963,2.3910189227177217,0.8149948615856393
126.06,3.608964039177703,2.3910185071500742,0.8187309294177134
126.08,3.61114958632066,2.3910180915824273,0.8224669972497877
126.1,3.601616601057729,2.3798746216007336,0.8346639897554572
126.12,3.528074914249898,2.309253662723354,0.8920222580318543
126.14,3.45443603175426,2.2386327038459743,0.9493805263082515
126.16,3.3805807735243016,2.1680117449685947,1.0067387945846487
126.18,3.321118770160952,2.1107575581869127,1.0536574672554573
126.2,3.3240504760351084,2.110670703565547,1.0559278265315786
126.22,3.3272485563614005,2.110583848944181,1.0581981858076999
126.24,3.330130578744426,2.1104969943228147,1.0604685450838212
126.26,3.342127867477488,2.129660780978252,0.951736681415154
126.28,3.3836654563671766,2.2165910713932213,0.4522525071952191
126.3,3.4251676760281375,2.3035213618081904,-0.04723166702471563
126.32,3.4664739134229245,2.39045165222316,-0.5467158412446507
126.34,3.497634231150485,2.455615553226566,-0.9193312833585806
126.36,3.4992148635134233,2.456495117655884,-0.9172556308117839
126.38,3.5002769934702,2.4573746820852023,-0.9151799782649871
126.4,3.5018764577725348,2.4582542465145205,-0.9131043257181904
126.42,3.493434978618393,2.485614264291614,-0.8894293082953305
126.44,3.459823912183918,2.579515878409724,-0.8114781725625073
126.46,3.4264470254615444,2.673417492527834,-0.7335270368296838
126.48,3.392652805710554,2.7673191066459437,-0.6555759010968606
126.5,3.3703598003952573,2.8319780509469172,-0.6039313853662962
126.52,3.372251235044577,2.833453283213549,-0.6091267516715912
126.54,3.3736145891350846,2.834928515480181,-0.6143221179768862
126.56,3.3752736627422113,2.8364037477468127,-0.619517484282181
126.58,3.4035026282827596,2.82994302276404,-0.5921480568488295
126.6,3.4822262676698514,2.808620919894811,-0.5037957271221447
126.62,3.5607124036614586,2.7872988170255817,-0.41544339739545977
126.64,3.6395775875254506,2.7659767141563525,-0.3270910676687749
126.66,3.688679028696026,2.753039099765656,-0.2740368044787374
126.68,3.689301579109782,2.753791362173413,-0.27861589403855036
126.7,3.6896907057147503,2.7545436245811703,-0.28319498359836326
126.72,3.690342669201029,2.7552958869889275,-0.2877740731581762
126.74,3.696914410719521,2.773170717240442,-0.25885728195137797
126.76,3.712120220433513,2.8155281123832285,-0.18204667703965532
126.78,3.7271988535162572,2.857885507526014,-0.10523607212793269
126.8,3.742545734424185,2.9002429026688006,-0.02842546721621005
126.82,3.7514480544137743,2.9237541091295776,0.010909055649004707
126.84,3.751737597894643,2.923595194208989,0.0031749947328372015
126.86,3.7526970500460832,2.9234362792884,-0.004559066183330301
126.88,3.7531654921358273,2.9232773643678116,-0.012293127099497808
126.9,3.7233803351583887,2.9428518197837636,0.041045879563744135
126.92,3.660112812088582,2.984237731624769,0.16188944979289166
126.94,3.5970925750426503,3.0256236434657744,0.28273302002203915
126.96,3.533700600538653,3.0670095553067793,0.40357659025118664
126.98,3.5029050395612567,3.087138901587252,0.46336244899476897
127.0,3.504702130942735,3.0865746571574726,0.4637076945504442
127.02,3.5066866558306753,3.0860104127276933,0.46405294010611947
127.04,3.5079263655724606,3.085446168297913,0.46439818566179475
127.06,3.5508187837477316,3.0643645242366055,0.4957616592546192
127.08,3.629408196640051,3.025694323844632,0.5537155322599728
127.1,3.707470648852859,2.9870241234526587,0.6116694052653265
127.12,3.785716603462563,2.9483539230606852,0.6696232782706802
127.14,3.820467316530998,2.931267076821802,0.6945477824175345
127.16,3.822149630668121,2.9304524169879125,0.6945706867901983
127.18,3.8235153870738747,2.929637757154024,0.6945935911628621
127.2,3.8252940245765985,2.928823097320135,0.6946164955355261
127.22,3.777038197970536,2.8941161702295357,0.7432370833765525
127.24,3.6949802903197604,2.8369899663521894,0.8240043821065114
127.26,3.612295461711857,2.7798637624748435,0.9047716808364703
127.28,3.530518409637823,2.7227375585974976,0.9855389795664292
127.3,3.501975895004495,2.7019704355326497,1.01762601489951
127.32,3.5045376957393133,2.7022299696000767,1.0215609852001015
127.34,3.5074682168017697,2.702489503667504,1.025495955500693
127.36,3.5102472843962595,2.702749037734931,1.0294309258012846
127.38,3.5473634546128316,2.756167190717404,0.693307866048134
127.4,3.602257593072392,2.836327118374116,0.18611649411035575
127.42,3.6564975594280296,2.9164870460308276,-0.3210748778274224
127.44,3.7111597872808835,2.9966469736875405,-0.8282662497652006
127.46,3.7295957335070637,3.021529516778255,-0.9813933161653512
127.48,3.7323272596791037,3.0223854253871973,-0.9806242871010277
127.5,3.734710162885748,3.0232413339961393,-0.979855258036704
127.52,3.7374692882544975,3.024097242605082,-0.9790862289723805
127.54,3.7389169630211514,3.0928853605682916,-0.939287549284952
127.56,3.7393499565724513,3.1869585140445214,-0.8849616503086664
127.58,3.74029935266216,3.281031667520751,-0.8306357513323808
127.6,3.7411806462954305,3.3751048209969805,-0.7763098523560952
127.62,3.7424990964362523,3.398540729115216,-0.7629023384572642
127.64,3.743845898257256,3.399727793642102,-0.7623830217833533
127.66,3.7450039868662666,3.4009148581689876,-0.7618637051094423
127.68,3.746402062006256,3.402101922695873,-0.7613443884355315
127.7,3.8090227276733266,3.371338036697176,-0.6853423735506607
127.72,3.887763645119316,3.332192766859354,-0.5895397124717927
127.74,3.966274958479413,3.2930474970215307,-0.4937370513929247
127.76,4.044958437337939,3.2539022271837084,-0.39793439031405664
127.78,4.059231991170898,3.2481712558774123,-0.38627533323325747
127.8,4.0598832443899795,3.2495816425494803,-0.39259958342353474
127.82,4.060173043842906,3.250992029221549,-0.398923833613812
127.84,4.0606660533895615,3.252402415893617,-0.4052480838040893
127.86,4.097080312932503,3.294610373308107,-0.3229418146507746
127.88,4.139482202178014,3.3437019512613526,-0.22568125159682562
127.9,4.181759518815124,3.3927935292145985,-0.1284206885428766
127.92,4.2237119519152735,3.4418851071678436,-0.03116012548892762
127.94,4.228550680258648,3.4472211994006394,-0.024078040631411588
127.96,4.229432127035361,3.447002630980539,-0.02844391107202717
127.98,4.229287054239149,3.4467840625604387,-0.03280978151264275
128.0,4.230300322022844,3.446565494140338,-0.03717565195325833
128.02,4.213530707864657,3.4445252503872856,0.05278199196697294
128.04,4.195615638206546,3.442324602478809,0.15104511347917043
128.06,4.177568601610416,3.440123954570332,0.24930823499136792
128.08,4.159723155474424,3.437923306661855,0.3475713565035654
128.1,4.159743538887394,3.436687011434349,0.3481403638862167
128.12,4.160879326330073,3.4355006249640696,0.3436533456873314
128.14,4.161594846550246,3.4343142384937897,0.339166327488446
128.16,4.162583900190813,3.4331278520235107,0.3346793092895607
128.18,4.077512565519098,3.428592841422205,0.4578528324337526
128.2,3.991028004088043,3.423998231964262,0.5832984595836944
128.22,3.903969449468982,3.419403622506319,0.7087440867336363
128.24,3.818051253891978,3.414870061526652,0.8324420383865878
128.26,3.8201624820331093,3.4145645437282353,0.8351009784754102
128.28,3.822233951404418,3.414259025929819,0.8377599185642327
128.3,3.824412691750891,3.413953508131403,0.8404188586530551
128.32,3.8259130370618184,3.409813828903519,0.8221051060504583
128.34,3.8019328151085965,3.3260728867243423,0.36837598128969146
128.36,3.7778511885139423,3.242331944545166,-0.08535314347107548
128.38,3.754362510123702,3.1585910023659896,-0.5390822682318424
128.4,3.7325559482754187,3.081427560032253,-0.9574545821157057
128.42,3.7353649305459684,3.0823676237170874,-0.9559879061079581
128.44,3.737808435341791,3.0833076874019207,-0.9545212301002107
128.46,3.7402129923666245,3.084247751086755,-0.9530545540924632
128.48,3.749882888944814,3.0796128801438067,-0.9387858629565454
128.5,3.8175401661434885,3.0295909949448845,-0.820292587691527
128.52,3.884534299143705,2.9795691097459627,-0.7017993124265087
128.54,3.9519541960452598,2.92954722454704,-0.5833060371614903
128.56,4.010047778440925,2.886720227196613,-0.48173475350215095
128.58,4.010725102847807,2.8876845933505035,-0.4831584158691525
128.6,4.011345594271443,2.8886489595043945,-0.484582078236154
128.62,4.011943640862967,2.889613325658286,-0.48600574060315554
128.64,4.024700907972154,2.8941235894957087,-0.4706290291072676
128.66,4.0935495505811295,2.915604102482132,-0.3748477048179259
128.68,4.161704874393492,2.937084615468555,-0.2790663805285842
128.7,4.230548469937514,2.9585651284549783,-0.1832850562392425
128.72,4.285194272650559,2.9757583886908052,-0.10869162438293802
128.74,4.2843564407441015,2.9762799463815606,-0.11649087164999354
128.76,4.284060321600382,2.9768015040723164,-0.1242901189170491
128.78,4.283493447082054,2.9773230617630717,-0.1320893661841046
128.8,4.270468403882771,2.965833400710277,-0.12571341654564308
128.82,4.218560786859257,2.915519180620713,-0.07351815573931075
128.84,4.1664906922166365,2.8652049605311496,-0.021322894932978464
128.86,4.114681547324121,2.814890740441586,0.030872365873353843
128.88,4.076926071137496,2.777951458292843,0.06768209470674486
128.9,4.077336437303615,2.7775446318247208,0.06246760874293924
128.92,4.077296910396489,2.7771378053565985,0.05725312277913362
128.94,4.077352998414017,2.7767309788884758,0.05203863681532801
128.96,4.062514408895825,2.7870185825360063,0.0844454110703351
128.98,4.011852553358476,2.822293714893393,0.20475423430339962
129.0,3.960797826488678,2.8575688472507803,0.3250630575364642
129.02,3.9102179509595585,2.8928439796081675,0.4453718807695287
129.04,3.8768133961059306,2.9160021761245427,0.5245569868395809
129.06,3.8782281580752427,2.9147183572757562,0.5207882389023551
129.08,3.8795683668135306,2.913434538426971,0.5170194909651294
129.1,3.8810649574049507,2.9121507195781855,0.5132507430279037
129.12,3.8530349467247165,2.899207071462133,0.5547432257917194
129.14,3.7741460304544328,2.8658162871393937,0.6756075868063242
129.16,3.694829375476342,2.832425502816654,0.796471947820929
129.18,3.615900764389238,2.7990347184939144,0.9173363088355339
129.2,3.568472720222135,2.7788540586327715,0.9921733728752707
129.22,3.5713376693173036,2.7789171322411073,0.9964763299133275
129.24,3.5738709142992615,2.778980205849443,1.0007792869513843
129.26,3.5769061339511854,2.7790432794577784,1.0050822439894411
129.28,3.6093087612790393,2.8043059238494834,0.7814402665864844
129.3,3.6822163350186035,2.863440250609653,0.25140900647470366
129.32,3.754574918403905,2.9225745773698226,-0.27862225363707704
129.34,3.8268297939023386,2.9817089041299925,-0.8086535137488577
129.36,3.8668892017605936,3.013899953244415,-1.0934904426339773
129.38,3.8684688725163636,3.0142467735884795,-1.0885324742747013
129.4,3.8702723332563345,3.0145935939325437,-1.0835745059154256
129.42,3.872100433420801,3.0149404142766083,-1.0786165375561496
129.44,3.897832783836159,2.9821646074126633,-1.016492429660543
129.46,3.9477714121570866,2.914919278126429,-0.8948775840233727
129.48,3.9980081332683572,2.847673948840194,-0.7732627383862021
129.5,4.0479770407760105,2.7804286195539594,-0.6516478927490317
129.52,4.072460753545388,2.7489422754946546,-0.5938557316999975
129.54,4.073608530052535,2.7502326786113693,-0.5945635527831405
129.56,4.07466960283722,2.751523081728084,-0.5952713738662837
129.58,4.075166721285867,2.7528134848447987,-0.5959791949494269
129.6,4.115683767867251,2.76641046915558,-0.5267531205676071
129.62,4.1872703372563995,2.7899359076552717,-0.4011071951786974
129.64,4.258890366075097,2.8134613461549627,-0.27546126978978763
129.66,4.330362088743921,2.836986784654654,-0.14981534440087785
129.68,4.361034747429639,2.8466769180589453,-0.09913643862504604
129.7,4.361985806582762,2.846560233397001,-0.10159607350617411
129.72,4.3629627974615355,2.846443548735057,-0.1040557083873022
129.74,4.363677252719874,2.8463268640731125,-0.10651534326843029
129.76,4.36354682249739,2.847200466287428,-0.059499032834953405
129.78,4.363694289080672,2.848688999442704,0.01823998062180218
129.8,4.363582799852803,2.8501775325979795,0.09597899407855776
129.82,4.363288577328884,2.851666065753255,0.1737180075353133
129.84,4.363357961618329,2.8516426471285743,0.1987117538565804
129.86,4.364062734765904,2.85080021512591,0.19513376926553533
129.88,4.364502995257351,2.8499577831232448,0.1915557846744902
129.9,4.364982795215758,2.84911535112058,0.1879778000834451
129.92,4.36841008097338,2.851114200368671,0.24518213389637422
129.94,4.372967527957042,2.8544479253269204,0.33094289464626686
129.96,4.377648974115337,2.857781650285169,0.4167036553961595
129.98,4.382417714863941,2.861115375243418,0.5024644161460521
130.0,4.384923562612839,2.8616041220913577,0.5274066014700753
130.02,4.38641856811315,2.860942529417825,0.5277573810822388
130.04,4.387920925666078,2.8602809367442923,0.5281081606944021
130.06,4.389430134582099,2.85961934407076,0.5284589403065654
130.08,4.391924125439301,2.863019856650986,0.5984336236466142
130.1,4.395083076907903,2.8678195634957686,0.6923902967890979
130.12,4.398189414936255,2.872619270340551,0.7863469699315816
130.14,4.401429358445957,2.8774189771853336,0.8803036430740653
130.16,4.403994516500041,2.878233342050433,0.9039853410706354
130.18,4.40655614704105,2.877894110285859,0.9073252528686955
130.2,4.409918887700133,2.8775548785212854,0.9106651646667556
130.22,4.412603847317735,2.877215646756712,0.9140050764648157
130.24,4.409617700235127,2.8790271901366125,0.526069089449817
130.26,4.404801940755306,2.881352319117762,0.04469996589219687
130.28,4.399677356876928,2.8836774480989122,-0.4366691576654234
130.3,4.394589317776894,2.886002577080062,-0.9180382812230437
130.32,4.394707454021766,2.88646862453448,-0.9942740291079651
130.34,4.395962063350259,2.8865778148465866,-0.9927430214103271
130.36,4.397231450160474,2.8866870051586937,-0.9912120137126892
130.38,4.397838319941697,2.8867961954708004,-0.989681006015051
130.4,4.408190356913979,2.9552458256135905,-0.9652778540077854
130.42,4.419662028239122,3.033845974143195,-0.9374775315705968
130.44,4.431597423676857,3.1124461226727993,-0.9096772091334079
130.46,4.443744820564907,3.191046271202404,-0.8818768866962192
130.48,4.445238992353498,3.1990545248363214,-0.879396709130239
130.5,4.445289125233943,3.199427783078207,-0.8796550781028226
130.52,4.446242420607069,3.1998010413200935,-0.8799134470754062
130.54,4.446937694572171,3.2001742995619793,-0.8801718160479897
130.56,4.485898065199795,3.135128428399447,-0.8048974288339729
130.58,4.527336245791003,3.0654687570786305,-0.724295959990744
130.6,4.568615272139621,2.995809085757814,-0.6436944911475151
130.62,4.6096459696148235,2.926149414436998,-0.5630930223042863
130.64,4.61213815933175,2.924635026766186,-0.559124073504266
130.66,4.612980555623949,2.9255308301802607,-0.5578654959394622
130.68,4.614010757033068,2.926426633594336,-0.5566069183746584
130.7,4.614356156971637,2.927322437008411,-0.5553483408098546
130.72,4.689236685653323,2.9260573801456484,-0.4609222793270064
130.74,4.7650782381710615,2.924787037852123,-0.3662683316217983
130.76,4.840446185451303,2.923516695558598,-0.27161438391659004
130.78,4.913807392217579,2.922277977504554,-0.17950112564950413
130.8,4.915182961509356,2.9220876908344304,-0.1716187797278632
130.82,4.916446639264949,2.921897404164307,-0.1637364338062223
130.84,4.917899271491531,2.9217071174941833,-0.15585408788458135
130.86,4.922063735818906,2.9241939838695816,-0.14473620956422514
130.88,4.968523191333372,2.9678911594590813,-0.08381270251960907
130.9,5.01463527291473,3.011588335048581,-0.022889195474992977
130.92,5.061215828967802,3.0552855106380807,0.03803431156962312
130.94,5.103693186734901,3.0949220296818925,0.09238476960186073
130.96,5.104666081653391,3.0948246682283354,0.0824173664649306
130.98,5.105433649241426,3.094727306774779,0.07244996332800047
131.0,5.106629437014218,3.094629945321222,0.06248256019107032
131.02,5.106631333776353,3.101235004089071,0.06228803088129225
131.04,5.098855804155911,3.1549979410815356,0.13085493081963157
131.06,5.091398461146384,3.208760878074,0.1994218307579709
131.08,5.083786472181284,3.2625238150664644,0.2679887306963102
131.1,5.077254572350204,3.307706900534833,0.3062925259508312
131.12,5.076743270053082,3.3065275070643922,0.1810652216768655
131.14,5.076418204279033,3.305348113593951,0.05583791740289983
131.16,5.076186977413081,3.3041687201235104,-0.06938938687106577
131.18,5.0649840933795565,3.305607359773093,-0.1254359387554955
131.2,5.006437724670193,3.3183624759176475,0.11755206027275122
131.22,4.9473287528078185,3.3311175920622023,0.3605400593009979
131.24,4.88870138545906,3.343872708206758,0.6035280583292445
131.26,4.843269443584623,3.3541322323855205,0.7807990613962607
131.28,4.844918793329294,3.3555231621524944,0.7245313325191193
131.3,4.846212719557146,3.356914091919469,0.668263603641978
131.32,4.847978438413425,3.358305021686444,0.6119958747648367
131.34,4.828393241468563,3.3656446333073653,0.5837867099053711
131.36,4.746242956148382,3.3907051564058244,0.6391630084060153
131.38,4.664241909109865,3.4157656795042834,0.6945393069066595
131.4,4.582137583107296,3.4408262026027425,0.7499156054073038
131.42,4.523525231302534,3.4589069970506103,0.7888625724722635
131.44,4.524933436949958,3.4593078179194916,0.7861932876391319
131.46,4.526446294139682,3.4597086387883724,0.783524002806
131.48,4.527684458138442,3.460109459657254,0.7808547179728683
131.5,4.506858724147483,3.4506242485271463,0.7966295679982393
131.52,4.437630389410217,3.419617120189906,0.8525573472698939
131.54,4.368215111284971,3.388609991852666,0.9084851265415484
131.56,4.2983618025461565,3.357602863515426,0.964412905813203
131.58,4.25359053402874,3.3375678631897725,1.0009967786380478
131.6,4.2546256924312615,3.3382279446887924,1.0010951377774164
131.62,4.255985917670284,3.338888026187812,1.001193496916785
131.64,4.256965517831777,3.339548107686832,1.0012918560561537
131.66,4.245715542727611,3.3114266093562135,0.8191064465671036
131.68,4.213288156406366,3.2359857179509017,0.33723084112911805
131.7,4.18101079354621,3.1605448265455904,-0.14464476430886758
131.72,4.148973925443699,3.085103935140279,-0.6265203697468533
131.74,4.130355736234326,3.0406109720947416,-0.9084236713132864
131.76,4.131523213619191,3.0406670606861996,-0.9024700156197987
131.78,4.132638880461235,3.040723149277657,-0.8965163599263112
131.8,4.133800339167322,3.0407792378691147,-0.8905627042328236
131.82,4.143846557164453,3.005175374469821,-0.8508151354304849
131.84,4.165004342998823,2.9244876122829555,-0.7683428495945792
131.86,4.186512912325916,2.8437998500960897,-0.6858705637586736
131.88,4.208015108967016,2.763112087909224,-0.6033982779227678
131.9,4.220033921127999,2.720624400196098,-0.5594154079865198
131.92,4.220834489200991,2.7206359362316275,-0.5582536665640152
131.94,4.221833309491646,2.7206474722671565,-0.5570919251415107
131.96,4.223031085274112,2.7206590083026856,-0.5559301837190062
131.98,4.2453479248212656,2.6943460476922545,-0.5317366251956834
132.0,4.288321479740321,2.6422384716082528,-0.4849748529753157
132.02,4.331165162244045,2.5901308955242515,-0.43821308075494786
132.04,4.37368883038866,2.53802331944025,-0.39145130853458004
132.06,4.393997975369498,2.513765786499481,-0.3646745346179307
132.08,4.395595639125434,2.513539465028516,-0.3551423918133536
132.1,4.397441099327465,2.513313143557551,-0.3456102490087764
132.12,4.398811794248888,2.513086822086586,-0.33607810620419926
132.14,4.414013971018394,2.5175907780146143,-0.3035730320606716
132.16,4.439111791386315,2.5256847370330044,-0.253632850513284
132.18,4.464307429831679,2.5337786960513946,-0.20369266896589638
132.2,4.4898846244667086,2.5418726550697848,-0.15375248741850878
132.22,4.500719526662175,2.544910723230369,-0.13313045172018798
132.24,4.502624778283727,2.544581622886056,-0.13203398334549085
132.26,4.504481311854144,2.5442525225417425,-0.1309375149707937
132.28,4.506512059285387,2.5439234221974294,-0.12984104659609658
132.3,4.492537048093368,2.5723546630430896,-0.06016050502502634
132.32,4.468754893599426,2.617535008635805,0.04946121173440669
132.34,4.445049725965703,2.6627153542285207,0.15908292849383968
132.36,4.421547273209338,2.7078956998212367,0.2687046452532727
132.38,4.414816508213144,2.723308736632906,0.311139191213254
132.4,4.416244975765596,2.723637481556162,0.319527297068414
132.42,4.41766328941049,2.723966226479418,0.3279154029235739
132.44,4.419393387101529,2.724294971402674,0.3363035087787339
132.46,4.3738083246983654,2.7578925110555312,0.39433714329532776
132.48,4.307077724632354,2.8060621719086836,0.4741161000151176
132.5,4.240548149109907,2.8542318327618363,0.5538950567349074
132.52,4.173973784887153,2.902401493614989,0.6336740134546972
132.54,4.1565274874204485,2.9196233707317014,0.6299234912290725
132.56,4.15737115435436,2.9252311746453104,0.5948260560435101
132.58,4.158386228191723,2.9308389785589193,0.5597286208579477
132.6,4.159290286737029,2.936446782472529,0.5246311856723853
132.62,4.101593891732899,2.93799566001206,0.59094934682453
132.64,4.024585572067952,2.938254642942891,0.6894965801248278
132.66,3.947605770788742,2.9385136258737217,0.7880438134251257
132.68,3.871003863403931,2.9387726088045527,0.8865910467254234
132.7,3.8556474205048596,2.938870983273076,0.917389780948055
132.72,3.8568600067144385,2.9389268097178918,0.930240738923229
132.74,3.857490316600411,2.938982636162707,0.943091696898403
132.76,3.8584911405130864,2.939038462607523,0.9559426548735771
132.78,3.8008927877315184,2.906047616526554,0.5622666818407053
132.8,3.7307778913424166,2.865914635977848,0.08073103084023354
132.82,3.6605555747771215,2.8257816554291413,-0.4008046201602382
132.84,3.5905647207911287,2.785648674880435,-0.88234027116071
132.86,3.5799402027005964,2.776064081780121,-0.8506964058332257
132.88,3.579361189437315,2.77170180824839,-0.7313232803330784
132.9,3.5789081867880075,2.767339534716659,-0.611950154832931
132.92,3.5781616621787187,2.762977261184928,-0.4925770293327835
132.94,3.562903193366499,2.7178169935493175,-0.47966967818780176
132.96,3.545762664835999,2.667393072863559,-0.48049826946425367
132.98,3.528672131830117,2.6169691521778007,-0.48132686074070563
133.0,3.5116685028086314,2.5665452314920425,-0.4821554520171575
133.02,3.5115399628895294,2.56201693447994,-0.47354103268121156
133.04,3.513766452016556,2.561618429846272,-0.46407690981941635
133.06,3.5154184485301556,2.5612199252126038,-0.4546127869576211
133.08,3.516494222242076,2.560821420578936,-0.44514866409582593
133.1,3.4797169498276057,2.574028378707207,-0.4752018082013827
133.12,3.441149822886164,2.5879639927246223,-0.5073713440682838
133.14,3.4022856203523837,2.601899606742038,-0.5395408799351847
133.16,3.363692780131837,2.615835220759453,-0.5717104158020858
133.18,3.3664854255062404,2.6166548369299325,-0.37068374381780267
133.2,3.370107293174854,2.6172188760279345,-0.16511303295741628
133.22,3.374084195173572,2.617782915125937,0.04045767790297007
133.24,3.376942722791045,2.6191298997473105,0.2444210434149456
133.26,3.326802239236777,2.681799198263502,0.3224929732517952
133.28,3.277042455963663,2.744468496779693,0.40056490308864484
133.3,3.2267421041270046,2.8071377952958843,0.47863683292549447
133.32,3.179302096294929,2.8670524252615377,0.553319204017565
133.34,3.180607353285059,2.8675774121643434,0.5549239324459928
133.36,3.1822110738894582,2.8681023990671495,0.5565286608744208
133.38,3.183086700822831,2.868627385969955,0.5581333893028488
133.4,3.178413082797635,2.8699161969801716,0.5648033480531273
133.42,3.09737678792244,2.880485266664411,0.6330145008744571
133.44,3.016616022588597,2.8910543363486503,0.7012256536957869
133.46,2.9353549461590878,2.90162340603289,0.7694368065171167
133.48,2.8623793933556123,2.911387430337901,0.8312097334474002
133.5,2.860871036543903,2.9144862864843235,0.8396790090382554
133.52,2.8595466626209864,2.917585142630746,0.8481482846291106
133.54,2.85825036559295,2.9206839987771693,0.8566175602199658
133.56,2.848871971090651,2.9152385047469713,0.8055618244405416
133.58,2.7893246776464475,2.8570820924257743,0.38729056662002637
133.6,2.7300158251724307,2.798925680104577,-0.03098069120048887
133.62,2.670779667011886,2.74076926778338,-0.4492519490210042
133.64,2.6219926065737282,2.692511735617476,-0.7930421628309697
133.66,2.623645943164696,2.6921732480038822,-0.7762804343754531
133.68,2.6242585165411727,2.691834760390289,-0.7595187059199364
133.7,2.6257169573940544,2.6914962727766953,-0.7427569774644198
133.72,2.617669005670426,2.6824206380421494,-0.7286329977589663
133.74,2.5733793243296548,2.63902675008704,-0.724869714546743
133.76,2.5293908575515065,2.595632862131931,-0.7211064313345198
133.78,2.4860111151645925,2.552238974176822,-0.7173431481222965
133.8,2.452502074790753,2.5178173586671506,-0.6890527755656329
133.82,2.4551198726947194,2.5126605901979744,-0.5807624339511227
133.84,2.4572635780991505,2.5075038217287977,-0.47247209233661236
133.86,2.4591171355133667,2.5023470532596215,-0.3641817507221021
133.88,2.4575331636961844,2.502452129377867,-0.2722163337866604
133.9,2.445950304411451,2.5170493698254575,-0.2252129994788157
133.92,2.4343342749684327,2.5316466102730484,-0.178209665170971
133.94,2.422842367403373,2.5462438507206384,-0.13120633086312633
133.96,2.4151023435355534,2.5565121020006676,-0.08963235893377378
133.98,2.416211200221167,2.55658685354917,-0.060842942891562495
134.0,2.4177119430402785,2.556661605097673,-0.032053526849351206
134.02,2.4193611152356773,2.5567363566461756,-0.0032641108071399176
134.04,2.4011878887116054,2.5712853215334373,0.06717825923803113
134.06,2.344051115636839,2.615246744598669,0.22226189709706795
134.08,2.2871695619997054,2.659208167663901,0.37734553495610484
134.1,2.2303007899355642,2.7031695907291327,0.5324291728151416
134.12,2.194533028006291,2.7329576377158338,0.6161836537027544
134.14,2.197197293624434,2.73771508802839,0.5739687572616284
134.16,2.199350063144895,2.7424725383409463,0.5317538608205025
134.18,2.2013283510162296,2.7472299886535025,0.4895389643793765
134.2,2.173292505286615,2.7606337450527483,0.4919171956184114
134.22,2.0994640628247447,2.7873780274926734,0.5630988875593902
134.24,2.0255665867461,2.8141223099325985,0.634280579500369
134.26,1.9512768365002842,2.840866592372523,0.7054622714413479
134.28,1.9096290864098355,2.856349029742516,0.7485197689514422
134.3,1.9108607775303428,2.856592951391053,0.7535221363894246
134.32,1.9120121914208656,2.8568368730395903,0.7585245038274068
134.34,1.9132732209071817,2.8570807946881285,0.7635268712653892
134.36,1.8788990317075775,2.8428803601210944,0.5523090573928044
134.38,1.8030171286386198,2.811495900706311,0.08386046682282033
134.4,1.727596781826981,2.780111441291528,-0.3845881237471639
134.42,1.65127303271094,2.748726981876745,-0.8530367143171481
134.44,1.611897202861071,2.7317271172975675,-1.0250564614152655
134.46,1.6106592905931119,2.7297945468925673,-0.8865787188485306
134.48,1.6098683721395242,2.7278619764875667,-0.7481009762817955
134.5,1.6088161486746935,2.7259294060825665,-0.6096232337150606
134.52,1.5938783946608286,2.6873365183282036,-0.5446494294428386
134.54,1.5661726225433736,2.6149209765688846,-0.5474900483040855
134.56,1.538510093963747,2.542505434809565,-0.5503306671653325
134.58,1.510236903877677,2.470089893050246,-0.5531712860265795
134.6,1.4987190517156939,2.4374039911911054,-0.5489747107931234
134.62,1.5006102672771289,2.4369819531271277,-0.5390633323965356
134.64,1.5018483358041004,2.4365599150631505,-0.5291519539999477
134.66,1.5034518431662347,2.436137876999173,-0.5192405756033599
134.68,1.4832548152556542,2.4213073588580776,-0.5229109626545017
134.7,1.4473039129055452,2.396195109985998,-0.5362731460948209
134.72,1.4115849089056174,2.3710828611139183,-0.5496353295351403
134.74,1.3758758893456489,2.3459706122418384,-0.5629975129754596
134.76,1.3639603947074814,2.3348371922198354,-0.4736851531408672
134.78,1.3678061394719885,2.3324440049091346,-0.3201757556735731
134.8,1.3717793518882604,2.330050817598434,-0.166666358206279
134.82,1.3755145214833067,2.327657630287733,-0.013156960738984997
134.84,1.3524267873749194,2.3568391581863155,0.10985288355279199
134.86,1.3147359104299454,2.403246866349941,0.21622312246658465
134.88,1.2762031654596724,2.4496545745135663,0.3225933613803773
134.9,1.2384681983306747,2.496062282677191,0.42896360029416997
134.92,1.2274413916774813,2.5112630475121014,0.4661562743484069
134.94,1.228645854038338,2.511692401184834,0.47060462471239517
134.96,1.230722421634364,2.5121217548575667,0.47505297507638355
134.98,1.2321993312569033,2.512551108530299,0.47950132544037194
135.0,1.1768198906896172,2.5345261446540897,0.5285043899231772
135.02,1.0983270768498858,2.565282248840383,0.595665987006255
135.04,1.019882300638601,2.596038353026676,0.6628275840893327
135.06,0.9411507980096951,2.626794457212969,0.7299891811724105
135.08,0.9208790112320884,2.6384341121575847,0.7234972690861835
135.1,0.9201325546375108,2.643432765009468,0.6914183297049491
135.12,0.9199656039056334,2.6484314178613517,0.6593393903237148
135.14,0.9197056450307972,2.653430070713235,0.6272604509424805
135.16,0.8621161616816018,2.637756245935554,0.6984015194235937
135.18,0.7872662618921789,2.616042538045929,0.7997004041797625
135.2,0.7120015078579982,2.5943288301563032,0.9009992889359314
135.22,0.637319805337289,2.572615122266678,1.0022981736921004
135.24,0.6238874482779639,2.568350923713501,0.5918856372082898
135.26,0.6252040733161524,2.568297156994169,0.05800108691655963
135.28,0.6259526157499149,2.5682433902748376,-0.4758834633751707
135.3,0.6271490404427453,2.5681896235555066,-1.009768013666901
135.32,0.5773515494000394,2.523219832592751,-1.0432011548657718
135.34,0.5174630908452338,2.469524247702169,-0.9794120699172768
135.36,0.4578372652276137,2.4158286628115873,-0.9156229849687819
135.38,0.39796555478105766,2.3621330779210052,-0.851833900020287
135.4,0.39072754488401795,2.3510300969792044,-0.7481006447057557
135.42,0.3915583510127467,2.3463449066183553,-0.6383486608662589
135.44,0.39230982936725844,2.3416597162575057,-0.528596677026762
135.46,0.3929148040769119,2.336974525896656,-0.4188446931872652
135.48,0.37977875225736746,2.3039475423341207,-0.41365438695956697
135.5,0.3650891663036022,2.267798483132195,-0.41998238743047767
135.52,0.3505024364854936,2.231649423930269,-0.42631038790138837
135.54,0.3362483001598582,2.1955003647283435,-0.43263838837229907
135.56,0.33673534749033607,2.1928013437768548,-0.42020080933087817
135.58,0.33813637848783085,2.192523913034519,-0.4064047103596464
135.6,0.3400494059392507,2.1922464822921834,-0.39260861138841474
135.62,0.34148992459396776,2.1919690515498482,-0.378812512417183
135.64,0.29852543963000855,2.212241254831313,-0.46751045673852976
135.66,0.25415262526957605,2.2332761606830385,-0.5600124819581117
135.68,0.20973604361668574,2.254311066534764,-0.6525145071776934
135.7,0.16510457236858045,2.2753459723864893,-0.7450165323972752
135.72,0.16810835422854797,2.2772603947818553,-0.47387664120608974
135.74,0.1719366363705035,2.2790967425203874,-0.20125189122987347
135.76,0.17499583551800413,2.2809330902589195,0.07137285874634279
135.78,0.17665420585753733,2.2842812977306894,0.33840568569539187
135.8,0.1152573643457604,2.340789161411219,0.4088166309084906
135.82,0.054089640667380756,2.3972970250917487,0.4792275761215893
135.84,-0.007272250028936611,2.4538048887722788,0.5496385213346879
135.86,-0.0652575722214408,2.506986402681416,0.615904802697223
135.88,-0.06397609245745439,2.507470334253488,0.6165093889478991
135.9,-0.06300359682159051,2.5079542658255596,0.6171139751985751
135.92,-0.06177390285189954,2.5084381973976315,0.6177185614492511
135.94,-0.06814903068151157,2.508516084435997,0.624548489230727
135.96,-0.1492149571434771,2.5045425896313294,0.6934928738042455
135.98,-0.23026806904536024,2.5005690948266617,0.7624372583777639
136.0,-0.31114256881122593,2.4965956000219944,0.8313816429512824
136.02,-0.38294470910539147,2.493351943881592,0.8353206588224826
136.04,-0.3846487825652565,2.495321075816761,0.3749663624714342
136.06,-0.38565985261072555,2.4972902077519294,-0.08538793387961413
136.08,-0.3869647620040739,2.499259339687098,-0.5457422302306627
136.1,-0.3952475196399048,2.490591047249185,-0.9257769043370845
136.12,-0.4438919464390194,2.4237248462017638,-0.8663786977950764
136.14,-0.49244817728559376,2.356858645154343,-0.8069804912530684
136.16,-0.5409757597496219,2.289992444106922,-0.7475822847110605
136.18,-0.5801849810498121,2.2355044412232283,-0.696624557591915
136.2,-0.5792880643430065,2.2350967320637567,-0.6825432482133807
136.22,-0.5783716161734214,2.2346890229042846,-0.6684619388348465
136.24,-0.577246246247336,2.234281313744813,-0.6543806294563123
136.26,-0.5855407568680224,2.222463135694724,-0.644036993865802
136.28,-0.6296421238912311,2.1697077716806863,-0.6471029603170398
136.3,-0.6743178652623207,2.1169524076666475,-0.6501689267682775
136.32,-0.7183002103355509,2.0641970436526096,-0.6532348932195153
136.34,-0.7508119299889975,2.0240720543475517,-0.6468513040337937
136.36,-0.7494574537889216,2.0218999010979504,-0.6120728774699344
136.38,-0.7482349475391432,2.0197277478483486,-0.5772944509060752
136.4,-0.7471153382671227,2.017555594598748,-0.5425160243422159
136.42,-0.7551303668675757,2.018296698185171,-0.5229011268906465
136.44,-0.7875736307971666,2.0264767104844084,-0.5420058189498816
136.46,-0.8202519183837493,2.0346567227836454,-0.5611105110091169
136.48,-0.852691915793244,2.042836735082883,-0.5802152030683521
136.5,-0.8745497564364326,2.0484131112165236,-0.5858674345110869
136.52,-0.8735268173925625,2.0482783945141962,-0.5620116062378672
136.54,-0.8721908427206797,2.048143677811869,-0.5381557779646475
136.56,-0.870588526347313,2.048008961109541,-0.5142999496914279
136.58,-0.8841503377867692,2.068762927629194,-0.3959008528207898
136.6,-0.9256289317213202,2.1292004656943506,-0.09789184355588616
136.62,-0.9674716541581514,2.1896380037595073,0.20011716570901747
136.64,-1.0090889073511473,2.250075541824664,0.4981261749739211
136.66,-1.0351530747698252,2.2878257660032055,0.6752780142434855
136.68,-1.0333836999793569,2.288016970540011,0.6523498949782661
136.7,-1.032432050495931,2.288208175076816,0.6294217757130468
136.72,-1.0311353681107738,2.2883993796136215,0.6064936564478275
136.74,-1.0499989163574277,2.3132651478998776,0.599454297198833
136.76,-1.0966309348278518,2.373889372615888,0.6154409796068314
136.78,-1.1433382277506983,2.434513597331898,0.6314276620148298
136.8,-1.190066375265693,2.495137822047908,0.6474143444228282
136.82,-1.2154350575408657,2.5292960524086525,0.6520473811252876
136.84,-1.2136265192393276,2.5297725136130413,0.6422312772209844
136.86,-1.2121647348315108,2.5302489748174306,0.6324151733166811
136.88,-1.2109695356924792,2.5307254360218194,0.622599069412378
136.9,-1.2300595598762438,2.532776245456225,0.6284948877581735
136.92,-1.2720966077063656,2.5365900534689025,0.6519853500719991
136.94,-1.3136055143169774,2.5404038614815803,0.6754758123858248
136.96,-1.355911250222495,2.5442176694942575,0.6989662746996503
136.98,-1.3760004050178072,2.5462344314228305,0.7084317430180858
137.0,-1.3740385083124558,2.5464788239905856,0.7040648061116579
137.02,-1.3726271991792336,2.5467232165583407,0.69969786920523
137.04,-1.3709476089960244,2.5469676091260953,0.6953309322988022
137.06,-1.3874158140141306,2.517750984047575,0.47400632322154573
137.08,-1.4194144930075767,2.4629462562565396,0.06424507334559042
137.1,-1.4511694524101388,2.4081415284655034,-0.34551617653036487
137.12,-1.483242071165808,2.3533368006744677,-0.7552774264063202
137.14,-1.4963496870657629,2.329547431391847,-0.9074379168605424
137.16,-1.4951400439514657,2.3294534400227973,-0.862794383796379
137.18,-1.4935104528516607,2.3293594486537486,-0.8181508507322153
137.2,-1.492122359274731,2.3292654572846994,-0.7735073176680517
137.22,-1.5039458492080255,2.2812249152839583,-0.7285604814714229
137.24,-1.5241177164642847,2.201035429347413,-0.6834102755793163
137.26,-1.5441417520103977,2.1208459434108673,-0.6382600696872096
137.28,-1.5640318463614227,2.040656457474322,-0.5931098637951029
137.3,-1.570331651258269,2.010866962193568,-0.5699246340397338
137.32,-1.5686353840124365,2.010634622723189,-0.5596207999671253
137.34,-1.5670421492608693,2.0104022832528097,-0.549316965894517
137.36,-1.5651621510037605,2.0101699437824307,-0.5390131318219086
137.38,-1.5787433765426089,1.9770931922165536,-0.5358004654891906
137.4,-1.5995602395544806,1.9272512646977213,-0.5362074308468043
137.42,-1.6203283080443223,1.8774093371788894,-0.5366143962044182
137.44,-1.641123367927828,1.8275674096600572,-0.537021361562032
137.46,-1.6461127527653856,1.8120375234742556,-0.5293662982924302
137.48,-1.6444258221630044,1.811652401135925,-0.5181527897963943
137.5,-1.6429812806914192,1.8112672787975945,-0.5069392813003583
137.52,-1.6415472445914725,1.8108821564592643,-0.49572577280432223
137.54,-1.6631963064215656,1.8228054304609267,-0.5057448138359559
137.56,-1.6937130369110465,1.8393857490418983,-0.5237974708603943
137.58,-1.7247941251480228,1.8559660676228704,-0.5418501278848326
137.6,-1.7559201521089989,1.872546386203842,-0.5599027849092709
137.62,-1.7621154061085331,1.8764493853414999,-0.5432122146408495
137.64,-1.7607861785190906,1.8762877444642945,-0.5153821670932206
137.66,-1.7591507390995211,1.8761261035870889,-0.4875521195455917
137.68,-1.757672640880406,1.8759644627098833,-0.45972207199796283
137.7,-1.7925171052462376,1.9257068063302973,-0.22945215224471574
137.72,-1.8373006608681886,1.9887997519890013,0.05497565084604995
137.74,-1.8819717500196163,2.051892697647705,0.3394034539368157
137.76,-1.9264704365848209,2.1149856433064085,0.6238312570275814
137.78,-1.9328128754310079,2.126533475478136,0.6609122432422967
137.8,-1.9315742790850932,2.1268169889939044,0.6439397377611775
137.82,-1.9302582964962687,2.1271005025096725,0.6269672322800585
137.84,-1.9287004768197962,2.1273840160254407,0.6099947267989393
137.86,-1.969772791111942,2.1766451515333167,0.619536790925932
137.88,-2.018687387187975,2.2343885755827926,0.6336708344268634
137.9,-2.0675310405306577,2.292131999632269,0.6478048779277948
137.92,-2.1167176499837295,2.349875423681745,0.6619389214287263
137.94,-2.121167783647734,2.3569231834681896,0.6567452677343678
137.96,-2.1197514548902765,2.357325007507174,0.6490178542880942
137.98,-2.118742050144042,2.357726831546158,0.6412904408418206
138.0,-2.1173027716767816,2.3581286555851424,0.6335630273955472
138.02,-2.1568643915961303,2.3569916753873694,0.6568545348481631
138.04,-2.2000769681468046,2.3557132509280474,0.6829972486178544
138.06,-2.2429096394949166,2.354434826468726,0.7091399623875455
138.08,-2.286025868425946,2.353156402009404,0.7352826761572367
138.1,-2.2867191215413127,2.353460817102843,0.7257571636496561
138.12,-2.2850896928610993,2.3538528658024225,0.7142568866829317
138.14,-2.2834839247541456,2.354244914502002,0.7027566097162072
138.16,-2.2821146286065526,2.3546369632015822,0.6912563327494828
138.18,-2.3105071046273693,2.294687281283265,0.32078970735922735
138.2,-2.338959158986139,2.2334595975952105,-0.05727961062641277
138.22,-2.36772205026124,2.172231913907156,-0.43534892861205277
138.24,-2.3960866159052534,2.1116771506811047,-0.8089146237770094
138.26,-2.39474004524628,2.111735074994273,-0.7768206633978837
138.28,-2.393236982365088,2.111792999307441,-0.744726703018758
138.3,-2.391754252922408,2.1118509236206098,-0.7126327426396323
138.32,-2.391285240671926,2.1085521183085527,-0.6807141116986526
138.34,-2.4113278319569496,2.02999863168358,-0.6527261997805262
138.36,-2.4312007199758723,1.9514451450586077,-0.6247382878623997
138.38,-2.4513753061006067,1.8728916584336348,-0.5967503759442733
138.4,-2.469349024245865,1.8001528853375057,-0.5699635264253486
138.42,-2.467773529709272,1.7997326258570283,-0.5581144802976077
138.44,-2.4661265940118957,1.7993123663765507,-0.5462654341698667
138.46,-2.46428498701521,1.7988921068960735,-0.5344163880421258
138.48,-2.465013801087512,1.7944882373761404,-0.524117327811211
138.5,-2.486515205758109,1.7565365714320562,-0.5268714055159905
138.52,-2.508025193076663,1.7185849054879716,-0.5296254832207701
138.54,-2.529411329201345,1.6806332395438874,-0.5323795609255496
138.56,-2.5478557092189424,1.6478654286318322,-0.5333919928495342
138.58,-2.546380498923014,1.647515826179769,-0.5235127166457989
138.6,-2.5452865076446525,1.6471662237277063,-0.5136334404420634
138.62,-2.5434618794891284,1.6468166212756432,-0.5037541642383281
138.64,-2.5481583615465766,1.6515317430903875,-0.5025551571364913
138.66,-2.5818761611841126,1.6810482245042377,-0.5438624078430168
138.68,-2.6157286456486952,1.7105647059180875,-0.5851696585495421
138.7,-2.6491798586022908,1.7400811873319375,-0.6264769092560675
138.72,-2.6758514431778107,1.7636414872909847,-0.6420022511066642
138.74,-2.674251811588502,1.763569584467778,-0.5552333121633775
138.76,-2.672775935184929,1.7634976816445709,-0.4684643732200906
138.78,-2.67140495723868,1.7634257788213639,-0.38169543427680386
138.8,-2.680559101726609,1.7793030912122458,-0.2581956366152876
138.82,-2.7255904746203896,1.8476764243602566,-0.013798108512712542
138.84,-2.7706242779159966,1.9160497575082671,0.23059941958986246
138.86,-2.8156362674669904,1.9844230906562779,0.47499694769243755
138.88,-2.8479832341175744,2.034759757849141,0.6517644867427136
138.9,-2.8470037450297996,2.0350038105306094,0.6407055738627274
138.92,-2.8456656380673904,2.035247863212077,0.6296466609827412
138.94,-2.844232719980435,2.035491915893545,0.618587748102755
138.96,-2.8570449256091974,2.0481933891422464,0.6155844179416564
138.98,-2.9038870050445516,2.0904577397315363,0.6316979027375671
139.0,-2.950713142388145,2.1327220903208266,0.6478113875334778
139.02,-2.997506295971429,2.174986440910117,0.6639248723293885
139.04,-3.028613528593784,2.203548405984364,0.6717202299018495
139.06,-3.0281029002871307,2.204060382371017,0.6624876492176046
139.08,-3.0267379384441027,2.2045723587576704,0.6532550685333597
139.1,-3.025201672367209,2.2050843351443237,0.6440224878491149
139.12,-3.037838364878855,2.193787537986983,0.6569715283853069
139.14,-3.07381944277717,2.1614884701423542,0.7093712715214736
139.16,-3.1096330393213236,2.129189402297725,0.7617710146576401
139.18,-3.145715600867649,2.096890334453096,0.8141707577938068
139.2,-3.1676240048350257,2.0773630988709866,0.8421846301111664
139.22,-3.1661220272893997,2.0776766328264777,0.8323155712292546
139.24,-3.164588726633296,2.077990166781969,0.822446512347343
139.26,-3.162570898247104,2.0783037007374596,0.8125774534654314
139.28,-3.1709465226844307,2.0459979641076367,0.6539804199313762
139.3,-3.1942387468325304,1.9692598300810378,0.29279331141456316
139.32,-3.216898321901996,1.8925216960544387,-0.06839379710224994
139.34,-3.240144099201353,1.8157835620278397,-0.42958090561906304
139.36,-3.251797994295374,1.7738797659285537,-0.6184204169501366
139.38,-3.2506574031056363,1.77369001167253,-0.6008740656994924
139.4,-3.2492128120662516,1.7735002574165057,-0.5833277144488483
139.42,-3.2479605656845676,1.773310503160482,-0.5657813631982042
139.44,-3.2560318074535726,1.7459961530153087,-0.5556431848413372
139.46,-3.2747049153947945,1.690084275708839,-0.5533154611143262
139.48,-3.2927725378038604,1.634172398402369,-0.5509877373873151
139.5,-3.310723714652613,1.5782605210958995,-0.5486600136603041
139.52,-3.3187670328364263,1.5511662901342902,-0.5429227272739237
139.54,-3.3172527254611968,1.5508329166412012,-0.5340192274062106
139.56,-3.315660660233223,1.550499543148112,-0.5251157275384974
139.58,-3.3140648840224047,1.5501661696550229,-0.5162122276707843
139.6,-3.3281473209779335,1.5573892243145118,-0.5172403230834537
139.62,-3.3545365103364704,1.5707892261556362,-0.5263869287548852
139.64,-3.381311651395742,1.5841892279967607,-0.5355335344263166
139.66,-3.4080566652319666,1.5975892298378849,-0.5446801400977481
139.68,-3.4180472255594605,1.60306840423082,-0.5328151745874897
139.7,-3.4165981542616723,1.6028574244541327,-0.5058559427077316
139.72,-3.415778484686119,1.6026464446774453,-0.4788967108279734
139.74,-3.414203533807852,1.6024354649007577,-0.4519374789482153
139.76,-3.4378655309408934,1.6450429339334642,-0.2762235632078349
139.78,-3.4778351698915095,1.7146070142113548,-0.006860244109074059
139.8,-3.517576046891941,1.7841710944892453,0.2625030749896868
139.82,-3.5575996195123185,1.853735174767136,0.5318663940884477
139.84,-3.570579931338468,1.87850805265638,0.6188804148446525
139.86,-3.5692262053197794,1.8786697594788901,0.6056999881183522
139.88,-3.5678065210327325,1.8788314663014003,0.592519561392052
139.9,-3.5659619814781083,1.8789931731239105,0.5793391346657518
139.92,-3.596689007605569,1.9172539427790893,0.5875196269953751
139.94,-3.641955955850843,1.9736832745298247,0.6058866476915944
139.96,-3.687977509964414,2.0301126062805603,0.6242536683878137
139.98,-3.7334276544482643,2.0865419380312957,0.6426206890840331
140.0,-3.745667657094761,2.103241321101829,0.6473306612898333
140.02,-3.744045089554681,2.103620197428201,0.6464305091587681
140.04,-3.742728808365606,2.1039990737545744,0.645530357027703
140.06,-3.7406923589274728,2.1043779500809467,0.6446302048966379
140.08,-3.7721145770135953,2.0993682744674755,0.6670703057217995
140.1,-3.8150421790392075,2.0924706822490498,0.6976878263086714
140.12,-3.8586067297743103,2.0855730900306244,0.7283053468955436
140.14,-3.901680727626699,2.078675497812199,0.7589228674824156
140.16,-3.910437424904197,2.0773517539755026,0.7591814091200516
140.18,-3.9091179536755964,2.077671693705823,0.7504873292666158
140.2,-3.9076644066782444,2.0779916334361435,0.7417932494131799
140.22,-3.906409695642145,2.078311573166463,0.7330991695597442
140.24,-3.926991523424638,2.0231477423189355,0.4290054658946137
140.26,-3.9527478403932204,1.9544567605262493,0.052892228249952225
140.28,-3.9783919678772808,1.8857657787335633,-0.3232210093947094
140.3,-4.004409648718164,1.8170747969408771,-0.699334247039371
140.32,-4.00722173045028,1.8061351793404004,-0.7586961322497515
140.34,-4.0057951305872725,1.8065491146030166,-0.755786705351388
140.36,-4.004630673300567,1.8069630498656333,-0.7528772784530243
140.38,-4.002632322876786,1.8073769851282495,-0.7499678515546607
140.4,-4.015444477159001,1.7402940886335152,-0.7118224798030848
140.42,-4.0303625892971855,1.6628952206653438,-0.6682917737701592
140.44,-4.045195873208875,1.5854963526971724,-0.6247610677372338
140.46,-4.059994913003165,1.5080974847290007,-0.5812303617043082
140.48,-4.0603003690368435,1.5000710722887807,-0.5681951239649232
140.5,-4.058587110035373,1.4998259212556126,-0.558580454356169
140.52,-4.05729584693949,1.4995807702224446,-0.5489657847474148
140.54,-4.055830147314861,1.4993356191892768,-0.5393511151386605
140.56,-4.066790228168936,1.4722139279123492,-0.5303998255893917
140.58,-4.078181105670589,1.4430961633101962,-0.5214978041091979
140.6,-4.08930086335119,1.4139783987080436,-0.512595782629004
140.62,-4.101059056671354,1.3848606341058909,-0.5036937611488101
140.64,-4.099673078377369,1.3833063501939,-0.5025587138541262
140.66,-4.09728050664085,1.3828233971748007,-0.5017255514876473
140.68,-4.095523384074802,1.3823404441557015,-0.5008923891211683
140.7,-4.09371191525,1.381857491136602,-0.5000592267546894
140.72,-4.120290608182018,1.4200971468227992,-0.4967281955014559
140.74,-4.14690100337105,1.4585585270578327,-0.4933828615224897
140.76,-4.173495768315865,1.4970199072928663,-0.4900375275435236
140.78,-4.199577543999411,1.5344807880050495,-0.4832471849270208
140.8,-4.198435969968305,1.5345011006355795,-0.347538159702671
140.82,-4.197057591474981,1.5345214132661091,-0.21182913447832122
140.84,-4.195694150277208,1.534541725896639,-0.07612010925397139
140.86,-4.196798717211645,1.538773642859438,0.05999440936724334
140.88,-4.238337436367985,1.6117258924828977,0.20272532376684602
140.9,-4.280208356788012,1.6846781421063577,0.3454562381664487
140.92,-4.321738934252452,1.7576303917298173,0.4881871525660514
140.94,-4.358745861100204,1.824486915456683,0.6101614566055034
140.96,-4.3549039707470385,1.8293055742629813,0.5208900761151806
140.98,-4.351688458981459,1.8341242330692797,0.43161869562485794
141.0,-4.348106839532911,1.8389428918755777,0.34234731513453515
141.02,-4.349881435847819,1.8479945572289154,0.27070266569218177
141.04,-4.391581440117586,1.8877426224082663,0.3268813913996971
141.06,-4.433016758605456,1.9274906875876168,0.3830601171072124
141.08,-4.474994219417467,1.9672387527669677,0.4392388428147276
141.1,-4.510006873369876,2.000938953053037,0.4864623411994216
141.12,-4.508371824299859,2.0011346252202853,0.4840748328995615
141.14,-4.506763828351235,2.001330297387534,0.4816873245997014
141.16,-4.505501939697413,2.0015259695547827,0.4792998162998414
141.18,-4.519038723709897,2.0005079889110187,0.5047757784187791
141.2,-4.598207460455327,1.9941301538926153,0.6533051726738381
141.22,-4.676918028196639,1.9877523188742126,0.8018345669288972
141.24,-4.756387185783922,1.9813744838558096,0.9503639611839563
141.26,-4.817992818842194,1.9757707496127466,0.9773492385789373
141.28,-4.818990765050405,1.9729709480653213,0.5640797919337759
141.3,-4.8197517455380074,1.9701711465178957,0.1508103452886146
141.32,-4.820769048482923,1.9673713449704706,-0.2624591013565469
141.34,-4.836303280913353,1.9604188846284114,-0.5835632795264691
141.36,-4.896611550854348,1.9408791027924135,-0.6253009307926882
141.38,-4.957178276697633,1.9213393209564158,-0.6670385820589072
141.4,-5.017809999020371,1.9017995391204179,-0.7087762333251264
141.42,-5.0602490536056415,1.887605501558571,-0.7372344680063146
141.44,-5.058719401204186,1.8871720935163963,-0.7315097858675568
141.46,-5.057636291986094,1.8867386854742219,-0.7257851037287989
141.48,-5.056343559253346,1.886305277432047,-0.720060421590041
141.5,-5.06872343924537,1.902873899676007,-0.5763370955357923
141.52,-5.111121164964007,1.9570201162730005,-0.12761154474406913
141.54,-5.153367876316811,2.0111663328699936,0.3211140060476539
141.56,-5.195869951078433,2.065312549466987,0.7698395568393771
141.58,-5.223014024450592,2.100992923975244,0.9825794615464202
141.6,-5.221135531377198,2.1013387783728534,0.7437591548461808
141.62,-5.218743574663197,2.1016846327704632,0.5049388481459413
141.64,-5.217298091129494,2.1020304871680726,0.26611854144570185
141.66,-5.218917312552474,2.133158505502224,0.14224708920751253
141.68,-5.227815371038084,2.2156012591623186,0.2099986188656153
141.7,-5.236150016164882,2.2980440128224133,0.2777501485237181
141.72,-5.244295528036022,2.380486766482508,0.34550167818182087
141.74,-5.248832613900224,2.429568404847728,0.38436591249610236
141.76,-5.247293354890102,2.42997617599773,0.38108358290375327
141.78,-5.245898254542578,2.430383947147732,0.3778012533114042
141.8,-5.244722842987812,2.4307917182977348,0.37451892371905504
141.82,-5.2687422764987755,2.447135662867339,0.40190431502907187
141.84,-5.327334999318563,2.4838950578010657,0.46857738961020795
141.86,-5.385660399592783,2.5206544527347914,0.5352504641913439
141.88,-5.4438109544992255,2.5574138476685175,0.6019235387724801
141.9,-5.474000085230121,2.578128828744545,0.548644775048941
141.92,-5.4722828654160836,2.5807591461037878,0.360160781817477
141.94,-5.470560408322478,2.5833894634630297,0.17167678858601282
141.96,-5.468563814624413,2.5860197808222725,-0.01680720464545126
141.98,-5.502907461302664,2.5719483959137652,-0.19521348204301925
142.0,-5.5732085876172235,2.5412971201803063,-0.36361554396528645
142.02,-5.643782681025648,2.5106458444468474,-0.5320176058875535
142.04,-5.714767420911097,2.479994568713389,-0.7004196678098209
142.06,-5.747447330837738,2.465484844705491,-0.7745707199020008
142.08,-5.745867770176037,2.465086675445506,-0.7663239760525979
142.1,-5.744706768356862,2.4646885061855204,-0.7580772322031951
142.12,-5.7434768035984325,2.4642903369255356,-0.7498304883537922
142.14,-5.785786968464442,2.461261272117562,-0.7672925690198519
142.16,-5.860996358850262,2.456208878287429,-0.8045264003384718
142.18,-5.936363637731533,2.451156484457296,-0.8417602316570917
142.2,-6.011733067167499,2.4461040906271636,-0.8789940629757117
142.22,-6.0424476420408135,2.4413181738458576,-0.8374421625885018
142.24,-6.042901023933907,2.4367121472248976,-0.7427045264244098
142.26,-6.04368067953173,2.4321061206039376,-0.6479668902603175
142.28,-6.0448550472401115,2.4275000939829776,-0.5532292540962254
142.3,-6.066355972615522,2.4544238240789507,-0.2967641836134066
142.32,-6.099122491955579,2.4999676498299235,0.05521003792591393
142.34,-6.132023577832894,2.5455114755808963,0.40718425946523457
142.36,-6.1649251617085365,2.5910553013318687,0.7591584810045551
142.38,-6.174970385645523,2.606583807162925,0.8259329506829101
142.4,-6.173622280841389,2.606679559217406,0.746068385383324
142.42,-6.172116695044478,2.6067753112718868,0.6662038200837377
142.44,-6.1709695167114935,2.6068710633263676,0.5863392547841516
142.46,-6.197635826171619,2.657141429876656,0.5722918756435988
142.48,-6.236787527917175,2.729728002756743,0.5875180628499179
142.5,-6.2756612682395145,2.8023145756368297,0.6027442500562371
142.52,-6.315262664169896,2.874901148516917,0.6179704372625563
142.54,-6.3236881299256655,2.8982100546488274,0.5572029052262932
142.56,-6.320440440616665,2.9027214688020266,0.4674467578159538
142.58,-6.316938535329023,2.9072328829552263,0.37769061040561447
142.6,-6.313432697593936,2.9117442971084264,0.287934462995275
142.62,-6.34088983948803,2.943626259298124,0.3028932841359197
142.64,-6.378084242238371,2.984361665712773,0.3517238469876653
142.66,-6.41589245404905,3.025097072127422,0.40055440983941093
142.68,-6.453573031960705,3.0658324785420707,0.4493849726911565
142.7,-6.459704745333541,3.074608401723305,0.4550598311788172
142.72,-6.457859821055768,3.0747506421922086,0.4490764079606884
142.74,-6.456332325573301,3.0748928826611133,0.44309298474255965
142.76,-6.4545742764196765,3.0750351231300175,0.4371095615244308
142.78,-6.516700327778473,3.0686635153479753,0.5679389073140316
142.8,-6.593061022021323,3.060852651125177,0.7289974895528201
142.82,-6.669441490194645,3.053041786902379,0.8900560717916083
142.84,-6.745262573982673,3.0452309226795813,1.0511146540303964
142.86,-6.757243683168853,3.0419002500176338,0.7227844700454037
142.88,-6.757865734269843,3.039355538303505,0.30860071187089627
142.9,-6.758391206511942,3.0368108265893756,-0.10558304630361104
142.92,-6.758226292617023,3.034266114875247,-0.5197668044781184
142.94,-6.81376511325989,3.0062925440151034,-0.6009577977542346
142.96,-6.876076029573748,2.9749323647249177,-0.6378009066729441
142.98,-6.9381651727307885,2.943572185434732,-0.6746440155916535
143.0,-7.00072377174769,2.9122120061445465,-0.7114871245103629
143.02,-7.0048364702654995,2.909154958845646,-0.7086504031199717
143.04,-7.003004572556278,2.9087544777612484,-0.7020892848455603
143.06,-7.001795843657976,2.908353996676851,-0.6955281665711488
143.08,-7.000702642711079,2.907953515592453,-0.6889670482967375
143.1,-7.045042256097733,2.9500305316129696,-0.7796283662440681
143.12,-7.092130846999777,2.99453639849977,-0.8758488346718586
143.14,-7.138736129305159,3.039042265386571,-0.9720693030996492
143.16,-7.185472840721756,3.0835481322733718,-1.0682897715274398
143.18,-7.185007456848546,3.08441764764139,-0.7792909656136099
143.2,-7.183534266914832,3.0842888271801554,-0.4814789067510628
143.22,-7.1820345838601,3.0841600067189208,-0.1836668478885159
143.24,-7.180284806808567,3.084819044381995,0.11199606586075632
143.26,-7.187058615590322,3.168922533824456,0.180036479773692
143.28,-7.193524287290441,3.2530260232669166,0.2480768936866277
143.3,-7.200313902817838,3.3371295127093776,0.3161173075995634
143.32,-7.206469178749922,3.4177618884382635,0.38136899099126237
143.34,-7.204610232094697,3.4173557875666005,0.38151348062936485
143.36,-7.203037873711067,3.416949686694937,0.38165797026746745
143.38,-7.2019353480453825,3.416543585823274,0.38180245990557
143.4,-7.204107806400051,3.420028525072705,0.3857390634424934
143.42,-7.255493563546594,3.4730753161438326,0.4379774529531654
143.44,-7.306799314906673,3.526122107214959,0.49021584246383737
143.46,-7.358401148975663,3.5791688982860865,0.5424542319745093
143.48,-7.403965430400202,3.6270581730105915,0.5775470448509691
143.5,-7.401892921642481,3.630757366041224,0.4657349559813399
143.52,-7.399346246854001,3.634456559071856,0.3539228671117106
143.54,-7.397015984893796,3.6381557521024877,0.2421107782420814
143.56,-7.404016240027415,3.639189893255236,0.10948451400223376
143.58,-7.47524498645243,3.6233268099642935,-0.15510983527171576
143.6,-7.546658197493462,3.607463726673351,-0.4197041845456653
143.62,-7.617746714803231,3.5916006433824084,-0.6842985338196149
143.64,-7.676737134364882,3.5783534011835307,-0.9010209402329921
143.66,-7.6754340708234565,3.578065023087225,-0.8805859735406372
143.68,-7.6745122260709495,3.57777664499092,-0.8601510068482825
143.7,-7.673559317625625,3.577488266894614,-0.8397160401559277
143.72,-7.687751294572213,3.5765040496421636,-0.828839341298981
143.74,-7.7631007759833945,3.5727308070143606,-0.856273581546195
143.76,-7.838504173501841,3.5689575643865576,-0.8837078217934092
143.78,-7.913865252445178,3.5651843217587547,-0.9111420620406233
143.8,-7.971837816484501,3.5612268633178092,-0.9098235113465948
143.82,-7.9729851585814915,3.556657510523898,-0.8129992051534242
143.84,-7.974404220130104,3.5520881577299863,-0.7161748989602535
143.86,-7.975933369487394,3.5475188049360744,-0.6193505927670829
143.88,-7.983396955665726,3.5530006485785686,-0.5539458941155693
143.9,-8.008948200572291,3.5866320562747864,-0.5765355213766569
143.92,-8.033905233088888,3.6202634639710047,-0.5991251486377445
143.94,-8.058883021314266,3.6538948716672226,-0.6217147758988322
143.96,-8.076755434213764,3.677597294361044,-0.6130120013667865
143.98,-8.07531493536552,3.6775523239594197,-0.5294664341320864
144.0,-8.074258082013586,3.677507353557796,-0.44592086689738636
144.02,-8.073180289387205,3.677462383156172,-0.3623752996626864
144.04,-8.082215777865233,3.701833541217535,-0.23358909544410086
144.06,-8.112689542653866,3.776557263083064,-0.01150464110673375
144.08,-8.143216258664129,3.8512809849485925,0.21057981323063338
144.1,-8.173865391868166,3.926004706814121,0.43266426756800047
144.12,-8.192711442268624,3.9736432452570494,0.578363467567983
144.14,-8.190975855997547,3.972768254255208,0.5872454923757564
144.16,-8.189359685893248,3.971893263253366,0.5961275171835297
144.18,-8.188054962721997,3.971018272251525,0.6050095419913031
144.2,-8.204272312816975,3.995666607345108,0.6123252737084576
144.22,-8.248918491732567,4.060236724652683,0.6171911205080588
144.24,-8.293339411318316,4.124806841960258,0.62205696730766
144.26,-8.33807965400977,4.189376959267833,0.6269228141072614
144.28,-8.36346043938558,4.227074352395551,0.6278286689353328
144.3,-8.36198369705241,4.227922166175356,0.6233043322653142
144.32,-8.360363461105571,4.22876997995516,0.6187799955952955
144.34,-8.359040815996526,4.229617793734964,0.6142556589252768
144.36,-8.358085151379246,4.234813715626332,0.6264421603335241
144.38,-8.357602450570017,4.245250765142756,0.6587715912280303
144.4,-8.357460482040612,4.255687814659179,0.6911010221225368
144.42,-8.357601562403671,4.2661248641756035,0.7234304530170431
144.44,-8.356514902475782,4.271705187188933,0.7397738775055774
144.46,-8.354718686279067,4.272131599260996,0.739153107434179
144.48,-8.352783342220338,4.272558011333061,0.7385323373627805
144.5,-8.351004633065994,4.272984423405125,0.7379115672913821
144.52,-8.331986583351867,4.292810670835153,0.7570423411281332
144.54,-8.29772215154944,4.330769887899546,0.7946348255572517
144.56,-8.263613075684246,4.368729104963938,0.8322273099863702
144.58,-8.2289872975981,4.40668832202833,0.8698197944154885
144.6,-8.212625998864741,4.424093756495433,0.885117216877029
144.62,-8.211735717671257,4.424586886527411,0.8820695549916466
144.64,-8.20994165189312,4.425080016559391,0.8790218931062641
144.66,-8.208868978617176,4.42557314659137,0.8759742312208817
144.68,-8.213031766361365,4.431105979653182,0.6284255212119062
144.7,-8.22104712615642,4.440283503343445,0.20405474977052426
144.72,-8.228900158001043,4.449461027033708,-0.22031602167085776
144.74,-8.236690744017915,4.45863855072397,-0.6446867931122399
144.76,-8.239378149967427,4.461961479534323,-0.800156989149754
144.78,-8.238834381703423,4.461573256507177,-0.7851745945324664
144.8,-8.237483500290237,4.461185033480031,-0.7701921999151786
144.82,-8.236566098882552,4.460796810452885,-0.7552098052978911
144.84,-8.2354291926906,4.453494743989031,-0.7347911440142741
144.86,-8.233558427745233,4.442366697202656,-0.7113641633372891
144.88,-8.231637669313695,4.431238650416281,-0.6879371826603041
144.9,-8.229772943195716,4.420110603629905,-0.6645102019833191
144.92,-8.228362398864155,4.41707669318672,-0.6642015862517898
144.94,-8.22675261967859,4.417931476784402,-0.6749998068998591
144.96,-8.225442643336143,4.418786260382082,-0.6857980275479283
144.98,-8.223860969834522,4.419641043979762,-0.6965962481959974
145.0,-8.219577433259019,4.4183222040378745,-0.6830698333929383
145.02,-8.214332159545618,4.41610341645453,-0.6594722641765228
145.04,-8.208515716118614,4.413884628871186,-0.6358746949601074
145.06,-8.202845667479856,4.411665841287842,-0.612277125743692
145.08,-8.20036744100722,4.410020933616451,-0.5952589412312478
145.1,-8.199771506652771,4.408578794741688,-0.5805654485074367
145.12,-8.198438348175348,4.407136655866925,-0.5658719557836256
145.14,-8.197533661963266,4.4056945169921615,-0.5511784630598145
145.16,-8.202571350934797,4.398538061463596,-0.4899900865187077
145.18,-8.20961069038632,4.389680880556268,-0.41496365484671766
145.2,-8.21660239104011,4.38082369964894,-0.3399372231747277
145.22,-8.22302275176444,4.371966518741613,-0.2649107915027377
145.24,-8.22338503092228,4.369824519411835,-0.24880600026400612
145.26,-8.222732847299149,4.36933663982189,-0.2472151052495988
145.28,-8.221599509640889,4.368848760231947,-0.2456242102351915
145.3,-8.220050388742951,4.368360880642002,-0.2440333152207842
145.32,-8.232317472607523,4.330602863413921,-0.14570201124545523
145.34,-8.24694636344652,4.2854307963777725,-0.02812639383472234
145.36,-8.26215303721337,4.240258729341624,0.08944922357601057
145.38,-8.277021104005346,4.195086662305477,0.2070248409867435
145.4,-8.278274463267191,4.188410429122445,0.22440064804193646
145.42,-8.277343187945469,4.187701140594923,0.2262452491706582
145.44,-8.27644235223358,4.1869918520674,0.2280898502993799
145.46,-8.275639083057733,4.186282563539876,0.2299344514281016
145.48,-8.271615602110792,4.185064626572607,0.2739389081759405
145.5,-8.266675483216511,4.183788611034056,0.32275726778559855
145.52,-8.261573094302946,4.182512595495506,0.37157562739525657
145.54,-8.256861098726853,4.1812365799569555,0.42039398700491454
145.56,-8.254545628073867,4.18240958711288,0.4159367654383007
145.58,-8.252660344939933,4.183769084399587,0.4074226724823437
145.6,-8.250730013222864,4.1851285816862935,0.39890857952638675
145.62,-8.248700724835267,4.186488078973,0.39039448657042974
145.64,-8.234733512009552,4.176767679495884,0.42179892314383094
145.66,-8.220176790518018,4.166597144559886,0.4548251027704967
145.68,-8.206437282689318,4.156426609623887,0.48785128239716247
145.7,-8.192633471481006,4.146256074687889,0.5208774620238282
145.72,-8.190731415179041,4.146729910183843,0.5179757185496966
145.74,-8.189222025887695,4.1472822375551655,0.5148090415991918
145.76,-8.187826078364552,4.147834564926489,0.5116423646486871
145.78,-8.18605693065425,4.148550790398038,0.5106152205372311
145.8,-8.17042954421391,4.155820208243533,0.5951337311064774
145.82,-8.155923880994568,4.163089626089028,0.6796522416757237
145.84,-8.140679883519738,4.170359043934523,0.76417075224497
145.86,-8.126356836892304,4.177246117845868,0.8439038026302206
145.88,-8.125192621463373,4.177702610082071,0.8431509610796301
145.9,-8.123559972234023,4.178159102318274,0.8423981195290396
145.92,-8.122279404121212,4.1786155945544765,0.8416452779784491
145.94,-8.120641177852184,4.178995436006119,0.8030229068802126
145.96,-8.115678228196968,4.178579315838459,0.37115352293238996
145.98,-8.111008239859586,4.178163195670801,-0.06071586101543271
146.0,-8.10640621501762,4.177747075503142,-0.4925852449632553
146.02,-8.101441681358814,4.177417853792482,-0.8731194419441204
146.04,-8.099586946759292,4.1777285475899975,-0.8756241158526044
146.06,-8.098019427914274,4.178039241387513,-0.8781287897610883
146.08,-8.096261815455671,4.178349935185028,-0.8806334636695723
146.1,-8.094489525482356,4.1783829067885545,-0.8762131160172213
146.12,-8.090494368250088,4.176857797158599,-0.832941908156507
146.14,-8.086714956740666,4.175332687528643,-0.7896707002957927
146.16,-8.082901577404193,4.173807577898688,-0.7463994924350784
146.18,-8.079534342256409,4.172735419805332,-0.7115229024158387
146.2,-8.078308973628545,4.173685438683158,-0.7141236173822356
146.22,-8.077041362682074,4.174635457560984,-0.7167243323486324
146.24,-8.07570504368951,4.175585476438809,-0.7193250473150294
146.26,-8.073371872355946,4.175942460441837,-0.7120962006514908
146.28,-8.06975171037639,4.174130599097831,-0.6689187109815411
146.3,-8.066040014022683,4.172318737753824,-0.6257412213115914
146.32,-8.062413307974307,4.170506876409819,-0.5825637316416415
146.34,-8.05943762269914,4.168902233062777,-0.54777351060834
146.36,-8.05847974046316,4.167931211742758,-0.5386295086901283
146.38,-8.057226708711934,4.166960190422739,-0.5294855067719165
146.4,-8.056347903506376,4.165989169102721,-0.5203415048537047
146.42,-8.055319055680062,4.164760257811545,-0.49104710355173525
146.44,-8.052914344939854,4.162862114504576,-0.40946182665592046
146.46,-8.050778139626495,4.160963971197606,-0.32787654976010555
146.48,-8.048757612673413,4.159065827890636,-0.2462912728642907
146.5,-8.046571339058342,4.157486834979365,-0.19016187646094307
146.52,-8.045042918996653,4.156618600888961,-0.19072359448761983
146.54,-8.043219856760064,4.155750366798555,-0.19128531251429662
146.56,-8.041419791960132,4.15488213270815,-0.19184703054097335
146.58,-8.042147037045014,4.148108507499946,-0.16151290542595637
146.6,-8.048241797600538,4.129952943934916,-0.07163072073177966
146.62,-8.053792170308697,4.111797380369887,0.018251463962397043
146.64,-8.05966046688431,4.093641816804857,0.10813364865657374
146.66,-8.062486676395554,4.082156311945866,0.1636606332840006
146.68,-8.060525349128202,4.08186749604767,0.1615172875161269
146.7,-8.058470083500136,4.081578680149473,0.15937394174825326
146.72,-8.056659986534186,4.081289864251277,0.15723059598037956
146.74,-8.053914079730509,4.080135224397312,0.17837827291928127
146.76,-8.050631110343257,4.077708796945668,0.23373756252885003
146.78,-8.047314594063174,4.0752823694940234,0.2890968521384188
146.8,-8.043993105262018,4.072855942042379,0.3444561417479876
146.82,-8.041299662205628,4.071160146473492,0.3772538524352922
146.84,-8.040131647986374,4.070406553099782,0.3809567895589215
146.86,-8.039170001898068,4.0696529597260716,0.3846597266825507
146.88,-8.038377466450253,4.068899366352361,0.38836266380617995
146.9,-8.035972587272202,4.068233204803052,0.41450225531609236
146.92,-8.032104236429696,4.067666238908683,0.4660973218979526
146.94,-8.028513170166535,4.067099273014314,0.5176923884798128
146.96,-8.024142413931079,4.066532307119945,0.5692874550616731
146.98,-8.021399932720072,4.065951616920453,0.5966689895531085
147.0,-8.020202717509914,4.06535721357381,0.5998566777525867
147.02,-8.018707697540652,4.064762810227166,0.6030443659520647
147.04,-8.017461152319267,4.0641684068805235,0.6062320541515427
147.06,-8.014400898457536,4.0635711453741274,0.6483121066304507
147.08,-8.01034191335226,4.062971368774555,0.7246162503063734
147.1,-8.006190964670797,4.062371592174983,0.8009203939822962
147.12,-8.002113463935228,4.06177181557541,0.877224537658219
147.14,-7.999132856074406,4.061764247575642,0.9093182011960856
147.16,-7.997558444674393,4.06221514986995,0.9071854252042612
147.18,-7.995921612282165,4.06266605216426,0.9050526492124368
147.2,-7.994706603210563,4.063116954458568,0.9029198732206123
147.22,-7.991451685593133,4.062885800542539,0.6277650155187934
147.24,-7.987328227195978,4.06219109066388,0.16705211731068853
147.26,-7.983370630146492,4.061496380785223,-0.29366078089741654
147.28,-7.979101087602627,4.0608016709065655,-0.7543736791055216
147.3,-7.977288235150857,4.0604231756151545,-0.9249284424974656
147.32,-7.976498981329615,4.06023272751992,-0.9229313189718593
147.34,-7.975929167786271,4.060042279424685,-0.9209341954462531
147.36,-7.975374554539178,4.059851831329451,-0.9189370719206468
147.38,-7.981166571762066,4.109877253965706,-0.8779105530952942
147.4,-7.990525890823539,4.185909538048711,-0.8166706622597568
147.42,-7.9996994222722275,4.261941822131718,-0.7554307714242197
147.44,-8.008548299577965,4.337974106214723,-0.6941908805886824
147.46,-8.010673604208964,4.361101226388548,-0.673098749377557
147.48,-8.009709243561513,4.3605176105583405,-0.6699998131453162
147.5,-8.009357942826986,4.359933994728134,-0.6669008769130752
147.52,-8.008686676902165,4.359350378897927,-0.6638019406808344
147.54,-8.00697505717466,4.359842689295351,-0.6311369607771053
147.56,-8.005184026827317,4.360748770871531,-0.5871017061956372
147.58,-8.003212112350084,4.361654852447711,-0.5430664516141689
147.6,-8.001547141161211,4.362560934023891,-0.49903119703270066
147.62,-8.000153691961698,4.3626593235177635,-0.48812327378825066
147.64,-7.999396134102573,4.362494145746373,-0.48802550990674787
147.66,-7.998544922703731,4.362328967974983,-0.48792774602524513
147.68,-7.997176396906258,4.362163790203592,-0.48782998214374235
147.7,-7.994410910773029,4.361360505945496,-0.43627203230965095
147.72,-7.991366801424738,4.360383162619856,-0.37067706487878055
147.74,-7.988318808559152,4.359405819294216,-0.30508209744791015
147.76,-7.985047565065224,4.358428475968576,-0.23948713001703972
147.78,-7.983640878693664,4.357912428858461,-0.2281659676554644
147.8,-7.983505907621155,4.357499427519874,-0.22896865528203553
147.82,-7.982783931439753,4.3570864261812865,-0.2297713429086067
147.84,-7.98199562607634,4.3566734248426995,-0.23057403053517786
147.86,-7.977596331110512,4.35762692196921,-0.14276922328344166
147.88,-7.9723474800569445,4.358823221265524,-0.03922045980571445
147.9,-7.967007446704225,4.360019520561838,0.06432830367201275
147.92,-7.961747124515721,4.3612158198581525,0.16787706714974
147.94,-7.960171003027867,4.361099660049947,0.18153242270801195
147.96,-7.9594755703962115,4.360805960759921,0.18302768199650526
147.98,-7.958361951410434,4.3605122614698955,0.18452294128499858
148.0,-7.9577005627369894,4.3602185621798695,0.1860182005734919
148.02,-7.953214934630981,4.360794645743216,0.23992802987910142
148.04,-7.949245159661005,4.361454064116489,0.2988597542621314
148.06,-7.9446239022847,4.362113482489762,0.3577914786451615
148.08,-7.939391002610619,4.362772900863035,0.41672320302819144
148.1,-7.937685836453713,4.362079940042649,0.4237054378914044
148.12,-7.936283920120489,4.361307187684995,0.42762260812747577
148.14,-7.934826749581175,4.3605344353273425,0.4315397783635471
148.16,-7.9334439570405735,4.3597616829696895,0.4354569485996185
148.18,-7.929061402279013,4.359708941438985,0.47243984341410483
148.2,-7.924670729965919,4.359673900174442,0.5102356039578019
148.22,-7.920483046859672,4.359638858909899,0.548031364501499
148.24,-7.916257245772696,4.359611978636493,0.5854928211991688
148.26,-7.914950636422738,4.360633141435312,0.5800226260892152
148.28,-7.913678990897555,4.361654304234134,0.5745524309792615
148.3,-7.9121715821751515,4.362675467032954,0.5690822358693078
148.32,-7.9102985601943026,4.363633112213768,0.5662451709930497
148.34,-7.906450917226514,4.3630440706550875,0.6275261845909903
148.36,-7.902401944067578,4.362455029096406,0.6888071981889309
148.38,-7.898625618617278,4.361865987537724,0.7500882117868714
148.4,-7.894484994686223,4.361367360085901,0.8068148702391402
148.42,-7.892972197652661,4.362048765891577,0.8041006878189842
148.44,-7.891888066229325,4.362730171697254,0.8013865053988282
148.46,-7.890492037559041,4.36341157750293,0.7986723229786722
148.48,-7.888903117184954,4.364051673005285,0.7524136004097429
148.5,-7.884766156953221,4.364331568787778,0.32647402579118295
148.52,-7.880110263472626,4.364611464570271,-0.09946554882737711
148.54,-7.875456733751239,4.364891360352764,-0.5254051234459371
148.56,-7.871609759357245,4.365208047762532,-0.893750698703066
148.58,-7.870594780039411,4.365761268655202,-0.891824278065418
148.6,-7.869066927468285,4.366314489547872,-0.8898978574277697
148.62,-7.868008867634304,4.366867710440542,-0.8879714367901215
148.64,-7.865893717533332,4.366623969691614,-0.8766348097046338
148.66,-7.8606378773201655,4.362385677927348,-0.8181321111814088
148.68,-7.855666508697062,4.358147386163082,-0.7596294126581841
148.7,-7.850419004792146,4.353909094398815,-0.7011267141349592
148.72,-7.845591881046117,4.3505312031939045,-0.6543584715266432
148.74,-7.844551118085757,4.3506373158967,-0.655106341986602
148.76,-7.843211917671202,4.350743428599495,-0.655854212446561
148.78,-7.841936733033166,4.350849541302289,-0.6566020829065199
148.8,-7.839330351967623,4.3507075783958,-0.6487837767181424
148.82,-7.834068126398462,4.349734013358361,-0.6122498270395839
148.84,-7.8282809025118825,4.348760448320924,-0.5757158773610255
148.86,-7.822725842834946,4.347786883283486,-0.539181927682467
148.88,-7.818608038449199,4.347223566814379,-0.5139249102491089
148.9,-7.817508061354316,4.3478188994900435,-0.5205168958596936
148.92,-7.816055901741085,4.348414232165708,-0.5271088814702785
148.94,-7.814487529288261,4.3490095648413725,-0.5337008670808632
148.96,-7.8116146642772675,4.3493841791553605,-0.5203899891685237
148.98,-7.806181124149333,4.349226742827747,-0.4591024444005701
149.0,-7.800225732585267,4.349069306500134,-0.3978148996326165
149.02,-7.794505618763342,4.34891187017252,-0.336527354864663
149.04,-7.789882887520856,4.348633470402328,-0.29645192435806095
149.06,-7.788329482839383,4.348103757347178,-0.30044671872486034
149.08,-7.787230597764445,4.347574044292028,-0.30444151309165973
149.1,-7.786410536214737,4.347044331236877,-0.3084363074584591
149.12,-7.7839198940473135,4.346901827338324,-0.26848560629177026
149.14,-7.7787549158736224,4.3474578010745875,-0.14926264294276234
149.16,-7.7736359669116535,4.348013774810852,-0.03003967959375441
149.18,-7.768387560194223,4.348569748547116,0.08918328375525353
149.2,-7.764000765709861,4.348845772910463,0.16061841268635701
149.22,-7.762063205605916,4.348680913654051,0.15679395736130713
149.24,-7.760734544234509,4.348516054397639,0.15296950203625723
149.26,-7.758844750142019,4.348351195141229,0.14914504671120732
149.28,-7.7561707623422675,4.347584676829093,0.1723070574200289
149.3,-7.752393124447147,4.345987601098312,0.2327224084621551
149.32,-7.748525800587596,4.344390525367531,0.2931377595042813
149.34,-7.744509599801799,4.342793449636749,0.35355311054640753
149.36,-7.741533061346509,4.341894069018296,0.3858997453302285
149.38,-7.740032147184182,4.341841216762953,0.3841900079122929
149.4,-7.7383603180545295,4.341788364507612,0.38248027049435734
149.42,-7.736639081330429,4.34173551225227,0.3807705330764217
149.44,-7.73398719473385,4.341388830888486,0.39791257098941724
149.46,-7.7303651657697925,4.340728303462701,0.4351906515183193
149.48,-7.726393693612245,4.340067776036914,0.47246873204722134
149.5,-7.722365558642858,4.339407248611129,0.5097468125761233
149.52,-7.720407075833623,4.3390303968200765,0.5281369924657509
149.54,-7.719114148967917,4.338920428499114,0.5287573400254524
149.56,-7.717469963753296,4.338810460178151,0.5293776875851539
149.58,-7.7160948314568225,4.338700491857188,0.5299980351448554
149.6,-7.714016050797475,4.337348669042651,0.5644961783691532
149.62,-7.711593175014761,4.334968276781393,0.6270537003074399
149.64,-7.709316301958154,4.332587884520136,0.6896112222457266
149.66,-7.706825471451282,4.330207492258879,0.7521687441840134
149.68,-7.704955968155209,4.329100600284462,0.7799911975624799
149.7,-7.703204308114487,4.3289208666355306,0.7825251540835891
149.72,-7.7020942270630925,4.3287411329865995,0.7850591106046986
149.74,-7.70053139933226,4.328561399337669,0.787593067125808
149.76,-7.698464802724561,4.325001836000392,0.5207453674290278
149.78,-7.696371276743783,4.319285126199801,0.0819672036038393
149.8,-7.693993585238371,4.3135684163992085,-0.3568109602213493
149.82,-7.691615847342241,4.307851706598616,-0.7955891240465379
149.84,-7.689830654391868,4.3063015017031185,-0.9599872050355506
149.86,-7.688108185699678,4.3070733514729085,-0.971469217059097
149.88,-7.686168201445439,4.307845201242699,-0.9829512290826433
149.9,-7.684683382171127,4.30861705101249,-0.9944332411061896
149.92,-7.680894395202301,4.304377442586659,-0.9527386457186554
149.94,-7.675399648398112,4.297712252101148,-0.8853061872389397
149.96,-7.670318181003014,4.291047061615635,-0.8178737287592239
149.98,-7.665469246806661,4.2843818711301225,-0.7504412702795082
150.0,-7.6632957733926395,4.2817699832954315,-0.7271542411145274
150.02,-7.662423843927172,4.280849502445865,-0.722288705219787
150.04,-7.662054985280646,4.2799290215963,-0.7174231693250467
150.06,-7.661692690168414,4.279008540746735,-0.7125576334303062
150.08,-7.659629230483412,4.279382484456297,-0.6789336834906852
150.1,-7.656270050093307,4.280217651698788,-0.6350626648952176
150.12,-7.653080066619683,4.281052818941278,-0.5911916462997499
150.14,-7.649818922230427,4.281887986183769,-0.5473206277042821
150.16,-7.64845896661156,4.281350439582825,-0.5344965700871096
150.18,-7.647306891088889,4.280400570685174,-0.5309980935570341
150.2,-7.646608122473592,4.279450701787523,-0.5274996170269586
150.22,-7.645344096603194,4.278500832889873,-0.5240011404968832
150.24,-7.64129160964025,4.2784779924004095,-0.4790501969287409
150.26,-7.636456828932717,4.278685849686473,-0.42378350483411265
150.28,-7.63170150626887,4.2788937069725375,-0.3685168127394845
150.3,-7.627625497127228,4.2791015642586006,-0.3132501206448563
150.32,-7.626196401949737,4.27872471357719,-0.30426042288759514
150.34,-7.625398055280725,4.278230178634617,-0.3045849027888958
150.36,-7.624170117169732,4.2777356436920435,-0.3049093826901964
150.38,-7.622913439126501,4.27724110874947,-0.305233862591497
150.4,-7.614056927229607,4.286639530256334,-0.21755964602035274
150.42,-7.603572914895224,4.2975928917416075,-0.1160541049212708
150.44,-7.593417532491051,4.308546253226882,-0.014548563822188876
150.46,-7.582450255730601,4.319499614712155,0.08695697727689305
150.48,-7.5804560435027275,4.320655591684598,0.09797821297693439
150.5,-7.579232916330683,4.3206730618775175,0.0984847041548927
150.52,-7.578205093837461,4.320690532070438,0.09899119533285101
150.54,-7.577481595855044,4.320708002263359,0.09949768651080931
150.56,-7.573116336332531,4.333605082012819,0.16915827011825163
150.58,-7.56819369410632,4.347507234318652,0.24421535896574423
150.6,-7.563462313882619,4.3614093866244845,0.3192724478132369
150.62,-7.559037038157958,4.375311538930316,0.39432953666072956
150.64,-7.557782256790577,4.375515281969683,0.4003049013418434
150.66,-7.557145477528447,4.375138337884566,0.4033518334597158
150.68,-7.556219179183391,4.37476139379945,0.4063987655775882
150.7,-7.554956578198309,4.3743844497143325,0.4094456976954607
150.72,-7.554196399683912,4.380064945376013,0.44663039188782333
150.74,-7.553492363291483,4.385800124531508,0.48412326448217047
150.76,-7.552666986604837,4.391535303687004,0.5216161370765177
150.78,-7.552118313221665,4.397117332035338,0.5583598070591794
150.8,-7.550653496564335,4.3961275498547385,0.5629546578288701
150.82,-7.548564883362729,4.395137767674138,0.5675495085985607
150.84,-7.5469454826587485,4.394147985493539,0.5721443593682513
150.86,-7.545660140725015,4.393038936036519,0.5792824829028764
150.88,-7.549025522236508,4.38986051032818,0.630548286874095
150.9,-7.552461503010594,4.38668208461984,0.6818140908453136
150.92,-7.556189264676457,4.3835036589115015,0.7330798948165322
150.94,-7.559174159100118,4.380684165784946,0.779397954707305
150.96,-7.558054490007271,4.381669019409665,0.7732745950284724
150.98,-7.557017846395883,4.382653873034382,0.7671512353496398
151.0,-7.556136546226293,4.3836387266591,0.7610278756708073
151.02,-7.554509878326282,4.3843672789904895,0.7041640490746963
151.04,-7.550634725405611,4.383178874407288,0.26779652336074133
151.06,-7.546331632815411,4.3819904698240855,-0.16857100235321368
151.08,-7.542156485190908,4.380802065240884,-0.6049385280671687
151.1,-7.538326162193313,4.3798503895208425,-0.9758407975153119
151.12,-7.537565548276914,4.380243822640127,-0.9747652113871216
151.14,-7.536362990885504,4.380637255759411,-0.9736896252589312
151.16,-7.535412624582451,4.3810306888786945,-0.9726140391307408
151.18,-7.533327386262969,4.380631669902646,-0.9569709412571064
151.2,-7.527538904534831,4.37665595570708,-0.8755780650346607
151.22,-7.521536240910527,4.372680241511515,-0.7941851888122152
151.24,-7.51603614289107,4.36870452731595,-0.7127923125897695
151.26,-7.511477352476656,4.3656911030833525,-0.64925732131163
151.28,-7.5105723357967005,4.366231173275089,-0.6516670005818627
151.3,-7.509400651455924,4.366771243466824,-0.6540766798520954
151.32,-7.50816232649276,4.367311313658561,-0.656486359122328
151.34,-7.504675520011394,4.365678412499421,-0.6495172573676167
151.36,-7.493646531265459,4.357342508352608,-0.6136172646438942
151.38,-7.483176005506262,4.349006604205794,-0.5777172719201717
151.4,-7.472322884309669,4.340670700058981,-0.5418172791964493
151.42,-7.4641460560205966,4.3348136883579915,-0.5170417986724822
151.44,-7.462854195622527,4.335441896746886,-0.5213700052122792
151.46,-7.461275611406428,4.33607010513578,-0.525698211752076
151.48,-7.459858506150073,4.336698313524675,-0.5300264182918729
151.5,-7.455196790470133,4.337690018908419,-0.5193021209010733
151.52,-7.443133678303312,4.339497434566889,-0.4747990514970673
151.54,-7.43089641214937,4.3413048502253595,-0.43029598209306136
151.56,-7.418868588954547,4.34311226588383,-0.38579291268905536
151.58,-7.410686926700052,4.344311361831121,-0.35695008420451446
151.6,-7.409855473251713,4.344329473458741,-0.35850985262466173
151.62,-7.408537614698195,4.344347585086361,-0.36006962104480894
151.64,-7.40744255901527,4.344365696713981,-0.36162938946495626
151.66,-7.403283738240665,4.349364803188175,-0.3172859339419249
151.68,-7.392175954045336,4.3627836438395615,-0.19534895435741437
151.7,-7.380936265564995,4.376202484490948,-0.07341197477290393
151.72,-7.370189615795589,4.389621325142334,0.04852500481160656
151.74,-7.363207825149416,4.397754118583886,0.11576721294588437
151.76,-7.361031166918229,4.398069743419747,0.10212511692928353
151.78,-7.3592453274395595,4.3983853682556076,0.08848302091268267
151.8,-7.3576321062735275,4.398700993091468,0.07484092489608182
151.82,-7.3542396656033615,4.40482318451438,0.09895544372992737
151.84,-7.349610410641274,4.418483059104976,0.1720829887575301
151.86,-7.34454698984812,4.432142933695572,0.2452105337851328
151.88,-7.339438688762699,4.445802808286169,0.3183380788127355
151.9,-7.335927446530062,4.453107616877903,0.35556459966127074
151.92,-7.333943619969137,4.453155028671284,0.3517926512600291
151.94,-7.332106624343067,4.453202440464664,0.3480207028587875
151.96,-7.330534578556704,4.453249852258045,0.3442487544575459
151.98,-7.328645851175198,4.453981035271961,0.3653473188630784
152.0,-7.326453525619162,4.45539989358353,0.4114583973720513
152.02,-7.3243990699239605,4.4568187518950975,0.45756947588102426
152.04,-7.322440878539307,4.458237610206665,0.5036805543899971
152.06,-7.320426376518764,4.4592777450235355,0.5236922950258079
152.08,-7.319253419659787,4.459982430732754,0.5205869074073785
152.1,-7.318154607199942,4.460687116441973,0.5174815197889489
152.12,-7.317229021042348,4.461391802151191,0.5143761321705194
152.14,-7.31574978171564,4.4605822617305995,0.5452375498394629
152.16,-7.314083229920803,4.458592676779035,0.6025694807460977
152.18,-7.313337798947004,4.45660309182747,0.6599014116527325
152.2,-7.311908431747807,4.454613506875906,0.7172333425593673
152.22,-7.3101813029628335,4.453857570404511,0.7442406875797825
152.24,-7.30916866353953,4.453945753680852,0.7504985385588283
152.26,-7.307964811226034,4.454033936957193,0.7567563895378742
152.28,-7.306247234279125,4.454122120233534,0.7630142405169199
152.3,-7.309036925104773,4.4440101330338075,0.48370228341414545
152.32,-7.31402390736043,4.427789981329226,0.03338265840265697
152.34,-7.319164237269595,4.4115698296246455,-0.41693696660883145
152.36,-7.324576561288834,4.3953496779200645,-0.8672565916203201
152.38,-7.325643446286728,4.389806596730174,-1.023978804504525
152.4,-7.324171834942409,4.389833299230804,-1.027543456483282
152.42,-7.322384538400861,4.389860001731434,-1.031108108462039
152.44,-7.32134194159267,4.389886704232064,-1.034672760440796
152.46,-7.318462912827338,4.3789142764165865,-0.986886072524846
152.48,-7.314709551076264,4.36297470887747,-0.9159094347744534
152.5,-7.311074293597219,4.3470351413383534,-0.844932797024061
152.52,-7.307136720595334,4.331095573799237,-0.7739561592736687
152.54,-7.305204293925529,4.32702293874766,-0.75672913568888
152.56,-7.304076273310002,4.327551083955083,-0.7603407040520647
152.58,-7.303176105984466,4.328079229162506,-0.7639522724152492
152.6,-7.302249565317802,4.32860737436993,-0.7675638407784336
152.62,-7.291297254237175,4.318561231317297,-0.7305814297518293
152.64,-7.276821137272488,4.305034146886086,-0.6802359195639444
152.66,-7.262571432353131,4.291507062454876,-0.6298904093760594
152.68,-7.248154128456892,4.277979978023665,-0.5795448991881744
152.7,-7.244832917795686,4.273981235455905,-0.5647896707501837
152.72,-7.244157381692721,4.272606740569424,-0.5598365375452067
152.74,-7.243793139096903,4.271232245682944,-0.5548834043402296
152.76,-7.24293874112998,4.269857750796463,-0.5499302711352526
152.78,-7.235007278842176,4.270520155318619,-0.497547196581479
152.8,-7.225496243543998,4.2716425376234834,-0.43445337256058997
152.82,-7.215477251651323,4.272764919928348,-0.37135954853970093
152.84,-7.205636619835998,4.273887302233212,-0.3082657245188119
152.86,-7.2036115079895735,4.273371093142324,-0.2996418885947402
152.88,-7.202841304958916,4.272560031952871,-0.30081951406044316
152.9,-7.201327079960423,4.2717489707634195,-0.30199713952614604
152.92,-7.200615192592852,4.270937909573967,-0.303174764991849
152.94,-7.190230440456728,4.280308624723864,-0.22629499656314014
152.96,-7.1780613112076015,4.291078039028619,-0.13869226514333538
152.98,-7.166033224881872,4.301847453333373,-0.051089533723530624
153.0,-7.154220053147628,4.312616867638128,0.03651319769627416
153.02,-7.151629750570133,4.313216581462232,0.043384857561793756
153.04,-7.150086978674082,4.312822025462555,0.042363613556585356
153.06,-7.148851999474183,4.31242746946288,0.041342369551376955
153.08,-7.1472547872286585,4.312032913463203,0.04032112554616856
153.1,-7.1428438501331115,4.324430723206428,0.10657540505402502
153.12,-7.138657426402442,4.33760667081408,0.17692194030619662
153.14,-7.134442415196822,4.350782618421733,0.24726847555836826
153.16,-7.129861725693627,4.363958566029386,0.3176150108105399
153.18,-7.128934837465181,4.36396808960732,0.32089996965833045
153.2,-7.128325828792632,4.363631417561761,0.32242162328343354
153.22,-7.127797824474672,4.363294745516202,0.32394327690853664
153.24,-7.126948270702377,4.363029760273832,0.3257880042479549
153.26,-7.133865529945337,4.374444944831382,0.380272208774752
153.28,-7.141000120050689,4.385860129388932,0.434756413301549
153.3,-7.148235290158747,4.397275313946481,0.489240617828346
153.32,-7.155100886313239,4.408230751958477,0.5417710714492141
153.34,-7.154585667137647,4.407489842370721,0.5445964213774753
153.36,-7.153955881763765,4.406748932782964,0.5474217713057364
153.38,-7.1534503319459795,4.4060080231952075,0.5502471212339977
153.4,-7.1537453278753125,4.405108815127066,0.557228696413024
153.42,-7.165167462578068,4.402091554876898,0.6198210515559207
153.44,-7.176319846178811,4.399074294626732,0.6824134066988173
153.46,-7.188008175401541,4.396057034376565,0.7450057618417141
153.48,-7.198223089452679,4.393330668415381,0.8015613132040558
153.5,-7.196297204469146,4.3931861353001915,0.8045372004898815
153.52,-7.194965011919585,4.3930416021850025,0.8075130877757073
153.54,-7.193168884818365,4.392897069069814,0.8104889750615331
153.56,-7.1928229784311535,4.390342204912373,0.7509411356965843
153.58,-7.199687895996845,4.372072277201179,0.2837462467313199
153.6,-7.205967608991285,4.353802349489985,-0.18344864223394447
153.62,-7.212552013310973,4.335532421778792,-0.650643531199209
153.64,-7.2179357686556544,4.320307571646546,-1.0406590040815766
153.66,-7.217543493848229,4.320526152001163,-1.0392509692236533
153.68,-7.21834572075124,4.32074473235578,-1.03784293436573
153.7,-7.218189750247886,4.320963312710396,-1.0364348995078068
153.72,-7.217343808111499,4.317857683252996,-1.0197928722473444
153.74,-7.211198676553009,4.301152387980782,-0.9408270996712519
153.76,-7.204981431956719,4.284447092708568,-0.8618613270951592
153.78,-7.198999594111433,4.267741797436355,-0.7828955545190667
153.8,-7.1944053069415075,4.254835600341235,-0.7218123191963808
153.82,-7.1943388893237925,4.254782680144723,-0.721230074438651
153.84,-7.193805210155703,4.254729759948211,-0.7206478296809209
153.86,-7.19316077770787,4.254676839751699,-0.7200655849231908
153.88,-7.1892798404231035,4.252280875219437,-0.7062309749515454
153.9,-7.175866780944638,4.24321145107673,-0.6546509742296893
153.92,-7.1623783268268415,4.234142026934022,-0.6030709735078333
153.94,-7.1488949344877,4.225072602791315,-0.5514909727859774
153.96,-7.139162900595161,4.218690702358352,-0.5150432160154557
153.98,-7.1388884545282,4.218838322570271,-0.5153602695144529
154.0,-7.1379791586335495,4.218985942782189,-0.5156773230134503
154.02,-7.137231607694915,4.219133562994108,-0.5159943765124474
154.04,-7.131089524217612,4.220249199266866,-0.4974681018688937
154.06,-7.113357012923134,4.22339097230093,-0.4395012007735361
154.08,-7.095754461611572,4.2265327453349935,-0.3815342996781785
154.1,-7.07791470023311,4.229674518369057,-0.32356739858282085
154.12,-7.066171102855927,4.2317512305684,-0.2871115205198904
154.14,-7.065807349593091,4.231893021251279,-0.28973523298330356
154.16,-7.065090712825212,4.232034811934159,-0.2923589454467167
154.18,-7.064479390314377,4.232176602617039,-0.2949826579101299
154.2,-7.0587307876977725,4.23888362691476,-0.26143390744833084
154.22,-7.045235479149738,4.256001137323088,-0.17052650915135265
154.24,-7.031793643275603,4.273118647731417,-0.0796191108543745
154.26,-7.018623190390142,4.290236158139746,0.011288287442603677
154.28,-7.010458619620358,4.299918531058684,0.06500694317497933
154.3,-7.009904372645253,4.299268302801895,0.06704445034822148
154.32,-7.009509714282157,4.298618074545107,0.06908195752146365
154.34,-7.009250770682747,4.297967846288318,0.07111946469470581
154.36,-7.00773979723059,4.30898432543586,0.10722857933133398
154.38,-7.004227075319221,4.334249574602087,0.1849499914300957
154.4,-7.00109443397399,4.359514823768314,0.26267140352885743
154.42,-6.997724142037022,4.384780072934539,0.34039281562761914
154.44,-6.994704668141657,4.39815850900775,0.37743854729318443
154.46,-6.99254428993931,4.398757367122724,0.37075363180944815
154.48,-6.991053077581278,4.399356225237697,0.36406871632571186
154.5,-6.989397522486737,4.399955083352669,0.3573838008419756
154.52,-6.990479061346505,4.404818758546668,0.3792951965012443
154.54,-6.994081111688762,4.413721009533627,0.4282859176767539
154.56,-6.998355815981445,4.422623260520586,0.4772766388522634
154.58,-7.002408225365371,4.431525511507546,0.526267360027773
154.6,-7.003609474580928,4.436330615442533,0.5452272977510124
154.62,-7.0023331664923365,4.4377199025213585,0.5391503854371916
154.64,-7.001052269787254,4.439109189600183,0.5330734731233708
154.66,-6.999601192568643,4.440498476679007,0.5269965608095499
154.68,-7.002719307078577,4.438870647886908,0.5601101970204082
154.7,-7.009133622256887,4.435031543192227,0.6219469977595886
154.72,-7.015612814097083,4.431192438497546,0.683783798498769
154.74,-7.022057469081621,4.4273533338028646,0.7456205992379494
154.76,-7.023669890382061,4.426079546639011,0.7688816239644453
154.78,-7.022844059239856,4.42645428015963,0.7673531386547512
154.8,-7.02186467537467,4.426829013680249,0.7658246533450569
154.82,-7.020324796036094,4.427203747200868,0.7642961680353628
154.84,-7.022176202133961,4.417659466377067,0.474577066823479
154.86,-7.026241307256763,4.40254794194661,0.023105264368409588
154.88,-7.029609009539908,4.387436417516153,-0.42836653808665975
154.9,-7.033487770674237,4.372324893085696,-0.8798383405417292
154.92,-7.033285043362171,4.367777982595005,-1.0291207032870713
154.94,-7.032121010259943,4.368382359966053,-1.031056007105503
154.96,-7.030912241803605,4.368986737337102,-1.0329913109239346
154.98,-7.030164350717322,4.36959111470815,-1.0349266147423664
155.0,-7.026547332361026,4.353330818989544,-0.984512013232968
155.02,-7.0226133695768755,4.329977812693667,-0.912080813757869
155.04,-7.017842944231949,4.30662480639779,-0.83964961428277
155.06,-7.013295795635574,4.283271800101912,-0.7672184148076707
155.08,-7.011212249004658,4.277392453607098,-0.7505000769046084
155.1,-7.010191348551392,4.2777916471182085,-0.753800180141349
155.12,-7.008942085797879,4.2781908406293185,-0.7571002833780894
155.14,-7.007628451215198,4.278590034140429,-0.7604003866148299
155.16,-6.994955317540596,4.266649957183586,-0.7245147148142391
155.18,-6.979007753402284,4.250969518431475,-0.6767507900611478
155.2,-6.963254128560792,4.2352890796793625,-0.6289868653080564
155.22,-6.947415934869461,4.219608640927251,-0.581222940554965
155.24,-6.943755518270153,4.216911951639872,-0.5719888523284544
155.26,-6.942924432453049,4.217479370360418,-0.5724411453966557
155.28,-6.942308215478555,4.218046789080963,-0.5728934384648569
155.3,-6.941696189524405,4.218614207801508,-0.5733457315330581
155.32,-6.92114298734201,4.220662268206464,-0.5197376993348026
155.34,-6.897189507058357,4.223011820016567,-0.4551217888639513
155.36,-6.873220995994182,4.22536137182667,-0.3905058783931001
155.38,-6.848837753278251,4.227710923636773,-0.32588996792224884
155.4,-6.84423139964433,4.227177029631448,-0.31647135549704086
155.42,-6.842992694482679,4.22618363318123,-0.3158489178664794
155.44,-6.841786559295338,4.225190236731012,-0.3152264802359179
155.46,-6.840837690058251,4.224196840280795,-0.31460404260535646
155.48,-6.835094195641291,4.2278048972279425,-0.23502213805181132
155.5,-6.828444522266794,4.231957009601789,-0.14610441658151593
155.52,-6.822307557938463,4.236109121975637,-0.05718669511122054
155.54,-6.816584602227979,4.240261234349483,0.031731026359074856
155.56,-6.815060054558515,4.240144378472859,0.036226034926459316
155.58,-6.813572368282039,4.239686305107614,0.03397315866801076
155.6,-6.812251915001881,4.239228231742368,0.03172028240956221
155.62,-6.8112320214625806,4.238770158377123,0.029467406151113658
155.64,-6.806565012064442,4.254174423605777,0.09537771323720623
155.66,-6.802084465343629,4.27027919126066,0.16429819912068755
155.68,-6.797789987331549,4.286383958915542,0.23321868500416892
155.7,-6.792860763541654,4.302488726570426,0.30213917088765024
155.72,-6.791420003925826,4.302724258797151,0.30069675748984287
155.74,-6.789963331849338,4.302790206099452,0.2985024183290768
155.76,-6.788319856918005,4.302856153401753,0.29630807916831076
155.78,-6.78696521312331,4.303191441452052,0.2953178787161207
155.8,-6.795190308253245,4.315994098357064,0.3500654065639061
155.82,-6.803070876065726,4.328796755262075,0.4048129344116914
155.84,-6.811173857861331,4.341599412167087,0.4595604622594768
155.86,-6.818839721381892,4.353662859547075,0.5116977858182263
155.88,-6.818180714580554,4.352483083974889,0.517072295614081
155.9,-6.817430569196663,4.351303308402703,0.5224468054099355
155.92,-6.816721683869399,4.350123532830517,0.5278213152057901
155.94,-6.81759439102421,4.34868690806311,0.5383777447419936
155.96,-6.83612276520538,4.344470631668587,0.6050135076219173
155.98,-6.854498547991399,4.340254355274064,0.671649270501841
156.0,-6.873327558303928,4.336038078879541,0.7382850333817647
156.02,-6.889343505632312,4.332262741614654,0.7973041871699766
156.04,-6.888164916414869,4.331837616687896,0.7984530907611489
156.06,-6.887320866826609,4.331412491761136,0.7996019943523212
156.08,-6.886161122118576,4.3309873668343775,0.8007508979434934
156.1,-6.886807411854534,4.327501918773059,0.7320019714750421
156.12,-6.897935462895372,4.306402797725736,0.26095646815215645
156.14,-6.9087404663396,4.2853036766784145,-0.21008903517072913
156.16,-6.919988576140485,4.264204555631092,-0.6811345384936149
156.18,-6.928908813037997,4.247003450318375,-1.068033788171093
156.2,-6.927698509572444,4.247590348934822,-1.0709443645396652
156.22,-6.927452861843319,4.248177247551268,-1.0738549409082374
156.24,-6.926617415767197,4.248764146167715,-1.0767655172768094
156.26,-6.924838095685026,4.243598871861449,-1.0635079738552755
156.28,-6.920848321076924,4.216984629676024,-0.9899619991393419
156.3,-6.916821737529651,4.190370387490598,-0.916416024423408
156.32,-6.912898580660897,4.163756145305172,-0.8428700497074743
156.34,-6.910213636832574,4.14352844858223,-0.7870248086187547
156.36,-6.9102824586276785,4.143175937654751,-0.7862649609752858
156.38,-6.9100619249954205,4.142823426727272,-0.7855051133318168
156.4,-6.909911855210155,4.142470915799793,-0.784745265688348
156.42,-6.907929016181573,4.141182942929322,-0.7680551552675651
156.44,-6.900859444085037,4.137427619993243,-0.7093477984977897
156.46,-6.8934963438258094,4.133672297057164,-0.6506404417280144
156.48,-6.8860430979265015,4.129916974121086,-0.5919330849582392
156.5,-6.880979054261241,4.127193653242755,-0.5511457240362408
156.52,-6.880418664020643,4.1268039709698146,-0.5508803696401238
156.54,-6.879439366141339,4.126414288696875,-0.5506150152440066
156.56,-6.879063983455919,4.126024606423934,-0.5503496608478894
156.58,-6.871821653281593,4.126084735231438,-0.5296624670544394
156.6,-6.850079072337402,4.127024482582068,-0.46903977722797113
156.62,-6.828403830579666,4.127964229932697,-0.40841708740150273
156.64,-6.80679682421776,4.128903977283327,-0.34779439757503444
156.66,-6.792705056394594,4.129233295866681,-0.30887115907993146
156.68,-6.792174326340861,4.128523543943978,-0.3068846789499396
156.7,-6.790956325989114,4.127813792021277,-0.3048981988199478
156.72,-6.790226676587148,4.127104040098574,-0.302911718689956
156.74,-6.782887774457133,4.1337449517539,-0.27042938844845205
156.76,-6.766189110049397,4.151330019404461,-0.1925428117351835
156.78,-6.749139056914645,4.168915087055022,-0.11465623502191505
156.8,-6.732012304934758,4.186500154705583,-0.036769658308646556
156.82,-6.722437447285543,4.19642679222663,0.007592492211918215
156.84,-6.72172435647488,4.196345743846722,0.008146457285533305
156.86,-6.7210550212113835,4.196264695466814,0.008700422359148396
156.88,-6.7201278884972835,4.196183647086906,0.009254387432763488
156.9,-6.71822798250165,4.210220092176046,0.04561504577085586
156.92,-6.715517504128214,4.2404842504747835,0.12313462162882748
156.94,-6.712762424992247,4.270748408773521,0.2006541974867991
156.96,-6.7101649789925455,4.3010125670722585,0.27817377334477067
156.98,-6.708252558857507,4.315969265141924,0.31780698476024777
157.0,-6.7072895501753855,4.315430604534512,0.3190887781598219
157.02,-6.706212686148715,4.3148919439271,0.320370571559396
157.04,-6.705365057232836,4.314353283319688,0.3216523649589701
157.06,-6.712873402055034,4.325237681034088,0.3541025213754522
157.08,-6.7261650075190555,4.346306174590782,0.41434047220470693
157.1,-6.739559404943767,4.367374668147476,0.4745784230339617
157.12,-6.753373612843125,4.388443161704171,0.5348163738632165
157.14,-6.758349268099658,4.398503937898402,0.557853661862967
157.16,-6.7573781205195464,4.399929487337329,0.551708136714203
157.18,-6.755944692163966,4.4013550367762555,0.5455626115654392
157.2,-6.754164725968845,4.402780586215183,0.5394170864166752
157.22,-6.752089896057905,4.402772885237612,0.5709722348270068
157.24,-6.748808619582529,4.401777855848127,0.6284983829487591
157.26,-6.7459618648089705,4.400782826458641,0.6860245310705114
157.28,-6.743242822846509,4.399787797069155,0.7435506791922636
157.3,-6.741839059531482,4.399988490573158,0.7626811251368065
157.32,-6.740786662935051,4.400910203422974,0.758659012728073
157.34,-6.740015377664154,4.401831916272791,0.7546369003193395
157.36,-6.739461622825562,4.402753629122608,0.750614787910606
157.38,-6.744643038727482,4.392693675326503,0.8053844545666228
157.4,-6.752594145830077,4.376863577827493,0.8910453351604722
157.42,-6.7603382553936235,4.361033480328482,0.976706215754322
157.44,-6.768290200962929,4.345203382829472,1.0623670963481717
157.46,-6.770373864740868,4.340639960381627,1.0884837460454033
157.48,-6.769606536992429,4.341203208415652,1.087506009020994
157.5,-6.769188724107357,4.341766456449677,1.0865282719965847
157.52,-6.768444562757583,4.342329704483701,1.0855505349721755
157.54,-6.7660399129568845,4.325051917845877,0.7449331256023369
157.56,-6.7632052498987925,4.300801192883249,0.2715719302648865
157.58,-6.76013761513001,4.276550467920622,-0.2017892650725639
157.6,-6.75710258931137,4.2522997429579945,-0.6751504604100144
157.62,-6.7558785218970066,4.24650575611662,-0.7922736667460032
157.64,-6.755525869163284,4.246840686105318,-0.7911011595080017
157.66,-6.754872988222909,4.247175616094015,-0.7899286522700003
157.68,-6.754289773443848,4.247510546082713,-0.788756145031999
157.7,-6.73985806167185,4.231989529882141,-0.7455539937588107
157.72,-6.7217718450924,4.2120595057755,-0.6906648052928631
157.74,-6.702865007340252,4.192129481668858,-0.6357756168269152
157.76,-6.684721220537877,4.1721994575622166,-0.5808864283609674
157.78,-6.680542328353317,4.1689083752816565,-0.5729709804005163
157.8,-6.67970253804162,4.1694154930083505,-0.5757783093686449
157.82,-6.678987343926255,4.1699226107350436,-0.5785856383367735
157.84,-6.67783957391544,4.170429728461737,-0.581392967304902
157.86,-6.654741653968125,4.169979530964635,-0.5322501734517395
157.88,-6.6276409116959005,4.169354899587813,-0.47364146779606375
157.9,-6.600830785045294,4.168730268210992,-0.4150327621403879
157.92,-6.572972521779313,4.168105636834171,-0.35642405648471215
157.94,-6.568948075603019,4.168362600709894,-0.3543606678390796
157.96,-6.568059146153132,4.168742530373855,-0.3601842766077544
157.98,-6.567597816603209,4.1691224600378165,-0.3660078853764291
158.0,-6.567180378569195,4.169502389701778,-0.37183149414510386
158.02,-6.546565793137367,4.188174442208966,-0.2914481210530665
158.04,-6.523782651566868,4.208670798559643,-0.20246718223878224
158.06,-6.500684304463961,4.22916715491032,-0.11348624342449798
158.08,-6.478151127380421,4.249663511260997,-0.02450530461021372
158.1,-6.47584233352041,4.250389960500491,-0.02172917589744134
158.12,-6.4739870874546925,4.249877586692834,-0.02435481791269649
158.14,-6.472751250859552,4.249365212885177,-0.026980459927951637
158.16,-6.470895810758605,4.248852839077521,-0.029606101943206786
158.18,-6.467185621938284,4.254962807907127,0.044441591464593797
158.2,-6.46304795047716,4.261258268775489,0.12063690756194578
158.22,-6.459403123615673,4.26755372964385,0.19683222365929776
158.24,-6.4556249572003255,4.273822208264325,0.2726748251557181
158.26,-6.453707610504914,4.274085910264342,0.2700223954627168
158.28,-6.452059578453721,4.274349612264358,0.26736996576971545
158.3,-6.450146915579538,4.274613314264375,0.26471753607671417
158.32,-6.448838037603626,4.275534886402403,0.2641599298510483
158.34,-6.4567774826171265,4.293975022890056,0.31938582494755274
158.36,-6.464847113846023,4.312415159377709,0.3746117200440572
158.38,-6.473000548922862,4.33085529586536,0.42983761514056157
158.4,-6.48077692374646,4.348047445154229,0.48127609788975784
158.42,-6.479703468755269,4.348111530613004,0.4807340471055822
158.44,-6.4783265018070955,4.348175616071779,0.4801919963214067
158.46,-6.476995163353461,4.348239701530554,0.47964994553723117
158.48,-6.477595252825924,4.3483207851633665,0.4852604703895919
158.5,-6.495330934432406,4.3485554767852435,0.5464701889533506
158.52,-6.513546240911071,4.34879016840712,0.6076799075171095
158.54,-6.531483589814403,4.349024860028998,0.6688896260808683
158.56,-6.546424365751295,4.349190482660119,0.7223586930415553
158.58,-6.544678421192582,4.348899351841533,0.7246388069859889
158.6,-6.54336113530148,4.348608221022947,0.7269189209304224
158.62,-6.542148444572366,4.348317090204361,0.7291990348748559
158.64,-6.543395082139594,4.344230427378009,0.7447137912890639
158.66,-6.562247963227222,4.320664450656394,0.8281509771368301
158.68,-6.580716862714073,4.297098473934779,0.9115881629845961
158.7,-6.599616142115404,4.273532497213163,0.9950253488323623
158.72,-6.614661411282387,4.254605933865041,1.0624620002509555
158.74,-6.61335296978243,4.254856903877082,1.0637586554905045
158.76,-6.61271595779486,4.255107873889122,1.0650553107300536
158.78,-6.611941422487635,4.255358843901162,1.0663519659696024
158.8,-6.611439993632168,4.247531413126197,0.959105579372411
158.82,-6.612782889107405,4.2121184916924586,0.4812149098772123
158.84,-6.614027139467246,4.176705570258721,0.0033242403820135367
158.86,-6.615086532071834,4.141292648824984,-0.47456642911318525
158.88,-6.615388830663499,4.115350641814953,-0.8297930783782791
158.9,-6.613845424044479,4.1166132771810915,-0.8326745734700526
158.92,-6.611854253392853,4.117875912547231,-0.8355560685618261
158.94,-6.60973299696076,4.11913854791337,-0.8384375636535996
158.96,-6.602897502256643,4.11193563367099,-0.8237428847872149
158.98,-6.5822531804793725,4.084002215057678,-0.7660075330864083
159.0,-6.561884912595715,4.056068796444367,-0.7082721813856019
159.02,-6.541086252831204,4.028135377831056,-0.6505368296847954
159.04,-6.52686506612488,4.008879396073551,-0.610766854507926
159.06,-6.526786910017789,4.007921726168793,-0.6088808844410547
159.08,-6.526597947255453,4.006964056264036,-0.6069949143741834
159.1,-6.5261175268808005,4.006006386359279,-0.6051089443073122
159.12,-6.5224150605016655,4.005352685959527,-0.5820754652772111
159.14,-6.513318903177759,4.005255155310014,-0.5203486154167558
159.16,-6.504406742828629,4.0051576246605025,-0.4586217655563003
159.18,-6.495454513463362,4.00506009401099,-0.396894915695845
159.2,-6.489559947486353,4.004623857885716,-0.358207045424738
159.22,-6.488211006475359,4.003646837516139,-0.35630369166798426
159.24,-6.487142444647665,4.002669817146561,-0.35440033791123043
159.26,-6.486169212180484,4.001692796776985,-0.3524969841544766
159.28,-6.476947888782749,4.008442381335119,-0.3191728205073022
159.3,-6.454657642710611,4.026001674640926,-0.24189017746210661
159.32,-6.432823138114484,4.043560967946734,-0.164607534416911
159.34,-6.410796487483184,4.06112026125254,-0.08732489137171542
159.36,-6.398104069723237,4.070502017963012,-0.04471125896437792
159.38,-6.3966387644329075,4.069830520255272,-0.04471882186528054
159.4,-6.3954720360642545,4.069159022547533,-0.044726384766183166
159.42,-6.394249593610458,4.068487524839792,-0.04473394766708579
159.44,-6.389617276761187,4.08553103370161,-0.00842165790945163
159.46,-6.38130875666768,4.121744549672563,0.06719357147358919
159.48,-6.372726083144416,4.157958065643517,0.14280880085663
159.5,-6.36425452772074,4.194171581614471,0.21842403023967086
159.52,-6.360107304723927,4.211832028627849,0.25555329040880126
159.54,-6.3595676651060495,4.211808851535474,0.25600013353519985
159.56,-6.359263654883472,4.211785674443099,0.25644697666159844
159.58,-6.3592960839982675,4.211762497350723,0.256893819787997
159.6,-6.366459679695161,4.226362184628945,0.29003840554733584
159.62,-6.37989057631717,4.253233265941444,0.3506226825813188
159.64,-6.393449417276803,4.280104347253943,0.41120695961530185
159.66,-6.407105523147993,4.3069754285664406,0.47179123664928474
159.68,-6.412074401617408,4.318133266050346,0.4985519379928137
159.7,-6.4113999270559505,4.317697727875558,0.5003572944452974
159.72,-6.410326947875546,4.31726218970077,0.5021626508977811
159.74,-6.409560874224426,4.316826651525983,0.5039680073502647
159.76,-6.424498976777702,4.319156517352755,0.5405892199812106
159.78,-6.449861634799596,4.323275653283687,0.5997369678221195
159.8,-6.4750271008757005,4.32739478921462,0.6588847156630285
159.82,-6.499792534356812,4.331513925145553,0.7180324635039375
159.84,-6.5076121494787875,4.33263774176955,0.7413405484139349
159.86,-6.505350243409209,4.3320684689317,0.7443904406551318
159.88,-6.503373591277992,4.3314991960938505,0.7474403328963287
159.9,-6.50127443212273,4.330929923256,0.7504902251375257
159.92,-6.514569510564771,4.315326876762606,0.8005259642788277
159.94,-6.534923696291177,4.292339138540294,0.8736414705451012
159.96,-6.554930356335093,4.269351400317983,0.9467569768113749
159.98,-6.575138217437057,4.24636366209567,1.0198724830776484
160.0,-6.580490543610119,4.240062347907475,1.039614130457855
160.02,-6.579913850190207,4.24083368131222,1.0367329262429796
160.04,-6.5797809481770155,4.241605014716965,1.0338517220281045
160.06,-6.579468386331894,4.242376348121711,1.0309705178132293
160.08,-6.578802180137179,4.220180916765181,0.6836235855869485
160.1,-6.578019924327477,4.189664009423115,0.2114674643746542
160.12,-6.577651609166145,4.15914710208105,-0.2606886568376403
160.14,-6.577081747634591,4.128630194738984,-0.7328447780499348
160.16,-6.576683862023081,4.12142337193997,-0.8420146594901066
160.18,-6.57662373352203,4.121346983924171,-0.8401489200547154
160.2,-6.576508938170778,4.121270595908372,-0.8382831806193244
160.22,-6.57627192520629,4.1211942078925725,-0.8364174411839332
160.24,-6.561924302629093,4.1040182738336375,-0.786007875507063
160.26,-6.5444535485558255,4.0824998747418055,-0.7232705048998816
160.28,-6.527022448047864,4.060981475649973,-0.6605331342927004
160.3,-6.509244244614181,4.039463076558141,-0.5977957636855191
160.32,-6.505645232493197,4.035822181255043,-0.5868823477877567
160.34,-6.505506333094634,4.035863753627906,-0.5866438024039687
160.36,-6.505286612568086,4.035905326000768,-0.5864052570201808
160.38,-6.504383836565429,4.035946898373631,-0.5861667116363928
160.4,-6.47120126128027,4.030814763164279,-0.5377356762973786
160.42,-6.433283608682885,4.024846818794267,-0.48151917493820395
160.44,-6.39505889623008,4.018878874424256,-0.42530267357902946
160.46,-6.356948265568402,4.012910930054244,-0.36908617221985496
160.48,-6.352216679910149,4.012779476267809,-0.36620306743138104
160.5,-6.351291338292737,4.013349996747467,-0.3697345488364128
160.52,-6.350444459912164,4.013920517227124,-0.3732660302414446
160.54,-6.349470148838192,4.014491037706781,-0.37679751164647635
160.56,-6.322614459542817,4.036178592812918,-0.30870794460821716
160.58,-6.292915210366171,4.059594158671602,-0.23475761425693648
160.6,-6.263583136327117,4.083009724530285,-0.1608072839056558
160.62,-6.234006178670925,4.106425290388969,-0.08685695355437512
160.64,-6.232863860109996,4.107130586300996,-0.08226378514077044
160.66,-6.232651773120281,4.106792620131256,-0.08085673901098427
160.68,-6.232036824115237,4.106454653961517,-0.0794496928811981
160.7,-6.231678318399188,4.1061166877917765,-0.07804264675141193
160.72,-6.223099808327587,4.14103627416931,0.006600752496213224
160.74,-6.2143572445445585,4.1763913181740415,0.09227218410021817
160.76,-6.205449720142218,4.211746362178773,0.17794361570422312
160.78,-6.196698328294774,4.2464262767426595,0.26183193673124266
160.8,-6.19470525574924,4.2471950021003515,0.25615609940068296
160.82,-6.1924006031960825,4.2479637274580435,0.25048026207012325
160.84,-6.190143040437061,4.2487324528157355,0.24480442473956354
160.86,-6.188583786056339,4.24961083071797,0.24253842341504933
160.88,-6.187684658868364,4.2525195212108,0.30340851258332846
160.9,-6.186873648220607,4.255428211703633,0.36427860175160753
160.92,-6.1861845078180115,4.258336902196463,0.4251486909198866
160.94,-6.185422474575087,4.261057952958889,0.4806230437958358
160.96,-6.183869196626652,4.261704848858238,0.4764533508909594
160.98,-6.18217005480556,4.262351744757585,0.47228365798608296
161.0,-6.180434441178687,4.262998640656934,0.4681139650812065
161.02,-6.18159819082874,4.2641626721616674,0.4713441601970232
161.04,-6.2058673364037436,4.269318917187422,0.5317004412032101
161.06,-6.230339597031288,4.274475162213175,0.5920567222093972
161.08,-6.254943595912527,4.279631407238929,0.6524130032155842
161.1,-6.2755301591515495,4.284152288306507,0.7035887061181215
161.12,-6.274682431230516,4.2849686445179485,0.7012365383552481
161.14,-6.273887882840026,4.28578500072939,0.6988843705923746
161.16,-6.273206189495901,4.286601356940831,0.696532202829501
161.18,-6.2749930591070635,4.284320041012044,0.7089980016036584
161.2,-6.289284287951708,4.267745584911055,0.78983619848614
161.22,-6.3036701999985345,4.251171128810067,0.8706743953686217
161.24,-6.317920358754835,4.234596672709079,0.9515125922511032
161.26,-6.328917767508756,4.221631657857815,1.0153915002037195
161.28,-6.327475085394767,4.222258008022489,1.0154101399571667
161.3,-6.326381911176598,4.222884358187163,1.0154287797106136
161.32,-6.324888039263001,4.223510708351838,1.0154474194640608
161.34,-6.325181703063933,4.2144167773703405,0.9008071342960915
161.36,-6.329083714990731,4.174803781847428,0.4261687094339545
161.38,-6.333128831031586,4.135190786324515,-0.04846971542818252
161.4,-6.337068428813512,4.095577790801603,-0.5231081402903195
161.42,-6.339594000439532,4.0668759052125285,-0.8690950671240053
161.44,-6.337912204082262,4.067189128926756,-0.8729685609555522
161.46,-6.336639068272157,4.067502352640985,-0.8768420547870991
161.48,-6.335375648168638,4.067815576355213,-0.8807155486186462
161.5,-6.328606976950484,4.057583018632373,-0.8653077407114618
161.52,-6.3098640515426805,4.023320140274909,-0.8059642732422447
161.54,-6.290474589664504,3.989057261917445,-0.7466208057730279
161.56,-6.271522947868477,3.9547943835599813,-0.6872773383038111
161.58,-6.25813660911883,3.93219931473596,-0.648706245519747
161.6,-6.2572478673343905,3.9325875760436264,-0.6510527168799698
161.62,-6.256527619396102,3.9329758373512935,-0.6533991882401925
161.64,-6.255609226320855,3.9333640986589598,-0.6557456596004152
161.66,-6.242900732716842,3.930573564793228,-0.6344434379009903
161.68,-6.2109280992643425,3.922334169002222,-0.572604328429256
161.7,-6.178401275646226,3.914094773211216,-0.5107652189575219
161.72,-6.145874605983725,3.90585537742021,-0.4489261094857876
161.74,-6.126323350645831,3.9003073952425833,-0.4103718684512529
161.76,-6.124954164056652,3.8987937983085934,-0.40672126658836255
161.78,-6.124040352331721,3.897280201374603,-0.40307066472547204
161.8,-6.1228840873173,3.8957666044406127,-0.3994200628625817
161.82,-6.118996354641801,3.8966650712163506,-0.3646540418308283
161.84,-6.1110547288452235,3.900736469256202,-0.2889574741146281
161.86,-6.103647637502269,3.904807867296054,-0.21326090639842793
161.88,-6.095961573418116,3.9088792653359055,-0.13756433868222773
161.9,-6.091452207508123,3.9106957045050383,-0.09792826497796378
161.92,-6.090748164150098,3.909903116700063,-0.10001481548583918
161.94,-6.08952802000776,3.909110528895087,-0.1021013659937146
161.96,-6.088899741379107,3.908317941090111,-0.10418791650159
161.98,-6.083438831896781,3.920600824469628,-0.06770027329619478
162.0,-6.073076852794898,3.946206088588034,0.008089976147464277
162.02,-6.062331462678442,3.9718113527064407,0.08388022559112336
162.04,-6.051945943340661,3.997416616824847,0.15967047503478243
162.06,-6.045856400896133,4.0094998597418074,0.1945852569704748
162.08,-6.044030049766882,4.00944875801581,0.19281935317179727
162.1,-6.042193877911629,4.009397656289811,0.19105344937311972
162.12,-6.040494758752463,4.0093465545638125,0.1892875455744422
162.14,-6.044087651754229,4.021540692613986,0.22357932631756006
162.16,-6.0516305072940195,4.043404470516538,0.28634460613485957
162.18,-6.059081384448487,4.065268248419091,0.34910988595215914
162.2,-6.06660557911631,4.087132026321644,0.41187516576945865
162.22,-6.069096025200291,4.095939687688174,0.43815570666943715
162.24,-6.0680679671697195,4.095692590547965,0.43913312629546936
162.26,-6.067335533880037,4.095445493407757,0.44011054592150156
162.28,-6.065960130274483,4.0951983962675484,0.4410879655475337
162.3,-6.086652205144247,4.1012048205441864,0.48118045338390397
162.32,-6.120546197804295,4.111008317628831,0.545023201591114
162.34,-6.15454397931749,4.120811814713474,0.608865949798324
162.36,-6.188569535070463,4.130615311798118,0.6727086980055339
162.38,-6.199506099156993,4.133552950528001,0.6954332402158996
162.4,-6.198678364557552,4.132856978897242,0.6963968413171925
162.42,-6.19764363765039,4.132161007266483,0.6973604424184854
162.44,-6.196136087065529,4.131465035635723,0.6983240435197783
162.46,-6.217441157748964,4.115808287014146,0.7489596924519416
162.48,-6.24955050857544,4.093292297221802,0.8223690620088343
162.5,-6.281486238863986,4.070776307429457,0.8957784315657271
162.52,-6.313031188635907,4.048260317637113,0.9691878011226199
162.54,-6.320764063147121,4.041926153063893,0.9892716415374455
162.56,-6.319235317197754,4.04196748085308,0.988345707148579
162.58,-6.317727663636566,4.042008808642266,0.9874197727597125
162.6,-6.316138590648643,4.0420501364314525,0.9864938383708459
162.62,-6.322420319607538,4.0109102206833995,0.6263891679795286
162.64,-6.331443342639088,3.96932577330531,0.1459732705990315
162.66,-6.3400742351338515,3.927741325927222,-0.33444262678146564
162.68,-6.348451636318333,3.886156878549133,-0.814858524161963
162.7,-6.35087967768787,3.8767282483723853,-0.9186525555914051
162.72,-6.35151401117622,3.876326693962064,-0.9167178444438601
162.74,-6.352197629013804,3.875925139551743,-0.9147831332963148
162.76,-6.352167253438231,3.875523585141422,-0.9128484221487697
162.78,-6.347688380815788,3.8713183154384025,-0.8574145737203134
162.8,-6.342419638194859,3.8662354117264077,-0.78963683025358
162.82,-6.3367666160418805,3.861152508014413,-0.7218590867868465
162.84,-6.3311809790641975,3.8560696043024185,-0.6540813433201133
162.86,-6.329800691103595,3.855057551344754,-0.6438987918224008
162.88,-6.3299261739801596,3.854796527211229,-0.6443419428893383
162.9,-6.329298133273251,3.8545355030777033,-0.6447850939562758
162.92,-6.328998026875931,3.8542744789441787,-0.6452282450232133
162.94,-6.305649675644504,3.847833693302614,-0.5902847702524807
162.96,-6.278580485377506,3.8405178717929185,-0.5274987138287706
162.98,-6.251543410258303,3.8332020502832225,-0.4647126574050602
163.0,-6.224427481949411,3.8258862287735265,-0.4019266009813501
163.02,-6.221574468275662,3.824956967965092,-0.3958440390930134
163.04,-6.2209166118317745,3.824677236403604,-0.3955283648657464
163.06,-6.220474805892601,3.824397504842116,-0.3952126906384793
163.08,-6.219872551735575,3.8241177732806273,-0.39489701641121217
163.1,-6.185969010949488,3.843086273199586,-0.32880399481914074
163.12,-6.150319741820327,3.8632963257118824,-0.2584681919467947
163.14,-6.114698006237974,3.8835063782241783,-0.18813238907444865
163.16,-6.079067316125215,3.9037164307364742,-0.11779658620210257
163.18,-6.077498825729665,3.9038032213934954,-0.11499895964677664
163.2,-6.076445901374943,3.9032917073638616,-0.114209377697202
163.22,-6.07596450519454,3.9027801933342277,-0.11341979574762737
163.24,-6.075469682344561,3.9023915762333203,-0.11242033131864844
163.26,-6.06145465334664,3.945051997592612,-0.037902032679515175
163.28,-6.0469350005164735,3.987712418951902,0.03661626595961809
163.3,-6.032416306467436,4.030372840311194,0.11113456459875139
163.32,-6.018799664608826,4.07154396069844,0.1830693608772609
163.34,-6.018312600529458,4.071119780995321,0.18284845592985188
163.36,-6.0177537167224555,4.070695601292202,0.18262755098244285
163.38,-6.017257974883155,4.070271421589083,0.18240664603503384
163.4,-6.017312368806427,4.072509431050496,0.18679238656745048
163.42,-6.032355147885297,4.112246743099506,0.25606682661952335
163.44,-6.047571679143718,4.151984055148516,0.32534126667159624
163.46,-6.0627246101308945,4.191721367197525,0.3946157067236691
163.48,-6.076429169900409,4.227520658284287,0.4570244269848146
163.5,-6.075684227717876,4.2270770842496725,0.456245734398455
163.52,-6.074561687690978,4.226633510215058,0.45546704181209535
163.54,-6.0733399128507335,4.226189936180444,0.45468834922573576
163.56,-6.077030788805865,4.22782655905176,0.4618086161059779
163.58,-6.112468513262993,4.243418107875134,0.5219187678093976
163.6,-6.148090818746168,4.259009656698507,0.5820289195128173
163.62,-6.183595076689592,4.274601205521881,0.6421390712162371
163.64,-6.2131708788830275,4.287896485079608,0.691803675936887
163.66,-6.2121588660883695,4.289265046184522,0.6872145832306031
163.68,-6.210957992392434,4.290633607289436,0.6826254905243192
163.7,-6.21053578425789,4.29200216839435,0.6780363978180354
163.72,-6.210254208844237,4.292371450596251,0.6876812162962812
163.74,-6.212723859690625,4.288566902601155,0.756778834332581
163.76,-6.214625725611165,4.284762354606058,0.8258764523688806
163.78,-6.216660370078024,4.280957806610962,0.8949740704051805
163.8,-6.218479551301733,4.278166881341195,0.9479483242474936
163.82,-6.217785188743981,4.278869563511729,0.9453509105422221
163.84,-6.216818300459343,4.279572245682262,0.9427534968369504
163.86,-6.216086133174686,4.280274927852796,0.9401560831316789
163.88,-6.216276037327671,4.274300844095645,0.8169294689657375
163.9,-6.219845395762865,4.248984243514701,0.3442413992653275
163.92,-6.223287248378081,4.223667642933758,-0.1284466704350824
163.94,-6.227225155147765,4.198351042352813,-0.6011347401354924
163.96,-6.229653616658769,4.180492687432759,-0.9378117549001518
163.98,-6.2291945049724,4.18104326044859,-0.9387774210930835
164.0,-6.228085050756771,4.1815938334644205,-0.9397430872860151
164.02,-6.227256577809686,4.182144406480251,-0.9407087534789468
164.04,-6.220290618852487,4.169120139806838,-0.9190276859353304
164.06,-6.200165398403615,4.1272558071099645,-0.8492331002118134
164.08,-6.179854175914151,4.085391474413093,-0.7794385144882963
164.1,-6.159092931898717,4.043527141716221,-0.7096439287647791
164.12,-6.145594623731277,4.016489344839691,-0.6649747460092899
164.14,-6.144326205444628,4.0167735110818175,-0.6666060168157164
164.16,-6.143736520936676,4.017057677323944,-0.6682372876221429
164.18,-6.142688005035234,4.01734184356607,-0.6698685584285694
164.2,-6.126305718346801,4.010725415341577,-0.6483037042970784
164.22,-6.08517428419803,3.9930153485047954,-0.5894479430543946
164.24,-6.044227346769527,3.9753052816680143,-0.530592181811711
164.26,-6.003280051998306,3.9575952148312323,-0.47173642056902715
164.28,-5.979035377074922,3.9474290224488437,-0.43725222213502146
164.3,-5.978689248169872,3.9478877972216315,-0.43709349609958476
164.32,-5.978390618139395,3.9483465719944193,-0.43693477006414816
164.34,-5.978044511302879,3.9488053467672066,-0.43677604402871156
164.36,-5.9617660665484316,3.956373499681862,-0.40565402223277897
164.38,-5.925848443905195,3.9727394271851817,-0.33621527410900903
164.4,-5.889184665472707,3.9891053546885025,-0.26677652598523915
164.42,-5.852344481345315,4.005471282191823,-0.19733777786146928
164.44,-5.832118391260096,4.013539580224319,-0.1611483303585073
164.46,-5.829799312919888,4.012570018459375,-0.16117434878234418
164.48,-5.828002649545041,4.011600456694429,-0.16120036720618106
164.5,-5.826114402207698,4.010630894929484,-0.1612263856300179
164.52,-5.823529925675467,4.011468336209403,-0.12288669275820631
164.54,-5.820589408500586,4.014039348537945,-0.047740373272820165
164.56,-5.8177713080493785,4.016610360866484,0.027405946212565976
164.58,-5.8148080392770805,4.019181373195026,0.10255226569795213
164.6,-5.8129362946336185,4.020247401976476,0.13598799134035794
164.62,-5.811542761281914,4.0200421543333,0.1341903121311396
164.64,-5.810137448358024,4.0198369066901245,0.1323926329219213
164.66,-5.808533581581123,4.019631659046949,0.130594953712703
164.68,-5.811359564980415,4.033990642047526,0.16951819846448074
164.7,-5.817581622008483,4.05916699833984,0.23868632508095602
164.72,-5.823710144239203,4.084343354632154,0.30785445169743136
164.74,-5.830185436210103,4.109519710924467,0.3770225783139067
164.76,-5.831489402322108,4.119336358903773,0.40329331492181864
164.78,-5.829868946935751,4.119147018257393,0.4016188075348509
164.8,-5.828110358883836,4.1189576776110135,0.39994430014788307
164.82,-5.826511302146887,4.118768336964634,0.39826979276091534
164.84,-5.838202613199979,4.12555456329331,0.4386522273900187
164.86,-5.857072899645046,4.136311565462287,0.5029751803843745
164.88,-5.875994475039275,4.147068567631265,0.5672981333787303
164.9,-5.895248936562239,4.1578255698002415,0.631621086373086
164.92,-5.900607733294171,4.1614798708035385,0.6531639225669498
164.94,-5.898759269289788,4.16161952211148,0.6535377526358488
164.96,-5.897613034560025,4.161759173419422,0.6539115827047477
164.98,-5.8962124341407955,4.161898824727364,0.6542854127736466
165.0,-5.916916650814544,4.152293002881785,0.7017820328194556
165.02,-5.947197091343853,4.138524285945663,0.7694077146314112
165.04,-5.977357204032051,4.124755569009542,0.8370333964433668
165.06,-6.0073097343176505,4.11098685207342,0.9046590782553223
165.08,-6.014980028382662,4.107268842918809,0.9227219234751565
165.1,-6.013450480591636,4.107222885802086,0.9226768583798154
165.12,-6.011706408462538,4.107176928685362,0.9226317932844746
165.14,-6.010605632278959,4.1071309715686395,0.9225867281891336
165.16,-6.021712192185006,4.076391886920613,0.5559372338346232
165.18,-6.036587145050076,4.036178606440688,0.07612618068817167
165.2,-6.051899117984587,3.995965325960766,-0.4036848724582801
165.22,-6.067190105939682,3.955752045480842,-0.883495925604732
165.24,-6.069205511004135,3.947631914458221,-0.9819905223502873
165.26,-6.068020978898184,3.9477441600465375,-0.9826717000290566
165.28,-6.066551865147455,3.947856405634854,-0.9833528777078258
165.3,-6.065035850747904,3.94796865122317,-0.984034055386595
165.32,-6.053332306726626,3.9195233348468257,-0.9263971428529191
165.34,-6.039909296991629,3.8851279416778413,-0.8566094341275523
165.36,-6.025928997931946,3.850732548508857,-0.7868217254021858
165.38,-6.0122694810497945,3.816337155339872,-0.717034016676819
165.4,-6.010154278768888,3.8109852061572735,-0.7073707159279387
165.42,-6.009963874900905,3.8103890693832274,-0.7075526802807263
165.44,-6.009687369710843,3.8097929326091813,-0.7077346446335141
165.46,-6.009855216259788,3.809196795835135,-0.7079166089863017
165.48,-6.001935391439017,3.807239492818638,-0.6498720518766002
165.5,-5.993534337780075,3.805115693885674,-0.5847053095765713
165.52,-5.9851051296421245,3.8029918949527097,-0.5195385672765424
165.54,-5.97655970255463,3.8008680960197463,-0.45437182497651324
165.56,-5.97527006858943,3.7996183561792747,-0.44827485657905003
165.58,-5.974870919876652,3.7984418077127886,-0.447124233285817
165.6,-5.974243521649841,3.797265259246303,-0.4459736099925839
165.62,-5.973319291429756,3.796088710779818,-0.44482298669935083
165.64,-5.940282226108519,3.8069651546462056,-0.38138254536062344
165.66,-5.905500813747446,3.8184167732638827,-0.31496960311816474
165.68,-5.871267460524707,3.829868391881559,-0.24855666087570613
165.7,-5.836222505921095,3.8413200104992358,-0.18214371863324746
165.72,-5.835086443978147,3.8410449891184197,-0.1828822190326537
165.74,-5.834527450144751,3.840605552991228,-0.184562224194899
165.76,-5.834198186426329,3.840166116864037,-0.18624222935714432
165.78,-5.833548213636426,3.8401096240752217,-0.18659768491984632
165.8,-5.821631452631309,3.861071498608739,-0.11425342950736088
165.82,-5.8097371208549635,3.882033373142256,-0.0419091740948755
165.84,-5.798087793072523,3.902995247675773,0.030435081317609903
165.86,-5.787023082199597,3.9228845695773646,0.09915746824205972
165.88,-5.786603548504162,3.9222283545871783,0.09850029240835201
165.9,-5.786483777380782,3.9215721395969925,0.09784311657464431
165.92,-5.785677344997712,3.9209159246068066,0.0971859407409366
165.94,-5.786192790788592,3.923835484009584,0.1023397189178169
165.96,-5.795918727261057,3.96714341518107,0.1731282226446037
165.98,-5.805188450200883,4.010451346352557,0.24391672637139047
166.0,-5.81482809600751,4.053759277524044,0.31470523009817725
166.02,-5.823058949907191,4.09212605641709,0.37754629000886314
166.04,-5.821938128501934,4.091727896032133,0.3780370802687395
166.06,-5.821500844966839,4.091329735647174,0.37852787052861586
166.08,-5.8205487484408795,4.090931575262216,0.3790186607884921
166.1,-5.825369296776905,4.094324388901719,0.38887956274597885
166.12,-5.86325668279978,4.120111636174437,0.4540925571192925
166.14,-5.9008244417296245,4.145898883447154,0.519305551492606
166.16,-5.938308496170307,4.1716861307198725,0.5845185458659197
166.18,-5.969162034446528,4.19282796959935,0.6386643960112014
166.2,-5.967664717283227,4.192294803878975,0.641172073202984
166.22,-5.965575801610179,4.191761638158601,0.6436797503947665
166.24,-5.963861374000762,4.191228472438226,0.6461874275865492
166.26,-5.970704335218118,4.188492911385073,0.6614255893816343
166.28,-6.010293796654736,4.177382225892621,0.7250744025881192
166.3,-6.04955188763936,4.166271540400168,0.788723215794604
166.32,-6.088761775159947,4.155160854907716,0.8523720290010889
166.34,-6.118805320556941,4.146963095214695,0.8999879747506092
166.36,-6.118662807671396,4.147992891994779,0.8968150573187336
166.38,-6.1179953670316465,4.1490226887748625,0.8936421398868579
166.4,-6.118738366866622,4.150052485554946,0.8904692224549823
166.42,-6.1207605259479125,4.1459370738495025,0.7578716734136675
166.44,-6.1264885704639696,4.12802664957281,0.2782688620775827
166.46,-6.132777944131508,4.110116225296118,-0.20133394925850207
166.48,-6.138705194459889,4.092205801019426,-0.6809367605945867
166.5,-6.143107449459837,4.079822803135769,-1.0153403300472041
166.52,-6.143128145506054,4.08013213958357,-1.0163306269174857
166.54,-6.142952026702947,4.080441476031373,-1.0173209237877672
166.56,-6.143262019565032,4.080750812479176,-1.0183112206580487
166.58,-6.139510695825794,4.072332430287222,-0.9936574873037309
166.6,-6.12914364948937,4.046596305405966,-0.9181202716470233
166.62,-6.119259179195185,4.020860180524711,-0.8425830559903155
166.64,-6.10915848456865,3.9951240556434553,-0.7670458403336077
166.66,-6.102224895154682,3.978954235704874,-0.7193518543269912
166.68,-6.101711513122791,3.979297427734993,-0.7197198512086839
166.7,-6.100914649569921,3.979640619765111,-0.7200878480903764
166.72,-6.099640271063322,3.9799838117952295,-0.7204558449720688
166.74,-6.084064142054901,3.97118605684801,-0.6956052099154671
166.76,-6.046318721211907,3.9485929339625416,-0.6326950272703536
166.78,-6.009363380020965,3.925999811077074,-0.56978484462524
166.8,-5.972351538634033,3.903406688191606,-0.5068746619801265
166.82,-5.95113471675925,3.890622198840985,-0.4716046173857528
166.84,-5.95058521251148,3.89082626864193,-0.47293554954864436
166.86,-5.9504798245692,3.891030338442875,-0.47426648171153585
166.88,-5.950022840620626,3.89123440824382,-0.4755974138744274
166.9,-5.9313695073344705,3.8957196145212363,-0.44745883580893925
166.92,-5.890978588179604,3.905190686607084,-0.3849996925742632
166.94,-5.849859781346055,3.9146617586929313,-0.3225405493395872
166.96,-5.808796711920196,3.9241328307787793,-0.2600814061049112
166.98,-5.787935883028634,3.9291975465840907,-0.23047426828217815
167.0,-5.78791907536782,3.9297433879501367,-0.2345580256306743
167.02,-5.7874751258209045,3.9302892293161826,-0.23864178297917044
167.04,-5.787521875455228,3.930835070682229,-0.24272554032766663
167.06,-5.774729930249104,3.950662062584653,-0.20399493349535566
167.08,-5.751052409235623,3.9879047686325957,-0.12659221907858123
167.1,-5.727069484207202,4.025147474680537,-0.049189504661806834
167.12,-5.703255953033086,4.06239018072848,0.028213209754967595
167.14,-5.692363038547792,4.078579003566749,0.06369665207117639
167.16,-5.691683464666049,4.078032294422999,0.06585886276871744
167.18,-5.69088501098333,4.077485585279249,0.0680210734662585
167.2,-5.6902756383901085,4.0769388761355,0.07018328416379956
167.22,-5.693249226903389,4.104113808171255,0.11527729828470175
167.24,-5.698896151150078,4.150644112605132,0.19034648730962345
167.26,-5.703986983742613,4.197174417039008,0.26541567633454505
167.28,-5.709457121887091,4.243704721472884,0.34048486535946676
167.3,-5.710353786679894,4.261842677248691,0.366878219895552
167.32,-5.708293341639716,4.262621484074269,0.3635110543934964
167.34,-5.706395899596029,4.263400290899847,0.3601438888914408
167.36,-5.704673317233519,4.264179097725425,0.3567767233893851
167.38,-5.718909795453868,4.2779499435051145,0.39528429570573675
167.4,-5.741692931840166,4.29864609683205,0.4561128785175915
167.42,-5.764199962545035,4.319342250158986,0.5169414613294463
167.44,-5.786852824718144,4.340038403485921,0.5777700441413011
167.46,-5.793453058004414,4.346843682854212,0.5953877677022852
167.48,-5.7923272105680725,4.347232072171455,0.5930442322633127
167.5,-5.791100597390066,4.347620461488697,0.5907006968243403
167.52,-5.789250512898367,4.348008850805939,0.5883571613853679
167.54,-5.803137696161644,4.344820164554459,0.6337517471351543
167.56,-5.8224846836408535,4.340210810221988,0.6981059616980329
167.58,-5.842030426078197,4.335601455889519,0.7624601762609113
167.6,-5.861230521778633,4.330992101557047,0.8268143908237898
167.62,-5.865744895598854,4.330237874863306,0.8424541325055636
167.64,-5.865408460589962,4.330786169531727,0.8416348493455449
167.66,-5.864684819445453,4.331334464200148,0.8408155661855264
167.68,-5.863989749528397,4.331882758868569,0.8399962830255078
167.7,-5.877939385299151,4.304025580645759,0.4694626590443768
167.72,-5.89653276570451,4.268118208383316,-0.005849089710167082
167.74,-5.915224355869622,4.232210836120873,-0.4811608384647109
167.76,-5.933461572632146,4.196303463858431,-0.956472587219255
167.78,-5.9363446034450265,4.189687573071003,-1.0450041144685325
167.8,-5.935578442376064,4.189902444011727,-1.043338649240051
167.82,-5.935044107690971,4.1901173149524515,-1.0416731840115696
167.84,-5.9342453538580235,4.190332185893175,-1.040007718783088
167.86,-5.926160808215022,4.149128736543468,-0.9785875755011871
167.88,-5.916728965920579,4.100189336444518,-0.9060066887797473
167.9,-5.907181865777327,4.051249936345567,-0.8334258020583076
167.92,-5.898227633900032,4.002310536246616,-0.7608449153368677
167.94,-5.896307281223249,3.996362786394818,-0.7550090819677336
167.96,-5.89580042451668,3.996593836508772,-0.7587659097548135
167.98,-5.894795595548509,3.996824886622726,-0.7625227375418934
168.0,-5.894122713800476,3.9970559367366807,-0.7662795653289733
168.02,-5.851197190596843,3.9637501778593234,-0.7138412199628654
168.04,-5.803892122370592,3.926967308175392,-0.6555765348308343
168.06,-5.7564423139347705,3.890184438491461,-0.5973118496988034
168.08,-5.709461875493109,3.8534015688075294,-0.5390471645667724
168.1,-5.706004232135181,3.8505208018080177,-0.535350161599068
168.12,-5.7057829845607735,3.8498893937463814,-0.5352736509866033
168.14,-5.7054467663434165,3.849257985684746,-0.5351971403741386
168.16,-5.705029493442492,3.8486265776231097,-0.535120629761674
168.18,-5.6381678180577826,3.8741568082701394,-0.47673324855007265
168.2,-5.569450403611503,3.9005100770476844,-0.4165114230033488
168.22,-5.5000917857731375,3.9268633458252302,-0.35628959745662503
168.24,-5.431327975812051,3.9531856134217955,-0.29614770632799964
168.26,-5.431451232085857,3.9541282475107478,-0.3014454588472844
168.28,-5.4317926431981824,3.9550708815997,-0.3067432113665692
168.3,-5.431751072735173,3.9560135156886527,-0.312040963885854
168.32,-5.433503506343019,3.9597029745730423,-0.3137765015686103
168.34,-5.482674915719163,4.044033783625434,-0.21093244812373124
168.36,-5.532058399139746,4.1283645926778245,-0.10808839467885223
168.38,-5.581409024907135,4.212695401730215,-0.005244341233973171
168.4,-5.627675654695995,4.2915630547481385,0.09079047449744702
168.42,-5.627828095470042,4.291403922361848,0.08832688305309432
168.44,-5.626902078258073,4.291244789975559,0.08586329160874162
168.46,-5.625683526139524,4.291085657589269,0.08339970016438893
168.48,-5.622006459799626,4.282554033238987,0.08867910461027258
168.5,-5.586974892782911,4.195525880854478,0.16655317938619293
168.52,-5.552334168455182,4.108497728469969,0.24442725416211328
168.54,-5.517743761356596,4.02146957608546,0.32230132893803365
168.56,-5.48732220094945,3.945359312219019,0.3987371152809513
168.58,-5.4868003359174695,3.9435600102027166,0.46538340828937613
168.6,-5.48659140775357,3.9417607081864143,0.5320297012978009
168.62,-5.486551445507773,3.939961406170112,0.5986759943062259
168.64,-5.476295512866911,3.932638329399,0.668435445536313
168.66,-5.414839251858394,3.896276782797267,0.7545607616161519
168.68,-5.353658810769052,3.8599152361955342,0.8406860776959907
168.7,-5.291998901115041,3.823553689593801,0.9268113937758297
168.72,-5.241856750258245,3.7941057272947796,0.9979700183600609
168.74,-5.239454329919848,3.7938386685920253,1.0059571297948726
168.76,-5.237126641056488,3.7935716098892707,1.0139442412296844
168.78,-5.235065034473466,3.7933045511865173,1.0219313526644962
168.8,-5.235457753541621,3.792032196066186,1.0305712558673952
168.82,-5.244432444009167,3.7872623616060106,1.0414822561140993
168.84,-5.253436435108445,3.782492527145836,1.0523932563608034
168.86,-5.262883562762688,3.777722692685661,1.0633042566075075
168.88,-5.269218940878498,3.774142565980124,0.9327227762041828
168.9,-5.267473099897441,3.7740385869723476,0.38872147993037787
168.92,-5.26569965431324,3.7739346079645717,-0.1552798163434271
168.94,-5.263980554269722,3.7738306289567953,-0.699281112617232
168.96,-5.284822498932973,3.763924313778675,-1.0069464601620597
168.98,-5.363555991764957,3.7296303423695907,-0.7266213763994291
169.0,-5.442247046281825,3.695336370960506,-0.4462962926367985
169.02,-5.520974552566248,3.6610423995514214,-0.1659712088741679
169.04,-5.574412760723642,3.637609764454313,0.022000370673565032
169.06,-5.574121754688675,3.6374256602114756,0.012290630854314045
169.08,-5.57384971495639,3.6372415559686373,0.002580891035063051
169.1,-5.573490282789446,3.6370574517258,-0.0071288487841879395
169.12,-5.57016490120785,3.6329839080289807,-0.015758578110024336
169.14,-5.561548655919728,3.621691636983192,-0.022383828029965115
169.16,-5.552812207735893,3.6103993659374045,-0.029009077949905905
169.18,-5.543385878234848,3.599107094891616,-0.03563432786984669
169.2,-5.538162737545142,3.5921088207949787,-0.041614629133518696
169.22,-5.538596027998823,3.592061425678878,-0.046550924052642426
169.24,-5.539312860581751,3.5920140305627775,-0.05148721897176615
169.26,-5.53964535451897,3.591966635446677,-0.05642351389088988
169.28,-5.528322137364015,3.5620200914149924,-0.02508170427234091
169.3,-5.499913330219183,3.4896796705531066,0.05769867638197674
169.32,-5.471333684143767,3.4173392496912216,0.14047905703629443
169.34,-5.442802691830882,3.344998828829336,0.22325943769061207
169.36,-5.426748307784019,3.3045421703342925,0.2700791929896788
169.38,-5.426033240341455,3.3038019062395785,0.27210416017500105
169.4,-5.425248492870848,3.303061642144865,0.27412912736032335
169.42,-5.42379358553317,3.302321378050151,0.2761540945456456
169.44,-5.447207544663655,3.33099236563286,0.3246380947606602
169.46,-5.49711767839246,3.391907913878185,0.4240567211276903
169.48,-5.546833911598863,3.45282346212351,0.5234753474947204
169.5,-5.596565311988185,3.513739010368835,0.6228939738617504
169.52,-5.620668267773685,3.543301824932281,0.6828692418478485
169.54,-5.619524286354181,3.5425895777149554,0.7047569183677509
169.56,-5.617687828292033,3.5418773304976297,0.7266445948876534
169.58,-5.616688275851918,3.541165083280304,0.7485322714075558
169.6,-5.655671017247105,3.5727011469342123,0.7849531538276439
169.62,-5.729739396467677,3.63165676761181,0.8337310886685031
169.64,-5.803940479815192,3.690612388289409,0.8825090235093624
169.66,-5.877972548270261,3.749568008967007,0.9312869583502219
169.68,-5.90792951976843,3.774445360844964,0.9569958087586298
169.7,-5.905919075391783,3.773842727806575,0.9654561326403912
169.72,-5.9035639401227895,3.7732400947681857,0.9739164565221526
169.74,-5.901461775565086,3.7726374617297966,0.982376780403914
169.76,-5.9404994259763955,3.805450426013199,0.9908681041660049
169.78,-6.006361900885552,3.8601804218060005,0.9993797605095374
169.8,-6.072818147661913,3.914910417598801,1.00789141685307
169.82,-6.139185853684774,3.969640413391603,1.0164030731966023
169.84,-6.16175882004387,3.9892790485610856,1.0238475692582183
169.86,-6.159035703136342,3.988801331127572,1.0306803086898937
169.88,-6.1562011796942615,3.9883236136940594,1.037513048121569
169.9,-6.153649021738818,3.987845896260546,1.0443457875532445
169.92,-6.187654818731173,3.9528993092324565,0.9918136742129806
169.94,-6.240505717057916,3.9007707993960605,0.9096895745426975
169.96,-6.292709229474384,3.8486422895596646,0.8275654748724144
169.98,-6.344641182989491,3.7965137797232686,0.7454413752021313
170.0,-6.35998343284045,3.780434407550207,0.7194315325838947
170.02,-6.359136971688738,3.7798735704969215,0.7175779146419569
170.04,-6.358692797259605,3.7793127334436365,0.7157242967000192
170.06,-6.3578379348138965,3.778751896390351,0.7138706787580814
170.08,-6.4211499889836565,3.7624862716703364,0.5985456083530436
170.1,-6.507970433099489,3.740435132517729,0.44141858940569095
170.12,-6.594720265102645,3.718383993365121,0.2842915704583383
170.14,-6.681309656288012,3.6963328542125136,0.12716455151098563
170.16,-6.7024634373240675,3.6909116193898974,0.0816352401993917
170.18,-6.7028995293433535,3.6906700454359447,0.07086489489284818
170.2,-6.7037419455266125,3.690428471481992,0.060094549586304655
170.22,-6.704166851611617,3.690186897528039,0.04932420427976113
170.24,-6.714426656047404,3.677486409941632,0.026275129584232768
170.26,-6.727674166633499,3.661557960093048,4.4776306607938765e-05
170.28,-6.740910498117477,3.645629510244464,-0.02618557697101688
170.3,-6.754540931569455,3.62970106039588,-0.05241593024864171
170.32,-6.756251478117854,3.6269658248702137,-0.061204484072917224
170.34,-6.755456165894693,3.6270108432737467,-0.06631746420638594
170.36,-6.754817300732915,3.6270558616772797,-0.07143044433985465
170.38,-6.754182051638285,3.627100880080813,-0.0765434244733234
170.4,-6.69219009332073,3.5895681114088647,-0.2670396387411834
170.42,-6.619776870729744,3.5457991049576507,-0.48830120718036063
170.44,-6.5479359176965115,3.502030098506436,-0.7095627756195378
170.46,-6.476024290589443,3.458261092055221,-0.930824344058715
170.48,-6.466764329380563,3.4533935269044505,-0.9432147629987747
170.5,-6.465299837650549,3.453364183991331,-0.9296276087043227
170.52,-6.4641041324829125,3.4533348410782114,-0.9160404544098706
170.54,-6.462495305221152,3.453305498165092,-0.9024533001154186
170.56,-6.543160725498774,3.4893865098338277,-0.9364252148171682
170.58,-6.631061647370412,3.5285604172150884,-0.9744706215212359
170.6,-6.718657540448287,3.567734324596349,-1.0125160282253036
170.62,-6.806606608981644,3.6069082319776107,-1.0505614349293713
170.64,-6.809222809889415,3.608538167483347,-1.0497740437142342
170.66,-6.807390247322804,3.6083093318676105,-1.0470640726618468
170.68,-6.805165326784474,3.608080496251875,-1.0443541016094593
170.7,-6.803380998667395,3.6078516606361384,-1.0416441305570718
170.72,-6.878683986975761,3.664234772256277,-0.5133056697204902
170.74,-6.955818120266296,3.7215064646261014,0.02328305241805602
170.76,-7.032719639832308,3.778778156995926,0.5598717745566021
170.78,-7.108326911862371,3.835114351602203,1.0787892940939234
170.8,-7.105715932599105,3.8348763189582913,0.5290408363295207
170.82,-7.102858086322508,3.8346382863143798,-0.020707621434881713
170.84,-7.100119500751451,3.834400253670468,-0.5704560791992843
170.86,-7.098773659073289,3.8378138420824004,-1.0686651513220062
170.88,-7.137308840398876,3.9136718787301192,-0.5443852252372896
170.9,-7.175139422053261,3.989529915377838,-0.020105299152573104
170.92,-7.213484900275156,4.065387952025557,0.5041746269321432
170.94,-7.248268867566518,4.135140512815004,0.9866344600266596
170.96,-7.246973735998501,4.134399747750856,0.9862429133402284
170.98,-7.245032709044722,4.133658982686709,0.9858513666537974
171.0,-7.2431077474595025,4.132918217622561,0.9854598199673664
171.02,-7.237444842938162,4.142711466400549,0.9729555556268383
171.04,-7.2035941086716955,4.236507708773564,0.8638589990448126
171.06,-7.169721751441443,4.33030395114658,0.7547624424627869
171.08,-7.135957507269136,4.424100193519595,0.6456658858807611
171.1,-7.106931386375968,4.504284845341274,0.5499152846785282
171.12,-7.105885154764457,4.502993300311302,0.5340508425255412
171.14,-7.105137546518273,4.501701755281331,0.5181864003725543
171.16,-7.1043260341085235,4.500410210251361,0.5023219582195674
171.18,-7.091994939816525,4.5121845502745455,0.47923160750754545
171.2,-7.024587966430657,4.585611636281191,0.42204505105994106
171.22,-6.957601089058982,4.659038722287837,0.3648584946123367
171.24,-6.8905312000824015,4.732465808294483,0.30767193816473243
171.26,-6.837304640150772,4.790521804826119,0.26046438761854096
171.28,-6.837285876186654,4.789544345519715,0.25158171997321843
171.3,-6.837546254873084,4.788566886213313,0.24269905232789585
171.32,-6.837935116758147,4.7875894269069095,0.23381638468257335
171.34,-6.826848702492153,4.786746412491427,0.22434081858893307
171.36,-6.781535140628205,4.786333116984977,0.21297020335928254
171.38,-6.736237707895082,4.785919821478528,0.20159958812963202
171.4,-6.690802273901638,4.785506525972078,0.19022897289998147
171.42,-6.657693518464502,4.785143344453796,0.17602200389665554
171.44,-6.6574559039312415,4.784915636743888,0.1541474821467156
171.46,-6.6569737408347915,4.784687929033979,0.13227296039677564
171.48,-6.656803528639185,4.78446022132407,0.11039843864683566
171.5,-6.627079878487974,4.786596068383856,0.019994778802070963
171.52,-6.529807961581798,4.794201219405316,-0.22898641488196447
171.54,-6.432363082160198,4.8018063704267755,-0.4779676085659999
171.56,-6.334861256790936,4.809411521448236,-0.7269488022500353
171.58,-6.268763288619627,4.814716988128274,-0.8897931062290263
171.6,-6.267045800380951,4.8154258906185605,-0.8804686757850108
171.62,-6.264781110803046,4.816134793108847,-0.871144245340995
171.64,-6.263054533975545,4.8168436955991325,-0.8618198148969793
171.66,-6.2462928528281445,4.800063649682697,-0.869382392381223
171.68,-6.203912795123855,4.752882436212908,-0.9062997798610469
171.7,-6.1620898921854845,4.705701222743119,-0.943217167340871
171.72,-6.119773759820126,4.658520009273331,-0.9801345548206949
171.74,-6.093629456565216,4.6302222989645685,-0.9988074187774069
171.76,-6.091173614915122,4.6306174525777175,-0.9897583274218653
171.78,-6.088600032840896,4.631012606190866,-0.9807092360663235
171.8,-6.086545098648631,4.631407759804014,-0.971660144710782
171.82,-6.08697828847921,4.655552810482418,-0.7449434037847598
171.84,-6.091287339105385,4.711356879544832,-0.22807196869640256
171.86,-6.0952768593377105,4.7671609486072475,0.28879946639195453
171.88,-6.09935487397897,4.822965017669662,0.8056709014803114
171.9,-6.101403201592029,4.852898447350784,0.832308876173643
171.92,-6.100333987069685,4.852504722916185,0.2842650470289842
171.94,-6.09971532164203,4.852110998481587,-0.2637787821156747
171.96,-6.098898071008468,4.8517172740469885,-0.8118226112603335
171.98,-6.082960790879953,4.885435691977651,-0.9236046613136785
172.0,-6.051895033394429,4.954365734548138,-0.5850636022060957
172.02,-6.020908027407207,5.023295777118625,-0.24652254309851276
172.04,-5.989767926041284,5.092225819689111,0.09201851600906995
172.06,-5.974570564682022,5.124711254045191,0.24703755825277376
172.08,-5.974581834526342,5.1240626540696335,0.23520545007101767
172.1,-5.974739641712317,5.123414054094075,0.22337334188926153
172.12,-5.974362071307004,5.122765454118518,0.21154123370750538
172.14,-5.949774713364477,5.172320748765524,0.21178558038352013
172.16,-5.905888754967101,5.262046509607622,0.22169285909434555
172.18,-5.861806079298764,5.35177227044972,0.23160013780517097
172.2,-5.817661531090254,5.441498031291817,0.2415074165159964
172.22,-5.799272943272093,5.477909820834776,0.24305713945512042
172.24,-5.798788355598649,5.476846762130788,0.23873226467383485
172.26,-5.798470766452433,5.4757837034268,0.23440738989254933
172.28,-5.7983997190609715,5.4747206447228125,0.23008251511126376
172.3,-5.78504192988272,5.528127806442976,0.2346060360386903
172.32,-5.761891197291703,5.615068868647717,0.24457695958049186
172.34,-5.739268364869323,5.702009930852459,0.25454788312229343
172.36,-5.716721051089982,5.788950993057201,0.26451880666409494
172.38,-5.708509638109327,5.818936458958405,0.26797847271184133
172.4,-5.708003411824755,5.818343889094131,0.26794240739246467
172.42,-5.707033539970795,5.817751319229857,0.26790634207308794
172.44,-5.7061324123066814,5.817158749365584,0.2678702767537113
172.46,-5.638744147522842,5.807053812200893,0.3512950677438265
172.48,-5.540401622106943,5.792521485964915,0.47356546587200077
172.5,-5.4424025753228165,5.7779891597289375,0.5958358640001749
172.52,-5.3440738958594665,5.76345683349296,0.7181062621283492
172.54,-5.3146039951854664,5.759216078871945,0.7548667201021166
172.56,-5.31321741606155,5.759095469379251,0.7573939844946334
172.58,-5.311915702911849,5.758974859886558,0.7599212488871497
172.6,-5.310114827372733,5.758854250393864,0.7624485132796665
172.62,-5.270596436924668,5.783121145642158,0.42750157786676424
172.64,-5.218681255029346,5.815698940815822,-0.02245155976998316
172.66,-5.1669637524844925,5.8482767359894865,-0.4724046974067305
172.68,-5.114892145562516,5.88085453116315,-0.9223578350434778
172.7,-5.102065254078398,5.8883737485328345,-1.0189576063341828
172.72,-5.101159266294434,5.888724010850863,-1.0144672670646944
172.74,-5.099824361812179,5.889074273168893,-1.0099769277952062
172.76,-5.098520523415882,5.889424535486922,-1.0054865885257178
172.78,-5.140270074041791,5.881021258529992,-0.936643920786807
172.8,-5.192533243036795,5.870554961512775,-0.8526347997553121
172.82,-5.244115100165255,5.860088664495559,-0.768625678723817
172.84,-5.295562479176919,5.849622367478342,-0.6846165576923221
172.86,-5.303789402826211,5.848189098800645,-0.6655672963200941
172.88,-5.303407912318053,5.848463718943429,-0.6588000973882902
172.9,-5.302231149525107,5.848738339086213,-0.6520328984564862
172.92,-5.30206669611307,5.849012959228998,-0.6452656995246822
172.94,-5.2323574733983,5.855454459261983,-0.5556628846727358
172.96,-5.152182737124295,5.862795415681562,-0.453978267498813
172.98,-5.071969643419588,5.87013637210114,-0.35229365032489013
173.0,-4.9920536231806585,5.877477328520719,-0.25060903315096733
173.02,-4.984312953119645,5.878110365664931,-0.23792007973885826
173.04,-4.9837793058800814,5.87803460738211,-0.2346348947548643
173.06,-4.983397218060217,5.877958849099291,-0.23134970977087038
173.08,-4.982755935814603,5.8778830908164705,-0.22806452478687647
173.1,-4.907762021351435,5.9418357255954595,-0.16334770416351577
173.12,-4.82728249189502,6.010155196912556,-0.09444114991921726
173.14,-4.747140919978232,6.078474668229652,-0.025534595674918708
173.16,-4.666641886467105,6.146794139546748,0.04337195856937981
173.18,-4.664443915704864,6.148334537157865,0.04713486447874164
173.2,-4.66427850158869,6.147658318456908,0.04873543920388991
173.22,-4.664089584760164,6.146982099755949,0.050336013929038186
173.24,-4.66375209939023,6.14630588105499,0.05193658865418645
173.26,-4.612389540754166,6.232958389689051,0.0822997966361259
173.28,-4.561025728505931,6.319646426690654,0.11267470625894653
173.3,-4.509522146229183,6.406334463692259,0.14304961588176715
173.32,-4.459119862791432,6.490285977502879,0.17254658317643853
173.34,-4.457960721023525,6.489582968703799,0.1748843475404758
173.36,-4.4572872610541,6.48887995990472,0.17722211190451304
173.38,-4.45634724345149,6.48817695110564,0.1795598762685503
173.4,-4.457073093435503,6.493976152738593,0.18629428749851254
173.42,-4.482882558167434,6.59642756621252,0.2583827269804543
173.44,-4.508474889965588,6.698878979686447,0.3304711664623961
173.46,-4.534535068103434,6.801330393160374,0.4025596059443379
173.48,-4.557821790062898,6.8939828627637585,0.4682544416490328
173.5,-4.556640432443094,6.893019671182894,0.4728670369751069
173.52,-4.555250389133283,6.89205647960203,0.47747963230118096
173.54,-4.553670176094852,6.891093288021166,0.48209222762725507
173.56,-4.5634139453596125,6.898081409473276,0.4957559437009657
173.58,-4.649921726572013,6.959987281391122,0.5719335098259322
173.6,-4.736131111412856,7.021893153308968,0.6481110759508987
173.62,-4.822134905442163,7.0837990252268135,0.7242886420758651
173.64,-4.895000027616248,7.135820183376352,0.7894909147803608
173.66,-4.892727224846257,7.135241450779453,0.796289955144653
173.68,-4.890855915159761,7.134662718182552,0.8030889955089453
173.7,-4.889075004182366,7.134083985585653,0.8098880358732377
173.72,-4.880241634465331,7.135507648556547,0.8255027710912088
173.74,-4.84044498875755,7.145472579131421,0.8787210697964898
173.76,-4.801002968467821,7.155437509706294,0.9319393685017707
173.78,-4.761421290995869,7.165402440281167,0.9851576672070519
173.8,-4.730352272099148,7.173158613185771,1.0279698766134517
173.82,-4.7281066819158015,7.173157791263038,1.0342366641518352
173.84,-4.7262816521520605,7.173156969340304,1.0405034516902187
173.86,-4.7242099359141925,7.17315614741757,1.0467702392286025
173.88,-4.741221710052913,7.175313028367736,0.9393803820664656
173.9,-4.813607388520398,7.18382872548907,0.49704092671826594
173.92,-4.886484196839717,7.192344422610404,0.05470147137006627
173.94,-4.9588819339735295,7.200860119731738,-0.38763798397813326
173.96,-5.010517922428271,7.207035002098422,-0.7014603114785766
173.98,-5.009877912395271,7.20733948169951,-0.6929814824072849
174.0,-5.0092222905470996,7.207643961300598,-0.6845026533359931
174.02,-5.008543590853557,7.207948440901686,-0.6760238242647014
174.04,-5.033014585816091,7.190373956391466,-0.6233529225593853
174.06,-5.111209310644056,7.134241500498689,-0.47537690914009123
174.08,-5.189497914197038,7.078109044605914,-0.327400895720797
174.1,-5.26768823850715,7.021976588713137,-0.17942488230150289
174.12,-5.318558689900615,6.9853627311735345,-0.08372866236004745
174.14,-5.318265399672369,6.985235215012868,-0.08575966429888936
174.16,-5.31842052559547,6.985107698852202,-0.08779066623773125
174.18,-5.318478692124926,6.984980182691536,-0.08982166817657315
174.2,-5.2867647892317855,7.00090141970646,-0.08420907151048282
174.22,-5.204406426624467,7.042981266175542,-0.06613781786692137
174.24,-5.121803526605048,7.085061112644626,-0.048066564223359934
174.26,-5.039069072192001,7.127140959113708,-0.02999531057979848
174.28,-4.990890730417041,7.151766732361819,-0.020060014400649303
174.3,-4.991221422977359,7.151477806816711,-0.021738335687979605
174.32,-4.991311479255877,7.151188881271603,-0.023416656975309907
174.34,-4.991861224133507,7.150899955726493,-0.025094978262640212
174.36,-4.979170421403322,7.1823181263561775,-0.005311184133586398
174.38,-4.950145807932611,7.253493682473555,0.041383860123410436
174.4,-4.921576807871604,7.324669238590932,0.08807890438040727
174.42,-4.892768592595369,7.395844794708308,0.1347739486374041
174.44,-4.877347778668039,7.432845401307358,0.1604801870465829
174.46,-4.876941681305875,7.43213370262094,0.16302512558944382
174.48,-4.876651624503219,7.431422003934524,0.16557006413230474
174.5,-4.876376672169801,7.430710305248108,0.16811500267516566
174.52,-4.885125212259739,7.470679542372105,0.2217868487944964
174.54,-4.9017167635129075,7.550187908768142,0.3251506050843946
174.56,-4.918953899094837,7.6296962751641795,0.4285143613742929
174.58,-4.935734849281848,7.709204641560217,0.531878117664191
174.6,-4.942783923950424,7.7454329613174995,0.586611739030949
174.62,-4.941459080692205,7.7446200939892735,0.5997253053012633
174.64,-4.940695703761682,7.743807226661047,0.6128388715715777
174.66,-4.939308984874696,7.742994359332821,0.625952437841892
174.68,-4.968510330773253,7.792518802173308,0.6566712056143873
174.7,-5.020645962372453,7.879930771413111,0.7006409304690856
174.72,-5.0731620025464546,7.967342740652913,0.7446106553237839
174.74,-5.125632661390784,8.054754709892716,0.7885803801784821
174.76,-5.145636652803841,8.088938506618815,0.8093526007600654
174.78,-5.143773435574854,8.087972301509389,0.8148060102821537
174.8,-5.1424956215361695,8.08700609639996,0.8202594198042422
174.82,-5.140772879155099,8.086039891290534,0.8257128293263305
174.84,-5.166833769751422,8.12915044121487,0.8354929772160713
174.86,-5.2088021438717345,8.197706199304916,0.8477709214694317
174.88,-5.25099872047379,8.266261957394963,0.8600488657227922
174.9,-5.293278753508323,8.33481771548501,0.8723268099761525
174.92,-5.306807654862182,8.357390233304528,0.8784748536340797
174.94,-5.305396692688537,8.356872816180596,0.8815448409148204
174.96,-5.3038799669212215,8.35635539905666,0.8846148281955611
174.98,-5.302699546447193,8.355837981932726,0.8876848154763018
175.0,-5.368604255989483,8.346157397489808,0.8048769039310883
175.02,-5.463552694969216,8.332501654746403,0.6848135074141402
175.04,-5.559030137422864,8.318845912002999,0.5647501108971918
175.06,-5.65421500104299,8.305190169259596,0.4446867143802436
175.08,-5.679628796625858,8.301284832998256,0.3967094380068124
175.1,-5.679449348408534,8.301001231659978,0.37550815494934314
175.12,-5.678830422843809,8.3007176303217,0.3543068718918739
175.14,-5.678960087032863,8.300434028983421,0.3331055888344046
175.16,-5.73106443704411,8.286786272086264,0.2512181028644542
175.18,-5.8001047324243205,8.268938556093097,0.15025873698397083
175.2,-5.869335012517451,8.251090840099929,0.04929937110348747
175.22,-5.938490908903222,8.233243124106762,-0.05165999477699585
175.24,-5.953264171672094,8.229728703076105,-0.07792973638313955
175.26,-5.9535691792916845,8.229964913359394,-0.08465524588054911
175.28,-5.954226724452867,8.230201123642685,-0.09138075537795867
175.3,-5.954655532143277,8.230437333925975,-0.09810626487536822
175.32,-5.932399601740711,8.180566580450334,-0.09085208414066231
175.34,-5.905430155233755,8.120016888472561,-0.08061851209847597
175.36,-5.878335723346156,8.059467196494788,-0.07038494005628962
175.38,-5.85089274249513,7.998917504517017,-0.060151368014103285
175.4,-5.847324503790573,7.990159701441029,-0.06832863469261076
175.42,-5.846813222453196,7.990111793220757,-0.07960207092320545
175.44,-5.8465042091087245,7.9900638850004855,-0.09087550715380013
175.46,-5.846158014716908,7.990015976780213,-0.10214894338439483
175.48,-5.797414567763966,7.921011535693507,0.11160631802497518
175.5,-5.7422644388879,7.843288815600325,0.35381229887944404
175.52,-5.68689350567694,7.7655660955071415,0.5960182797339129
175.54,-5.631512813819381,7.687843375413958,0.8382242605883817
175.56,-5.625083742827003,7.6809669373306475,0.864227674885666
175.58,-5.623665464515504,7.680294640706017,0.8712978259460239
175.6,-5.622343535409247,7.679622344081387,0.8783679770063817
175.62,-5.620408521585251,7.678950047456756,0.8854381280667396
175.64,-5.69135127893461,7.734839750081194,0.9025074892520217
175.66,-5.766243454554211,7.793631308160927,0.9200898496741569
175.68,-5.8407863000207705,7.852422866240659,0.9376722100962922
175.7,-5.916063699871799,7.911214424320393,0.9552545705184274
175.72,-5.915713760597413,7.911551831845677,0.9607201457393534
175.74,-5.913458002142721,7.9108734866513535,0.9659751686315861
175.76,-5.91141044902856,7.910195141457029,0.9712301915238187
175.78,-5.910662578474931,7.910307727842422,0.9764463576195026
175.8,-5.970809091396958,7.963654403609344,0.9790472454362461
175.82,-6.031303661550921,8.017001079376266,0.9816481332529896
175.84,-6.091623486935039,8.070347755143189,0.9842490210697331
175.86,-6.149250947434863,8.121195421364874,0.9868740922690754
175.88,-6.147668044589079,8.120638022817952,0.989996619891176
175.9,-6.14615042272167,8.12008062427103,0.9931191475132769
175.92,-6.144548271447676,8.119523225724107,0.9962416751353775
175.94,-6.144272817991106,8.122604883017539,0.9980471309564439
175.96,-6.153520505674088,8.168653934009342,0.9843015358767512
175.98,-6.162764494776723,8.214702985001146,0.9705559407970585
176.0,-6.172272825898573,8.26075203599295,0.9568103457173658
176.02,-6.180320848686588,8.301693958659056,0.9454684277608392
176.04,-6.17948189124254,8.301230311306574,0.9536140995178074
176.06,-6.178204924396248,8.300766663954091,0.9617597712747755
176.08,-6.177397947600709,8.300303016601607,0.9699054430317438
176.1,-6.169115675547673,8.305817770433757,0.948541557236463
176.12,-6.121554563136548,8.347598055590016,0.748169981806244
176.14,-6.0734574496814835,8.389378340746276,0.547798406376025
176.16,-6.025699976151431,8.431158625902535,0.34742683094580595
176.18,-5.985912528466736,8.465620779836172,0.17935335371735675
176.2,-5.9852483434438675,8.465158612700346,0.16541610570065002
176.22,-5.985267101022454,8.46469644556452,0.1514788576839433
176.24,-5.9855828756241864,8.464234278428693,0.13754160966723658
176.26,-5.987365241551471,8.45128064370167,0.13010153916066644
176.28,-5.996447831890498,8.38987300274275,0.1478638139564073
176.3,-6.005486125711111,8.328465361783826,0.16562608875214818
176.32,-6.014284335716986,8.267057720824903,0.18338836354788904
176.34,-6.021251549989547,8.220001627481743,0.19560646238488053
176.36,-6.02116111053615,8.219230508150327,0.18994411745109843
176.38,-6.02123153233045,8.218459388818912,0.18428177251731637
176.4,-6.021040155534537,8.217688269487496,0.17861942758353433
176.42,-5.998573587237077,8.212418726480312,0.18827724827682552
176.44,-5.915794283214911,8.194887571059942,0.23969412648997254
176.46,-5.8331077473898825,8.17735641563957,0.29111100470311957
176.48,-5.749866953180272,8.1598252602192,0.34252788291626657
176.5,-5.691780596796432,8.147468956351032,0.3774327880985049
176.52,-5.690669884588053,8.14718029411073,0.3738321301557085
176.54,-5.68943324028045,8.146891631870428,0.37023147221291214
176.56,-5.688263804381601,8.146602969630125,0.36663081427011573
176.58,-5.65893330110636,8.142636007148214,0.2451616683096808
176.6,-5.574109757862428,8.131262859253347,-0.11363336712776455
176.62,-5.488811517918116,8.119889711358478,-0.4724284025652099
176.64,-5.403867097199586,8.10851656346361,-0.8312234380026554
176.66,-5.348336189688519,8.101368970512407,-1.0554768158416141
176.68,-5.3461096016028105,8.10161846199838,-1.0442070458711503
176.7,-5.343124025765387,8.10186795348435,-1.0329372759006865
176.72,-5.34075933932691,8.102117444970323,-1.0216675059302227
176.74,-5.343797565609035,8.08409608666551,-1.016527907976851
176.76,-5.354389705633159,8.038123335728018,-1.020766464127841
176.78,-5.365254016132414,7.992150584790526,-1.0250050202788306
176.8,-5.376221807475557,7.946177833853035,-1.0292435764298202
176.82,-5.382121844135373,7.919784911681622,-1.0295973328961265
176.84,-5.380769324826809,7.919666254968721,-1.0247380581665033
176.86,-5.3796839763785425,7.91954759825582,-1.01987878343688
176.88,-5.378301615452608,7.919428941542917,-1.0150195087072569
176.9,-5.373807522705928,7.9021586453859864,-0.9153394000393021
176.92,-5.365448111526584,7.8646500228992675,-0.7037740697650434
176.94,-5.35703642419726,7.827141400412549,-0.49220873949078453
176.96,-5.348872825904779,7.78963277792583,-0.2806434092165256
176.98,-5.344477517733329,7.770457637047394,-0.1710789209395372
177.0,-5.3438880146665175,7.770330466695684,-0.16749043185233345
177.02,-5.344031354952387,7.770203296343976,-0.1639019427651297
177.04,-5.343866647255275,7.770076125992267,-0.160313453677926
177.06,-5.308082707218969,7.798064876201758,-0.12794391287115822
177.08,-5.240229577406236,7.851782759323594,-0.0692365716200556
177.1,-5.172225334629245,7.905500642445429,-0.010529230368952988
177.12,-5.104163134615799,7.959218525567263,0.04817811088214963
177.14,-5.07343099879565,7.982763767614115,0.07516789177464044
177.16,-5.073801416074509,7.98200696321511,0.07661129695979367
177.18,-5.073323788770657,7.9812501588161044,0.0780547021449469
177.2,-5.073076927854409,7.9804933544171,0.07949810733010014
177.22,-5.0395473635691515,8.031900001004917,0.09962334690409785
177.24,-4.981396666617695,8.120219534089745,0.1329685790074553
177.26,-4.923820646498377,8.208539067174575,0.16631381111081273
177.28,-4.865937943877704,8.296858600259405,0.19965904321417013
177.3,-4.84377792336996,8.329896853153443,0.21179689849226505
177.32,-4.8442552940136805,8.32866653907805,0.210788415435317
177.34,-4.8445419916750145,8.327436225002659,0.20977993237836898
177.36,-4.8450310262326495,8.326205910927268,0.20877144932142094
177.38,-4.836102935979943,8.389996308694457,0.2335033930096274
177.4,-4.822378438001986,8.488945149018127,0.27215387572105765
177.42,-4.808588597307646,8.587893989341795,0.31080435843248794
177.44,-4.794880394286247,8.686842829665464,0.34945484114391817
177.46,-4.789844349866749,8.71775842993825,0.3640040079226073
177.48,-4.788839692406971,8.716770748586136,0.367251183657538
177.5,-4.787685547497174,8.715783067234023,0.3704983593924687
177.52,-4.786226406008248,8.714795385881908,0.3737455351273995
177.54,-4.7276545779971135,8.713105964271676,0.4542320455637247
177.56,-4.645995263391617,8.711133363230799,0.5658876254258243
177.58,-4.564216522075525,8.709160762189923,0.6775432052879239
177.6,-4.483011288458407,8.707188161149046,0.7891987851500234
177.62,-4.4602075021977985,8.705861812695685,0.824587063874936
177.64,-4.457739761947151,8.704757591497817,0.8337610625914984
177.66,-4.455083497097917,8.703653370299946,0.842935061308061
177.68,-4.452777667044131,8.702549149102078,0.8521090600246235
177.7,-4.464257041009685,8.729632220218415,0.486770963642117
177.72,-4.479765215735979,8.764855332249416,0.013279741263669556
177.74,-4.495117831997972,8.800078444280416,-0.46021148111477805
177.76,-4.510913188170972,8.835301556311418,-0.9337027034932256
177.78,-4.513127379318608,8.842332367922264,-1.017323812183781
177.8,-4.511696355127612,8.842648699120847,-1.0080906591549614
177.82,-4.511230950154586,8.842965030319432,-0.9988575061261419
177.84,-4.5101281154873405,8.843281361518013,-0.9896243530973222
177.86,-4.582056932596096,8.822262349365523,-0.8781695227885487
177.88,-4.6678375514294554,8.79716026520544,-0.747151919938318
177.9,-4.753195000506252,8.772058181045356,-0.6161343170880873
177.92,-4.83888594659755,8.746956096885274,-0.4851167142378565
177.94,-4.849604637042379,8.744699671431885,-0.464290267961983
177.96,-4.849813954699458,8.745824232817924,-0.45977128976932324
177.98,-4.849781827115367,8.746948794203965,-0.4552523115766635
178.0,-4.8498442113369284,8.748073355590003,-0.4507333333840038
178.02,-4.883928534553592,8.661295597959421,-0.349978871680375
178.04,-4.92260529759148,8.565054482560805,-0.2388639232383737
178.06,-4.96094525850973,8.468813367162191,-0.1277489747963724
178.08,-4.998868561872586,8.372572251763575,-0.016634026354371084
178.1,-5.002087044529246,8.365833485050842,-0.008864328959553955
178.12,-5.002737483577665,8.36536533545665,-0.008335095193362266
178.14,-5.003169855244431,8.364897185862459,-0.007805861427170576
178.16,-5.003494806823991,8.36442903626827,-0.007276627660978885
178.18,-4.928543556127653,8.427986492952343,0.02331393025319449
178.2,-4.8512187185246365,8.493780534367556,0.054954610180972384
178.22,-4.774324044513798,8.559574575782769,0.08659529010875029
178.24,-4.6965786624354875,8.625368617197982,0.11823597003652817
178.26,-4.697115869587238,8.62469471141332,0.11826451113635063
178.28,-4.69730756411685,8.623885377863362,0.11822864282535049
178.3,-4.697420712019686,8.623076044313402,0.11819277451435037
178.32,-4.696573759843152,8.624937603457052,0.11969196732035581
178.34,-4.668864121726744,8.71409710735328,0.17136452759440235
178.36,-4.640845464779948,8.80325661124951,0.22303708786844886
178.38,-4.613047541370107,8.892416115145737,0.2747096481424954
178.4,-4.587210569749971,8.97606039631165,0.323725541634463
178.42,-4.586370265774005,8.975405776406786,0.3321348991456657
178.44,-4.585421350413328,8.974751156501924,0.3405442566568684
178.46,-4.584576194221292,8.974096536597058,0.3489536141680711
178.48,-4.589171308868925,8.982469634767757,0.36529436595697246
178.5,-4.6478640195564,9.07875457271381,0.4588709659524976
178.52,-4.706037090853981,9.175039510659865,0.5524475659480227
178.54,-4.764207751576047,9.271324448605919,0.6460241659435478
178.56,-4.81523685520824,9.355408682676023,0.7294178348403038
178.58,-4.81323341775232,9.353968764495232,0.7414314785757014
178.6,-4.811217532754495,9.352528846314438,0.7534451223110988
178.62,-4.808648626919118,9.351088928133647,0.7654587660464964
178.64,-4.81998718120904,9.357195179379296,0.7820525025642459
178.66,-4.90010851622272,9.403952743327546,0.8233192583823487
178.68,-4.9809458444786054,9.450710307275795,0.8645860142004512
178.7,-5.061395781030864,9.497467871224044,0.905852770018554
178.72,-5.1262870632826445,9.535361042931282,0.9405171446354044
178.74,-5.124322008295369,9.535039685668579,0.9467185540735954
178.76,-5.1229890988275075,9.534718328405878,0.9529199635117864
178.78,-5.121174259335844,9.534396971143176,0.9591213729499775
178.8,-5.118637592761421,9.529548424588814,0.8608759412758635
178.82,-5.11312845303504,9.508649694926506,0.39233653316310535
178.84,-5.107801178599359,9.487750965264198,-0.07620287494965279
178.86,-5.10179379930379,9.466852235601891,-0.5447422830624111
178.88,-5.097684605842058,9.451338446206288,-0.8910168645099515
178.9,-5.09675671905035,9.451831587490432,-0.8738548044960627
178.92,-5.095548177836761,9.452324728774574,-0.8566927444821736
178.94,-5.094373492520123,9.452817870058718,-0.8395306844682847
178.96,-5.116886647431138,9.436750228904739,-0.7782248753348918
178.98,-5.198056170278637,9.378817309908571,-0.6053246817701514
179.0,-5.27932092378506,9.320884390912406,-0.43242448820541085
179.02,-5.36096495790898,9.262951471916239,-0.2595242946406704
179.04,-5.416789768749274,9.223326405267768,-0.14190601133066785
179.06,-5.417403562246594,9.223482530043178,-0.14440996914187848
179.08,-5.417871618545137,9.223638654818588,-0.1469139269530891
179.1,-5.418365115293785,9.223794779593998,-0.14941788476429974
179.12,-5.411475546703037,9.191061706862744,-0.12792290140712329
179.14,-5.392537188590536,9.09640594808715,-0.0612435106448857
179.16,-5.373879715702205,9.00175018931156,0.00543588011735189
179.18,-5.355073278250837,8.907094430535967,0.07211527087958947
179.2,-5.3436846803551745,8.848009441863372,0.11232777402532407
179.22,-5.343998350839161,8.847304836345906,0.10910160447712476
179.24,-5.344590814690803,8.846600230828441,0.10587543492892543
179.26,-5.345197214441208,8.845895625310975,0.10264926538072609
179.28,-5.337936066491831,8.872577765557455,0.12171226299367773
179.3,-5.319977866255111,8.938616478011769,0.17280627387090675
179.32,-5.301699335369163,9.004655190466082,0.2239002847481357
179.34,-5.284525659347323,9.070693902920395,0.27499429562536476
179.36,-5.273944349056222,9.107229691125454,0.3052046077824039
179.38,-5.2729496628746135,9.106527197757318,0.3090557344342367
179.4,-5.27186911146313,9.105824704389182,0.31290686108606935
179.42,-5.2707000577969385,9.105122211021046,0.31675798773790215
179.44,-5.289255373954302,9.136047708399145,0.3697915070455666
179.46,-5.329450415074767,9.20210335172202,0.47745336635039626
179.48,-5.369543070064158,9.268158995044896,0.5851152256552259
179.5,-5.409746859004858,9.334214638367772,0.6927770849600556
179.52,-5.428634141817895,9.366555355581573,0.7494124062378613
179.54,-5.427576748833405,9.365913490214027,0.7561295696388888
179.56,-5.425939645201881,9.36527162484648,0.7628467330399163
179.58,-5.424819066294288,9.364629759478932,0.7695638964409437
179.6,-5.471185170667802,9.402559486476624,0.7923007780553308
179.62,-5.558971230841872,9.47371742854754,0.8288381436415876
179.64,-5.6468242160970465,9.544875370618456,0.8653755092278442
179.66,-5.7350388360784175,9.616033312689371,0.901912874814101
179.68,-5.772329510760516,9.64642217994621,0.9190897847243407
179.7,-5.770813501283327,9.645920969073702,0.9215975859736842
179.72,-5.769322224596745,9.645419758201193,0.9241053872230277
179.74,-5.767758387567139,9.644918547328684,0.9266131884723711
179.76,-5.808097933967283,9.667084856897338,0.9399354788323425
179.78,-5.875992176392514,9.704321921424153,0.9604479034554362
179.8,-5.943847443479309,9.74155898595097,0.9809603280785301
179.82,-6.0113774596213245,9.778796050477787,1.0014727527016236
179.84,-6.034800857982843,9.79225991104592,1.0140215656710334
179.86,-6.0325414350147595,9.791903208026463,1.0219407291645937
179.88,-6.031116023149848,9.791546505007009,1.0298598926581541
179.9,-6.029334419414432,9.791189801987553,1.0377790561517146
179.92,-6.012229591498759,9.803084647838762,0.6940329818326719
179.94,-5.988262906217258,9.82117654167967,0.17240847124084888
179.96,-5.964906179032044,9.839268435520575,-0.349216039350974
179.98,-5.940552385046643,9.85736032936148,-0.870840549942797
180.0,-5.932669624035025,9.86275800157201,-0.9957729618403274
180.02,-5.932269107899256,9.86260612510953,-0.9472829951153208
180.04,-5.931608485791984,9.86245424864705,-0.8987930283903142
180.06,-5.9310907858790465,9.862302372184569,-0.8503030616653076
180.08,-5.971877066066463,9.809502249202348,-0.674819534968173
180.1,-6.027711166412474,9.736984784035494,-0.45177553583865576
180.12,-6.083122382365679,9.664467318868638,-0.2287315367091385
180.14,-6.139256985009023,9.591949853701784,-0.005687537579621188
180.16,-6.153309783177486,9.574261885093009,0.0418709160224935
180.18,-6.15350373494662,9.573959595092921,0.033785318766374466
180.2,-6.154288641068903,9.57365730509283,0.025699721510255426
180.22,-6.154492840826045,9.57335501509274,0.01761412425413639
180.24,-6.114551709896997,9.510346404916858,0.04410886947219912
180.26,-6.06402998699671,9.43076656154286,0.07974207023356031
180.28,-6.012779075283134,9.351186718168863,0.1153752709949215
180.3,-5.961753826357441,9.271606874794866,0.15100847175628268
180.32,-5.952222642252206,9.256978285939061,0.15517274856155303
180.34,-5.951888190221138,9.256348089060529,0.15255479558684307
180.36,-5.951619775446227,9.255717892181996,0.1499368426121331
180.38,-5.951128817386065,9.255087695303464,0.14731888963742315
180.4,-5.945560287219099,9.28851295386535,0.1899917888696403
180.42,-5.938811906363275,9.327741093458977,0.24038202512713194
180.44,-5.932411001350798,9.366969233052604,0.2907722613846236
180.46,-5.925941395768284,9.406197372646231,0.34116249764211526
180.48,-5.924401898181162,9.410230687418593,0.3532827596604678
180.5,-5.922839928724064,9.409741491429168,0.3604853563337335
180.52,-5.9215888675069035,9.409252295439742,0.36768795300699925
180.54,-5.9203342432006965,9.408763099450317,0.374890549680265
180.56,-5.965368066231909,9.441719808402214,0.4994542129188157
180.58,-6.014668560764967,9.477669903618263,0.6345216136169739
180.6,-6.064158314920557,9.513619998834312,0.769589014315132
180.62,-6.1136446755076195,9.54957009405036,0.9046564150132903
180.64,-6.114354264455931,9.550919030928938,0.9167610294739167
180.66,-6.1124366216217565,9.550430475887234,0.9223357143870036
180.68,-6.1109343706142765,9.54994192084553,0.9279103993000903
180.7,-6.1093858965533006,9.549453365803826,0.9334850842131772
180.72,-6.211471812973215,9.591212675368494,0.9573410103965001
180.74,-6.316396315893611,9.633777373151926,0.9815454393143543
180.76,-6.420607533878412,9.676342070935355,1.0057498682322088
180.78,-6.523214925599084,9.71834747323576,1.029684150975245
180.8,-6.521545832486899,9.717933808743771,1.0331295347712084
180.82,-6.520071325793037,9.717520144251782,1.0365749185671715
180.84,-6.517970846914395,9.717106479759794,1.040020302363135
180.86,-6.518700039523794,9.71876190690169,1.0428148435310758
180.88,-6.5793801088852,9.764601845389196,1.0317109362151067
180.9,-6.63962547175545,9.8104417838767,1.0206070288991378
180.92,-6.7000000719636255,9.856281722364207,1.009503121583169
180.94,-6.755761854143366,9.898582722239938,0.9994668973116941
180.96,-6.754309568485376,9.898134096651217,1.0023280570510777
180.98,-6.753295594890607,9.897685471062495,1.0051892167904615
181.0,-6.751851881376589,9.897236845473772,1.008050376529845
181.02,-6.746469072477031,9.90106633294534,0.9905021969787147
181.04,-6.7057272451326,9.940166128466768,0.8046920585392174
181.06,-6.664422905116735,9.979265923988194,0.6188819200997202
181.08,-6.623385023750327,10.01836571950962,0.4330717816602231
181.1,-6.5880826624495645,10.05194679483716,0.2713846579661485
181.12,-6.588079087904236,10.051597366647034,0.25801199993088103
181.14,-6.587900845504023,10.051247938456903,0.2446393418956136
181.16,-6.587606051135361,10.050898510266775,0.23126668386034613
181.18,-6.5894304154677,10.039790995874185,0.21664647728433475
181.2,-6.6040700369449965,9.976754046423801,0.19600433616450239
181.22,-6.618870806095993,9.913717096973418,0.17536219504467
181.24,-6.633486219630441,9.850680147523033,0.15472005392483762
181.26,-6.645530138804881,9.800327167246632,0.13681867947033055
181.28,-6.645520268506929,9.799669978194038,0.1296556288105973
181.3,-6.6460339476469334,9.799012789141441,0.12249257815086405
181.32,-6.64676441402587,9.798355600088847,0.1153295274911308
181.34,-6.632881389076167,9.807263026313844,0.10806279910990899
181.36,-6.572903242858927,9.847296821634286,0.10045866970079766
181.38,-6.512466197293485,9.887330616954728,0.09285454029168633
181.4,-6.451931208182044,9.927364412275171,0.08525041088257498
181.42,-6.407191218427863,9.956643311645733,0.07795135844445215
181.44,-6.4062459012813155,9.95636264181261,0.07149080262018874
181.46,-6.405246395306351,9.956081971979488,0.06503024679592534
181.48,-6.404126962948369,9.955801302146368,0.058569690971661904
181.5,-6.379236755475374,9.937386542024237,0.12086115000819811
181.52,-6.295666185051727,9.87635419913834,0.34472921072746543
181.54,-6.212019188114047,9.815321856252446,0.5685972714467327
181.56,-6.1288324204343745,9.75428951336655,0.792465332166
181.58,-6.072525739123506,9.71327808558715,0.9461409463760927
181.6,-6.070806754345731,9.712875582906793,0.9574434578759916
181.62,-6.068999441094155,9.712473080226435,0.9687459693758905
181.64,-6.066909404437034,9.712070577546077,0.9800484808757894
181.66,-6.097618887644181,9.716444988115938,0.9954962000870625
181.68,-6.184233348203233,9.729240721033651,1.0182515944659098
181.7,-6.271327200136574,9.742036453951362,1.041006988844757
181.72,-6.358055815142796,9.754832186869075,1.0637623832236043
181.74,-6.409867007077962,9.762464937885607,1.0784393139335298
181.76,-6.408040144115757,9.762145203349789,1.0806730738476045
181.78,-6.406335488901638,9.761825468813969,1.0829068337616792
181.8,-6.404695395422054,9.761505734278153,1.0851405936757539
181.82,-6.439464419430743,9.765559660958678,1.0856625008294694
181.84,-6.52455532219588,9.775521793469697,1.0838719338432343
181.86,-6.609560903565213,9.785483925980715,1.082081366856999
181.88,-6.693702069944332,9.795446058491734,1.0802907998707638
181.9,-6.739224021905517,9.800651096066378,1.0799027475367826
181.92,-6.737596605966293,9.800206025331368,1.0811804932995608
181.94,-6.736104466036826,9.799760954596357,1.082458239062339
181.96,-6.7346791007221745,9.799315883861345,1.0837359848251171
181.98,-6.750374532043755,9.815414634371162,1.0698105870374766
182.0,-6.783320926798008,9.848814202938202,1.0399863943722083
182.02,-6.81650253486936,9.88221377150524,1.0101622017069403
182.04,-6.849239716895446,9.915613340072282,0.9803380090416721
182.06,-6.864627465737707,9.931351512227863,0.9647773835441186
182.08,-6.863983244365067,9.930821882532573,0.9623548406174577
182.1,-6.862955529546733,9.930292252837283,0.9599322976907968
182.12,-6.86219712797938,9.929762623141992,0.9575097547641359
182.14,-6.834395784755653,9.955282520067406,0.8530650933510343
182.16,-6.784956235652807,10.00192209947395,0.6659058866849998
182.18,-6.735386640847028,10.04856167888049,0.47874668001896536
182.2,-6.68613979281725,10.095201258287034,0.2915874733529309
182.22,-6.665642504887238,10.114243988240297,0.21082106792420252
182.24,-6.664859232033815,10.113626845637326,0.2058484199230141
182.26,-6.664778586648478,10.113009703034356,0.20087577192182562
182.28,-6.664356505767105,10.112392560431385,0.1959031239206372
182.3,-6.641261491099885,10.074451703916454,0.2590012226970511
182.32,-6.60450977682679,10.013214341690285,0.36458733713057356
182.34,-6.567830234581413,9.951976979464114,0.4701734515640959
182.36,-6.531059165496196,9.890739617237944,0.5757595659976182
182.38,-6.517940264793438,9.868475615772526,0.6090370415368315
182.4,-6.516814265571527,9.867436428238982,0.6029353776782369
182.42,-6.516294248504462,9.866397240705435,0.5968337138196422
182.44,-6.515425648411513,9.86535805317189,0.5907320499610476
182.46,-6.472837206958673,9.839920399862976,0.6079229390276122
182.48,-6.4111505361535475,9.802955567214656,0.6361185132785986
182.5,-6.34919664160949,9.765990734566339,0.6643140875295851
182.52,-6.28695080000173,9.72902590191802,0.6925096617805715
182.54,-6.268538019621752,9.717789231522142,0.6947699475600008
182.56,-6.26810217399592,9.717017505841076,0.6864810399164978
182.58,-6.267384208452974,9.71624578016001,0.6781921322729948
182.6,-6.2667349075740075,9.715474054478944,0.6699032246294917
182.62,-6.2669712701590035,9.744492420704931,0.49040462019854825
182.64,-6.266963315824783,9.783837801266705,0.251554571043437
182.66,-6.267820029204615,9.823183181828478,0.012704521888325796
182.68,-6.268006786568267,9.862528562390251,-0.22614552726678544
182.7,-6.26768316384273,9.871535253349588,-0.27267483664444647
182.72,-6.267549735844869,9.871698471236765,-0.2631442665175253
182.74,-6.267505134894108,9.871861689123943,-0.25361369639060416
182.76,-6.2674185724577445,9.872024907011122,-0.24408312626368295
182.78,-6.241323538837953,9.94051956923292,0.008515779685700811
182.8,-6.209096433140697,10.025459286423253,0.3196129682725109
182.82,-6.1771393359676114,10.110399003613583,0.630710156859321
182.84,-6.144509760870252,10.195338720803916,0.9418073454461311
182.86,-6.137226647310637,10.208928335632525,0.9889730016440716
182.88,-6.13511647681144,10.208698197625077,0.9850179387046389
182.9,-6.132741661944676,10.20846805961763,0.9810628757652065
182.92,-6.130012508574611,10.208237921610182,0.977107812825774
182.94,-6.135015345165318,10.30205564183692,0.5774575905526458
182.96,-6.140983707311909,10.40999373741131,0.11839757120442602
182.98,-6.146460175972244,10.517931832985699,-0.3406624481437937
183.0,-6.152546216312658,10.625869928560089,-0.7997224674920136
183.02,-6.152063650548177,10.637249483414525,-0.8318381396160676
183.04,-6.150611046512241,10.638040714534768,-0.8171363585020512
183.06,-6.149381790553522,10.63883194565501,-0.8024345773880353
183.08,-6.148404742238243,10.639623176775254,-0.7877327962740189
183.1,-6.089155233969294,10.636762727981832,-0.6729038612944654
183.12,-6.025504879659658,10.63363962566367,-0.550873104001157
183.14,-5.961910796658731,10.630516523345511,-0.4288423467078486
183.16,-5.898132471398131,10.627393421027351,-0.30681158941454023
183.18,-5.895073297542929,10.628330664951731,-0.299730669881199
183.2,-5.894825628382569,10.629416833885854,-0.29686587002965675
183.22,-5.894301350183863,10.630503002819975,-0.29400107017811455
183.24,-5.893692346069551,10.631589171754097,-0.29113627032657236
183.26,-5.862754766713928,10.719459466624453,-0.11330038873098937
183.28,-5.832012050345245,10.807648560324784,0.06517824377713513
183.3,-5.801366628076159,10.895837654025117,0.24365687628525967
183.32,-5.771566284792848,10.981523696267491,0.4169089694301579
183.34,-5.771066412660317,10.980509840184265,0.4091258585460349
183.36,-5.771088080411072,10.97949598410104,0.40134274766191186
183.38,-5.771106361643508,10.978482128017815,0.3935596367777888
183.4,-5.764753956998039,10.978480674682814,0.3810996577551569
183.42,-5.6586095807046455,10.994402181578502,0.2950824056964486
183.44,-5.5529233903896715,11.01032368847419,0.20906515363774025
183.46,-5.446596861854995,11.026245195369876,0.12304790157903191
183.48,-5.3510080013786245,11.04070613897921,0.04419122433551737
183.5,-5.350882542786314,11.040665312003155,0.03643109881269133
183.52,-5.3516369563245,11.040624485027097,0.028670973289865308
183.54,-5.352327292155066,11.04058365805104,0.020910847767039272
183.56,-5.346112809107638,11.032190655372867,0.03359897851315893
183.58,-5.293151719787615,10.964367650009152,0.1917869129416134
183.6,-5.240174354813182,10.896544644645436,0.34997484737006784
183.62,-5.187017880170516,10.828721639281722,0.5081627817985223
183.64,-5.141987911895748,10.771343060983481,0.6435415351035692
183.66,-5.141127347005533,10.770929100643551,0.6545174580291636
183.68,-5.140700267939029,10.77051514030362,0.6654933809547582
183.7,-5.139812162954585,10.77010117996369,0.6764693038803528
183.72,-5.152659852143876,10.763809619011772,0.6570929209327044
183.74,-5.227526353933902,10.731907597876893,0.505462481892448
183.76,-5.3024672883904245,10.700005576742013,0.3538320428521917
183.78,-5.377430493015507,10.668103555607136,0.20220160381193528
183.8,-5.435609999110537,10.643131750233866,0.08491984233850446
183.82,-5.435876078617968,10.642964180789448,0.09057692310593303
183.84,-5.436512912232909,10.642796611345032,0.09623400387336159
183.86,-5.436898164064786,10.642629041900614,0.10189108464079016
183.88,-5.456616352179207,10.635659164852033,0.07976424068930399
183.9,-5.531751331234758,10.60829342565369,-0.02566920030571854
183.92,-5.607278186415588,10.58092768645535,-0.13110264130074104
183.94,-5.682751426359475,10.553561947257007,-0.23653608229576356
183.96,-5.7368225467414495,10.534228929426227,-0.3117047838668324
183.98,-5.735990328084992,10.535366021169928,-0.309748622778862
184.0,-5.7351483012405104,10.536503112913628,-0.30779246169089164
184.02,-5.734971847745973,10.53764020465733,-0.3058363006029212
184.04,-5.7530372039035464,10.54808686737681,-0.2506655917206406
184.06,-5.813461683792474,10.578915573944744,-0.07898884304968752
184.08,-5.873781219564058,10.60974428051268,0.09268790562126561
184.1,-5.933730409632795,10.640572987080615,0.2643646542922187
184.12,-5.9735104691248715,10.66036894161369,0.37467480874051623
184.14,-5.973740488867387,10.659242951769674,0.368612505357688
184.16,-5.974172108407266,10.658116961925657,0.3625502019748598
184.18,-5.974155670091098,10.65699097208164,0.35648789859203156
184.2,-5.957481009607912,10.659902857568033,0.311049852041762
184.22,-5.9142418005802995,10.669487909188396,0.2005377617670804
184.24,-5.871267096744316,10.67907296080876,0.09002567149239886
184.26,-5.82853577256605,10.688658012429125,-0.020486418782282672
184.28,-5.8026194992713345,10.694513545252757,-0.0888180311845864
184.3,-5.802267820826953,10.694973336454042,-0.09612435520221349
184.32,-5.801959534388353,10.69543312765533,-0.10343067921984059
184.34,-5.80198997890815,10.695892918856615,-0.11073700323746767
184.36,-5.802130680030639,10.660554715434317,-0.17225599241762624
184.38,-5.802415982900746,10.579733556700736,-0.3026546004932094
184.4,-5.802728392660186,10.498912397967157,-0.43305320856879254
184.42,-5.803461239348695,10.418091239233576,-0.5634518166443757
184.44,-5.8029860611957975,10.375879805914519,-0.6362774705893903
184.46,-5.801758128865307,10.376834112120056,-0.644736462638206
184.48,-5.800088713439451,10.377788418325594,-0.6531954546870219
184.5,-5.798886768719591,10.378742724531131,-0.6616544467358376
184.52,-5.8316148489765585,10.398198186588784,-0.7035563154852904
184.54,-5.898437487212738,10.43587109024421,-0.7783882161757284
184.56,-5.963978432047381,10.473543993899634,-0.8532201168661664
184.58,-6.029755312534028,10.511216897555059,-0.9280520175566043
184.6,-6.059551622000383,10.529079204034975,-0.9563450161520256
184.62,-6.05845925548163,10.529763300967085,-0.9442830973650788
184.64,-6.0571959529671675,10.530447397899193,-0.9322211785781319
184.66,-6.056165884268772,10.531131494831303,-0.9201592597911851
184.68,-6.0665056564056385,10.47759248554776,-0.8678518128452306
184.7,-6.0851311741398435,10.38269621102159,-0.7848481351027258
184.72,-6.104076842234277,10.287799936495423,-0.7018444573602209
184.74,-6.122833605725111,10.192903661969256,-0.6188407796177161
184.76,-6.129522539597751,10.155611163792189,-0.5826198164610459
184.78,-6.128435020090904,10.156877608914758,-0.5777143703320423
184.8,-6.12725162907749,10.15814405403733,-0.5728089242030386
184.82,-6.12642389884637,10.159410499159899,-0.5679034780740351
184.84,-6.1281439540643134,10.143467446205308,-0.32046429395732984
184.86,-6.131539896937679,10.117449458206178,0.06896111459079689
184.88,-6.135310116373437,10.091431470207048,0.45838652313892375
184.9,-6.138929509194906,10.065413482207918,0.8478119316870503
184.92,-6.138968844529013,10.056370324189151,0.9739573905543722
184.94,-6.136968762769279,10.055976097345157,0.9659577553547319
184.96,-6.134969508499474,10.055581870501163,0.9579581201550914
184.98,-6.132484263894241,10.055187643657169,0.949958484955451
185.0,-6.112402302139622,10.097321280365094,0.6402275866844132
185.02,-6.0842858488764975,10.158190097735668,0.1975723124143418
185.04,-6.05619910720625,10.21905891510624,-0.24508296185572964
185.06,-6.027812941610864,10.279927732476814,-0.6877382361258011
185.08,-6.018206707079085,10.297361787963773,-0.8151573974154409
185.1,-6.015973405574524,10.298395266694651,-0.8235462280893138
185.12,-6.013656984352259,10.299428745425532,-0.8319350587631866
185.14,-6.01124736390298,10.300462224156412,-0.8403238894370596
185.16,-6.016433233588412,10.378073799127083,-0.8412787215507869
185.18,-6.023936520001608,10.48018378813904,-0.8398553125792501
185.2,-6.03145156844977,10.582293777150998,-0.8384319036077132
185.22,-6.0392672324498,10.684403766162957,-0.8370084946361764
185.24,-6.03968279030146,10.705755584712248,-0.8500172065335013
185.26,-6.038021129290878,10.705555248547572,-0.8668774581578215
185.28,-6.036664954111578,10.705354912382894,-0.8837377097821415
185.3,-6.034988886354483,10.705154576218218,-0.9005979614064616
185.32,-6.0917502612990315,10.637294161800412,-0.7749106002616611
185.34,-6.160759015523611,10.554688608981694,-0.6181578851700837
185.36,-6.229810571064392,10.472083056162974,-0.46140517007850634
185.38,-6.298608290099768,10.389477503344256,-0.304652454986929
185.4,-6.308785854237755,10.378478246845098,-0.2821241653841651
185.42,-6.308195408393553,10.379840210788323,-0.2827667112735087
185.44,-6.308534074476571,10.381202174731547,-0.28340925716285226
185.46,-6.3087813999941424,10.382564138674772,-0.28405180305219585
185.48,-6.394371283078675,10.394550726256163,-0.10986667987737637
185.5,-6.490332008127682,10.407924621016063,0.08714651594779443
185.52,-6.5866677594447145,10.421298515775964,0.2841597117729653
185.54,-6.682716742715293,10.434672410535864,0.48117290759813613
185.56,-6.690835402073979,10.434744304248806,0.4925765097947203
185.58,-6.690773203107626,10.433599947533127,0.48700915047881627
185.6,-6.690797578885068,10.432455590817447,0.48144179116291225
185.62,-6.690587380518955,10.431311234101766,0.47587443184700823
185.64,-6.632270671400961,10.358667515841237,0.15722165972310814
185.66,-6.570266640964028,10.28209762071338,-0.17862327578106416
185.68,-6.5083390912908925,10.205527725585522,-0.5144682112852365
185.7,-6.446374525957745,10.128957830457667,-0.8503131467894088
185.72,-6.443462519570205,10.128009173039128,-0.8670413627847797
185.74,-6.441376181988424,10.128630072235609,-0.8771461516419545
185.76,-6.439770898657419,10.12925097143209,-0.8872509404991293
185.78,-6.437677804095285,10.13098454443012,-0.8947486337899846
185.8,-6.410211849241499,10.22932204641533,-0.675894565584982
185.82,-6.383469214996701,10.327659548400538,-0.4570404973799791
185.84,-6.355771544233978,10.425997050385746,-0.23818642917497626
185.86,-6.329773087142159,10.520123200303804,-0.028855026698923043
185.88,-6.32993478733142,10.520765280278404,-0.030908836111621197
185.9,-6.330025492621171,10.521407360253006,-0.03296264552431935
185.92,-6.330467456963099,10.522049440227608,-0.0350164549370175
185.94,-6.335354030849497,10.528650363879692,-0.04144136476118328
185.96,-6.39673079103965,10.608927208001253,-0.10191113021672288
185.98,-6.457997704008809,10.689204052122815,-0.1623808956722625
186.0,-6.519062322305988,10.769480896244378,-0.2228506611278021
186.02,-6.573457097112623,10.841336844408955,-0.2765972269826419
186.04,-6.573245425144014,10.842579401666868,-0.2739664282467155
186.06,-6.573065638808581,10.843821958924782,-0.27133562951078916
186.08,-6.573103041187062,10.845064516182694,-0.26870483077486274
186.1,-6.5695132395059535,10.854586600846314,-0.2812104842680264
186.12,-6.5475859506812935,10.915709622488443,-0.3880518503301148
186.14,-6.525307420577395,10.976832644130567,-0.4948932163922032
186.16,-6.503042048502918,11.037955665772694,-0.6017345824542916
186.18,-6.484330315474658,11.088910304017936,-0.6889402792700186
186.2,-6.483180571106336,11.090215012805942,-0.6802694188321875
186.22,-6.481923736389238,11.091519721593947,-0.6715985583943564
186.24,-6.4808074707317775,11.092824430381953,-0.6629276979565254
186.26,-6.46291455758486,11.098643282593365,-0.6730544236728319
186.28,-6.381582100249981,11.12232758549059,-0.7575756284629969
186.3,-6.299948067130963,11.146011888387813,-0.8420968332531618
186.32,-6.218527879458957,11.169696191285038,-0.9266180380433268
186.34,-6.155270249111151,11.187991506421158,-0.9897793088489457
186.36,-6.15273513215493,11.188589535965509,-0.9827951518481862
186.38,-6.151085019534364,11.18918756550986,-0.9758109948474268
186.4,-6.14904177485578,11.18978559505421,-0.9688268378466676
186.42,-6.125143164837043,11.180309971786276,-0.8268758372648687
186.44,-6.042083931372762,11.142915497855986,-0.3108679557756317
186.46,-5.959281001789867,11.105521023925698,0.20513992571360506
186.48,-5.876011052942497,11.06812654999541,0.7211478072028419
186.5,-5.817549099611556,11.041932674444846,0.9225964730802011
186.52,-5.816553528720926,11.042267339440263,0.3790137912950676
186.54,-5.815725073710652,11.04260200443568,-0.164568890490066
186.56,-5.815016033588819,11.042936669431098,-0.7081515722751995
186.58,-5.829874340332104,11.018702013527967,-1.021753970951433
186.6,-5.876325219120673,10.94426445068982,-0.8654337861960832
186.62,-5.92251711102217,10.869826887851671,-0.7091136014407334
186.64,-5.968871571005257,10.795389325013522,-0.5527934166853836
186.66,-5.9981630704332005,10.748189848190268,-0.4522686020290954
186.68,-5.997854671572098,10.749348734009823,-0.4508026103593049
186.7,-5.997947748705457,10.750507619829378,-0.4493366186895144
186.72,-5.997710404779015,10.751666505648933,-0.447870627019724
186.74,-6.033232932444893,10.722296355382081,-0.31173388900058624
186.76,-6.124086736574313,10.64558086388159,0.033254265815739086
186.78,-6.2149916048956655,10.568865372381097,0.3782424206320644
186.8,-6.30599473873832,10.492149880880605,0.7232305754483896
186.82,-6.357534634584319,10.44799670977232,0.922010566997741
186.84,-6.355750979126247,10.44812454441811,0.9219642942963648
186.86,-6.354102436924663,10.448252379063902,0.9219180215949886
186.88,-6.352417669245739,10.448380213709692,0.9218717488936125
186.9,-6.307553380474658,10.477105203944037,0.707838220285503
186.92,-6.2111718286490465,10.540019115011559,0.23797528483832833
186.94,-6.114628279706489,10.602933026079082,-0.23188765060884645
186.96,-6.018111205345884,10.665846937146606,-0.7017505860560214
186.98,-5.968164762748492,10.698401158977306,-0.9440155144162707
187.0,-5.966743128387764,10.698999146978569,-0.9467135922448882
187.02,-5.965398101285045,10.69959713497983,-0.9494116700735055
187.04,-5.963841083839991,10.700195122981093,-0.9521097479021229
187.06,-5.952692129741813,10.756673895254956,-0.911356197810468
187.08,-5.9324999063950585,10.864960636019784,-0.8303179487927397
187.1,-5.9126561250028296,10.973247376784613,-0.7492796997750114
187.12,-5.892682538232979,11.08153411754944,-0.6682414507572833
187.14,-5.883567688959058,11.130794984543906,-0.6346151284315212
187.16,-5.882631975160276,11.131884809798052,-0.6396817004888744
187.18,-5.881508465513701,11.132974635052198,-0.6447482725462277
187.2,-5.880006604139135,11.134064460306343,-0.6498148446035809
187.22,-5.909940710548735,11.180640473906431,-0.6099482876032538
187.24,-5.961630844901915,11.259838216159679,-0.5378566443303829
187.26,-6.013675666129915,11.339035958412929,-0.465765001057512
187.28,-6.065741523828427,11.418233700666176,-0.393673357784641
187.3,-6.085380573523599,11.449428660860876,-0.3705163613918903
187.32,-6.085493390815879,11.450454985179046,-0.37811365631650423
187.34,-6.085037971306326,11.451481309497218,-0.38571095124111815
187.36,-6.085322941402808,11.452507633815392,-0.39330824616573207
187.38,-6.127241153601586,11.463551051741868,-0.3456827207201038
187.4,-6.192506563482171,11.48008873196863,-0.26776810425269126
187.42,-6.257361641225277,11.49662641219539,-0.18985348778527872
187.44,-6.32268011734665,11.51316409242215,-0.11193887131786615
187.46,-6.343450374166665,11.518334451843689,-0.08779648767805129
187.48,-6.342589591777989,11.518094075731883,-0.08924917044419668
187.5,-6.341837795062657,11.517853699620076,-0.09070185321034209
187.52,-6.340844314127526,11.517613323508272,-0.0921545359764875
187.54,-6.411606036723088,11.539183316483724,0.001091044799825224
187.56,-6.512044172938094,11.569695060547131,0.1331607416500098
187.58,-6.612278629259631,11.600206804610535,0.2652304385001944
187.6,-6.712801417550612,11.630718548673938,0.39730013535037895
187.62,-6.7383377711589745,11.638078843517096,0.42925572216532426
187.64,-6.737335607801688,11.637345025762379,0.42620983362756787
187.66,-6.736175388791144,11.63661120800766,0.4231639450898114
187.68,-6.734969886458469,11.635877390252938,0.4201180565520551
187.7,-6.815087055565723,11.595986408709903,0.493681069031977
187.72,-6.918828752900444,11.544574977399659,0.5897832266008127
187.74,-7.022420962911314,11.493163546089418,0.6858853841696484
187.76,-7.125728602019025,11.441752114779174,0.7819875417384843
187.78,-7.144672976689659,11.431612016184795,0.8017928256087721
187.8,-7.142355295910688,11.431508070793814,0.8030446230033358
187.82,-7.140447169393708,11.431404125402835,0.8042964203978995
187.84,-7.138550491128797,11.431300180011855,0.8055482177924634
187.86,-7.039026779283642,11.45311125373495,0.859873233471278
187.88,-6.920822553488026,11.479217927021763,0.924601219465576
187.9,-6.8023160745448,11.50532460030858,0.9893292054598741
187.92,-6.684142489551602,11.531431273595395,1.054057191454172
187.94,-6.666250719709366,11.535013157158719,1.0625754409590034
187.96,-6.663683014372696,11.535164601799764,1.0625331635851505
187.98,-6.6614346488201885,11.535316046440807,1.0624908862112978
188.0,-6.658334666077517,11.535467491081851,1.0624486088374452
188.02,-6.625170797849934,11.639588977011211,0.6467221545803141
188.04,-6.588651788338977,11.755320137532877,0.18457888672007966
188.06,-6.552098633538947,11.871051298054546,-0.2775643811401549
188.08,-6.515064989788973,11.986782458576215,-0.7397076490003895
188.1,-6.51169973072027,11.995913814675832,-0.7734436522524659
188.12,-6.510192279058394,11.997178198309307,-0.7755635735310241
188.14,-6.508655913769921,11.998442581942784,-0.7776834948095824
188.16,-6.507283244952502,11.999706965576259,-0.7798034160881405
188.18,-6.549874546771338,12.097022891759766,-0.6997428567670924
188.2,-6.594161729410375,12.198029987863922,-0.6165241793148756
188.22,-6.6383363328735605,12.29903708396808,-0.5333055018626587
188.24,-6.682275568139888,12.40004418007224,-0.45008682441044195
188.26,-6.682293527336565,12.401906555986198,-0.45637443374469827
188.28,-6.681846470952502,12.403241997573724,-0.46313775106268396
188.3,-6.68138818726764,12.404577439161253,-0.46990106838066964
188.32,-6.683852843361912,12.406984377586049,-0.47441669069687403
188.34,-6.782006279152272,12.448855368756597,-0.39614797709970195
188.36,-6.88072458691895,12.490726359927141,-0.3178792635025299
188.38,-6.978984841367675,12.532597351097689,-0.23961054990535785
188.4,-7.071751718392852,12.572064753050807,-0.16626538502712546
188.42,-7.07130875849932,12.572604094671163,-0.17266105114962887
188.44,-7.071566444040169,12.573143436291522,-0.17905671727213227
188.46,-7.071834585208926,12.573682777911877,-0.1854523833946357
188.48,-7.07862523954765,12.571538128295268,-0.18496049981560317
188.5,-7.14911453662153,12.542213513120618,-0.11472048848988775
188.52,-7.2197647214230205,12.512888897945972,-0.04448047716417235
188.54,-7.289958375283138,12.483564282771322,0.025759534161543106
188.56,-7.351973210885383,12.457769262458928,0.0860167912279984
188.58,-7.352543098228496,12.457472318743527,0.07415783023391241
188.6,-7.35292645064054,12.457175375028125,0.062298869239826436
188.62,-7.353146952160866,12.456878431312724,0.05043990824574046
188.64,-7.352954290598431,12.446478450752958,0.05577499310851486
188.66,-7.348110622357716,12.380283980246249,0.156064994348041
188.68,-7.343780997887993,12.31408950973954,0.25635499558756714
188.7,-7.33910647504387,12.247895039232832,0.3566449968270932
188.72,-7.335053085498716,12.19383842452624,0.4376847117325914
188.74,-7.334228630859075,12.193241728552417,0.4339385501252048
188.76,-7.332684624936951,12.192645032578596,0.43019238851781827
188.78,-7.331260181977093,12.192048336604776,0.4264462269104318
188.8,-7.348092918359516,12.175713164541065,0.44911307540197654
188.82,-7.429665639579746,12.10250687624994,0.5672235588854303
188.84,-7.511201290692243,12.029300587958813,0.6853340423688842
188.86,-7.5925625827416,11.956094299667686,0.803444525852338
188.88,-7.6531858107684645,11.90095763803348,0.892166121617417
188.9,-7.6513093327347494,11.900473464225815,0.8919995594387825
188.92,-7.648997634129723,11.899989290418148,0.8918329972601479
188.94,-7.646397331877299,11.899505116610483,0.8916664350815133
188.96,-7.646418757449265,11.86658702059059,0.756889471090091
188.98,-7.653679440063241,11.750348108437738,0.27630639503990717
189.0,-7.660615899454005,11.634109196284884,-0.20427668101027663
189.02,-7.6672425611142945,11.517870284132032,-0.6848597570604605
189.04,-7.671414905535904,11.438115010352774,-1.015366656922117
189.06,-7.669645209237901,11.438842547692504,-1.0148059034440664
189.08,-7.668108336969247,11.439570085032232,-1.0142451499660161
189.1,-7.666076089249692,11.440297622371961,-1.0136843964879658
189.12,-7.63816146873609,11.412184990416577,-0.9860617982872047
189.14,-7.561546914726817,11.328985928588587,-0.9067494753734398
189.16,-7.484964037079585,11.2457868667606,-0.8274371524596748
189.18,-7.408520216469389,11.162587804932611,-0.7481248295459098
189.2,-7.360215948805093,11.111073935108653,-0.6990408632442742
189.22,-7.359086427499589,11.112288618825497,-0.700261074359978
189.24,-7.358064162957813,11.113503302542341,-0.701481285475682
189.26,-7.3570391189261635,11.114717986259183,-0.7027014965913859
189.28,-7.3959428900690884,11.145999572675636,-0.6645425931171928
189.3,-7.494352823901368,11.22107490947782,-0.5690262979624983
189.32,-7.592211486633154,11.296150246280003,-0.4735100028078037
189.34,-7.689620278727201,11.371225583082186,-0.37799370765310925
189.36,-7.744473241735022,11.413866907288151,-0.32667860707680113
189.38,-7.744512085181537,11.415026361815887,-0.33189515480282306
189.4,-7.744556104606824,11.416185816343623,-0.3371117025288449
189.42,-7.744564929656882,11.417345270871358,-0.3423282502548668
189.44,-7.794311166560645,11.418499201235651,-0.31135121356627093
189.46,-7.898661377016696,11.419646915125611,-0.23964466356064332
189.48,-8.003367831351463,11.42079462901557,-0.16793811355501573
189.5,-8.107755210756245,11.42194234290553,-0.09623156354938815
189.52,-8.159780574268057,11.422511278156811,-0.06252200563987141
189.54,-8.159890216628394,11.422506589882792,-0.06647100507912039
189.56,-8.159962632802438,11.422501901608772,-0.07042000451836937
189.58,-8.159960374005578,11.422497213334752,-0.07436900395761836
189.6,-8.194561996524174,11.385935827057006,-0.034567558402693814
189.62,-8.26018886571171,11.317467376108691,0.043419728708618904
189.64,-8.325768307097986,11.248998925160379,0.12140701581993162
189.66,-8.391406950617203,11.18053047421207,0.19939430293124435
189.68,-8.419418887973269,11.15035589604003,0.2298602727851333
189.7,-8.419004399508037,11.149583083594113,0.2238397100503108
189.72,-8.41909621929499,11.148810271148196,0.21781914731548827
189.74,-8.419138390397688,11.148037458702278,0.21179858458066575
189.76,-8.406735944788736,11.104792687224375,0.2588467413786892
189.78,-8.38521821780071,11.032924880047531,0.3416593858129392
189.8,-8.363687637677113,10.961057072870686,0.42447203024718916
189.82,-8.342028475522497,10.889189265693842,0.507284674681439
189.84,-8.33345520232895,10.86220353973065,0.5354514331708206
189.86,-8.332405550557104,10.86167706267957,0.5314029053111743
189.88,-8.3313930184582,10.861150585628492,0.527354377451528
189.9,-8.330429616274445,10.860624108577413,0.5233058495918818
189.92,-8.28814230926151,10.838331238223022,0.571837000600318
189.94,-8.224586494433472,10.804867185090199,0.6473536606401079
189.96,-8.160882902126882,10.771403131957378,0.7228703206798978
189.98,-8.09709251531212,10.737939078824555,0.7983869807196877
190.0,-8.076067493709122,10.727392801179022,0.8189806505883316
190.02,-8.074721706500924,10.727020239486764,0.8151927699170615
190.04,-8.072960309945723,10.726647677794507,0.8114048892457916
190.06,-8.071049771216222,10.726275116102249,0.8076170085745215
190.08,-8.03254516540052,10.718850694705374,0.4826971972386168
190.1,-7.979809074471724,10.70874173603744,0.03552727417235444
190.12,-7.927080874245394,10.698632777369506,-0.41164264889390795
190.14,-7.874280171434632,10.688523818701572,-0.8588125719601704
190.16,-7.860173003571306,10.686577824717194,-0.9707595056516733
190.18,-7.858200513191086,10.687266461615078,-0.9745118220087627
190.2,-7.855965752908073,10.687955098512965,-0.9782641383658522
190.22,-7.853479950632984,10.688643735410851,-0.9820164547229417
190.24,-7.790977864647962,10.667605758171666,-0.9064626235423953
190.26,-7.712762342269675,10.640712699580092,-0.8095366658699779
190.28,-7.6348408500797404,10.613819640988517,-0.7126107081975603
190.3,-7.556850463277266,10.586926582396943,-0.6156847505251429
190.32,-7.542903225008883,10.582674336998062,-0.5995323966757564
190.34,-7.5425905038316134,10.583410935796518,-0.6011782959765825
190.36,-7.541663720225854,10.584147534594972,-0.6028241952774085
190.38,-7.541142369061717,10.584884133393427,-0.6044700945782345
190.4,-7.476083050334434,10.633109787609886,-0.5323730730211589
190.42,-7.400247229818346,10.689639786920933,-0.44738072942205975
190.44,-7.324368947932738,10.74616978623198,-0.36238838582296073
190.46,-7.248500754290221,10.802699785543025,-0.27739604222386166
190.48,-7.239470182377852,10.80953730491232,-0.26925889094359334
190.5,-7.239704636195697,10.809782731134087,-0.2713171774283712
190.52,-7.239682839430122,10.810028157355854,-0.27337546391314904
190.54,-7.239683292732389,10.81027358357762,-0.27543375039792684
190.56,-7.309477226009458,10.73291884877142,-0.181190852125592
190.58,-7.385016367536622,10.64831821186825,-0.07795584678377682
190.6,-7.460475988780157,10.563717574965079,0.025279158558038365
190.62,-7.536359906070798,10.479116938061908,0.1285141638998535
190.64,-7.540601866257642,10.473774040577995,0.13274915645843813
190.66,-7.54128539027514,10.47292706986817,0.13136833393866443
190.68,-7.542121389395405,10.472080099158347,0.12998751141889078
190.7,-7.5425715890694285,10.471233128448523,0.12860668889911708
190.72,-7.541110158539919,10.36353335859136,0.20055318545728887
190.74,-7.539164133240787,10.253434399065148,0.2741461166226485
190.76,-7.537726809104461,10.143335439538935,0.3477390477880081
190.78,-7.535921837757746,10.034299097259682,0.42061697337511
190.8,-7.534841653140372,10.033074129839697,0.4209516246604422
190.82,-7.534376610402653,10.031849162419716,0.42128627594577456
190.84,-7.533471515767722,10.030624194999731,0.4216209272311069
190.86,-7.529163063094792,10.02636485697528,0.42504726388276387
190.88,-7.445919996945927,9.951987759002831,0.49991578100885575
190.9,-7.363144623717094,9.877610661030383,0.5747842981349477
190.92,-7.27949198921913,9.803233563057933,0.6496528152610396
190.94,-7.2017333036583935,9.734205590229209,0.7188541590193249
190.96,-7.199827898202782,9.732903485192804,0.7163027910814419
190.98,-7.197547595607551,9.731601380156398,0.7137514231435589
191.0,-7.195680503048791,9.730299275119993,0.711200055205676
191.02,-7.1832098367334165,9.727372528433506,0.7154255386537245
191.04,-7.080837502862259,9.710585951235892,0.7774643938095126
191.06,-6.978184486048159,9.693799374038276,0.8395032489653007
191.08,-6.875941477781261,9.677012796840664,0.9015421041210889
191.1,-6.787354765415833,9.662499738880479,0.9547038665165184
191.12,-6.785673879954025,9.662351803959156,0.9517761410244195
191.14,-6.7837907270643925,9.662203869037834,0.9488484155323204
191.16,-6.78205101347589,9.66205593411651,0.9459206900402215
191.18,-6.765158235621316,9.670137476362143,0.8619107805319024
191.2,-6.673450545939657,9.718869455338371,0.3773862180920619
191.22,-6.582056872582545,9.767601434314603,-0.10713834434777879
191.24,-6.490841473964018,9.816333413290831,-0.5916629067876196
191.26,-6.4174277084724825,9.855382531983048,-0.9812802046393551
191.28,-6.415337865123318,9.855719890149306,-0.9914613450805629
191.3,-6.413361017911214,9.856057248315562,-1.001642485521771
191.32,-6.411084534498762,9.85639460648182,-1.0118236259629791
191.34,-6.407810384134546,9.866786879827005,-0.9942692132643343
191.36,-6.400626399316758,9.910501494879167,-0.8847982042830208
191.38,-6.393755951537049,9.954216109931329,-0.7753271953017076
191.4,-6.386634565762016,9.99793072498349,-0.6658561863203941
191.42,-6.381087736159937,10.030441481930453,-0.5877755427173191
191.44,-6.3797589919343505,10.031640221858039,-0.5974232196390994
191.46,-6.378780011312299,10.032838961785625,-0.6070708965608796
191.48,-6.377616795456351,10.03403770171321,-0.6167185734826599
191.5,-6.3787837410492365,10.059017774217324,-0.5954678013364456
191.52,-6.38718628049523,10.140765132334824,-0.50046081399038
191.54,-6.395435975306759,10.222512490452324,-0.40545382664431434
191.56,-6.403948463456796,10.304259848569824,-0.31044683929824884
191.58,-6.409397211551138,10.359230564593599,-0.25070662467416743
191.6,-6.408547976756196,10.359082695213047,-0.26356157031728356
191.62,-6.4075645064068745,10.358934825832499,-0.27641651596039973
191.64,-6.406788913259531,10.358786956451949,-0.2892714616035158
191.66,-6.425321102087462,10.39277386793421,-0.2324494725078431
191.68,-6.479062488449376,10.48779314837423,-0.0510463880796807
191.7,-6.532593915219767,10.582812428814249,0.13035669634848168
191.72,-6.585909554509469,10.677831709254267,0.31175978077664407
191.74,-6.618054485475083,10.735379129100119,0.42491971294565406
191.76,-6.61720032369724,10.734415799955459,0.43152080632623063
191.78,-6.616463259593951,10.733452470810798,0.4381218997068071
191.8,-6.615306561381901,10.732489141666136,0.4447229930873836
191.82,-6.649103358442627,10.743095896121103,0.46841578175473
191.84,-6.7316754279191855,10.769541849800593,0.5155067390179124
191.86,-6.81442128463598,10.795987803480084,0.5625976962810949
191.88,-6.8967113456872,10.822433757159576,0.6096886535442774
191.9,-6.941240286201689,10.836070027239336,0.638258008907472
191.92,-6.939571709214931,10.834291059797172,0.6445383756042489
191.94,-6.938040219154523,10.832512092355008,0.6508187423010259
191.96,-6.936244497931748,10.830733124912847,0.6570991089978027
191.98,-6.976026612540835,10.86402129837895,0.47518749834218627
192.0,-7.061165831344761,10.93446184475052,0.09389326511394329
192.02,-7.145882137384557,11.00490239112209,-0.2874009681142997
192.04,-7.230710654645737,11.075342937493662,-0.6686952013425428
192.06,-7.27062892081198,11.109833477749842,-0.8514647451178914
192.08,-7.269980405506706,11.110776331481706,-0.8489757933111897
192.1,-7.268939548141898,11.111719185213568,-0.846486841504488
192.12,-7.267904462863955,11.112662038945432,-0.8439978896977864
192.14,-7.294957037991624,11.084549385707582,-0.8447564145718311
192.16,-7.3443396370302345,11.03256817155902,-0.8481826814006559
192.18,-7.393758965614563,10.98058695741046,-0.8516089482294805
192.2,-7.443261664183337,10.9286057432619,-0.8550352150583052
192.22,-7.462917935812721,10.907450994324167,-0.8555109071371715
192.24,-7.460018888868689,10.908552607874173,-0.8538563173062205
192.26,-7.457516751223519,10.90965422142418,-0.8522017274752696
192.28,-7.454547153616232,10.910755834974188,-0.8505471376443186
192.3,-7.463330802739961,10.90596348581795,-0.8086922204819762
192.32,-7.478861470216938,10.897441424537513,-0.741398450765333
192.34,-7.494760790969943,10.888919363257077,-0.6741046810486897
192.36,-7.510377907723695,10.880397301976641,-0.6068109113320463
192.38,-7.515745537607179,10.878182346160154,-0.5816160507179566
192.4,-7.515168776146918,10.879451429031143,-0.5796765849680038
192.42,-7.514542794253694,10.880720511902133,-0.577737119218051
192.44,-7.513550964462494,10.88198959477312,-0.5757976534680983
192.46,-7.493915249269373,10.882137124446489,-0.530415114237299
192.48,-7.464587587901466,10.881746821449275,-0.4641997654009716
192.5,-7.435680144724657,10.88135651845206,-0.39798441656464423
192.52,-7.406899950361195,10.880966215454846,-0.3317690677283169
192.54,-7.397641365726072,10.880501166500558,-0.3122480713844829
192.56,-7.396743978231312,10.880005231142167,-0.3120220402372367
192.58,-7.396479166556471,10.879509295783778,-0.31179600908999044
192.6,-7.395665447646126,10.87901336042539,-0.3115699779427442
192.62,-7.36519434927809,10.903916178653112,-0.26448652309276954
192.64,-7.32390208952741,10.937774222980249,-0.20088183139268234
192.66,-7.282735731493162,10.971632267307383,-0.1372771396925952
192.68,-7.241657775325887,11.005490311634517,-0.07367244799250804
192.7,-7.231180125166738,11.012761398317052,-0.05753212174501568
192.72,-7.230683111005291,11.012137729116679,-0.05548590823484202
192.74,-7.229450920567691,11.011514059916307,-0.05343969472466835
192.76,-7.22842325723683,11.010890390715934,-0.05139348121449469
192.78,-7.2206718209613925,11.05879851128213,0.0005547009380371411
192.8,-7.211618145083458,11.118630602484975,0.06476349848646802
192.82,-7.202700828428105,11.178462693687822,0.12897229603489888
192.84,-7.193558134550358,11.238294784890668,0.19318109358332974
192.86,-7.192214832006131,11.247704392097303,0.20618915842346186
192.88,-7.192307212965179,11.247113048530784,0.2090419122439399
192.9,-7.1929818832300985,11.246521704964266,0.21189466606441792
192.92,-7.193015918768326,11.245930361397745,0.21474741988489598
192.94,-7.222770524677159,11.286950448527085,0.27424288064554286
192.96,-7.257240847415419,11.334397841148931,0.34248737923880407
192.98,-7.292017573193348,11.38184523377078,0.4107318778320654
193.0,-7.326712287113558,11.42929262639263,0.47897637642532653
193.02,-7.3291903126931395,11.434546246712328,0.4839174692323211
193.04,-7.327871586134286,11.435003382952404,0.4816623868344662
193.06,-7.326550685279162,11.435460519192477,0.47940730443661134
193.08,-7.324629043921231,11.43591765543255,0.47715222203875657
193.1,-7.386983307300044,11.450960324073852,0.5376489981087254
193.12,-7.4537247667942985,11.46710679722321,0.6028947118492934
193.14,-7.5206730060341265,11.483253270372572,0.6681404255898615
193.16,-7.58765349920699,11.499399743521929,0.7333861393304296
193.18,-7.589308283460921,11.500295607745565,0.7358155288927757
193.2,-7.588271925855052,11.500578609089342,0.7357205737863047
193.22,-7.586674623798443,11.50086161043312,0.735625618679834
193.24,-7.585404844796013,11.501144611776898,0.7355306635733633
193.26,-7.624245461941744,11.478701278417269,0.7994631424318006
193.28,-7.663592993951141,11.456099735520402,0.8638413487174946
193.3,-7.702566677051919,11.433498192623535,0.9282195550031885
193.32,-7.740436907920145,11.41147324772872,0.9910044609749395
193.34,-7.739714785161482,11.412115221013286,0.9911543808337779
193.36,-7.739026485310818,11.41275719429785,0.9913043006926162
193.38,-7.737971987870839,11.413399167582414,0.9914542205514545
193.4,-7.737862055031409,11.411009904036987,0.9638668069444289
193.42,-7.752794458826735,11.358027335126756,0.47332533835946566
193.44,-7.767356387691233,11.305044766216525,-0.017216130225497655
193.46,-7.781954241148638,11.252062197306294,-0.5077575988104611
193.48,-7.794980426397462,11.203722534076755,-0.9551252860409071
193.5,-7.795688117213189,11.203352430921296,-0.9564302184488114
193.52,-7.796229832670816,11.202982327765834,-0.9577351508567158
193.54,-7.797181264593442,11.202612224610375,-0.9590400832646203
193.56,-7.794610919000119,11.19496433143453,-0.9520984440443635
193.58,-7.764495179326895,11.133929531125947,-0.8846633098973424
193.6,-7.733885154017198,11.072894730817364,-0.8172281757503214
193.62,-7.704016140528887,11.01185993050878,-0.7497930416033002
193.64,-7.678407330238992,10.960037438444932,-0.6927381458370409
193.66,-7.678296445746183,10.959734718495447,-0.693734663642967
193.68,-7.677651466912632,10.959431998545961,-0.6947311814488932
193.7,-7.677352330383625,10.959129278596475,-0.6957276992548195
193.72,-7.6707911349643645,10.95636213895265,-0.6844160641289297
193.74,-7.637201464387035,10.942622594106565,-0.6183044931116017
193.76,-7.60350838054646,10.92888304926048,-0.5521929220942735
193.78,-7.569596249578451,10.915143504414392,-0.4860813510769454
193.8,-7.543107147408769,10.904259968092516,-0.4341658897916992
193.82,-7.5422677081122345,10.903796273834415,-0.43404341864439133
193.84,-7.541548218277608,10.903332579576311,-0.4339209474970835
193.86,-7.541010906045496,10.902868885318211,-0.43379847634977564
193.88,-7.523923541251673,10.907496376850816,-0.4187673913435094
193.9,-7.457748007393462,10.927657436891554,-0.3582490693241829
193.92,-7.3917612382545315,10.94781849693229,-0.2977307473048563
193.94,-7.325474691258631,10.967979556973027,-0.2372124252855298
193.96,-7.276880144157724,10.982247739331362,-0.19333172461537695
193.98,-7.274624219204421,10.98125465890346,-0.19253881996477246
194.0,-7.273100026835307,10.980261578475556,-0.19174591531416793
194.02,-7.27153170386814,10.979268498047656,-0.1909530106635635
194.04,-7.26191062241808,10.991785631817397,-0.1710503883560142
194.06,-7.236038168036703,11.034333333449831,-0.10867059547674156
194.08,-7.210401173651356,11.076881035082268,-0.046290802597468914
194.1,-7.1841196397458695,11.119428736714704,0.016088990281803748
194.12,-7.166325275135222,11.147488798301174,0.05697461618662821
194.14,-7.1647270575543445,11.14767608748043,0.056507611693357614
194.16,-7.162419579638627,11.14786337665969,0.05604060720008701
194.18,-7.160501963805826,11.148050665838944,0.05557360270681641
194.2,-7.1631814423144125,11.172395825817192,0.07872574623390433
194.22,-7.1736846937174406,11.237223163195221,0.14145731081790716
194.24,-7.184094164432988,11.302050500573248,0.20418887540191002
194.26,-7.194532660106857,11.366877837951277,0.26692043998591286
194.28,-7.200295613583011,11.405721617484211,0.3040620539840753
194.3,-7.198281989258515,11.406463128642443,0.3036785849766759
194.32,-7.196474016126382,11.407204639800675,0.30329511596927644
194.34,-7.193915499093864,11.407946150958905,0.30291164696187695
194.36,-7.215641762173425,11.426767181284148,0.3317816271545425
194.38,-7.26778198888845,11.468864541402167,0.3983137224104997
194.4,-7.320448601349753,11.510961901520187,0.464845817666457
194.42,-7.373008160138797,11.553059261638207,0.5313779129224141
194.44,-7.400592639007117,11.576017368732769,0.5675574542119495
194.46,-7.399529715019279,11.577296495386216,0.5693567392308021
194.48,-7.398550033281303,11.578575622039663,0.5711560242496546
194.5,-7.3976015422642245,11.579854748693114,0.5729553092685071
194.52,-7.429770807621141,11.578394510454157,0.6071230632576085
194.54,-7.494043491271208,11.574201583272979,0.6735804028645098
194.56,-7.5586218601648945,11.5700086560918,0.7400377424714113
194.58,-7.623094411927811,11.565815728910621,0.8064950820783126
194.6,-7.652767560732164,11.564007088888525,0.8381068965353901
194.62,-7.651693915828892,11.564293124369069,0.8391057591800599
194.64,-7.65104132970257,11.564579159849613,0.8401046218247299
194.66,-7.650257271315807,11.56486519533016,0.8411034844693999
194.68,-7.666340224235203,11.546140063603561,0.5657726002739669
194.7,-7.695711557803948,11.512721369334765,0.07686890525502668
194.72,-7.7257809422588455,11.479302675065965,-0.41203478976391356
194.74,-7.755603570497023,11.445883980797168,-0.9009384847828537
194.76,-7.767669891505648,11.43246993757457,-1.0987012537028469
194.78,-7.767144456663154,11.432629015949203,-1.0989254010919907
194.8,-7.766973192968226,11.432788094323836,-1.0991495484811344
194.82,-7.767072492654387,11.432947172698471,-1.0993736958702782
194.84,-7.765760873646187,11.40211141297537,-1.0585585477931407
194.86,-7.764051345768484,11.352875606785885,-0.9933804738266603
194.88,-7.762430592546574,11.303639800596399,-0.9282023998601799
194.9,-7.760841500007629,11.254403994406914,-0.8630243258936997
194.92,-7.760589475582442,11.237756150872116,-0.8422154067328815
194.94,-7.761604048197013,11.237955138123615,-0.8443437804326992
194.96,-7.761960637564599,11.238154125375114,-0.8464721541325169
194.98,-7.7621796866826624,11.238353112626614,-0.8486005278323346
195.0,-7.7286209082343955,11.203657400390027,-0.803824993624122
195.02,-7.679689514365116,11.153352522991009,-0.7380683116759745
195.04,-7.630514970854726,11.103047645591989,-0.6723116297278272
195.06,-7.581468924249975,11.052742768192967,-0.6065549477796799
195.08,-7.567747910318721,11.037865988793762,-0.5912131147670443
195.1,-7.567055696683029,11.036586262200396,-0.5952201433043073
195.12,-7.56618541641412,11.035306535607031,-0.5992271718415703
195.14,-7.564928644785786,11.034026809013666,-0.6032342003788332
195.16,-7.51140131676695,11.02567588571707,-0.5536409251073382
195.18,-7.4404579077038715,11.015022535030317,-0.48659504417523364
195.2,-7.369694051884492,11.004369184343561,-0.419549163243129
195.22,-7.298971959941783,10.993715833656807,-0.3525032823110244
195.24,-7.282675372965402,10.990402882025483,-0.3375063673134038
195.26,-7.281149799066313,10.989087369557717,-0.3366728025907868
195.28,-7.2798214424077905,10.987771857089951,-0.3358392378681698
195.3,-7.278666811493794,10.986456344622187,-0.33500567314555285
195.32,-7.234242457670598,11.011347793658127,-0.2866360209118751
195.34,-7.1803651247166815,11.042077491701388,-0.22767652919282713
195.36,-7.125953484366583,11.07280718974465,-0.1687170374737791
195.38,-7.071964519450944,11.10353688778791,-0.10975754575473111
195.4,-7.062454086418262,11.108006228302203,-0.09679548987703886
195.42,-7.061150472624032,11.107824380551444,-0.09198041880607503
195.44,-7.059508102114458,11.107642532800686,-0.08716534773511123
195.46,-7.05790593778509,11.107460685049924,-0.08235027666414742
195.48,-7.045912820371205,11.152156733594678,-0.030223908317296905
195.5,-7.032398982611454,11.202900011358778,0.02827758638146553
195.52,-7.018827583071333,11.253643289122879,0.08677908108022796
195.54,-7.004423331922364,11.30438656688698,0.1452805757789904
195.56,-7.002049596878102,11.30891848274989,0.15267883093818663
195.58,-7.000874600564931,11.309045395741105,0.15520577506772318
195.6,-7.000055416536949,11.309172308732318,0.15773271919725979
195.62,-6.998776451376157,11.309299221723533,0.16025966332679634
195.64,-7.019466830584154,11.345055681127684,0.22356322976782086
195.66,-7.0419549012597145,11.38289807178975,0.2904249626463428
195.68,-7.064587769789187,11.420740462451812,0.3572866955248648
195.7,-7.08702261400898,11.458582853113878,0.4241484284033868
195.72,-7.086612910807181,11.460071369839271,0.4273228281897129
195.74,-7.0850822967793565,11.460681700522034,0.4289587584552613
195.76,-7.083953938086177,11.461292031204797,0.4305946887208097
195.78,-7.083424124126042,11.462036083656319,0.43279116140828017
195.8,-7.136382193328352,11.479087505809215,0.5033457824563924
195.82,-7.189588026464929,11.496138927962114,0.5739004035045046
195.84,-7.2423805127435905,11.513190350115012,0.6444550245526168
195.86,-7.293028206857487,11.529598869725689,0.7121089837824047
195.88,-7.291529979693893,11.53051868625295,0.7098806720632239
195.9,-7.290138077510724,11.531438502780212,0.707652360344043
195.92,-7.28848989948283,11.532358319307475,0.7054240486248622
195.94,-7.2912788084131,11.531337791586921,0.7080306357657101
195.96,-7.351952847965585,11.505147912060805,0.7733535530059097
195.98,-7.4127709016025705,11.47895803253469,0.8386764702461095
196.0,-7.473357322118705,11.452768153008574,0.903999387486309
196.02,-7.527760598244235,11.429613005356178,0.9339587073267416
196.04,-7.526286335540858,11.432802675741614,0.656923018241195
196.06,-7.5248097406072105,11.435992346127051,0.37988732915564855
196.08,-7.523638018021186,11.439182016512488,0.10285164007010195
196.1,-7.526278980883362,11.433939983374653,-0.1454499243977784
196.12,-7.553121775366796,11.374679174953869,-0.2096626844633001
196.14,-7.579490489332226,11.315418366533084,-0.27387544452882184
196.16,-7.605790318621782,11.256157558112301,-0.3380882045943435
196.18,-7.627599997768161,11.20660327454904,-0.39148042672088573
196.2,-7.625283217524013,11.20555794082261,-0.3907963507083879
196.22,-7.6234345483466335,11.20451260709618,-0.39011227469589
196.24,-7.621480159510579,11.203467273369748,-0.3894281986833921
196.26,-7.631400604594564,11.197006114910089,-0.40201863071130545
196.28,-7.691923495836267,11.168670795488849,-0.4682239302551785
196.3,-7.752177839063027,11.140335476067609,-0.5344292297990516
196.32,-7.812548497577575,11.112000156646369,-0.6006345293429246
196.34,-7.8593722628578675,11.089722382478568,-0.6516387213337349
196.36,-7.858494562934073,11.08770420754175,-0.6518024599713889
196.38,-7.858201233328959,11.08568603260493,-0.6519661986090427
196.4,-7.85772281477921,11.083667857668111,-0.6521299372466964
196.42,-7.874022365837829,11.087313152285603,-0.6697518970038556
196.44,-7.937702448646116,11.106919933302297,-0.7365767625559511
196.46,-8.001640405909594,11.126526714318993,-0.8034016281080467
196.48,-8.065373234040605,11.146133495335688,-0.8702264936601423
196.5,-8.109593972791473,11.159897806165615,-0.9175857466265128
196.52,-8.1086747530824,11.159606201878567,-0.9181142945214992
196.54,-8.10817897940605,11.15931459759152,-0.9186428424164856
196.56,-8.10750787692867,11.159022993304474,-0.919171390311472
196.58,-8.11528014469312,11.172599125365036,-0.7601409752096585
196.6,-8.13875507541056,11.214933475676409,-0.2702251605938122
196.62,-8.162781251924484,11.257267825987778,0.21969065402203394
196.64,-8.186372575559071,11.29960217629915,0.7096064686378801
196.66,-8.201357414213389,11.32681490101514,1.024214623599912
196.68,-8.200431940707817,11.326798365974494,1.0231491909617807
196.7,-8.20016918799861,11.32678183093385,1.0220837583236495
196.72,-8.20018029651027,11.326765295893207,1.021018325685518
196.74,-8.196332602962421,11.339088657637483,0.9947095326268767
196.76,-8.186544706240834,11.370812505645143,0.92871374091535
196.78,-8.17651646922291,11.402536353652808,0.8627179492038235
196.8,-8.166641713445856,11.434260201660468,0.7967221574922968
196.82,-8.161051686676815,11.45211388315597,0.641863732158597
196.84,-8.161069142417285,11.450852489912794,0.36453987847732267
196.86,-8.161193672391926,11.449591096669616,0.08721602479604812
196.88,-8.161250487464574,11.44832970342644,-0.19010782888522643
196.9,-8.133405023025826,11.46572476943217,-0.3134512067324543
196.92,-8.07261404463473,11.50571898166839,-0.2502732707769514
196.94,-8.011969965084466,11.545713193904605,-0.1870953348214485
196.96,-7.951447370778794,11.585707406140822,-0.1239173988659456
196.98,-7.920116020742402,11.606114653844646,-0.0913382958402105
197.0,-7.919242675234516,11.605634625925205,-0.09138937683800633
197.02,-7.917948833588383,11.605154598005766,-0.09144045783580218
197.04,-7.916822021304899,11.604674570086326,-0.09149153883359801
197.06,-7.907335012649661,11.638432240976032,-0.058564449605460214
197.08,-7.890214647864063,11.704348507513712,0.005338192255977122
197.1,-7.873182983273452,11.77026477405139,0.06924083411741444
197.12,-7.855786511666082,11.836181040589068,0.1331434759788518
197.14,-7.846814250896301,11.866212485693174,0.16210742753575746
197.16,-7.844411618874469,11.866570969240367,0.1621807681647468
197.18,-7.842227275053805,11.866929452787561,0.16225410879373617
197.2,-7.839850166201719,11.867287936334757,0.16232744942272553
197.22,-7.85765811012714,11.903965356208566,0.19948499527500538
197.24,-7.889295429500903,11.967040317583905,0.2635962998395272
197.26,-7.920654251262725,12.03011527895924,0.32770760440404895
197.28,-7.951859168318654,12.093190240334577,0.3918189089685708
197.3,-7.962479085518622,12.118840465143698,0.41781639094660955
197.32,-7.960165912449025,12.120645501608077,0.4195296331009456
197.34,-7.958277732246081,12.122450538072457,0.42124287525528165
197.36,-7.956476922719803,12.124255574536836,0.42295611740961775
197.38,-7.998477845959545,12.140319648292579,0.46576342270318
197.4,-8.065217108358445,12.164316439630035,0.5314325517305462
197.42,-8.131112894367075,12.188313230967493,0.5971016807579125
197.44,-8.198038072548396,12.21231002230495,0.6627708097852787
197.46,-8.21919082938619,12.220606977136352,0.6833754634660418
197.48,-8.218541471189312,12.221319149674994,0.6822089200703512
197.5,-8.217899935057737,12.222031322213631,0.6810423766746606
197.52,-8.216842614353752,12.222743494752272,0.6798758332789699
197.54,-8.244499976743517,12.21104717308703,0.7263774759614162
197.56,-8.283745331406267,12.194183028086885,0.792731709965535
197.58,-8.323298872381793,12.17731888308674,0.8590859439696538
197.6,-8.362352512211261,12.160454738086592,0.9254401779737725
197.62,-8.372074718646084,12.156466068641896,0.9423793816590401
197.64,-8.370978987738004,12.157055503791065,0.9417481914326818
197.66,-8.370022291222485,12.157644938940235,0.9411170012063237
197.68,-8.369444646577895,12.158234374089403,0.9404858109799653
197.7,-8.38773500245907,12.11831674910779,0.5644056517682481
197.72,-8.412094158401406,12.066259851877627,0.07580986601549203
197.74,-8.436591770606116,12.01420295464746,-0.41278591973726403
197.76,-8.46114307067398,11.962146057417298,-0.9013817054900202
197.78,-8.465165786873133,11.951944565619126,-0.9988220061050233
197.8,-8.464229388907574,11.952132562783488,-0.99916838172924
197.82,-8.463871878752665,11.952320559947852,-0.9995147573534566
197.84,-8.46290424438004,11.952508557112214,-0.9998611329776733
197.86,-8.446986666317741,11.899639913668441,-0.9455511675045027
197.88,-8.428078490559193,11.836123672915113,-0.8802725710786687
197.9,-8.408560746560635,11.772607432161783,-0.8149939746528349
197.92,-8.389391030569763,11.709091191408454,-0.749715378227001
197.94,-8.387132835253576,11.700996294255708,-0.5016580145928329
197.96,-8.387569023951865,11.701582162587021,-0.22497161545500463
197.98,-8.388291771282177,11.702168030918338,0.05171478368282345
198.0,-8.38896316860242,11.702753899249652,0.32840118282065156
198.02,-8.339165307926717,11.671593827145598,0.2991789863820179
198.04,-8.283281612519366,11.63676079006378,0.23456355406696242
198.06,-8.227071195180342,11.601927752981966,0.16994812175190702
198.08,-8.17114932035167,11.567094715900152,0.10533268943685158
198.1,-8.165301691476442,11.565147043858872,0.10404350531757936
198.12,-8.16337432243102,11.565750077169122,0.10766612923103369
198.14,-8.161164510395999,11.56635311047937,0.11128875314448801
198.16,-8.158684857812927,11.566956143789621,0.11491137705794235
198.18,-8.140805845776084,11.511645676653751,0.05262173108054637
198.2,-8.121338075408344,11.45398968555844,-0.012432878760970226
198.22,-8.102264398207799,11.396333694463133,-0.07748748860248682
198.24,-8.08265069982776,11.338677703367825,-0.14254209844400345
198.26,-8.079779079762044,11.337968292660946,-0.14286680804106439
198.28,-8.077498890083072,11.337749398027938,-0.14263395902243112
198.3,-8.074987746109127,11.337530503394927,-0.14240111000379782
198.32,-8.072903036544496,11.335825701252789,-0.14367400325637728
198.34,-8.099558626340546,11.271504235304423,-0.20839940414893504
198.36,-8.126646136499133,11.207182769356056,-0.2731248050414927
198.38,-8.153883006052071,11.142861303407688,-0.3378502059340506
198.4,-8.180011712837597,11.082046254767,-0.3990641451729947
198.42,-8.17908558469291,11.081593530742358,-0.39982892231476713
198.44,-8.177535667740052,11.081140806717714,-0.40059369945653955
198.46,-8.17579217064138,11.080688082693072,-0.4013584765983119
198.48,-8.179809151082036,11.077896352062062,-0.407602610919633
198.5,-8.240083631739896,11.050440730173452,-0.4716243801010293
198.52,-8.300510193353517,11.022985108284844,-0.5356461492824257
198.54,-8.360534380455517,10.995529486396235,-0.5996679184638221
198.56,-8.413524722383748,10.971230107691486,-0.6560819585809559
198.58,-8.412363789261708,10.970445283016351,-0.6558171099993085
198.6,-8.41155486359146,10.969660458341215,-0.6555522614176611
198.62,-8.410625668487278,10.968875633666082,-0.6552874128360137
198.64,-8.41669658280461,10.97051924877526,-0.6648881426919775
198.66,-8.461527654828993,10.985917441524663,-0.7303670810431439
198.68,-8.506496850259772,11.001315634274064,-0.7958460193943101
198.7,-8.551362869281315,11.016713827023468,-0.8613249577454766
198.72,-8.587681785137093,11.029286467842198,-0.915027061300789
198.74,-8.587087391546728,11.029140964400302,-0.9157202350816385
198.76,-8.586100824261688,11.028995460958406,-0.9164134088624879
198.78,-8.58534633610629,11.028849957516512,-0.9171065826433376
198.8,-8.590731604728347,11.040061302811349,-0.8133741088130717
198.82,-8.619953510798952,11.093109115643061,-0.3249574397826696
198.84,-8.649114276859523,11.146156928474774,0.16345922924773237
198.86,-8.678619591665138,11.199204741306485,0.6518758982781342
198.88,-8.700657547233813,11.239042006915886,0.9526724595981245
198.9,-8.70115375488894,11.238217953048155,0.6759849082946775
198.92,-8.701632796638991,11.237393899180425,0.3992973569912304
198.94,-8.702510721496436,11.236569845312694,0.12260980568778326
198.96,-8.69913233947733,11.25315596620944,-0.05936732899467476
198.98,-8.684919964427541,11.315197726946367,0.005931778249043761
199.0,-8.670546807969613,11.377239487683296,0.07123088549276228
199.02,-8.656034961816248,11.439281248420222,0.1365299927364808
199.04,-8.645626925246049,11.48214825742208,0.09618130091900634
199.06,-8.643440327356236,11.482067864645751,-0.18079618984990858
199.08,-8.641278812990409,11.481987471869424,-0.4577736806188235
199.1,-8.638841255763905,11.481907079093096,-0.7347511713877385
199.12,-8.648909984501826,11.50301493792395,-0.7512572674629149
199.14,-8.683503223196016,11.565182945030744,-0.2630027874393606
199.16,-8.717655694618715,11.627350952137538,0.22525169258419345
199.18,-8.752051011723397,11.689518959244332,0.7135061726077475
199.2,-8.773613785915144,11.728502415404193,1.0205492983281972
199.22,-8.774344994695362,11.728363525485383,1.021810641487527
199.24,-8.774619642629949,11.72822463556657,1.0230719846468568
199.26,-8.77566183828688,11.728085745647755,1.0243333278061868
199.28,-8.769816074540334,11.756264457176684,0.9989828595535702
199.3,-8.754585931110876,11.826249416160213,0.9343444602536889
199.32,-8.739214733756144,11.896234375143742,0.8697060609538075
199.34,-8.723636349111624,11.96621933412727,0.8050676616539261
199.36,-8.715158162654971,12.006004592472543,0.7693761024910443
199.38,-8.7150835790916,12.006651489953184,0.7711992157000344
199.4,-8.71523968793896,12.007298387433822,0.7730223289090246
199.42,-8.715594232521024,12.007945284914463,0.7748454421180146
199.44,-8.690615106469634,12.026530502252973,0.7456705870753836
199.46,-8.637256385724779,12.065567589925479,0.6811542712759683
199.48,-8.584561589712623,12.104604677597987,0.6166379554765529
199.5,-8.531585300584133,12.143641765270493,0.5521216396771375
199.52,-8.505075607313707,12.163490262802318,0.5201133447550206
199.54,-8.50447174270148,12.164071977079594,0.5207455402329452
199.56,-8.503713781382718,12.164653691356872,0.5213777357108696
199.58,-8.502688839515887,12.165235405634148,0.5220099311887942
199.6,-8.48412492540678,12.163474644411234,0.4871916232222481
199.62,-8.44978945253599,12.159642452746006,0.4210247474587379
199.64,-8.415413845551193,12.155810261080775,0.3548578716952277
199.66,-8.380477888644567,12.151978069415545,0.28869099593171743
199.68,-8.365013495472313,12.150616541993376,0.2595085785385416
199.7,-8.36421037405737,12.15117723780008,0.259100765054549
199.72,-8.363272802145175,12.151737933606782,0.25869295157055633
199.74,-8.362564132151784,12.152298629413485,0.2582851380865637
199.76,-8.337269293278371,12.124920587487948,0.22022807034939756
199.78,-8.294529546043135,12.078457767837026,0.15645303153441845
199.8,-8.251829283515153,12.031994948186105,0.09267799271943934
199.82,-8.209322876440373,11.985532128535182,0.028902953904460217
199.84,-8.192819693859922,11.968635080406244,0.007100805913839683
199.86,-8.19246391955469,11.969412177696611,0.01038966478386108
199.88,-8.19196376559159,11.970189274986975,0.01367852365388248
199.9,-8.191009970122378,11.970966372277339,0.016967382523903878
199.92,-8.18837912222606,11.926876653831728,-0.024723734647974213
199.94,-8.185192647539742,11.859424004743186,-0.08983670700055445
199.96,-8.181929423051917,11.791971355654647,-0.1549496793531347
199.98,-8.178846537553893,11.724518706566109,-0.2200626517057149
200.0,-8.177407818032204,11.703943933743526,-0.2400109554840272
200.02,-8.17576806931214,11.704498775945842,-0.23960185112619942
200.04,-8.174749804434635,11.705053618148158,-0.23919274676837163
200.06,-8.173296528466137,11.705608460350474,-0.2387836424105438
200.08,-8.206085447318037,11.664046319832241,-0.2855397305544873
200.1,-8.251919574635883,11.60618849395225,-0.3505447313077533
200.12,-8.298130392595024,11.548330668072259,-0.4155497320610193
200.14,-8.344103976320836,11.490472842192267,-0.4805547328142854
200.16,-8.35463577051702,11.475175801679853,-0.4933406072529841
200.18,-8.353294760243475,11.473858749013692,-0.4889740080022338
200.2,-8.351789422739222,11.472541696347532,-0.4846074087514835
200.22,-8.35016655346601,11.471224643681373,-0.4802408095007331
200.24,-8.404113867465071,11.459691473046203,-0.5303445851315536
200.26,-8.473038118017376,11.445351385602539,-0.5954143009838612
200.28,-8.542059043955398,11.431011298158875,-0.660484016836169
200.3,-8.610998262964985,11.416671210715212,-0.7255537326884766
200.32,-8.623631048787264,11.41331556399375,-0.7372222846503268
200.34,-8.623012830875947,11.412433742487265,-0.7368642665680318
200.36,-8.622443428466092,11.411551920980783,-0.7365062484857368
200.38,-8.621966596222643,11.410670099474297,-0.7361482304034418
200.4,-8.669341116264347,11.4388488420861,-0.7907773910689513
200.42,-8.72521056025728,11.472240366942602,-0.8552699593371451
200.44,-8.781133348300049,11.505631891799105,-0.9197625276053388
200.46,-8.836901317627179,11.539023416655606,-0.9842550958735328
200.48,-8.843727145314416,11.542766099425457,-0.9931597212239301
200.5,-8.843263102827851,11.542451427938417,-0.9944573049175168
200.52,-8.843126643812358,11.542136756451377,-0.9957548886111035
200.54,-8.843107340076104,11.541822084964336,-0.9970524723046902
200.56,-8.859024525611737,11.60064822595856,-0.5513232879369002
200.58,-8.877288477887237,11.665227466962165,-0.06210823322631011
200.6,-8.895375553791064,11.729806707965771,0.4271068214842797
200.62,-8.91363944834544,11.794385948969374,0.9163218761948696
200.64,-8.913692882610604,11.798183778530182,0.9442690234990175
200.66,-8.913167266576334,11.798312182648164,0.9443690353843329
200.68,-8.912148982715832,11.79844058676615,0.9444690472696484
200.7,-8.910833673522825,11.798568990884132,0.9445690591549637
200.72,-8.88416046080554,11.85138797119529,0.8813150482304067
200.74,-8.856975137391077,11.905569828320797,0.8164223433491434
200.76,-8.829902207787319,11.9597516854463,0.7515296384678801
200.78,-8.80312868375497,12.013576177076635,0.6870785364816485
200.8,-8.802593561683382,12.012835424657695,0.6900546765376984
200.82,-8.801751187846984,12.012094672238756,0.6930308165937483
200.84,-8.801184970405934,12.011353919819816,0.6960069566497982
200.86,-8.797874603727749,12.011756534013335,0.6963349777846267
200.88,-8.72984728150241,12.040925765636928,0.6300374537216048
200.9,-8.661507417799156,12.07009499726052,0.5637399296585829
200.92,-8.593345343055626,12.099264228884111,0.49744240559556097
200.94,-8.529833243142818,12.126527841136435,0.4163981936269664
200.96,-8.528645571535547,12.128453363260268,0.1392744744485925
200.98,-8.528065272761202,12.130378885384106,-0.1378492447297813
201.0,-8.527073668699526,12.13230440750794,-0.41497296390815513
201.02,-8.51961769608793,12.131710531610196,-0.6573054648425608
201.04,-8.452306437496885,12.108855254793612,-0.5922227613709901
201.06,-8.384400406119687,12.08599997797703,-0.5271400578994193
201.08,-8.31680146994824,12.063144701160446,-0.46205735442784845
201.1,-8.258033124188257,12.043159257983975,-0.4063191558123082
201.12,-8.256932038840745,12.04181898397534,-0.41129174941660934
201.14,-8.255941014435646,12.040478709966703,-0.4162643430209105
201.16,-8.255203612475091,12.039138435958066,-0.42123693662521167
201.18,-8.243717098855836,12.041826942277531,-0.4146546308480708
201.2,-8.180014759147344,12.064887581635423,-0.34964324026770005
201.22,-8.11599869989836,12.087948220993317,-0.28463184968732924
201.24,-8.052563191530465,12.111008860351209,-0.2196204591069585
201.26,-8.000923529647881,12.12952718883839,-0.16742331772032823
201.28,-7.9999355415861135,12.129510261189838,-0.16751572624639272
201.3,-7.9990434750287385,12.129493333541287,-0.1676081347724572
201.32,-7.99821788855097,12.129476405892733,-0.16770054329852171
201.34,-7.997909616418276,12.129220148474442,-0.16829038778832475
201.36,-7.996619400285239,12.12815604661986,-0.1705592999350835
201.38,-7.9945767660539,12.127091944765274,-0.17282821208184224
201.4,-7.992717791440242,12.126027842910693,-0.17509712422860096
201.42,-7.991683358373571,12.125205763418524,-0.17677235240303066
201.44,-7.990931169287439,12.125071556859535,-0.17676021941235592
201.46,-7.990506413579288,12.124937350300545,-0.17674808642168124
201.48,-7.989881908612283,12.124803143741556,-0.17673595343100654
201.5,-7.9813849729598765,12.139714888722184,-0.15795158021794722
201.52,-7.952559672671969,12.191109922881864,-0.09364844624266541
201.54,-7.923619852110756,12.242504957041545,-0.029345312267383603
201.56,-7.894574042588415,12.293899991201227,0.034957821707898185
201.58,-7.874177844815298,12.32854429354618,0.07841188768922354
201.6,-7.872469869115783,12.328193034323519,0.07830816463303443
201.62,-7.870651541283294,12.327841775100861,0.07820444157684532
201.64,-7.869333144228337,12.3274905158782,0.07810071852065621
201.66,-7.872041894689048,12.342582944545823,0.10141837100619085
201.68,-7.882828670675018,12.385682518872606,0.16721071483456282
201.7,-7.8930398255382475,12.42878209319939,0.23300305866293478
201.72,-7.903485403201341,12.471881667526175,0.2987954024913067
201.74,-7.909837846704457,12.498149798006684,0.33832048245650903
201.76,-7.908260277673204,12.497774035759878,0.33626492519281925
201.78,-7.906370924321365,12.497398273513072,0.3342093679291295
201.8,-7.904705592522017,12.497022511266268,0.3321538106654397
201.82,-7.923956295240787,12.511235323117932,0.35823451649047766
201.84,-7.971937721046519,12.545688011073155,0.42335087275599986
201.86,-8.019569985941688,12.580140699028378,0.4884672290215221
201.88,-8.067457125223156,12.614593386983604,0.5535835852870442
201.9,-8.093166506118465,12.633588565830491,0.5893430957114127
201.92,-8.091746511353474,12.633736186188786,0.5893073906742246
201.94,-8.090131858673747,12.63388380654708,0.5892716856370362
201.96,-8.088870712675437,12.634031426905375,0.589235980599848
201.98,-8.121414605748404,12.629856613293372,0.6202658038259605
202.0,-8.189253032857382,12.621042290031959,0.6846399925489393
202.02,-8.257077587111151,12.612227966770543,0.7490141812719181
202.04,-8.325094573679788,12.603413643509132,0.8133883699948968
202.06,-8.3586478290024,12.599760454484914,0.8431132102585549
202.08,-8.35848861843756,12.600986660566258,0.8400801617494332
202.1,-8.357764766085014,12.602212866647603,0.8370471132403114
202.12,-8.357585756397958,12.603439072728946,0.8340140647311899
202.14,-8.3839946038699,12.576008213659083,0.8674834710205037
202.16,-8.432616997026841,12.524724938960379,0.93133532292074
202.18,-8.480672639355895,12.473441664261674,0.9951871748209763
202.2,-8.528808286935035,12.422158389562972,1.0590390267212124
202.22,-8.549496946797959,12.40070831562681,1.0867829291618711
202.24,-8.550504912702534,12.401086900558505,1.088107000976756
202.26,-8.550881060011173,12.4014654854902,1.0894310727916408
202.28,-8.551388028774788,12.401844070421895,1.0907551446065256
202.3,-8.551768451093585,12.3588017831286,0.792720284927726
202.32,-8.55247355537288,12.287904049768475,0.30264007600678405
202.34,-8.552969445624816,12.217006316408348,-0.18744013291415776
202.36,-8.55328104590554,12.146108583048223,-0.6775203418350998
202.38,-8.553221186754625,12.120576229033038,-0.8544892694343975
202.4,-8.55334438165775,12.12046115291226,-0.8560284626383659
202.42,-8.55314578811707,12.120346076791481,-0.8575676558423341
202.44,-8.552496255617386,12.120231000670703,-0.8591068490463024
202.46,-8.522462163670573,12.08554886022084,-0.8160784148541746
202.48,-8.477881045719045,12.034042967180289,-0.7513589649099551
202.5,-8.434016820944395,11.98253707413974,-0.6866395149657357
202.52,-8.390176106464873,11.93103118109919,-0.6219200650215163
202.54,-8.37582023585101,11.91511344540644,-0.6007566155553341
202.56,-8.374177628525803,11.914133694928337,-0.5978756212551123
202.58,-8.372893549003079,11.913153944450237,-0.5949946269548906
202.6,-8.37183805551458,11.912174193972136,-0.5921136326546688
202.62,-8.32715579082797,11.906241241381778,-0.5442166550114504
202.64,-8.266813792255796,11.89853225112796,-0.48017858720822815
202.66,-8.206304522879284,11.890823260874141,-0.41614051940500596
202.68,-8.145898625751661,11.883114270620323,-0.3521024516017837
202.7,-8.1307413419064,11.880775531245115,-0.3359702063419102
202.72,-8.129292522305233,11.880060951431185,-0.3343264275398476
202.74,-8.127947427986976,11.879346371617254,-0.33268264873778497
202.76,-8.126348319612136,11.878631791803326,-0.3310388699357224
202.78,-8.088572364324367,11.905155904023015,-0.27845162773192034
202.8,-8.041570299370584,11.938510471569524,-0.21308965131806548
202.82,-7.993996355707489,11.971865039116034,-0.14772767490421057
202.84,-7.9461555914450255,12.005219606662545,-0.08236569849035567
202.86,-7.936906949352393,12.0104767932171,-0.07140769398161204
202.88,-7.935315215453249,12.010029276683758,-0.07149550568648005
202.9,-7.933480678704193,12.009581760150418,-0.07158331739134807
202.92,-7.931494311753152,12.009134243617076,-0.07167112909621609
202.94,-7.918195380050792,12.069147501359728,-0.015188657579940852
202.96,-7.903430290798209,12.138762682255589,0.050277878708070316
202.98,-7.8884953996599325,12.208377863151455,0.11574441499608151
203.0,-7.874139863450422,12.277993044047316,0.18121095128409265
203.02,-7.870587139588446,12.285603298214761,0.18342106623126564
203.04,-7.868389099286823,12.285913881462864,0.17818417521154228
203.06,-7.865591899232383,12.286224464710966,0.17294728419181896
203.08,-7.863117583021802,12.286535047959067,0.16771039317209563
203.1,-7.884434148509886,12.325983638136005,0.229079314948327
203.12,-7.908283181610008,12.368541964596577,0.29574044573073377
203.14,-7.931253532171574,12.411100291057151,0.3624015765131405
203.16,-7.954498759796039,12.453658617517723,0.42906270729554735
203.18,-7.953360872797752,12.457114656689502,0.43207713504527656
203.2,-7.951127550788248,12.45886121555958,0.4323090456420074
203.22,-7.948820788880079,12.460607774429658,0.4325409562387383
203.24,-7.9466450988338035,12.462354333299736,0.43277286683546917
203.26,-8.012488554601761,12.48542231722914,0.4968856131065904
203.28,-8.078214269447265,12.508709296896608,0.5616544895715335
203.3,-8.144415596709438,12.53199627656408,0.6264233660364766
203.32,-8.209248792319038,12.554801096314403,0.6897633073622197
203.34,-8.208031500638231,12.555717675297641,0.6882349855763805
203.36,-8.206256246816208,12.55663425428088,0.6867066637905413
203.38,-8.20458181166415,12.55755083326412,0.6851783420047023
203.4,-8.206556467049676,12.557145756784985,0.6870792381014194
203.42,-8.268123787851328,12.533253551172743,0.7499207390125255
203.44,-8.329409777859022,12.5093613455605,0.8127622399236315
203.46,-8.390094424501587,12.48546913994826,0.8756037408347375
203.48,-8.445689115722004,12.463640104005174,0.9333551392095846
203.5,-8.444783767872035,12.464022224787305,0.9363087830079176
203.52,-8.444029748070674,12.464404345569438,0.9392624268062508
203.54,-8.443512710180492,12.464786466351567,0.9422160706045839
203.56,-8.445161746334518,12.460038281574947,0.8876565182527753
203.58,-8.463412712241427,12.41646423033976,0.39784030374735446
203.6,-8.481227642002182,12.372890179104571,-0.09197591075806638
203.62,-8.498784207038925,12.329316127869383,-0.5817921252634873
203.64,-8.514065220589838,12.292235773465912,-0.99903288842692
203.66,-8.513740027215984,12.292409668831421,-0.9999092814237025
203.68,-8.513598236771646,12.29258356419693,-1.000785674420485
203.7,-8.512858228017938,12.292757459562441,-1.0016620674172674
203.72,-8.509359178589898,12.284461775880933,-0.9904205223108671
203.74,-8.492011225817496,12.23762281599467,-0.9240327848434902
203.76,-8.475208393700504,12.190783856108402,-0.8576450473761132
203.78,-8.458343126571746,12.143944896222138,-0.7912573099087363
203.8,-8.444934540610932,12.106993141625834,-0.7389287061126549
203.82,-8.443812835534855,12.10681951342482,-0.7388968413856073
203.84,-8.443067917276823,12.106645885223806,-0.7388649766585595
203.86,-8.442553792048711,12.106472257022793,-0.738833111931512
203.88,-8.42534571105463,12.097153991818937,-0.7224285731635471
203.9,-8.358799658087289,12.059440025738061,-0.655184011497083
203.92,-8.292163718359069,12.021726059657183,-0.5879394498306189
203.94,-8.225690142975427,11.984012093576304,-0.5206948881641548
203.96,-8.176800992388738,11.956257079586024,-0.47358623050440185
203.98,-8.174947572744395,11.954716028114772,-0.4794793172166503
204.0,-8.173922557984756,11.953174976643524,-0.48537240392889874
204.02,-8.172345591320601,11.951633925172276,-0.4912654906411472
204.04,-8.147677654751297,11.953967790212308,-0.4754470819136305
204.06,-8.072228489808916,11.965047162186409,-0.4106268344717378
204.08,-7.996583491830933,11.976126534160512,-0.3458065870298452
204.1,-7.921188630248347,11.987205906134616,-0.28098633958795255
204.12,-7.8704109268546265,11.994222582373304,-0.23998210716406354
204.14,-7.8684391194080625,11.993308954571413,-0.24546627860496745
204.16,-7.8663322610276705,11.99239532676952,-0.2509504500458714
204.18,-7.864222578273903,11.99148169896763,-0.2564346214867753
204.2,-7.845174612826527,12.01052822651649,-0.23570428572204918
204.22,-7.796395988510598,12.063491681049845,-0.17042943057839557
204.24,-7.74780568564338,12.116455135583202,-0.10515457543474199
204.26,-7.6993927561088285,12.169418590116559,-0.03987972029108839
204.28,-7.669767922099576,12.2008303459791,-0.0016333850662869636
204.3,-7.667041300944186,12.200208737790991,-0.0035608863234933355
204.32,-7.664710635018924,12.199587129602884,-0.005488387580699707
204.34,-7.6624740897741805,12.198965521414774,-0.007415888837906079
204.36,-7.659857926917178,12.227806723433186,0.019692647196085506
204.38,-7.65735758772685,12.295084881222511,0.08468137433545661
204.4,-7.655101408653897,12.362363039011838,0.14967010147482773
204.42,-7.653152276926459,12.429641196801162,0.21465882861419883
204.44,-7.651345287259037,12.46581831885722,0.2505105202788605
204.46,-7.649610907078525,12.466303946630827,0.2529246009272186
204.48,-7.647794835672832,12.466789574404434,0.2553386815755766
204.5,-7.645959888401498,12.46727520217804,0.2577527622239347
204.52,-7.663018473786995,12.486428251527327,0.2913847957546773
204.54,-7.698185411460543,12.524447149664462,0.35656661649933624
204.56,-7.7336353280191545,12.562466047801596,0.4217484372439951
204.58,-7.768714273287289,12.60048494593873,0.4869302579886541
204.6,-7.784259178351045,12.618454324329951,0.5170749506318829
204.62,-7.782580078643818,12.618577934953445,0.5160336368634701
204.64,-7.78054097582198,12.618701545576936,0.5149923230950573
204.66,-7.778969490649988,12.618825156200428,0.5139510093266444
204.68,-7.8074830520708165,12.621071297623178,0.5500382485495556
204.7,-7.859597978194744,12.62497975468276,0.6152036873595023
204.72,-7.911756573355349,12.628888211742344,0.680369126169449
204.74,-7.963983444284775,12.632796668801927,0.7455345649793957
204.76,-7.9842425984356,12.63461587698778,0.7720571186372411
204.78,-7.98247353706765,12.63499827846706,0.7720044005569972
204.8,-7.981428121357872,12.63538067994634,0.7719516824767532
204.82,-7.9801395540529185,12.635763081425623,0.7718989643965091
204.84,-8.013412977526983,12.609450970155043,0.8118863255731553
204.86,-8.068634974446663,12.567069979548355,0.8759759885305526
204.88,-8.123648017667174,12.524688988941666,0.9400656514879496
204.9,-8.178809284576852,12.48230799833498,1.0041553144453468
204.92,-8.197818889532167,12.46793238992511,0.8446054201938625
204.94,-8.198258518269293,12.468245283274968,0.5677591431784902
204.96,-8.198265168585145,12.468558176624827,0.29091286616311784
204.98,-8.198782285088141,12.468871069974684,0.014066589147745437
205.0,-8.207505241925743,12.421021757677773,-0.11696756948909037
205.02,-8.21947857328833,12.351298658310073,-0.18177836507762277
205.04,-8.231544310302192,12.28157555894237,-0.24658916066615516
205.06,-8.243454988764773,12.211852459574668,-0.3113999562546876
205.08,-8.244607306652417,12.191536029768491,-0.32503899102295875
205.1,-8.24312084107297,12.190490714715027,-0.3187184356464735
205.12,-8.241031612685829,12.18944539966156,-0.3123978802699883
205.14,-8.239306964923585,12.188400084608093,-0.3060773248935031
205.16,-8.278396259145227,12.154661239558925,-0.3536131150250915
205.18,-8.331345306700541,12.110089454413764,-0.4189941046427772
205.2,-8.383606869921342,12.065517669268605,-0.4843750942604628
205.22,-8.435968920221848,12.020945884123444,-0.5497560838781486
205.24,-8.44631082535616,12.010154538359766,-0.5623158397486776
205.26,-8.444498796551269,12.008733974221908,-0.5602228481797423
205.28,-8.443047060249857,12.00731341008405,-0.5581298566108069
205.3,-8.44108420840716,12.005892845946192,-0.5560368650418717
205.32,-8.498078812554928,12.007847773362545,-0.609283838346724
205.34,-8.568249631691108,12.010571160164185,-0.6751294257217386
205.36,-8.63837617522959,12.013294546965822,-0.7409750130967532
205.38,-8.708924256773571,12.016017933767461,-0.806820600471768
205.4,-8.71958459810277,12.015683088202476,-0.8179700851340972
205.42,-8.719617267511891,12.014792734788093,-0.8191843815092686
205.44,-8.719200782003789,12.013902381373711,-0.8203986778844401
205.46,-8.719072351811375,12.013012027959327,-0.8216129742596118
205.48,-8.756249139124524,12.05090697398805,-0.8788794837471224
205.5,-8.798770951912756,12.094191262227486,-0.9439346286833078
205.52,-8.841177285647463,12.137475550466922,-1.0089897736194935
205.54,-8.883423454161948,12.180759838706358,-1.0740449185556789
205.56,-8.88679298673218,12.184565401178032,-1.079321691513368
205.58,-8.886104208994253,12.184453092786718,-1.0786660556291658
205.6,-8.885041577542635,12.184340784395406,-1.0780104197449638
205.62,-8.88457040967403,12.184228476004096,-1.0773547838607618
205.64,-8.886802123324314,12.238655342644073,-0.6150631765712118
205.66,-8.889141896485699,12.296474710884338,-0.12405641598415602
205.68,-8.891644131287789,12.354294079124601,0.36695034460289966
205.7,-8.894008388629404,12.412113447364863,0.8579571051899555
205.72,-8.893403901674866,12.413613067155008,0.8696800376648388
205.74,-8.892512144789103,12.413559363335589,0.8681841098575268
205.76,-8.891270983591085,12.413505659516165,0.8666881820502147
205.78,-8.890019225608622,12.413673786660658,0.8648832938813285
205.8,-8.850571648604479,12.45907694453526,0.8000762386414126
205.82,-8.811347010381544,12.504480102409863,0.735269183401497
205.84,-8.77171462619485,12.549883260284465,0.6704621281615813
205.86,-8.733834600735008,12.593624780708984,0.6080432948097456
205.88,-8.733219156572774,12.593628310918222,0.6084877687139161
205.9,-8.731898866202181,12.593631841127461,0.6089322426180864
205.92,-8.731100948437142,12.5936353713367,0.6093767165222569
205.94,-8.726141367771984,12.594332366649986,0.6052698777161092
205.96,-8.655643930317122,12.604486079542864,0.5390972209378028
205.98,-8.585434782599306,12.61463979243574,0.4729245641594965
206.0,-8.515218839424888,12.624793505328618,0.40675190738119005
206.02,-8.451310299906185,12.63393807513838,0.347174022241274
206.04,-8.450169040472035,12.634004459407699,0.3469222738324131
206.06,-8.449152630054476,12.634070843677017,0.3466705254235522
206.08,-8.44767836449537,12.634137227946336,0.34641877701469126
206.1,-8.446455524327341,12.63436637472883,0.3468844620505277
206.12,-8.444977928321046,12.635668046096598,0.35207767919884453
206.14,-8.44335778249918,12.636969717464368,0.3572708963471614
206.16,-8.441263049634358,12.638271388832136,0.3624641134954783
206.18,-8.439521121631499,12.639356720686902,0.3668052255856932
206.2,-8.438865213263517,12.639335061551007,0.36678618816219066
206.22,-8.437875565361963,12.63931340241511,0.36676715073868826
206.24,-8.436901341790225,12.639291743279216,0.36674811331518575
206.26,-8.424259933523771,12.632276763379128,0.35384204369799194
206.28,-8.360697282129447,12.596428904744903,0.2878038142653901
206.3,-8.297229477638869,12.560581046110677,0.22176558483278816
206.32,-8.23347429865106,12.524733187476453,0.15572735540018628
206.34,-8.183867235552903,12.497215925143049,0.10499446486713236
206.36,-8.181070812761323,12.498079421892005,0.10640395649935279
206.38,-8.178536224016682,12.498942918640962,0.1078134481315732
206.4,-8.176160828145607,12.49980641538992,0.10922293976379363
206.42,-8.169127919347511,12.485406935498187,0.09320242903962112
206.44,-8.14901483508718,12.427258388914696,0.02722139269330206
206.46,-8.129120450933474,12.369109842331206,-0.03875964365301699
206.48,-8.109287527658905,12.310961295747717,-0.10474067999933605
206.5,-8.09490779093893,12.269715069867527,-0.1514799409087047
206.52,-8.092683776423325,12.269777737022817,-0.1511927338383003
206.54,-8.090803541648333,12.269840404178106,-0.1509055267678959
206.56,-8.088674830329438,12.269903071333397,-0.1506183196974915
206.58,-8.094669270904587,12.252978806837458,-0.17134698181166097
206.6,-8.118649046060682,12.200300482918864,-0.23630980292944123
206.62,-8.142673640727256,12.147622159000273,-0.30127262404722155
206.64,-8.16656088136935,12.09494383508168,-0.36623544516500184
206.66,-8.182038178494219,12.060969341318952,-0.4077891385278224
206.68,-8.180715243115436,12.061156210909846,-0.4065875399336189
206.7,-8.179300622407432,12.061343080500741,-0.40538594133941547
206.72,-8.177552311755516,12.061529950091634,-0.4041843427452119
206.74,-8.197405807815965,12.05280474588981,-0.4288258738194157
206.76,-8.25029307139927,12.029874748965591,-0.4946583003883901
206.78,-8.30395461049538,12.006944752041377,-0.5604907269573646
206.8,-8.356896018994432,11.984014755117162,-0.6263231535263389
206.82,-8.386597417750751,11.970655881947822,-0.6633648321527414
206.84,-8.384567176982173,11.970664864861135,-0.6601948715960159
206.86,-8.382642591090079,11.970673847774448,-0.6570249110392903
206.88,-8.38025534244745,11.97068283068776,-0.6538549504825646
206.9,-8.405812682843257,11.978965518067307,-0.6812980260195437
206.92,-8.466192975008042,11.997402978591541,-0.7463141666896278
206.94,-8.526732818735075,12.015840439115776,-0.811330307359712
206.96,-8.587317931471516,12.034277899640013,-0.876346448029796
206.98,-8.61803218823373,12.043573473700702,-0.910300721515457
207.0,-8.616993101398517,12.042992407309637,-0.9106966156486788
207.02,-8.615845574644299,12.04241134091857,-0.9110925097819005
207.04,-8.614940577951598,12.041830274527504,-0.9114884039151222
207.06,-8.632236853347191,12.072869015023869,-0.6607336389976957
207.08,-8.66679676936981,12.133996762233078,-0.17098709614136162
207.1,-8.702090774203834,12.195124509442289,0.31875944671497247
207.12,-8.737247415293597,12.256252256651498,0.8085059895713065
207.14,-8.75331151545308,12.284122998211986,1.034490895918466
207.16,-8.753192397146375,12.284130433844075,1.0394916509004406
207.18,-8.753580429678248,12.284137869476163,1.0444924058824154
207.2,-8.754118583686816,12.28414530510825,1.04949316086439
207.22,-8.747271654692627,12.324722379051618,1.014281965783051
207.24,-8.7357530582776,12.39518231511274,0.9494513752807264
207.26,-8.72437912794674,12.465642251173861,0.8846207847784019
207.28,-8.712591086548619,12.536102187234983,0.8197901942760772
207.3,-8.707800522194772,12.56417791271433,0.7944694001381736
207.32,-8.707638187034048,12.56487695599046,0.7946686551915931
207.34,-8.707184186666499,12.56557599926659,0.7948679102450126
207.36,-8.707359582948035,12.566275042542722,0.7950671652984321
207.38,-8.673767091995115,12.594433843645954,0.754193737575991
207.4,-8.621447855209523,12.638086795635079,0.6901450747249459
207.42,-8.569708485549272,12.681739747624205,0.6260964118739009
207.44,-8.517415935058953,12.72539269961333,0.5620477490228557
207.46,-8.498872235350012,12.74045304335304,0.5420985809915166
207.48,-8.498058829357426,12.741494344623765,0.5437715289051568
207.5,-8.497040495669676,12.742535645894494,0.5454444768187969
207.52,-8.496399484094379,12.74357694716522,0.5471174247324371
207.54,-8.448228898150415,12.744284180647936,0.5036090473979477
207.56,-8.379394089629859,12.744850092630053,0.4409875052737881
207.58,-8.310578446473652,12.74541600461217,0.3783659631496285
207.6,-8.241680542514763,12.745981916594287,0.31574442102546896
207.62,-8.222790826981402,12.746144557134647,0.3005368644535212
207.64,-8.221419043953745,12.746161385797118,0.30247290287912015
207.66,-8.220301190678624,12.74617821445959,0.30440894130471924
207.68,-8.21898014096168,12.746195043122059,0.30634497973031827
207.7,-8.183456274746867,12.715989882101708,0.2567899652986513
207.72,-8.137546193193602,12.676560918497668,0.19151979407664352
207.74,-8.091357281228152,12.63713195489363,0.1262496228546358
207.76,-8.045538425366717,12.59770299128959,0.06097945163262809
207.78,-8.035238868570843,12.58969847365637,0.04844656813613357
207.8,-8.034096453309855,12.589654175007654,0.04927272235612781
207.82,-8.033033122846868,12.589609876358935,0.050098876576122046
207.84,-8.031878863996074,12.589565577710218,0.05092503079611629
207.86,-8.030926197578918,12.589990278065292,0.053968741054935675
207.88,-8.030391214344332,12.59051130713732,0.05746791993153283
207.9,-8.029231105259697,12.591032336209349,0.060967098808129984
207.92,-8.028261087317455,12.591553365281376,0.06446627768472715
207.94,-8.027091131856196,12.591792244456457,0.06493749778742469
207.96,-8.025845703493115,12.5919856972317,0.06492121366826029
207.98,-8.02450367049347,12.592179150006938,0.06490492954909591
208.0,-8.023592256141052,12.59237260278218,0.06488864542993152
208.02,-8.013050203271106,12.531230558723777,0.0030352286479005163
208.04,-8.000844079649093,12.462742778933396,-0.06622400138117579
208.06,-7.988782260053792,12.394254999143016,-0.1354832314102521
208.08,-7.976656088590486,12.325767219352636,-0.2047424614393284
208.1,-7.972899812863643,12.320024678371688,-0.20712607154580082
208.12,-7.969880864477306,12.319386741251654,-0.20406905294266417
208.14,-7.967013978752899,12.31874880413162,-0.20101203433952752
208.16,-7.964396485556286,12.318110867011582,-0.19795501573639085
208.18,-7.998290598494217,12.259557027864586,-0.2607929315455543
208.2,-8.033527570000487,12.198368409161064,-0.32662861860564846
208.22,-8.068737693874931,12.137179790457544,-0.39246430566574264
208.24,-8.10361974187769,12.075991171754023,-0.45829999272583677
208.26,-8.102133854032077,12.073764465513612,-0.45621629484938087
208.28,-8.099943838154953,12.072241419956981,-0.4533220364118818
208.3,-8.097850171290082,12.070718374400348,-0.4504277779743828
208.32,-8.096748632474753,12.06883533458607,-0.4488860817493577
208.34,-8.160574744667862,12.049246454753055,-0.5138683637290693
208.36,-8.22424674053542,12.029657574920037,-0.5788506457087809
208.38,-8.288177609397257,12.010068695087023,-0.6438329276884924
208.4,-8.349007552706746,11.99144970123705,-0.7053885881909856
208.42,-8.347673904924264,11.990639952367234,-0.7040239236151953
208.44,-8.346664268061723,11.989830203497418,-0.7026592590394046
208.46,-8.345666418490435,11.989020454627601,-0.7012945944636141
208.48,-8.349727780617973,11.990708590322718,-0.705450233717232
208.5,-8.409096453141913,12.019861271429708,-0.770302286783795
208.52,-8.468432319403055,12.0490139525367,-0.8351543398503578
208.54,-8.52836312462338,12.07816663364369,-0.9000063929169207
208.56,-8.58104536501465,12.103905839511135,-0.9573240941707503
208.58,-8.580347915890298,12.103398677459015,-0.9567098182356129
208.6,-8.579706299544432,12.102891515406895,-0.9560955423004752
208.62,-8.57886316909928,12.102384353354775,-0.9554812663653378
208.64,-8.581720704103907,12.110664054205351,-0.883063846736264
208.66,-8.606488530491413,12.170009789321622,-0.39335281084575635
208.68,-8.630851980266911,12.229355524437894,0.09635822504475107
208.7,-8.65575613914606,12.288701259554164,0.5860692609352585
208.72,-8.675742281575298,12.337426779230151,0.9881996545061243
208.74,-8.67398604480845,12.337284792779654,0.9873393932093237
208.76,-8.672541864744465,12.337142806329158,0.9864791319125231
208.78,-8.671157038181839,12.337000819878662,0.9856188706157225
208.8,-8.665481289336968,12.349752768203496,0.9717078010952319
208.82,-8.644024236524956,12.410938026651465,0.9087741598718863
208.84,-8.62290240497518,12.472123285099434,0.8458405186485406
208.86,-8.60198134102353,12.5333085435474,0.7829068774251947
208.88,-8.58590455648468,12.57948619093201,0.7362481980425204
208.9,-8.585425995168343,12.578648397943235,0.740575281468382
208.92,-8.5847242540123,12.577810604954461,0.7449023648942434
208.94,-8.583921952482763,12.576972811965687,0.749229448320105
208.96,-8.566274255951159,12.58615464141125,0.7347089843523372
208.98,-8.506090385184914,12.621926434702004,0.6701711063501073
209.0,-8.446242153136842,12.657698227992757,0.6056332283478776
209.02,-8.386455042425512,12.69347002128351,0.5410953503456477
209.04,-8.344680545876132,12.718299546387424,0.49627951326360625
209.06,-8.343364261633244,12.718243060754851,0.4963175322290333
209.08,-8.342920856444579,12.718186575122278,0.49635555119446045
209.1,-8.341675501855224,12.718130089489707,0.49639357015988755
209.12,-8.316665579735043,12.713805156058289,0.47347675065631384
209.14,-8.245720646173307,12.701087496556752,0.4054255684210898
209.16,-8.17510536450274,12.688369837055216,0.33737438618586574
209.18,-8.104957173101228,12.675652177553681,0.2693232039506417
209.2,-8.059862615678329,12.668124911115246,0.22697767255116558
209.22,-8.057429337354236,12.669479111086916,0.22861799572418406
209.24,-8.055292181020425,12.67083331105859,0.23025831889720255
209.26,-8.052803529288653,12.672187511030263,0.231898642070221
209.28,-8.033201428195378,12.651252574295059,0.20636528105434895
209.3,-7.987863844173189,12.596963132477711,0.14016794999341178
209.32,-7.942983050224653,12.542673690660365,0.07397061893247463
209.34,-7.89825793322316,12.488384248843019,0.007773287871537475
209.36,-7.871775378587419,12.457640942012551,-0.02915388662372547
209.38,-7.868736043327992,12.45781993475098,-0.02764160809382736
209.4,-7.86531249165877,12.45799892748941,-0.02612932956392925
209.42,-7.862329053306029,12.458177920227838,-0.024617051034031143
209.44,-7.861603598184452,12.426442748682422,-0.053785489679546446
209.46,-7.864875909573325,12.357842661688919,-0.11839405561459418
209.48,-7.867982778279341,12.289242574695411,-0.18300262154964192
209.5,-7.87118194959438,12.220642487701907,-0.2476111874846897
209.52,-7.871989660438036,12.185925774122492,-0.28053020458783706
209.54,-7.8706248336469535,12.185676150808408,-0.28121374954043343
209.56,-7.868566133862018,12.185426527494323,-0.28189729449302986
209.58,-7.86666434438245,12.185176904180238,-0.28258083944562623
209.6,-7.89048181017378,12.16110257822161,-0.31699100550410547
209.62,-7.937539481127066,12.115683376030905,-0.38161731167445523
209.64,-7.98458477962693,12.0702641738402,-0.446243617844805
209.66,-8.031502676282143,12.024844971649495,-0.5108699240151547
209.68,-8.051419125008891,12.004918532451349,-0.5385891158223541
209.7,-8.04951712894142,12.005089660587053,-0.5372120807424152
209.72,-8.048029653822336,12.005260788722754,-0.5358350456624763
209.74,-8.046140638057645,12.00543191685846,-0.5344580105825375
209.76,-8.0853184043479,12.003336444857686,-0.5713044036553623
209.78,-8.152620972698184,11.999671668151272,-0.6346151936460424
209.8,-8.219869798240328,11.996006891444862,-0.6979259836367223
209.82,-8.287722315042567,11.99234211473845,-0.7612367736274023
209.84,-8.312490414850455,11.99107439958978,-0.6125161835534285
209.86,-8.31131902506652,11.991259638801392,-0.335274939854169
209.88,-8.310053716170904,11.991444878012999,-0.05803369615490949
209.9,-8.308612550784133,11.991630117224611,0.21920754754434987
209.92,-8.344078619261131,12.02112544083161,0.3564086729263978
209.94,-8.398781587634392,12.066104649917913,0.4196296239329673
209.96,-8.453997289055023,12.111083859004212,0.4828505749395369
209.98,-8.508862001573952,12.156063068090512,0.5460715259461065
210.0,-8.524959031101918,12.170267798879328,0.5658946922975697
210.02,-8.523194168852315,12.170389603025798,0.5658582915158348
210.04,-8.521750021550952,12.17051140717227,0.5658218907340998
210.06,-8.520191325199674,12.17063321131874,0.5657854899523649
210.08,-8.571569195781125,12.168128996784795,0.6116594234087465
210.1,-8.643897378017519,12.164592228730049,0.6755853523106297
210.12,-8.715809666068465,12.161055460675302,0.7395112812125129
210.14,-8.787744857206366,12.157518692620556,0.8034372101143961
210.16,-8.805469391254002,12.15765941730279,0.818584034968818
210.18,-8.80474669065639,12.159029298537385,0.817427046424764
210.2,-8.803989961485959,12.160399179771979,0.8162700578807102
210.22,-8.803144622712031,12.161769061006572,0.8151130693366562
210.24,-8.845157940318588,12.122023336173484,0.8649049231425509
210.26,-8.899135060648915,12.070762673253785,0.9289656354514298
210.28,-8.953025510396417,12.019502010334088,0.9930263477603091
210.3,-9.006410989188344,11.968241347414388,1.0570870600691882
210.32,-9.016940999315755,11.959029973613205,1.0705799640124538
210.34,-9.017074065960609,11.959494774396594,1.0724364538245357
210.36,-9.017531651273904,11.959959575179985,1.0742929436366173
210.38,-9.018386313798555,11.960424375963374,1.0761494334486992
210.4,-9.023559792937474,11.901365785433734,0.6602799142067076
210.42,-9.02875020545116,11.831359705505083,0.16758259743952356
210.44,-9.034054872862127,11.761353625576431,-0.3251147193276608
210.46,-9.039518398980595,11.69134754564778,-0.817812036094845
210.48,-9.039146701307459,11.682330327981408,-0.8761629674130834
210.5,-9.038211822668925,11.68191664355294,-0.8732418332203377
210.52,-9.037414532634639,11.681502959124472,-0.870320699027592
210.54,-9.036732621003972,11.681089274696008,-0.8673995648348464
210.56,-8.996405016454032,11.631195929423745,-0.8103957836557035
210.58,-8.951540794534655,11.576294790443134,-0.7479183445191147
210.6,-8.907050448838042,11.521393651462525,-0.6854409053825258
210.62,-8.862516894670502,11.466492512481912,-0.6229634662459369
210.64,-8.859091972409255,11.462521347826613,-0.6186819305572836
210.66,-8.858340140491451,11.461811817182681,-0.6181273501738833
210.68,-8.857653781814012,11.461102286538754,-0.617572769790483
210.7,-8.856812224975402,11.460392755894825,-0.6170181894070828
210.72,-8.788896930503906,11.448465265165794,-0.554914136113441
210.74,-8.718481288240707,11.436209077406229,-0.4910066240070423
210.76,-8.648664044299402,11.423952889646666,-0.4270991119006437
210.78,-8.57896314471169,11.411732418514173,-0.36339542341546827
210.8,-8.577561724066957,11.410454629002306,-0.3621381968891123
210.82,-8.576248439864603,11.409176839490438,-0.36088097036275646
210.84,-8.575050402419382,11.407899049978571,-0.3596237438364006
210.86,-8.571773343788921,11.408046176595397,-0.3561209415761387
210.88,-8.508081945266893,11.44751104708991,-0.2906559158657834
210.9,-8.44405097432584,11.48697591758442,-0.22519089015542806
210.92,-8.380418730137334,11.526440788078933,-0.15972586444507272
210.94,-8.320754476647895,11.563223929792878,-0.0801445678800877
210.96,-8.317629904086145,11.56247922058381,0.1969784458265718
210.98,-8.31420967925019,11.561734511374741,0.4741014595332313
211.0,-8.31149359526548,11.560989802165672,0.7512244732398908
211.02,-8.306421839479858,11.567485229893517,0.9946837152317393
211.04,-8.28521071736288,11.640308688981682,0.9297438584962465
211.06,-8.263560405141435,11.713132148069848,0.8648040017607537
211.08,-8.2421595882976,11.785955607158014,0.7998641450252609
211.1,-8.224024039882368,11.849442912285554,0.7441222438441201
211.12,-8.22342818122873,11.850523863282012,0.7498629268221092
211.14,-8.222845012064134,11.851604814278474,0.7556036098000981
211.16,-8.222598575701989,11.852685765274936,0.7613442927780872
211.18,-8.212553104813662,11.860561766110061,0.7556531852817411
211.2,-8.150724965986047,11.903625198396096,0.6907637859071113
211.22,-8.088969441853308,11.946688630682129,0.6258743865324815
211.24,-8.027538942577776,11.989752062968163,0.5609849871578517
211.26,-7.977466842637835,12.024866851491744,0.5086742824194905
211.28,-7.976511941526535,12.026867857282188,0.5087659967226685
211.3,-7.975093601931565,12.028868863072633,0.5088577110258466
211.32,-7.974172062635089,12.030869868863075,0.5089494253290247
211.34,-7.95660696117797,12.03032541342319,0.4942908638841274
211.36,-7.879810601098244,12.021028063319404,0.4289115889009035
211.38,-7.804175735048917,12.01173071321562,0.3635323139176795
211.4,-7.727877086252946,12.002433363111834,0.29815303893445544
211.42,-7.670787444099698,11.995750341336437,0.24998933167420653
211.44,-7.669238769842664,11.99662487945971,0.2515927798409011
211.46,-7.667881628577311,11.997499417582981,0.25319622800759567
211.48,-7.665884490295188,11.998373955706251,0.2547996761742903
211.5,-7.649516066884788,11.983733461280405,0.2378372500774604
211.52,-7.598141816326519,11.930873541603217,0.17514001540745505
211.54,-7.546992320509677,11.878013621926032,0.11244278073744973
211.56,-7.49556238460338,11.825153702248844,0.04974554606744441
211.58,-7.4599687632761,11.789360180996711,0.006978965643407424
211.6,-7.457865453123766,11.789756953866895,0.006476501012713051
211.62,-7.4557708673025544,11.790153726737076,0.005974036382018678
211.64,-7.453534247053243,11.79055049960726,0.0054715717513243054
211.66,-7.451441183332065,11.765419303654058,-0.016659223890727624
211.68,-7.448792202125141,11.693329615396465,-0.07857515960327392
211.7,-7.445652593266562,11.621239927138873,-0.1404910953158202
211.72,-7.442517782319433,11.549150238881284,-0.20240703102836652
211.74,-7.4398080267518765,11.504790993788847,-0.24057454902215478
211.76,-7.438040674935825,11.504935584920212,-0.24062887544394573
211.78,-7.436211432719329,11.505080176051575,-0.2406832018657367
211.8,-7.434458631328489,11.505224767182936,-0.24073752828752765
211.82,-7.452480531974739,11.482445263976818,-0.2672401990183513
211.84,-7.497967384940219,11.427432958849872,-0.3309310016202345
211.86,-7.543307409022129,11.37242065372293,-0.3946218042221177
211.88,-7.588431482372325,11.317408348595986,-0.4583126068240009
211.9,-7.612931357654203,11.286853872331081,-0.49352634750964997
211.92,-7.611514473673475,11.286515931905699,-0.49355797260974027
211.94,-7.609479345697922,11.286177991480313,-0.4935895977098305
211.96,-7.607967474769962,11.285840051054931,-0.49362122280992077
211.98,-7.643153239788852,11.280783286225896,-0.5262976315940405
212.0,-7.717643723771928,11.270595100292374,-0.5944731642315491
212.02,-7.792405821251952,11.260406914358851,-0.6626486968690576
212.04,-7.867169886532675,11.25021872842533,-0.7308242295065661
212.06,-7.902949856496715,11.24458737313815,-0.7612450109668033
212.08,-7.9015978198964785,11.243320561853817,-0.7555041955588703
212.1,-7.900933347356748,11.242053750569484,-0.7497633801509371
212.12,-7.90000219317265,11.240786939285153,-0.744022564743004
212.14,-7.935086242682653,11.260849698684025,-0.7767434653806207
212.16,-8.000207826474167,11.298900289431156,-0.8419002210041363
212.18,-8.065626945285619,11.336950880178286,-0.9070569766276521
212.2,-8.130603802861913,11.375001470925415,-0.9722137322511678
212.22,-8.158197740304017,11.39093865186083,-0.9963257672428759
212.24,-8.158061970313776,11.390478708098732,-0.9900030837490642
212.26,-8.15813609777126,11.390018764336629,-0.9836804002552524
212.28,-8.158432006122004,11.38955882057453,-0.9773577167614407
212.3,-8.173917604455553,11.43334094956271,-0.6781647712822443
212.32,-8.200334482056682,11.505895272171818,-0.18850787690042822
212.34,-8.22644983735319,11.578449594780928,0.3011490174813878
212.36,-8.252322650819652,11.651003917390039,0.7908059118632039
212.38,-8.2618629117186,11.677149010560937,0.9698042167895249
212.4,-8.261942742159915,11.67692253266718,0.9722739482436117
212.42,-8.262177553419276,11.676696054773421,0.9747436796976983
212.44,-8.262618054498944,11.676469576879661,0.977213411151785
212.46,-8.245200414368236,11.722109451873592,0.9347827540184738
212.48,-8.219410601127148,11.790403849891666,0.8701746874552713
212.5,-8.193676804243768,11.85869824790974,0.8055666208920684
212.52,-8.167367533095304,11.926992645927815,0.7409585543288659
212.54,-8.159153379818758,11.947891895334122,0.7202084871969029
212.56,-8.158479408401758,11.948584976393684,0.7181565810754375
212.58,-8.15780418925682,11.949278057453245,0.716104674953972
212.6,-8.15740015523206,11.949971138512804,0.7140527688325066
212.62,-8.108680988289931,11.974733269734202,0.6668104058856142
212.64,-8.042714985597808,12.00827085376153,0.6030918330972926
212.66,-7.976497590172295,12.041808437788863,0.5393732603089709
212.68,-7.910097058073916,12.075346021816195,0.47565468752064927
212.7,-7.893859939264075,12.083683703992367,0.45941285545623
212.72,-7.892788417488484,12.084260352566496,0.4577928493913755
212.74,-7.891563133089328,12.084837001140624,0.456172843326521
212.76,-7.891226527242269,12.085413649714752,0.4545528372616665
212.78,-7.8339051615505255,12.07079376154284,0.40474085463853615
212.8,-7.762010950517453,12.052285484755092,0.3425978300052794
212.82,-7.689955492651997,12.033777207967344,0.28045480537202266
212.84,-7.618211641842461,12.015268931179598,0.21831178073876598
212.86,-7.6044634450624,12.012560396298948,0.20770015232609784
212.88,-7.602673275040962,12.01313442076343,0.20779470299066827
212.9,-7.600909908621253,12.013708445227913,0.20788925365523866
212.92,-7.599182416759286,12.014282469692395,0.2079838043198091
212.94,-7.5620066018653915,11.959269317008607,0.15357688356636381
212.96,-7.518782361090839,11.895184463229175,0.09027544642727182
212.98,-7.475104581359092,11.831099609449744,0.026974009288179803
213.0,-7.431972678962767,11.767014755670312,-0.03632742785091218
213.02,-7.426563631677704,11.760651916185108,-0.04319400989661758
213.04,-7.426074470067796,11.761319997236722,-0.043186455851962555
213.06,-7.4247328788411515,11.761988078288333,-0.04317890180730754
213.08,-7.423207215872994,11.762656159339945,-0.04317134776265251
213.1,-7.433325349921393,11.690244766286336,-0.1047422644978227
213.12,-7.44456330083854,11.611748782657473,-0.17144019928468043
213.14,-7.456144964609603,11.533252799028611,-0.23813813407153814
213.16,-7.467210512383231,11.45475681539975,-0.30483606885839587
213.18,-7.465595594271203,11.450292873843685,-0.3034806638490502
213.2,-7.4635013486411985,11.44932874347592,-0.2989080864728288
213.22,-7.461396979059261,11.448364613108158,-0.2943355090966074
213.24,-7.459750353459945,11.447400482740393,-0.289762931720386
213.26,-7.517842417354162,11.393553977944281,-0.3554802435416522
213.28,-7.576304608696967,11.33898813334757,-0.42215368328693664
213.3,-7.634986810725646,11.284422288750855,-0.4888271230322211
213.32,-7.692555598269276,11.230826544529858,-0.5542369353991983
213.34,-7.690506515058862,11.229271296018217,-0.5518601590734193
213.36,-7.688741815939791,11.227716047506576,-0.5494833827476403
213.38,-7.686915728331696,11.226160798994934,-0.5471066064218612
213.4,-7.688728083593642,11.224611587052713,-0.5481909826652989
213.42,-7.768593273727415,11.223177020851736,-0.6150091182724212
213.44,-7.84846517974907,11.221742454650759,-0.6818272538795435
213.46,-7.9285207240061535,11.220307888449783,-0.7486453894866658
213.48,-8.002388699505131,11.2189430156416,-0.810093841567766
213.5,-8.001749134883221,11.218361066619142,-0.8112201772215227
213.52,-8.001052300705453,11.217779117596685,-0.8123465128752794
213.54,-8.000526606458775,11.217197168574227,-0.8134728485290361
213.56,-8.005692773432646,11.222348037842215,-0.8215273655572888
213.58,-8.06159413658638,11.27229297117156,-0.8837160596333793
213.6,-8.117726135862624,11.322237904500907,-0.9459047537094699
213.62,-8.17377264325241,11.372182837830255,-1.0080934477855605
213.64,-8.221535374373717,11.41482448178001,-1.0610403986437724
213.66,-8.220157107551604,11.41446468518094,-1.0595723796307803
213.68,-8.21952331258319,11.414104888581871,-1.0581043606177887
213.7,-8.218619143554436,11.413745091982799,-1.0566363416047968
213.72,-8.219922919742366,11.42679729812688,-0.9682960743016883
213.74,-8.231063122297636,11.502253857264753,-0.47575021954979885
213.76,-8.242108722485902,11.577710416402626,0.01679563520209038
213.78,-8.253341476828364,11.653166975540497,0.5093414899539799
213.8,-8.261641494901687,11.712651339661951,0.9000071616891807
213.82,-8.260606520693875,11.711547221323599,0.9042033672449771
213.84,-8.259103245255568,11.710443102985245,0.9083995728007731
213.86,-8.258936228995305,11.70933898464689,0.9125957783565695
213.88,-8.249966943388472,11.724667301472218,0.900371086662738
213.9,-8.211424672217444,11.791934347376744,0.8362441342881209
213.92,-8.173072837480278,11.859201393281268,0.7721171819135039
213.94,-8.134733989066273,11.926468439185793,0.7079902295388868
213.96,-8.10654800561513,11.97531300969761,0.661707451488826
213.98,-8.106403134625227,11.974865755167448,0.6631691757423398
214.0,-8.106214364445295,11.974418500637285,0.6646308999958536
214.02,-8.10617824782105,11.973971246107123,0.6660926242493673
214.04,-8.106413154791424,11.974004750366001,0.5829205469538543
214.06,-8.106338892879558,11.975140073964681,0.3057818454927776
214.08,-8.106657944604015,11.97627539756336,0.028643144031700776
214.1,-8.107364892930288,11.977410721162038,-0.24849555742937604
214.12,-8.10793194477948,11.978182446369503,-0.4326470170013477
214.14,-8.108268602242783,11.978234026399702,-0.43262738172852816
214.16,-8.10914520609185,11.978285606429901,-0.43260774645570865
214.18,-8.109559746868738,11.978337186460102,-0.43258811118288915
214.2,-8.081109582804181,11.98799239635588,-0.408382105895755
214.22,-8.004596422362328,12.014196053727732,-0.3424994763091659
214.24,-7.9277539143265745,12.040399711099585,-0.2766168467225767
214.26,-7.851678182177833,12.066603368471437,-0.2107342171359875
214.28,-7.805021563463493,12.08190095152134,-0.17214194494603444
214.3,-7.803871096100888,12.080767160618322,-0.17466603181027462
214.32,-7.8025059967413455,12.079633369715303,-0.1771901186745148
214.34,-7.8015298609917565,12.078499578812284,-0.17971420553875503
214.36,-7.783449002538461,12.108302274326611,-0.15281654692138139
214.38,-7.7428523352682,12.179003063310548,-0.08702328521213226
214.4,-7.70276346856418,12.249703852294486,-0.021230023502883114
214.42,-7.662667442517796,12.320404641278424,0.04456323820636604
214.44,-7.640131533181279,12.35845381437496,0.0796892782332259
214.46,-7.638072018604424,12.358538663633947,0.0791582671921412
214.48,-7.635720626629034,12.358623512892931,0.0786272561510565
214.5,-7.634241731713704,12.35870836215192,0.0780962451099718
214.52,-7.64130611226348,12.396384862233653,0.10951004338484488
214.54,-7.657557818582514,12.472550262416968,0.1736311196753469
214.56,-7.673846271093327,12.548715662600284,0.23775219596584887
214.58,-7.689930896397264,12.624881062783597,0.30187327225635086
214.6,-7.697499113676097,12.661089102692634,0.3317196638827115
214.62,-7.697218660064243,12.661264441843862,0.33065787119474666
214.64,-7.696538076346037,12.661439780995089,0.32959607850678185
214.66,-7.696249067247159,12.661615120146317,0.328534285818817
214.68,-7.7294655154530965,12.688369686248027,0.3621208308340596
214.7,-7.789663579589085,12.736217030557043,0.4232036496795095
214.72,-7.8500588055979375,12.784064374866059,0.48428646852495943
214.74,-7.910251598614613,12.831911719175077,0.5453692873704092
214.76,-7.934912012501025,12.851715337360842,0.5702146600499263
214.78,-7.934318196233988,12.851971568807869,0.5698013573481236
214.8,-7.933801040544568,12.852227800254894,0.569388054646321
214.82,-7.9330905838058925,12.852484031701922,0.5689747519445185
214.84,-7.982771756549177,12.851063471809006,0.6072174861839504
214.86,-8.06233031554379,12.848619487208278,0.669053819918642
214.88,-8.140939107847936,12.84617550260755,0.7308901536533334
214.9,-8.220096310825284,12.843731518006825,0.7927264873880251
214.92,-8.247398347691373,12.843183664900966,0.8139012808315477
214.94,-8.2466679271597,12.84364471914503,0.8134405880390689
214.96,-8.24610690666359,12.844105773389092,0.8129798952465903
214.98,-8.245168877876575,12.844566827633153,0.8125192024541117
215.0,-8.285468020516149,12.805975937501321,0.856230475274833
215.02,-8.345613555202515,12.749378922095788,0.9203086199409365
215.04,-8.405407872381517,12.692781906690255,0.9843867646070401
215.06,-8.465484671043455,12.636184891284723,1.0484649092731437
215.08,-8.48215226525888,12.62053930295496,1.0669517210731634
215.1,-8.482526977512933,12.62112545573758,1.067367692248222
215.12,-8.482719635613757,12.621711608520204,1.0677836634232805
215.14,-8.482839328720125,12.622297761302825,1.0681996345983389
215.16,-8.488506322680939,12.55985477054917,0.7037249201976318
215.18,-8.495666902611031,12.47616215010946,0.2162310513336659
215.2,-8.502916845781906,12.392469529669748,-0.2712628175303002
215.22,-8.509736127193701,12.308776909230037,-0.7587566863942663
215.24,-8.51244426193975,12.289862837427766,-0.8709151509116874
215.26,-8.513744333539323,12.289263827368536,-0.8769537462818294
215.28,-8.514976811938133,12.288664817309304,-0.8829923416519716
215.3,-8.516209069428674,12.288065807250074,-0.8890309370221136
215.32,-8.47826993979555,12.229716984634507,-0.8373768465184975
215.34,-8.431049677611906,12.157936626667478,-0.7723045072702915
215.36,-8.383568906750165,12.086156268700448,-0.7072321680220855
215.38,-8.336462247814197,12.014375910733417,-0.6421598287738796
215.4,-8.329217783091066,12.00223288675582,-0.6322091874703806
215.42,-8.329513990025148,12.001194547254855,-0.6325224030924889
215.44,-8.330301956938383,12.000156207753886,-0.6328356187145973
215.46,-8.33038520584661,11.99911786825292,-0.6331488343367057
215.48,-8.262680932434556,11.980213294928202,-0.5775676639388553
215.5,-8.184882797430005,11.958750469619435,-0.5139830203219995
215.52,-8.107155174104422,11.937287644310667,-0.45039837670514365
215.54,-8.029087172367348,11.915824819001896,-0.3868137330882878
215.56,-8.021962793618922,11.913146339976203,-0.3821512273126944
215.58,-8.02177060651421,11.912406129073036,-0.3835686191160687
215.6,-8.022005019221762,11.91166591816987,-0.38498601091944296
215.62,-8.022215430811482,11.910925707266705,-0.3864034027228172
215.64,-7.953508681954666,11.94985661073748,-0.32697698030369754
215.66,-7.879569922346091,11.991401302411518,-0.26354177601984274
215.68,-7.805644678733682,12.032945994085557,-0.2001065717359879
215.7,-7.731950858026668,12.074490685759594,-0.13667136745213307
215.72,-7.730083063669154,12.075808431614018,-0.13214387044777748
215.74,-7.73082855146086,12.075878045816193,-0.12944411782020102
215.76,-7.731770976767455,12.075947660018368,-0.12674436519262458
215.78,-7.732705538740721,12.076181854874937,-0.12394609737452449
215.8,-7.716090339168238,12.177427426375239,-0.060684131366169805
215.82,-7.6992752221563165,12.278672997875539,0.002577834642184872
215.84,-7.68230853282493,12.37991856937584,0.06583980065053956
215.86,-7.666256804627762,12.477760363070628,0.12705118446145852
215.88,-7.666790188956952,12.476934109888592,0.1288206916452815
215.9,-7.667295937772762,12.476107856706554,0.13059019882910447
215.92,-7.667692203609434,12.475281603524518,0.13235970601292743
215.94,-7.664167835215908,12.478697313871088,0.12853288700658344
215.96,-7.600703035233401,12.543064737668864,0.044293856055861114
215.98,-7.537325289860998,12.607432161466644,-0.03994517489486122
216.0,-7.473904596391369,12.67179958526442,-0.12418420584558353
216.02,-7.417428501384572,12.729963069636307,-0.20014687861807542
216.04,-7.418566826514942,12.730231808357232,-0.1988751332650043
216.06,-7.4193699539690545,12.730500547078154,-0.19760338791193313
216.08,-7.420816868054461,12.730769285799079,-0.196331642558862
216.1,-7.42502914312041,12.719455806169949,-0.18371262267401944
216.12,-7.451372481336287,12.629595826780262,-0.09414040873299817
216.14,-7.477227319360647,12.539735847390572,-0.004568194791976893
216.16,-7.502832552818493,12.449875868000882,0.0850040191490444
216.18,-7.524540791923046,12.374423313873155,0.15952045881444915
216.2,-7.523433064019409,12.37448175762829,0.15512782772085804
216.22,-7.52197788223083,12.374540201383427,0.15073519662726692
216.24,-7.520687464587825,12.37459864513856,0.14634256553367583
216.26,-7.509970264843467,12.361523979268783,0.16333459863138175
216.28,-7.457525011398394,12.29316226080424,0.27035063119550623
216.3,-7.4047896206001855,12.224800542339697,0.37736666375963074
216.32,-7.352155972290831,12.156438823875156,0.48438269632375514
216.34,-7.311293854957306,12.103729913387172,0.5658122432765461
216.36,-7.311138809791032,12.105350476403515,0.5584334247161573
216.38,-7.3107683169759365,12.10697103941986,0.5510546061557686
216.4,-7.310184564040263,12.108591602436205,0.5436757875953798
216.42,-7.310951977592316,12.110369014947562,0.554482514366312
216.44,-7.315870394504902,12.112603738645806,0.6183111097703154
216.46,-7.320935568569677,12.114838462344052,0.6821397051743187
216.48,-7.326065952030763,12.117073186042296,0.745968300578322
216.5,-7.3295958396283005,12.119064074130321,0.7891060053091281
216.52,-7.330581174790366,12.120449517707415,0.7808681698839284
216.54,-7.330550573327734,12.121834961284513,0.7726303344587283
216.56,-7.331345689824099,12.123220404861607,0.7643924990335283
216.58,-7.334092133891161,12.124350490172835,0.7822213707937278
216.6,-7.340458464294549,12.124935007760424,0.8557412304821099
216.62,-7.347047497569191,12.125519525348016,0.929261090170492
216.64,-7.353233981187792,12.126104042935605,1.002780949858874
216.66,-7.357998624005891,12.12671436183098,1.0476407539145471
216.68,-7.359044553352476,12.12737248198915,1.0394029839036971
216.7,-7.360773904948196,12.128030602147325,1.031165213892847
216.72,-7.362096288668393,12.128688722305496,1.022927443881997
216.74,-7.365477033912461,12.128051210417693,0.8423508186496116
216.76,-7.37307031832313,12.125320012276879,0.3832819369473687
216.78,-7.380870507912178,12.122588814136064,-0.07578694475487431
216.8,-7.388571200947217,12.119857615995247,-0.5348558264571174
216.82,-7.3935683327055095,12.118025374294358,-0.8055119360228785
216.84,-7.3946649966852185,12.117465623978472,-0.8094658799211532
216.86,-7.3952726220295055,12.116905873662589,-0.813419823819428
216.88,-7.396591059639642,12.116346123346704,-0.8173737677177026
216.9,-7.432540291414767,12.12558180677354,-0.770820513517279
216.92,-7.512290203309043,12.14699922030193,-0.6614558441632111
216.94,-7.592140348632277,12.168416633830322,-0.5520911748091432
216.96,-7.672027348895719,12.189834047358712,-0.4427265054550751
216.98,-7.713680103277639,12.2002692472096,-0.3840892529423977
217.0,-7.713497188106322,12.19868388098247,-0.38097562107811966
217.02,-7.713301897402266,12.197098514755341,-0.3778619892138417
217.04,-7.713619302821199,12.19551314852821,-0.3747483573495637
217.06,-7.734376411584069,12.158677455019067,-0.3244467364343072
217.08,-7.774737588665767,12.087858418834594,-0.22865318038750265
217.1,-7.814491663470234,12.017039382650124,-0.13285962434069812
217.12,-7.854591553968572,11.94622034646565,-0.037066068293893605
217.14,-7.872763884294724,11.913509659825008,0.006938685439262518
217.16,-7.870955546372027,11.913148090954964,0.006981365629564799
217.18,-7.869305225387684,11.912786522084923,0.007024045819867082
217.2,-7.867724880702173,11.912424953214881,0.007066726010169363
217.22,-7.838249164501514,11.870756363564604,0.08385690761293844
217.24,-7.788368832449704,11.798254195192705,0.21793517443200214
217.26,-7.738752135177629,11.725752026820807,0.3520134412510659
217.28,-7.688634870032059,11.653249858448907,0.4860917080701295
217.3,-7.668251386240623,11.625407210147173,0.5345087876617337
217.32,-7.66743186892335,11.626806629832256,0.5268368126284585
217.34,-7.6671186937081295,11.628206049517335,0.5191648375951833
217.36,-7.667016117667552,11.629605469202415,0.5114928625619081
217.38,-7.632465119769254,11.638822920673036,0.5702811074445173
217.4,-7.577427084738543,11.652514245831664,0.6671012556676578
217.42,-7.522150141513768,11.666205570990293,0.7639214038907983
217.44,-7.466967654674262,11.679896896148923,0.860741552113939
217.46,-7.449318815754507,11.68517111420856,0.8877809173413556
217.48,-7.450405769159948,11.686257283242693,0.8800998807980439
217.5,-7.451331198502874,11.687343452276828,0.8724188442547324
217.52,-7.4524307438101545,11.688429621310961,0.8647378077114208
217.54,-7.471222497350482,11.738306783446877,0.5622561655579056
217.56,-7.497636412475364,11.809147052502762,0.13311310041213223
217.58,-7.523888974521155,11.879987321558646,-0.2960299647336413
217.6,-7.550333435737363,11.950827590614532,-0.7251730298794149
217.62,-7.5587225829572215,11.96949623849706,-0.8439615672239003
217.64,-7.559549390436063,11.968984996726917,-0.8486542520232623
217.66,-7.560234895392611,11.968473754956774,-0.8533469368226243
217.68,-7.561586925688797,11.967962513186631,-0.8580396216219863
217.7,-7.530688228842882,11.906880370230683,-0.8191098516835106
217.72,-7.4897154227199,11.826974754251628,-0.7666236365892917
217.74,-7.449349831595079,11.747069138272572,-0.7141374214950726
217.76,-7.408566611637108,11.667163522293519,-0.6616512064008536
217.78,-7.40139413656574,11.649633257876177,-0.6518139986536596
217.8,-7.402336092820628,11.648223542352797,-0.6529991802157497
217.82,-7.402903991424951,11.646813826829415,-0.6541843617778397
217.84,-7.403461203921172,11.645404111306037,-0.6553695433399297
217.86,-7.344414641399974,11.592703262371012,-0.6248002534161612
217.88,-7.272648905548465,11.529224207743717,-0.5875581488642363
217.9,-7.201018494798012,11.465745153116421,-0.5503160443123114
217.92,-7.129921216843943,11.402266098489125,-0.5130739397603865
217.94,-7.119967184796817,11.391852123982526,-0.5095882605019048
217.96,-7.119939306945611,11.390215264623857,-0.511685989976798
217.98,-7.119984084712639,11.38857840526519,-0.5137837194516912
218.0,-7.120489047459337,11.38694154590652,-0.5158814489265845
218.02,-7.033448501182857,11.36271011747777,-0.4756781139147238
218.04,-6.936176187053789,11.335680184378981,-0.4302354788681318
218.06,-6.838268072722791,11.308650251280197,-0.38479284382153983
218.08,-6.740865268331623,11.281620318181409,-0.33935020877494787
218.1,-6.73277711726282,11.277974475997587,-0.3373850668256211
218.12,-6.731790238129728,11.276320306164408,-0.33912299467669704
218.14,-6.730876798931039,11.274666136331225,-0.340860922527773
218.16,-6.730356516772611,11.273011966498046,-0.34259885037884896
218.18,-6.643268242693532,11.27489799620531,-0.31165794603128344
218.2,-6.551399111369074,11.276957713176717,-0.27911377133267223
218.22,-6.459595741484568,11.279017430148127,-0.24656959663406094
218.24,-6.367534525985537,11.281077147119532,-0.21402542193544968
218.26,-6.365622652550442,11.279861558030685,-0.21832270323302344
218.28,-6.364931462267172,11.278595933300124,-0.22318279785509043
218.3,-6.363659535185102,11.277330308569562,-0.2280428924771574
218.32,-6.363745294401188,11.274945766963365,-0.23178458011165096
218.34,-6.4258792876312985,11.206572420352272,-0.16956753370062183
218.36,-6.487925389845429,11.138199073741177,-0.10735048728959272
218.38,-6.549885317382925,11.069825727130082,-0.045133440878563615
218.4,-6.609086373741533,11.004747398834255,0.013793367475283043
218.42,-6.607282607337629,11.004461867662272,0.008021377057527668
218.44,-6.606163014135928,11.004176336490287,0.002249386639772297
218.46,-6.604508649307167,11.003890805318303,-0.0035226037779830756
218.48,-6.5981466818166865,10.999100440453326,0.000530072895227407
218.5,-6.539994678842129,10.942584523234801,0.11739187119265784
218.52,-6.481921294569721,10.886068606016277,0.23425366949008825
218.54,-6.423293622789339,10.829552688797751,0.3511154677875186
218.56,-6.371422187707509,10.779485168013691,0.45426732252522184
218.58,-6.370450569143163,10.780629639276144,0.44853729822916427
218.6,-6.369963955574885,10.7817741105386,0.4428072739331067
218.62,-6.369014508371958,10.782918581801054,0.43707724963704914
218.64,-6.3569988866227565,10.79014827284822,0.4498142785100464
218.66,-6.274271213732314,10.833682419608166,0.572725851218887
218.68,-6.191650520336287,10.87721656636811,0.6956374239277275
218.7,-6.108976005230776,10.920750713128056,0.8185489966365682
218.72,-6.0408223144056095,10.956846936209866,0.919941796442585
218.74,-6.042193071295538,10.95794522606818,0.9200815302459775
218.76,-6.043607854812068,10.959043515926494,0.9202212640493701
218.78,-6.044706351990277,10.960141805784806,0.9203609978527625
218.8,-6.046882689235828,10.98075369139741,0.8262286866136859
218.82,-6.050501089759335,11.076122967424048,0.37093628140169776
218.84,-6.053752363666099,11.171492243450686,-0.08435612381029034
218.86,-6.057363092655105,11.266861519477324,-0.5396485290222784
218.88,-6.0601223847688,11.339373673628614,-0.8866260652570893
218.9,-6.061723807888759,11.33899224660329,-0.8881769665253788
218.92,-6.062892779643452,11.33861081957797,-0.889727867793668
218.94,-6.064279597683617,11.338229392552647,-0.8912787690619572
218.96,-6.082570140957767,11.358438050897542,-0.8735729597534905
218.98,-6.147909858192252,11.434193495940628,-0.8039174680768773
219.0,-6.213109642350467,11.509948940983715,-0.7342619764002639
219.02,-6.278368315175804,11.585704386026801,-0.6646064847236506
219.04,-6.324312860571808,11.638081366387704,-0.6168291398583198
219.06,-6.3249322679245985,11.636464476769433,-0.6195805970496023
219.08,-6.325962537310248,11.634847587151167,-0.6223320542408849
219.1,-6.326564599802161,11.633230697532897,-0.6250835114321674
219.12,-6.35791535986939,11.63991146296164,-0.6041172818778371
219.14,-6.451057842632949,11.66314711141962,-0.535831233944306
219.16,-6.54433427827969,11.686382759877603,-0.4675451860107747
219.18,-6.637230571960075,11.709618408335585,-0.39925913807724356
219.2,-6.696327856017332,11.723846162722298,-0.35836187434153227
219.22,-6.695948094376812,11.722442866217776,-0.36499131066001533
219.24,-6.695634674329247,11.721039569713254,-0.3716207469784985
219.26,-6.694957381051907,11.719636273208733,-0.3782501832969817
219.28,-6.722472908798698,11.7059866388301,-0.35594958380139136
219.3,-6.792306697382147,11.67376067617164,-0.28976534758486205
219.32,-6.861895463850123,11.641534713513177,-0.22358111136833272
219.34,-6.9319615868318145,11.609308750854714,-0.15739687515180342
219.36,-6.971768299085221,11.590844766194179,-0.11919751483852375
219.38,-6.971953892868584,11.590695300120458,-0.1182405865329885
219.4,-6.972444592973698,11.590545834046742,-0.11728365822745322
219.42,-6.972724484432854,11.590396367973021,-0.11632672992191793
219.44,-6.9521217277721785,11.621495671751983,-0.08415176549962021
219.46,-6.907439885699398,11.68916679267549,-0.015440952982939654
219.48,-6.863099510689349,11.756837913598996,0.05326985953374091
219.5,-6.818367825488858,11.824509034522503,0.12198067205042148
219.52,-6.795418098467582,11.858747050341327,0.15674398208420534
219.54,-6.794449056195727,11.85853047064359,0.15652258270547095
219.56,-6.79353586273907,11.858313890945853,0.15630118332673654
219.58,-6.792798973173053,11.858097311248114,0.15607978394800212
219.6,-6.811033863420217,11.894167593393789,0.19641496039803347
219.62,-6.845446085973007,11.963174747810056,0.2735625446988513
219.64,-6.880314856332511,12.03218190222632,0.35071012899966897
219.66,-6.915085203740693,12.101189056642587,0.4278577133004868
219.68,-6.93017770126756,12.131711807109447,0.46263451260521155
219.7,-6.929871631627657,12.131492078342315,0.4635642766386457
219.72,-6.929225508331662,12.131272349575184,0.46449404067207994
219.74,-6.928909400285933,12.131052620808054,0.46542380470551414
219.76,-6.888402841746675,12.167397935327713,0.5402733664582325
219.78,-6.818939430383304,12.22940204146863,0.6669946755377174
219.8,-6.749709869728681,12.29140614760955,0.7937159846172024
219.82,-6.680458196186116,12.353410253750466,0.9204372936966873
219.84,-6.6541143456295515,12.377354109745012,0.9687149718929041
219.86,-6.653472193998885,12.377907030652882,0.9687830384628908
219.88,-6.6530927613549,12.37845995156075,0.9688511050328773
219.9,-6.652862245827812,12.379012872468618,0.9689191716028638
219.92,-6.692703186494377,12.32371522849775,0.6483867929306152
219.94,-6.75433400656488,12.238486426084602,0.15603980962463246
219.96,-6.816041503319074,12.153257623671456,-0.33630717368135027
219.98,-6.87739989463557,12.06802882125831,-0.8286541569873331
220.0,-6.896570014115666,12.041336301141799,-0.9848543985795805
220.02,-6.8962372503993965,12.04183752741674,-0.984893557065209
220.04,-6.896448000185961,12.042338753691686,-0.9849327155508377
220.06,-6.896431678090618,12.042839979966631,-0.9849718740364662
220.08,-6.922291951118064,12.119159521750062,-0.9442660159267112
220.1,-6.957991423466936,12.225771868022377,-0.8872807032637616
220.12,-6.993839164842653,12.33238421429469,-0.8302953906008121
220.14,-7.029586761375988,12.438996560567004,-0.7733100779378626
220.16,-7.039076400276302,12.466488876734974,-0.7585515176902895
220.18,-7.039763774600184,12.467076070949117,-0.7581523544494096
220.2,-7.040125428043632,12.46766326516326,-0.7577531912085299
220.22,-7.0407665566242486,12.468250459377403,-0.7573540279676503
220.24,-7.106048493764369,12.466552620450733,-0.6685706961302533
220.26,-7.1905543447995495,12.464202597470281,-0.5545611457599059
220.28,-7.2747069864562395,12.461852574489834,-0.44055159538955846
220.3,-7.359108181485027,12.459502551509384,-0.326542045019211
220.32,-7.375364292471032,12.459035571410473,-0.3045259898526993
220.34,-7.375557027869403,12.459011215153128,-0.3041337195959815
220.36,-7.376049056123719,12.458986858895786,-0.3037414493392637
220.38,-7.376557366783931,12.458962502638443,-0.3033491790825459
220.4,-7.3736108008531165,12.394181439329428,-0.20987798186360004
220.42,-7.370017387064021,12.317193940181712,-0.09886169933028123
220.44,-7.365651908446711,12.240206441033994,0.012154583203037549
220.46,-7.361945321317506,12.163218941886278,0.12317086573635634
220.48,-7.361316817983202,12.152939295570848,0.13779136176678386
220.5,-7.361419317048547,12.152353571045618,0.13840371369439788
220.52,-7.361601911216466,12.151767846520391,0.13901606562201194
220.54,-7.361770481824539,12.151182121995161,0.13962841754962602
220.56,-7.400811016930785,12.236302591405751,0.21748573569850388
220.58,-7.444127467522867,12.33043665604375,0.30346679411514693
220.6,-7.487385200073611,12.42457072068175,0.38944785253179004
220.62,-7.530691737538135,12.518704785319747,0.47542891094843304
220.64,-7.53311026208663,12.52442988309779,0.4810685502305545
220.66,-7.533016114208243,12.524166357849216,0.4812660438830128
220.68,-7.533077232768083,12.523902832600644,0.4814635375354711
220.7,-7.533024583684506,12.52363930735207,0.4816610311879294
220.72,-7.625857480941455,12.564704937456222,0.5479064035709209
220.74,-7.72219396331497,12.60712448361138,0.6163154611873775
220.76,-7.8185933343658505,12.649544029766536,0.684724518803834
220.78,-7.91441870113483,12.691963575921694,0.7531335764202907
