time,x,y,yaw
418.84,2.963517355596182e-14,1.552209932030403e-30,-9.26075861029358e-16
418.86,2.9635177888060055e-14,1.5522059201830606e-30,-9.260702071627967e-16
418.88,2.9635180251754403e-14,1.552203731247217e-30,-9.260703673810777e-16
418.9,2.9635183387310096e-14,1.5522008274943236e-30,-9.260884354373511e-16
418.92,2.963518493753143e-14,1.5521993918612259e-30,-9.260784186110445e-16
418.94,2.963518517746508e-14,1.552199169668717e-30,-9.260852111136619e-16
418.96,2.963518866576186e-14,1.5521959392122481e-30,-9.260788981374533e-16
418.98,2.963519349057247e-14,1.5521914710241977e-30,-9.260912023420008e-16
419.0,2.963519593716259e-14,1.5521892052522312e-30,-9.260926425185603e-16
419.02,2.963519451718718e-14,1.5521905202833716e-30,-9.261066616935733e-16
419.04,2.963519590803585e-14,1.5521892321955406e-30,-9.26092166764074e-16
419.06,2.963519692557094e-14,1.55218828986335e-30,-9.260913685056424e-16
419.08,2.9635196272264355e-14,1.5521888949267458e-30,-9.261154371765952e-16
419.1,2.963519698343515e-14,1.5521882362989683e-30,-9.261072167045202e-16
419.12,2.9635202053489496e-14,1.5521835408855751e-30,-9.261123444616158e-16
419.14,2.963520421545871e-14,1.5521815386777668e-30,-9.260994697695224e-16
419.16,2.963520333192055e-14,1.5521823569303539e-30,-9.260909845040572e-16
419.18,2.963520561641709e-14,1.5521802412831639e-30,-9.260955022169656e-16
419.2,2.9635208574435755e-14,1.5521775018791494e-30,-9.260914034311968e-16
419.22,2.963521161879268e-14,1.5521746825354904e-30,-9.260924751474882e-16
419.24,2.963521165187639e-14,1.552174651895746e-30,-9.260613002919145e-16
419.26,2.963521290880364e-14,1.5521734879080525e-30,-9.260457265857872e-16
419.28,2.963521808670836e-14,1.5521686929649874e-30,-9.260438334265842e-16
419.3,2.9635225084921314e-14,1.5521622122667929e-30,-9.260507379812923e-16
419.32,2.963522567465334e-14,1.5521616661383996e-30,-9.260525078293085e-16
419.34,2.9635226409160015e-14,1.552160985943142e-30,-9.260526306409255e-16
419.36,2.9635226219512994e-14,1.552161161565231e-30,-9.260435015117964e-16
419.38,2.963523248171765e-14,1.5521553624599875e-30,-9.260546196706783e-16
419.4,2.9635232311541373e-14,1.5521555200620177e-30,-9.260556293085546e-16
419.42,2.9635233832588393e-14,1.5521541114991006e-30,-9.260458599878303e-16
419.44,2.963523262798497e-14,1.5521552270289285e-30,-9.26061907866683e-16
419.46,2.9635231242457694e-14,1.5521565101185846e-30,-9.260601130452712e-16
419.48,2.9635232927859485e-14,1.5521549493345999e-30,-9.260593201301731e-16
419.5,2.963523514288602e-14,1.5521528980697194e-30,-9.260674078341178e-16
419.52,2.963523811326428e-14,1.552150147303308e-30,-9.260586507465907e-16
419.54,2.9635240365299914e-14,1.552148061777028e-30,-9.260546223530893e-16
419.56,2.9635240281325184e-14,1.5521481395295158e-30,-9.260657631249372e-16
419.58,2.9635240038521314e-14,1.552148364386437e-30,-9.26067747313703e-16
419.6,2.96352422489553e-14,1.5521463173824325e-30,-9.260734889712377e-16
419.62,2.9635249540893894e-14,1.5521395645517518e-30,-9.260625018986977e-16
419.64,2.9635245787588294e-14,1.552143040314365e-30,-9.260541932159123e-16
419.66,2.963524804081142e-14,1.5521409537157265e-30,-9.260477809688637e-16
419.68,2.963525241197223e-14,1.5521369058201167e-30,-9.260458463949838e-16
419.7,2.96352558317092e-14,1.5521337389624292e-30,-9.260508850151674e-16
419.72,2.9635255734871167e-14,1.5521338286383542e-30,-9.26041600918463e-16
419.74,2.963525721062386e-14,1.5521324620288114e-30,-9.260394060287043e-16
419.76,2.963525858853537e-14,1.5521311860331247e-30,-9.260375283487666e-16
419.78,2.9635260415704335e-14,1.5521294940152752e-30,-9.26018960044428e-16
419.8,2.9635264673002944e-14,1.5521255516449787e-30,-9.260286565576453e-16
419.82,2.963526590004358e-14,1.5521244153688461e-30,-9.260266556586914e-16
419.84,2.9635268927662705e-14,1.552121611727142e-30,-9.260240918937869e-16
419.86,2.9635272142030405e-14,1.55211863513516e-30,-9.260194145984036e-16
419.88,2.963527462977252e-14,1.5521163314286362e-30,-9.26012281411279e-16
419.9,2.963527365853188e-14,1.5521172308154456e-30,-9.260073891448147e-16
419.92,2.9635276897708083e-14,1.5521142313273503e-30,-9.26000976758974e-16
419.94,2.9635278635770063e-14,1.5521126218743875e-30,-9.260065239044876e-16
419.96,2.963528253706923e-14,1.5521090092369649e-30,-9.260008174237281e-16
419.98,2.9635282080677806e-14,1.5521094318407826e-30,-9.259906447953259e-16
420.0,2.963527926142745e-14,1.5521120424495564e-30,-9.25989864561435e-16
420.02,2.9635281076790464e-14,1.5521103614560831e-30,-9.259855833862603e-16
420.04,2.9635278301661936e-14,1.5521129311698143e-30,-9.2598905011796e-16
420.06,2.963527891079865e-14,1.5521123671227728e-30,-9.25970262672385e-16
420.08,2.963528590077794e-14,1.5521058945760487e-30,-9.259782682393591e-16
420.1,2.963528437473948e-14,1.5521073076481593e-30,-9.259663301470983e-16
420.12,2.963528802060788e-14,1.5521039316948567e-30,-9.259717019491854e-16
420.14,2.9635290821569605e-14,1.5521013381009857e-30,-9.259599776858455e-16
420.16,2.963529068801965e-14,1.552101461791593e-30,-9.259455619296768e-16
420.18,2.963529491343531e-14,1.5520975493370541e-30,-9.259345760374306e-16
420.2,2.9635298597486596e-14,1.5520941381520443e-30,-9.259379229064016e-16
420.22,2.963530027562057e-14,1.5520925842989627e-30,-9.259456133382747e-16
420.24,2.963530734607614e-14,1.5520860374485964e-30,-9.259427173154437e-16
420.26,2.9635307550008395e-14,1.5520858486291584e-30,-9.2593570574721e-16
420.28,2.963531184379432e-14,1.5520818728512883e-30,-9.259401310956136e-16
420.3,2.963531113620805e-14,1.5520825280370355e-30,-9.25940115517646e-16
420.32,2.963531061290463e-14,1.5520830125813273e-30,-9.259445370686151e-16
420.34,2.9635310970401723e-14,1.5520826815520434e-30,-9.25945179444519e-16
420.36,2.963531324284123e-14,1.5520805773915013e-30,-9.25950139850043e-16
420.38,2.963531522706737e-14,1.5520787400962593e-30,-9.259430684826975e-16
420.4,2.963531938714578e-14,1.5520748881197577e-30,-9.259401133887786e-16
420.42,2.963532453063154e-14,1.5520701255429035e-30,-9.259340469792028e-16
420.44,2.9635325410650155e-14,1.552069310701117e-30,-9.259315664514774e-16
420.46,2.963532586518392e-14,1.5520688898397876e-30,-9.259354952635957e-16
420.48,2.963532612337159e-14,1.5520686507777485e-30,-9.259396910402546e-16
420.5,2.963533117773503e-14,1.5520639707424388e-30,-9.259350469662653e-16
420.52,2.9635332557077335e-14,1.5520626935528415e-30,-9.25948875447502e-16
420.54,2.963533528692017e-14,1.552060165850134e-30,-9.259597572367723e-16
420.56,2.963533190028208e-14,1.5520633017583794e-30,-9.259682778567429e-16
420.58,2.96353296633376e-14,1.5520653730974095e-30,-9.259735495390967e-16
420.6,2.9635333010439566e-14,1.55206227378586e-30,-9.259759695390394e-16
420.62,2.9635333828271703e-14,1.5520615165012205e-30,-9.259778149747925e-16
420.64,2.9635339103409126e-14,1.5520566318566645e-30,-9.25976837191214e-16
420.66,2.96353435533666e-14,1.5520525112873023e-30,-9.259885735818546e-16
420.68,2.963534604551032e-14,1.552050203573058e-30,-9.260015053361701e-16
420.7,2.963534518492655e-14,1.5520510004799363e-30,-9.260088289192129e-16
420.72,2.963534350838593e-14,1.5520525529660626e-30,-9.259967249096086e-16
420.74,2.9635346841148984e-14,1.552049466880496e-30,-9.259905924813207e-16
420.76,2.9635344515662066e-14,1.5520516202904822e-30,-9.260079414964958e-16
420.78,2.963534555366053e-14,1.5520506591026003e-30,-9.260022694670117e-16
420.8,2.963534913882952e-14,1.5520473392430218e-30,-9.259946764084368e-16
420.82,2.963535389940143e-14,1.5520429309932776e-30,-9.259898869227545e-16
420.84,2.963535514112205e-14,1.5520417811602529e-30,-9.259906537686975e-16
420.86,2.963535112575427e-14,1.5520454993529966e-30,-9.259943778776588e-16
420.88,2.963535364989543e-14,1.5520431620267054e-30,-9.259915147672091e-16
420.9,2.9635355430725827e-14,1.5520415129841473e-30,-9.25987457125459e-16
420.92,2.9635352975946127e-14,1.552043786053452e-30,-9.259757737022687e-16
420.94,2.9635354935225606e-14,1.5520419718047942e-30,-9.259813691778033e-16
420.96,2.9635361271134594e-14,1.5520361049030455e-30,-9.259768924454143e-16
420.98,2.963536132068396e-14,1.552036059019505e-30,-9.259804640148981e-16
421.0,2.9635360797793085e-14,1.5520365431878603e-30,-9.259791661491931e-16
421.02,2.96353690004733e-14,1.5520289476650076e-30,-9.259797720428675e-16
421.04,2.9635373413392984e-14,1.5520248614032588e-30,-9.259769901855644e-16
421.06,2.9635372715848484e-14,1.5520255073131856e-30,-9.259733751078457e-16
421.08,2.9635374219277104e-14,1.5520241151804436e-30,-9.259716863491139e-16
421.1,2.963537584036935e-14,1.5520226141033881e-30,-9.259575431700575e-16
421.12,2.9635378122462205e-14,1.5520205009777982e-30,-9.259502809064981e-16
421.14,2.9635380299662925e-14,1.5520184849947858e-30,-9.25937926523171e-16
421.16,2.963537710237133e-14,1.5520214454750634e-30,-9.259352112822211e-16
421.18,2.963538024644186e-14,1.552018534255585e-30,-9.259478647067508e-16
421.2,2.963537640052744e-14,1.5520220953613183e-30,-9.2594194528842e-16
421.22,2.9635378750875094e-14,1.5520199190924983e-30,-9.259371275956119e-16
421.24,2.9635378443253445e-14,1.5520202039275556e-30,-9.259432467394663e-16
421.26,2.96353820552847e-14,1.552016859405205e-30,-9.259388570649148e-16
421.28,2.963538081172304e-14,1.5520180108722758e-30,-9.259481766498997e-16
421.3,2.963537986288946e-14,1.5520188894425399e-30,-9.259495737242668e-16
421.32,2.9635382235406253e-14,1.5520166926100386e-30,-9.259469390560393e-16
421.34,2.963538603982724e-14,1.552013169901049e-30,-9.259483447452881e-16
421.36,2.963538694235972e-14,1.5520123342038549e-30,-9.259538374067666e-16
421.38,2.963538989102438e-14,1.5520096038771086e-30,-9.259519778859021e-16
421.4,2.963538736778999e-14,1.5520119402786245e-30,-9.259534722821022e-16
421.42,2.963538802781828e-14,1.5520113291313504e-30,-9.259529341453791e-16
421.44,2.9635393449956e-14,1.5520063085235053e-30,-9.259362156623869e-16
421.46,2.963539620741119e-14,1.5520037552954618e-30,-9.259407107831236e-16
421.48,2.963539814974228e-14,1.5520019568093547e-30,-9.259414153085818e-16
421.5,2.963540075223062e-14,1.5519995470473562e-30,-9.259508360402076e-16
421.52,2.963540280260094e-14,1.55199764850885e-30,-9.25947803365132e-16
421.54,2.9635406841855995e-14,1.5519939083907785e-30,-9.259380655598583e-16
421.56,2.963540497741764e-14,1.5519956347447375e-30,-9.259380132187637e-16
421.58,2.9635407968550016e-14,1.5519928651850085e-30,-9.259162932348225e-16
421.6,2.9635407754605675e-14,1.5519930632858294e-30,-9.25904872125033e-16
421.62,2.9635410923799646e-14,1.5519901289331361e-30,-9.25898876719423e-16
421.64,2.963541407599999e-14,1.551987210312832e-30,-9.25896701535047e-16
421.66,2.9635417674153467e-14,1.5519838787869346e-30,-9.258975897184942e-16
421.68,2.963542084892508e-14,1.551980939297882e-30,-9.258788487889385e-16
421.7,2.963542451993108e-14,1.5519775403547954e-30,-9.258927909435802e-16
421.72,2.963542555971742e-14,1.5519765776283023e-30,-9.258954196394207e-16
421.74,2.963542587012374e-14,1.5519762902282001e-30,-9.25899432542597e-16
421.76,2.963542964707122e-14,1.5519727931552975e-30,-9.258947848164657e-16
421.78,2.9635425648049666e-14,1.5519764958028738e-30,-9.258834704523361e-16
421.8,2.963543042480915e-14,1.5519720730812064e-30,-9.258862789805847e-16
421.82,2.963543417522955e-14,1.5519686006298451e-30,-9.25881629676353e-16
421.84,2.963543483193223e-14,1.5519679925987839e-30,-9.258784057469206e-16
421.86,2.9635434578548085e-14,1.551968227203118e-30,-9.258736129134703e-16
421.88,2.963543516105477e-14,1.5519676878688253e-30,-9.258807744517825e-16
421.9,2.9635439535369e-14,1.5519636377247872e-30,-9.25893793597955e-16
421.92,2.9635437936754814e-14,1.5519651178759954e-30,-9.258813114955072e-16
421.94,2.963544043744477e-14,1.5519628025314966e-30,-9.25880475176793e-16
421.96,2.9635441602424214e-14,1.5519617239143933e-30,-9.258640279339675e-16
421.98,2.963544279172703e-14,1.5519606227684617e-30,-9.258596635571912e-16
422.0,2.963544414392446e-14,1.5519593708274646e-30,-9.258546272481177e-16
422.02,2.963544661927094e-14,1.5519570790128593e-30,-9.258543156248203e-16
422.04,2.9635451523630103e-14,1.5519525382848957e-30,-9.258622489749392e-16
422.06,2.9635455233113855e-14,1.551949103790918e-30,-9.258770900327011e-16
422.08,2.963545942953944e-14,1.5519452184326783e-30,-9.258737609448443e-16
422.1,2.963546218883944e-14,1.5519426636577295e-30,-9.258757936058626e-16
422.12,2.963546560587215e-14,1.551939499889188e-30,-9.258862157162909e-16
422.14,2.963546412879873e-14,1.551940867487101e-30,-9.258876444690084e-16
422.16,2.963547150790878e-14,1.5519340352317759e-30,-9.259012737345465e-16
422.18,2.963547201355457e-14,1.5519335670562676e-30,-9.259000397482259e-16
422.2,2.963547389121042e-14,1.5519318285403963e-30,-9.259073148234385e-16
422.22,2.9635476844084154e-14,1.5519290944609883e-30,-9.258994771059963e-16
422.24,2.9635482060413625e-14,1.5519242646413097e-30,-9.259111635929962e-16
422.26,2.963548263639215e-14,1.5519237313336329e-30,-9.259194081293836e-16
422.28,2.963548723450414e-14,1.5519194739030448e-30,-9.259038067440835e-16
422.3,2.963548703412727e-14,1.5519196594339837e-30,-9.258961825212273e-16
422.32,2.9635491518471394e-14,1.5519155074332134e-30,-9.258879040746757e-16
422.34,2.963549459859118e-14,1.5519126555754195e-30,-9.258828866133194e-16
422.36,2.9635495398642507e-14,1.5519119148177056e-30,-9.258746973454737e-16
422.38,2.9635499754985776e-14,1.5519078813732405e-30,-9.258811148722895e-16
422.4,2.963550151335622e-14,1.5519062533168892e-30,-9.258786037614208e-16
422.42,2.963550275022962e-14,1.5519051081223003e-30,-9.258761968631166e-16
422.44,2.963550305753337e-14,1.5519048235957643e-30,-9.25886767664154e-16
422.46,2.963550433379989e-14,1.5519036419142675e-30,-9.259054924658113e-16
422.48,2.963550213237485e-14,1.5519056802254367e-30,-9.259043913990033e-16
422.5,2.963550389093211e-14,1.5519040519671308e-30,-9.25899706450139e-16
422.52,2.963550403067446e-14,1.5519039225768356e-30,-9.259010710895432e-16
422.54,2.963550713996553e-14,1.5519010436868008e-30,-9.259040394549267e-16
422.56,2.963551080790276e-14,1.5518976475220736e-30,-9.25896443067201e-16
422.58,2.963551129462534e-14,1.5518971968654105e-30,-9.258973297174813e-16
422.6,2.963550833185148e-14,1.551899940094396e-30,-9.258974842861298e-16
422.62,2.963551037119518e-14,1.5518980518753126e-30,-9.258974654766408e-16
422.64,2.963551266318778e-14,1.5518959297243598e-30,-9.259015107358621e-16
422.66,2.963551970103564e-14,1.5518894134388452e-30,-9.258868460335249e-16
422.68,2.9635523874445907e-14,1.5518855493197134e-30,-9.258901068351837e-16
422.7,2.963552266672605e-14,1.5518866675317248e-30,-9.25890119203434e-16
422.72,2.9635526763407057e-14,1.5518828744262429e-30,-9.259083484913276e-16
422.74,2.9635529477367524e-14,1.5518803615259495e-30,-9.259062064907167e-16
422.76,2.963553071764038e-14,1.5518792131392622e-30,-9.259139102793145e-16
422.78,2.963553349953475e-14,1.5518766373365411e-30,-9.259092563589054e-16
422.8,2.963553543944525e-14,1.5518748411648133e-30,-9.25902416706766e-16
422.82,2.96355353413697e-14,1.5518749319664094e-30,-9.259079106102743e-16
422.84,2.963553505694786e-14,1.5518751953161867e-30,-9.259079790226428e-16
422.86,2.9635537956418997e-14,1.5518725106655226e-30,-9.25913118223996e-16
422.88,2.963554292145455e-14,1.5518679134384806e-30,-9.259205580996039e-16
422.9,2.9635545214350965e-14,1.551865790384272e-30,-9.25926014129553e-16
422.92,2.9635547645059616e-14,1.5518635397312719e-30,-9.25939386517794e-16
422.94,2.9635549493489705e-14,1.5518618282053045e-30,-9.25923340153775e-16
422.96,2.9635549993184816e-14,1.551861365527332e-30,-9.259232362399837e-16
422.98,2.963554965226971e-14,1.5518616811975212e-30,-9.259204473031115e-16
423.0,2.963555317287066e-14,1.5518584213936162e-30,-9.259168566145108e-16
423.02,2.963555544896565e-14,1.5518563139118034e-30,-9.259157109235138e-16
423.04,2.963555708660524e-14,1.551854797616725e-30,-9.258992066176773e-16
423.06,2.9635559651932674e-14,1.5518524223741976e-30,-9.259029302590806e-16
423.08,2.963556461583137e-14,1.5518478262553144e-30,-9.259095739671643e-16
423.1,2.963556697617774e-14,1.5518456408062333e-30,-9.258940919064636e-16
423.12,2.963557088666498e-14,1.55184202011296e-30,-9.258943472816434e-16
423.14,2.9635572110570243e-14,1.5518408869091813e-30,-9.258876438856142e-16
423.16,2.9635576594301466e-14,1.5518367354697211e-30,-9.258849777918504e-16
423.18,2.963557756700613e-14,1.5518358348484808e-30,-9.258917671268915e-16
423.2,2.963557905481298e-14,1.5518344572579411e-30,-9.259070650608305e-16
423.22,2.963558385305807e-14,1.5518300145202479e-30,-9.259087558263297e-16
423.24,2.963558059287177e-14,1.5518330331633857e-30,-9.259179075975812e-16
423.26,2.963558553906128e-14,1.5518284534309612e-30,-9.259104251210862e-16
423.28,2.9635585662048404e-14,1.5518283395487023e-30,-9.25920625123877e-16
423.3,2.9635587069763e-14,1.551827036107895e-30,-9.259041192703585e-16
423.32,2.963558657446185e-14,1.5518274947075424e-30,-9.258979624795057e-16
423.34,2.963558731741185e-14,1.5518268068108771e-30,-9.259028957288244e-16
423.36,2.9635594066799806e-14,1.5518205575473889e-30,-9.259006182352158e-16
423.38,2.963559283971812e-14,1.5518216937153522e-30,-9.25902628892537e-16
423.4,2.9635597716093477e-14,1.5518171786921601e-30,-9.258963189851235e-16
423.42,2.9635599967559134e-14,1.551815094074786e-30,-9.258848564266414e-16
423.44,2.96356037042226e-14,1.5518116343758619e-30,-9.258776519602227e-16
423.46,2.9635605327754935e-14,1.551810131174962e-30,-9.2588311118326e-16
423.48,2.9635604831727496e-14,1.5518105904292846e-30,-9.25878269141203e-16
423.5,2.9635606829433684e-14,1.5518087408157131e-30,-9.258739268675046e-16
423.52,2.963561006103868e-14,1.551805748762573e-30,-9.258747038175884e-16
423.54,2.9635609259753395e-14,1.5518064906464281e-30,-9.258735745168017e-16
423.56,2.963561526429045e-14,1.5518009311937329e-30,-9.258735087470542e-16
423.58,2.963561462356282e-14,1.5518015244423908e-30,-9.258690293937063e-16
423.6,2.9635618695749343e-14,1.5517977541341964e-30,-9.25872896807392e-16
423.62,2.963562114797069e-14,1.5517954836786949e-30,-9.258820287442821e-16
423.64,2.9635624399463056e-14,1.5517924731704585e-30,-9.258837076026202e-16
423.66,2.9635626580213506e-14,1.5517904540371346e-30,-9.258893753555e-16
423.68,2.9635621231645483e-14,1.551795406201037e-30,-9.258830756860339e-16
423.7,2.9635619823083433e-14,1.5517967103689582e-30,-9.258862023503366e-16
423.72,2.9635623180697526e-14,1.5517936016029721e-30,-9.258833008894929e-16
423.74,2.9635625895331366e-14,1.5517910881882896e-30,-9.258787349312715e-16
423.76,2.96356257581297e-14,1.5517912152243644e-30,-9.258843634407982e-16
423.78,2.963562968635484e-14,1.551787578150838e-30,-9.258742343772395e-16
423.8,2.9635632232965195e-14,1.5517852203019156e-30,-9.258800925419883e-16
423.82,2.9635634244288586e-14,1.5517833580544695e-30,-9.258685115012998e-16
423.84,2.963563842457456e-14,1.551779487657867e-30,-9.258603468732405e-16
423.86,2.9635641257059524e-14,1.5517768651936037e-30,-9.258490702519717e-16
423.88,2.9635638823616334e-14,1.551779118199795e-30,-9.258513308127598e-16
423.9,2.963563885812345e-14,1.5517790862577224e-30,-9.258571105230197e-16
423.92,2.963564154253074e-14,1.5517766008977237e-30,-9.258472827680075e-16
423.94,2.963564090518032e-14,1.5517771909812167e-30,-9.258443388707701e-16
423.96,2.9635641753056424e-14,1.551776405973237e-30,-9.25845842650376e-16
423.98,2.963564283761475e-14,1.5517754018525336e-30,-9.258584585428918e-16
424.0,2.963564257096566e-14,1.5517756487188594e-30,-9.25859358413124e-16
424.02,2.963564654882176e-14,1.551771965814157e-30,-9.2585142657167e-16
424.04,2.9635647740680975e-14,1.5517708623454555e-30,-9.258438450487029e-16
424.06,2.963564944973484e-14,1.5517692800181644e-30,-9.258416765944462e-16
424.08,2.9635650181813135e-14,1.5517686022249738e-30,-9.25838516534427e-16
424.1,2.9635652114426446e-14,1.5517668129361124e-30,-9.258410301334578e-16
424.12,2.9635652492295035e-14,1.5517664630850499e-30,-9.258301215810558e-16
424.14,2.963565462495551e-14,1.5517644886616187e-30,-9.258050203210444e-16
424.16,2.9635657640162385e-14,1.5517616972043527e-30,-9.257826551425047e-16
424.18,2.963565923491929e-14,1.551760220804711e-30,-9.257885904305712e-16
424.2,2.963566222726481e-14,1.551757450532317e-30,-9.257809270345232e-16
424.22,2.963566447710392e-14,1.5517553676808888e-30,-9.25777879751621e-16
424.24,2.9635669562256133e-14,1.5517506599474549e-30,-9.257759370497444e-16
424.26,2.963567460736534e-14,1.5517459893431597e-30,-9.257659371165312e-16
424.28,2.963567566378857e-14,1.5517450113414072e-30,-9.25758173103594e-16
424.3,2.9635680108541084e-14,1.5517408966155171e-30,-9.25748166760176e-16
424.32,2.963568201520409e-14,1.55173913153982e-30,-9.257314788252385e-16
424.34,2.9635684992118725e-14,1.5517363757128178e-30,-9.257200401079946e-16
424.36,2.963569089967623e-14,1.5517309069613221e-30,-9.257162629854507e-16
424.38,2.9635692570082936e-14,1.5517293606383767e-30,-9.257144521228048e-16
424.4,2.963569526384865e-14,1.551726867005179e-30,-9.256980801493949e-16
424.42,2.9635697151824686e-14,1.5517251193195876e-30,-9.256965973972235e-16
424.44,2.9635699619843656e-14,1.551722834686013e-30,-9.256908910303597e-16
424.46,2.963570049585198e-14,1.5517220237575196e-30,-9.256774350332128e-16
424.48,2.963570148322964e-14,1.5517211097765726e-30,-9.256723775738002e-16
424.5,2.963570847209153e-14,1.5517146404422043e-30,-9.256597452986787e-16
424.52,2.963570740460539e-14,1.5517156285729072e-30,-9.256620709835003e-16
424.54,2.963571020258554e-14,1.5517130385816109e-30,-9.256650680015108e-16
424.56,2.9635714298541016e-14,1.5517092470672952e-30,-9.256844557546469e-16
424.58,2.963571025185011e-14,1.5517129930418315e-30,-9.25686517868434e-16
424.6,2.963571047254364e-14,1.5517127887449127e-30,-9.25691698086326e-16
424.62,2.963571589179602e-14,1.551707772224438e-30,-9.256746168183519e-16
424.64,2.963571888574195e-14,1.5517050008058605e-30,-9.256780202490758e-16
424.66,2.963572140760253e-14,1.5517026663563306e-30,-9.256872963771491e-16
424.68,2.9635722373213326e-14,1.5517017724951287e-30,-9.256864509407017e-16
424.7,2.9635722541133326e-14,1.5517016170471193e-30,-9.256939554330108e-16
424.72,2.963572225071672e-14,1.5517018858750393e-30,-9.25706028394312e-16
424.74,2.963572516955675e-14,1.5516991838943505e-30,-9.256923732164918e-16
424.76,2.9635729113623845e-14,1.551695532905622e-30,-9.256901658035347e-16
424.78,2.963572805239221e-14,1.5516965152492743e-30,-9.256908289584292e-16
424.8,2.9635732260717783e-14,1.5516926196682655e-30,-9.256773556396954e-16
424.82,2.963573581794554e-14,1.5516893268323874e-30,-9.25679229815781e-16
424.84,2.9635734632709554e-14,1.5516904239747371e-30,-9.256754121899944e-16
424.86,2.9635738500018347e-14,1.5516868441039837e-30,-9.256791677068056e-16
424.88,2.963574079569162e-14,1.5516847190426175e-30,-9.256676711373587e-16
424.9,2.963574157868648e-14,1.5516839942614956e-30,-9.25647779515775e-16
424.92,2.9635738995722346e-14,1.5516863851820616e-30,-9.256533105542006e-16
424.94,2.9635739875161825e-14,1.5516855711198016e-30,-9.256490286049797e-16
424.96,2.963574253498413e-14,1.5516831090619122e-30,-9.256382727187619e-16
424.98,2.9635748013420647e-14,1.5516780379935913e-30,-9.25646010447406e-16
425.0,2.963574882362734e-14,1.5516772880436398e-30,-9.256414172385525e-16
425.02,2.963575027544556e-14,1.5516759441915036e-30,-9.256259155429461e-16
425.04,2.9635756782703506e-14,1.551669920901456e-30,-9.256145460960359e-16
425.06,2.963576023363944e-14,1.5516667266696181e-30,-9.256175426783586e-16
425.08,2.963576374123307e-14,1.5516634799757174e-30,-9.256206523037706e-16
425.1,2.9635761170698424e-14,1.5516658593069273e-30,-9.2561624834918e-16
425.12,2.9635766164817383e-14,1.5516612366343192e-30,-9.256250102990723e-16
425.14,2.963577014794568e-14,1.5516575497627112e-30,-9.256127684409947e-16
425.16,2.963577115366176e-14,1.5516566188660188e-30,-9.25618962511e-16
425.18,2.963577434391897e-14,1.5516536658980054e-30,-9.256201181884553e-16
425.2,2.963577745770251e-14,1.5516507837012465e-30,-9.256333480930654e-16
425.22,2.963578205094073e-14,1.5516465320181247e-30,-9.25638677889745e-16
425.24,2.9635784909739844e-14,1.551643885786622e-30,-9.256491101932501e-16
425.26,2.9635788833102246e-14,1.5516402541214719e-30,-9.256491239811504e-16
425.28,2.9635792093611335e-14,1.5516372360331551e-30,-9.256368057698726e-16
425.3,2.963579615279611e-14,1.5516334787282951e-30,-9.256346638383187e-16
425.32,2.9635797077561883e-14,1.5516326227332564e-30,-9.256279063463738e-16
425.34,2.963579727996034e-14,1.551632435391605e-30,-9.256229377718163e-16
425.36,2.9635797113604484e-14,1.551632589369676e-30,-9.256185891009925e-16
425.38,2.9635799966463856e-14,1.5516299487276626e-30,-9.256048595141199e-16
425.4,2.963579976589429e-14,1.551630134375593e-30,-9.256052291055672e-16
425.42,2.963579986443818e-14,1.551630043152573e-30,-9.25615681477252e-16
425.44,2.963580441582921e-14,1.5516258303252437e-30,-9.255969794567774e-16
425.46,2.963580574923419e-14,1.5516245961106762e-30,-9.255937906103719e-16
425.48,2.9635808737904666e-14,1.5516218298749214e-30,-9.255793243016298e-16
425.5,2.963580598217019e-14,1.5516243805234116e-30,-9.255775279676245e-16
425.52,2.963580572456123e-14,1.5516246189648226e-30,-9.25579857575625e-16
425.54,2.963580663679051e-14,1.551623774638497e-30,-9.25562958014061e-16
425.56,2.963581041436293e-14,1.55162027829376e-30,-9.255420945523191e-16
425.58,2.963581460087971e-14,1.5516164034836177e-30,-9.255492703920958e-16
425.6,2.963581786484234e-14,1.5516133825224542e-30,-9.255551929748632e-16
425.62,2.963582123811837e-14,1.551610260357228e-30,-9.255572795384001e-16
425.64,2.9635822822826386e-14,1.5516087936187734e-30,-9.255557897732395e-16
425.66,2.963582856568779e-14,1.5516034782402184e-30,-9.255685334281529e-16
425.68,2.963583371048541e-14,1.5515987164076366e-30,-9.255583010352067e-16
425.7,2.9635837585294477e-14,1.5515951300755154e-30,-9.255447794757984e-16
425.72,2.963583756827872e-14,1.5515951458186858e-30,-9.255366505363586e-16
425.74,2.963583783153726e-14,1.5515949021471548e-30,-9.255242495053828e-16
425.76,2.963584015516696e-14,1.5515927515698425e-30,-9.255087088187957e-16
425.78,2.963584214234797e-14,1.5515909124195337e-30,-9.254997795303483e-16
425.8,2.9635845336922257e-14,1.5515879558514856e-30,-9.254991962188113e-16
425.82,2.963584911198687e-14,1.5515844620662927e-30,-9.254907557725416e-16
425.84,2.9635849084284016e-14,1.5515844877046962e-30,-9.254921144273e-16
425.86,2.9635848607423746e-14,1.551584929038577e-30,-9.254906704797645e-16
425.88,2.9635854948952605e-14,1.5515790600181827e-30,-9.254913488850442e-16
425.9,2.963586063918056e-14,1.551573793786958e-30,-9.254789154443176e-16
425.92,2.963586337180894e-14,1.5515712647970785e-30,-9.254767128215922e-16
425.94,2.9635859150552855e-14,1.551575171491124e-30,-9.254867030917484e-16
425.96,2.963585793964082e-14,1.5515762921728492e-30,-9.254973978245222e-16
425.98,2.963586036964598e-14,1.551574043195246e-30,-9.255170565714163e-16
426.0,2.9635863601082545e-14,1.5515710524501958e-30,-9.255117426927033e-16
426.02,2.963586580202646e-14,1.5515690154587123e-30,-9.255038705877888e-16
426.04,2.963586458527976e-14,1.551570141566239e-30,-9.255024420037297e-16
426.06,2.963586667907262e-14,1.5515682037525303e-30,-9.255015815664926e-16
426.08,2.9635870944974534e-14,1.5515642556582525e-30,-9.25502691306069e-16
426.1,2.96358742359561e-14,1.551561209849254e-30,-9.255039057061723e-16
426.12,2.963587591866554e-14,1.5515596525000805e-30,-9.25498913679222e-16
426.14,2.96358764324583e-14,1.5515591769869504e-30,-9.254874539277752e-16
426.16,2.9635874273806134e-14,1.5515611747910765e-30,-9.25499202686461e-16
426.18,2.96358734167261e-14,1.5515619680151802e-30,-9.254917323946958e-16
426.2,2.963587175626619e-14,1.551563504754634e-30,-9.254903369235465e-16
426.22,2.963587151942336e-14,1.5515637239508554e-30,-9.254892857546836e-16
426.24,2.963587594109887e-14,1.5515596317242916e-30,-9.254946181645754e-16
426.26,2.963587521437738e-14,1.551560304304192e-30,-9.2548761217332e-16
426.28,2.963587983527462e-14,1.5515560277415544e-30,-9.25470166468095e-16
426.3,2.963588099415699e-14,1.5515549552438486e-30,-9.254638669794515e-16
426.32,2.9635888426142834e-14,1.5515480771978775e-30,-9.254695944675296e-16
426.34,2.9635891303611764e-14,1.5515454141964475e-30,-9.25459730986427e-16
426.36,2.963589214510284e-14,1.5515446354286909e-30,-9.25478346102103e-16
426.38,2.96358924186507e-14,1.5515443822575508e-30,-9.25468646342739e-16
426.4,2.963589286893913e-14,1.5515439655319004e-30,-9.25466255357826e-16
426.42,2.963589554074797e-14,1.5515414928836905e-30,-9.254509808544128e-16
426.44,2.9635898095496094e-14,1.5515391285795308e-30,-9.254526651664619e-16
426.46,2.9635900652615293e-14,1.551536762096713e-30,-9.254500311132303e-16
426.48,2.963590340392627e-14,1.551534215929389e-30,-9.254342194790179e-16
426.5,2.963590577826076e-14,1.5515320186459325e-30,-9.254344588875741e-16
426.52,2.963591044101807e-14,1.551527703544529e-30,-9.254376117351957e-16
426.54,2.963591550864412e-14,1.551523013761288e-30,-9.254378026058189e-16
426.56,2.963591350124738e-14,1.5515248714802052e-30,-9.254372859135065e-16
426.58,2.963591047697141e-14,1.5515276702760975e-30,-9.254535473526887e-16
426.6,2.963590781035232e-14,1.551530138095288e-30,-9.25452993910581e-16
426.62,2.9635914408658705e-14,1.5515240315896929e-30,-9.254655553848368e-16
426.64,2.963591600322228e-14,1.5515225558733901e-30,-9.254552005707755e-16
426.66,2.9635918033618125e-14,1.551520676823827e-30,-9.254593705542702e-16
426.68,2.9635919533371113e-14,1.5515192888703984e-30,-9.254667809435512e-16
426.7,2.9635925658503997e-14,1.5515136202378859e-30,-9.254751258844822e-16
426.72,2.9635925950792487e-14,1.5515133497301722e-30,-9.25476470079152e-16
426.74,2.963592668672928e-14,1.5515126686411361e-30,-9.254686380687556e-16
426.76,2.963592874734312e-14,1.5515107616133967e-30,-9.254653759809222e-16
426.78,2.963593440576112e-14,1.551505524903904e-30,-9.254768869254659e-16
426.8,2.963593705024272e-14,1.5515030775071243e-30,-9.254783873488315e-16
426.82,2.9635940237210953e-14,1.5515001280359705e-30,-9.254813854277022e-16
426.84,2.963594324151899e-14,1.5514973475892427e-30,-9.254796395847865e-16
426.86,2.9635938122994673e-14,1.5515020846638216e-30,-9.254696079658864e-16
426.88,2.9635937035907036e-14,1.5515030907292993e-30,-9.254641217180995e-16
426.9,2.963594180171384e-14,1.5514986801397765e-30,-9.254565953334646e-16
426.92,2.963594519977692e-14,1.551495535396131e-30,-9.25449622587979e-16
426.94,2.963594676585613e-14,1.5514940860612854e-30,-9.254504703031458e-16
426.96,2.9635953083921235e-14,1.5514882389999134e-30,-9.25458017574656e-16
426.98,2.963595578111457e-14,1.551485742867762e-30,-9.25456985916611e-16
427.0,2.9635961282452406e-14,1.5514806516078918e-30,-9.254616393045074e-16
427.02,2.963596322949345e-14,1.5514788496961414e-30,-9.254636830731607e-16
427.04,2.963596497933077e-14,1.5514772302880339e-30,-9.254654822408174e-16
427.06,2.9635969248772493e-14,1.5514732790600614e-30,-9.254658950946905e-16
427.08,2.96359737963517e-14,1.5514690704335252e-30,-9.254654253719768e-16
427.1,2.963597588333731e-14,1.551467139002789e-30,-9.25462805757929e-16
427.12,2.963597843222223e-14,1.5514647801066324e-30,-9.254562265240309e-16
427.14,2.963598240477485e-14,1.5514611036557708e-30,-9.254649622795443e-16
427.16,2.963597932983996e-14,1.5514639494353165e-30,-9.254770928711263e-16
427.18,2.9635978989881097e-14,1.551464264057906e-30,-9.254763956174036e-16
427.2,2.9635979104799047e-14,1.5514641577054087e-30,-9.254743384192139e-16
427.22,2.963598423422697e-14,1.5514594105443722e-30,-9.254770776479725e-16
427.24,2.963598451441624e-14,1.5514591512373516e-30,-9.254745424760573e-16
427.26,2.9635984511292627e-14,1.5514591541257802e-30,-9.254685250774471e-16
427.28,2.9635990001858805e-14,1.551454072793583e-30,-9.25466567001555e-16
427.3,2.963599029556886e-14,1.5514538009779375e-30,-9.254761570758055e-16
427.32,2.9635993802327136e-14,1.5514505555460435e-30,-9.254780065621069e-16
427.34,2.9635992475974856e-14,1.5514517830609468e-30,-9.25484246384956e-16
427.36,2.963599435329671e-14,1.5514500456315858e-30,-9.254859219436151e-16
427.38,2.963599716637705e-14,1.5514474421793312e-30,-9.254841248031416e-16
427.4,2.963599554875608e-14,1.5514489392502362e-30,-9.254762057001189e-16
427.42,2.963599587062706e-14,1.5514486413655569e-30,-9.254794715536587e-16
427.44,2.9636000319149426e-14,1.551444524340616e-30,-9.25482673344751e-16
427.46,2.9636002645905016e-14,1.5514423709677004e-30,-9.254813044591293e-16
427.48,2.9636006687850333e-14,1.5514386302183905e-30,-9.254841530143853e-16
427.5,2.9636008313163744e-14,1.5514371260043203e-30,-9.254890397577189e-16
427.52,2.9636008498342625e-14,1.551436954617717e-30,-9.254944368223191e-16
427.54,2.9636012028307206e-14,1.5514336876642322e-30,-9.254907893143077e-16
427.56,2.963601991931929e-14,1.551426384585837e-30,-9.254889017930147e-16
427.58,2.9636020399379025e-14,1.5514259402930242e-30,-9.254863149375205e-16
427.6,2.9636024061380494e-14,1.5514225511687865e-30,-9.254847439788986e-16
427.62,2.9636025453369573e-14,1.5514212628986415e-30,-9.2547169145001e-16
427.64,2.963602994970564e-14,1.5514171016738616e-30,-9.254727111449637e-16
427.66,2.9636031663260077e-14,1.5514155158183658e-30,-9.254751994010332e-16
427.68,2.963603235803685e-14,1.5514148728134465e-30,-9.254832356082169e-16
427.7,2.963603501548558e-14,1.5514124133659475e-30,-9.254993704662104e-16
427.72,2.963603736367046e-14,1.5514102401512947e-30,-9.254813002249973e-16
427.74,2.963604034170941e-14,1.5514074840478595e-30,-9.254746975719962e-16
427.76,2.963604086370705e-14,1.551407000953601e-30,-9.254706342513469e-16
427.78,2.963604377602122e-14,1.551404305695955e-30,-9.254677429917527e-16
427.8,2.9636048300345264e-14,1.5514001185756918e-30,-9.254714455093385e-16
427.82,2.963605033016807e-14,1.5513982400125698e-30,-9.254824214315977e-16
427.84,2.963605234983108e-14,1.5513963708439051e-30,-9.254922097395887e-16
427.86,2.9636057374061885e-14,1.5513917209739197e-30,-9.254775716910313e-16
427.88,2.9636061579651784e-14,1.5513878288129493e-30,-9.254696233394759e-16
427.9,2.963606470494461e-14,1.551384936460118e-30,-9.254672590685171e-16
427.92,2.963606901528384e-14,1.551380947407224e-30,-9.254540509150425e-16
427.94,2.9636074589992845e-14,1.5513757883176044e-30,-9.254438346948808e-16
427.96,2.963607513389318e-14,1.5513752849656399e-30,-9.25447619348664e-16
427.98,2.963607949668855e-14,1.5513712474153434e-30,-9.254566180092555e-16
428.0,2.963608384718899e-14,1.5513672212411535e-30,-9.25450155382678e-16
428.02,2.963609177509115e-14,1.5513598844211077e-30,-9.254359456848348e-16
428.04,2.9636096900514633e-14,1.5513551411892642e-30,-9.25433609229506e-16
428.06,2.963609698368599e-14,1.5513550642277154e-30,-9.254231916761221e-16
428.08,2.9636097766517426e-14,1.5513543397710505e-30,-9.254103623772309e-16
428.1,2.963609928237692e-14,1.5513529369792415e-30,-9.25419419468939e-16
428.12,2.963609939346084e-14,1.5513528341825254e-30,-9.254353250451256e-16
428.14,2.963610172027282e-14,1.5513506808799185e-30,-9.254268773653327e-16
428.16,2.963610062942575e-14,1.55135169040436e-30,-9.254430877482539e-16
428.18,2.9636098726773585e-14,1.5513534512067075e-30,-9.254421047769211e-16
428.2,2.963609975292437e-14,1.5513525015575326e-30,-9.254380205501956e-16
428.22,2.963609961943128e-14,1.5513526251054994e-30,-9.254214319415394e-16
428.24,2.9636098889802053e-14,1.551353300304297e-30,-9.254127566798719e-16
428.26,2.963610078366361e-14,1.5513515477034525e-30,-9.254135956283643e-16
428.28,2.963610068479519e-14,1.551351639195512e-30,-9.254108040271933e-16
428.3,2.963610221655274e-14,1.5513502216870297e-30,-9.254096902248098e-16
428.32,2.9636103481213465e-14,1.5513490513507613e-30,-9.254148489641492e-16
428.34,2.963610763226223e-14,1.5513452099088145e-30,-9.254101050054914e-16
428.36,2.963610902344405e-14,1.5513439224904574e-30,-9.254044901975162e-16
428.38,2.9636106915408736e-14,1.551345873269578e-30,-9.25395812590076e-16
428.4,2.9636110337402985e-14,1.5513427065865587e-30,-9.253866891582267e-16
428.42,2.963611284831217e-14,1.551340383007575e-30,-9.253748962336958e-16
428.44,2.9636115642627525e-14,1.551337797236252e-30,-9.253671911490627e-16
428.46,2.9636119598754905e-14,1.5513341363448065e-30,-9.253772314714336e-16
428.48,2.963612588214327e-14,1.5513283218219705e-30,-9.253811893129549e-16
428.5,2.9636127033442266e-14,1.5513272564316248e-30,-9.253868849597038e-16
428.52,2.963613220481105e-14,1.5513224709351435e-30,-9.253793154377407e-16
428.54,2.9636135954320696e-14,1.5513190012184527e-30,-9.253844129809271e-16
428.56,2.9636133955739276e-14,1.5513208506569095e-30,-9.253803124993598e-16
428.58,2.9636137123869156e-14,1.5513179188947818e-30,-9.253913643092809e-16
428.6,2.9636136933035436e-14,1.551318095490473e-30,-9.253682485794617e-16
428.62,2.9636141524779286e-14,1.5513138464527385e-30,-9.25355570711919e-16
428.64,2.963614193265173e-14,1.551313469028283e-30,-9.253625456158385e-16
428.66,2.963614227873032e-14,1.551313148788005e-30,-9.253627746819076e-16
428.68,2.963614696575618e-14,1.5513088116048276e-30,-9.25355418444015e-16
428.7,2.963615271975872e-14,1.5513034871267131e-30,-9.253558761465554e-16
428.72,2.963615584472938e-14,1.5513005954128264e-30,-9.2535685568841e-16
428.74,2.963615938526229e-14,1.5512973191542842e-30,-9.253539797557837e-16
428.76,2.96361666121748e-14,1.5512906316374758e-30,-9.253666814050529e-16
428.78,2.9636169507227e-14,1.5512879526275643e-30,-9.25368734145926e-16
428.8,2.963617645415879e-14,1.5512815241211912e-30,-9.253758496199679e-16
428.82,2.9636178894374504e-14,1.5512792660027644e-30,-9.253676583385074e-16
428.84,2.963618587131434e-14,1.5512728097584143e-30,-9.253748510528234e-16
428.86,2.9636188766993913e-14,1.5512701301723084e-30,-9.253771669660407e-16
428.88,2.963619099401445e-14,1.5512680693398368e-30,-9.253801582530242e-16
428.9,2.963619330413107e-14,1.5512659315984007e-30,-9.253815100322603e-16
428.92,2.963619666835573e-14,1.551262818412533e-30,-9.253750043753399e-16
428.94,2.96362028070962e-14,1.551257137759336e-30,-9.25383612993833e-16
428.96,2.9636203267020375e-14,1.5512567121421227e-30,-9.253900288073376e-16
428.98,2.963620323592277e-14,1.5512567409084193e-30,-9.25376044598458e-16
429.0,2.963620448844569e-14,1.5512555818564535e-30,-9.253784578075547e-16
429.02,2.9636204267161865e-14,1.5512557866256088e-30,-9.253920735712493e-16
429.04,2.9636208816571565e-14,1.5512515766416436e-30,-9.253924600304202e-16
429.06,2.963621487684364e-14,1.5512459684831323e-30,-9.254011398540073e-16
429.08,2.963621278382734e-14,1.551247905348337e-30,-9.25390004456511e-16
429.1,2.9636209069598656e-14,1.5512513424539435e-30,-9.253836768002163e-16
429.12,2.963621584431628e-14,1.5512450732636872e-30,-9.25380731070881e-16
429.14,2.963621961988289e-14,1.5512415794223461e-30,-9.253809347706544e-16
429.16,2.963622293858745e-14,1.5512385083564655e-30,-9.253757136812794e-16
429.18,2.9636225334287134e-14,1.5512362914295194e-30,-9.253859133343523e-16
429.2,2.963622681757082e-14,1.5512349188275986e-30,-9.253871635009674e-16
429.22,2.963623121766151e-14,1.5512308470761934e-30,-9.253753273509926e-16
429.24,2.9636231630786664e-14,1.551230464770422e-30,-9.253825805574979e-16
429.26,2.9636236817803224e-14,1.5512256647677418e-30,-9.25389547283454e-16
429.28,2.9636235897740715e-14,1.5512265161968763e-30,-9.253766879641297e-16
429.3,2.963623999328611e-14,1.5512227262767136e-30,-9.253790931128509e-16
429.32,2.9636245782086636e-14,1.5512173693589706e-30,-9.253929017416614e-16
429.34,2.963624326998804e-14,1.5512196940311923e-30,-9.253932080368976e-16
429.36,2.963624456511117e-14,1.5512184955299392e-30,-9.253943990688584e-16
429.38,2.963625247462337e-14,1.5512111761229987e-30,-9.253990143136734e-16
429.4,2.9636253345405555e-14,1.5512103702840544e-30,-9.254103899601626e-16
429.42,2.9636260760487477e-14,1.55120350828993e-30,-9.254089719057085e-16
429.44,2.9636266072328344e-14,1.5511985926705951e-30,-9.253906961473916e-16
429.46,2.963626537565421e-14,1.5511992373850206e-30,-9.25375649573851e-16
429.48,2.963626781088739e-14,1.5511969838820797e-30,-9.253625615420409e-16
429.5,2.9636270159933537e-14,1.5511948101757193e-30,-9.253347136781313e-16
429.52,2.9636271459646274e-14,1.5511936074873758e-30,-9.25334873147736e-16
429.54,2.963627398397912e-14,1.5511912716490145e-30,-9.253257282635085e-16
429.56,2.963627552361552e-14,1.5511898469782528e-30,-9.253269943472856e-16
429.58,2.9636276343850826e-14,1.5511890879843094e-30,-9.253218796946843e-16
429.6,2.9636279843068456e-14,1.5511858500497789e-30,-9.253348688457619e-16
429.62,2.963628005408659e-14,1.5511856547840565e-30,-9.253306262287829e-16
429.64,2.96362802438819e-14,1.551185479139547e-30,-9.253196719834904e-16
429.66,2.963628278437886e-14,1.5511831283847318e-30,-9.253144102800062e-16
429.68,2.9636287981199715e-14,1.5511783196768764e-30,-9.253198336836624e-16
429.7,2.963628705915482e-14,1.5511791728302201e-30,-9.253120961123172e-16
429.72,2.963629276297816e-14,1.5511738950051746e-30,-9.253148129838584e-16
429.74,2.9636296607295314e-14,1.5511703377922639e-30,-9.253180749255948e-16
429.76,2.963629922834309e-14,1.551167912497503e-30,-9.25315569565317e-16
429.78,2.963630085291834e-14,1.5511664092551696e-30,-9.253098229219448e-16
429.8,2.9636302124348117e-14,1.5511652327787993e-30,-9.253209113335446e-16
429.82,2.963630296504514e-14,1.5511644548612031e-30,-9.253109094668964e-16
429.84,2.9636305379004754e-14,1.551162221225849e-30,-9.25300983014688e-16
429.86,2.963631221119227e-14,1.5511558994215355e-30,-9.252932645150335e-16
429.88,2.9636312954397026e-14,1.5511552117399673e-30,-9.2529360649444e-16
429.9,2.9636316925920875e-14,1.551151536908398e-30,-9.253016121999224e-16
429.92,2.9636316338584005e-14,1.5511520803791915e-30,-9.253097877946945e-16
429.94,2.9636317406155766e-14,1.5511510925483958e-30,-9.253169410389704e-16
429.96,2.963631745004453e-14,1.5511510519386679e-30,-9.253204599914792e-16
429.98,2.9636320532483055e-14,1.5511481997623154e-30,-9.253074775388878e-16
430.0,2.96363201790331e-14,1.5511485268106469e-30,-9.253058887260559e-16
430.02,2.9636319304424055e-14,1.5511493360967593e-30,-9.25294404126658e-16
430.04,2.96363184266498e-14,1.5511501482965442e-30,-9.252949334802038e-16
430.06,2.9636319814816695e-14,1.551148863834533e-30,-9.252922328539908e-16
430.08,2.9636324491127854e-14,1.551144536847856e-30,-9.253008320062477e-16
430.1,2.96363307657361e-14,1.5511387309589207e-30,-9.252938189820923e-16
430.12,2.9636329455952754e-14,1.5511399428816265e-30,-9.252869705847986e-16
430.14,2.9636327714349016e-14,1.5511415543930666e-30,-9.252975251639213e-16
430.16,2.9636332852996576e-14,1.5511367995939307e-30,-9.253070345869893e-16
430.18,2.9636337779838214e-14,1.5511322407816688e-30,-9.253001758348864e-16
430.2,2.9636341042516785e-14,1.5511292218379033e-30,-9.252913853851221e-16
430.22,2.9636343809749755e-14,1.5511266613356254e-30,-9.252855809799188e-16
430.24,2.963634540225996e-14,1.5511251878009054e-30,-9.252977123936674e-16
430.26,2.9636350383181367e-14,1.5511205789722304e-30,-9.252936349143216e-16
430.28,2.963635021427256e-14,1.5511207352706914e-30,-9.252989196632728e-16
430.3,2.963635233148775e-14,1.5511187762438847e-30,-9.252898123875472e-16
430.32,2.963635334341759e-14,1.5511178399130458e-30,-9.252916013170832e-16
430.34,2.9636359189115063e-14,1.5511124309129542e-30,-9.252975330037472e-16
430.36,2.963636649775925e-14,1.5511056681898797e-30,-9.253034233401685e-16
430.38,2.9636368881472006e-14,1.551103462516344e-30,-9.25316025440603e-16
430.4,2.963637061904524e-14,1.5511018546954358e-30,-9.25324801203781e-16
430.42,2.963637609764237e-14,1.5510967851701945e-30,-9.253315787969273e-16
430.44,2.9636379965459563e-14,1.551093206131997e-30,-9.253315375291363e-16
430.46,2.963638227384941e-14,1.5510910701031273e-30,-9.253237760029727e-16
430.48,2.963638489665593e-14,1.5510886431508755e-30,-9.253221649715578e-16
430.5,2.963638441081001e-14,1.5510890927057765e-30,-9.253230379273233e-16
430.52,2.9636388115572724e-14,1.5510856645961015e-30,-9.25324197116598e-16
430.54,2.963639214877597e-14,1.5510819325616971e-30,-9.253292007672088e-16
430.56,2.9636395269273933e-14,1.5510790450749497e-30,-9.253294938083354e-16
430.58,2.9636401478712704e-14,1.5510732993151177e-30,-9.253205566133086e-16
430.6,2.9636403990012034e-14,1.5510709755631144e-30,-9.2530466026457e-16
430.62,2.963640571185957e-14,1.551069382329256e-30,-9.253207792252334e-16
430.64,2.9636408982955307e-14,1.5510663555065522e-30,-9.253182494578673e-16
430.66,2.9636409897268736e-14,1.5510655094664413e-30,-9.253196797598446e-16
430.68,2.9636410672160796e-14,1.5510647924422336e-30,-9.253172731472974e-16
430.7,2.9636417053433565e-14,1.5510588877308541e-30,-9.253174238378583e-16
430.72,2.963642144301295e-14,1.551054825952469e-30,-9.253261709472731e-16
430.74,2.963642259086458e-14,1.5510537638242107e-30,-9.253390190321926e-16
430.76,2.9636428409585745e-14,1.5510483795507604e-30,-9.253277305137023e-16
430.78,2.963642917493096e-14,1.5510476713531263e-30,-9.253271641508418e-16
430.8,2.963642866595706e-14,1.5510481423243796e-30,-9.253312142252543e-16
430.82,2.9636434813889075e-14,1.5510424534643534e-30,-9.253310132456627e-16
430.84,2.963643437814157e-14,1.55104285667413e-30,-9.25331003845186e-16
430.86,2.96364315691308e-14,1.551045455931969e-30,-9.253152498422324e-16
430.88,2.963643252728674e-14,1.5510445693367056e-30,-9.253166581766896e-16
430.9,2.963643360580993e-14,1.5510435713573578e-30,-9.253243335815987e-16
430.92,2.9636433280661386e-14,1.551043872232695e-30,-9.25330118014895e-16
430.94,2.963643722330794e-14,1.5510402239629629e-30,-9.253366222145053e-16
430.96,2.9636435515663106e-14,1.5510418041112159e-30,-9.253364341157658e-16
430.98,2.9636436050510005e-14,1.5510413091877493e-30,-9.25323643714107e-16
431.0,2.9636440238501313e-14,1.5510374338989441e-30,-9.253390581165744e-16
431.02,2.963644340308252e-14,1.5510345055916707e-30,-9.253277484274555e-16
431.04,2.96364462428465e-14,1.5510318778816757e-30,-9.25325109783085e-16
431.06,2.963644905786749e-14,1.5510292730735977e-30,-9.25322158755113e-16
431.08,2.9636452338092236e-14,1.5510262377924609e-30,-9.253188476787808e-16
431.1,2.9636456074943586e-14,1.5510227800087288e-30,-9.253208155451467e-16
431.12,2.9636460855017716e-14,1.55101835692818e-30,-9.253128673786423e-16
431.14,2.963645978228674e-14,1.5510193495267744e-30,-9.253089287164439e-16
431.16,2.96364603018374e-14,1.5510188687854506e-30,-9.253103487698558e-16
431.18,2.963645960278264e-14,1.5510195156287094e-30,-9.253183734610271e-16
431.2,2.9636461354657336e-14,1.551017894584638e-30,-9.25323401948324e-16
431.22,2.963646170217869e-14,1.5510175730141588e-30,-9.25326645117774e-16
431.24,2.9636462201711115e-14,1.551017110794075e-30,-9.2533396881375e-16
431.26,2.963646369780355e-14,1.5510157264071656e-30,-9.253355539343974e-16
431.28,2.9636464828934174e-14,1.5510146797298129e-30,-9.253370490829341e-16
431.3,2.963646841355632e-14,1.5510113627670436e-30,-9.25328344533417e-16
431.32,2.963646990988927e-14,1.5510099781625094e-30,-9.253365053476494e-16
431.34,2.9636468578159905e-14,1.551011210460134e-30,-9.253316467158475e-16
431.36,2.963647444907706e-14,1.5510057779246172e-30,-9.25326928938284e-16
431.38,2.9636483756635776e-14,1.5509971653676899e-30,-9.253377140548434e-16
431.4,2.963648404736538e-14,1.5509968963406734e-30,-9.253334570915927e-16
431.42,2.9636486815720914e-14,1.550994334709349e-30,-9.253288143924933e-16
431.44,2.963648788209919e-14,1.5509933479640519e-30,-9.253301820788729e-16
431.46,2.963649138452052e-14,1.5509901070977312e-30,-9.253202368931429e-16
431.48,2.963649685613374e-14,1.55098504412886e-30,-9.253128787638458e-16
431.5,2.9636500395852396e-14,1.5509817688008793e-30,-9.25291423283278e-16
431.52,2.963650325020955e-14,1.5509791276859122e-30,-9.252737702208521e-16
431.54,2.963651011616229e-14,1.5509727748777524e-30,-9.252593989589944e-16
431.56,2.9636511018577274e-14,1.5509719398986333e-30,-9.25247586004591e-16
431.58,2.963651235703782e-14,1.5509707014758062e-30,-9.252417083986176e-16
431.6,2.9636515813267104e-14,1.5509675036434027e-30,-9.252372272865517e-16
431.62,2.963651365612948e-14,1.5509694994888396e-30,-9.252197014955838e-16
431.64,2.963651378733989e-14,1.5509693780983218e-30,-9.25225221807552e-16
431.66,2.9636517952442185e-14,1.5509655244519602e-30,-9.252266466060096e-16
431.68,2.963652559166319e-14,1.5509584564429324e-30,-9.25211645856626e-16
431.7,2.963652522051192e-14,1.5509587998288328e-30,-9.25200071326596e-16
431.72,2.9636532616039574e-14,1.5509519574951549e-30,-9.251962280622303e-16
431.74,2.9636536313460664e-14,1.5509485366651581e-30,-9.25199590773737e-16
431.76,2.96365398657664e-14,1.5509452500784896e-30,-9.25198745242658e-16
431.78,2.963654123778124e-14,1.5509439806893104e-30,-9.25198216389676e-16
431.8,2.963654215566952e-14,1.550943131459703e-30,-9.252038931051043e-16
431.82,2.9636547179089434e-14,1.5509384837836239e-30,-9.252064273620355e-16
431.84,2.9636547307252314e-14,1.5509383652052856e-30,-9.252171277042099e-16
431.86,2.963655012134635e-14,1.5509357615854705e-30,-9.251949692185712e-16
431.88,2.9636551172869827e-14,1.5509347887269272e-30,-9.251848675110047e-16
431.9,2.96365506494416e-14,1.5509352729850574e-30,-9.25182983142915e-16
431.92,2.9636551052703844e-14,1.5509348998912863e-30,-9.2519573912094e-16
431.94,2.9636553962698853e-14,1.5509322075846505e-30,-9.251935513529388e-16
431.96,2.963655819813615e-14,1.5509282890214249e-30,-9.25187991511261e-16
431.98,2.96365632669944e-14,1.550923599466026e-30,-9.2516221949527e-16
432.0,2.9636565721511e-14,1.5509213286415574e-30,-9.251584811223626e-16
432.02,2.9636567810460213e-14,1.5509193960151998e-30,-9.251632864687719e-16
432.04,2.963656967538454e-14,1.5509176706504519e-30,-9.25160323632341e-16
432.06,2.963656508779912e-14,1.5509219148805869e-30,-9.251516803566639e-16
432.08,2.9636565762186445e-14,1.5509212909699123e-30,-9.251548401801825e-16
432.1,2.9636569623417064e-14,1.5509177187309302e-30,-9.251577926608576e-16
432.12,2.963657452314415e-14,1.5509131857339577e-30,-9.251504622000522e-16
432.14,2.9636571900843825e-14,1.5509156117560343e-30,-9.251476759093666e-16
432.16,2.9636576472438874e-14,1.5509113823570245e-30,-9.251470587940196e-16
432.18,2.963657600199998e-14,1.5509118175760108e-30,-9.251379911656385e-16
432.2,2.963657741059437e-14,1.5509105144314069e-30,-9.251327225797373e-16
432.22,2.963657613068248e-14,1.5509116985280762e-30,-9.2513118561665e-16
432.24,2.963657949176018e-14,1.5509085890974147e-30,-9.251299536091555e-16
432.26,2.963658048621263e-14,1.5509076691010663e-30,-9.251258830155084e-16
432.28,2.963658384555836e-14,1.5509045612805858e-30,-9.251306382289552e-16
432.3,2.963659148368109e-14,1.5508974949398546e-30,-9.25143451390324e-16
432.32,2.963659244956223e-14,1.5508966013574077e-30,-9.251320512898883e-16
432.34,2.963659174007846e-14,1.5508972577438785e-30,-9.251488797054913e-16
432.36,2.963659701926391e-14,1.550892373759375e-30,-9.251423998784013e-16
432.38,2.9636599542931884e-14,1.5508900389750246e-30,-9.251522332170024e-16
432.4,2.963660337912995e-14,1.550886489874058e-30,-9.251652070852095e-16
432.42,2.963660597686467e-14,1.5508840865213747e-30,-9.251765942444452e-16
432.44,2.963660536841997e-14,1.5508846494534779e-30,-9.251729250335766e-16
432.46,2.963660265709205e-14,1.5508871579199302e-30,-9.251726424541497e-16
432.48,2.963660400776457e-14,1.5508859083158533e-30,-9.251699713153049e-16
432.5,2.963660570379302e-14,1.5508843392082719e-30,-9.251575172762998e-16
432.52,2.963660936793186e-14,1.5508809493262959e-30,-9.251506639176232e-16
432.54,2.963661329415242e-14,1.5508773170347233e-30,-9.251373226197001e-16
432.56,2.9636616588004856e-14,1.5508742697853422e-30,-9.25129679346074e-16
432.58,2.963662025979423e-14,1.5508708729063595e-30,-9.251244289581367e-16
432.6,2.9636622862189366e-14,1.550868465380397e-30,-9.251199608782897e-16
432.62,2.963662504878572e-14,1.5508664425142667e-30,-9.251230156873666e-16
432.64,2.9636628911454795e-14,1.5508628690757473e-30,-9.251227531219405e-16
432.66,2.96366295486665e-14,1.5508622795706603e-30,-9.251084412274037e-16
432.68,2.963663490922602e-14,1.550857320504411e-30,-9.251020032012327e-16
432.7,2.963663738153926e-14,1.5508550333624327e-30,-9.251066062942292e-16
432.72,2.9636638780891757e-14,1.550853738805988e-30,-9.250874356593906e-16
432.74,2.963664133618618e-14,1.5508513749777893e-30,-9.250717151711926e-16
432.76,2.963664316849606e-14,1.5508496799616298e-30,-9.250641114692906e-16
432.78,2.963664458695174e-14,1.5508483677987086e-30,-9.250693847261004e-16
432.8,2.9636644033012894e-14,1.5508488802299709e-30,-9.250727238320332e-16
432.82,2.963664373583492e-14,1.5508491551457152e-30,-9.25079099641502e-16
432.84,2.963664788843039e-14,1.5508453136603178e-30,-9.250800392233866e-16
432.86,2.963664896769837e-14,1.550844315238255e-30,-9.25090084719486e-16
432.88,2.96366516032623e-14,1.550841877096599e-30,-9.250977988355983e-16
432.9,2.963665484189548e-14,1.5508388810656512e-30,-9.250860144769293e-16
432.92,2.963665787472048e-14,1.5508360754153934e-30,-9.250923103319217e-16
432.94,2.9636658346856393e-14,1.5508356386474794e-30,-9.250902713590537e-16
432.96,2.96366586437131e-14,1.550835364036463e-30,-9.25090026409144e-16
432.98,2.9636661808809256e-14,1.5508324360824346e-30,-9.250705938331838e-16
433.0,2.963666204464464e-14,1.550832217925308e-30,-9.250698396313557e-16
433.02,2.9636670125803215e-14,1.5508247422499571e-30,-9.250793436937984e-16
433.04,2.9636673053866736e-14,1.5508220335405802e-30,-9.250908000037921e-16
433.06,2.9636684031469307e-14,1.5508118783337115e-30,-9.250801339074423e-16
433.08,2.963668517203732e-14,1.5508108232189352e-30,-9.25074606493233e-16
433.1,2.9636689282140707e-14,1.5508070210634506e-30,-9.250821777314262e-16
433.12,2.963669133412433e-14,1.5508051228212906e-30,-9.25068899329525e-16
433.14,2.9636690641399606e-14,1.5508057636371975e-30,-9.250651717646905e-16
433.16,2.9636693113445073e-14,1.5508034768376831e-30,-9.25066252986093e-16
433.18,2.963669499937039e-14,1.550801732246791e-30,-9.250569654600525e-16
433.2,2.963669696381544e-14,1.550799915032909e-30,-9.250536355390323e-16
433.22,2.963670053102316e-14,1.55079661517179e-30,-9.250515460946226e-16
433.24,2.963670681695829e-14,1.5507908003580001e-30,-9.250562713659071e-16
433.26,2.963670835387352e-14,1.5507893786323831e-30,-9.25042950169217e-16
433.28,2.963671096712253e-14,1.5507869612673983e-30,-9.250454341711331e-16
433.3,2.9636715176896244e-14,1.5507830670628852e-30,-9.25034556386957e-16
433.32,2.9636720378622094e-14,1.5507782552192428e-30,-9.250600380258678e-16
433.34,2.963672202203535e-14,1.5507767349838041e-30,-9.25051393624076e-16
433.36,2.963672585469636e-14,1.5507731895917637e-30,-9.25049278052104e-16
433.38,2.9636727418990964e-14,1.5507717425267303e-30,-9.250541761654161e-16
433.4,2.963673284452108e-14,1.5507667236288634e-30,-9.250497441381217e-16
433.42,2.9636735851460055e-14,1.5507639420542493e-30,-9.25048050303417e-16
433.44,2.9636738690056683e-14,1.550761316218454e-30,-9.25054147813913e-16
433.46,2.963674391319856e-14,1.5507564845371921e-30,-9.250461140855037e-16
433.48,2.9636750615002006e-14,1.5507502850601523e-30,-9.250417640154773e-16
433.5,2.9636752570664306e-14,1.5507484759859022e-30,-9.25056589440998e-16
433.52,2.96367554703975e-14,1.5507457935729876e-30,-9.25053504601722e-16
433.54,2.9636758798435585e-14,1.5507427149578753e-30,-9.250513531303469e-16
433.56,2.96367569084433e-14,1.55074446328826e-30,-9.250447523831548e-16
433.58,2.9636758031532806e-14,1.5507434243843532e-30,-9.25040434360224e-16
433.6,2.963676126173397e-14,1.5507404363129311e-30,-9.250352885085368e-16
433.62,2.9636761048405423e-14,1.5507406336381535e-30,-9.250277029757423e-16
433.64,2.96367686332695e-14,1.550733617445628e-30,-9.250264759956267e-16
433.66,2.963676952880433e-14,1.5507327890464572e-30,-9.250074602294876e-16
433.68,2.963677639834934e-14,1.5507264346844189e-30,-9.250054833150448e-16
433.7,2.963678136898779e-14,1.5507218368208015e-30,-9.250031865035421e-16
433.72,2.9636784174923114e-14,1.550719241307073e-30,-9.249971276531944e-16
433.74,2.96367843175177e-14,1.5507191094050718e-30,-9.249963585454925e-16
433.76,2.963678741996032e-14,1.550716239645787e-30,-9.250052149865954e-16
433.78,2.9636789825708665e-14,1.5507140143072229e-30,-9.250125163823099e-16
433.8,2.9636795345302445e-14,1.5507089086122076e-30,-9.250180937660454e-16
433.82,2.9636796552936826e-14,1.550707791531355e-30,-9.250180706124887e-16
433.84,2.9636798517368956e-14,1.5507059743947866e-30,-9.250071008137465e-16
433.86,2.963679646837982e-14,1.5507078697260929e-30,-9.25014116580361e-16
433.88,2.9636801856811606e-14,1.5507028853057767e-30,-9.250267094112855e-16
433.9,2.963680148685914e-14,1.5507032275145583e-30,-9.250418501094373e-16
433.92,2.9636805380374915e-14,1.5506996259015948e-30,-9.250273311575458e-16
433.94,2.9636806398385e-14,1.5506986842152325e-30,-9.250255477403016e-16
433.96,2.96368092825908e-14,1.5506960162413166e-30,-9.250212277003008e-16
433.98,2.963681010495435e-14,1.5506952555369355e-30,-9.250198078669495e-16
434.0,2.963681391677774e-14,1.5506917295437472e-30,-9.250126737717198e-16
434.02,2.963681333128304e-14,1.550692271133118e-30,-9.250217748326888e-16
434.04,2.963681173648481e-14,1.5506937463579468e-30,-9.250188772350705e-16
434.06,2.9636814659150835e-14,1.5506910428381907e-30,-9.250185765605156e-16
434.08,2.963682277594358e-14,1.5506835345595629e-30,-9.25047090236219e-16
434.1,2.963682488148381e-14,1.5506815868351735e-30,-9.25036956172907e-16
434.12,2.963682878098954e-14,1.5506779796333041e-30,-9.250473239499252e-16
434.14,2.96368327490291e-14,1.5506743090274014e-30,-9.25051221684663e-16
434.16,2.9636834959402715e-14,1.5506722643106925e-30,-9.250512595826927e-16
434.18,2.963683625700622e-14,1.550671063963392e-30,-9.250563797857035e-16
434.2,2.9636836736809404e-14,1.5506706201215153e-30,-9.250540811078348e-16
434.22,2.963683733649254e-14,1.5506700653837009e-30,-9.250434833601608e-16
434.24,2.9636839005707145e-14,1.5506685212985051e-30,-9.25029972018079e-16
434.26,2.9636841906320825e-14,1.5506658381378098e-30,-9.250307960990677e-16
434.28,2.963685084495466e-14,1.550657569687215e-30,-9.25018377771859e-16
434.3,2.963685453676564e-14,1.5506541546824042e-30,-9.250214656038209e-16
434.32,2.963686027217567e-14,1.5506488493156093e-30,-9.250092913577177e-16
434.34,2.963686486034915e-14,1.5506446051863765e-30,-9.250196731998102e-16
434.36,2.9636865428473325e-14,1.5506440796599572e-30,-9.250251366696328e-16
434.38,2.963686708291663e-14,1.550642549253846e-30,-9.250323715660928e-16
434.4,2.9636863330997835e-14,1.5506460199267417e-30,-9.250443292529958e-16
434.42,2.963686724432556e-14,1.5506423998968058e-30,-9.25056398427181e-16
434.44,2.963686718534045e-14,1.5506424544666532e-30,-9.250689074635961e-16
434.46,2.963687124882082e-14,1.5506386954519687e-30,-9.25076301748408e-16
434.48,2.9636882370311466e-14,1.5506284072029123e-30,-9.25078856307921e-16
434.5,2.9636884865897e-14,1.5506260985806398e-30,-9.2507935881866e-16
434.52,2.96368865363767e-14,1.5506245532445042e-30,-9.250862894491496e-16
434.54,2.963688835455902e-14,1.5506228712672141e-30,-9.25093587624292e-16
434.56,2.9636890042824095e-14,1.550621309473366e-30,-9.25089287654175e-16
434.58,2.963689704197462e-14,1.5506148346270376e-30,-9.250955778919254e-16
434.6,2.963689931982837e-14,1.550612727385233e-30,-9.25098826477726e-16
434.62,2.96368988350616e-14,1.5506131758543244e-30,-9.250938030657078e-16
434.64,2.963690155519663e-14,1.5506106594754147e-30,-9.250870990634864e-16
434.66,2.9636906761086655e-14,1.5506058435831585e-30,-9.250789970085998e-16
434.68,2.9636906053430107e-14,1.5506064981983205e-30,-9.250667206553388e-16
434.7,2.963690743946879e-14,1.5506052159997041e-30,-9.25079744990449e-16
434.72,2.9636908959618067e-14,1.5506038097484357e-30,-9.250804189754412e-16
434.74,2.963691092997719e-14,1.5506019870139923e-30,-9.250733244276389e-16
434.76,2.963691377987942e-14,1.5505993506426776e-30,-9.25068229596998e-16
434.78,2.963691338037201e-14,1.5505997201984246e-30,-9.250676256705218e-16
434.8,2.963691640092208e-14,1.5505969259785724e-30,-9.250682572339351e-16
434.82,2.96369185644914e-14,1.5505949244897227e-30,-9.25088975324074e-16
434.84,2.9636920950914026e-14,1.5505927168454896e-30,-9.250820841619836e-16
434.86,2.9636924457120395e-14,1.5505894732995958e-30,-9.250931942021773e-16
434.88,2.963692789782854e-14,1.550586290324776e-30,-9.250899853453367e-16
434.9,2.963693366995735e-14,1.550580950558295e-30,-9.250938685051436e-16
434.92,2.963693557733005e-14,1.550579186051631e-30,-9.251084631572478e-16
434.94,2.9636936729793105e-14,1.5505781198792142e-30,-9.251027200262315e-16
434.96,2.9636942296916575e-14,1.5505729697090562e-30,-9.251076194764419e-16
434.98,2.963694555570692e-14,1.5505699549856332e-30,-9.25100945685763e-16
435.0,2.963694629861337e-14,1.5505692677278117e-30,-9.250932395319393e-16
435.02,2.963694478075811e-14,1.5505706718874427e-30,-9.250928894380412e-16
435.04,2.963694931625511e-14,1.550566476176369e-30,-9.25066839947153e-16
435.06,2.963695315529726e-14,1.550562924805932e-30,-9.250658247140598e-16
435.08,2.9636953746201567e-14,1.5505623781737676e-30,-9.25056544856331e-16
435.1,2.9636956137835816e-14,1.5505601657777354e-30,-9.250702552290606e-16
435.12,2.963696064996165e-14,1.5505559917711404e-30,-9.250675761914303e-16
435.14,2.9636962221739396e-14,1.5505545378110503e-30,-9.250545963997298e-16
435.16,2.96369674825773e-14,1.550549671253424e-30,-9.250610680704083e-16
435.18,2.9636965833375144e-14,1.5505511968804409e-30,-9.250715888536727e-16
435.2,2.963697163111359e-14,1.5505458335162486e-30,-9.250772211485958e-16
435.22,2.963697553932601e-14,1.5505422181500442e-30,-9.25065055936149e-16
435.24,2.9636977867378574e-14,1.5505400645443488e-30,-9.250706837064185e-16
435.26,2.9636976121589e-14,1.550541679539773e-30,-9.2507631212794e-16
435.28,2.963697741749794e-14,1.550540480723808e-30,-9.25088530253011e-16
435.3,2.963697589902495e-14,1.5505418854557616e-30,-9.25091733757241e-16
435.32,2.9636979166380176e-14,1.5505388628548467e-30,-9.2509584349333e-16
435.34,2.963698505339529e-14,1.5505334168070066e-30,-9.250970442004647e-16
435.36,2.963698718016372e-14,1.550531449355556e-30,-9.250922975170025e-16
435.38,2.9636989495339526e-14,1.5505293076135817e-30,-9.251041340733196e-16
435.4,2.963699275210998e-14,1.5505262947458274e-30,-9.25113005819602e-16
435.42,2.9636993534626465e-14,1.5505255708243194e-30,-9.251113682448795e-16
435.44,2.9636994736026535e-14,1.5505244593992228e-30,-9.251012793993902e-16
435.46,2.963699817992135e-14,1.5505212734782581e-30,-9.25090359076158e-16
435.48,2.963699954534436e-14,1.5505200103443242e-30,-9.250887771035864e-16
435.5,2.963700359012804e-14,1.5505162685533828e-30,-9.250933937697552e-16
435.52,2.96370007980038e-14,1.550518851548717e-30,-9.250991130389282e-16
435.54,2.963700464285159e-14,1.5505152946888466e-30,-9.250946998331924e-16
435.56,2.963701011658181e-14,1.5505102309325286e-30,-9.251072649201786e-16
435.58,2.963701207073487e-14,1.5505084231161601e-30,-9.25126316430899e-16
435.6,2.963701362808623e-14,1.5505069823716476e-30,-9.251284608046559e-16
435.62,2.9637016678917545e-14,1.550504159987895e-30,-9.251203377705184e-16
435.64,2.963702166540005e-14,1.5504995469072403e-30,-9.251079324622598e-16
435.66,2.963702686930886e-14,1.550494732736727e-30,-9.251132100241517e-16
435.68,2.963702708004395e-14,1.5504945377778001e-30,-9.25109315484616e-16
435.7,2.963703532661714e-14,1.55048690872518e-30,-9.25121246880489e-16
435.72,2.9637039600026244e-14,1.5504829553023339e-30,-9.251195494419996e-16
435.74,2.9637047727097005e-14,1.5504754368290145e-30,-9.251162818725138e-16
435.76,2.963705256178011e-14,1.5504709641226263e-30,-9.251277338953326e-16
435.78,2.9637057689520554e-14,1.5504662203540244e-30,-9.251126704287302e-16
435.8,2.963705500262965e-14,1.5504687060373528e-30,-9.251258040581049e-16
435.82,2.963705813052967e-14,1.5504658123467497e-30,-9.25122831241558e-16
435.84,2.9637063108961595e-14,1.5504612066453223e-30,-9.251330439689907e-16
435.86,2.963706697079776e-14,1.5504576339432363e-30,-9.251337997334102e-16
435.88,2.9637068109962134e-14,1.5504565800764659e-30,-9.251222361664325e-16
435.9,2.9637075854152124e-14,1.5504494157655596e-30,-9.251209846801163e-16
435.92,2.9637078078703936e-14,1.550447357783985e-30,-9.2511927630325e-16
435.94,2.963708264811075e-14,1.550443130517113e-30,-9.251247648728595e-16
435.96,2.963708646048368e-14,1.5504396035931958e-30,-9.251237742038063e-16
435.98,2.963708708114981e-14,1.550439029396941e-30,-9.251256793764931e-16
436.0,2.963709444398583e-14,1.550432217795863e-30,-9.251426981600413e-16
436.02,2.963709359632905e-14,1.5504330019966906e-30,-9.251312467113397e-16
436.04,2.963709222829263e-14,1.5504342676098187e-30,-9.251446862096975e-16
436.06,2.963709403377745e-14,1.550432597294144e-30,-9.251294833489908e-16
436.08,2.9637096281799915e-14,1.5504305175669209e-30,-9.251365804119026e-16
436.1,2.9637100201832056e-14,1.5504268910298244e-30,-9.251263431905913e-16
436.12,2.9637103490875405e-14,1.5504238482737131e-30,-9.251104873207985e-16
436.14,2.96371073849082e-14,1.5504202458683873e-30,-9.251024926142617e-16
436.16,2.963710852825533e-14,1.5504191881562216e-30,-9.2510315623105e-16
436.18,2.963710983974222e-14,1.5504179748609515e-30,-9.251102419706681e-16
436.2,2.963711250469295e-14,1.5504155094821026e-30,-9.251135202179543e-16
436.22,2.963711165734889e-14,1.5504162933703655e-30,-9.251070910503283e-16
436.24,2.963711533407281e-14,1.5504128920315383e-30,-9.251009947981603e-16
436.26,2.9637119264665505e-14,1.550409255845677e-30,-9.250966471337494e-16
436.28,2.963712240883301e-14,1.5504063471770787e-30,-9.251024120422965e-16
436.3,2.96371246956237e-14,1.5504042316430676e-30,-9.251104874727962e-16
436.32,2.963712530494854e-14,1.5504036679399718e-30,-9.251127661404034e-16
436.34,2.963712302723926e-14,1.5504057750925406e-30,-9.251207910599342e-16
436.36,2.963712871252362e-14,1.5504005155396835e-30,-9.251180655083987e-16
436.38,2.963713417737027e-14,1.5503954599349018e-30,-9.251058906375334e-16
436.4,2.9637138682383324e-14,1.5503912922951106e-30,-9.251175258977205e-16
436.42,2.963714103490596e-14,1.5503891159300326e-30,-9.251134529311325e-16
436.44,2.963714446966939e-14,1.55038593840327e-30,-9.25103798482582e-16
436.46,2.963714927182304e-14,1.55038149589218e-30,-9.251130968672298e-16
436.48,2.963715129205657e-14,1.5503796269528283e-30,-9.251133927884087e-16
436.5,2.963715430565189e-14,1.5503768390221842e-30,-9.251074604969408e-16
436.52,2.9637156445405087e-14,1.5503748595199179e-30,-9.251108796698731e-16
436.54,2.963716127685321e-14,1.5503703899122858e-30,-9.251104947041895e-16
436.56,2.963716438118167e-14,1.5503675180928709e-30,-9.251009454742535e-16
436.58,2.9637168282383394e-14,1.5503639090776291e-30,-9.250841788819164e-16
436.6,2.963716877195057e-14,1.5503634561779173e-30,-9.250884746225242e-16
436.62,2.96371734519334e-14,1.5503591267593592e-30,-9.250994320868425e-16
436.64,2.963717634200914e-14,1.5503564531755176e-30,-9.250873747543746e-16
436.66,2.963717867720555e-14,1.5503542928875462e-30,-9.250973995338192e-16
436.68,2.963717734667556e-14,1.5503555237636276e-30,-9.25097977493992e-16
436.7,2.963717611528272e-14,1.55035666292012e-30,-9.250984758293692e-16
436.72,2.96371782493473e-14,1.5503546887100614e-30,-9.2508954262702e-16
436.74,2.963717957660678e-14,1.550353460860848e-30,-9.25098808794825e-16
436.76,2.9637183053682435e-14,1.5503502441849692e-30,-9.2510986357902e-16
436.78,2.963718646908257e-14,1.5503470845486066e-30,-9.251085227706144e-16
436.8,2.963718625588839e-14,1.5503472817708768e-30,-9.25125788628175e-16
436.82,2.9637185801659923e-14,1.5503477019998791e-30,-9.25137023245614e-16
436.84,2.9637186331262216e-14,1.5503472120525253e-30,-9.251379897357334e-16
436.86,2.963718748114141e-14,1.550346148252087e-30,-9.25140871377362e-16
436.88,2.963718945108804e-14,1.5503443257720394e-30,-9.251514091495348e-16
436.9,2.963718931589988e-14,1.5503444508582614e-30,-9.251410678071036e-16
436.92,2.9637191268205773e-14,1.550342644685945e-30,-9.251565333544843e-16
436.94,2.963719473434235e-14,1.5503394379928761e-30,-9.251491430582479e-16
436.96,2.963719572280049e-14,1.5503385235036386e-30,-9.251644165519192e-16
436.98,2.9637199192591043e-14,1.5503353133623135e-30,-9.251754669911155e-16
437.0,2.963720010779826e-14,1.5503344666280282e-30,-9.251664988909955e-16
437.02,2.963719805752894e-14,1.5503363634713038e-30,-9.25170245626365e-16
437.04,2.963719664426967e-14,1.5503376709806766e-30,-9.251607228029641e-16
437.06,2.963719876936593e-14,1.5503357049223923e-30,-9.251510476067564e-16
437.08,2.963719879225505e-14,1.5503356837464852e-30,-9.251457393399526e-16
437.1,2.9637200400254795e-14,1.5503341961010474e-30,-9.251419496603996e-16
437.12,2.963719933072473e-14,1.5503351855664539e-30,-9.251393154456567e-16
437.14,2.9637201789480527e-14,1.5503329108971253e-30,-9.251165981547133e-16
437.16,2.963720422185504e-14,1.5503306606741062e-30,-9.251167133386449e-16
437.18,2.9637205171749135e-14,1.5503297819226946e-30,-9.251044662258228e-16
437.2,2.96372032839478e-14,1.5503315283351382e-30,-9.251122900148528e-16
437.22,2.963720508082652e-14,1.5503298660191885e-30,-9.251135394042348e-16
437.24,2.963720672668785e-14,1.5503283434232352e-30,-9.251048052682844e-16
437.26,2.9637210606949496e-14,1.5503247537339298e-30,-9.251162202434971e-16
437.28,2.963721191079679e-14,1.5503235475326111e-30,-9.251149750419726e-16
437.3,2.9637212209544785e-14,1.550323271155342e-30,-9.251169842162352e-16
437.32,2.963721284309927e-14,1.5503226850417257e-30,-9.251161945189481e-16
437.34,2.963721796519397e-14,1.5503179464909763e-30,-9.251187795527259e-16
437.36,2.9637220404201974e-14,1.5503156901153497e-30,-9.25105240907963e-16
437.38,2.963722242998132e-14,1.5503138160525718e-30,-9.251070258878617e-16
437.4,2.963722604176929e-14,1.5503104747537022e-30,-9.251086843592887e-16
437.42,2.963722785882719e-14,1.5503087937602123e-30,-9.251191382325387e-16
437.44,2.9637230700745894e-14,1.5503061646425844e-30,-9.251224517870775e-16
437.46,2.963723344472751e-14,1.550303626131157e-30,-9.251196731334332e-16
437.48,2.963723598202954e-14,1.5503012788286672e-30,-9.251053762446559e-16
437.5,2.9637241579469086e-14,1.5502961006236065e-30,-9.251021129076297e-16
437.52,2.963724710578626e-14,1.550290988182482e-30,-9.251165461523398e-16
437.54,2.96372502541895e-14,1.5502880755519614e-30,-9.251113554912863e-16
437.56,2.9637252655936015e-14,1.5502858536493282e-30,-9.25112452020093e-16
437.58,2.9637258045937663e-14,1.5502808673067272e-30,-9.251100449526413e-16
437.6,2.963726278047799e-14,1.5502764873600088e-30,-9.25100612279176e-16
437.62,2.963726717931685e-14,1.5502724179731973e-30,-9.251059505373512e-16
437.64,2.9637268382855534e-14,1.5502713045736455e-30,-9.250863529474826e-16
437.66,2.9637266064341036e-14,1.550273449403357e-30,-9.250945021997278e-16
437.68,2.963726883122117e-14,1.5502708897642011e-30,-9.251060465384733e-16
437.7,2.9637268243341545e-14,1.550271433606341e-30,-9.251066173053549e-16
437.72,2.9637272713915054e-14,1.5502672978061395e-30,-9.251063349766754e-16
437.74,2.963726935322006e-14,1.5502704067907375e-30,-9.250977447839377e-16
437.76,2.963727517317535e-14,1.5502650227562774e-30,-9.250992750618074e-16
437.78,2.963728081823388e-14,1.5502598004843817e-30,-9.251064235932074e-16
437.8,2.963728027475889e-14,1.5502603032537186e-30,-9.251095674618407e-16
437.82,2.9637284060796264e-14,1.5502568007646178e-30,-9.251077878375817e-16
437.84,2.9637286403589125e-14,1.550254633446417e-30,-9.250990010431622e-16
437.86,2.963728704410856e-14,1.5502540409047472e-30,-9.251040908319406e-16
437.88,2.9637289584619884e-14,1.5502516906667482e-30,-9.25115675488231e-16
437.9,2.96372924792013e-14,1.5502490128165493e-30,-9.251307363110608e-16
437.92,2.9637292112218236e-14,1.5502493523294833e-30,-9.251434063226847e-16
437.94,2.96372921577214e-14,1.5502493102285526e-30,-9.25140023517518e-16
437.96,2.963729355814601e-14,1.550248014648236e-30,-9.251525014122764e-16
437.98,2.963729797634307e-14,1.5502439271444374e-30,-9.251497763716703e-16
438.0,2.963730242785841e-14,1.550239808797301e-30,-9.251571937641902e-16
438.02,2.963730742917639e-14,1.5502351817439486e-30,-9.251694721907512e-16
438.04,2.9637312299152203e-14,1.5502306762194402e-30,-9.251596916290588e-16
438.06,2.9637316093175123e-14,1.5502271661485986e-30,-9.251671844783016e-16
438.08,2.9637322277724114e-14,1.5502214444124227e-30,-9.251695421491136e-16
438.1,2.963732322302022e-14,1.5502205698378369e-30,-9.251487544966206e-16
438.12,2.963732149151868e-14,1.550222171728462e-30,-9.251348774474268e-16
438.14,2.96373264991591e-14,1.5502175390238652e-30,-9.25118710152246e-16
438.16,2.9637329348812736e-14,1.5502149027454616e-30,-9.251299935300927e-16
438.18,2.9637331551104156e-14,1.5502128653234168e-30,-9.251424510392022e-16
438.2,2.963733399612696e-14,1.5502106033303666e-30,-9.251439720099174e-16
438.22,2.963734098569821e-14,1.5502041369477153e-30,-9.251450521728106e-16
438.24,2.963734281888913e-14,1.5502024409663097e-30,-9.251574334268543e-16
438.26,2.963734226307765e-14,1.5502029551809385e-30,-9.251591882323974e-16
438.28,2.963734598743264e-14,1.5501995095661823e-30,-9.251562644552625e-16
438.3,2.963734775907151e-14,1.5501978705213799e-30,-9.25168984529593e-16
438.32,2.9637349399632345e-14,1.5501963527238313e-30,-9.251667486393725e-16
438.34,2.963735375624081e-14,1.5501923221470464e-30,-9.251659114684835e-16
438.36,2.9637358732945444e-14,1.5501877179145012e-30,-9.251529505348026e-16
438.38,2.963736488884843e-14,1.5501820227318521e-30,-9.251653278689176e-16
438.4,2.96373658765834e-14,1.550181108912571e-30,-9.251672197486513e-16
438.42,2.963736762427907e-14,1.5501794919787982e-30,-9.251786513902388e-16
438.44,2.9637368927437356e-14,1.550178286316427e-30,-9.251830328518805e-16
438.46,2.963737285509622e-14,1.550174652522778e-30,-9.251746416822805e-16
438.48,2.963737708753719e-14,1.5501707367836937e-30,-9.251701775763203e-16
438.5,2.963737623224723e-14,1.5501715280627247e-30,-9.251596796564853e-16
438.52,2.963737860618907e-14,1.5501693317632712e-30,-9.251746514166663e-16
438.54,2.963738056002978e-14,1.5501675241103863e-30,-9.25176988543805e-16
438.56,2.963738628580512e-14,1.5501622267670692e-30,-9.251700284191788e-16
438.58,2.963738959470042e-14,1.5501591654748317e-30,-9.251647510985047e-16
438.6,2.9637391582985744e-14,1.550157325977483e-30,-9.25161848112935e-16
438.62,2.963739381779392e-14,1.550155258413071e-30,-9.251620709365268e-16
438.64,2.963739843559627e-14,1.550150986192777e-30,-9.25163580206005e-16
438.66,2.9637399801576455e-14,1.5501497224553855e-30,-9.25160636018735e-16
438.68,2.963740129073564e-14,1.5501483447663193e-30,-9.251544444148984e-16
438.7,2.963740263489245e-14,1.5501471012185922e-30,-9.251559455461404e-16
438.72,2.963740413924819e-14,1.5501457094579534e-30,-9.251403013763223e-16
438.74,2.963740883298717e-14,1.5501413671066566e-30,-9.25128166535399e-16
438.76,2.963741269937299e-14,1.5501377901997875e-30,-9.25136466647053e-16
438.78,2.963741554443323e-14,1.5501351581269203e-30,-9.251337824055282e-16
438.8,2.9637416424643256e-14,1.5501343438211767e-30,-9.251290478185537e-16
438.82,2.9637418678238775e-14,1.5501322589400986e-30,-9.251406353422116e-16
438.84,2.9637420604303423e-14,1.5501304770388939e-30,-9.251433235954096e-16
438.86,2.963742255097616e-14,1.550128676061016e-30,-9.251534837821027e-16
438.88,2.963742485446917e-14,1.5501265449804387e-30,-9.251514844479648e-16
438.9,2.9637426287237114e-14,1.550125219447175e-30,-9.251610093121962e-16
438.92,2.9637429908159756e-14,1.5501218694826918e-30,-9.251670353776425e-16
438.94,2.963743130167883e-14,1.5501205802595737e-30,-9.251582124919845e-16
438.96,2.963743170198055e-14,1.5501202099114868e-30,-9.251683257916254e-16
438.98,2.963743476368074e-14,1.5501173773240136e-30,-9.251711689733028e-16
439.0,2.9637440677217505e-14,1.5501119062879726e-30,-9.251671630222e-16
439.02,2.963744161620051e-14,1.550111037570973e-30,-9.25172952323699e-16
439.04,2.9637443193936834e-14,1.5501095778939889e-30,-9.251745085711694e-16
439.06,2.963745268187297e-14,1.5501007999335313e-30,-9.251676933458553e-16
439.08,2.963745601227042e-14,1.5500977187786186e-30,-9.251520831723608e-16
439.1,2.963746156203601e-14,1.5500925843918275e-30,-9.251556267433095e-16
439.12,2.9637467437831114e-14,1.5500871483663968e-30,-9.251554310429328e-16
439.14,2.963747243194095e-14,1.5500825280657656e-30,-9.251452253747954e-16
439.16,2.963747640442301e-14,1.550078852978743e-30,-9.251327061696476e-16
439.18,2.963748037487344e-14,1.5500751797808268e-30,-9.251439492140145e-16
439.2,2.9637485389421626e-14,1.5500705406079353e-30,-9.251350259080357e-16
439.22,2.963748945089053e-14,1.5500667832538893e-30,-9.251232579418017e-16
439.24,2.9637489629197495e-14,1.5500666182890322e-30,-9.25122092019883e-16
439.26,2.963749043469005e-14,1.5500658731111347e-30,-9.25122936266807e-16
439.28,2.9637492406370194e-14,1.5500640490790079e-30,-9.251110379233856e-16
439.3,2.963749170516176e-14,1.5500646977683231e-30,-9.251092367535683e-16
439.32,2.9637490128809435e-14,1.5500661560642923e-30,-9.251139194471898e-16
439.34,2.963749465177904e-14,1.5500619717711333e-30,-9.251266929559288e-16
439.36,2.9637496087229976e-14,1.5500606437773312e-30,-9.251324387559455e-16
439.38,2.9637503691372694e-14,1.5500536089422353e-30,-9.25123626246538e-16
439.4,2.963750648005009e-14,1.5500510290747392e-30,-9.251235237650813e-16
439.42,2.9637508974588854e-14,1.5500487213305564e-30,-9.251172375394932e-16
439.44,2.963751125523972e-14,1.5500466114620603e-30,-9.251187020307336e-16
439.46,2.963750960639667e-14,1.5500481368295728e-30,-9.25114421676479e-16
439.48,2.9637515154759893e-14,1.550043003994189e-30,-9.25115133745325e-16
439.5,2.963751659894545e-14,1.5500416679524575e-30,-9.25128064958119e-16
439.52,2.963751613155184e-14,1.550042100341074e-30,-9.251422123405577e-16
439.54,2.963751950053523e-14,1.5500389835640343e-30,-9.251368889509432e-16
439.56,2.9637523255402974e-14,1.550035509769979e-30,-9.251398102277046e-16
439.58,2.963752358223291e-14,1.5500352074028953e-30,-9.251364445028438e-16
439.6,2.963752465659376e-14,1.5500342134796509e-30,-9.251360216248048e-16
439.62,2.963752300863737e-14,1.5500357380685442e-30,-9.25125961090224e-16
439.64,2.9637529179559166e-14,1.5500300291828887e-30,-9.251316280470642e-16
439.66,2.9637532386468375e-14,1.5500270623600231e-30,-9.251295320044169e-16
439.68,2.9637532639777746e-14,1.5500268280153546e-30,-9.251327423020488e-16
439.7,2.9637531976503295e-14,1.5500274416303679e-30,-9.251290485305638e-16
439.72,2.963753251305584e-14,1.5500269452407352e-30,-9.251378902397524e-16
439.74,2.9637533765666536e-14,1.5500257864041268e-30,-9.251371646796968e-16
439.76,2.9637534618079413e-14,1.5500249977943114e-30,-9.251420704710394e-16
439.78,2.9637534787243446e-14,1.5500248412901561e-30,-9.251358103280958e-16
439.8,2.9637533332609534e-14,1.5500261870347326e-30,-9.25142756397098e-16
439.82,2.963753508233317e-14,1.5500245682919527e-30,-9.251516147415173e-16
439.84,2.9637536060670556e-14,1.5500236631959181e-30,-9.251367640683613e-16
439.86,2.963754396089618e-14,1.5500163543709433e-30,-9.25146340878389e-16
439.88,2.963754311959738e-14,1.5500171326990672e-30,-9.251586653075631e-16
439.9,2.96375408427303e-14,1.5500192391523344e-30,-9.251563764742052e-16
439.92,2.96375451281104e-14,1.550015274499673e-30,-9.251587160794399e-16
439.94,2.963755066340905e-14,1.5500101535344205e-30,-9.25144600825097e-16
439.96,2.9637557369854815e-14,1.5500039491603425e-30,-9.251358804671073e-16
439.98,2.963755408375704e-14,1.55000698922231e-30,-9.25144137482296e-16
440.0,2.963755719295162e-14,1.5500041127556952e-30,-9.251385620178748e-16
440.02,2.963755669305058e-14,1.5500045752405984e-30,-9.251414248953738e-16
440.04,2.963756130625504e-14,1.5500003073706156e-30,-9.251297021840073e-16
440.06,2.9637564523720284e-14,1.5499973308346657e-30,-9.251193825443703e-16
440.08,2.9637567506259996e-14,1.5499945716371772e-30,-9.25115947645559e-16
440.1,2.963756791840537e-14,1.5499941903587603e-30,-9.251078286233156e-16
440.12,2.9637574211313163e-14,1.5499883687372778e-30,-9.251110447394436e-16
440.14,2.9637574750520595e-14,1.5499878699319025e-30,-9.250958906615797e-16
440.16,2.963758034955493e-14,1.5499826903115356e-30,-9.250824973803262e-16
440.18,2.9637582858105443e-14,1.5499803696825796e-30,-9.25086475508021e-16
440.2,2.96375868969659e-14,1.5499766333502478e-30,-9.250988976063793e-16
440.22,2.963758731895398e-14,1.5499762429465051e-30,-9.25110062201795e-16
440.24,2.963759001236428e-14,1.5499737512359743e-30,-9.25105318466085e-16
440.26,2.9637588046022996e-14,1.5499755703154836e-30,-9.251024967537304e-16
440.28,2.963758838972829e-14,1.5499752523520971e-30,-9.251217723173404e-16
440.3,2.963759513884679e-14,1.5499690085698428e-30,-9.251215886075233e-16
440.32,2.963759837649652e-14,1.549966013352582e-30,-9.251301998518504e-16
440.34,2.96376014717406e-14,1.5499631498510645e-30,-9.251270724100149e-16
440.36,2.963760359483694e-14,1.5499611856961203e-30,-9.251385111861235e-16
440.38,2.963760610656413e-14,1.5499588620008485e-30,-9.251387421651645e-16
440.4,2.9637609246783025e-14,1.5499559568428724e-30,-9.251509096528597e-16
440.42,2.963761051532008e-14,1.5499547832500608e-30,-9.251476581442506e-16
440.44,2.963761050338377e-14,1.549954794299668e-30,-9.25153533202503e-16
440.46,2.963761692766912e-14,1.549948850874782e-30,-9.251453493939218e-16
440.48,2.963762353180953e-14,1.5499427411177328e-30,-9.251400931455527e-16
440.5,2.9637625880857225e-14,1.5499405679143737e-30,-9.251366137521622e-16
440.52,2.963763134450262e-14,1.549935513323177e-30,-9.251286912912426e-16
440.54,2.963763060706487e-14,1.5499361955469335e-30,-9.25131116590327e-16
440.56,2.963763307999985e-14,1.5499339077630932e-30,-9.251198020734108e-16
440.58,2.963763639421727e-14,1.5499308417105948e-30,-9.25128547974843e-16
440.6,2.9637640376110196e-14,1.5499271579549388e-30,-9.251201535402424e-16
440.62,2.96376415462029e-14,1.5499260754847165e-30,-9.251178867429408e-16
440.64,2.9637639950080474e-14,1.5499275520926262e-30,-9.251208695546393e-16
440.66,2.963764300432009e-14,1.5499247265622908e-30,-9.251252873873441e-16
440.68,2.963764279175659e-14,1.5499249232000928e-30,-9.251120766317172e-16
440.7,2.963764423770065e-14,1.5499235855532045e-30,-9.251015060550002e-16
440.72,2.963765103514085e-14,1.5499172972753187e-30,-9.250864532146382e-16
440.74,2.9637652429245245e-14,1.5499160075948944e-30,-9.250931511334326e-16
440.76,2.96376572520544e-14,1.5499115460520141e-30,-9.250953744972519e-16
440.78,2.963766253906988e-14,1.5499066550625948e-30,-9.250945278650176e-16
440.8,2.9637667991269604e-14,1.5499016112219547e-30,-9.251041443489902e-16
440.82,2.963766603796948e-14,1.5499034182476256e-30,-9.251158488516957e-16
440.84,2.963767176285408e-14,1.5498981221028954e-30,-9.251059100377846e-16
440.86,2.963767843350223e-14,1.5498919510465053e-30,-9.251030007893218e-16
440.88,2.9637681200462286e-14,1.549889391323355e-30,-9.25106861732376e-16
440.9,2.963768464121375e-14,1.5498862082807323e-30,-9.25107858851156e-16
440.92,2.9637688283308615e-14,1.5498828389795801e-30,-9.250988617810028e-16
440.94,2.9637692730648094e-14,1.5498787247526014e-30,-9.250989204521382e-16
440.96,2.963769512477231e-14,1.5498765099566708e-30,-9.25094412581658e-16
440.98,2.9637698113668456e-14,1.549873744898879e-30,-9.251020173212907e-16
441.0,2.9637698303570903e-14,1.5498735692150795e-30,-9.251044879572999e-16
441.02,2.9637708204697436e-14,1.5498644096166932e-30,-9.25110140503939e-16
441.04,2.9637714460321324e-14,1.549858622496052e-30,-9.251063436646056e-16
441.06,2.963772093965587e-14,1.5498526284182704e-30,-9.250950828876396e-16
441.08,2.963772498301016e-14,1.5498488879312408e-30,-9.250936036903122e-16
441.1,2.963772902431866e-14,1.5498451493748982e-30,-9.250838988810865e-16
441.12,2.963773015165348e-14,1.549844106510077e-30,-9.250746447275699e-16
441.14,2.9637733608457427e-14,1.5498409087103167e-30,-9.250718212768971e-16
441.16,2.963773518871009e-14,1.5498394468701448e-30,-9.250775025303898e-16
441.18,2.963774155810615e-14,1.5498335547150683e-30,-9.250645265011298e-16
441.2,2.9637741633434326e-14,1.5498334850293303e-30,-9.25048661145253e-16
441.22,2.963774690409031e-14,1.549828609414325e-30,-9.250553014410715e-16
441.24,2.9637747724422464e-14,1.549827850563387e-30,-9.250596262149793e-16
441.26,2.9637750559368294e-14,1.549825228076795e-30,-9.25053876041991e-16
441.28,2.963775100235506e-14,1.5498248182953191e-30,-9.250551716524216e-16
441.3,2.963775790741075e-14,1.5498184307508296e-30,-9.250571292354177e-16
441.32,2.963775921977305e-14,1.5498172167218246e-30,-9.250652330565638e-16
441.34,2.963776537816063e-14,1.549811519822227e-30,-9.250537025484748e-16
441.36,2.963776749806418e-14,1.5498095588022933e-30,-9.250506354874097e-16
441.38,2.9637769085772876e-14,1.5498080900964946e-30,-9.250387334406807e-16
441.4,2.963777519582387e-14,1.5498024380696003e-30,-9.250356585402789e-16
441.42,2.963778198974993e-14,1.5497961534240408e-30,-9.250357792581802e-16
441.44,2.9637782305080276e-14,1.5497958617270418e-30,-9.250207363926172e-16
441.46,2.963778732956298e-14,1.5497912139924796e-30,-9.250160517270959e-16
441.48,2.963778849526589e-14,1.5497901356944143e-30,-9.25000138111817e-16
441.5,2.96377933958901e-14,1.5497856026050442e-30,-9.25001930456537e-16
441.52,2.963779557411453e-14,1.5497835877405446e-30,-9.25006801778334e-16
441.54,2.9637794052512053e-14,1.5497849952421795e-30,-9.250118644554147e-16
441.56,2.963779681552516e-14,1.5497824394056358e-30,-9.25015372677585e-16
441.58,2.9637798167155163e-14,1.549781189120749e-30,-9.250219711578433e-16
441.6,2.963779873392971e-14,1.54978066486101e-30,-9.250167251219098e-16
441.62,2.963780014102365e-14,1.5497793632618077e-30,-9.250189848482567e-16
441.64,2.963780140067559e-14,1.549778198062961e-30,-9.250340753667454e-16
441.66,2.963780104740485e-14,1.5497785248439843e-30,-9.250287354575e-16
441.68,2.963780021190779e-14,1.5497792977057988e-30,-9.250251236756264e-16
441.7,2.9637802125593717e-14,1.549777527496448e-30,-9.250197627016966e-16
441.72,2.9637805798616904e-14,1.5497741299018234e-30,-9.250090197028312e-16
441.74,2.963780893007672e-14,1.5497712332741628e-30,-9.250125791046247e-16
441.76,2.963780790312383e-14,1.549772183217523e-30,-9.250056339843696e-16
441.78,2.963781366116601e-14,1.5497668569529608e-30,-9.250162462003364e-16
441.8,2.9637819463794823e-14,1.5497614894356353e-30,-9.25012660883626e-16
441.82,2.963782294913145e-14,1.5497582654605465e-30,-9.250141790253123e-16
441.84,2.963782238129461e-14,1.5497587907142611e-30,-9.250105125650912e-16
441.86,2.963782328616589e-14,1.5497579536851672e-30,-9.250107601162381e-16
441.88,2.963782467628691e-14,1.549756667821211e-30,-9.250094842316374e-16
441.9,2.963783057241815e-14,1.549751213834074e-30,-9.250120262790276e-16
441.92,2.9637833248907545e-14,1.5497487380463048e-30,-9.250012661735556e-16
441.94,2.9637834254734116e-14,1.5497478076516084e-30,-9.250197731209083e-16
441.96,2.963783716467068e-14,1.5497451158849454e-30,-9.250303443696559e-16
441.98,2.963784308026574e-14,1.5497396437839438e-30,-9.250238668214115e-16
442.0,2.96378435801422e-14,1.549739181385213e-30,-9.250060570417167e-16
442.02,2.963784459292412e-14,1.5497382445571133e-30,-9.25001144810729e-16
442.04,2.963784766868661e-14,1.549735399483894e-30,-9.2498491088539e-16
442.06,2.963785162141185e-14,1.549731743294161e-30,-9.249795682561523e-16
442.08,2.963785301887516e-14,1.5497304506678635e-30,-9.24979731101987e-16
442.1,2.963785618419368e-14,1.5497275228276763e-30,-9.249768733131457e-16
442.12,2.963785944387547e-14,1.5497245077092562e-30,-9.249744553954801e-16
442.14,2.963785732654738e-14,1.5497264661924383e-30,-9.249675387630592e-16
442.16,2.963786183667545e-14,1.5497222944572992e-30,-9.249732677369094e-16
442.18,2.96378649424552e-14,1.5497194216991501e-30,-9.249762010487695e-16
442.2,2.963786865704276e-14,1.5497159858092522e-30,-9.249735682972215e-16
442.22,2.9637871542195156e-14,1.5497133171279979e-30,-9.249773566280748e-16
442.24,2.9637871134492945e-14,1.5497136942385753e-30,-9.249712281633554e-16
442.26,2.9637876823620304e-14,1.549708431986532e-30,-9.249702328216266e-16
442.28,2.9637877039113716e-14,1.5497082326511747e-30,-9.24957817327801e-16
442.3,2.963788053797088e-14,1.5497049963875816e-30,-9.249496019685703e-16
442.32,2.96378826938149e-14,1.5497030023571065e-30,-9.249393630890418e-16
442.34,2.963788466380776e-14,1.549701180232346e-30,-9.249397175183616e-16
442.36,2.963788902982001e-14,1.5496971418925444e-30,-9.249549412130425e-16
442.38,2.9637897624173627e-14,1.5496891925078857e-30,-9.249531019998401e-16
442.4,2.963789812598587e-14,1.549688728358198e-30,-9.249577232121828e-16
442.42,2.9637897738391194e-14,1.5496890868691557e-30,-9.249590767441258e-16
442.44,2.9637898655822063e-14,1.5496882382745987e-30,-9.249663636023487e-16
442.46,2.963789873426916e-14,1.5496881657041964e-30,-9.249730153612312e-16
442.48,2.96379041622234e-14,1.5496831449825483e-30,-9.249759848775785e-16
442.5,2.963790770670574e-14,1.5496798664489634e-30,-9.24968272360992e-16
442.52,2.963791009528038e-14,1.5496776571011756e-30,-9.249675243825035e-16
442.54,2.9637911355004615e-14,1.5496764918868347e-30,-9.249671931990055e-16
442.56,2.9637911416743047e-14,1.5496764347972931e-30,-9.24966289755754e-16
442.58,2.963791775888716e-14,1.549670568563022e-30,-9.249581282451626e-16
442.6,2.9637919190201763e-14,1.5496692446454189e-30,-9.249708148791745e-16
442.62,2.9637923488340584e-14,1.549665268993756e-30,-9.249691159764803e-16
442.64,2.963792690675152e-14,1.5496621070636818e-30,-9.249786931662184e-16
442.66,2.963793410644889e-14,1.5496554474883678e-30,-9.249937475920173e-16
442.68,2.963793176298395e-14,1.5496576151545708e-30,-9.24980299005761e-16
442.7,2.963793806334887e-14,1.5496517874160934e-30,-9.249886203914473e-16
442.72,2.9637940758630587e-14,1.5496492943085772e-30,-9.249723882859631e-16
442.74,2.963794133060075e-14,1.549648765254156e-30,-9.249689443207418e-16
442.76,2.963794409332975e-14,1.5496462098118879e-30,-9.249650751392819e-16
442.78,2.9637944171562295e-14,1.5496461374558282e-30,-9.24951362659773e-16
442.8,2.963794238605472e-14,1.5496477889501632e-30,-9.249430085990736e-16
442.82,2.963794492210069e-14,1.5496454432449483e-30,-9.249299851105532e-16
442.84,2.963794741947368e-14,1.5496431333329635e-30,-9.249401555258377e-16
442.86,2.963794594938409e-14,1.5496444930864463e-30,-9.24951072343088e-16
442.88,2.963795115832597e-14,1.5496396750844462e-30,-9.249479830462587e-16
442.9,2.963794845484199e-14,1.5496421756746167e-30,-9.24947939657915e-16
442.92,2.963795189328424e-14,1.5496389952413642e-30,-9.249670102146406e-16
442.94,2.963795289623789e-14,1.5496380675405683e-30,-9.249669478062767e-16
442.96,2.9637953393784946e-14,1.5496376073233992e-30,-9.249689026631273e-16
442.98,2.963795756705995e-14,1.5496337471835132e-30,-9.24964684824222e-16
443.0,2.9637963592411285e-14,1.5496281739226716e-30,-9.24966703983886e-16
443.02,2.9637965722539925e-14,1.5496262036247383e-30,-9.249696470125086e-16
443.04,2.9637967493963084e-14,1.5496245651052358e-30,-9.249700547960255e-16
443.06,2.963797033866995e-14,1.5496219338546188e-30,-9.249620297323225e-16
443.08,2.9637973787089255e-14,1.5496187442022074e-30,-9.249686795910442e-16
443.1,2.963797612170711e-14,1.5496165847581263e-30,-9.249762077404872e-16
443.12,2.9637977629643094e-14,1.5496151899394368e-30,-9.249922706823233e-16
443.14,2.963798153171962e-14,1.5496115805362069e-30,-9.249906175928209e-16
443.16,2.9637979102949357e-14,1.5496138271300582e-30,-9.249975042985097e-16
443.18,2.963797734287071e-14,1.5496154551931986e-30,-9.249963352807853e-16
443.2,2.963797567284672e-14,1.5496169999634848e-30,-9.249869710438435e-16
443.22,2.9637979363717515e-14,1.549613585951343e-30,-9.249803750309054e-16
443.24,2.963797683583143e-14,1.549615924193942e-30,-9.249833235219165e-16
443.26,2.963797623980992e-14,1.5496164754920666e-30,-9.249919357973322e-16
443.28,2.963798461133773e-14,1.5496087318750195e-30,-9.249960869233278e-16
443.3,2.9637990898755284e-14,1.5496029160754393e-30,-9.249885996013968e-16
443.32,2.963799720606474e-14,1.5495970818718873e-30,-9.249874171433443e-16
443.34,2.963799838258334e-14,1.5495959936030679e-30,-9.249896949728026e-16
443.36,2.963800109473887e-14,1.5495934849001707e-30,-9.24987773706517e-16
443.38,2.963800617983268e-14,1.549588781193109e-30,-9.250040698827318e-16
443.4,2.9638009050904436e-14,1.549586125440828e-30,-9.250038642476933e-16
443.42,2.963801065167517e-14,1.5495846447193646e-30,-9.250070557940541e-16
443.44,2.963800993708488e-14,1.5495853057248797e-30,-9.249887248670338e-16
443.46,2.9638013585261477e-14,1.5495819311797553e-30,-9.250008838162563e-16
443.48,2.9638015016944124e-14,1.5495806068838234e-30,-9.249910591213934e-16
443.5,2.963801411394508e-14,1.549581442172898e-30,-9.249991167903112e-16
443.52,2.963801854552665e-14,1.5495773429319287e-30,-9.250089384489273e-16
443.54,2.9638022824713235e-14,1.5495733846699252e-30,-9.249998380945095e-16
443.56,2.9638030559984704e-14,1.5495662294924448e-30,-9.2501237719383e-16
443.58,2.963803187319316e-14,1.5495650147551027e-30,-9.250108194432956e-16
443.6,2.963803289220557e-14,1.5495640722017755e-30,-9.249840867307533e-16
443.62,2.9638034197182335e-14,1.549562865093553e-30,-9.249668041874751e-16
443.64,2.963803828955955e-14,1.5495590798083103e-30,-9.249595736604369e-16
443.66,2.963804186406851e-14,1.5495557735067546e-30,-9.249663258775371e-16
443.68,2.963804414538328e-14,1.5495536633856068e-30,-9.249597847403196e-16
443.7,2.963804779431632e-14,1.5495502882737534e-30,-9.249595592795342e-16
443.72,2.963804919945701e-14,1.5495489885805113e-30,-9.249612449551924e-16
443.74,2.9638050044114753e-14,1.5495482073088494e-30,-9.24965852976487e-16
443.76,2.963805534538697e-14,1.549543303781779e-30,-9.24977128155371e-16
443.78,2.9638060293144205e-14,1.5495387272037248e-30,-9.249892816893632e-16
443.8,2.96380622683964e-14,1.5495369001042693e-30,-9.249924324025323e-16
443.82,2.963806120560232e-14,1.5495378831745644e-30,-9.2498301892169e-16
443.84,2.9638062911297106e-14,1.5495363054356216e-30,-9.249894165609121e-16
443.86,2.963806929438007e-14,1.5495304011305707e-30,-9.249987909200122e-16
443.88,2.963807127280327e-14,1.549528571089411e-30,-9.249954901697272e-16
443.9,2.963808038053016e-14,1.5495201464664134e-30,-9.249963128681583e-16
443.92,2.9638083367001164e-14,1.5495173839840915e-30,-9.249994585428887e-16
443.94,2.963808788860479e-14,1.5495132014819246e-30,-9.250113671219697e-16
443.96,2.9638090516934925e-14,1.5495107702253645e-30,-9.250234548355694e-16
443.98,2.963809018889882e-14,1.5495110736633423e-30,-9.25022893990854e-16
444.0,2.96380972461344e-14,1.5495045455193188e-30,-9.250297594525818e-16
444.02,2.9638102917880534e-14,1.5494992989430768e-30,-9.25051140032621e-16
444.04,2.9638105112311863e-14,1.5494972689737174e-30,-9.250544650743946e-16
444.06,2.963810140511593e-14,1.5495006983383501e-30,-9.25060159971205e-16
444.08,2.9638109297850547e-14,1.5494933970789004e-30,-9.250625997165572e-16
444.1,2.963811572957342e-14,1.5494874473350527e-30,-9.250591287715829e-16
444.12,2.963812308356538e-14,1.5494806444649354e-30,-9.250492850315194e-16
444.14,2.9638129927932176e-14,1.5494743130854895e-30,-9.250456821841108e-16
444.16,2.963813480949739e-14,1.549469797427711e-30,-9.250384114887801e-16
444.18,2.963814170275901e-14,1.5494634209199098e-30,-9.25040543855222e-16
444.2,2.963814293235833e-14,1.5494622834885485e-30,-9.250344166436871e-16
444.22,2.9638149079897775e-14,1.5494565968249065e-30,-9.250268541317313e-16
444.24,2.9638148228126097e-14,1.549457384747329e-30,-9.250325258359838e-16
444.26,2.963815514138399e-14,1.5494509898032564e-30,-9.250176659439942e-16
444.28,2.963815331808957e-14,1.549452676387838e-30,-9.25013398910145e-16
444.3,2.963815604295869e-14,1.5494501558400636e-30,-9.250238610423427e-16
444.32,2.963815710468347e-14,1.5494491737233092e-30,-9.25028399607243e-16
444.34,2.963815674883841e-14,1.5494495028644442e-30,-9.250180397886955e-16
444.36,2.9638158053249365e-14,1.5494482962526465e-30,-9.250181627414397e-16
444.38,2.9638160847643214e-14,1.5494457113737773e-30,-9.250204562821515e-16
444.4,2.9638159422829373e-14,1.5494470293652344e-30,-9.25025044739743e-16
444.42,2.963816212945017e-14,1.5494445256792006e-30,-9.250252222316165e-16
444.44,2.9638160880306245e-14,1.5494456811687848e-30,-9.25027427606299e-16
444.46,2.9638163703877895e-14,1.5494430692693169e-30,-9.250425701021544e-16
444.48,2.963816812343548e-14,1.54943898094374e-30,-9.250562536299e-16
444.5,2.9638173584632473e-14,1.5494339290075493e-30,-9.250676677249491e-16
444.52,2.96381781845908e-14,1.5494296737742488e-30,-9.250579703036267e-16
444.54,2.963817863541274e-14,1.5494292567394046e-30,-9.250652624359212e-16
444.56,2.963818214492637e-14,1.5494260102133023e-30,-9.250618146946909e-16
444.58,2.963818250023178e-14,1.5494256815524436e-30,-9.250478094516398e-16
444.6,2.9638189520789175e-14,1.5494191872352551e-30,-9.250406055682524e-16
444.62,2.963819288520272e-14,1.5494160750259e-30,-9.250340189125616e-16
444.64,2.9638192961613736e-14,1.5494160043350921e-30,-9.250226028964942e-16
444.66,2.9638193912044676e-14,1.5494151251639828e-30,-9.250328585424093e-16
444.68,2.9638197348700984e-14,1.5494119461534877e-30,-9.25018983669951e-16
444.7,2.963820056845703e-14,1.549408967824982e-30,-9.250265136770035e-16
444.72,2.963819918066638e-14,1.549410251559379e-30,-9.250175712688053e-16
444.74,2.963819849829885e-14,1.5494108827580753e-30,-9.25014695404226e-16
444.76,2.963819954291291e-14,1.5494099164676878e-30,-9.250196936787655e-16
444.78,2.9638196932808403e-14,1.5494123308593009e-30,-9.250268054113347e-16
444.8,2.9638198516219946e-14,1.5494108661502453e-30,-9.250183668456778e-16
444.82,2.9638201607732234e-14,1.5494080064429133e-30,-9.250150872216085e-16
444.84,2.963820643243443e-14,1.5494035434800328e-30,-9.250214210621783e-16
444.86,2.9638210441578215e-14,1.5493998349288204e-30,-9.250244708532795e-16
444.88,2.963821351034594e-14,1.5493969962332867e-30,-9.250296029281578e-16
444.9,2.9638216962054313e-14,1.5493938033031096e-30,-9.250294511640203e-16
444.92,2.963822148515349e-14,1.5493896193282703e-30,-9.250232379876146e-16
444.94,2.963822275553371e-14,1.5493884441869755e-30,-9.25030975511139e-16
444.96,2.963822925330427e-14,1.549382433584108e-30,-9.250294008924234e-16
444.98,2.96382325201377e-14,1.5493794116614655e-30,-9.250252616500336e-16
445.0,2.9638235015846786e-14,1.5493771030671789e-30,-9.250299216142058e-16
445.02,2.963823268593988e-14,1.5493792582869692e-30,-9.250274572838458e-16
445.04,2.963823709503379e-14,1.5493751797496855e-30,-9.250204059367961e-16
445.06,2.9638237187186036e-14,1.5493750945081804e-30,-9.250223360214579e-16
445.08,2.963824169614669e-14,1.5493709236143361e-30,-9.250184448521096e-16
445.1,2.9638241702616006e-14,1.54937091762915e-30,-9.25021289282964e-16
445.12,2.9638243395278176e-14,1.5493693518701067e-30,-9.250337372661048e-16
445.14,2.9638248903040986e-14,1.5493642569855573e-30,-9.250393112005302e-16
445.16,2.9638250902488026e-14,1.5493624074182924e-30,-9.250383814618469e-16
445.18,2.963825648275738e-14,1.5493572454936968e-30,-9.250264251977807e-16
445.2,2.963825797120936e-14,1.5493558686378047e-30,-9.250259643044084e-16
445.22,2.9638259698058047e-14,1.5493542712725398e-30,-9.250209798380271e-16
445.24,2.9638261124470315e-14,1.5493529518078353e-30,-9.250259350002295e-16
445.26,2.963827042301979e-14,1.5493443503246953e-30,-9.250395244012181e-16
445.28,2.963827264122673e-14,1.5493422983935198e-30,-9.250433993711658e-16
445.3,2.963827861860986e-14,1.5493367691021827e-30,-9.250331712767542e-16
445.32,2.963827857865803e-14,1.5493368060605735e-30,-9.250465886670011e-16
445.34,2.963828262855558e-14,1.5493330597504738e-30,-9.250341165346193e-16
445.36,2.963828642735478e-14,1.549329545786412e-30,-9.25023878012492e-16
445.38,2.963828909625038e-14,1.5493270770003202e-30,-9.25021956399439e-16
445.4,2.9638294484444396e-14,1.5493220928365378e-30,-9.250149600829948e-16
445.42,2.963829783451187e-14,1.5493189939700748e-30,-9.250243415369837e-16
445.44,2.963830338897167e-14,1.5493138559922445e-30,-9.25018947359425e-16
445.46,2.9638305333010484e-14,1.5493120577233761e-30,-9.250195325319006e-16
445.48,2.963830194428402e-14,1.5493151923725811e-30,-9.250217721817533e-16
445.5,2.9638305823683e-14,1.5493116038074355e-30,-9.250365373082768e-16
445.52,2.963830806141816e-14,1.5493095338128696e-30,-9.250467859021225e-16
445.54,2.96383118286043e-14,1.549306049021574e-30,-9.250389870657095e-16
445.56,2.963831617481073e-14,1.5493020286253922e-30,-9.250345180609861e-16
445.58,2.9638318608645985e-14,1.5492997772346471e-30,-9.25036015339179e-16
445.6,2.9638323123540596e-14,1.5492956008121803e-30,-9.250332657879231e-16
445.62,2.9638326412650854e-14,1.5492925582678139e-30,-9.250340342867349e-16
445.64,2.96383307666157e-14,1.5492885307301576e-30,-9.250280489796647e-16
445.66,2.963833599956662e-14,1.5492836901184123e-30,-9.250208046682288e-16
445.68,2.9638341149120336e-14,1.5492789266618562e-30,-9.250184503304488e-16
445.7,2.963834642213362e-14,1.5492740490048997e-30,-9.250222353575526e-16
445.72,2.9638350059090144e-14,1.5492706847478078e-30,-9.250150192984284e-16
445.74,2.963834941641834e-14,1.5492712792330134e-30,-9.250180101651541e-16
445.76,2.963835265446532e-14,1.5492682839638188e-30,-9.25028444575754e-16
445.78,2.963835676975823e-14,1.5492644771937588e-30,-9.250450056266116e-16
445.8,2.9638359186777965e-14,1.5492622413349595e-30,-9.250404576013127e-16
445.82,2.963836447960275e-14,1.5492573452580528e-30,-9.250382312202109e-16
445.84,2.963836883254083e-14,1.5492533186384722e-30,-9.250379675029848e-16
445.86,2.9638368961582825e-14,1.5492531992783569e-30,-9.250344727577141e-16
445.88,2.963837113952003e-14,1.5492511846061598e-30,-9.250482970261812e-16
445.9,2.9638376583696185e-14,1.5492461484142054e-30,-9.250708893896564e-16
445.92,2.9638379830429e-14,1.5492431449603027e-30,-9.250718966680499e-16
445.94,2.963838047435427e-14,1.549242549274217e-30,-9.250842204947235e-16
445.96,2.96383780645902e-14,1.5492447785250101e-30,-9.250928845969123e-16
445.98,2.9638382155369186e-14,1.5492409941592544e-30,-9.250976334619378e-16
446.0,2.963838420659345e-14,1.54923909656702e-30,-9.251057154219338e-16
446.02,2.963838716048582e-14,1.549236363913915e-30,-9.251042080277357e-16
446.04,2.963838740377879e-14,1.5492361388463965e-30,-9.251048473048677e-16
446.06,2.9638390487141886e-14,1.5492332864138017e-30,-9.251019522640423e-16
446.08,2.9638392379662225e-14,1.5492315356157936e-30,-9.251105811688036e-16
446.1,2.9638393235827664e-14,1.5492307435793345e-30,-9.251071330092246e-16
446.12,2.9638392895913394e-14,1.5492310580353216e-30,-9.251046524142724e-16
446.14,2.963839880565752e-14,1.5492255909188352e-30,-9.251057449260732e-16
446.16,2.963839947655117e-14,1.5492249702780448e-30,-9.251138632027956e-16
446.18,2.9638401549599914e-14,1.5492230524725005e-30,-9.251124331420047e-16
446.2,2.9638408222942767e-14,1.549216878893351e-30,-9.251084912382348e-16
446.22,2.963841277105565e-14,1.5492126713885567e-30,-9.251129474275499e-16
446.24,2.96384179897186e-14,1.5492078435024656e-30,-9.251164571352873e-16
446.26,2.963842249542754e-14,1.5492036752007963e-30,-9.251149354788154e-16
446.28,2.963842571356026e-14,1.5492006980795468e-30,-9.251389091945968e-16
446.3,2.963842286170693e-14,1.549203336436886e-30,-9.251330031249285e-16
446.32,2.9638423539679726e-14,1.5492027092323552e-30,-9.251286603443397e-16
446.34,2.9638425034804505e-14,1.549201326045941e-30,-9.251297201202746e-16
446.36,2.96384293333539e-14,1.5491973493634909e-30,-9.251183129599598e-16
446.38,2.9638434457882415e-14,1.5491926086374459e-30,-9.251027697199878e-16
446.4,2.9638439913157096e-14,1.5491875619378216e-30,-9.251091497374773e-16
446.42,2.963844547003824e-14,1.549182421197545e-30,-9.251160901622113e-16
446.44,2.963844708982165e-14,1.5491809226821156e-30,-9.251296073444672e-16
446.46,2.9638453621553297e-14,1.549174879892796e-30,-9.251479945598685e-16
446.48,2.963845853147664e-14,1.5491703374870395e-30,-9.251499312805229e-16
446.5,2.9638462005893876e-14,1.5491671231097898e-30,-9.251597556878144e-16
446.52,2.9638461535235775e-14,1.5491675585349001e-30,-9.251558646789993e-16
446.54,2.963846437395122e-14,1.5491649322650863e-30,-9.251697626509774e-16
446.56,2.963846726320853e-14,1.5491622592074346e-30,-9.25169001898685e-16
446.58,2.963846565154783e-14,1.5491637502597235e-30,-9.25159657721482e-16
446.6,2.9638466543567307e-14,1.5491629249958178e-30,-9.25157809392771e-16
446.62,2.963847480323645e-14,1.5491552835326396e-30,-9.25154673846431e-16
446.64,2.963847560356512e-14,1.5491545431068126e-30,-9.25154071623421e-16
446.66,2.963847630663187e-14,1.549153892664137e-30,-9.251454008498356e-16
446.68,2.9638477612790575e-14,1.5491526842788649e-30,-9.251501314116157e-16
446.7,2.96384790688966e-14,1.5491513371717274e-30,-9.251491541094476e-16
446.72,2.963848276156606e-14,1.5491479209250511e-30,-9.251425601998337e-16
446.74,2.9638479174073e-14,1.5491512398642655e-30,-9.251390383352448e-16
446.76,2.963848253955095e-14,1.5491481263203257e-30,-9.251445560482792e-16
446.78,2.963848862166244e-14,1.5491424994886114e-30,-9.251374569431012e-16
446.8,2.963849466561409e-14,1.5491369079916102e-30,-9.251487122274812e-16
446.82,2.963849974960619e-14,1.5491322045545507e-30,-9.251497632925458e-16
446.84,2.963850308824906e-14,1.5491291158214444e-30,-9.251586204594796e-16
446.86,2.963850199364908e-14,1.5491301285011787e-30,-9.2515570253899e-16
446.88,2.963850499168344e-14,1.5491273548722111e-30,-9.251452411177454e-16
446.9,2.9638506538253495e-14,1.5491259240670413e-30,-9.251517564008672e-16
446.92,2.9638508650219444e-14,1.549123970187969e-30,-9.251589365798206e-16
446.94,2.9638510641123884e-14,1.5491221282908977e-30,-9.25154523449421e-16
446.96,2.96385148146498e-14,1.5491182671464516e-30,-9.25150446666955e-16
446.98,2.963851492918078e-14,1.5491181611741177e-30,-9.251398988731247e-16
447.0,2.963851653256083e-14,1.5491166778104284e-30,-9.251442430788538e-16
447.02,2.963851749520877e-14,1.5491157872226812e-30,-9.25135561117217e-16
447.04,2.9638517341193306e-14,1.5491159296946341e-30,-9.251280877777193e-16
447.06,2.96385177926336e-14,1.5491155120531012e-30,-9.25129503719257e-16
447.08,2.963851595023506e-14,1.5491172165067937e-30,-9.25121049836635e-16
447.1,2.9638520704061124e-14,1.5491128186141817e-30,-9.251278504705466e-16
447.12,2.9638525401017246e-14,1.5491084733239606e-30,-9.251336567924295e-16
447.14,2.963852702593223e-14,1.549106970095905e-30,-9.25120161823771e-16
447.16,2.9638525535671966e-14,1.54910834874056e-30,-9.251064810495601e-16
447.18,2.9638533382889676e-14,1.549101089260198e-30,-9.25101738200167e-16
447.2,2.963853553771732e-14,1.5490990958245611e-30,-9.251065265708418e-16
447.22,2.963853455623721e-14,1.5491000038025028e-30,-9.251014065319613e-16
447.24,2.9638536933142756e-14,1.5490978049442587e-30,-9.250924426083865e-16
447.26,2.9638542007461076e-14,1.5490931107278159e-30,-9.250848180453734e-16
447.28,2.9638542815005255e-14,1.5490923636829445e-30,-9.25082219328046e-16
447.3,2.963854355301972e-14,1.549091680950566e-30,-9.250859374743705e-16
447.32,2.963854588153779e-14,1.5490895268789271e-30,-9.250833575338889e-16
447.34,2.963854550480274e-14,1.5490898753897547e-30,-9.2508548353375e-16
447.36,2.9638546694674735e-14,1.5490887746597719e-30,-9.250840257254393e-16
447.38,2.963855101821148e-14,1.5490847750194824e-30,-9.250957064435783e-16
447.4,2.963855501328818e-14,1.5490810791906438e-30,-9.250929741126037e-16
447.42,2.963855838640232e-14,1.549077958776529e-30,-9.25087171678606e-16
447.44,2.963856188937601e-14,1.5490747182240959e-30,-9.250864487360855e-16
447.46,2.963856376060957e-14,1.5490729871563035e-30,-9.251012488236938e-16
447.48,2.963856696932917e-14,1.5490700187521478e-30,-9.251039619854904e-16
447.5,2.9638567638144005e-14,1.5490694000210327e-30,-9.251223274409525e-16
447.52,2.96385724116042e-14,1.5490649839898918e-30,-9.25119374783178e-16
447.54,2.9638574521917366e-14,1.5490630316960771e-30,-9.251242869162681e-16
447.56,2.963857620482486e-14,1.549061474785611e-30,-9.251311635014237e-16
447.58,2.963857689026907e-14,1.5490608406620895e-30,-9.251193925707766e-16
447.6,2.963857927689145e-14,1.5490586327559598e-30,-9.25124033939967e-16
447.62,2.9638583475402553e-14,1.5490547485869175e-30,-9.25130683649515e-16
447.64,2.963858685901542e-14,1.5490516183107014e-30,-9.251322154634705e-16
447.66,2.9638590769034094e-14,1.5490480010533247e-30,-9.25118734113044e-16
447.68,2.963858725930231e-14,1.5490512479807976e-30,-9.251229008618777e-16
447.7,2.963858879160925e-14,1.5490498304075728e-30,-9.251128037675224e-16
447.72,2.9638594471359816e-14,1.5490445759886019e-30,-9.251162568004159e-16
447.74,2.963859782303638e-14,1.549041475297402e-30,-9.25114952806303e-16
447.76,2.9638602564301033e-14,1.549037089089246e-30,-9.251079791843771e-16
447.78,2.963860521184635e-14,1.5490346398346004e-30,-9.251004372705577e-16
447.8,2.963860934844301e-14,1.5490308130852645e-30,-9.250895071510457e-16
447.82,2.9638610149410796e-14,1.5490300721145553e-30,-9.250923300884855e-16
447.84,2.9638610393526656e-14,1.5490298462794339e-30,-9.250830406271798e-16
447.86,2.963861420333915e-14,1.5490263218870984e-30,-9.250762072045329e-16
447.88,2.963861574872676e-14,1.5490248922876863e-30,-9.2506676933036e-16
447.9,2.9638617367346494e-14,1.549023394977507e-30,-9.250649252030118e-16
447.92,2.963862148938105e-14,1.549019581875832e-30,-9.250553787689567e-16
447.94,2.9638624159705467e-14,1.5490171116700508e-30,-9.25060761211736e-16
447.96,2.9638623397439006e-14,1.5490178168084008e-30,-9.250624210821922e-16
447.98,2.963863182334194e-14,1.5490100223420933e-30,-9.250621391258235e-16
448.0,2.9638629623779424e-14,1.5490120570923553e-30,-9.250684820330556e-16
448.02,2.963863354490349e-14,1.5490084297623064e-30,-9.250772307276865e-16
448.04,2.963863881592133e-14,1.5490035536744234e-30,-9.250743815043915e-16
448.06,2.963864010299235e-14,1.549002363047585e-30,-9.250572501941897e-16
448.08,2.963864334810392e-14,1.5489993611392348e-30,-9.250519171712584e-16
448.1,2.963864542770383e-14,1.5489974373882585e-30,-9.250659712369897e-16
448.12,2.9638649060030975e-14,1.5489940772371938e-30,-9.250659204124644e-16
448.14,2.9638650513821954e-14,1.5489927323932893e-30,-9.25057889945853e-16
448.16,2.963865011236668e-14,1.5489931037566493e-30,-9.25059003028685e-16
448.18,2.963865097167146e-14,1.5489923088521938e-30,-9.250456261169264e-16
448.2,2.963865057020115e-14,1.5489926802455732e-30,-9.250599082165181e-16
448.22,2.963865353335717e-14,1.548989939119062e-30,-9.250733080946998e-16
448.24,2.963865495432923e-14,1.5489886246307308e-30,-9.25056608039309e-16
448.26,2.963866022798016e-14,1.5489837462165995e-30,-9.250470792364687e-16
448.28,2.963866136386545e-14,1.5489826954725183e-30,-9.250464287042165e-16
448.3,2.963866597907853e-14,1.5489784262363294e-30,-9.250328246047928e-16
448.32,2.963867350857934e-14,1.5489714611432355e-30,-9.25045583453956e-16
448.34,2.963867755381016e-14,1.548967719139623e-30,-9.250314429274444e-16
448.36,2.9638675460946496e-14,1.5489696550954693e-30,-9.250242912317497e-16
448.38,2.9638680193977493e-14,1.548965276943918e-30,-9.250238854436407e-16
448.4,2.963868768851735e-14,1.5489583443324048e-30,-9.250154986173353e-16
448.42,2.9638690452984205e-14,1.5489557871610267e-30,-9.250125830584902e-16
448.44,2.963869492670017e-14,1.5489516489428935e-30,-9.25001351609716e-16
448.46,2.963869920067169e-14,1.5489476955058368e-30,-9.250034486928078e-16
448.48,2.9638704695936934e-14,1.5489426122943148e-30,-9.250186377934926e-16
448.5,2.963870631190526e-14,1.5489411174961183e-30,-9.2501434833998e-16
448.52,2.9638709353357506e-14,1.5489383041063961e-30,-9.250193299580369e-16
448.54,2.963870982313441e-14,1.5489378695554571e-30,-9.250371586975933e-16
448.56,2.963871042123725e-14,1.5489373162839332e-30,-9.250382591885959e-16
448.58,2.963871030110896e-14,1.548937427392909e-30,-9.250359086739513e-16
448.6,2.963871057859641e-14,1.5489371707020289e-30,-9.250460066520517e-16
448.62,2.9638711690613756e-14,1.548936142030759e-30,-9.250526945699357e-16
448.64,2.96387155939725e-14,1.5489325311776772e-30,-9.250613240313173e-16
448.66,2.9638716754283205e-14,1.5489314578134195e-30,-9.2507796928645e-16
448.68,2.96387255985101e-14,1.5489232762535005e-30,-9.250752355908565e-16
448.7,2.963872862394274e-14,1.5489204774964031e-30,-9.250737143970357e-16
448.72,2.963873302341182e-14,1.5489164076916328e-30,-9.250686863181796e-16
448.74,2.9638736852915124e-14,1.5489128651361455e-30,-9.250789921283907e-16
448.76,2.963873598738095e-14,1.5489136658245798e-30,-9.250776774706454e-16
448.78,2.963873645992878e-14,1.5489132286793527e-30,-9.250787629744583e-16
448.8,2.963873848134332e-14,1.548911358708628e-30,-9.250754380883586e-16
448.82,2.963873932819456e-14,1.548910575300328e-30,-9.250795420327097e-16
448.84,2.963874254754327e-14,1.5489075971535172e-30,-9.250722225155822e-16
448.86,2.9638745398801006e-14,1.5489049595490178e-30,-9.250696562953955e-16
448.88,2.963874427545571e-14,1.5489059987132575e-30,-9.250681234753585e-16
448.9,2.96387454981381e-14,1.5489048676608894e-30,-9.250690296386812e-16
448.92,2.9638741185218905e-14,1.5489088574145883e-30,-9.25075318209679e-16
448.94,2.963874464928405e-14,1.5489056528792323e-30,-9.25084599493984e-16
448.96,2.963874483573036e-14,1.5489054803967783e-30,-9.250760816189496e-16
448.98,2.9638744003400406e-14,1.5489062503672331e-30,-9.250838113796252e-16
449.0,2.963874622286611e-14,1.548904197181621e-30,-9.250890785222738e-16
449.02,2.9638750147726534e-14,1.5489005663482084e-30,-9.250856837759145e-16
449.04,2.963875329633268e-14,1.5488976536249381e-30,-9.250840231618465e-16
449.06,2.963875658421375e-14,1.5488946120671457e-30,-9.250801369764267e-16
449.08,2.963875803253098e-14,1.5488932722589503e-30,-9.250780185446132e-16
449.1,2.9638759586928533e-14,1.5488918343292548e-30,-9.250724268785036e-16
449.12,2.963876187263988e-14,1.5488897198823782e-30,-9.250707376702474e-16
449.14,2.9638764655396793e-14,1.5488871456121001e-30,-9.250860704592008e-16
449.16,2.963876105172696e-14,1.5488904793205376e-30,-9.25086670441467e-16
449.18,2.9638761924714784e-14,1.5488896717311965e-30,-9.2508421947957e-16
449.2,2.963876594493947e-14,1.5488859526986115e-30,-9.250732215608552e-16
449.22,2.963876651457018e-14,1.5488854257424201e-30,-9.25064538357157e-16
449.24,2.963876955782569e-14,1.5488826105401577e-30,-9.250593345954905e-16
449.26,2.963877607509886e-14,1.5488765816887986e-30,-9.250551853171175e-16
449.28,2.963877650291956e-14,1.5488761859315244e-30,-9.250466857701619e-16
449.3,2.9638773535082245e-14,1.5488789313311476e-30,-9.250409313839306e-16
449.32,2.9638776804033256e-14,1.5488759074260826e-30,-9.250397570653291e-16
449.34,2.963877841177491e-14,1.5488744201719477e-30,-9.250555471577224e-16
449.36,2.9638781942265244e-14,1.5488711542921471e-30,-9.250435377431903e-16
449.38,2.9638782992354384e-14,1.5488701829050893e-30,-9.250450919856446e-16
449.4,2.963878430832572e-14,1.5488689655782799e-30,-9.250546821003006e-16
449.42,2.9638786295336994e-14,1.5488671274863725e-30,-9.250557513183168e-16
449.44,2.963878564672047e-14,1.5488677275024446e-30,-9.250380412745745e-16
449.46,2.9638787623866947e-14,1.5488658985606868e-30,-9.250321449702627e-16
449.48,2.963879317927168e-14,1.5488607595918727e-30,-9.250506772784364e-16
449.5,2.9638797307535066e-14,1.5488569407101113e-30,-9.250520756841167e-16
449.52,2.963879694369581e-14,1.5488572772733308e-30,-9.250620743600907e-16
449.54,2.963879776080483e-14,1.5488565214066212e-30,-9.250510802913643e-16
449.56,2.963879994897704e-14,1.548854497235055e-30,-9.25049726897109e-16
449.58,2.9638802573620953e-14,1.548852069317847e-30,-9.250456266093176e-16
449.6,2.963880395936263e-14,1.5488507874266673e-30,-9.250571144868584e-16
449.62,2.9638810370266697e-14,1.5488448569858428e-30,-9.250561707691023e-16
449.64,2.963881725635381e-14,1.5488384869779102e-30,-9.250630959128118e-16
449.66,2.963881521449664e-14,1.5488403757904279e-30,-9.2504961681736e-16
449.68,2.963881697547225e-14,1.5488387468129623e-30,-9.250352447111686e-16
449.7,2.963881998920371e-14,1.5488359590118486e-30,-9.250317369572819e-16
449.72,2.9638824334598424e-14,1.5488319394131445e-30,-9.250261210306545e-16
449.74,2.963882139152294e-14,1.5488346618339731e-30,-9.25014317391941e-16
449.76,2.9638821249115816e-14,1.5488347935645534e-30,-9.249992978802581e-16
449.78,2.9638820312689334e-14,1.5488356597614928e-30,-9.250076623577239e-16
449.8,2.9638821253436464e-14,1.5488347895563008e-30,-9.250078065691966e-16
449.82,2.9638826181942106e-14,1.5488302306592234e-30,-9.250064474418947e-16
449.84,2.9638827797370547e-14,1.548828736379294e-30,-9.249886332454782e-16
449.86,2.9638827974372954e-14,1.5488285726468887e-30,-9.24986119124758e-16
449.88,2.963882982187354e-14,1.5488268637331532e-30,-9.24989245285657e-16
449.9,2.96388285132071e-14,1.5488280742490491e-30,-9.249997164288392e-16
449.92,2.963882751129543e-14,1.54882900100636e-30,-9.24991116976531e-16
449.94,2.963883017151863e-14,1.5488265403312618e-30,-9.249831999764538e-16
449.96,2.963883379526624e-14,1.5488231884216338e-30,-9.249850196173545e-16
449.98,2.9638840108614794e-14,1.5488173486685352e-30,-9.249901365544023e-16
450.0,2.9638843111082654e-14,1.5488145714242015e-30,-9.249747500160798e-16
450.02,2.9638845694607135e-14,1.548812181716368e-30,-9.249789766460668e-16
450.04,2.963884163764659e-14,1.5488159342985673e-30,-9.249679439634037e-16
450.06,2.963884460050316e-14,1.5488131937470625e-30,-9.249741070940003e-16
450.08,2.963884916840363e-14,1.5488089685769432e-30,-9.249803123148226e-16
450.1,2.963885308778666e-14,1.5488053432368763e-30,-9.249652399817392e-16
450.12,2.963885580699131e-14,1.5488028280642191e-30,-9.249557791796082e-16
450.14,2.9638858865006535e-14,1.5487999995338818e-30,-9.24956158787822e-16
450.16,2.963886476508544e-14,1.5487945422166517e-30,-9.249524826702868e-16
450.18,2.963886817626374e-14,1.5487913870306258e-30,-9.24941055551018e-16
450.2,2.9638870793095954e-14,1.5487889665937886e-30,-9.249565747958134e-16
450.22,2.963887456846106e-14,1.548785474530101e-30,-9.249690250639213e-16
450.24,2.96388777299629e-14,1.5487825502611385e-30,-9.249646045249818e-16
450.26,2.963888339815137e-14,1.548777307392194e-30,-9.249670221769274e-16
450.28,2.9638882465274516e-14,1.5487781702738784e-30,-9.249612984089438e-16
450.3,2.963888445596646e-14,1.548776328950062e-30,-9.249686572245972e-16
450.32,2.9638886756155514e-14,1.5487742013432447e-30,-9.249721563413721e-16
450.34,2.9638890646733286e-14,1.5487706026912218e-30,-9.249683601209e-16
450.36,2.963889413648735e-14,1.5487673748119059e-30,-9.24950977991064e-16
450.38,2.96388939197128e-14,1.5487675753122542e-30,-9.249540550123814e-16
450.4,2.9638898587618636e-14,1.548763257718576e-30,-9.249520182508956e-16
450.42,2.963890484969221e-14,1.5487574655706785e-30,-9.249532444582273e-16
450.44,2.963890823738321e-14,1.5487543321292825e-30,-9.24949698224668e-16
450.46,2.9638913503007955e-14,1.5487494617125922e-30,-9.249460446039312e-16
450.48,2.963891804457287e-14,1.5487452610286701e-30,-9.249396709647766e-16
450.5,2.963892037693299e-14,1.5487431037460318e-30,-9.249470057767337e-16
450.52,2.9638922961475737e-14,1.5487407131825447e-30,-9.24958374379547e-16
450.54,2.9638924053682015e-14,1.5487397029309837e-30,-9.249575008724309e-16
450.56,2.963892471023797e-14,1.5487390956554394e-30,-9.249677124884059e-16
450.58,2.963892873842432e-14,1.5487353697076036e-30,-9.249603285401647e-16
450.6,2.963893161709295e-14,1.5487327070514594e-30,-9.249540677533054e-16
450.62,2.963893455481052e-14,1.5487299897924177e-30,-9.249553965325445e-16
450.64,2.9638938112640214e-14,1.548726698921188e-30,-9.249654172826926e-16
450.66,2.96389416899272e-14,1.5487233900547281e-30,-9.249763043619537e-16
450.68,2.963894366625234e-14,1.5487215620028375e-30,-9.249923727171111e-16
450.7,2.963895180000843e-14,1.5487140383215144e-30,-9.249974089983852e-16
450.72,2.963895556656079e-14,1.54871055431333e-30,-9.24985959786972e-16
450.74,2.9638954828230434e-14,1.5487112372572532e-30,-9.249800264357958e-16
450.76,2.9638957602900495e-14,1.5487086707693442e-30,-9.249645238410142e-16
450.78,2.963895991485116e-14,1.5487065322858804e-30,-9.24962487200366e-16
450.8,2.9638964844935105e-14,1.5487019721255836e-30,-9.249644170119558e-16
450.82,2.9638970178578157e-14,1.5486970386834103e-30,-9.249660209750822e-16
450.84,2.9638971296370615e-14,1.5486960047575418e-30,-9.24970381087166e-16
450.86,2.9638975046897934e-14,1.5486925356227684e-30,-9.249731360610676e-16
450.88,2.963897437747139e-14,1.5486931548248405e-30,-9.249758662129244e-16
450.9,2.96389791576276e-14,1.5486887332992835e-30,-9.249810870172839e-16
450.92,2.96389783050078e-14,1.5486895219513402e-30,-9.249764344825405e-16
450.94,2.96389807591751e-14,1.5486872519078379e-30,-9.249704488636021e-16
450.96,2.963898362111463e-14,1.5486846047009483e-30,-9.249721649924626e-16
450.98,2.963898816677558e-14,1.548680400055645e-30,-9.249819240765649e-16
451.0,2.9638985890540324e-14,1.548682505530048e-30,-9.249747520107935e-16
451.02,2.963899100212751e-14,1.5486777774412392e-30,-9.249721273007043e-16
451.04,2.963899684978541e-14,1.54867236855369e-30,-9.249646441112053e-16
451.06,2.963899733226031e-14,1.5486719222831434e-30,-9.249629020682168e-16
451.08,2.963899756073765e-14,1.5486717109494514e-30,-9.249534401169679e-16
451.1,2.9639002285859467e-14,1.5486673404259229e-30,-9.249536637494578e-16
451.12,2.9639003348782086e-14,1.5486663572830004e-30,-9.249456195372922e-16
451.14,2.963900498112999e-14,1.5486648474663223e-30,-9.249344587362975e-16
451.16,2.9639007901878043e-14,1.5486621459660759e-30,-9.249381754068368e-16
451.18,2.963900897355162e-14,1.548661154704225e-30,-9.249618167982854e-16
451.2,2.9639007836296004e-14,1.5486622066181343e-30,-9.249584629672224e-16
451.22,2.9639011458809147e-14,1.5486588559850906e-30,-9.249477344600947e-16
451.24,2.9639008433827973e-14,1.5486616539329471e-30,-9.249409296461511e-16
451.26,2.963900901675536e-14,1.548661114758542e-30,-9.24939484540773e-16
451.28,2.9639010004721795e-14,1.5486602009303083e-30,-9.24940249360653e-16
451.3,2.963901197381415e-14,1.548658379632112e-30,-9.249411541103528e-16
451.32,2.9639013032444866e-14,1.5486574004578888e-30,-9.24932908663052e-16
451.34,2.963901395380433e-14,1.5486565482423315e-30,-9.24942948156551e-16
451.36,2.9639019044881295e-14,1.5486518393004364e-30,-9.249437133835306e-16
451.38,2.963902236742151e-14,1.548648766159997e-30,-9.249353131746102e-16
451.4,2.963902684137988e-14,1.5486446280263784e-30,-9.2493712826219e-16
451.42,2.9639028566594384e-14,1.548643032315764e-30,-9.249334844206937e-16
451.44,2.96390315796054e-14,1.5486402454804004e-30,-9.249344781133561e-16
451.46,2.9639034576002887e-14,1.5486374740088256e-30,-9.249369032467639e-16
451.48,2.963903879153456e-14,1.548633574894633e-30,-9.249397749243376e-16
451.5,2.963903933147319e-14,1.5486330754903545e-30,-9.249391362629747e-16
451.52,2.963903798398728e-14,1.5486343218285986e-30,-9.24930690180215e-16
451.54,2.963904202985982e-14,1.548630579678404e-30,-9.249337072498707e-16
451.56,2.9639045938263785e-14,1.5486269646205532e-30,-9.249459063171667e-16
451.58,2.96390482744895e-14,1.548624803731359e-30,-9.249493670425584e-16
451.6,2.963904709077465e-14,1.5486258986092093e-30,-9.24958332832941e-16
451.62,2.96390556197338e-14,1.5486180097547342e-30,-9.249361499712006e-16
451.64,2.963906363789283e-14,1.5486105934945045e-30,-9.249350848803942e-16
451.66,2.9639063372232076e-14,1.5486108392160326e-30,-9.249404693558e-16
451.68,2.9639067568117856e-14,1.5486069582720395e-30,-9.249389806604767e-16
451.7,2.963907008215354e-14,1.5486046329645231e-30,-9.249254351954275e-16
451.72,2.9639070539248885e-14,1.5486042101870516e-30,-9.249245192350992e-16
451.74,2.963907262881395e-14,1.5486022775088409e-30,-9.24922355918662e-16
451.76,2.9639075219457793e-14,1.5485998813824914e-30,-9.249163441094312e-16
451.78,2.9639078569271207e-14,1.5485967830762991e-30,-9.249151310378642e-16
451.8,2.9639078444137477e-14,1.5485968988059011e-30,-9.2490964492431e-16
451.82,2.9639078715509364e-14,1.5485966478109408e-30,-9.249051875378826e-16
451.84,2.9639080706544704e-14,1.5485948062961054e-30,-9.24901751106993e-16
451.86,2.9639080361902804e-14,1.548595125055344e-30,-9.248974958703062e-16
451.88,2.963908018586542e-14,1.5485952878850878e-30,-9.24887135387601e-16
451.9,2.963908312980669e-14,1.5485925650457388e-30,-9.249075395274762e-16
451.92,2.9639084377689525e-14,1.5485914108722141e-30,-9.249108675979392e-16
451.94,2.963908839723784e-14,1.5485876930966044e-30,-9.24927516098067e-16
451.96,2.9639092198155574e-14,1.5485841775141246e-30,-9.249345460425158e-16
451.98,2.963909593936376e-14,1.5485807171397793e-30,-9.249372994861377e-16
452.0,2.9639101365182556e-14,1.548575698589953e-30,-9.24941239945882e-16
452.02,2.963910216345497e-14,1.5485749602340914e-30,-9.249381946047924e-16
452.04,2.963910352432866e-14,1.5485737015193326e-30,-9.249469663963397e-16
452.06,2.9639107156579995e-14,1.5485703418772915e-30,-9.249477237403428e-16
452.08,2.963910776232464e-14,1.5485697815937812e-30,-9.249530016506114e-16
452.1,2.963911249056907e-14,1.5485654081673269e-30,-9.249531645167513e-16
452.12,2.963911573451331e-14,1.5485624076733715e-30,-9.249524880965296e-16
452.14,2.963912070686854e-14,1.54855780847673e-30,-9.24954621683576e-16
452.16,2.963912220975425e-14,1.5485564184016081e-30,-9.249444631315447e-16
452.18,2.963912718256565e-14,1.5485518188380956e-30,-9.249405568990867e-16
452.2,2.963912744261699e-14,1.5485515783084992e-30,-9.249335101201885e-16
452.22,2.9639127263787e-14,1.548551743717149e-30,-9.249337267582589e-16
452.24,2.96391318142764e-14,1.5485475348161692e-30,-9.24929322744204e-16
452.26,2.963913339073503e-14,1.5485460767207167e-30,-9.24925674840011e-16
452.28,2.963913824081878e-14,1.5485415907388082e-30,-9.249242958209976e-16
452.3,2.9639142623124117e-14,1.5485375374076367e-30,-9.249426178005208e-16
452.32,2.963914302832274e-14,1.5485371626285745e-30,-9.249456309278442e-16
452.34,2.9639145159080526e-14,1.548535191799311e-30,-9.249413149251073e-16
452.36,2.9639146749464715e-14,1.5485337208060089e-30,-9.249425471509743e-16
452.38,2.9639145360334846e-14,1.5485350056817488e-30,-9.249508228180691e-16
452.4,2.9639146487440274e-14,1.5485339631530158e-30,-9.249539569924854e-16
452.42,2.963915144499877e-14,1.5485293775952746e-30,-9.249625355611368e-16
452.44,2.963914999836948e-14,1.5485307156755587e-30,-9.249620629809637e-16
452.46,2.9639150401112056e-14,1.5485303431541536e-30,-9.249662812272053e-16
452.48,2.9639153860797044e-14,1.548527143041777e-30,-9.249881398001078e-16
452.5,2.963915555909929e-14,1.5485255721326371e-30,-9.249906018165652e-16
452.52,2.963915849660999e-14,1.5485228549828422e-30,-9.24998292229127e-16
452.54,2.963915970295683e-14,1.5485217391350816e-30,-9.249825029436438e-16
452.56,2.9639165551067285e-14,1.548516329709174e-30,-9.249865214995921e-16
452.58,2.963916644091872e-14,1.5485155066115244e-30,-9.249828882700736e-16
452.6,2.963917028653533e-14,1.5485119494852775e-30,-9.249837029433911e-16
452.62,2.963917286550888e-14,1.5485095639520897e-30,-9.249982316994038e-16
452.64,2.963917522300409e-14,1.5485073832440867e-30,-9.250088970551395e-16
452.66,2.963917400068128e-14,1.5485085139057218e-30,-9.250176147527117e-16
452.68,2.9639176654696716e-14,1.5485060588998643e-30,-9.25017589267298e-16
452.7,2.963917873850505e-14,1.5485041313359156e-30,-9.25010565455375e-16
452.72,2.963918031004903e-14,1.548502677646739e-30,-9.250077255844205e-16
452.74,2.9639179812499965e-14,1.5485031378857174e-30,-9.250179935426242e-16
452.76,2.963918049830188e-14,1.5485025034994862e-30,-9.250214465718889e-16
452.78,2.963918475822823e-14,1.548498562957492e-30,-9.25023202613861e-16
452.8,2.9639188197203515e-14,1.5484953818043728e-30,-9.250283852681814e-16
452.82,2.963919000613442e-14,1.5484937084894828e-30,-9.25020298305766e-16
452.84,2.9639196939437974e-14,1.5484872950613374e-30,-9.250110400158729e-16
452.86,2.963919870148511e-14,1.5484856651555002e-30,-9.249999076593091e-16
452.88,2.9639197756240194e-14,1.5484865395068308e-30,-9.25005888128816e-16
452.9,2.963919964905207e-14,1.5484847886485565e-30,-9.250056444348044e-16
452.92,2.963920293928155e-14,1.5484817451938444e-30,-9.250005598730342e-16
452.94,2.963920740720899e-14,1.5484776123562675e-30,-9.250023983605634e-16
452.96,2.9639210652193566e-14,1.548474610748252e-30,-9.250000696163026e-16
452.98,2.9639215907384684e-14,1.5484697497309025e-30,-9.249985236509714e-16
453.0,2.963921995312311e-14,1.5484660074573313e-30,-9.249925773944252e-16
453.02,2.963922181084831e-14,1.5484642890895359e-30,-9.24979289966141e-16
453.04,2.9639226497054315e-14,1.5484599544298353e-30,-9.249877831813203e-16
453.06,2.9639227061643946e-14,1.548459432194301e-30,-9.249812287149725e-16
453.08,2.963923030285972e-14,1.5484564341295641e-30,-9.249908978580138e-16
453.1,2.963923422815535e-14,1.5484528032622224e-30,-9.249921537279828e-16
453.12,2.963923521246095e-14,1.5484518927830956e-30,-9.24989787078561e-16
453.14,2.963923815715534e-14,1.5484491689626621e-30,-9.249972877748083e-16
453.16,2.963924105020831e-14,1.5484464928984467e-30,-9.249956161267535e-16
453.18,2.963924182381746e-14,1.5484457773064615e-30,-9.249995583351816e-16
453.2,2.963924300147084e-14,1.5484446879695574e-30,-9.25010321688804e-16
453.22,2.96392478675369e-14,1.5484401868307165e-30,-9.250037370503725e-16
453.24,2.963925216834049e-14,1.5484362085739121e-30,-9.250033496554863e-16
453.26,2.96392558362079e-14,1.5484328158038514e-30,-9.250000030303207e-16
453.28,2.963925737692331e-14,1.5484313906232383e-30,-9.250085210756543e-16
453.3,2.963925941003377e-14,1.5484295099905363e-30,-9.24997886824357e-16
453.32,2.963926434336039e-14,1.5484249466904176e-30,-9.249928768290327e-16
453.34,2.963926644741629e-14,1.5484230004367402e-30,-9.249990834288628e-16
453.36,2.963926654695072e-14,1.5484229083604469e-30,-9.249932960049002e-16
453.38,2.9639269827655e-14,1.5484198737301524e-30,-9.249893055246061e-16
453.4,2.96392744902038e-14,1.5484155609381462e-30,-9.24980768471811e-16
453.42,2.963927470921141e-14,1.5484153583578415e-30,-9.249748031475026e-16
453.44,2.963927725017395e-14,1.5484130080478981e-30,-9.24969810841264e-16
453.46,2.9639279413010157e-14,1.548411007479051e-30,-9.249754252482454e-16
453.48,2.9639286082801456e-14,1.5484048381390702e-30,-9.249691601204424e-16
453.5,2.9639288158573635e-14,1.548402918112008e-30,-9.249741417195824e-16
453.52,2.9639291771029066e-14,1.548399576743965e-30,-9.249513375300252e-16
453.54,2.9639294693360926e-14,1.5483968737289702e-30,-9.249457155603288e-16
453.56,2.963929483541828e-14,1.548396742339575e-30,-9.249467525096268e-16
453.58,2.963929598424145e-14,1.5483956797487333e-30,-9.24939955169178e-16
453.6,2.963930013577418e-14,1.548391839783835e-30,-9.249549287061104e-16
453.62,2.963929834884092e-14,1.5483934926182465e-30,-9.249515890575675e-16
453.64,2.963929688400663e-14,1.5483948475144613e-30,-9.249385101680399e-16
453.66,2.9639298120635097e-14,1.5483937037013758e-30,-9.249431046050866e-16
453.68,2.963929872829117e-14,1.5483931416538699e-30,-9.249480782033627e-16
453.7,2.963930647374822e-14,1.5483859775335574e-30,-9.24933715209004e-16
453.72,2.963931162832484e-14,1.548381209856843e-30,-9.24947478562894e-16
453.74,2.9639310667560186e-14,1.5483820985240916e-30,-9.24945461075773e-16
453.76,2.9639316275671934e-14,1.5483769113311407e-30,-9.249414505470523e-16
453.78,2.963931435578578e-14,1.5483786871077708e-30,-9.249411872178353e-16
453.8,2.963931566082738e-14,1.5483774800038285e-30,-9.249493031158108e-16
453.82,2.9639316538699566e-14,1.5483766680250946e-30,-9.249601838832537e-16
453.84,2.9639317547662566e-14,1.5483757347727637e-30,-9.24963896816738e-16
453.86,2.963932181026677e-14,1.548371792006156e-30,-9.249673657117783e-16
453.88,2.9639327295874893e-14,1.5483667179970393e-30,-9.249790121396642e-16
453.9,2.963932650432109e-14,1.548367450163808e-30,-9.249863744391482e-16
453.92,2.963932695917847e-14,1.5483670294276829e-30,-9.24987818078886e-16
453.94,2.963932486180763e-14,1.5483689694826936e-30,-9.250004119500813e-16
453.96,2.963932628701409e-14,1.548367651144641e-30,-9.25010499784456e-16
453.98,2.963932838717506e-14,1.548365708479319e-30,-9.250048775589793e-16
454.0,2.963932815210692e-14,1.5483659259207534e-30,-9.249919236570626e-16
454.02,2.9639328831461535e-14,1.5483652975249558e-30,-9.249810145172275e-16
454.04,2.963932926623306e-14,1.5483648953721025e-30,-9.249610595519749e-16
454.06,2.9639327572409175e-14,1.5483664620930716e-30,-9.24957213708034e-16
454.08,2.9639327701681604e-14,1.5483663425176141e-30,-9.249578965628206e-16
454.1,2.9639331422785623e-14,1.548362900650318e-30,-9.249653357532554e-16
454.12,2.9639332659271595e-14,1.5483617569316327e-30,-9.24976836686034e-16
454.14,2.9639335003832634e-14,1.548359588277725e-30,-9.249732550718265e-16
454.16,2.9639336953047516e-14,1.548357785310152e-30,-9.249755222591567e-16
454.18,2.963934132079999e-14,1.5483537452606997e-30,-9.24968951954738e-16
454.2,2.9639345382879685e-14,1.548349987968963e-30,-9.24963354017705e-16
454.22,2.963934931062646e-14,1.548346354937196e-30,-9.249617589870241e-16
454.24,2.963934987440594e-14,1.5483458334662059e-30,-9.249623099159472e-16
454.26,2.963935403113598e-14,1.5483419886390984e-30,-9.249589391932108e-16
454.28,2.9639358059392406e-14,1.5483382626611668e-30,-9.249580183257416e-16
454.3,2.963935989683006e-14,1.5483365631151786e-30,-9.249597866185027e-16
454.32,2.963936501242209e-14,1.548331831461569e-30,-9.249484920133825e-16
454.34,2.963936663699247e-14,1.5483303288260989e-30,-9.249388820680097e-16
454.36,2.963936683402549e-14,1.5483301465870405e-30,-9.249365447791389e-16
454.38,2.9639368363543923e-14,1.5483287318798683e-30,-9.249330921783677e-16
454.4,2.963936406655632e-14,1.548332706279891e-30,-9.249181048815553e-16
454.42,2.963936897652795e-14,1.5483281649192232e-30,-9.24934809943231e-16
454.44,2.963937017816789e-14,1.54832705347483e-30,-9.249252245911648e-16
454.46,2.963937590238834e-14,1.5483217590453663e-30,-9.249147213725511e-16
454.48,2.963937589775037e-14,1.5483217633455803e-30,-9.249044398950228e-16
454.5,2.96393791348347e-14,1.5483187693768333e-30,-9.248930139848411e-16
454.52,2.963938050954602e-14,1.5483174979067414e-30,-9.249115309559338e-16
454.54,2.9639384722016724e-14,1.5483136017050982e-30,-9.249287352825172e-16
454.56,2.963938823040597e-14,1.5483103566764743e-30,-9.24937851800553e-16
454.58,2.963939228740318e-14,1.548306604258207e-30,-9.24919562918825e-16
454.6,2.963939831227137e-14,1.5483010317547722e-30,-9.24920017675238e-16
454.62,2.963940609440605e-14,1.5482938339454014e-30,-9.249179600278078e-16
454.64,2.963941081848289e-14,1.5482894646094425e-30,-9.249089565390878e-16
454.66,2.9639418294434695e-14,1.548282550088678e-30,-9.248997636522956e-16
454.68,2.963942414788411e-14,1.5482771362672741e-30,-9.248939486774447e-16
454.7,2.9639427621880177e-14,1.5482739231759469e-30,-9.248973155226931e-16
454.72,2.9639427900791467e-14,1.5482736651993342e-30,-9.249019937001806e-16
454.74,2.963943121487282e-14,1.5482705999895364e-30,-9.24902575214803e-16
454.76,2.963942844508301e-14,1.5482731617762033e-30,-9.248999755823337e-16
454.78,2.9639428210387716e-14,1.5482733788465642e-30,-9.248979286374109e-16
454.8,2.963943145584726e-14,1.5482703771113528e-30,-9.249072697729556e-16
454.82,2.963943254473634e-14,1.5482693699899701e-30,-9.249002781662317e-16
454.84,2.9639433753464566e-14,1.548268252035834e-30,-9.249045086875118e-16
454.86,2.96394335474043e-14,1.548268442617971e-30,-9.24904537726807e-16
454.88,2.9639433021540625e-14,1.548268928997367e-30,-9.248917245514438e-16
454.9,2.9639437670162236e-14,1.548264629518324e-30,-9.24891601954113e-16
454.92,2.9639443206389394e-14,1.548259509097117e-30,-9.248970511336415e-16
454.94,2.963944270588203e-14,1.5482599720227232e-30,-9.248886611036615e-16
454.96,2.963944462965223e-14,1.548258192768756e-30,-9.248816761882137e-16
454.98,2.963945007763778e-14,1.5482531540734827e-30,-9.24869748960161e-16
455.0,2.963945450803743e-14,1.548249056514371e-30,-9.248785250692072e-16
455.02,2.963945467247724e-14,1.5482489044296637e-30,-9.24879789934068e-16
455.04,2.963945398430756e-14,1.548249540914353e-30,-9.248895806692735e-16
455.06,2.96394606630592e-14,1.5482433637804893e-30,-9.248953528555358e-16
455.08,2.963946405235711e-14,1.5482402290227394e-30,-9.249086732807358e-16
455.1,2.963947026374251e-14,1.5482344840787783e-30,-9.24903647227059e-16
455.12,2.963947000776293e-14,1.5482347208480693e-30,-9.248968417668649e-16
455.14,2.9639472215659243e-14,1.5482326787715402e-30,-9.248890838039702e-16
455.16,2.963947228201408e-14,1.5482326174123142e-30,-9.248774285741164e-16
455.18,2.9639474371206823e-14,1.5482306851492628e-30,-9.248789229565587e-16
455.2,2.963948050118399e-14,1.5482250156476249e-30,-9.248747482050152e-16
455.22,2.963948374766728e-14,1.5482220130615535e-30,-9.248739883222053e-16
455.24,2.9639486188161077e-14,1.5482197559322699e-30,-9.248821930832318e-16
455.26,2.9639487044053664e-14,1.5482189643339513e-30,-9.248715342373657e-16
455.28,2.9639492369752514e-14,1.5482140387470721e-30,-9.248746253711838e-16
455.3,2.963949431995079e-14,1.5482122350834954e-30,-9.248589870730152e-16
455.32,2.963949452212092e-14,1.5482120481073648e-30,-9.248564282422148e-16
455.34,2.963949781807756e-14,1.5482089998071225e-30,-9.248640832734815e-16
455.36,2.963949682216798e-14,1.5482099208911078e-30,-9.248643483247188e-16
455.38,2.963949825444599e-14,1.5482085962272722e-30,-9.248638728785825e-16
455.4,2.963949842010732e-14,1.5482084430266255e-30,-9.248383734603563e-16
455.42,2.963950503219251e-14,1.5482023279005273e-30,-9.24839003358153e-16
455.44,2.9639505029886053e-14,1.5482023300367297e-30,-9.248357273022908e-16
455.46,2.963950719014537e-14,1.5482003321541522e-30,-9.248338085333023e-16
455.48,2.963950966026611e-14,1.5481980477021115e-30,-9.2482382101829e-16
455.5,2.963950849547087e-14,1.5481991249202118e-30,-9.24817892846033e-16
455.52,2.963951290710282e-14,1.5481950449552613e-30,-9.24823953254665e-16
455.54,2.963951492815511e-14,1.5481931758545212e-30,-9.248176397241396e-16
455.56,2.963951657995933e-14,1.5481916482374393e-30,-9.24818281141183e-16
455.58,2.963952247808624e-14,1.5481861935896214e-30,-9.24803465542187e-16
455.6,2.963952468341952e-14,1.5481841540865127e-30,-9.248043676356343e-16
455.62,2.9639524817192205e-14,1.5481840303724719e-30,-9.248135682751307e-16
455.64,2.9639526255451984e-14,1.5481827002473074e-30,-9.248140761707447e-16
455.66,2.963952977896023e-14,1.5481794416478753e-30,-9.24814017890206e-16
455.68,2.963953497374816e-14,1.5481746374355584e-30,-9.248117886167456e-16
455.7,2.963954262055259e-14,1.5481675655669015e-30,-9.248140936468379e-16
455.72,2.963954498204228e-14,1.5481653816194508e-30,-9.248093695452764e-16
455.74,2.9639550345577476e-14,1.548160421388536e-30,-9.247969753981532e-16
455.76,2.9639556315288776e-14,1.548154900605834e-30,-9.247936634050699e-16
455.78,2.963956129591813e-14,1.5481502945359958e-30,-9.24792438577803e-16
455.8,2.9639562544647786e-14,1.5481491397184106e-30,-9.247964048489815e-16
455.82,2.9639567190122883e-14,1.5481448435722898e-30,-9.248038135470551e-16
455.84,2.963956989713905e-14,1.5481423401089517e-30,-9.248043756176919e-16
455.86,2.963956540816877e-14,1.548146491543375e-30,-9.24810779610668e-16
455.88,2.9639568427275594e-14,1.5481436994525297e-30,-9.248046978618496e-16
455.9,2.9639569296393516e-14,1.5481428956958995e-30,-9.247996564583597e-16
455.92,2.963957374327162e-14,1.548138783273889e-30,-9.247754273513215e-16
455.94,2.963957569735419e-14,1.5481369761747715e-30,-9.24778491338085e-16
455.96,2.963957784783705e-14,1.5481349874535254e-30,-9.247689031697698e-16
455.98,2.9639576122797706e-14,1.5481365827108317e-30,-9.24755884620765e-16
456.0,2.9639584172057385e-14,1.5481291391516632e-30,-9.247527394064455e-16
456.02,2.963958551206643e-14,1.5481278999764726e-30,-9.247567250733627e-16
456.04,2.963958815448995e-14,1.5481254563792556e-30,-9.24760989487531e-16
456.06,2.9639588166839297e-14,1.5481254449587539e-30,-9.247589150039789e-16
456.08,2.9639589051892613e-14,1.548124626510413e-30,-9.247602642704721e-16
456.1,2.9639590918108184e-14,1.548122900715041e-30,-9.247463363387874e-16
456.12,2.9639593331663155e-14,1.5481206687797621e-30,-9.2475222629015e-16
456.14,2.9639598987732225e-14,1.5481154382868367e-30,-9.247551204226809e-16
456.16,2.963960231413225e-14,1.5481123622035526e-30,-9.247485203307482e-16
456.18,2.963960283117538e-14,1.548111884055711e-30,-9.247529502231168e-16
456.2,2.9639603534286065e-14,1.5481112338316721e-30,-9.247650645024594e-16
456.22,2.9639609411953314e-14,1.5481057983762418e-30,-9.24765920298102e-16
456.24,2.96396094071137e-14,1.5481058028542979e-30,-9.247653159576317e-16
456.26,2.963960744349828e-14,1.548107618734413e-30,-9.24761865979318e-16
456.28,2.9639613209613546e-14,1.5481022864669393e-30,-9.24764916631603e-16
456.3,2.963961669622466e-14,1.5480990621661373e-30,-9.24769540967251e-16
456.32,2.963962032219151e-14,1.548095709010926e-30,-9.247695147608027e-16
456.34,2.9639623337856907e-14,1.5480929202349432e-30,-9.247610636840959e-16
456.36,2.963962578920514e-14,1.5480906533385343e-30,-9.247500340121993e-16
456.38,2.963962564297094e-14,1.5480907885799132e-30,-9.247542253872194e-16
456.4,2.9639628170522885e-14,1.5480884512150745e-30,-9.247610638397223e-16
456.42,2.963962791518736e-14,1.5480886873365764e-30,-9.247737967139363e-16
456.44,2.9639635114175294e-14,1.5480820298655312e-30,-9.247759633218956e-16
456.46,2.9639634882844143e-14,1.5480822437987388e-30,-9.247737440119852e-16
456.48,2.963963540483922e-14,1.5480817610766087e-30,-9.247632883360303e-16
456.5,2.9639637111793426e-14,1.5480801825458755e-30,-9.247566683976037e-16
456.52,2.963963390668682e-14,1.5480831464839555e-30,-9.247525388673537e-16
456.54,2.963963584198298e-14,1.5480813568209616e-30,-9.247490550016425e-16
456.56,2.963964130457962e-14,1.54807630532949e-30,-9.247409245129746e-16
456.58,2.9639643453580804e-14,1.54807431807037e-30,-9.247354244731065e-16
456.6,2.963964368431208e-14,1.548074104693709e-30,-9.247273743643162e-16
456.62,2.9639643919285754e-14,1.5480738873987993e-30,-9.247401285978543e-16
456.64,2.96396474057011e-14,1.5480706633786621e-30,-9.24737034716686e-16
456.66,2.963964686178333e-14,1.5480711663530128e-30,-9.247286493755217e-16
456.68,2.963965137061114e-14,1.5480669969055126e-30,-9.247280225598046e-16
456.7,2.963965588399366e-14,1.5480628232281037e-30,-9.247369384269828e-16
456.72,2.963965950967652e-14,1.5480594704385079e-30,-9.247308940654698e-16
456.74,2.963966097211227e-14,1.5480581180758531e-30,-9.24733109982947e-16
456.76,2.963966752946788e-14,1.5480520542236218e-30,-9.247378393045589e-16
456.78,2.963966988899659e-14,1.5480498722762966e-30,-9.24737544840059e-16
456.8,2.963967627404644e-14,1.5480439677527973e-30,-9.247417836343759e-16
456.82,2.963968224636955e-14,1.5480384449045252e-30,-9.247462258349152e-16
456.84,2.963968503984193e-14,1.5480358616415433e-30,-9.24747479243512e-16
456.86,2.9639687821446086e-14,1.5480332892839977e-30,-9.247624923781064e-16
456.88,2.9639688819965015e-14,1.5480323658895022e-30,-9.247555645252908e-16
456.9,2.9639687305528e-14,1.5480337663540566e-30,-9.247647434229444e-16
456.92,2.963969337984248e-14,1.5480281490226246e-30,-9.247684506311602e-16
456.94,2.963969903528869e-14,1.5480229190510188e-30,-9.247621546562926e-16
456.96,2.963969886682016e-14,1.5480230748413467e-30,-9.247675392531356e-16
456.98,2.9639700298726647e-14,1.5480217506516828e-30,-9.247443534644374e-16
457.0,2.963970221628654e-14,1.5480199773933831e-30,-9.247488056964949e-16
457.02,2.9639708980362964e-14,1.5480137222282083e-30,-9.247637513556667e-16
457.04,2.963971077545406e-14,1.5480120622016489e-30,-9.24754427919526e-16
457.06,2.9639714426772905e-14,1.5480086856328553e-30,-9.247496695013002e-16
457.08,2.963971757576267e-14,1.5480057736151864e-30,-9.247466803191712e-16
457.1,2.9639720163929935e-14,1.5480033801813716e-30,-9.247634480944053e-16
457.12,2.96397202783984e-14,1.5480032743299322e-30,-9.247659622700145e-16
457.14,2.9639723543979345e-14,1.5480002544589008e-30,-9.247569486877877e-16
457.16,2.9639727549373664e-14,1.5479965504507276e-30,-9.247577790850437e-16
457.18,2.963973097205484e-14,1.5479933852912088e-30,-9.247617305315851e-16
457.2,2.9639731067300215e-14,1.5479932972089813e-30,-9.247565263311542e-16
457.22,2.9639735554226236e-14,1.547989147909487e-30,-9.247543814236856e-16
457.24,2.9639739070432395e-14,1.5479858962870115e-30,-9.247531903851457e-16
457.26,2.963973868249048e-14,1.5479862550320026e-30,-9.247606371370963e-16
457.28,2.96397417945581e-14,1.5479833771100044e-30,-9.24769367013119e-16
457.3,2.963974390675361e-14,1.5479814238054946e-30,-9.247682984115976e-16
457.32,2.963974939178134e-14,1.5479763514073979e-30,-9.247697451942202e-16
457.34,2.96397529113463e-14,1.5479730965863465e-30,-9.247785434770262e-16
457.36,2.9639756844097646e-14,1.5479694596628047e-30,-9.247773051266955e-16
457.38,2.963976115202959e-14,1.5479654757657895e-30,-9.247836154608984e-16
457.4,2.963976634656793e-14,1.5479606719367584e-30,-9.2478812751414e-16
457.42,2.9639766431413203e-14,1.5479605934651972e-30,-9.247930983470958e-16
457.44,2.963977208336536e-14,1.5479553665963405e-30,-9.247856659731607e-16
457.46,2.963977624132984e-14,1.547951521382654e-30,-9.247826106668962e-16
457.48,2.963977867380495e-14,1.5479492718652716e-30,-9.247832377211964e-16
457.5,2.9639782926027764e-14,1.5479453395404593e-30,-9.24779827648453e-16
457.52,2.963978501564862e-14,1.5479434070979237e-30,-9.247731721490918e-16
457.54,2.9639785021123835e-14,1.5479434020411692e-30,-9.247697376370116e-16
457.56,2.963979081917303e-14,1.5479380402406607e-30,-9.247548089437766e-16
457.58,2.963979707451434e-14,1.54793225563835e-30,-9.247444989137434e-16
457.6,2.9639798412268244e-14,1.547931018546584e-30,-9.247470853684174e-16
457.62,2.9639797771974485e-14,1.5479316106571818e-30,-9.247414660837827e-16
457.64,2.96398012738022e-14,1.5479283723984582e-30,-9.247278485123976e-16
457.66,2.963980240543046e-14,1.5479273259351646e-30,-9.247174770633424e-16
457.68,2.9639804242561006e-14,1.5479256271140317e-30,-9.2471978584166e-16
457.7,2.963980788257354e-14,1.5479222611218582e-30,-9.24716720459859e-16
457.72,2.963980743973465e-14,1.5479226706167954e-30,-9.247166652939323e-16
457.74,2.963981317647413e-14,1.5479173657535462e-30,-9.247173817832077e-16
457.76,2.963981254767827e-14,1.5479179472254472e-30,-9.247305450693821e-16
457.78,2.963981598352527e-14,1.5479147699830118e-30,-9.24743460729957e-16
457.8,2.96398143807339e-14,1.5479162521497593e-30,-9.247429588898916e-16
457.82,2.9639813443732734e-14,1.547917118642899e-30,-9.247533200880306e-16
457.84,2.9639814748448516e-14,1.5479159121060188e-30,-9.247402394076152e-16
457.86,2.9639817518858514e-14,1.547913350187838e-30,-9.247489522153384e-16
457.88,2.963982274420115e-14,1.5479085180620624e-30,-9.247531574350567e-16
457.9,2.963982358830703e-14,1.5479077374829903e-30,-9.247466915199706e-16
457.92,2.96398265915774e-14,1.5479049602234165e-30,-9.2474050542699e-16
457.94,2.9639830605970073e-14,1.5479012479572174e-30,-9.247448500650306e-16
457.96,2.9639834612647534e-14,1.5478975427925386e-30,-9.247486654262816e-16
457.98,2.963984394746184e-14,1.5478889104987025e-30,-9.247346242758126e-16
458.0,2.9639848781014064e-14,1.5478844407323723e-30,-9.247352927815032e-16
458.02,2.963985127753995e-14,1.5478821321368466e-30,-9.247161394091815e-16
458.04,2.963985170261884e-14,1.5478817390623287e-30,-9.247176083152663e-16
458.06,2.9639856782991055e-14,1.5478770411888404e-30,-9.24711974834196e-16
458.08,2.9639861803235687e-14,1.5478723989486915e-30,-9.247012486208234e-16
458.1,2.963986668921574e-14,1.5478678808866502e-30,-9.247004510982097e-16
458.12,2.963986810830826e-14,1.5478665686521767e-30,-9.247054274996241e-16
458.14,2.9639869877943255e-14,1.54786493225836e-30,-9.247069293461421e-16
458.16,2.9639872159238855e-14,1.5478628227107185e-30,-9.247016036813424e-16
458.18,2.963987238719445e-14,1.5478626119166745e-30,-9.247012093675939e-16
458.2,2.963987426655568e-14,1.5478608740454187e-30,-9.247138758305428e-16
458.22,2.963987510633503e-14,1.5478600974843669e-30,-9.247082609022978e-16
458.24,2.963987317247313e-14,1.5478618857528036e-30,-9.247143773821848e-16
458.26,2.9639874823647467e-14,1.5478603588710765e-30,-9.24719428987082e-16
458.28,2.963987419242669e-14,1.5478609425784502e-30,-9.247246724231193e-16
458.3,2.9639876724417265e-14,1.5478586011985113e-30,-9.247295676638575e-16
458.32,2.96398812929216e-14,1.5478543765977986e-30,-9.24720710197898e-16
458.34,2.963988403130619e-14,1.5478518443720356e-30,-9.247157928702851e-16
458.36,2.9639883566579645e-14,1.5478522741108282e-30,-9.24708770672766e-16
458.38,2.9639887348401784e-14,1.547848777027702e-30,-9.247015450814885e-16
458.4,2.963988875344722e-14,1.5478474778042048e-30,-9.24688429705866e-16
458.42,2.963989611275438e-14,1.5478406727043578e-30,-9.246924220414032e-16
458.44,2.9639900766042825e-14,1.5478363698455768e-30,-9.246974184070728e-16
458.46,2.9639900350794914e-14,1.5478367538076067e-30,-9.246997888350594e-16
458.48,2.963990249186165e-14,1.5478347739698757e-30,-9.246775730250918e-16
458.5,2.963990576677111e-14,1.5478317457368955e-30,-9.246767168751402e-16
458.52,2.9639910433201336e-14,1.5478274307854718e-30,-9.2468219504141e-16
458.54,2.963991423722561e-14,1.5478239132639241e-30,-9.246821508863407e-16
458.56,2.963991280554614e-14,1.5478252371220074e-30,-9.246788356825462e-16
458.58,2.963991514058329e-14,1.5478230779771983e-30,-9.246721136296884e-16
458.6,2.963991719938434e-14,1.5478211742526437e-30,-9.246698966841203e-16
458.62,2.963992114252296e-14,1.5478175281482e-30,-9.246779687719955e-16
458.64,2.963992202069739e-14,1.5478167161166737e-30,-9.246795946741168e-16
458.66,2.963992557053163e-14,1.547813433683552e-30,-9.246681492641455e-16
458.68,2.9639921369396314e-14,1.5478173183201687e-30,-9.246564161693973e-16
458.7,2.963992599720028e-14,1.5478130391570436e-30,-9.246667979278074e-16
458.72,2.9639930377202936e-14,1.5478089890952908e-30,-9.246675308827872e-16
458.74,2.96399331499353e-14,1.547806425225311e-30,-9.246669004532036e-16
458.76,2.963993099743529e-14,1.5478084155668793e-30,-9.246700089310912e-16
458.78,2.963993491159333e-14,1.547804796273891e-30,-9.246662137109579e-16
458.8,2.963993357790513e-14,1.5478060294895142e-30,-9.246745896941808e-16
458.82,2.963993736729386e-14,1.5478025255232257e-30,-9.246867866662938e-16
458.84,2.96399452259289e-14,1.5477952587264477e-30,-9.246958029618707e-16
458.86,2.9639943865386047e-14,1.547796516808118e-30,-9.247100017660813e-16
458.88,2.963994953052727e-14,1.5477912781692888e-30,-9.247143459729306e-16
458.9,2.9639949202460915e-14,1.5477915815404063e-30,-9.247124743922445e-16
458.92,2.963994789923352e-14,1.54779278665036e-30,-9.247219228365224e-16
458.94,2.963995326698769e-14,1.547787822973377e-30,-9.247201650586934e-16
458.96,2.9639953567088606e-14,1.5477875454549443e-30,-9.247090960343917e-16
458.98,2.963996076512317e-14,1.5477808893541532e-30,-9.247149977801871e-16
459.0,2.9639961478603137e-14,1.5477802295862446e-30,-9.247150258394015e-16
459.02,2.963996366481967e-14,1.5477782079494175e-30,-9.247212609562378e-16
459.04,2.9639966012202606e-14,1.5477760372744165e-30,-9.247223584028684e-16
459.06,2.96399723670613e-14,1.5477701607644023e-30,-9.24722449745404e-16
459.08,2.963997406810146e-14,1.5477685877741431e-30,-9.247194275058852e-16
459.1,2.963997953585334e-14,1.547763531642024e-30,-9.247025907372865e-16
459.12,2.963998758129553e-14,1.5477560920436146e-30,-9.246914169118827e-16
459.14,2.9639989882466556e-14,1.5477539641681959e-30,-9.246836889358471e-16
459.16,2.9639991024301695e-14,1.5477529083349925e-30,-9.246801882854477e-16
459.18,2.963999089758766e-14,1.5477530255004758e-30,-9.246732308358805e-16
459.2,2.963999222965114e-14,1.5477517937738151e-30,-9.246664025578688e-16
459.22,2.9639991456815904e-14,1.547752508394e-30,-9.246692568479385e-16
459.24,2.963999534482477e-14,1.5477489133060342e-30,-9.246562885941649e-16
459.26,2.9639998298740464e-14,1.5477461819430394e-30,-9.246593737997565e-16
459.28,2.9640000734354025e-14,1.5477439297924987e-30,-9.24673739636807e-16
459.3,2.9640001462926305e-14,1.547743256097468e-30,-9.246683928828681e-16
459.32,2.964000469291717e-14,1.5477402694256756e-30,-9.24670910257182e-16
459.34,2.964001331910464e-14,1.5477322930709529e-30,-9.246693491099545e-16
459.36,2.964001800402918e-14,1.5477279610691423e-30,-9.246730464660234e-16
459.38,2.9640020359716663e-14,1.5477257828332668e-30,-9.246681358419611e-16
459.4,2.964002176426939e-14,1.5477244840943035e-30,-9.24667946284744e-16
459.42,2.9640025595695314e-14,1.547720941305549e-30,-9.246620582316649e-16
459.44,2.9640026288196507e-14,1.547720300975465e-30,-9.246649349367596e-16
459.46,2.9640029047514514e-14,1.5477177495132277e-30,-9.246756995121067e-16
459.48,2.9640035248887976e-14,1.5477120152528195e-30,-9.246760475797998e-16
459.5,2.964003285393213e-14,1.5477142298037749e-30,-9.246689642634203e-16
459.52,2.964003730550685e-14,1.5477101136011851e-30,-9.246621102930136e-16
459.54,2.96400433773802e-14,1.5477044992259313e-30,-9.246464988477807e-16
459.56,2.964004613211741e-14,1.5477019520629291e-30,-9.246462707408875e-16
459.58,2.96400488166295e-14,1.5476994698248233e-30,-9.246517122345442e-16
459.6,2.9640049543463176e-14,1.5476987977496472e-30,-9.246511324220155e-16
459.62,2.964005397055623e-14,1.547694704211387e-30,-9.246564334616701e-16
459.64,2.9640052785005045e-14,1.5476958004389722e-30,-9.246578251417906e-16
459.66,2.964005291416071e-14,1.5476956810223987e-30,-9.246563720877237e-16
459.68,2.964005539891758e-14,1.5476933834822057e-30,-9.246517850412782e-16
459.7,2.9640058724820246e-14,1.5476903082012549e-30,-9.24652463402776e-16
459.72,2.964006300616943e-14,1.5476863494403719e-30,-9.246520846099447e-16
459.74,2.964006352676869e-14,1.5476858680624157e-30,-9.246522512688332e-16
459.76,2.964006867994144e-14,1.5476811031525606e-30,-9.246532265170915e-16
459.78,2.964006893527147e-14,1.547680867065449e-30,-9.24652419442303e-16
459.8,2.964007443476692e-14,1.547675781932245e-30,-9.246664511972336e-16
459.82,2.964007526228338e-14,1.547675016747957e-30,-9.24676004573028e-16
459.84,2.964008009971729e-14,1.5476705436800492e-30,-9.246734938022057e-16
459.86,2.9640079610409107e-14,1.5476709961388957e-30,-9.246669983676762e-16
459.88,2.964008650224923e-14,1.5476646235030826e-30,-9.246621141625026e-16
459.9,2.964008785346837e-14,1.547663374083641e-30,-9.246622101073315e-16
459.92,2.964009018670146e-14,1.5476612166337586e-30,-9.246586137111801e-16
459.94,2.9640092176047876e-14,1.5476593771724709e-30,-9.24657382770052e-16
459.96,2.964009664669413e-14,1.5476552433494893e-30,-9.246615437034346e-16
459.98,2.9640097819290264e-14,1.5476541590955957e-30,-9.246589270059318e-16
460.0,2.9640096815303834e-14,1.5476550874156597e-30,-9.246434063538559e-16
460.02,2.964009962023154e-14,1.5476524938634484e-30,-9.246433670866477e-16
460.04,2.9640094557692925e-14,1.5476571749139384e-30,-9.246517957673726e-16
460.06,2.9640098352625894e-14,1.5476536659306785e-30,-9.246570140452315e-16
460.08,2.96401000623532e-14,1.547652085028631e-30,-9.24659700175021e-16
460.1,2.964010432409495e-14,1.5476481443475552e-30,-9.24670179507384e-16
460.12,2.9640104669423105e-14,1.5476478250198135e-30,-9.24658902069439e-16
460.14,2.964011187582334e-14,1.5476411615177653e-30,-9.246723459003314e-16
460.16,2.9640109011477554e-14,1.5476438101015085e-30,-9.246718882498085e-16
460.18,2.9640112406696923e-14,1.5476406706378508e-30,-9.246716207753325e-16
460.2,2.9640117075311596e-14,1.5476363536982893e-30,-9.246644943186114e-16
460.22,2.964011997531411e-14,1.5476336721711458e-30,-9.246604420095769e-16
460.24,2.9640123290035936e-14,1.547630607193575e-30,-9.246494541798251e-16
460.26,2.964012468571977e-14,1.5476293166861876e-30,-9.246507982986854e-16
460.28,2.964012925627897e-14,1.5476250904783444e-30,-9.246692468404332e-16
460.3,2.964013000672251e-14,1.5476243965688194e-30,-9.246715664144542e-16
460.32,2.964013218319053e-14,1.5476223840515045e-30,-9.246740044725118e-16
460.34,2.964013234635693e-14,1.5476222331748537e-30,-9.246578351869876e-16
460.36,2.964013740788247e-14,1.5476175529845266e-30,-9.246641580441838e-16
460.38,2.964014286219011e-14,1.5476125095972973e-30,-9.246607701470462e-16
460.4,2.964014276834233e-14,1.5476125963747588e-30,-9.246722214188852e-16
460.42,2.964014986201278e-14,1.5476060370393727e-30,-9.246702192530994e-16
460.44,2.9640148756577106e-14,1.5476070591985937e-30,-9.246548664790334e-16
460.46,2.9640153502700506e-14,1.5476026707073143e-30,-9.246527966359871e-16
460.48,2.9640152619534226e-14,1.5476034873382045e-30,-9.24672276994767e-16
460.5,2.9640150437750754e-14,1.547605504783414e-30,-9.246712070445775e-16
460.52,2.964014926703207e-14,1.5476065873246664e-30,-9.246667283461735e-16
460.54,2.9640148400856784e-14,1.5476073882351663e-30,-9.246831257538159e-16
460.56,2.9640147495024776e-14,1.547608225838394e-30,-9.246903290742248e-16
460.58,2.964014755543759e-14,1.547608169976945e-30,-9.246924482552353e-16
460.6,2.964014397905352e-14,1.5476114770190351e-30,-9.246780399654615e-16
460.62,2.964014716981514e-14,1.5476085266001782e-30,-9.246676326077893e-16
460.64,2.964014935339438e-14,1.5476065074942126e-30,-9.246778763076682e-16
460.66,2.9640149560770135e-14,1.5476063157437928e-30,-9.246806652063437e-16
460.68,2.9640157068701155e-14,1.5475993732370663e-30,-9.246982249929095e-16
460.7,2.964015845359004e-14,1.5475980926352402e-30,-9.246999518327813e-16
460.72,2.964016170417612e-14,1.5475950868367908e-30,-9.246900198603295e-16
460.74,2.964016160359245e-14,1.5475951798596943e-30,-9.246788686074862e-16
460.76,2.9640164089762383e-14,1.547592880960431e-30,-9.246726376166134e-16
460.78,2.9640168695795206e-14,1.5475886218668683e-30,-9.24674696980037e-16
460.8,2.964017179207489e-14,1.547585758794051e-30,-9.246856452286612e-16
460.82,2.9640170733161035e-14,1.5475867379524653e-30,-9.24676162242736e-16
460.84,2.9640177245750386e-14,1.5475807158633621e-30,-9.246792907190996e-16
460.86,2.9640180905637196e-14,1.5475773316197471e-30,-9.247019499680084e-16
460.88,2.9640186033154074e-14,1.547572590164594e-30,-9.247081561034519e-16
460.9,2.964018527854668e-14,1.5475732879549394e-30,-9.247047202622199e-16
460.92,2.9640187561643177e-14,1.5475711767729501e-30,-9.24700549128566e-16
460.94,2.964019146304604e-14,1.5475675691169987e-30,-9.247170405610603e-16
460.96,2.9640196855433883e-14,1.5475625827271115e-30,-9.247031680769414e-16
460.98,2.96402006027782e-14,1.5475591175634608e-30,-9.246903236650213e-16
461.0,2.964020618968486e-14,1.5475539513992486e-30,-9.246931975418604e-16
461.02,2.964020987581378e-14,1.5475505428617827e-30,-9.246919370405048e-16
461.04,2.964021140537762e-14,1.5475491284913694e-30,-9.246828552414523e-16
461.06,2.964021410734131e-14,1.5475466300328009e-30,-9.246811108308714e-16
461.08,2.964021591671624e-14,1.547544956932543e-30,-9.24691815806799e-16
461.1,2.9640219479781724e-14,1.547541662219713e-30,-9.246850955586655e-16
461.12,2.9640222554312614e-14,1.5475388192226635e-30,-9.246952903310245e-16
461.14,2.9640224870732163e-14,1.5475366772348653e-30,-9.247102562141444e-16
461.16,2.9640227354330864e-14,1.5475343806491784e-30,-9.246994218009887e-16
461.18,2.964023230931883e-14,1.5475297987898808e-30,-9.246957743782058e-16
461.2,2.9640235036662206e-14,1.5475272768191939e-30,-9.246899804161167e-16
461.22,2.964024101726851e-14,1.547521746624914e-30,-9.246865225311291e-16
461.24,2.964024068533396e-14,1.5475220535569356e-30,-9.24686105353399e-16
461.26,2.9640241885003045e-14,1.5475209442457132e-30,-9.246931191210085e-16
461.28,2.9640240622292264e-14,1.5475221118506093e-30,-9.247099078642759e-16
461.3,2.9640240210798226e-14,1.5475224923722938e-30,-9.247030456793659e-16
461.32,2.964024292522604e-14,1.547519982355073e-30,-9.246908547597409e-16
461.34,2.9640245097887037e-14,1.5475179733188568e-30,-9.246877539244008e-16
461.36,2.9640246110888543e-14,1.547517036602408e-30,-9.246952827913917e-16
461.38,2.9640252939182414e-14,1.5475107224946227e-30,-9.246979804223472e-16
461.4,2.964025248967098e-14,1.5475111381589274e-30,-9.247071397352036e-16
461.42,2.9640252007868117e-14,1.5475115836942211e-30,-9.247056364889308e-16
461.44,2.964025571339e-14,1.5475081571792111e-30,-9.247080538789903e-16
461.46,2.9640256452051906e-14,1.5475074741297168e-30,-9.247043649557183e-16
461.48,2.964026000106186e-14,1.54750419231055e-30,-9.247162339772746e-16
461.5,2.964025945000029e-14,1.5475047018787675e-30,-9.247175751052477e-16
461.52,2.9640263337838995e-14,1.5475011067227832e-30,-9.247149018279113e-16
461.54,2.96402637430124e-14,1.5475007320449701e-30,-9.247120617118262e-16
461.56,2.964025988772056e-14,1.5475042970980955e-30,-9.247178741302313e-16
461.58,2.964026298722339e-14,1.547501430928287e-30,-9.247194637525923e-16
461.6,2.96402619059767e-14,1.547502430746148e-30,-9.247042264144515e-16
461.62,2.9640268528560645e-14,1.547496306813296e-30,-9.247034268122111e-16
461.64,2.964026648440201e-14,1.5474981970432522e-30,-9.24701703293002e-16
461.66,2.964027027547759e-14,1.5474946914282205e-30,-9.246993451230303e-16
461.68,2.964027190903554e-14,1.5474931808966137e-30,-9.246976332115938e-16
461.7,2.9640279472796546e-14,1.5474861866643496e-30,-9.24708021563966e-16
461.72,2.964028145511782e-14,1.547484353592685e-30,-9.247075551550992e-16
461.74,2.9640284964565466e-14,1.5474811083850733e-30,-9.247083326426812e-16
461.76,2.964029004114791e-14,1.5474764139652634e-30,-9.247261567948694e-16
461.78,2.964029452157491e-14,1.5474722707712327e-30,-9.247323046267078e-16
461.8,2.9640300901566993e-14,1.5474663709851016e-30,-9.247335538043122e-16
461.82,2.964030055787902e-14,1.5474666887966021e-30,-9.247283047172855e-16
461.84,2.9640302848836513e-14,1.5474645702829743e-30,-9.247279407188936e-16
461.86,2.964031155009923e-14,1.547456523987859e-30,-9.247141322467824e-16
461.88,2.964031201080214e-14,1.5474560979829984e-30,-9.247071078890624e-16
461.9,2.9640315301281833e-14,1.5474530552533685e-30,-9.247109793429465e-16
461.92,2.964031528382965e-14,1.5474530714002184e-30,-9.246962106798018e-16
461.94,2.964032302200787e-14,1.547445915949922e-30,-9.246979498948186e-16
461.96,2.9640323419384053e-14,1.5474455484987556e-30,-9.246987527086222e-16
461.98,2.964032315431673e-14,1.5474457936107423e-30,-9.246949045219696e-16
462.0,2.964032446773725e-14,1.5474445791033025e-30,-9.246837686611752e-16
462.02,2.9640328150692733e-14,1.5474411735440528e-30,-9.246907019772628e-16
462.04,2.9640331047092785e-14,1.5474384952608522e-30,-9.246953648869944e-16
462.06,2.964033727250403e-14,1.5474327386507014e-30,-9.246926132977793e-16
462.08,2.964033622710816e-14,1.5474337053174517e-30,-9.246851042046284e-16
462.1,2.964033880414413e-14,1.5474313223647366e-30,-9.246837639447968e-16
462.12,2.96403435571734e-14,1.547426927290742e-30,-9.246931011881806e-16
462.14,2.964034583114623e-14,1.5474248245540933e-30,-9.247026242177266e-16
462.16,2.9640348100397754e-14,1.5474227261482507e-30,-9.247093055986201e-16
462.18,2.9640353065789744e-14,1.5474181346385503e-30,-9.247046513905923e-16
462.2,2.9640356556101487e-14,1.5474149071082454e-30,-9.247044610089683e-16
462.22,2.964035998326392e-14,1.5474117379803403e-30,-9.247103617150766e-16
462.24,2.964036170551691e-14,1.5474101453992087e-30,-9.247020155436804e-16
462.26,2.964036295513371e-14,1.5474089898723102e-30,-9.247054505360507e-16
462.28,2.96403663205336e-14,1.5474058779180624e-30,-9.246924012973117e-16
462.3,2.964036285953018e-14,1.5474090783008126e-30,-9.24706520036132e-16
462.32,2.964036884227799e-14,1.5474035459740125e-30,-9.24721447971177e-16
462.34,2.964037130564612e-14,1.5474012680389714e-30,-9.247242533918027e-16
462.36,2.9640372993005615e-14,1.54739970770697e-30,-9.247138920161384e-16
462.38,2.9640373691289113e-14,1.547399061991749e-30,-9.247168337832147e-16
462.4,2.9640375345620816e-14,1.5473975321843811e-30,-9.247365759559045e-16
462.42,2.9640373658079495e-14,1.5473990927241975e-30,-9.247388309473347e-16
462.44,2.9640379072681935e-14,1.5473940855940684e-30,-9.247436812805092e-16
462.46,2.9640379731262196e-14,1.5473934765770397e-30,-9.247374441459088e-16
462.48,2.964038233808171e-14,1.5473910659956206e-30,-9.247259512255115e-16
462.5,2.964038315399585e-14,1.5473903115109077e-30,-9.247155766021116e-16
462.52,2.964038508015651e-14,1.5473885303699575e-30,-9.2471399541209e-16
462.54,2.9640389481034607e-14,1.5473844607859544e-30,-9.24716752298364e-16
462.56,2.9640395296930475e-14,1.5473790827217067e-30,-9.247238453767393e-16
462.58,2.964039509525151e-14,1.5473792692309665e-30,-9.24724089265142e-16
462.6,2.9640395336358733e-14,1.5473790462731659e-30,-9.24724861631218e-16
462.62,2.964039555003132e-14,1.5473788486943725e-30,-9.24710888074706e-16
462.64,2.964039780171034e-14,1.5473767665610617e-30,-9.247001217020654e-16
462.66,2.964039945857085e-14,1.5473752344720477e-30,-9.246934797835127e-16
462.68,2.9640403912804955e-14,1.547371115676867e-30,-9.246869861103519e-16
462.7,2.964040235104221e-14,1.5473725598269538e-30,-9.246914567563793e-16
462.72,2.9640407810028375e-14,1.5473675119528183e-30,-9.24689058692134e-16
462.74,2.9640410858114514e-14,1.5473646934211422e-30,-9.246860777156572e-16
462.76,2.964041356046517e-14,1.5473621946212221e-30,-9.246695306623475e-16
462.78,2.964042015211664e-14,1.5473560995345058e-30,-9.246668746057185e-16
462.8,2.9640421742900285e-14,1.54735462859487e-30,-9.246744520527676e-16
462.82,2.964042185389786e-14,1.5473545259563331e-30,-9.246728395059983e-16
462.84,2.964042258212066e-14,1.5473538525826632e-30,-9.246726657111372e-16
462.86,2.964042539571715e-14,1.5473512509350611e-30,-9.246707506813178e-16
462.88,2.964042510019895e-14,1.5473515241891103e-30,-9.246653548895604e-16
462.9,2.9640430677274396e-14,1.5473463672548414e-30,-9.246697749316122e-16
462.92,2.9640433440333207e-14,1.5473438123343161e-30,-9.24664547375124e-16
462.94,2.9640433161761487e-14,1.5473440699220813e-30,-9.246507727040618e-16
462.96,2.964043786770261e-14,1.5473397185675325e-30,-9.246501774971492e-16
462.98,2.964044032651985e-14,1.5473374450354472e-30,-9.24641331580492e-16
463.0,2.964044368102291e-14,1.5473343433083683e-30,-9.246536415106236e-16
463.02,2.964044764795282e-14,1.547330675280355e-30,-9.246434328661456e-16
463.04,2.964044867468098e-14,1.547329725926704e-30,-9.24646838436418e-16
463.06,2.9640451734001575e-14,1.5473268971432478e-30,-9.24644488122933e-16
463.08,2.9640451270344767e-14,1.5473273258659906e-30,-9.246574663100747e-16
463.1,2.9640456676330775e-14,1.5473223272101653e-30,-9.246462707091438e-16
463.12,2.9640464607230805e-14,1.5473149939193562e-30,-9.246515099811788e-16
463.14,2.964046573504619e-14,1.5473139510884004e-30,-9.246474153463961e-16
463.16,2.9640465651589224e-14,1.5473140282535108e-30,-9.246419866359938e-16
463.18,2.964047038302281e-14,1.54730965340891e-30,-9.246241851355836e-16
463.2,2.9640474959419995e-14,1.5473054219522955e-30,-9.2462758396728e-16
463.22,2.964047825911981e-14,1.5473023709722461e-30,-9.246198287281169e-16
463.24,2.964048217609997e-14,1.5472987492399828e-30,-9.24630945388084e-16
463.26,2.9640488844050884e-14,1.5472925838327663e-30,-9.246306680868783e-16
463.28,2.9640495554934345e-14,1.5472863787440638e-30,-9.246264894346069e-16
463.3,2.9640496461127165e-14,1.5472855408610195e-30,-9.246104409397642e-16
463.32,2.9640500183326496e-14,1.5472820992753796e-30,-9.246056675343804e-16
463.34,2.964050310233032e-14,1.5472794003306625e-30,-9.24612160060143e-16
463.36,2.9640507162604747e-14,1.547275646138575e-30,-9.246157521919175e-16
463.38,2.964051137359939e-14,1.5472717525930375e-30,-9.246074481558226e-16
463.4,2.964051384037473e-14,1.547269471814723e-30,-9.245898840699333e-16
463.42,2.964051501881092e-14,1.547268382243432e-30,-9.24605674441252e-16
463.44,2.9640518763583576e-14,1.5472649198119189e-30,-9.2460236704169e-16
463.46,2.96405191708609e-14,1.547264543245423e-30,-9.246036716314718e-16
463.48,2.964052165018253e-14,1.5472622508623172e-30,-9.2459769611385e-16
463.5,2.9640524323049144e-14,1.5472597795385707e-30,-9.245863296011868e-16
463.52,2.964052753435893e-14,1.5472568104096773e-30,-9.245915873757808e-16
463.54,2.9640533875124296e-14,1.5472509478156244e-30,-9.24576789267819e-16
463.56,2.9640539896459814e-14,1.5472453806462486e-30,-9.24573081538182e-16
463.58,2.964054551498358e-14,1.5472401859884647e-30,-9.245572768109042e-16
463.6,2.964054769948248e-14,1.547238166286006e-30,-9.245588119357877e-16
463.62,2.964054969808468e-14,1.5472363184565277e-30,-9.245605878781646e-16
463.64,2.964055522199651e-14,1.5472312112312082e-30,-9.245668726820992e-16
463.66,2.964055658829215e-14,1.5472299479794848e-30,-9.245841334272257e-16
463.68,2.964056286322464e-14,1.5472241462527818e-30,-9.24592183542248e-16
463.7,2.964057026613915e-14,1.5472173016234572e-30,-9.245834471891568e-16
463.72,2.9640576412430653e-14,1.547211618795455e-30,-9.246025761058595e-16
463.74,2.964058040248911e-14,1.5472079295839571e-30,-9.245974292995086e-16
463.76,2.964058523186946e-14,1.5472034643409088e-30,-9.246036707387968e-16
463.78,2.964058581572655e-14,1.5472029245267319e-30,-9.24611997167876e-16
463.8,2.964058639335964e-14,1.5472023904335606e-30,-9.246119042218545e-16
463.82,2.9640592171394876e-14,1.5471970480040352e-30,-9.246088547960906e-16
463.84,2.964059017549604e-14,1.5471988934245494e-30,-9.246055320777175e-16
463.86,2.964059195550977e-14,1.5471972476165446e-30,-9.245939198630447e-16
463.88,2.9640597409753356e-14,1.5471922046400451e-30,-9.24593728531711e-16
463.9,2.964059791948789e-14,1.5471917333506366e-30,-9.245949882995206e-16
463.92,2.964060347412035e-14,1.5471865975770918e-30,-9.245906585687107e-16
463.94,2.964060149259466e-14,1.5471884296798714e-30,-9.245865913117243e-16
463.96,2.9640605950528184e-14,1.5471843079612575e-30,-9.245826425369917e-16
463.98,2.9640603609854027e-14,1.5471864721006667e-30,-9.24583827705097e-16
464.0,2.964060493776784e-14,1.5471852442928156e-30,-9.246034806653492e-16
464.02,2.96406111856323e-14,1.547179467499726e-30,-9.24596617539691e-16
464.04,2.9640610201917435e-14,1.547180377017213e-30,-9.245773496080263e-16
464.06,2.96406118839564e-14,1.5471788218396088e-30,-9.245728721683288e-16
464.08,2.964061231418521e-14,1.5471784240537194e-30,-9.245529607684877e-16
464.1,2.964062035645804e-14,1.5471709885103227e-30,-9.245597436513092e-16
464.12,2.964062358183099e-14,1.547168006457285e-30,-9.245570663821316e-16
464.14,2.964062564818677e-14,1.547166096001059e-30,-9.24555219739374e-16
464.16,2.9640630832235306e-14,1.5471613030428943e-30,-9.245561748999047e-16
464.18,2.9640635329732896e-14,1.5471571448844824e-30,-9.245502704577984e-16
464.2,2.964063750338904e-14,1.5471551352095921e-30,-9.245644030454032e-16
464.22,2.9640639623832244e-14,1.5471531747170192e-30,-9.245642079072635e-16
464.24,2.964064484850606e-14,1.547148344208683e-30,-9.245490537666063e-16
464.26,2.964064498549737e-14,1.5471482175636024e-30,-9.24548962717322e-16
464.28,2.9640646468103666e-14,1.5471468468158717e-30,-9.245518046553917e-16
464.3,2.9640650513631144e-14,1.5471431064764269e-30,-9.245621802744445e-16
464.32,2.9640652141103414e-14,1.5471416017773656e-30,-9.245622751219995e-16
464.34,2.964065148435692e-14,1.5471422089785381e-30,-9.245507742001387e-16
464.36,2.964065062200352e-14,1.5471430062698531e-30,-9.245640237803598e-16
464.38,2.9640652354422914e-14,1.5471414045245406e-30,-9.245551490155168e-16
464.4,2.9640655258552496e-14,1.5471387194810206e-30,-9.245606529602937e-16
464.42,2.964065700550968e-14,1.5471371043105866e-30,-9.245583886961822e-16
464.44,2.9640659029197984e-14,1.5471352332942796e-30,-9.245524443476696e-16
464.46,2.964066442393537e-14,1.547130245591136e-30,-9.245455120759707e-16
464.48,2.964066796608444e-14,1.5471269707205086e-30,-9.245421526189096e-16
464.5,2.96406695335006e-14,1.5471255215928168e-30,-9.245235734066442e-16
464.52,2.964067315270792e-14,1.5471221755699482e-30,-9.24520127715048e-16
464.54,2.9640676652263965e-14,1.5471189401430038e-30,-9.2453342543295e-16
464.56,2.964067957869377e-14,1.5471162345639598e-30,-9.245201603203732e-16
464.58,2.964068249834872e-14,1.5471135352927514e-30,-9.245138197011533e-16
464.6,2.964068231260785e-14,1.5471137070141276e-30,-9.245105461320805e-16
464.62,2.964068535028381e-14,1.5471108986578656e-30,-9.245042858719752e-16
464.64,2.964068975741177e-14,1.547106824253966e-30,-9.24506837273757e-16
464.66,2.964068984593868e-14,1.5471067424143773e-30,-9.245058616761753e-16
464.68,2.9640693833180956e-14,1.5471030561921457e-30,-9.245070088608804e-16
464.7,2.9640697038833686e-14,1.5471000925424423e-30,-9.24508365024558e-16
464.72,2.9640699439006516e-14,1.5470978735635466e-30,-9.245079114798038e-16
464.74,2.9640700577736945e-14,1.5470968207986454e-30,-9.24502204201143e-16
464.76,2.9640703089515486e-14,1.5470944986633962e-30,-9.244988748868672e-16
464.78,2.9640704744010547e-14,1.5470929690935128e-30,-9.24503261565609e-16
464.8,2.964070426555648e-14,1.547093411427202e-30,-9.24511286769256e-16
464.82,2.964070702001801e-14,1.5470908648983225e-30,-9.245123721579583e-16
464.84,2.9640708056134395e-14,1.5470899069895007e-30,-9.245168433648342e-16
464.86,2.9640711265753953e-14,1.5470869396602902e-30,-9.245092656602535e-16
464.88,2.964071314361607e-14,1.5470852035570385e-30,-9.245156367711405e-16
464.9,2.964071354738812e-14,1.5470848302605768e-30,-9.245119771837123e-16
464.92,2.9640718548052705e-14,1.5470802070220466e-30,-9.245293832086028e-16
464.94,2.964071630550716e-14,1.547082280299371e-30,-9.245206767745286e-16
464.96,2.964071946905716e-14,1.547079355559574e-30,-9.245140386242382e-16
464.98,2.964072038810584e-14,1.5470785058923512e-30,-9.245097686754376e-16
465.0,2.9640720676608255e-14,1.5470782391747084e-30,-9.24506338287254e-16
465.02,2.9640716369358715e-14,1.5470822212959517e-30,-9.24522104148191e-16
465.04,2.964072174894282e-14,1.5470772476915176e-30,-9.245461951304968e-16
465.06,2.964072688571435e-14,1.5470724985340487e-30,-9.245434666553796e-16
465.08,2.964072870507292e-14,1.5470708164771212e-30,-9.24534753351321e-16
465.1,2.9640725677660474e-14,1.5470736154013769e-30,-9.245221137231954e-16
465.12,2.9640728376561575e-14,1.5470711202160727e-30,-9.245121099271512e-16
465.14,2.964073092619775e-14,1.5470687630365499e-30,-9.245214620653018e-16
465.16,2.9640737443377297e-14,1.5470627377728998e-30,-9.245149544033652e-16
465.18,2.9640739650377926e-14,1.5470606973664766e-30,-9.245186754866504e-16
465.2,2.964074382220455e-14,1.547056840445773e-30,-9.24510499156376e-16
465.22,2.9640748300791096e-14,1.547052699916641e-30,-9.245152034979342e-16
465.24,2.964075034952078e-14,1.5470508058365972e-30,-9.245130334759743e-16
465.26,2.964075419566972e-14,1.5470472500323087e-30,-9.245040592142827e-16
465.28,2.9640755168213617e-14,1.5470463509050336e-30,-9.245079410378066e-16
465.3,2.964075902549213e-14,1.5470427847798325e-30,-9.24529218379556e-16
465.32,2.964076256190994e-14,1.5470395152654508e-30,-9.245259127730749e-16
465.34,2.9640763018153995e-14,1.547039093450738e-30,-9.245355689669013e-16
465.36,2.964076180830654e-14,1.5470402119994431e-30,-9.245425353318747e-16
465.38,2.964076486483659e-14,1.5470373860952437e-30,-9.245445820911628e-16
465.4,2.96407731700442e-14,1.5470297075856495e-30,-9.245443020190988e-16
465.42,2.9640773724850125e-14,1.5470291946399963e-30,-9.245375473213781e-16
465.44,2.9640774099451656e-14,1.5470288483068168e-30,-9.245413512617692e-16
465.46,2.964077668851896e-14,1.5470264546175105e-30,-9.24536816417563e-16
465.48,2.964078212737727e-14,1.5470214261757331e-30,-9.245444023467443e-16
465.5,2.96407843110177e-14,1.547019407294543e-30,-9.24544891605125e-16
465.52,2.9640783321592014e-14,1.5470203220719543e-30,-9.245382480813824e-16
465.54,2.964078651233761e-14,1.547017372105151e-30,-9.245295371488762e-16
465.56,2.9640788236038003e-14,1.547015778497032e-30,-9.245212033214808e-16
465.58,2.9640790891037524e-14,1.5470133238847185e-30,-9.245285951426958e-16
465.6,2.96407925295119e-14,1.547011809075661e-30,-9.245402751441704e-16
465.62,2.9640797226833674e-14,1.5470074662302188e-30,-9.245359052974485e-16
465.64,2.9640800347093063e-14,1.547004581457769e-30,-9.245329544709989e-16
465.66,2.9640800196502615e-14,1.5470047206788237e-30,-9.245331163066182e-16
465.68,2.964080665658888e-14,1.546998748119581e-30,-9.245237798499338e-16
465.7,2.964081187077203e-14,1.5469939275152393e-30,-9.2452359538382e-16
465.72,2.9640813783904914e-14,1.5469921587730913e-30,-9.245203930538725e-16
465.74,2.9640813301261265e-14,1.5469926049844735e-30,-9.245287776416746e-16
465.76,2.9640811428135323e-14,1.5469943367491254e-30,-9.245352225833632e-16
465.78,2.9640812392575184e-14,1.5469934450884307e-30,-9.24542540632168e-16
465.8,2.9640815851280716e-14,1.5469902473886622e-30,-9.245357376726945e-16
465.82,2.9640818932483804e-14,1.546987398730088e-30,-9.245165050905495e-16
465.84,2.9640823679541164e-14,1.5469830100090465e-30,-9.245090242161364e-16
465.86,2.9640830215059736e-14,1.546976967892446e-30,-9.245085828027533e-16
465.88,2.964083572658847e-14,1.5469718724435015e-30,-9.245056470946968e-16
465.9,2.964083732138367e-14,1.546970398039587e-30,-9.245099891143976e-16
465.92,2.9640840676885395e-14,1.5469672958508385e-30,-9.245018991685576e-16
465.94,2.9640842285116596e-14,1.5469658090449227e-30,-9.244973960956611e-16
465.96,2.9640845371454374e-14,1.5469629557145675e-30,-9.245023876787037e-16
465.98,2.9640851847101e-14,1.5469569689430519e-30,-9.245049081444373e-16
466.0,2.9640853251118665e-14,1.5469556709267207e-30,-9.24498910103322e-16
466.02,2.964086095192222e-14,1.54694855148113e-30,-9.245095205415118e-16
466.04,2.964086047969703e-14,1.5469489880528597e-30,-9.245086006941187e-16
466.06,2.964086587215929e-14,1.546944002666369e-30,-9.24512927935536e-16
466.08,2.964087042344331e-14,1.5469397949663639e-30,-9.244978029201283e-16
466.1,2.964087103173454e-14,1.5469392326092561e-30,-9.244761386294042e-16
466.12,2.964086827428484e-14,1.5469417817905588e-30,-9.244740250292532e-16
466.14,2.964086970816383e-14,1.5469404562167564e-30,-9.244601225640338e-16
466.16,2.964087165068606e-14,1.5469386604296286e-30,-9.244627920230467e-16
466.18,2.9640872585191075e-14,1.5469377965132772e-30,-9.24461684575064e-16
466.2,2.964087326484316e-14,1.5469371681947347e-30,-9.244515271063596e-16
466.22,2.964087792065265e-14,1.5469328641336687e-30,-9.24448121580989e-16
466.24,2.9640880862337473e-14,1.5469301446696408e-30,-9.244631701736349e-16
466.26,2.964088110093359e-14,1.5469299241012642e-30,-9.244626836707137e-16
466.28,2.9640884381118096e-14,1.5469268917142848e-30,-9.244584182809454e-16
466.3,2.9640886446368864e-14,1.546924982478221e-30,-9.244637510959488e-16
466.32,2.9640889122463895e-14,1.546922508503909e-30,-9.244748961274563e-16
466.34,2.964089027458921e-14,1.5469214434043224e-30,-9.244758118382521e-16
466.36,2.9640890451808286e-14,1.5469212795675839e-30,-9.244834839506294e-16
466.38,2.9640890856999395e-14,1.546920904985996e-30,-9.244684591284137e-16
466.4,2.9640897175547284e-14,1.5469150636942302e-30,-9.24459714124437e-16
466.42,2.964090154873346e-14,1.5469110208504228e-30,-9.244672225297013e-16
466.44,2.9640907906117595e-14,1.546905143634656e-30,-9.244750133588606e-16
466.46,2.964091403945509e-14,1.5468994735824866e-30,-9.244518006831322e-16
466.48,2.9640917655659134e-14,1.5468961305780762e-30,-9.244530711895633e-16
466.5,2.964092045432327e-14,1.5468935433294433e-30,-9.244498761921726e-16
466.52,2.9640926427535055e-14,1.5468880214059193e-30,-9.244391945527228e-16
466.54,2.964093159137207e-14,1.546883247728953e-30,-9.244453692388221e-16
466.56,2.964093381784719e-14,1.5468811894940825e-30,-9.244317664306848e-16
466.58,2.9640934684311045e-14,1.546880388531468e-30,-9.2442224105991e-16
466.6,2.96409431710323e-14,1.5468725432426708e-30,-9.244274895952074e-16
466.62,2.964094515977571e-14,1.5468707047830143e-30,-9.244323717009382e-16
466.64,2.9640946919265943e-14,1.5468690782541316e-30,-9.24428227342817e-16
466.66,2.964095034107138e-14,1.5468659150572489e-30,-9.244106562965712e-16
466.68,2.964095010673039e-14,1.546866131685686e-30,-9.24405069874746e-16
466.7,2.964095302363826e-14,1.5468634352814532e-30,-9.24398790080157e-16
466.72,2.964095869663084e-14,1.5468581911756116e-30,-9.243925237222358e-16
466.74,2.964096034759182e-14,1.5468566650422702e-30,-9.243856895994433e-16
466.76,2.9640962873548333e-14,1.546854330103239e-30,-9.243693126902095e-16
466.78,2.964096549521938e-14,1.5468519067017294e-30,-9.243654067455438e-16
466.8,2.9640969308886574e-14,1.5468483814692605e-30,-9.243753938028273e-16
466.82,2.96409747632603e-14,1.5468433395180338e-30,-9.243909791245212e-16
466.84,2.964097434971529e-14,1.5468437217975691e-30,-9.24392706379744e-16
466.86,2.964097367844394e-14,1.5468443423100981e-30,-9.243974468731252e-16
466.88,2.9640975757889275e-14,1.5468424200742912e-30,-9.243950553037926e-16
466.9,2.964097428986366e-14,1.5468437771067202e-30,-9.244027768703333e-16
466.92,2.9640976057692915e-14,1.5468421429111055e-30,-9.244106082641718e-16
466.94,2.964097883607977e-14,1.546839574558169e-30,-9.244050021062615e-16
466.96,2.96409772969014e-14,1.5468409973859566e-30,-9.244034816838362e-16
466.98,2.964097919283328e-14,1.546839244759684e-30,-9.244134914733458e-16
467.0,2.9640985695659337e-14,1.5468332334090296e-30,-9.244194251114939e-16
467.02,2.9640990617088474e-14,1.5468286839495865e-30,-9.244208435107119e-16
467.04,2.9640990965850564e-14,1.5468283615485216e-30,-9.244170057730426e-16
467.06,2.964099351134012e-14,1.546826008463661e-30,-9.244142043589783e-16
467.08,2.964099800436185e-14,1.546821855057495e-30,-9.244162439060109e-16
467.1,2.964100145493798e-14,1.5468186653057422e-30,-9.244020568826491e-16
467.12,2.9641006660814564e-14,1.5468138530016785e-30,-9.244030608657023e-16
467.14,2.9641014232895867e-14,1.546806853378688e-30,-9.24394625455631e-16
467.16,2.964101414346745e-14,1.5468069360448522e-30,-9.243915989913046e-16
467.18,2.964101270612407e-14,1.5468082647164166e-30,-9.24393315849041e-16
467.2,2.9641014653796616e-14,1.5468064643181346e-30,-9.243797055803937e-16
467.22,2.96410141627239e-14,1.546806918248585e-30,-9.243795509151255e-16
467.24,2.9641013890315354e-14,1.5468071700501854e-30,-9.243773589674867e-16
467.26,2.964102084446629e-14,1.5468007417849695e-30,-9.243753379071413e-16
467.28,2.9641021814495514e-14,1.546799845110473e-30,-9.243849820012771e-16
467.3,2.9641030532603244e-14,1.5467917862256549e-30,-9.243795225533987e-16
467.32,2.964102530476118e-14,1.5467966187577979e-30,-9.243893123037588e-16
467.34,2.964103006840408e-14,1.5467922153046421e-30,-9.243908848765479e-16
467.36,2.964103184940028e-14,1.5467905689680577e-30,-9.244082536026906e-16
467.38,2.9641032647901664e-14,1.5467898308197129e-30,-9.243990921778485e-16
467.4,2.964103036697562e-14,1.5467919393051001e-30,-9.243966921579539e-16
467.42,2.964103320362787e-14,1.5467893171384712e-30,-9.243766885445959e-16
467.44,2.9641037241571225e-14,1.5467855845494563e-30,-9.243755286563114e-16
467.46,2.9641037030366516e-14,1.5467857797810445e-30,-9.243817489784243e-16
467.48,2.9641040630064407e-14,1.5467824522826728e-30,-9.243827947359065e-16
467.5,2.964104037777235e-14,1.54678268550372e-30,-9.243875787343355e-16
467.52,2.964103883388416e-14,1.5467841126693032e-30,-9.24392381755735e-16
467.54,2.964104234132534e-14,1.546780870393753e-30,-9.24408124654714e-16
467.56,2.964104876199461e-14,1.546774935110093e-30,-9.24406172408204e-16
467.58,2.964104709825956e-14,1.5467764730729306e-30,-9.244051966188976e-16
467.6,2.964104384339436e-14,1.5467794818864922e-30,-9.243946231203819e-16
467.62,2.9641047080423405e-14,1.5467764895576912e-30,-9.244118845746786e-16
467.64,2.964105153990789e-14,1.546772367219722e-30,-9.24391169426849e-16
467.66,2.9641053903219363e-14,1.5467701826012028e-30,-9.243820924939166e-16
467.68,2.9641055337236263e-14,1.5467688570252538e-30,-9.243689859345878e-16
467.7,2.964105734405958e-14,1.5467670019755116e-30,-9.243653774535764e-16
467.72,2.9641060809015076e-14,1.5467637991244048e-30,-9.243525714862089e-16
467.74,2.9641062784248365e-14,1.5467619733227897e-30,-9.243632591969847e-16
467.76,2.9641066478511714e-14,1.546758558481162e-30,-9.243607429210491e-16
467.78,2.9641067513465244e-14,1.5467576017974592e-30,-9.243654629721728e-16
467.8,2.9641071456170345e-14,1.546753957297899e-30,-9.243663380888807e-16
467.82,2.9641073832039405e-14,1.5467517611222853e-30,-9.24368678245324e-16
467.84,2.964107135059699e-14,1.5467540548867407e-30,-9.243720521975465e-16
467.86,2.9641073527712305e-14,1.5467520424256733e-30,-9.243682570032562e-16
467.88,2.9641074921763586e-14,1.5467507538270365e-30,-9.24354565717458e-16
467.9,2.964107404496353e-14,1.5467515642829776e-30,-9.243457287641225e-16
467.92,2.964107955701928e-14,1.5467464692328189e-30,-9.24346900409937e-16
467.94,2.964108274565081e-14,1.5467435218294136e-30,-9.243490240667865e-16
467.96,2.964108309625007e-14,1.5467431977582102e-30,-9.2435215035343e-16
467.98,2.964108596664381e-14,1.5467405444956654e-30,-9.24359869052619e-16
468.0,2.9641085356774096e-14,1.5467411082310654e-30,-9.243553181976287e-16
468.02,2.9641087421556325e-14,1.5467391996409185e-30,-9.243669284756638e-16
468.04,2.964109297071838e-14,1.546734070217655e-30,-9.243493437628604e-16
468.06,2.9641096768877486e-14,1.5467305593824818e-30,-9.24348999625304e-16
468.08,2.9641099065838544e-14,1.5467284361829982e-30,-9.24350953217926e-16
468.1,2.964110010512333e-14,1.5467274755160674e-30,-9.243442365961231e-16
468.12,2.964110419483195e-14,1.5467236952337562e-30,-9.243394685196682e-16
468.14,2.964110310938217e-14,1.5467246985521334e-30,-9.243287925176867e-16
468.16,2.96411061004557e-14,1.5467219338089508e-30,-9.243279209952657e-16
468.18,2.9641107161441044e-14,1.5467209530974961e-30,-9.24322242269599e-16
468.2,2.9641109969287546e-14,1.5467183577452584e-30,-9.243219133030052e-16
468.22,2.9641116001043923e-14,1.5467127824136899e-30,-9.243254769545187e-16
468.24,2.9641119169130346e-14,1.5467098540462328e-30,-9.243340633963963e-16
468.26,2.964112263924766e-14,1.5467066464970188e-30,-9.243339356480246e-16
468.28,2.964112824208258e-14,1.5467014675751112e-30,-9.243397477321736e-16
468.3,2.964112875938377e-14,1.5467009894112165e-30,-9.24337205734955e-16
468.32,2.964113054127471e-14,1.5466993423555572e-30,-9.243244523392345e-16
468.34,2.964113507554082e-14,1.5466951512128576e-30,-9.243286922350063e-16
468.36,2.964114261838685e-14,1.546688179126574e-30,-9.243312447395997e-16
468.38,2.9641143221334973e-14,1.5466876218060594e-30,-9.243439442270745e-16
468.4,2.964114638275682e-14,1.5466846995526934e-30,-9.243253704366028e-16
468.42,2.964114383534151e-14,1.5466870541681417e-30,-9.243148271626457e-16
468.44,2.964114530375904e-14,1.546685696881579e-30,-9.243220102914025e-16
468.46,2.964114795364062e-14,1.546683247523654e-30,-9.24328476804461e-16
468.48,2.9641145629730296e-14,1.5466853955978574e-30,-9.243339135813448e-16
468.5,2.9641148895196606e-14,1.5466823772324958e-30,-9.243231106807998e-16
468.52,2.964115496280039e-14,1.54667676882526e-30,-9.24312770797651e-16
468.54,2.964115782295979e-14,1.5466741251379299e-30,-9.24315725623294e-16
468.56,2.964115848809002e-14,1.546673510347304e-30,-9.243127264834527e-16
468.58,2.964115835449398e-14,1.546673633831476e-30,-9.243078078461098e-16
468.6,2.9641162580062556e-14,1.5466697280896797e-30,-9.243174810934997e-16
468.62,2.96411645488896e-14,1.5466679083020416e-30,-9.242981805223679e-16
468.64,2.964116529552417e-14,1.5466672181936033e-30,-9.24294818175299e-16
468.66,2.964116765341647e-14,1.5466650387811316e-30,-9.24307487305513e-16
468.68,2.964117275739347e-14,1.5466603211199117e-30,-9.243064530199931e-16
468.7,2.964117710238635e-14,1.5466563050772227e-30,-9.242928641759245e-16
468.72,2.964117795769329e-14,1.5466555145323994e-30,-9.242862807357096e-16
468.74,2.964118105411304e-14,1.5466526525538542e-30,-9.242887378402772e-16
468.76,2.9641185181973836e-14,1.546648837216284e-30,-9.242931666159659e-16
468.78,2.964118562189926e-14,1.5466484306025052e-30,-9.242981085822765e-16
468.8,2.964118832846698e-14,1.546645928903897e-30,-9.243079616321767e-16
468.82,2.96411901634372e-14,1.5466442328314879e-30,-9.243111025493658e-16
468.84,2.964119302973016e-14,1.5466415834778103e-30,-9.243038253456486e-16
468.86,2.9641195115196253e-14,1.5466396558548397e-30,-9.243203592619156e-16
468.88,2.964119231301231e-14,1.5466422459907331e-30,-9.243262008419367e-16
468.9,2.9641195512359995e-14,1.5466392887505995e-30,-9.243245387467509e-16
468.92,2.964119673638021e-14,1.546638157353069e-30,-9.243126353571912e-16
468.94,2.964119936644043e-14,1.5466357263250987e-30,-9.243279354424643e-16
468.96,2.9641200692447044e-14,1.5466345006636519e-30,-9.243228587224763e-16
468.98,2.964120089091588e-14,1.546634317210774e-30,-9.243176681017968e-16
469.0,2.964120397469368e-14,1.5466314668382366e-30,-9.2431131826368e-16
469.02,2.964120442831324e-14,1.5466310475545094e-30,-9.243086527851488e-16
469.04,2.964120438935039e-14,1.5466310835625776e-30,-9.24318984856792e-16
469.06,2.964120544205607e-14,1.5466301105248319e-30,-9.243116592321298e-16
469.08,2.9641205525094026e-14,1.5466300337694198e-30,-9.243096018767674e-16
469.1,2.9641205173659383e-14,1.54663035859613e-30,-9.242978659715288e-16
469.12,2.96412095930766e-14,1.5466262737293937e-30,-9.242989502128172e-16
469.14,2.96412125140517e-14,1.546623573911724e-30,-9.242884255875004e-16
469.16,2.9641211440618824e-14,1.5466245660727508e-30,-9.242914326237605e-16
469.18,2.9641211059242384e-14,1.5466249185761576e-30,-9.242672717254542e-16
469.2,2.964121397828937e-14,1.546622220567504e-30,-9.242769321086842e-16
469.22,2.96412145728037e-14,1.546621671074638e-30,-9.242754282781337e-16
469.24,2.964122187019898e-14,1.5466149262107986e-30,-9.24281123373816e-16
469.26,2.964122160619061e-14,1.5466151702318512e-30,-9.242803845630902e-16
469.28,2.9641225364031446e-14,1.546611696925553e-30,-9.242779217894368e-16
469.3,2.964123286363816e-14,1.5466047652125631e-30,-9.242757755120639e-16
469.32,2.9641238204875676e-14,1.5465998284553545e-30,-9.242701913602016e-16
469.34,2.9641244108840556e-14,1.5465943716229157e-30,-9.24255490626611e-16
469.36,2.9641247619520713e-14,1.546591126878899e-30,-9.24243994879441e-16
469.38,2.9641250499841716e-14,1.5465884647619939e-30,-9.24239625580362e-16
469.4,2.964125030780761e-14,1.546588642245015e-30,-9.242381274552323e-16
469.42,2.96412529445501e-14,1.5465862052449197e-30,-9.242504950227128e-16
469.44,2.964125322842771e-14,1.5465859428541604e-30,-9.242442500872404e-16
469.46,2.9641257952278965e-14,1.5465815769089387e-30,-9.242296554826571e-16
469.48,2.9641259248005746e-14,1.5465803793580214e-30,-9.242178407557148e-16
469.5,2.9641264236454745e-14,1.546575768965512e-30,-9.24214085549415e-16
469.52,2.9641270458437515e-14,1.5465700185011649e-30,-9.242120668269692e-16
469.54,2.964127057227821e-14,1.5465699132933484e-30,-9.242019027407946e-16
469.56,2.9641272711927175e-14,1.5465679358213079e-30,-9.242021248557212e-16
469.58,2.9641275678195816e-14,1.5465651943932242e-30,-9.24199947983025e-16
469.6,2.9641280972164863e-14,1.5465603016895546e-30,-9.242097659055012e-16
469.62,2.96412857682018e-14,1.546555869139213e-30,-9.241991434699361e-16
469.64,2.964129091470634e-14,1.5465511127742358e-30,-9.2419641906075e-16
469.66,2.964129329583925e-14,1.5465489121156775e-30,-9.2421057101418e-16
469.68,2.9641295071939445e-14,1.546547270639084e-30,-9.241991380805488e-16
469.7,2.964129601367205e-14,1.5465464002908463e-30,-9.241952046380852e-16
469.72,2.964130121847547e-14,1.5465415900333235e-30,-9.241902785307344e-16
469.74,2.964130238344432e-14,1.5465405133920248e-30,-9.241950497749865e-16
469.76,2.964130435381405e-14,1.5465386923871158e-30,-9.24189128507692e-16
469.78,2.964130660339278e-14,1.5465366133356252e-30,-9.241969009051162e-16
469.8,2.964131144284293e-14,1.5465321407354415e-30,-9.242090595004872e-16
469.82,2.9641309462570583e-14,1.5465339709068547e-30,-9.242051253095997e-16
469.84,2.964131067468514e-14,1.5465328506671492e-30,-9.242059194035242e-16
469.86,2.9641313384825513e-14,1.546530345912779e-30,-9.242156927455774e-16
469.88,2.964131470898603e-14,1.5465291220969785e-30,-9.242315029286644e-16
469.9,2.964131843777575e-14,1.5465256758216707e-30,-9.242309826841744e-16
469.92,2.964132188411001e-14,1.546522490598797e-30,-9.242498117441817e-16
469.94,2.964132256595959e-14,1.54652186038816e-30,-9.242585016052034e-16
469.96,2.9641327434459673e-14,1.5465173606402474e-30,-9.242496124662262e-16
469.98,2.964132808036583e-14,1.5465167636651736e-30,-9.242450392493327e-16
470.0,2.964133632533876e-14,1.5465091433024523e-30,-9.242382759121178e-16
470.02,2.9641338989268064e-14,1.5465066812033971e-30,-9.242330054334868e-16
470.04,2.9641337917037233e-14,1.546507672189428e-30,-9.24222238423573e-16
470.06,2.964134018749161e-14,1.5465055737855506e-30,-9.242202138285785e-16
470.08,2.964134248249184e-14,1.5465034526921628e-30,-9.242199493516162e-16
470.1,2.964134621360557e-14,1.5465000043010147e-30,-9.242233596037308e-16
470.12,2.964135087461475e-14,1.5464956965028762e-30,-9.242162368240323e-16
470.14,2.964135185163482e-14,1.5464947935172998e-30,-9.242268964426509e-16
470.16,2.9641361964412126e-14,1.5464854470534483e-30,-9.242189875876255e-16
470.18,2.9641365787633085e-14,1.546481913619166e-30,-9.241978361125304e-16
470.2,2.9641368942323905e-14,1.5464789980375248e-30,-9.242046723234062e-16
470.22,2.964137315234002e-14,1.5464751071354503e-30,-9.242032712915449e-16
470.24,2.9641378324451515e-14,1.546470327037994e-30,-9.24205428840825e-16
470.26,2.964138160066579e-14,1.546467299129422e-30,-9.242087003026294e-16
470.28,2.964138959596041e-14,1.5464599097894802e-30,-9.242088933669801e-16
470.3,2.964138894773964e-14,1.5464605088964487e-30,-9.242130029343002e-16
470.32,2.964139034999845e-14,1.5464592128927029e-30,-9.242305925379465e-16
470.34,2.9641390157287975e-14,1.5464593910008773e-30,-9.242340402618692e-16
470.36,2.964139503133335e-14,1.5464548862210182e-30,-9.242382299981412e-16
470.38,2.9641389177825596e-14,1.546460296215494e-30,-9.242245466479681e-16
470.4,2.964139073752773e-14,1.5464588547075066e-30,-9.242175517098532e-16
470.42,2.964139161979135e-14,1.5464580393022374e-30,-9.242187293206552e-16
470.44,2.9641394337873993e-14,1.5464555271827684e-30,-9.242339497317184e-16
470.46,2.964139554942306e-14,1.5464544074197592e-30,-9.242401601582023e-16
470.48,2.964139844384693e-14,1.546451732276246e-30,-9.242410522349463e-16
470.5,2.9641398927933783e-14,1.5464512848538244e-30,-9.24251926610344e-16
470.52,2.9641402776020484e-14,1.5464477282430098e-30,-9.24252491105734e-16
470.54,2.964140631205158e-14,1.54644446003893e-30,-9.242608115786925e-16
470.56,2.9641409579057055e-14,1.5464414404811431e-30,-9.242515699337646e-16
470.58,2.964140601130449e-14,1.5464447379497737e-30,-9.242396674188781e-16
470.6,2.9641411566028846e-14,1.546439604055915e-30,-9.24234311563141e-16
470.62,2.9641414953946646e-14,1.5464364728292186e-30,-9.242315463026036e-16
470.64,2.9641416956786936e-14,1.546434621747091e-30,-9.242322619240215e-16
470.66,2.964142155535952e-14,1.5464303716166582e-30,-9.2422925384951e-16
470.68,2.964142298602501e-14,1.5464290493490286e-30,-9.24238354855953e-16
470.7,2.964142500891279e-14,1.546427179725115e-30,-9.242353256659227e-16
470.72,2.9641434256422577e-14,1.546418632868578e-30,-9.24242726571944e-16
470.74,2.964144001812319e-14,1.5464133076536594e-30,-9.242455520009693e-16
470.76,2.964144390520585e-14,1.5464097149948101e-30,-9.24259241245653e-16
470.78,2.96414497655197e-14,1.5464042985397684e-30,-9.242608722098002e-16
470.8,2.9641453475460475e-14,1.5464008695894639e-30,-9.242560192848862e-16
470.82,2.964145524916309e-14,1.5463992302376545e-30,-9.242556264388765e-16
470.84,2.964145358125489e-14,1.5464007718034126e-30,-9.24253503071744e-16
470.86,2.964145461169685e-14,1.546399819418316e-30,-9.242521249200201e-16
470.88,2.9641459617094366e-14,1.5463951931737542e-30,-9.242479599741123e-16
470.9,2.964146059332032e-14,1.5463942908910062e-30,-9.242496928667087e-16
470.92,2.964146468706888e-14,1.5463905072725991e-30,-9.242415293386529e-16
470.94,2.964146584311992e-14,1.5463894388013364e-30,-9.242391979527335e-16
470.96,2.9641467148609336e-14,1.546388232236817e-30,-9.24224688433946e-16
470.98,2.964147133899558e-14,1.5463843593495686e-30,-9.24222247708529e-16
471.0,2.964147255121152e-14,1.5463832389948697e-30,-9.24213195683217e-16
471.02,2.9641472800383374e-14,1.5463830087109848e-30,-9.24207733344037e-16
471.04,2.9641475543475554e-14,1.5463804735203318e-30,-9.242026904501207e-16
471.06,2.964148204677883e-14,1.5463744631622979e-30,-9.241992562991337e-16
471.08,2.964148321954267e-14,1.5463733792930181e-30,-9.241919405879919e-16
471.1,2.9641488800008536e-14,1.5463682218816787e-30,-9.2419280193589e-16
471.12,2.964149525112643e-14,1.5463622597709358e-30,-9.24196139967126e-16
471.14,2.9641497886237374e-14,1.5463598244173852e-30,-9.241836288713579e-16
471.16,2.964149956122207e-14,1.5463582764171673e-30,-9.24189739239261e-16
471.18,2.96415029426809e-14,1.5463551513090245e-30,-9.24190201938462e-16
471.2,2.964150590255177e-14,1.5463524158160378e-30,-9.24190372353701e-16
471.22,2.964150762239072e-14,1.5463508263574437e-30,-9.241923531795529e-16
471.24,2.964151208465205e-14,1.5463467023634613e-30,-9.241983204817248e-16
471.26,2.964151514272922e-14,1.5463438761033873e-30,-9.24190890017764e-16
471.28,2.964151380071487e-14,1.5463451163775645e-30,-9.241850041529691e-16
471.3,2.964151838430484e-14,1.5463408802926823e-30,-9.241876022038985e-16
471.32,2.9641521427597874e-14,1.54633806774309e-30,-9.241770518132959e-16
471.34,2.96415277637234e-14,1.5463322120499376e-30,-9.24177768608886e-16
471.36,2.964153271165994e-14,1.5463276392488386e-30,-9.241823352291352e-16
471.38,2.964153625534769e-14,1.5463243642610473e-30,-9.241757340667657e-16
471.4,2.964154349453956e-14,1.5463176739461035e-30,-9.241804860857517e-16
471.42,2.964154481112237e-14,1.5463164571862673e-30,-9.241928964334747e-16
471.44,2.964154724439377e-14,1.5463142083721626e-30,-9.242015085749417e-16
471.46,2.964154866529046e-14,1.5463128951993092e-30,-9.24187459455747e-16
471.48,2.9641554071579445e-14,1.5463078987678042e-30,-9.241909471340703e-16
471.5,2.9641556523761463e-14,1.5463056325041299e-30,-9.241746079713576e-16
471.52,2.96415531907413e-14,1.5463087128127835e-30,-9.241813576325642e-16
471.54,2.9641554443578315e-14,1.5463075549633295e-30,-9.241693230019513e-16
471.56,2.9641557309017583e-14,1.546304906810957e-30,-9.241792322838763e-16
471.58,2.964156112448517e-14,1.5463013806736424e-30,-9.241812496334042e-16
471.6,2.964155904827343e-14,1.546303299469618e-30,-9.241845522370075e-16
471.62,2.964156476451582e-14,1.5462980166199231e-30,-9.241900439895289e-16
471.64,2.9641567162266684e-14,1.5462958006710514e-30,-9.241778523654037e-16
471.66,2.964157203736499e-14,1.5462912952319867e-30,-9.241678682039339e-16
471.68,2.9641571892836106e-14,1.5462914287996239e-30,-9.2416529786867e-16
471.7,2.964157103607707e-14,1.5462922205801081e-30,-9.241577901298986e-16
471.72,2.9641569566588985e-14,1.5462935786176395e-30,-9.241633809553506e-16
471.74,2.96415747288986e-14,1.5462888078189395e-30,-9.241620511679315e-16
471.76,2.964157393665795e-14,1.546289539967099e-30,-9.241767357206755e-16
471.78,2.9641576419005313e-14,1.5462872458623091e-30,-9.241675385816232e-16
471.8,2.964157844886141e-14,1.546285369929989e-30,-9.241747979200705e-16
471.82,2.9641582066043554e-14,1.5462820270035194e-30,-9.241808567885147e-16
471.84,2.964158227550916e-14,1.5462818334130018e-30,-9.24191151402928e-16
471.86,2.9641590705987676e-14,1.546274042068766e-30,-9.241832631611378e-16
471.88,2.964159167647199e-14,1.5462731451761685e-30,-9.241719247631775e-16
471.9,2.9641598426677215e-14,1.5462669068036442e-30,-9.241777487405721e-16
471.92,2.964160548494349e-14,1.5462603837214718e-30,-9.24174400588929e-16
471.94,2.964160922471841e-14,1.5462569275095961e-30,-9.24180890612772e-16
471.96,2.964161088014752e-14,1.5462553975956934e-30,-9.241811937322435e-16
471.98,2.9641606475118177e-14,1.5462594686348462e-30,-9.241762493694838e-16
472.0,2.9641609600454934e-14,1.5462565802824598e-30,-9.241756310796807e-16
472.02,2.964160778236648e-14,1.5462582605056584e-30,-9.241796421564704e-16
472.04,2.964160850712118e-14,1.5462575906998544e-30,-9.241812925526282e-16
472.06,2.96416122567977e-14,1.5462541253048981e-30,-9.241855213174622e-16
472.08,2.964161383001821e-14,1.5462526713617269e-30,-9.241797118794998e-16
472.1,2.964161667378741e-14,1.5462500432081156e-30,-9.241812885201448e-16
472.12,2.964161778836881e-14,1.5462490131429724e-30,-9.2418485659051e-16
472.14,2.964162095809638e-14,1.5462460837315206e-30,-9.241905095402413e-16
472.16,2.9641625740095157e-14,1.5462416642615113e-30,-9.241862023404979e-16
472.18,2.964163242469296e-14,1.546235486419611e-30,-9.241956203303587e-16
472.2,2.9641635064716365e-14,1.5462330465344135e-30,-9.241872938417205e-16
472.22,2.964163539214859e-14,1.5462327439201436e-30,-9.241812919108898e-16
472.24,2.964163545351361e-14,1.5462326872141661e-30,-9.241889436999382e-16
472.26,2.964163810872913e-14,1.5462302333040324e-30,-9.241820532815387e-16
472.28,2.9641640179567015e-14,1.5462283194787567e-30,-9.241687458781446e-16
472.3,2.9641648730606576e-14,1.5462204169057887e-30,-9.241600623412788e-16
472.32,2.964165648922415e-14,1.5462132467428658e-30,-9.241500945026664e-16
472.34,2.964166128803261e-14,1.5462088119278172e-30,-9.241489758315438e-16
472.36,2.964166498007804e-14,1.5462053999607978e-30,-9.241336826180223e-16
472.38,2.96416665788775e-14,1.5462039224537808e-30,-9.241321689097657e-16
472.4,2.9641666695442246e-14,1.5462038147365802e-30,-9.241416476710883e-16
472.42,2.96416647757147e-14,1.5462055888226452e-30,-9.241320908078818e-16
472.44,2.964166253263546e-14,1.5462076617163797e-30,-9.241270008787808e-16
472.46,2.9641668615647854e-14,1.5462020401937747e-30,-9.241421097772396e-16
472.48,2.964167055003285e-14,1.5462002525332648e-30,-9.24147014656517e-16
472.5,2.964167471333644e-14,1.5461964050251737e-30,-9.241408008915263e-16
472.52,2.964167481948088e-14,1.5461963069225537e-30,-9.241539649970117e-16
472.54,2.9641674940922764e-14,1.5461961946922297e-30,-9.241529434188893e-16
472.56,2.964167268711349e-14,1.5461982775419036e-30,-9.241404108858103e-16
472.58,2.964167738130721e-14,1.5461939394554716e-30,-9.241417834580473e-16
472.6,2.964167983702683e-14,1.5461916700344308e-30,-9.24137468862512e-16
472.62,2.9641685134932607e-14,1.5461867740606125e-30,-9.241265206612825e-16
472.64,2.964168699909771e-14,1.5461850513114567e-30,-9.241366826901236e-16
472.66,2.964169207968208e-14,1.5461803561366354e-30,-9.24138560633525e-16
472.68,2.964169776757763e-14,1.546175099712457e-30,-9.241437381063703e-16
472.7,2.964170443802294e-14,1.5461689352327674e-30,-9.241577221166621e-16
472.72,2.964170721826638e-14,1.5461663658410402e-30,-9.241567668100976e-16
472.74,2.964171104990609e-14,1.5461628248221596e-30,-9.241446784850045e-16
472.76,2.964171167013662e-14,1.5461622516305412e-30,-9.241512193081923e-16
472.78,2.9641717344379766e-14,1.546157007746579e-30,-9.241550141294933e-16
472.8,2.964172361639362e-14,1.5461512114824114e-30,-9.241396701410343e-16
472.82,2.964172710821196e-14,1.5461479845633706e-30,-9.241344891503426e-16
472.84,2.9641729013177926e-14,1.5461462241156077e-30,-9.241342414007183e-16
472.86,2.964173393663131e-14,1.546141674192769e-30,-9.24132499186752e-16
472.88,2.9641742618187784e-14,1.5461336512772738e-30,-9.241304111745825e-16
472.9,2.9641739463066226e-14,1.5461365670280843e-30,-9.241230740148018e-16
472.92,2.964174800682259e-14,1.5461286715281975e-30,-9.241241804485303e-16
472.94,2.964175179315942e-14,1.5461251724953521e-30,-9.241231700915283e-16
472.96,2.964175398480008e-14,1.5461231471648077e-30,-9.241155324943716e-16
472.98,2.9641756005853114e-14,1.5461212794810215e-30,-9.240957162226202e-16
473.0,2.964175461808899e-14,1.546122561899207e-30,-9.240933991252753e-16
473.02,2.9641757916558774e-14,1.546119513826681e-30,-9.240842203874134e-16
473.04,2.964175515843107e-14,1.5461220625610732e-30,-9.24079841588761e-16
473.06,2.9641757640998944e-14,1.5461197684526602e-30,-9.24092753300866e-16
473.08,2.9641753311918777e-14,1.5461237689079676e-30,-9.240892630346845e-16
473.1,2.964175298299509e-14,1.5461240728565947e-30,-9.24083428543399e-16
473.12,2.964175210813473e-14,1.5461248812933742e-30,-9.240737073454461e-16
473.14,2.964175319262098e-14,1.546123879126347e-30,-9.240818307538034e-16
473.16,2.964175479668835e-14,1.5461223968417425e-30,-9.24081495862107e-16
473.18,2.964175612249448e-14,1.5461211717007713e-30,-9.240763952714877e-16
473.2,2.9641760808025075e-14,1.546116841930607e-30,-9.240695971393696e-16
473.22,2.9641764597417817e-14,1.5461133402711104e-30,-9.240713073135135e-16
473.24,2.9641765892208725e-14,1.5461121437884822e-30,-9.240737220083351e-16
473.26,2.964176799087937e-14,1.5461102044663627e-30,-9.240796433853286e-16
473.28,2.964176933641132e-14,1.5461089610879745e-30,-9.240775772162285e-16
473.3,2.964177389000196e-14,1.5461047532143374e-30,-9.240768927548636e-16
473.32,2.964177371765142e-14,1.54610491247219e-30,-9.24070504839425e-16
473.34,2.9641774052841466e-14,1.5461046027288925e-30,-9.240704533432635e-16
473.36,2.964177724497592e-14,1.5461016529637347e-30,-9.240730406431389e-16
473.38,2.96417757953728e-14,1.5461029925035556e-30,-9.240795265783473e-16
473.4,2.964177805283051e-14,1.5461009064236427e-30,-9.240807263517547e-16
473.42,2.964178159591334e-14,1.5460976323543691e-30,-9.240685274428146e-16
473.44,2.964178512242711e-14,1.5460943736099576e-30,-9.240694526192945e-16
473.46,2.964178882446502e-14,1.546090952679577e-30,-9.240682300772788e-16
473.48,2.964178886160888e-14,1.5460909183596316e-30,-9.24058171144054e-16
473.5,2.9641792260486774e-14,1.5460877775656698e-30,-9.240756978983947e-16
473.52,2.96417943720754e-14,1.5460858263005746e-30,-9.24060439827948e-16
473.54,2.964180422540891e-14,1.5460767211425199e-30,-9.240698176744287e-16
473.56,2.9641803215408944e-14,1.5460776544674598e-30,-9.240712094342872e-16
473.58,2.964180529129033e-14,1.546075736224665e-30,-9.24061082970388e-16
473.6,2.9641811577057996e-14,1.5460699278017236e-30,-9.240484999680708e-16
473.62,2.9641817604534645e-14,1.5460643581798863e-30,-9.240403444923284e-16
473.64,2.96418219177196e-14,1.5460603725921644e-30,-9.24049862723202e-16
473.66,2.9641824606744704e-14,1.546057887790897e-30,-9.240528956625303e-16
473.68,2.964182924355066e-14,1.5460536031400573e-30,-9.240610244637616e-16
473.7,2.964182810506883e-14,1.5460546551577632e-30,-9.240537973583287e-16
473.72,2.964183051518556e-14,1.5460524280907627e-30,-9.240452065534191e-16
473.74,2.964182969595503e-14,1.5460531850737e-30,-9.240275242100858e-16
473.76,2.964182943114229e-14,1.5460534297667807e-30,-9.240108552059484e-16
473.78,2.964183176185793e-14,1.5460512761428623e-30,-9.240112880826574e-16
473.8,2.9641833392971443e-14,1.5460497689777701e-30,-9.240036157156832e-16
473.82,2.964183825747516e-14,1.5460452741923813e-30,-9.239943195029745e-16
473.84,2.9641841061684363e-14,1.5460426831683756e-30,-9.23978707354693e-16
473.86,2.964184488016026e-14,1.5460391549956403e-30,-9.239726437332355e-16
473.88,2.964184906975045e-14,1.5460352839339194e-30,-9.239716703408514e-16
473.9,2.964185222057646e-14,1.5460323726734656e-30,-9.239580222612805e-16
473.92,2.964185294613154e-14,1.546031702283622e-30,-9.239419092620706e-16
473.94,2.9641856725855854e-14,1.5460282100236932e-30,-9.239437285803114e-16
473.96,2.9641857202558794e-14,1.5460277695782096e-30,-9.239365234338157e-16
473.98,2.964186265249026e-14,1.54602273417309e-30,-9.239354238387066e-16
474.0,2.9641867333381655e-14,1.5460184093404647e-30,-9.239279688246213e-16
474.02,2.964186684465623e-14,1.5460188608880574e-30,-9.239290456433123e-16
474.04,2.964186660690408e-14,1.5460190805599546e-30,-9.23926051763485e-16
474.06,2.9641871258831294e-14,1.5460147825231684e-30,-9.239323737328342e-16
474.08,2.964187407302152e-14,1.5460121823908318e-30,-9.239383624396897e-16
474.1,2.964187522329242e-14,1.5460111196147793e-30,-9.23934149959832e-16
474.12,2.964188324571242e-14,1.5460037074225426e-30,-9.239341992459997e-16
474.14,2.964188645486766e-14,1.5460007423861196e-30,-9.239307184700357e-16
474.16,2.964188842739397e-14,1.5459989198827244e-30,-9.239371530251399e-16
474.18,2.964189318942611e-14,1.5459945201299544e-30,-9.239202273221298e-16
474.2,2.964189891451485e-14,1.5459892305992908e-30,-9.239297145538937e-16
474.22,2.9641899306336815e-14,1.5459888685816415e-30,-9.23925331957381e-16
474.24,2.964190434106252e-14,1.5459842168613589e-30,-9.239278654655411e-16
474.26,2.964190415503944e-14,1.5459843887305057e-30,-9.239256863530006e-16
474.28,2.964190370282755e-14,1.5459848065326342e-30,-9.23916930655115e-16
474.3,2.9641902311768936e-14,1.5459860917616408e-30,-9.239117083232526e-16
474.32,2.9641904318247414e-14,1.5459842379636373e-30,-9.239006633059446e-16
474.34,2.964190832859761e-14,1.545980532790745e-30,-9.238991939883427e-16
474.36,2.964191107331113e-14,1.5459779969699331e-30,-9.238942924330412e-16
474.38,2.964191317928391e-14,1.5459760512713032e-30,-9.23889941441436e-16
474.4,2.9641916242678103e-14,1.5459732210295849e-30,-9.23873298556136e-16
474.42,2.9641912337772124e-14,1.5459768286559388e-30,-9.238689534625282e-16
474.44,2.9641916286857886e-14,1.5459731802586456e-30,-9.238590971358418e-16
474.46,2.964191881539069e-14,1.5459708442518286e-30,-9.238572333650208e-16
474.48,2.964191937381695e-14,1.5459703283421585e-30,-9.238461456145654e-16
474.5,2.9641925938458444e-14,1.5459642635985091e-30,-9.238490393221527e-16
474.52,2.96419284854577e-14,1.5459619105542589e-30,-9.238340746034703e-16
474.54,2.964193349290595e-14,1.5459572844609105e-30,-9.238386970345558e-16
474.56,2.964193424450772e-14,1.545956590106824e-30,-9.238371473978186e-16
474.58,2.964193235735492e-14,1.5459583335215514e-30,-9.238366847102138e-16
474.6,2.9641940759456826e-14,1.545950571281638e-30,-9.23851427584817e-16
474.62,2.964194174062876e-14,1.5459496648402801e-30,-9.23840530606535e-16
474.64,2.964194665450496e-14,1.5459451252089143e-30,-9.238384128286398e-16
474.66,2.964195260525418e-14,1.5459396276604575e-30,-9.238432501135658e-16
474.68,2.964195235555024e-14,1.5459398583444644e-30,-9.238379235838906e-16
474.7,2.964195448891152e-14,1.5459378874674676e-30,-9.238421712403655e-16
474.72,2.964195756728628e-14,1.5459350435551306e-30,-9.238342874238957e-16
474.74,2.964196180289626e-14,1.545931130562077e-30,-9.23828056067228e-16
474.76,2.964196709325753e-14,1.5459262431510633e-30,-9.238374800891453e-16
474.78,2.964197374511819e-14,1.5459200978915807e-30,-9.23849071837453e-16
474.8,2.964198078428363e-14,1.5459135947951507e-30,-9.23839978275743e-16
474.82,2.964198580161303e-14,1.5459089595575941e-30,-9.238388239112046e-16
474.84,2.964199055397143e-14,1.5459045691532776e-30,-9.238343411235508e-16
474.86,2.9641993756495105e-14,1.5459016105413043e-30,-9.238361849316156e-16
474.88,2.9641997134709234e-14,1.5458984896237253e-30,-9.238334715045723e-16
474.9,2.964199913595421e-14,1.5458966408029725e-30,-9.238381737805457e-16
474.92,2.964200357958677e-14,1.5458925356016665e-30,-9.238379766112153e-16
474.94,2.9642001988362377e-14,1.5458940056372015e-30,-9.238417668889457e-16
474.96,2.964200626842612e-14,1.545890051493934e-30,-9.238499779225524e-16
474.98,2.9642014097695795e-14,1.5458828183969883e-30,-9.238527398887908e-16
475.0,2.964201344349054e-14,1.5458834227928834e-30,-9.238507756216659e-16
475.02,2.96420121931328e-14,1.5458845779302182e-30,-9.238421601743667e-16
475.04,2.9642014170997255e-14,1.5458827506937461e-30,-9.238408893645397e-16
475.06,2.9642016995778556e-14,1.5458801410451991e-30,-9.238438118648559e-16
475.08,2.964201904959251e-14,1.5458782436438923e-30,-9.238350022921724e-16
475.1,2.964202476581111e-14,1.5458729628881346e-30,-9.238078485174226e-16
475.12,2.964202558734243e-14,1.545872203941541e-30,-9.238112241358771e-16
475.14,2.964202679721925e-14,1.545871086231562e-30,-9.238164229889198e-16
475.16,2.9642029338182134e-14,1.5458687388641466e-30,-9.237948633443497e-16
475.18,2.964203601634243e-14,1.5458625696546774e-30,-9.237865631516482e-16
475.2,2.964204149885345e-14,1.545857504943636e-30,-9.237945683887997e-16
475.22,2.9642046344514217e-14,1.5458530285411896e-30,-9.237888821540764e-16
475.24,2.964204491099678e-14,1.5458543528166452e-30,-9.237988200026269e-16
475.26,2.9642048607929343e-14,1.5458509375585611e-30,-9.23813038867933e-16
475.28,2.964205181635954e-14,1.545847973550349e-30,-9.238180197089778e-16
475.3,2.9642056062927216e-14,1.54584405046351e-30,-9.238240237695436e-16
475.32,2.9642057464439084e-14,1.545842755723521e-30,-9.238080335939413e-16
475.34,2.964205975425069e-14,1.5458406403844695e-30,-9.238225096746979e-16
475.36,2.964206292579381e-14,1.5458377104020879e-30,-9.238316249713876e-16
475.38,2.964206365617283e-14,1.5458370356556566e-30,-9.23829290042757e-16
475.4,2.964206661368111e-14,1.5458343034294605e-30,-9.238273682798363e-16
475.42,2.964207049309067e-14,1.5458307195299926e-30,-9.238279055106e-16
475.44,2.964207261333125e-14,1.5458287607938643e-30,-9.238306837557563e-16
475.46,2.9642077901310306e-14,1.5458238755817162e-30,-9.238321605852704e-16
475.48,2.964208074169927e-14,1.545821251566293e-30,-9.238269496459951e-16
475.5,2.96420805224145e-14,1.5458214541382265e-30,-9.238283653362805e-16
475.52,2.964207946118444e-14,1.5458224345125116e-30,-9.238145867528784e-16
475.54,2.964208217395263e-14,1.545819928411686e-30,-9.238227302998922e-16
475.56,2.9642082974432795e-14,1.5458191889191522e-30,-9.238157254053428e-16
475.58,2.9642081891401367e-14,1.5458201894531837e-30,-9.23807714988862e-16
475.6,2.964208490471042e-14,1.5458174057456894e-30,-9.238012780460494e-16
475.62,2.964209361969685e-14,1.5458093548348597e-30,-9.237979206219144e-16
475.64,2.964209706053789e-14,1.5458061761926758e-30,-9.237908438418786e-16
475.66,2.964210201499285e-14,1.5458015992870574e-30,-9.237959725007527e-16
475.68,2.9642100683447784e-14,1.5458028293512653e-30,-9.237862125998953e-16
475.7,2.9642107898996654e-14,1.5457961637248252e-30,-9.237829613255147e-16
475.72,2.964210876236708e-14,1.545795366156468e-30,-9.2378122489199e-16
475.74,2.964211260667154e-14,1.5457918148334357e-30,-9.237864198428532e-16
475.76,2.964210894962993e-14,1.5457951931765612e-30,-9.237944088894865e-16
475.78,2.964210841695722e-14,1.5457956852640889e-30,-9.237900514568162e-16
475.8,2.964211218279344e-14,1.545792206406411e-30,-9.237881664277715e-16
475.82,2.9642113922144697e-14,1.5457905995976162e-30,-9.237996781394508e-16
475.84,2.9642112788351956e-14,1.545791647001945e-30,-9.238017265441134e-16
475.86,2.964211556684865e-14,1.5457890802196923e-30,-9.237943652239529e-16
475.88,2.964211445128992e-14,1.5457901107665068e-30,-9.238012411920299e-16
475.9,2.9642120037579576e-14,1.5457849501443768e-30,-9.238057946478315e-16
475.92,2.9642126417047855e-14,1.5457790567330942e-30,-9.238073807049671e-16
475.94,2.964213116400513e-14,1.5457746714347047e-30,-9.238216827128049e-16
475.96,2.9642132883822373e-14,1.5457730826291084e-30,-9.238168581750506e-16
475.98,2.9642137387692824e-14,1.5457689218568217e-30,-9.238316537695754e-16
476.0,2.9642136043985036e-14,1.5457701632161613e-30,-9.238249395571587e-16
476.02,2.964214024725764e-14,1.5457662801214884e-30,-9.238300651366195e-16
476.04,2.9642143953351366e-14,1.5457628563227624e-30,-9.238248727849898e-16
476.06,2.964214520133529e-14,1.5457617033996216e-30,-9.238193521278791e-16
476.08,2.964215110211357e-14,1.545756252108975e-30,-9.238329888293779e-16
476.1,2.9642152318764926e-14,1.5457551281301362e-30,-9.238356753528721e-16
476.12,2.964215410842973e-14,1.5457534747659398e-30,-9.238414423148241e-16
476.14,2.964215443332062e-14,1.5457531745842396e-30,-9.23824675343171e-16
476.16,2.9642156094168046e-14,1.5457516402791292e-30,-9.23807674913166e-16
476.18,2.9642160982786483e-14,1.5457471241157893e-30,-9.238119006948594e-16
476.2,2.964216189455403e-14,1.545746281816574e-30,-9.238243423023474e-16
476.22,2.9642164776344196e-14,1.5457436195381278e-30,-9.238293024060376e-16
476.24,2.9642164658840676e-14,1.5457437280954618e-30,-9.238172658362941e-16
476.26,2.964217090297221e-14,1.5457379596850117e-30,-9.23820011332174e-16
476.28,2.96421716211986e-14,1.5457372961716523e-30,-9.238145549310499e-16
476.3,2.9642172740534896e-14,1.5457362621194732e-30,-9.238234839901912e-16
476.32,2.964217380677348e-14,1.5457352771133741e-30,-9.238169234727438e-16
476.34,2.964217557999992e-14,1.5457336389657154e-30,-9.238185676529932e-16
476.36,2.96421767083424e-14,1.5457325965767938e-30,-9.238245411248305e-16
476.38,2.96421788936451e-14,1.5457305777487862e-30,-9.238253245202234e-16
476.4,2.964217961739044e-14,1.5457299091441137e-30,-9.238211284717073e-16
476.42,2.964218338366182e-14,1.5457264298018475e-30,-9.238134712993775e-16
476.44,2.9642191170754645e-14,1.5457192359248359e-30,-9.238221934753919e-16
476.46,2.9642196906010185e-14,1.5457139375101175e-30,-9.23836336069287e-16
476.48,2.964220466966398e-14,1.5457067651075324e-30,-9.238540614924722e-16
476.5,2.964220992553959e-14,1.5457019094625046e-30,-9.238454770567468e-16
476.52,2.964221246105341e-14,1.5456995670321011e-30,-9.238481939854962e-16
476.54,2.964221191001657e-14,1.5457000760932369e-30,-9.23843977509995e-16
476.56,2.964221276282396e-14,1.5456992882195516e-30,-9.238272064991374e-16
476.58,2.964221490073522e-14,1.5456973131502524e-30,-9.238292631782725e-16
476.6,2.964222100870141e-14,1.5456916704367144e-30,-9.23830947995303e-16
476.62,2.9642224058954684e-14,1.54568885250916e-30,-9.238298478561166e-16
476.64,2.964222616765713e-14,1.5456869044198567e-30,-9.238324525930523e-16
476.66,2.964223196365505e-14,1.5456815499407696e-30,-9.238169706080822e-16
476.68,2.9642233045834796e-14,1.5456805502046447e-30,-9.238113795811552e-16
476.7,2.9642234873183284e-14,1.5456788620675962e-30,-9.238221469765854e-16
476.72,2.964223565405506e-14,1.5456781406856652e-30,-9.238241800055442e-16
476.74,2.9642236087874045e-14,1.5456777399140722e-30,-9.238300251447322e-16
476.76,2.964224260568831e-14,1.5456717185729622e-30,-9.238299430466051e-16
476.78,2.9642246075500716e-14,1.545668513065438e-30,-9.23827709528379e-16
476.8,2.964224463254658e-14,1.5456698461102634e-30,-9.23822292887233e-16
476.82,2.9642242737678405e-14,1.5456715965996037e-30,-9.238055429344177e-16
476.84,2.964225103096058e-14,1.5456639351866889e-30,-9.238170898952896e-16
476.86,2.964225734152283e-14,1.545658105357267e-30,-9.238222537716439e-16
476.88,2.9642256789715934e-14,1.5456586151222363e-30,-9.238108190176214e-16
476.9,2.964225973657943e-14,1.5456558927803617e-30,-9.238009239667472e-16
476.92,2.9642261737202826e-14,1.545654044609036e-30,-9.23795205473624e-16
476.94,2.9642262818051356e-14,1.5456530461273046e-30,-9.238146728085786e-16
476.96,2.9642266222609046e-14,1.5456499009494499e-30,-9.237944938915683e-16
476.98,2.96422631719423e-14,1.5456527191611633e-30,-9.238032133494679e-16
477.0,2.964226981293289e-14,1.5456465842344955e-30,-9.237897674371976e-16
477.02,2.9642274674740085e-14,1.5456420929437038e-30,-9.237853591277478e-16
477.04,2.964228109387538e-14,1.5456361630267587e-30,-9.237899075544823e-16
477.06,2.964228628790556e-14,1.545631364858122e-30,-9.237765235247055e-16
477.08,2.964228637560436e-14,1.5456312838465783e-30,-9.237684133631845e-16
477.1,2.964229338771675e-14,1.5456248063018132e-30,-9.23770378596033e-16
477.12,2.9642294828266215e-14,1.545623475564687e-30,-9.237670917492322e-16
477.14,2.9642298643521996e-14,1.545619951174861e-30,-9.237613120647208e-16
477.16,2.9642301736486924e-14,1.5456170940056693e-30,-9.237515001394491e-16
477.18,2.964230456719344e-14,1.5456144791462782e-30,-9.237576879818235e-16
477.2,2.964230354100482e-14,1.5456154270921333e-30,-9.23745882041987e-16
477.22,2.964230663245862e-14,1.5456125713624181e-30,-9.237601633882481e-16
477.24,2.964231188364689e-14,1.5456077205499532e-30,-9.237552622092806e-16
477.26,2.9642316349374403e-14,1.54560359528224e-30,-9.237647942497165e-16
477.28,2.9642318406213485e-14,1.5456016952539488e-30,-9.237603674766144e-16
477.3,2.9642322300018625e-14,1.5455980983689385e-30,-9.237333566360296e-16
477.32,2.964232669706602e-14,1.5455940367029811e-30,-9.237221791877663e-16
477.34,2.964232634811046e-14,1.545594359045996e-30,-9.237334419452465e-16
477.36,2.964232784982374e-14,1.5455929718594914e-30,-9.237323972322003e-16
477.38,2.9642332003998197e-14,1.5455891344384965e-30,-9.237457941533212e-16
477.4,2.964233496856131e-14,1.5455863959357245e-30,-9.237465563912279e-16
477.42,2.96423396368178e-14,1.545582083669806e-30,-9.237398413124684e-16
477.44,2.964234699179424e-14,1.5455752896547268e-30,-9.237232848328232e-16
477.46,2.964234826243357e-14,1.5455741159297723e-30,-9.237308633157255e-16
477.48,2.964235069578738e-14,1.5455718681404084e-30,-9.23748369410935e-16
477.5,2.964234925173891e-14,1.5455732020851806e-30,-9.237581868242016e-16
477.52,2.964235914688202e-14,1.5455640613738935e-30,-9.23753858954567e-16
477.54,2.964236105751181e-14,1.5455622963727597e-30,-9.237739343950672e-16
477.56,2.964236470528796e-14,1.5455589266638326e-30,-9.237712490912308e-16
477.58,2.9642367358109855e-14,1.5455564760644997e-30,-9.23778978835924e-16
477.6,2.964237483358641e-14,1.5455495703591238e-30,-9.23783576303664e-16
477.62,2.9642377928908627e-14,1.5455467109508004e-30,-9.237825010402438e-16
477.64,2.964237669729503e-14,1.5455478486652865e-30,-9.237765571096066e-16
477.66,2.964237505290107e-14,1.545549367720825e-30,-9.237729267422173e-16
477.68,2.964237470364854e-14,1.545549690344118e-30,-9.23758608284058e-16
477.7,2.9642371615820665e-14,1.5455525427466518e-30,-9.237592355296096e-16
477.72,2.9642374492090034e-14,1.545549885759822e-30,-9.237630401482002e-16
477.74,2.9642378481272503e-14,1.5455462006943283e-30,-9.237646128111088e-16
477.76,2.964238106785685e-14,1.5455438113026481e-30,-9.23765411563257e-16
477.78,2.9642383191456523e-14,1.5455418495872477e-30,-9.237665018220867e-16
477.8,2.9642386412074217e-14,1.5455388744931791e-30,-9.237574426083744e-16
477.82,2.964239049078085e-14,1.5455351067607906e-30,-9.237509630302331e-16
477.84,2.9642395490413915e-14,1.5455304883608564e-30,-9.237465622540264e-16
477.86,2.964239695534476e-14,1.5455291351278468e-30,-9.237557972853654e-16
477.88,2.9642398801425646e-14,1.5455274297750514e-30,-9.23787329865252e-16
477.9,2.9642400828298805e-14,1.5455255573819104e-30,-9.237730810193344e-16
477.92,2.964240238955202e-14,1.5455241151368625e-30,-9.237731237365941e-16
477.94,2.964240745248701e-14,1.5455194381375302e-30,-9.237718361694682e-16
477.96,2.9642407568499644e-14,1.5455193309543091e-30,-9.23769311318662e-16
477.98,2.964241025245226e-14,1.5455168516077571e-30,-9.23764512562018e-16
478.0,2.96424116516264e-14,1.5455155591027055e-30,-9.237589531938146e-16
478.02,2.964241853991739e-14,1.5455091960022569e-30,-9.237541043615426e-16
478.04,2.9642419648661144e-14,1.5455081718031149e-30,-9.237452575916062e-16
478.06,2.96424274618537e-14,1.5455009544189542e-30,-9.23746317323144e-16
478.08,2.96424273279254e-14,1.5455010781299813e-30,-9.23744019318363e-16
478.1,2.9642429014674806e-14,1.5454995200019468e-30,-9.23736740571634e-16
478.12,2.9642435376166004e-14,1.5454936436213253e-30,-9.237466541407655e-16
478.14,2.964243655904822e-14,1.5454925509374504e-30,-9.23744742902543e-16
478.16,2.964244001249758e-14,1.5454893608537102e-30,-9.237323065682903e-16
478.18,2.9642439577431664e-14,1.5454897627557425e-30,-9.23723211907902e-16
478.2,2.964244252421278e-14,1.545487040763399e-30,-9.23716015196917e-16
478.22,2.9642443247429254e-14,1.5454863727233952e-30,-9.23725971315833e-16
478.24,2.964244978453764e-14,1.5454803341942363e-30,-9.237308022623249e-16
478.26,2.964245385663605e-14,1.5454765726498961e-30,-9.237403920894411e-16
478.28,2.964246001059333e-14,1.5454708879748154e-30,-9.23740781420823e-16
478.3,2.964246961942263e-14,1.5454620118596227e-30,-9.237495894621855e-16
478.32,2.9642472031278004e-14,1.5454597839149696e-30,-9.237447112991973e-16
478.34,2.964247511540759e-14,1.5454569349534667e-30,-9.237553994522717e-16
478.36,2.9642475233759065e-14,1.5454568256296266e-30,-9.237537677946212e-16
478.38,2.96424740741078e-14,1.5454578968642438e-30,-9.237530774434946e-16
478.4,2.964247618692868e-14,1.5454559451379406e-30,-9.237566092098813e-16
478.42,2.9642475855263496e-14,1.5454562515126612e-30,-9.2375259820431e-16
478.44,2.964248464967055e-14,1.5454481276157472e-30,-9.237622404591693e-16
478.46,2.9642486993052976e-14,1.5454459629132363e-30,-9.237570422800032e-16
478.48,2.964248993801726e-14,1.545443242495602e-30,-9.237660553122204e-16
478.5,2.964248904148205e-14,1.5454440707090667e-30,-9.23776599903591e-16
478.52,2.9642490133642775e-14,1.5454430618005928e-30,-9.237696579551563e-16
478.54,2.964249029377144e-14,1.5454429138784206e-30,-9.237679430980658e-16
478.56,2.9642493594081933e-14,1.5454398651752666e-30,-9.237586235238094e-16
478.58,2.964249147064696e-14,1.5454418267103205e-30,-9.237563407280142e-16
478.6,2.9642493502976514e-14,1.5454399493407677e-30,-9.237493252539408e-16
478.62,2.9642500339714554e-14,1.5454336338806678e-30,-9.237597588218953e-16
478.64,2.9642505053761424e-14,1.5454292792305364e-30,-9.237545757532494e-16
478.66,2.964250929519115e-14,1.5454253611918527e-30,-9.237549534258194e-16
478.68,2.964251058565834e-14,1.5454241691285846e-30,-9.23738484458506e-16
478.7,2.964251957724504e-14,1.5454158632472046e-30,-9.237406495282969e-16
478.72,2.964252407426546e-14,1.545411709171634e-30,-9.237325164152465e-16
478.74,2.964252286112388e-14,1.5454128297729572e-30,-9.237167686099314e-16
478.76,2.964252220472208e-14,1.5454134361089381e-30,-9.237105192251099e-16
478.78,2.9642522751607335e-14,1.5454129309543672e-30,-9.23709956819728e-16
478.8,2.964252954688524e-14,1.5454066541289782e-30,-9.237002822945885e-16
478.82,2.9642534389781896e-14,1.5454021808054602e-30,-9.236816465379093e-16
478.84,2.9642542791234244e-14,1.5453944205363618e-30,-9.236740443427475e-16
478.86,2.9642546034338133e-14,1.5453914249203532e-30,-9.236846097726361e-16
478.88,2.964254668471223e-14,1.5453908241976783e-30,-9.236959772643703e-16
478.9,2.964254908956376e-14,1.5453886028463097e-30,-9.236941732931975e-16
478.92,2.96425521149272e-14,1.5453858083219189e-30,-9.236938518672779e-16
478.94,2.964255315846459e-14,1.545384844415388e-30,-9.236865826197594e-16
478.96,2.964255064958833e-14,1.5453871618160852e-30,-9.236786740669467e-16
478.98,2.964255359749889e-14,1.5453844388877755e-30,-9.236833782906333e-16
479.0,2.9642555766522814e-14,1.5453824353739132e-30,-9.237002076233344e-16
479.02,2.964255997769641e-14,1.5453785455180517e-30,-9.236953050650278e-16
479.04,2.964256274248535e-14,1.5453759917069935e-30,-9.236833874630504e-16
479.06,2.964257056315787e-14,1.545368767816123e-30,-9.236904563127779e-16
479.08,2.964257460317894e-14,1.5453650360642903e-30,-9.236903409417916e-16
479.1,2.964257548944593e-14,1.5453642174327857e-30,-9.236889824867255e-16
479.12,2.964257689483994e-14,1.5453629192885754e-30,-9.236817289596113e-16
479.14,2.96425767183735e-14,1.545363082284389e-30,-9.236823686976905e-16
479.16,2.964257685575639e-14,1.5453629553695125e-30,-9.236780879943018e-16
479.18,2.964258382076116e-14,1.5453565219169882e-30,-9.23687355264193e-16
479.2,2.9642586184102e-14,1.5453543389307834e-30,-9.236781119571509e-16
479.22,2.964258524772228e-14,1.5453552038464277e-30,-9.236716309312763e-16
479.24,2.964258509784022e-14,1.5453553422796695e-30,-9.236635496848996e-16
479.26,2.964258270304536e-14,1.5453575542670792e-30,-9.23668358868912e-16
479.28,2.9642589923298134e-14,1.5453508851670757e-30,-9.236641857412071e-16
479.3,2.9642588221537324e-14,1.5453524569865093e-30,-9.236463284948682e-16
479.32,2.9642589073444813e-14,1.545351670125985e-30,-9.23646821275008e-16
479.34,2.964259191655951e-14,1.5453490440943513e-30,-9.23648783728952e-16
479.36,2.964259073446193e-14,1.545350135934987e-30,-9.236591905628837e-16
479.38,2.964259244781189e-14,1.5453485534083457e-30,-9.23644892809704e-16
479.4,2.964259596358704e-14,1.5453453060803725e-30,-9.236495630238932e-16
479.42,2.964260026962438e-14,1.5453413288087344e-30,-9.236557320566997e-16
479.44,2.9642603789168484e-14,1.545338077949209e-30,-9.236683498397206e-16
479.46,2.9642603559875794e-14,1.5453382897365408e-30,-9.236621480091227e-16
479.48,2.964260618490074e-14,1.545335865114945e-30,-9.236545997817024e-16
479.5,2.9642606855375314e-14,1.5453352458255874e-30,-9.236565923420495e-16
479.52,2.964260251135131e-14,1.545339258212076e-30,-9.236567030533133e-16
479.54,2.964260810727617e-14,1.5453340895084808e-30,-9.236605548105555e-16
479.56,2.96426135464499e-14,1.5453290655433683e-30,-9.236633305685753e-16
479.58,2.964261847059295e-14,1.5453245173123439e-30,-9.236560501925487e-16
479.6,2.964261638999393e-14,1.5453264390677712e-30,-9.236495106647021e-16
479.62,2.964261536507395e-14,1.5453273857247083e-30,-9.236445440232326e-16
479.64,2.964261403287534e-14,1.5453286161945042e-30,-9.236338072171146e-16
479.66,2.9642615268915895e-14,1.5453274745597515e-30,-9.236167368074637e-16
479.68,2.964260889799889e-14,1.5453333588148426e-30,-9.236075559411604e-16
479.7,2.9642608952266094e-14,1.5453333086992047e-30,-9.235987237950486e-16
479.72,2.964261339476854e-14,1.545329205583449e-30,-9.236079756182544e-16
479.74,2.964261092179192e-14,1.5453314896465842e-30,-9.23608468545138e-16
479.76,2.964261152273106e-14,1.5453309346069292e-30,-9.236073491032668e-16
479.78,2.964261244217754e-14,1.545330085411454e-30,-9.236023293983743e-16
479.8,2.9642617793160907e-14,1.5453251432244849e-30,-9.23598119291142e-16
479.82,2.964261929838929e-14,1.5453237529990297e-30,-9.235950365692317e-16
479.84,2.964262418051863e-14,1.5453192438703056e-30,-9.235973286242344e-16
479.86,2.964262982826412e-14,1.5453140276105738e-30,-9.236004477074102e-16
479.88,2.9642634118047487e-14,1.5453100656050888e-30,-9.235793415723797e-16
479.9,2.9642636740086606e-14,1.5453076439770731e-30,-9.23570262151585e-16
479.92,2.9642642150964745e-14,1.5453026466532614e-30,-9.235637776784988e-16
479.94,2.964264016422825e-14,1.5453044815311833e-30,-9.235586176893986e-16
479.96,2.9642642537982745e-14,1.5453022892231488e-30,-9.235592574271938e-16
479.98,2.964264852123765e-14,1.5452967633211308e-30,-9.235649970204844e-16
480.0,2.964264873094774e-14,1.5452965696522224e-30,-9.235599013286756e-16
480.02,2.9642648637736345e-14,1.5452966557468441e-30,-9.23555206933265e-16
480.04,2.9642648866774605e-14,1.5452964442168775e-30,-9.235498730277087e-16
480.06,2.964265570584711e-14,1.5452901280121504e-30,-9.235500224794582e-16
480.08,2.964265577352522e-14,1.5452900655173114e-30,-9.235676324106459e-16
480.1,2.9642661461130984e-14,1.5452848126275768e-30,-9.235686770306064e-16
480.12,2.96426612186868e-14,1.5452850365448922e-30,-9.235676453952017e-16
480.14,2.9642669410897166e-14,1.5452774704703932e-30,-9.235677793251348e-16
480.16,2.96426729256044e-14,1.5452742244070661e-30,-9.235791489461781e-16
480.18,2.96426769888272e-14,1.5452704716906167e-30,-9.235863027900673e-16
480.2,2.964268391682096e-14,1.5452640730511201e-30,-9.23594800181145e-16
480.22,2.96426858017255e-14,1.5452623321636507e-30,-9.235792818834244e-16
480.24,2.964268619616986e-14,1.5452619678677379e-30,-9.235722267861141e-16
480.26,2.96426833695479e-14,1.5452645784356539e-30,-9.2356024029984e-16
480.28,2.964268852973464e-14,1.54525981268916e-30,-9.235644856744401e-16
480.3,2.9642697283649095e-14,1.5452517278937674e-30,-9.235726645130713e-16
480.32,2.964270032127925e-14,1.545248922457004e-30,-9.23556709966356e-16
480.34,2.964270486162922e-14,1.5452447291942441e-30,-9.235535369000243e-16
480.36,2.964270543559247e-14,1.5452441991174857e-30,-9.23542682604087e-16
480.38,2.9642705670546454e-14,1.5452439821266393e-30,-9.23540379020955e-16
480.4,2.964270562344428e-14,1.5452440256254692e-30,-9.235350873112845e-16
480.42,2.964270757878834e-14,1.545242219811716e-30,-9.235347947303793e-16
480.44,2.964270673493277e-14,1.5452429991370185e-30,-9.235226269686024e-16
480.46,2.964271230825394e-14,1.5452378521119424e-30,-9.235161501729313e-16
480.48,2.9642712803387783e-14,1.5452373948494878e-30,-9.235355409412042e-16
480.5,2.964271505111865e-14,1.5452353190034777e-30,-9.23528225715701e-16
480.52,2.964271534677814e-14,1.5452350459607268e-30,-9.235304532096488e-16
480.54,2.9642719472568107e-14,1.5452312356244647e-30,-9.235407125998764e-16
480.56,2.964272329137934e-14,1.545227708720666e-30,-9.235600888685703e-16
480.58,2.9642726129159333e-14,1.5452250878490151e-30,-9.23568564031788e-16
480.6,2.964272731023817e-14,1.5452239970417699e-30,-9.235599494313942e-16
480.62,2.9642730537463513e-14,1.5452210165083959e-30,-9.235599839203456e-16
480.64,2.964273206290702e-14,1.5452196076549623e-30,-9.235687788199954e-16
480.66,2.964273365180976e-14,1.5452181402010332e-30,-9.235637614823324e-16
480.68,2.964273663796393e-14,1.5452153822882375e-30,-9.235660231316067e-16
480.7,2.964273729379936e-14,1.54521477657517e-30,-9.235711131105637e-16
480.72,2.964273571058978e-14,1.5452162387737297e-30,-9.23572561476651e-16
480.74,2.9642738732122406e-14,1.5452134481443942e-30,-9.235823213202687e-16
480.76,2.9642743566299937e-14,1.5452089834002744e-30,-9.235817126169242e-16
480.78,2.964274854506484e-14,1.5452043851149065e-30,-9.235840858084167e-16
480.8,2.964274939819369e-14,1.5452035971779433e-30,-9.235756430259039e-16
480.82,2.964275554755102e-14,1.5451979177554478e-30,-9.235841177392658e-16
480.84,2.964275776322131e-14,1.5451958713884513e-30,-9.235871958639472e-16
480.86,2.964275855251315e-14,1.5451951424110418e-30,-9.23585718550325e-16
480.88,2.9642761960257865e-14,1.5451919950766205e-30,-9.235719822170034e-16
480.9,2.964276487204654e-14,1.5451893058561244e-30,-9.235635068195413e-16
480.92,2.9642769048245705e-14,1.545185448871747e-30,-9.235686485914766e-16
480.94,2.9642769258874444e-14,1.5451852543334409e-30,-9.23587683322179e-16
480.96,2.964277508356175e-14,1.545179874754168e-30,-9.23584466013025e-16
480.98,2.9642775259781046e-14,1.5451797120026482e-30,-9.235749865932088e-16
481.0,2.964278238416591e-14,1.5451731321476696e-30,-9.235663311700361e-16
481.02,2.964278832800558e-14,1.5451676425937451e-30,-9.235701915924736e-16
481.04,2.964278984189573e-14,1.5451662444015267e-30,-9.23572612709396e-16
481.06,2.9642790758785895e-14,1.5451653975881996e-30,-9.23576546857054e-16
481.08,2.9642788949736816e-14,1.5451670683496492e-30,-9.23555430867147e-16
481.1,2.9642786807115466e-14,1.5451690471845281e-30,-9.23557235483687e-16
481.12,2.964278988334103e-14,1.5451662061061342e-30,-9.23545371382761e-16
481.14,2.9642793635085746e-14,1.5451627412124054e-30,-9.23543202968042e-16
481.16,2.964279856750221e-14,1.5451581859019624e-30,-9.235459588707327e-16
481.18,2.964280158637226e-14,1.545155397849884e-30,-9.235441463530409e-16
481.2,2.964280712962433e-14,1.545150278414573e-30,-9.235448563589051e-16
481.22,2.9642808755278976e-14,1.5451487770193695e-30,-9.235561258764026e-16
481.24,2.964281140947753e-14,1.5451463257208595e-30,-9.235577693453835e-16
481.26,2.964281188081035e-14,1.5451458904129431e-30,-9.235591592231618e-16
481.28,2.964281564130156e-14,1.5451424173455338e-30,-9.235759963415888e-16
481.3,2.9642818252708825e-14,1.5451400055108275e-30,-9.235777987407353e-16
481.32,2.9642821367070034e-14,1.5451371291264062e-30,-9.23590318663226e-16
481.34,2.964281968949499e-14,1.5451386785134684e-30,-9.235738136025126e-16
481.36,2.964281904314447e-14,1.5451392754708188e-30,-9.235756477681254e-16
481.38,2.964282435283596e-14,1.5451343716053211e-30,-9.235662523393552e-16
481.4,2.964282156081787e-14,1.5451369502265153e-30,-9.235733252736783e-16
481.42,2.964282496343944e-14,1.5451338076847029e-30,-9.235674328764367e-16
481.44,2.964282556930875e-14,1.5451332481101279e-30,-9.235830712895897e-16
481.46,2.9642826671705907e-14,1.5451322299513907e-30,-9.235802016697281e-16
481.48,2.9642831317870986e-14,1.545127938849151e-30,-9.23586033620203e-16
481.5,2.964284060090316e-14,1.5451193652151362e-30,-9.235885817130288e-16
481.52,2.964284021806911e-14,1.5451197187881942e-30,-9.235841588655982e-16
481.54,2.964284436366694e-14,1.5451158899748465e-30,-9.235814879795044e-16
481.56,2.964284292629309e-14,1.5451172175095682e-30,-9.235817423190203e-16
481.58,2.964284839541569e-14,1.5451121662985086e-30,-9.235920921789246e-16
481.6,2.9642849139033654e-14,1.5451114795047514e-30,-9.235851166050099e-16
481.62,2.9642853030957664e-14,1.5451078849946093e-30,-9.235809793267574e-16
481.64,2.964285417677062e-14,1.5451068267460812e-30,-9.235794515578441e-16
481.66,2.964285791339821e-14,1.545103375701519e-30,-9.235764309565843e-16
481.68,2.964286336239987e-14,1.5450983431441076e-30,-9.235738866248423e-16
481.7,2.964286566113616e-14,1.5450962200802803e-30,-9.235857062581681e-16
481.72,2.9642864826663936e-14,1.5450969907928044e-30,-9.235864668029743e-16
481.74,2.9642864805021575e-14,1.5450970107813086e-30,-9.235943635193236e-16
481.76,2.964286943845483e-14,1.5450927313319493e-30,-9.235982902363535e-16
481.78,2.96428722567978e-14,1.5450901283111585e-30,-9.236036249258798e-16
481.8,2.9642871486014194e-14,1.5450908402137074e-30,-9.236136322770204e-16
481.82,2.9642873788718955e-14,1.5450887134255531e-30,-9.236014917810373e-16
481.84,2.9642878436547616e-14,1.5450844207241182e-30,-9.235856881197631e-16
481.86,2.964288476444546e-14,1.5450785763556533e-30,-9.235931319144951e-16
481.88,2.964289074293697e-14,1.5450730546638077e-30,-9.235864669263363e-16
481.9,2.964289275888708e-14,1.5450711927701257e-30,-9.235814088866377e-16
481.92,2.9642896205146885e-14,1.5450680098604039e-30,-9.235932950319346e-16
481.94,2.9642900115107335e-14,1.545064398669926e-30,-9.235859732458065e-16
481.96,2.964290331688746e-14,1.5450614415608254e-30,-9.2357575545182e-16
481.98,2.9642910003490887e-14,1.5450552659962697e-30,-9.235742370864126e-16
482.0,2.964291579511234e-14,1.5450499170391484e-30,-9.235691436761316e-16
482.02,2.964291965699845e-14,1.5450463503159082e-30,-9.23567117935001e-16
482.04,2.964292380436712e-14,1.5450425199532134e-30,-9.235610145528557e-16
482.06,2.964293060751341e-14,1.5450362367912357e-30,-9.235791177889176e-16
482.08,2.964293499806081e-14,1.5450321817421504e-30,-9.23590162922204e-16
482.1,2.964293974987048e-14,1.5450277930450862e-30,-9.235832968231713e-16
482.12,2.9642942222125284e-14,1.5450255097142397e-30,-9.235810186173474e-16
482.14,2.964294740533369e-14,1.545020722585792e-30,-9.235869518159738e-16
482.16,2.964295028581163e-14,1.5450180622028751e-30,-9.235889564001073e-16
482.18,2.964295354521795e-14,1.5450150518749941e-30,-9.235713616706795e-16
482.2,2.964295794025372e-14,1.545010992742211e-30,-9.235703157631717e-16
482.22,2.964295604483163e-14,1.545012743275717e-30,-9.235606339788395e-16
482.24,2.964295564500931e-14,1.5450131125350268e-30,-9.235624749771237e-16
482.26,2.964295998225208e-14,1.5450091068648679e-30,-9.235461670948127e-16
482.28,2.964295976374875e-14,1.5450093086630354e-30,-9.235451982104847e-16
482.3,2.9642964523787974e-14,1.545004912555733e-30,-9.235473198053938e-16
482.32,2.964296409673652e-14,1.545005306967656e-30,-9.235519676018915e-16
482.34,2.964296895662472e-14,1.5450008185875339e-30,-9.23557820212381e-16
482.36,2.964296833959357e-14,1.5450013884496868e-30,-9.235543998794445e-16
482.38,2.964296793097206e-14,1.545001765827479e-30,-9.235422068762485e-16
482.4,2.964297134007572e-14,1.5449986173711048e-30,-9.235487648858597e-16
482.42,2.964297058824004e-14,1.5449993117183042e-30,-9.235390121223003e-16
482.44,2.9642971441092827e-14,1.5449985240666126e-30,-9.235424742693771e-16
482.46,2.964297388360944e-14,1.5449962682900545e-30,-9.235410609644967e-16
482.48,2.9642978366240446e-14,1.5449921284283645e-30,-9.235343615881082e-16
482.5,2.9642984557583e-14,1.5449864104895146e-30,-9.235434449612064e-16
482.52,2.964298649646121e-14,1.54498461985293e-30,-9.235528802183015e-16
482.54,2.964298608329949e-14,1.5449850014326866e-30,-9.235631444651513e-16
482.56,2.9642987551000383e-14,1.5449836459286737e-30,-9.235569008067185e-16
482.58,2.9642988399261884e-14,1.5449828624961082e-30,-9.235693555145198e-16
482.6,2.9642996727223205e-14,1.5449751710394535e-30,-9.235736478072533e-16
482.62,2.964300447460586e-14,1.5449680157410514e-30,-9.235766409941293e-16
482.64,2.964300712699528e-14,1.544965566058736e-30,-9.235681253707722e-16
482.66,2.9643009060973244e-14,1.5449637799016273e-30,-9.23570299471853e-16
482.68,2.9643011098918785e-14,1.5449618977186334e-30,-9.235670874626927e-16
482.7,2.9643012527972046e-14,1.5449605779145697e-30,-9.235577469450785e-16
482.72,2.964301409123718e-14,1.5449591341493266e-30,-9.235538680159642e-16
482.74,2.964301220128302e-14,1.544960879619384e-30,-9.235556166818029e-16
482.76,2.964301492124103e-14,1.5449583676046844e-30,-9.235476035217112e-16
482.78,2.96430150312492e-14,1.5449582660058745e-30,-9.235559680581521e-16
482.8,2.96430225217146e-14,1.5449513481602056e-30,-9.23549223292695e-16
482.82,2.9643023169178206e-14,1.5449507502138818e-30,-9.235395226592258e-16
482.84,2.9643024936088836e-14,1.5449491183961262e-30,-9.235393013376093e-16
482.86,2.9643023732809655e-14,1.5449502296796875e-30,-9.235474489958032e-16
482.88,2.964302552512064e-14,1.544948574408702e-30,-9.235552381833587e-16
482.9,2.964302491536236e-14,1.5449491375406187e-30,-9.235468281996312e-16
482.92,2.96430290907518e-14,1.5449452814295435e-30,-9.235342408786004e-16
482.94,2.964302844112707e-14,1.5449458813749057e-30,-9.23528559480904e-16
482.96,2.964302797215253e-14,1.5449463144830494e-30,-9.23530058828421e-16
482.98,2.964302941205789e-14,1.5449449846992172e-30,-9.235250688863196e-16
483.0,2.9643031284854925e-14,1.5449432551239097e-30,-9.23533793109302e-16
483.02,2.964303095831355e-14,1.5449435566899844e-30,-9.235390814281011e-16
483.04,2.964303432891993e-14,1.54494044382813e-30,-9.23532205272212e-16
483.06,2.964303581719788e-14,1.5449390693512118e-30,-9.235352096200657e-16
483.08,2.9643038783363147e-14,1.5449363299835965e-30,-9.235341730635732e-16
483.1,2.964304404870525e-14,1.5449314672654253e-30,-9.235278950940455e-16
483.12,2.9643048866001784e-14,1.5449270183449135e-30,-9.235334719484395e-16
483.14,2.96430512526997e-14,1.5449248141561668e-30,-9.235222574334166e-16
483.16,2.964305537170963e-14,1.5449210101869236e-30,-9.235069591945671e-16
483.18,2.964305319556244e-14,1.5449230198618046e-30,-9.2349895771222e-16
483.2,2.9643056383940615e-14,1.5449200754113841e-30,-9.234960532367287e-16
483.22,2.9643056522213366e-14,1.5449199477202633e-30,-9.23502628940206e-16
483.24,2.96430599915066e-14,1.5449167438378905e-30,-9.235016557748245e-16
483.26,2.9643061163900846e-14,1.544915661123703e-30,-9.23505405605132e-16
483.28,2.9643059843895936e-14,1.544916880164036e-30,-9.235098755232774e-16
483.3,2.9643062565317205e-14,1.5449143668995673e-30,-9.235129400451254e-16
483.32,2.9643059835863736e-14,1.5449168876027429e-30,-9.23526217795238e-16
483.34,2.9643058942852517e-14,1.5449177123340269e-30,-9.235193855618462e-16
483.36,2.964306422735344e-14,1.5449128319608015e-30,-9.23524629129576e-16
483.38,2.964306780248125e-14,1.5449095302493238e-30,-9.235201810533325e-16
483.4,2.9643073259561986e-14,1.5449044905092275e-30,-9.235168023608448e-16
483.42,2.9643074636621235e-14,1.5449032187843787e-30,-9.235063936928273e-16
483.44,2.964307985166095e-14,1.5448984026570718e-30,-9.235017092571169e-16
483.46,2.964308150988655e-14,1.5448968712895728e-30,-9.234978457042427e-16
483.48,2.9643083780627546e-14,1.5448947742348774e-30,-9.235093925423362e-16
483.5,2.964308807017683e-14,1.5448908127691674e-30,-9.235186242551582e-16
483.52,2.964309082579229e-14,1.5448882679042755e-30,-9.235256088908918e-16
483.54,2.964308855932877e-14,1.5448903610335729e-30,-9.235188162173756e-16
483.56,2.964309794289085e-14,1.5448816950940736e-30,-9.235179046357932e-16
483.58,2.9643103239308324e-14,1.5448768037649403e-30,-9.235126886095327e-16
483.6,2.964310663901866e-14,1.5448736640777112e-30,-9.2351769587797e-16
483.62,2.9643111968411506e-14,1.5448687422502738e-30,-9.235291659235467e-16
483.64,2.964311742652962e-14,1.5448637015113952e-30,-9.235355207977987e-16
483.66,2.964312004985392e-14,1.5448612787719733e-30,-9.235397075628261e-16
483.68,2.964312348647382e-14,1.5448581049203507e-30,-9.235279525788445e-16
483.7,2.964313162291707e-14,1.5448505906335815e-30,-9.235434559923533e-16
483.72,2.96431334798342e-14,1.544848875697968e-30,-9.235359351838921e-16
483.74,2.964313626832901e-14,1.5448463004222919e-30,-9.235384217301214e-16
483.76,2.9643136933639825e-14,1.5448456859806556e-30,-9.23544838034392e-16
483.78,2.964313765730807e-14,1.5448450176587172e-30,-9.235424626668582e-16
483.8,2.964314055870178e-14,1.5448423380955184e-30,-9.235445174679995e-16
483.82,2.9643148245053015e-14,1.5448352393408644e-30,-9.235593106480418e-16
483.84,2.964315757728074e-14,1.5448266205322167e-30,-9.235489903209914e-16
483.86,2.964315926213409e-14,1.5448250644836233e-30,-9.23537570819074e-16
483.88,2.9643159366746805e-14,1.5448249678633292e-30,-9.23526950442846e-16
483.9,2.964316049612577e-14,1.544823924844069e-30,-9.235356306320543e-16
483.92,2.96431626710948e-14,1.5448219161920734e-30,-9.235322230485615e-16
483.94,2.9643168741092144e-14,1.5448163103464258e-30,-9.235430566860934e-16
483.96,2.964317521592994e-14,1.5448103305497939e-30,-9.235441210289965e-16
483.98,2.964317800792739e-14,1.5448077520222952e-30,-9.235428137325698e-16
484.0,2.964317951948696e-14,1.5448063560378807e-30,-9.235421904149775e-16
484.02,2.9643180244583625e-14,1.5448056863758738e-30,-9.23524417870827e-16
484.04,2.9643177923788624e-14,1.5448078296811733e-30,-9.235203793876526e-16
484.06,2.964317962023249e-14,1.5448062629706258e-30,-9.235257129530521e-16
484.08,2.964318615491606e-14,1.5448002280188681e-30,-9.23518631918374e-16
484.1,2.964318698125876e-14,1.544799464873684e-30,-9.235271377589092e-16
484.12,2.964318900301202e-14,1.5447975977335918e-30,-9.235358678493127e-16
484.14,2.964319447700182e-14,1.5447925423549551e-30,-9.2352633442867e-16
484.16,2.96432006275373e-14,1.5447868622028181e-30,-9.235208144705374e-16
484.18,2.964320241876355e-14,1.5447852079745546e-30,-9.235245692453619e-16
484.2,2.9643203689265056e-14,1.5447840346520625e-30,-9.235204856501196e-16
484.22,2.9643207960858896e-14,1.544780089787988e-30,-9.235065318394112e-16
484.24,2.964320862880629e-14,1.5447794729387027e-30,-9.235059213944038e-16
484.26,2.964321057165884e-14,1.5447776787120458e-30,-9.235239679917674e-16
484.28,2.964320963383481e-14,1.5447785448189468e-30,-9.235160931130916e-16
484.3,2.9643215050607506e-14,1.544773542328866e-30,-9.235227619710234e-16
484.32,2.9643219919467703e-14,1.5447690458321987e-30,-9.235170914033301e-16
484.34,2.9643225220723755e-14,1.5447641500330534e-30,-9.235177050960463e-16
484.36,2.9643220104700195e-14,1.5447688747753485e-30,-9.23515633080051e-16
484.38,2.964322128784923e-14,1.5447677821209331e-30,-9.235142984741276e-16
484.4,2.96432220354467e-14,1.5447670917034353e-30,-9.235125387325871e-16
484.42,2.964321676273422e-14,1.5447719610910651e-30,-9.235049460560102e-16
484.44,2.964321617613906e-14,1.5447725028124784e-30,-9.234981266000194e-16
484.46,2.964322113222255e-14,1.5447679258537013e-30,-9.23502899936378e-16
484.48,2.964322542779169e-14,1.5447639589050284e-30,-9.234982559632998e-16
484.5,2.9643226007452805e-14,1.544763423584485e-30,-9.235014884476289e-16
484.52,2.9643226185470975e-14,1.5447632591842108e-30,-9.235011336585096e-16
484.54,2.9643229924637145e-14,1.544759806072227e-30,-9.234995853002004e-16
484.56,2.964323221372333e-14,1.5447576920850871e-30,-9.235015878701196e-16
484.58,2.964323591824071e-14,1.5447542709566471e-30,-9.234965638018954e-16
484.6,2.964324187452542e-14,1.5447487703411375e-30,-9.234973189792761e-16
484.62,2.9643245420226144e-14,1.5447454959445285e-30,-9.234833821231765e-16
484.64,2.964325313761166e-14,1.5447383690259358e-30,-9.234932554334701e-16
484.66,2.96432542391462e-14,1.5447373517715672e-30,-9.235076198865116e-16
484.68,2.9643258290608615e-14,1.5447336102088547e-30,-9.235036948531475e-16
484.7,2.9643264034555345e-14,1.5447283056564848e-30,-9.235039280323531e-16
484.72,2.9643263359499376e-14,1.5447289290758087e-30,-9.23509398300374e-16
484.74,2.964326653635708e-14,1.5447259952159868e-30,-9.23517071069257e-16
484.76,2.964326572771469e-14,1.5447267420092072e-30,-9.235080029100987e-16
484.78,2.964326953446124e-14,1.5447232264542999e-30,-9.235018539386403e-16
484.8,2.964327163214696e-14,1.5447212892342067e-30,-9.235093961622453e-16
484.82,2.9643275087930006e-14,1.544718097802957e-30,-9.234992928973096e-16
484.84,2.9643279068929704e-14,1.5447144213480638e-30,-9.235041633213673e-16
484.86,2.9643282986097326e-14,1.5447108037912833e-30,-9.23506368487538e-16
484.88,2.9643286726743885e-14,1.5447073492901717e-30,-9.235037197379856e-16
484.9,2.964328764200122e-14,1.5447065040513188e-30,-9.235094343487772e-16
484.92,2.964328780970234e-14,1.5447063491737828e-30,-9.235149709307807e-16
484.94,2.9643292743969136e-14,1.544701792306853e-30,-9.23508141973481e-16
484.96,2.9643292416436006e-14,1.5447020947780825e-30,-9.235023937348427e-16
484.98,2.964329633784258e-14,1.5446984733674026e-30,-9.235019907980872e-16
485.0,2.964329840573147e-14,1.5446965636657787e-30,-9.234949933972274e-16
485.02,2.964330005217372e-14,1.5446950431840297e-30,-9.234983327874814e-16
485.04,2.9643306270479394e-14,1.544689300622248e-30,-9.234922612071433e-16
485.06,2.964331017488852e-14,1.5446856949416094e-30,-9.2348572718157e-16
485.08,2.964331657909116e-14,1.5446797807753791e-30,-9.234797550123786e-16
485.1,2.9643318730391705e-14,1.544677794121648e-30,-9.234648405688272e-16
485.12,2.964332512730795e-14,1.5446718867906814e-30,-9.234506026749969e-16
485.14,2.9643329747206185e-14,1.5446676205359932e-30,-9.234527187529442e-16
485.16,2.9643330168295914e-14,1.5446672316962077e-30,-9.234612281323095e-16
485.18,2.9643334138962045e-14,1.5446635649026642e-30,-9.234736449311476e-16
485.2,2.964333877824791e-14,1.544659280648345e-30,-9.234652995087432e-16
485.22,2.9643340020016763e-14,1.5446581339117449e-30,-9.234586462817906e-16
485.24,2.9643345155073694e-14,1.5446533918564938e-30,-9.23463716450478e-16
485.26,2.9643340998090526e-14,1.5446572306529328e-30,-9.23463669741945e-16
485.28,2.964334801974286e-14,1.5446507463931382e-30,-9.234645012345028e-16
485.3,2.9643345029490275e-14,1.5446535077905453e-30,-9.234657943866535e-16
485.32,2.96433468068998e-14,1.5446518664153014e-30,-9.234674961783614e-16
485.34,2.964334727107082e-14,1.5446514377784645e-30,-9.234611744667174e-16
485.36,2.9643345566311125e-14,1.5446530120564097e-30,-9.234634837984997e-16
485.38,2.964334715405628e-14,1.5446515458325817e-30,-9.234534756081216e-16
485.4,2.964334764433333e-14,1.5446510930852634e-30,-9.234499301346772e-16
485.42,2.964334942551612e-14,1.5446494482595884e-30,-9.234488063327244e-16
485.44,2.964334616919416e-14,1.5446524552788134e-30,-9.234345273739665e-16
485.46,2.964335062388562e-14,1.5446483416563631e-30,-9.234338843113435e-16
485.48,2.964335607104899e-14,1.5446433115292029e-30,-9.234459211457972e-16
485.5,2.964336068386738e-14,1.5446390518357873e-30,-9.234500349053766e-16
485.52,2.964336596049248e-14,1.544634179136747e-30,-9.234501532957437e-16
485.54,2.964336841984036e-14,1.5446319080432556e-30,-9.234551721945467e-16
485.56,2.96433710133183e-14,1.5446295130850673e-30,-9.234535262700312e-16
485.58,2.964337183000935e-14,1.5446287589173375e-30,-9.23463968330799e-16
485.6,2.964337950404322e-14,1.5446216722067809e-30,-9.234629813662523e-16
485.62,2.964338032999347e-14,1.5446209094871876e-30,-9.234809236562618e-16
485.64,2.964337773044883e-14,1.544623310115958e-30,-9.234759829612794e-16
485.66,2.9643384500581025e-14,1.544617058049156e-30,-9.234771149231305e-16
485.68,2.964338715567526e-14,1.5446146061311953e-30,-9.234750851910423e-16
485.7,2.964339188237061e-14,1.5446102411983497e-30,-9.23463544291746e-16
485.72,2.964339830196281e-14,1.5446043129181437e-30,-9.234653445285776e-16
485.74,2.964340207782293e-14,1.5446008260628319e-30,-9.234515802706686e-16
485.76,2.964340660326721e-14,1.5445966470090806e-30,-9.234597474960997e-16
485.78,2.964341070081892e-14,1.544592863120889e-30,-9.234534392848162e-16
485.8,2.9643408914231204e-14,1.5445945129454956e-30,-9.234497576782763e-16
485.82,2.964341405664951e-14,1.5445897641641649e-30,-9.234593165435014e-16
485.84,2.964341899833014e-14,1.5445852007270857e-30,-9.234544333033097e-16
485.86,2.9643423201574834e-14,1.5445813192308501e-30,-9.234550593589278e-16
485.88,2.9643424463845097e-14,1.5445801535783143e-30,-9.234591609819768e-16
485.9,2.9643429891655364e-14,1.5445751412220116e-30,-9.234588288346959e-16
485.92,2.964343137646964e-14,1.5445737700628912e-30,-9.2345852642613e-16
485.94,2.964343594010925e-14,1.5445695557399788e-30,-9.23455815171878e-16
485.96,2.964343863291078e-14,1.544567069060802e-30,-9.23454890794183e-16
485.98,2.964344109015462e-14,1.5445647998812036e-30,-9.2345427166814e-16
486.0,2.964344219297816e-14,1.544563781484418e-30,-9.234473864564275e-16
486.02,2.964343992756526e-14,1.5445658734531064e-30,-9.234369720023045e-16
486.04,2.9643443111787616e-14,1.5445629330340268e-30,-9.23431926924127e-16
486.06,2.9643454069058294e-14,1.5445528147421978e-30,-9.2342933791804e-16
486.08,2.964345664296588e-14,1.544550437928259e-30,-9.234173634894576e-16
486.1,2.964345391574939e-14,1.544552956264159e-30,-9.234167284909021e-16
486.12,2.9643456281737024e-14,1.544550771482257e-30,-9.234067736010155e-16
486.14,2.9643460895767583e-14,1.5445465108511417e-30,-9.2340618901916e-16
486.16,2.9643461710980633e-14,1.5445457580820917e-30,-9.233884901993937e-16
486.18,2.9643464018368943e-14,1.5445436274751138e-30,-9.233782724630572e-16
486.2,2.964346780087517e-14,1.5445401348194066e-30,-9.23368918089543e-16
486.22,2.964346791065344e-14,1.5445400334175946e-30,-9.23354901449566e-16
486.24,2.964347284500239e-14,1.5445354771935103e-30,-9.23381185147798e-16
486.26,2.9643475646412624e-14,1.5445328904268827e-30,-9.233816196448589e-16
486.28,2.9643477505959146e-14,1.5445311733575196e-30,-9.233650869663778e-16
486.3,2.9643483181126236e-14,1.5445259331048758e-30,-9.233592643673282e-16
486.32,2.964349034184587e-14,1.5445193211635387e-30,-9.233618000189024e-16
486.34,2.964349619803895e-14,1.5445139138060168e-30,-9.233531553943994e-16
486.36,2.9643497275121654e-14,1.5445129192795588e-30,-9.233500632907556e-16
486.38,2.964349857757065e-14,1.5445117166529798e-30,-9.233451378395794e-16
486.4,2.964350045620987e-14,1.5445099820465022e-30,-9.233310383462673e-16
486.42,2.9643504844933915e-14,1.5445059298251135e-30,-9.233164718320585e-16
486.44,2.9643504062113e-14,1.5445066526244787e-30,-9.233334643169405e-16
486.46,2.9643505212782804e-14,1.5445055901721183e-30,-9.233298107733227e-16
486.48,2.9643509387910126e-14,1.5445017351746525e-30,-9.233274737440976e-16
486.5,2.964351294188299e-14,1.5444984536897785e-30,-9.233264515848845e-16
486.52,2.964351371908488e-14,1.5444977360815501e-30,-9.233247678807474e-16
486.54,2.964351785632709e-14,1.5444939160757489e-30,-9.233209800098474e-16
486.56,2.9643524033616737e-14,1.54448821245598e-30,-9.233269856165963e-16
486.58,2.964352878589658e-14,1.5444838245532545e-30,-9.233287929705309e-16
486.6,2.9643535016741094e-14,1.5444780714715414e-30,-9.233242495673889e-16
486.62,2.9643542850553836e-14,1.5444708382014651e-30,-9.233491956997335e-16
486.64,2.964354987798251e-14,1.5444643494560956e-30,-9.23347967459097e-16
486.66,2.9643550772912673e-14,1.5444635231243642e-30,-9.233352206613776e-16
486.68,2.964355389110834e-14,1.5444606439726534e-30,-9.233396546898228e-16
486.7,2.964355802622202e-14,1.54445682587157e-30,-9.233347618985136e-16
486.72,2.964356456205267e-14,1.5444507911333352e-30,-9.233269523959596e-16
486.74,2.964356653852349e-14,1.544448966199992e-30,-9.233154717781321e-16
486.76,2.964357435877876e-14,1.5444417456560834e-30,-9.233118743754415e-16
486.78,2.9643572458914096e-14,1.5444434997971506e-30,-9.232909601891388e-16
486.8,2.9643580004616054e-14,1.544436532859725e-30,-9.233041395022215e-16
486.82,2.9643578699677416e-14,1.544437737711522e-30,-9.233016928043227e-16
486.84,2.9643581732927984e-14,1.544434937106591e-30,-9.233004343368557e-16
486.86,2.964358366706701e-14,1.5444331513446048e-30,-9.232893071560872e-16
486.88,2.9643584128254015e-14,1.5444327255416966e-30,-9.2327490414485e-16
486.9,2.964358730007103e-14,1.544429797065294e-30,-9.232858498458953e-16
486.92,2.964358847544101e-14,1.5444287118688348e-30,-9.232876069839738e-16
486.94,2.96435891399075e-14,1.5444280983689751e-30,-9.232667324726572e-16
486.96,2.964359357418389e-14,1.5444240043484184e-30,-9.232651527477711e-16
486.98,2.9643595789665736e-14,1.5444219588798066e-30,-9.232634370730895e-16
487.0,2.9643597166148574e-14,1.5444206880263567e-30,-9.232602642524406e-16
487.02,2.9643600938721514e-14,1.544417204939912e-30,-9.232684344456296e-16
487.04,2.9643601288209046e-14,1.5444168822768386e-30,-9.232691879214058e-16
487.06,2.964360169839976e-14,1.5444165035578466e-30,-9.23274445538843e-16
487.08,2.964360053417597e-14,1.5444175784583134e-30,-9.232834518976282e-16
487.1,2.964360336156316e-14,1.5444149679548433e-30,-9.2329336339996e-16
487.12,2.9643602625800916e-14,1.5444156472863349e-30,-9.23277618003053e-16
487.14,2.9643606687722684e-14,1.5444118970044394e-30,-9.232770621724796e-16
487.16,2.964361185977158e-14,1.5444071217775115e-30,-9.23272190457593e-16
487.18,2.964361619699012e-14,1.5444031173508535e-30,-9.232712261641357e-16
487.2,2.964361826123908e-14,1.5444012114833518e-30,-9.232570858758759e-16
487.22,2.9643621349726537e-14,1.5443983600312932e-30,-9.232428111214154e-16
487.24,2.9643625685129695e-14,1.5443943574024583e-30,-9.23247281363751e-16
487.26,2.964363089877314e-14,1.5443895439462115e-30,-9.232347879784466e-16
487.28,2.9643630505811664e-14,1.5443899067169752e-30,-9.232401141934295e-16
487.3,2.964362964483035e-14,1.5443907016135473e-30,-9.232337836631252e-16
487.32,2.964362961541595e-14,1.5443907287727375e-30,-9.23238764839357e-16
487.34,2.9643632734143313e-14,1.5443878494361569e-30,-9.232506758189576e-16
487.36,2.96436352273761e-14,1.544385547575451e-30,-9.232383715099333e-16
487.38,2.9643643217636305e-14,1.5443781707131184e-30,-9.232186184413547e-16
487.4,2.9643642393651804e-14,1.5443789314269985e-30,-9.232279409015799e-16
487.42,2.9643648349801303e-14,1.5443734325809234e-30,-9.232245857289643e-16
487.44,2.964364796331986e-14,1.5443737893895773e-30,-9.232215051630266e-16
487.46,2.964364846900286e-14,1.5443733225346704e-30,-9.232235544919028e-16
487.48,2.964365147556656e-14,1.5443705468382748e-30,-9.232147773855156e-16
487.5,2.964365494498346e-14,1.5443673438238635e-30,-9.232109927827243e-16
487.52,2.964365820016892e-14,1.5443643385907963e-30,-9.232225459124568e-16
487.54,2.964366285450993e-14,1.5443600415569467e-30,-9.23231400935393e-16
487.56,2.964366831931579e-14,1.5443549962867224e-30,-9.232238613686557e-16
487.58,2.9643673594321207e-14,1.5443501262634811e-30,-9.23229421874081e-16
487.6,2.96436707464074e-14,1.5443527555551778e-30,-9.232298698577761e-16
487.62,2.9643676763587084e-14,1.5443472003293373e-30,-9.23227067079235e-16
487.64,2.9643680847371066e-14,1.544343430109613e-30,-9.232106831775382e-16
487.66,2.964368308001603e-14,1.5443413689124497e-30,-9.232117625866117e-16
487.68,2.964368490845025e-14,1.5443396808773213e-30,-9.232121947603668e-16
487.7,2.964368720472074e-14,1.5443375609235824e-30,-9.23208786110697e-16
487.72,2.964368830345637e-14,1.5443365465568478e-30,-9.232089924933705e-16
487.74,2.964369198622773e-14,1.5443331465927039e-30,-9.232067170618285e-16
487.76,2.964369864045234e-14,1.544327003298896e-30,-9.232164922201866e-16
487.78,2.9643702132703434e-14,1.5443237791676081e-30,-9.232114436777421e-16
487.8,2.9643701760470896e-14,1.5443241228177331e-30,-9.232194568094822e-16
487.82,2.964370491654759e-14,1.544321209047433e-30,-9.232237819992616e-16
487.84,2.9643705162454786e-14,1.5443209820279598e-30,-9.232135115374659e-16
487.86,2.964370938921214e-14,1.5443170798431071e-30,-9.23206069793078e-16
487.88,2.9643711720666147e-14,1.544314927433162e-30,-9.232129973857904e-16
487.9,2.964371026703617e-14,1.5443162694475947e-30,-9.232021625533393e-16
487.92,2.9643719120906395e-14,1.5443080955507978e-30,-9.231997171658331e-16
487.94,2.9643721032914527e-14,1.5443063303926507e-30,-9.231890264655427e-16
487.96,2.964372488894018e-14,1.5443027705539623e-30,-9.231839520876985e-16
487.98,2.9643729138427435e-14,1.5442988475189774e-30,-9.23159357474629e-16
488.0,2.964373220267966e-14,1.54429601871591e-30,-9.23163085593591e-16
488.02,2.964373431768541e-14,1.5442940662182937e-30,-9.23162417872817e-16
488.04,2.964373829355787e-14,1.5442903958703042e-30,-9.231485721111246e-16
488.06,2.9643743221917934e-14,1.5442858462923832e-30,-9.23137592963718e-16
488.08,2.9643742154954574e-14,1.5442868312588469e-30,-9.23143399004009e-16
488.1,2.9643744116307956e-14,1.5442850206464394e-30,-9.231441616779193e-16
488.12,2.9643749094832706e-14,1.5442804247341345e-30,-9.231409313855664e-16
488.14,2.964375340852302e-14,1.54427644258687e-30,-9.231375063586708e-16
488.16,2.9643752919626194e-14,1.5442768939141964e-30,-9.231250396029282e-16
488.18,2.9643754781064933e-14,1.5442751755700642e-30,-9.231272004156786e-16
488.2,2.9643761959920525e-14,1.5442685485329256e-30,-9.231362867606525e-16
488.22,2.964376297860034e-14,1.5442676081604839e-30,-9.2312000818099e-16
488.24,2.964376670960017e-14,1.5442641639706988e-30,-9.231216529878158e-16
488.26,2.9643768059749e-14,1.5442629176258052e-30,-9.231266616977386e-16
488.28,2.9643767843371046e-14,1.5442631173769824e-30,-9.231300403180928e-16
488.3,2.9643768209315485e-14,1.5442627795608567e-30,-9.23134488063283e-16
488.32,2.9643768445984915e-14,1.5442625610872584e-30,-9.231337647071628e-16
488.34,2.964377107183569e-14,1.544260137078374e-30,-9.231337173804625e-16
488.36,2.9643772982763676e-14,1.5442583730401923e-30,-9.231268894819087e-16
488.38,2.9643778541781076e-14,1.5442532413383921e-30,-9.231327553449775e-16
488.4,2.96437833147871e-14,1.5442488352266194e-30,-9.231279724416768e-16
488.42,2.9643785507748694e-14,1.5442468108399235e-30,-9.231217206652815e-16
488.44,2.964378979728274e-14,1.5442428510827417e-30,-9.231226940401687e-16
488.46,2.964379171673321e-14,1.5442410791913673e-30,-9.231247927198676e-16
488.48,2.964379581730529e-14,1.5442372938347466e-30,-9.231290936641649e-16
488.5,2.9643801820690853e-14,1.5442317519239496e-30,-9.231299758685198e-16
488.52,2.9643808399324946e-14,1.5442256790194332e-30,-9.23121259240927e-16
488.54,2.9643814050452005e-14,1.5442204623841725e-30,-9.231142985108974e-16
488.56,2.964381700131563e-14,1.5442177383897588e-30,-9.23107267369652e-16
488.58,2.9643816053905044e-14,1.5442186129570687e-30,-9.231076522098121e-16
488.6,2.9643822892221065e-14,1.5442123004405684e-30,-9.231138536050535e-16
488.62,2.96438263269699e-14,1.5442091297322058e-30,-9.231261973913596e-16
488.64,2.964382380339141e-14,1.5442114593143544e-30,-9.231280672114028e-16
488.66,2.964382915686445e-14,1.544206517391696e-30,-9.231239277908565e-16
488.68,2.9643835606143766e-14,1.544200563895306e-30,-9.231238415257769e-16
488.7,2.9643834836906426e-14,1.5442012740093918e-30,-9.231184050984059e-16
488.72,2.964383660206728e-14,1.5441996445459008e-30,-9.231248243890988e-16
488.74,2.96438364371876e-14,1.544199796743037e-30,-9.231225177521758e-16
488.76,2.964383966038363e-14,1.544196821332112e-30,-9.231422105007262e-16
488.78,2.96438436595909e-14,1.5441931294913305e-30,-9.231340912241225e-16
488.8,2.964384835478329e-14,1.5441887952158585e-30,-9.231303681646934e-16
488.82,2.964384747158151e-14,1.5441896105391254e-30,-9.231360954378227e-16
488.84,2.96438519015501e-14,1.544185521035012e-30,-9.231485564520778e-16
488.86,2.964385779434863e-14,1.5441800811721324e-30,-9.231326960959857e-16
488.88,2.96438647318747e-14,1.544173676961815e-30,-9.231259549123674e-16
488.9,2.9643864525749583e-14,1.5441738672373258e-30,-9.23135194826992e-16
488.92,2.964386825920958e-14,1.5441704207181791e-30,-9.231520779400014e-16
488.94,2.9643867676748484e-14,1.5441709584121829e-30,-9.23153692407931e-16
488.96,2.9643872279362125e-14,1.544166709487768e-30,-9.23141285319166e-16
488.98,2.964387663532632e-14,1.5441626882892077e-30,-9.231519906875046e-16
489.0,2.964388722430759e-14,1.5441529130365756e-30,-9.231530433335568e-16
489.02,2.964388835142959e-14,1.5441518725330338e-30,-9.23156321986917e-16
489.04,2.964389630626107e-14,1.5441445289219146e-30,-9.23169703652809e-16
489.06,2.9643902774238206e-14,1.5441385579253614e-30,-9.231612604211661e-16
489.08,2.964389804976717e-14,1.5441429193629807e-30,-9.231551826342123e-16
489.1,2.9643901816573714e-14,1.5441394420103685e-30,-9.23157788288325e-16
489.12,2.964390674305214e-14,1.5441348940989533e-30,-9.231503348892431e-16
489.14,2.96439098443336e-14,1.5441320311482553e-30,-9.231572044783069e-16
489.16,2.964391528429727e-14,1.5441270092003361e-30,-9.23158833308743e-16
489.18,2.9643910876628904e-14,1.54413107818439e-30,-9.231601185795579e-16
489.22,2.9643916082887984e-14,1.5441262719740757e-30,-9.23159558698026e-16
489.24,2.964391984828872e-14,1.5441227959358757e-30,-9.231515450846863e-16
489.26,2.964392939679101e-14,1.544113981293437e-30,-9.23139213609312e-16
489.28,2.964393405349252e-14,1.5441096824869173e-30,-9.231387527222821e-16
489.3,2.9643937410312525e-14,1.5441065836893665e-30,-9.231342273204096e-16
489.32,2.964394255515739e-14,1.5441018343280166e-30,-9.231221034142187e-16
489.34,2.964394464152737e-14,1.5440999083430738e-30,-9.231235511901908e-16
489.36,2.964395124965665e-14,1.5440938082314264e-30,-9.231198249707111e-16
489.38,2.9643952611072946e-14,1.5440925514814454e-30,-9.2312000479187e-16
489.42,2.964395880982466e-14,1.5440868293287973e-30,-9.231166018080516e-16
489.44,2.9643967177616576e-14,1.5440791049282193e-30,-9.231135929595571e-16
489.46,2.964397076176158e-14,1.5440757963641611e-30,-9.231105588661253e-16
489.48,2.964397689873132e-14,1.5440701312659575e-30,-9.231123765759892e-16
489.5,2.964398394707714e-14,1.5440636249078636e-30,-9.231019506850713e-16
489.52,2.9643982830200905e-14,1.54406465589573e-30,-9.231022039016752e-16
489.54,2.964399031105995e-14,1.5440577502900368e-30,-9.231065090421919e-16
489.56,2.9643994321967597e-14,1.5440540478273168e-30,-9.230897968023237e-16
489.6,2.964400464874418e-14,1.5440445152083173e-30,-9.2309485937589e-16
489.62,2.964400334997018e-14,1.544045714108176e-30,-9.23096370584278e-16
489.64,2.964400934084299e-14,1.5440401839688752e-30,-9.23096819850929e-16
489.66,2.9644011531946924e-14,1.5440381613864573e-30,-9.230886953973627e-16
489.68,2.964401533142258e-14,1.5440346541098623e-30,-9.230976040117064e-16
489.7,2.964402252177996e-14,1.5440280168083944e-30,-9.230798406929844e-16
489.72,2.96440261209119e-14,1.5440246945336138e-30,-9.230742914949335e-16
489.74,2.964403091798809e-14,1.5440202664246168e-30,-9.230836184691154e-16
489.76,2.964403334916564e-14,1.5440180222575721e-30,-9.230839460733936e-16
489.8,2.964404512958122e-14,1.5440071479149508e-30,-9.230833632094879e-16
489.82,2.964404637752103e-14,1.544005995982863e-30,-9.230728394226356e-16
489.84,2.9644045339327475e-14,1.544006954310846e-30,-9.230780707729136e-16
489.86,2.964405334251961e-14,1.5439995667513162e-30,-9.230822904527521e-16
489.88,2.964405497597437e-14,1.5439980589608116e-30,-9.23065685143879e-16
489.9,2.9644059632804587e-14,1.5439937604221497e-30,-9.230614830469455e-16
489.92,2.96440633791679e-14,1.5439903023018576e-30,-9.2306872729035e-16
489.94,2.964406378671565e-14,1.543989926119996e-30,-9.230660375916275e-16
489.98,2.964407245880352e-14,1.5439819211847643e-30,-9.230676030939037e-16
490.0,2.9644071184084434e-14,1.543983097836874e-30,-9.230711473681534e-16
490.02,2.964407085944508e-14,1.54398339750166e-30,-9.230700632217176e-16
490.04,2.9644074612377334e-14,1.543979933252694e-30,-9.230803684432177e-16
490.06,2.9644081130643284e-14,1.5439739164003228e-30,-9.230783469604056e-16
490.08,2.964407954340664e-14,1.5439753815362481e-30,-9.230806034517286e-16
490.1,2.964408137659258e-14,1.543973689348529e-30,-9.230854579887745e-16
490.14,2.9644087387001734e-14,1.5439681412143651e-30,-9.230833293375992e-16
490.16,2.964409251345451e-14,1.5439634090328308e-30,-9.23100972874435e-16
490.18,2.9644097137765856e-14,1.5439591403548669e-30,-9.230907622497426e-16
490.2,2.964410019066225e-14,1.5439563222287492e-30,-9.230953091983883e-16
490.22,2.964410326852714e-14,1.5439534810675319e-30,-9.230912748426131e-16
490.24,2.9644108455520156e-14,1.5439486930295463e-30,-9.230808321179084e-16
490.26,2.9644113034904834e-14,1.5439444658832079e-30,-9.230844711812269e-16
490.28,2.964411747211774e-14,1.5439403699835596e-30,-9.23077002371763e-16
490.32,2.964412627414749e-14,1.5439322449929912e-30,-9.230740186418776e-16
490.34,2.9644128866823917e-14,1.5439298517656708e-30,-9.230745593772978e-16
490.36,2.9644129179055416e-14,1.5439295635458897e-30,-9.23074265823601e-16
490.38,2.9644130212830244e-14,1.5439286093137762e-30,-9.230619890799642e-16
490.4,2.964413207879627e-14,1.5439268869120613e-30,-9.230706918960383e-16
490.42,2.964413539344155e-14,1.5439238272777799e-30,-9.23056788615121e-16
490.44,2.964413497214423e-14,1.543924216161867e-30,-9.230438288839797e-16
490.48,2.9644143610162825e-14,1.5439162428331776e-30,-9.230688368123271e-16
490.5,2.9644148136479965e-14,1.543912064731844e-30,-9.230661486215911e-16
490.52,2.964414763510518e-14,1.5439125275311853e-30,-9.23061593858647e-16
490.54,2.964415273734789e-14,1.5439078178272437e-30,-9.230705508304166e-16
490.56,2.964415237547256e-14,1.5439081518766452e-30,-9.230781737561174e-16
490.58,2.964415368688784e-14,1.5439069413524369e-30,-9.230683609896518e-16
490.6,2.9644155613534414e-14,1.5439051629230159e-30,-9.230706740942876e-16
490.62,2.964415768067757e-14,1.5439032547939442e-30,-9.230767951735807e-16
490.66,2.964416214028841e-14,1.5438991382513479e-30,-9.230765848175568e-16
490.68,2.964416138632663e-14,1.54389983421791e-30,-9.230761521808508e-16
490.7,2.9644167568526464e-14,1.5438941275415497e-30,-9.230742047220483e-16
490.72,2.9644169681731184e-14,1.5438921768846362e-30,-9.230883463213634e-16
490.74,2.9644168846915963e-14,1.5438929475023956e-30,-9.230920005216605e-16
490.76,2.964417171759752e-14,1.5438902976015435e-30,-9.230915178575416e-16
490.78,2.9644172400672324e-14,1.543889667054883e-30,-9.230941128690215e-16
490.82,2.9644176186255247e-14,1.5438861726148393e-30,-9.230946723654473e-16
490.84,2.964417687738202e-14,1.5438855346394925e-30,-9.23098915192563e-16
490.86,2.964418025194259e-14,1.5438824195608067e-30,-9.231148937935248e-16
490.88,2.964418289552448e-14,1.543879979213903e-30,-9.231257502289792e-16
490.9,2.964418931102098e-14,1.5438740569786196e-30,-9.231158152030519e-16
490.92,2.964419249107219e-14,1.5438711214230721e-30,-9.231212991170253e-16
490.94,2.964419790781837e-14,1.5438661211374588e-30,-9.231129721701378e-16
490.98,2.9644204728044735e-14,1.5438598253105778e-30,-9.23102766423635e-16
491.0,2.964421428531357e-14,1.5438510029538703e-30,-9.231028483353858e-16
491.02,2.9644213663852837e-14,1.5438515766173826e-30,-9.230838805346403e-16
491.04,2.964421754723867e-14,1.5438479919385764e-30,-9.230763070099812e-16
491.06,2.964422230136631e-14,1.5438436035415201e-30,-9.230741050661494e-16
491.08,2.964422477933341e-14,1.5438413162265958e-30,-9.230663165730755e-16
491.1,2.96442299079873e-14,1.5438365821496647e-30,-9.230521689231026e-16
491.14,2.964423051486744e-14,1.543836021987003e-30,-9.23031971641442e-16
491.16,2.9644234336067224e-14,1.543832494869554e-30,-9.230454875335e-16
491.18,2.9644238326883544e-14,1.543828811172715e-30,-9.230372880746601e-16
491.2,2.9644238900302396e-14,1.5438282818886373e-30,-9.230248803279378e-16
491.22,2.964423662591031e-14,1.5438303812234167e-30,-9.230220677969775e-16
491.24,2.9644240001161766e-14,1.5438272658178108e-30,-9.23020898774378e-16
491.28,2.964424348218235e-14,1.5438240527303602e-30,-9.230273219772215e-16
491.3,2.96442460859816e-14,1.5438216493522024e-30,-9.230285947454746e-16
491.32,2.9644248909099115e-14,1.5438190435456726e-30,-9.230184848570734e-16
491.34,2.9644249302906216e-14,1.5438186800526709e-30,-9.230196571616972e-16
491.36,2.964425115751373e-14,1.5438169682107839e-30,-9.230182179796705e-16
491.38,2.9644249838505145e-14,1.5438181856835341e-30,-9.230218337843088e-16
491.4,2.9644246152402543e-14,1.5438215880338717e-30,-9.230142827068602e-16
491.44,2.9644255188125205e-14,1.5438132479622237e-30,-9.230139935205025e-16
491.46,2.9644260608882015e-14,1.5438082445004322e-30,-9.230225099904336e-16
491.48,2.964426403262132e-14,1.54380508433271e-30,-9.230145183918352e-16
491.5,2.964426668769812e-14,1.5438026336856821e-30,-9.230050657862372e-16
491.52,2.9644267358061834e-14,1.5438020149339945e-30,-9.22999443606846e-16
491.54,2.964427145022585e-14,1.543798237870329e-30,-9.229984308845076e-16
491.56,2.9644279183178065e-14,1.5437911004066261e-30,-9.229938676680827e-16
491.6,2.964428111491551e-14,1.5437893173894645e-30,-9.229984456497434e-16
491.62,2.964428438767629e-14,1.5437862966241418e-30,-9.230044456841051e-16
491.64,2.964428439788104e-14,1.5437862872132357e-30,-9.23007077417912e-16
491.66,2.964428642129638e-14,1.5437844195966136e-30,-9.22990239664957e-16
491.68,2.964428890022423e-14,1.5437821315584313e-30,-9.229929597987536e-16
491.7,2.964429193074609e-14,1.5437793344027847e-30,-9.229941221784501e-16
491.74,2.964429749742567e-14,1.5437741963526705e-30,-9.230060864512689e-16
491.76,2.9644297351273504e-14,1.5437743312473148e-30,-9.23011283561844e-16
491.78,2.9644298961275805e-14,1.543772845192252e-30,-9.230116560983142e-16
491.8,2.9644304297293625e-14,1.5437679200140211e-30,-9.23004913948215e-16
491.82,2.964430898821279e-14,1.5437635902640329e-30,-9.230150999752462e-16
491.86,2.964431594636047e-14,1.5437571677843233e-30,-9.230159805925076e-16
491.88,2.9644315733667614e-14,1.5437573641036264e-30,-9.230108163894387e-16
491.9,2.964432036731072e-14,1.5437530871914468e-30,-9.230135537783686e-16
491.92,2.9644322143490604e-14,1.5437514477541346e-30,-9.230164177007927e-16
491.94,2.9644322668424834e-14,1.5437509632365822e-30,-9.23016063918544e-16
491.96,2.964432640875675e-14,1.5437475108571293e-30,-9.230157466778154e-16
491.98,2.9644327978136995e-14,1.5437460622934361e-30,-9.230169306455268e-16
492.02,2.964433783182892e-14,1.5437369670440915e-30,-9.23042716822912e-16
492.04,2.964434149956987e-14,1.543733581572663e-30,-9.230393441334665e-16
492.06,2.964434427468199e-14,1.5437310200313068e-30,-9.230455773331657e-16
492.08,2.964434506956913e-14,1.5437302863153659e-30,-9.230489661981567e-16
492.1,2.964434290202226e-14,1.5437322870544904e-30,-9.230367175650419e-16
492.12,2.9644342443082655e-14,1.5437327106718745e-30,-9.230302762213794e-16
492.16,2.96443499602018e-14,1.5437257722663788e-30,-9.230123474806397e-16
492.18,2.964435698621311e-14,1.5437192871273248e-30,-9.23024395994826e-16
492.2,2.964436085699481e-14,1.5437157142875927e-30,-9.230309227724873e-16
492.22,2.96443674254663e-14,1.5437096513917655e-30,-9.230267484082429e-16
492.24,2.964436811673105e-14,1.5437090133348628e-30,-9.230205794258288e-16
492.26,2.9644368617294226e-14,1.5437085512917033e-30,-9.230295565393788e-16
492.3,2.9644372518196224e-14,1.543704950677227e-30,-9.23027329365819e-16
492.32,2.964437766265805e-14,1.5437002021999184e-30,-9.23021802823869e-16
492.34,2.9644382492079184e-14,1.5436957445222737e-30,-9.230266478983863e-16
492.36,2.964438184728473e-14,1.543696339673427e-30,-9.230319267853752e-16
492.38,2.9644383949875235e-14,1.5436943988809345e-30,-9.23038656868206e-16
492.4,2.9644387156257025e-14,1.543691439273151e-30,-9.230338285125543e-16
492.44,2.964438944602945e-14,1.5436893257424646e-30,-9.230289322180715e-16
492.46,2.964439146796229e-14,1.5436874594395745e-30,-9.230182861753705e-16
492.48,2.964438888508307e-14,1.5436898434832823e-30,-9.230150828200459e-16
492.5,2.964439535453638e-14,1.5436838721174013e-30,-9.230058968884036e-16
492.52,2.9644392978248566e-14,1.5436860654343772e-30,-9.230002566309709e-16
492.54,2.964439626120571e-14,1.543683035267464e-30,-9.229984651053252e-16
492.58,2.964440712366929e-14,1.5436730092678465e-30,-9.229980023334227e-16
492.6,2.964440796962655e-14,1.5436722284442604e-30,-9.229960707650714e-16
492.62,2.964441221144624e-14,1.5436683132753886e-30,-9.229867926501256e-16
492.64,2.964441074853401e-14,1.5436696635279379e-30,-9.229941813122367e-16
492.66,2.9644419026491634e-14,1.5436620230094261e-30,-9.229960404643876e-16
492.68,2.9644427642980624e-14,1.5436540700244635e-30,-9.22993626041439e-16
492.72,2.964443908887819e-14,1.5436435055950855e-30,-9.229936249917806e-16
492.74,2.964444406089485e-14,1.5436389164352247e-30,-9.230025163593057e-16
492.76,2.964445121038749e-14,1.5436323175028396e-30,-9.229879641483284e-16
492.78,2.964445568991075e-14,1.5436281830464962e-30,-9.229648619207472e-16
492.8,2.964445720986199e-14,1.543626780193309e-30,-9.229583065049263e-16
492.82,2.964446025753346e-14,1.5436239673395717e-30,-9.229521919221079e-16
492.86,2.964446837730932e-14,1.5436164731519793e-30,-9.22953378314052e-16
492.88,2.9644469750434655e-14,1.5436152058249722e-30,-9.229492348042243e-16
492.9,2.964447634161048e-14,1.5436091225058544e-30,-9.229491734380088e-16
492.92,2.9644476177272535e-14,1.5436092741776937e-30,-9.229510423895634e-16
492.94,2.964447983716793e-14,1.5436058962537388e-30,-9.229653414248943e-16
492.96,2.964448207018883e-14,1.5436038352435063e-30,-9.22976346735425e-16
493.0,2.964448500458001e-14,1.5436011268769824e-30,-9.22969945700851e-16
493.02,2.9644485400106446e-14,1.5436007618096385e-30,-9.229791374715628e-16
493.04,2.9644489006431204e-14,1.543597433285578e-30,-9.229667268347697e-16
493.06,2.9644493388567884e-14,1.5435933887172546e-30,-9.229622981618065e-16
493.08,2.96444932391442e-14,1.5435935266258309e-30,-9.229677596196551e-16
493.1,2.964449185353812e-14,1.5435948054996079e-30,-9.229655356431592e-16
493.14,2.964449281694388e-14,1.543593916305634e-30,-9.229731380009684e-16
493.16,2.964449386660096e-14,1.5435929475051152e-30,-9.22965917839594e-16
493.18,2.964449723099178e-14,1.5435898422997e-30,-9.229669315605513e-16
493.2,2.9644500059458376e-14,1.5435872317189716e-30,-9.229658219073553e-16
493.22,2.964450695771115e-14,1.543580864843237e-30,-9.229725884540823e-16
493.24,2.9644509119087796e-14,1.5435788699517389e-30,-9.229704976036228e-16
493.28,2.9644520862388403e-14,1.5435680311652451e-30,-9.229962783380098e-16
493.3,2.964452485416061e-14,1.5435643468229432e-30,-9.22981424261771e-16
493.32,2.964452755417336e-14,1.5435618547739095e-30,-9.229833704644072e-16
493.34,2.964453012501704e-14,1.5435594819337922e-30,-9.22981125642041e-16
493.36,2.964453382576057e-14,1.5435560662047654e-30,-9.22998824248089e-16
493.38,2.964453598874336e-14,1.543554069765036e-30,-9.23000701866527e-16
493.42,2.964454758416678e-14,1.5435433671668268e-30,-9.229969920851889e-16
493.44,2.9644546784416705e-14,1.5435441053266193e-30,-9.229989475025883e-16
493.46,2.964454597692732e-14,1.5435448506407516e-30,-9.229983320278826e-16
493.48,2.9644547532648894e-14,1.5435434147076988e-30,-9.230066346306173e-16
493.5,2.9644547505978757e-14,1.5435434393243948e-30,-9.230120724179845e-16
493.54,2.964455259078215e-14,1.5435387460225848e-30,-9.230073063794255e-16
493.56,2.9644558357212917e-14,1.5435334235334846e-30,-9.230236834373753e-16
493.58,2.964456173794578e-14,1.5435303030572895e-30,-9.230067147014664e-16
493.6,2.964456569653498e-14,1.5435266492689745e-30,-9.229861289541356e-16
493.62,2.9644568299576894e-14,1.5435242467297024e-30,-9.229724977506503e-16
493.64,2.9644568968313683e-14,1.5435236294992858e-30,-9.22977286826898e-16
493.68,2.964458078136353e-14,1.543512726201682e-30,-9.229993721363477e-16
493.7,2.964458716944707e-14,1.5435068300009545e-30,-9.230018799858288e-16
493.72,2.964458819719191e-14,1.5435058814062003e-30,-9.22989825203622e-16
493.74,2.964459291405551e-14,1.5435015277959182e-30,-9.22984184374565e-16
493.76,2.96446012747953e-14,1.5434938109114676e-30,-9.229932923158525e-16
493.8,2.964460741209274e-14,1.5434881462079124e-30,-9.22994738412324e-16
493.82,2.964460669900413e-14,1.5434888043839114e-30,-9.229861798111147e-16
493.84,2.9644609720314664e-14,1.54348601575189e-30,-9.229945338253344e-16
493.86,2.9644612343707495e-14,1.54348359436376e-30,-9.230048434018673e-16
493.88,2.964461311833499e-14,1.5434828793742455e-30,-9.230084980123563e-16
493.9,2.9644614613396495e-14,1.5434814994259225e-30,-9.229959471436729e-16
493.94,2.964462312812333e-14,1.543473640406692e-30,-9.229917261171068e-16
493.96,2.964462157553847e-14,1.5434750734282314e-30,-9.229918719494205e-16
493.98,2.9644621476779625e-14,1.5434751645833381e-30,-9.229835705942379e-16
494.0,2.96446272825085e-14,1.5434698059918612e-30,-9.229811791656854e-16
494.02,2.9644629486278014e-14,1.5434677719451573e-30,-9.229746503270618e-16
494.04,2.96446355283089e-14,1.543462195282024e-30,-9.229867284411393e-16
494.08,2.964464330003988e-14,1.5434550220676559e-30,-9.229940257779436e-16
494.1,2.964463938400506e-14,1.5434586365183967e-30,-9.229899395940226e-16
494.12,2.9644644933823e-14,1.5434535141187377e-30,-9.229853557375097e-16
494.14,2.964464921297773e-14,1.5434495645105408e-30,-9.229936112310961e-16
494.16,2.9644651624243295e-14,1.543447338914601e-30,-9.229950166276302e-16
494.2,2.964465448571639e-14,1.5434446977846351e-30,-9.229967765376713e-16
494.22,2.96446568602475e-14,1.5434425060837667e-30,-9.230030608124538e-16
494.24,2.964466476445665e-14,1.5434352104597212e-30,-9.230000603133736e-16
494.26,2.964466860948525e-14,1.5434316614972313e-30,-9.229892356225814e-16
494.28,2.9644674390147075e-14,1.5434263259886623e-30,-9.229929379352843e-16
494.3,2.9644676125312654e-14,1.5434247244388277e-30,-9.23004328248875e-16
494.34,2.964467776779171e-14,1.5434232084229294e-30,-9.230080805303941e-16
494.36,2.96446797644887e-14,1.5434213654549159e-30,-9.230072735419228e-16
494.38,2.9644683931736145e-14,1.5434175190729008e-30,-9.22999495348706e-16
494.4,2.964468615405417e-14,1.5434154678765808e-30,-9.229977403740785e-16
494.42,2.964468749185399e-14,1.5434142330733161e-30,-9.230052359456644e-16
494.46,2.9644695558780624e-14,1.5434067873149093e-30,-9.22990755430421e-16
494.48,2.96446952243808e-14,1.543407095969921e-30,-9.22983265112333e-16
494.5,2.964469856640183e-14,1.5434040113294112e-30,-9.229943540812473e-16
494.52,2.9644697114527155e-14,1.5434053513998138e-30,-9.229902858065515e-16
494.54,2.964470139603437e-14,1.5434013996398363e-30,-9.229713991884284e-16
494.58,2.9644705766138914e-14,1.5433973661659834e-30,-9.229629208687889e-16
494.6,2.9644702696011345e-14,1.5434001998159598e-30,-9.229756248939493e-16
494.62,2.964470348061057e-14,1.5433994756541986e-30,-9.229692457828768e-16
494.64,2.964470549729927e-14,1.5433976143232074e-30,-9.229574200496682e-16
494.66,2.964470717532896e-14,1.5433960655833673e-30,-9.229552198905396e-16
494.68,2.964470765719251e-14,1.5433956208352058e-30,-9.22954533564418e-16
494.72,2.9644709196291096e-14,1.5433942003009579e-30,-9.22958251190473e-16
494.74,2.964470937388654e-14,1.5433940363800644e-30,-9.229398155404005e-16
494.76,2.964471334427765e-14,1.5433903719330851e-30,-9.229485655184607e-16
494.78,2.9644715001025176e-14,1.5433888428353602e-30,-9.229491344800183e-16
494.8,2.9644719403081805e-14,1.5433847799627342e-30,-9.22943466178754e-16
494.84,2.964472184156612e-14,1.5433825294028388e-30,-9.229313148373218e-16
494.86,2.9644724000379255e-14,1.543380536968489e-30,-9.229104968604477e-16
494.88,2.964473034495964e-14,1.5433746814941706e-30,-9.229113214618165e-16
494.9,2.96447316489936e-14,1.5433734779908956e-30,-9.229054863399314e-16
494.94,2.964474085647015e-14,1.5433649804641973e-30,-9.228800018848819e-16
494.96,2.9644740012915204e-14,1.5433657589693203e-30,-9.22877587799266e-16
494.98,2.964474168045746e-14,1.5433642200325222e-30,-9.228815433172132e-16
495.0,2.9644741921288676e-14,1.543363997773393e-30,-9.228670925287414e-16
495.02,2.9644748624492854e-14,1.5433578116202668e-30,-9.228646098386852e-16
495.06,2.9644750414546624e-14,1.5433561596718254e-30,-9.228464935885798e-16
495.08,2.964475853773952e-14,1.5433486632977829e-30,-9.228392731696265e-16
495.1,2.96447641584648e-14,1.5433434762869075e-30,-9.22835408667437e-16
495.12,2.964476784018747e-14,1.5433400786616834e-30,-9.22830526243322e-16
495.14,2.964477244045997e-14,1.5433358333806436e-30,-9.228293201379175e-16
495.16,2.964477800985508e-14,1.5433306937959518e-30,-9.228256343350321e-16
495.2,2.9644782944048725e-14,1.5433261403416154e-30,-9.228287971258195e-16
495.22,2.964478325055939e-14,1.5433258574864885e-30,-9.228262864969763e-16
495.24,2.9644788501469635e-14,1.5433210117967599e-30,-9.228305688494629e-16
495.26,2.9644786444640437e-14,1.5433229098987903e-30,-9.228323447473795e-16
495.28,2.964479051472728e-14,1.5433191538598598e-30,-9.228390732701116e-16
495.32,2.964478875051902e-14,1.5433207819401064e-30,-9.228360219265637e-16
495.34,2.964479338611978e-14,1.5433165040404833e-30,-9.228391000592127e-16
495.36,2.9644798748827175e-14,1.5433115551754499e-30,-9.228250720026514e-16
495.38,2.964480216630588e-14,1.5433084014270844e-30,-9.228300603620454e-16
495.4,2.9644801546424197e-14,1.5433089734710864e-30,-9.228333105810247e-16
495.44,2.9644802675139e-14,1.5433079318480087e-30,-9.228397131558655e-16
495.46,2.9644800903158136e-14,1.543309567093195e-30,-9.228323142300745e-16
495.48,2.9644798414452065e-14,1.5433118637484412e-30,-9.228314233477606e-16
495.5,2.964480254939869e-14,1.5433080478934547e-30,-9.228294036076843e-16
495.52,2.964480203248509e-14,1.5433085249210814e-30,-9.228372958244026e-16
495.56,2.964479982425204e-14,1.5433105627329316e-30,-9.228294155181903e-16
495.58,2.964479880670155e-14,1.543311501763102e-30,-9.228301045288529e-16
495.6,2.9644804316810825e-14,1.5433064169067023e-30,-9.228223005695456e-16
495.62,2.964481086948729e-14,1.5433003699242942e-30,-9.228238048185868e-16
495.66,2.964481829070084e-14,1.5432935215049279e-30,-9.228181878902481e-16
495.68,2.964482165720084e-14,1.5432904148453912e-30,-9.228167396731292e-16
495.7,2.964482635027074e-14,1.5432860840275788e-30,-9.22814268372978e-16
495.72,2.9644831643295225e-14,1.5432811995199852e-30,-9.228211360739348e-16
495.74,2.964483098755016e-14,1.543281804662515e-30,-9.22814049557336e-16
495.78,2.96448361348572e-14,1.5432770546337773e-30,-9.228123159130182e-16
495.8,2.964483896532417e-14,1.543274442665821e-30,-9.228059432926617e-16
495.82,2.9644842561359895e-14,1.5432711242156896e-30,-9.22808547069317e-16
495.84,2.964484604322999e-14,1.5432679111228834e-30,-9.227988680472128e-16
495.86,2.964485027789108e-14,1.5432640033680817e-30,-9.228048419626266e-16
495.9,2.9644850381329226e-14,1.5432639079203059e-30,-9.228087631463811e-16
495.92,2.964485693915505e-14,1.5432578563589911e-30,-9.22785306301952e-16
495.94,2.964485629769593e-14,1.543258448269028e-30,-9.227786431132954e-16
495.96,2.964486067702273e-14,1.5432544071136635e-30,-9.227775818880021e-16
495.98,2.9644865533619546e-14,1.5432499255549779e-30,-9.227765694813186e-16
496.02,2.964487575907877e-14,1.5432404898351698e-30,-9.22751788779543e-16
496.04,2.964487991982993e-14,1.543236650492769e-30,-9.227486168929054e-16
496.06,2.964487984538183e-14,1.5432367191787624e-30,-9.227459394331232e-16
496.08,2.9644880181016143e-14,1.543236409470499e-30,-9.22748991465252e-16
496.1,2.9644882351726817e-14,1.543234406452145e-30,-9.227441612097708e-16
496.14,2.964489403325848e-14,1.543223627328676e-30,-9.227474969671626e-16
496.16,2.964489588265463e-14,1.5432219207922832e-30,-9.227525384062933e-16
496.18,2.96448974357617e-14,1.5432204876563735e-30,-9.227639009655958e-16
496.2,2.964489878180743e-14,1.5432192455661469e-30,-9.22765473537533e-16
496.24,2.9644903661313533e-14,1.5432147429086819e-30,-9.227674042148344e-16
496.26,2.964490542030015e-14,1.5432131197759938e-30,-9.227705760338035e-16
496.28,2.96449127838461e-14,1.5432063249279446e-30,-9.227654740132003e-16
496.3,2.964491385743915e-14,1.5432053342353653e-30,-9.22778648089572e-16
496.32,2.9644916672668584e-14,1.5432027364124172e-30,-9.227666940624944e-16
496.36,2.964491927531077e-14,1.543200334761637e-30,-9.22787599376242e-16
496.38,2.9644925355994856e-14,1.5431947236094097e-30,-9.227860507539957e-16
496.4,2.964493259805452e-14,1.543188040741199e-30,-9.227877404253922e-16
496.42,2.964493219286996e-14,1.5431884146601513e-30,-9.22803327658717e-16
496.46,2.964494111714775e-14,1.5431801794665515e-30,-9.22787838679296e-16
496.48,2.9644946285532704e-14,1.5431754101639975e-30,-9.227733708865802e-16
496.5,2.964495099394765e-14,1.5431710653872453e-30,-9.227609612583143e-16
496.52,2.96449494411226e-14,1.5431724982844694e-30,-9.227695131917556e-16
496.54,2.964495603099601e-14,1.5431664173552781e-30,-9.227657279763822e-16
496.58,2.964496202466437e-14,1.5431608866180663e-30,-9.227596847353041e-16
496.6,2.964496360051434e-14,1.5431594324890449e-30,-9.22757447221324e-16
496.62,2.964496725646505e-14,1.543156058891209e-30,-9.227677355683477e-16
496.64,2.96449740462658e-14,1.5431497935310176e-30,-9.227615395328797e-16
496.66,2.964497222077744e-14,1.5431514780377168e-30,-9.227806099411418e-16
496.7,2.964497854147382e-14,1.5431456454425516e-30,-9.227878083395793e-16
496.72,2.9644979939897325e-14,1.54314435499564e-30,-9.22795976587879e-16
496.74,2.9644981576980584e-14,1.5431428442935992e-30,-9.228032521715599e-16
496.76,2.9644985193141175e-14,1.5431395072687328e-30,-9.228173993098934e-16
496.8,2.9644987554868547e-14,1.5431373278217308e-30,-9.228154924029116e-16
496.82,2.964499101438528e-14,1.543134135303611e-30,-9.228233523852587e-16
496.84,2.9644994573271194e-14,1.5431308510700626e-30,-9.228206796324675e-16
496.86,2.964499827241611e-14,1.5431274374358743e-30,-9.228140053077297e-16
496.88,2.964499965606786e-14,1.5431261605974488e-30,-9.22800679899895e-16
496.92,2.9645005436751144e-14,1.5431208261469048e-30,-9.227985153620803e-16
496.94,2.96450102139598e-14,1.5431164177215807e-30,-9.228003107747275e-16
496.96,2.964501554327814e-14,1.5431114998439242e-30,-9.227905037114265e-16
496.98,2.964501539700146e-14,1.5431116348234546e-30,-9.227826646610776e-16
497.02,2.964501550492053e-14,1.5431115352525376e-30,-9.227922762214854e-16
497.04,2.964501813127368e-14,1.5431091116981266e-30,-9.227724081164133e-16
497.06,2.9645015076327266e-14,1.5431119307207732e-30,-9.227733853120063e-16
497.08,2.964501872002597e-14,1.5431085683979743e-30,-9.227839421935457e-16
497.1,2.9645022955142995e-14,1.5431046603046758e-30,-9.227829190058158e-16
497.14,2.9645027314879237e-14,1.5431006371644132e-30,-9.227961358332736e-16
497.16,2.964503226703129e-14,1.5430960673263456e-30,-9.228007412430284e-16
497.18,2.964503550203783e-14,1.5430930820798643e-30,-9.227962298898378e-16
497.2,2.964504346881175e-14,1.5430857303897978e-30,-9.227966832468274e-16
497.24,2.9645046401238626e-14,1.5430830243232967e-30,-9.22799201893148e-16
497.26,2.9645045247471e-14,1.5430840890253386e-30,-9.228104395803761e-16
497.28,2.9645045175416306e-14,1.5430841555304587e-30,-9.22815394821007e-16
497.3,2.964504760601593e-14,1.543081912510412e-30,-9.228307638998498e-16
497.34,2.964504901809539e-14,1.543080609368559e-30,-9.228074187821062e-16
497.36,2.964505288340286e-14,1.5430770424309038e-30,-9.228124689017518e-16
497.38,2.964505610134315e-14,1.5430740728479483e-30,-9.228248767200554e-16
497.4,2.964506026446162e-14,1.543070231012067e-30,-9.228305251794327e-16
497.44,2.964506714189805e-14,1.5430638843649229e-30,-9.228118846994804e-16
497.46,2.9645071941642616e-14,1.5430594551055611e-30,-9.228076217071866e-16
497.48,2.9645076281372594e-14,1.5430554504032368e-30,-9.22804682866879e-16
497.5,2.964507862172562e-14,1.5430532907010566e-30,-9.22796005343626e-16
497.54,2.964508295190385e-14,1.5430492948048452e-30,-9.227975984651374e-16
497.56,2.964508124668727e-14,1.543050868362896e-30,-9.227941133223865e-16
497.58,2.9645087765369334e-14,1.5430448529240265e-30,-9.227994879180983e-16
497.6,2.964509131705321e-14,1.543041575434473e-30,-9.227952672113996e-16
497.62,2.964509569118431e-14,1.5430375390057568e-30,-9.227846522058156e-16
497.66,2.964510342163848e-14,1.543030405507377e-30,-9.227816561352743e-16
497.68,2.9645102485133695e-14,1.5430312696996597e-30,-9.227845850158817e-16
497.7,2.964510454033091e-14,1.5430293732462704e-30,-9.227688037537292e-16
497.72,2.964511069768192e-14,1.5430236914636788e-30,-9.227563586499623e-16
497.76,2.964511772581931e-14,1.5430172061967146e-30,-9.22771272874589e-16
497.78,2.964511853562434e-14,1.5430164589203204e-30,-9.227872945037795e-16
497.8,2.964512336958178e-14,1.5430119982049995e-30,-9.22781118801438e-16
497.82,2.964512674758708e-14,1.5430088810496368e-30,-9.227822571315108e-16
497.86,2.964513570532726e-14,1.5430006149996629e-30,-9.22785218224638e-16
497.88,2.9645137971674154e-14,1.5429985236481321e-30,-9.227870369574178e-16
497.9,2.964513792333021e-14,1.5429985682633718e-30,-9.227844149672421e-16
497.92,2.964514278646467e-14,1.5429940806249288e-30,-9.227871685878844e-16
497.96,2.964514792033488e-14,1.5429893430621026e-30,-9.22806221716527e-16
497.98,2.964514665013689e-14,1.5429905152129823e-30,-9.227983614686336e-16
498.0,2.9645149666808246e-14,1.542987731436665e-30,-9.227929618777063e-16
498.02,2.964515343238639e-14,1.5429842565713012e-30,-9.228133541949547e-16
498.04,2.9645156911343867e-14,1.5429810461371373e-30,-9.22817724933689e-16
498.08,2.96451614146144e-14,1.5429768904541006e-30,-9.2280800350105e-16
498.1,2.964516509223925e-14,1.5429734967093337e-30,-9.228076524962542e-16
498.12,2.964516381548954e-14,1.542974674911601e-30,-9.228075473866917e-16
498.14,2.9645165350297066e-14,1.5429732585828536e-30,-9.22814156590315e-16
498.18,2.9645157793886416e-14,1.5429802317091562e-30,-9.228084710093838e-16
498.2,2.964516188903003e-14,1.5429764526959086e-30,-9.227957527188414e-16
498.22,2.964516608188151e-14,1.542972583565822e-30,-9.227955186942293e-16
498.24,2.964517243231502e-14,1.5429667234188368e-30,-9.228003538103558e-16
498.28,2.964517749730741e-14,1.542962049370008e-30,-9.228164070281244e-16
498.3,2.9645178992134093e-14,1.5429606699539232e-30,-9.22837847575366e-16
498.32,2.964518339882325e-14,1.542956603314604e-30,-9.228321460910937e-16
498.34,2.964518394294769e-14,1.542956101179435e-30,-9.228212268163838e-16
498.38,2.964518536775743e-14,1.5429547863202026e-30,-9.228152152045733e-16
498.4,2.964518916401778e-14,1.5429512830731502e-30,-9.228065720031911e-16
498.42,2.964519417229713e-14,1.5429466614081836e-30,-9.228061587756346e-16
498.44,2.9645196402765625e-14,1.5429446031008341e-30,-9.228025970537065e-16
498.48,2.964519356108775e-14,1.5429472254075422e-30,-9.227985947990481e-16
498.5,2.9645196931829814e-14,1.5429441148601693e-30,-9.227988684239412e-16
498.52,2.9645202456837376e-14,1.5429390163725693e-30,-9.22801093728879e-16
498.54,2.9645203708358386e-14,1.5429378614761265e-30,-9.228106911919006e-16
498.58,2.964520906875719e-14,1.5429329148411378e-30,-9.228089720213187e-16
498.6,2.9645211766173514e-14,1.5429304256221055e-30,-9.228225206730346e-16
498.62,2.964521293304672e-14,1.5429293487865646e-30,-9.22837736023066e-16
498.64,2.964521657143848e-14,1.5429259911579264e-30,-9.22833870788656e-16
498.68,2.964522120222065e-14,1.5429217177651496e-30,-9.228167803977106e-16
498.7,2.9645224299199335e-14,1.5429188598336022e-30,-9.228166639643969e-16
498.72,2.9645232134350123e-14,1.5429116294278916e-30,-9.228131821150141e-16
498.74,2.964523460036633e-14,1.5429093537420104e-30,-9.228235372571468e-16
498.78,2.964523897056905e-14,1.5429053208881356e-30,-9.228090077268357e-16
498.8,2.9645240787843783e-14,1.5429036438833302e-30,-9.228174505116835e-16
498.82,2.964524331962891e-14,1.5429013075140279e-30,-9.228120443898083e-16
498.84,2.96452432828397e-14,1.5429013414577267e-30,-9.227980102110553e-16
498.88,2.9645246591030004e-14,1.542898288653291e-30,-9.228040080890973e-16
498.9,2.9645249540563056e-14,1.5428955668607992e-30,-9.227810362493216e-16
498.92,2.9645253323318436e-14,1.542892076205154e-30,-9.227830151993726e-16
498.94,2.9645254560762205e-14,1.5428909343136662e-30,-9.22781280339578e-16
498.98,2.964525902013244e-14,1.5428868192733312e-30,-9.22785573930666e-16
499.0,2.9645263245639364e-14,1.5428829200706881e-30,-9.227849703786306e-16
499.02,2.964526313008395e-14,1.542883026705077e-30,-9.227867677902041e-16
499.04,2.964526366724572e-14,1.5428825310404848e-30,-9.227764676014e-16
499.08,2.964526981479057e-14,1.5428768582124262e-30,-9.227705327183663e-16
499.1,2.9645273027773884e-14,1.5428738933757298e-30,-9.227625364323249e-16
499.12,2.9645272818420304e-14,1.5428740865559647e-30,-9.22749554942191e-16
499.14,2.964527805278301e-14,1.5428692565668796e-30,-9.227378342465062e-16
499.18,2.964528657020271e-14,1.5428613972935833e-30,-9.227226178942428e-16
499.2,2.964528660311339e-14,1.5428613669566493e-30,-9.227123411812608e-16
499.22,2.9645287546462164e-14,1.5428604964786232e-30,-9.227318303179642e-16
499.26,2.9645287706849867e-14,1.5428603484641738e-30,-9.227413364818376e-16
499.28,2.964529136147574e-14,1.5428569761694075e-30,-9.227476089397677e-16
499.3,2.9645293484383656e-14,1.5428550172526585e-30,-9.22752678818249e-16
499.32,2.9645296020320205e-14,1.5428526772100535e-30,-9.22755200685047e-16
499.36,2.9645298880146406e-14,1.5428500382997288e-30,-9.22748376686227e-16
499.38,2.964529986295856e-14,1.5428491314032003e-30,-9.227537478620532e-16
499.4,2.964530230669832e-14,1.5428468764224749e-30,-9.22759782647205e-16
499.42,2.964530149730258e-14,1.5428476233054413e-30,-9.227646497051459e-16
499.46,2.964530132105589e-14,1.5428477859507823e-30,-9.22776265765768e-16
499.48,2.964530400594515e-14,1.542845308414989e-30,-9.227664725197287e-16
499.5,2.964530926780727e-14,1.5428404529486757e-30,-9.227678469734777e-16
499.52,2.9645311779524185e-14,1.5428381352017532e-30,-9.227826973442634e-16
499.56,2.964531489585121e-14,1.542835259501602e-30,-9.227878856926922e-16
499.58,2.9645317162323867e-14,1.5428331680403918e-30,-9.2277710591e-16
499.6,2.964532461305016e-14,1.5428262926834907e-30,-9.227714934559384e-16
499.62,2.964532522982166e-14,1.5428257235447997e-30,-9.227737570734837e-16
499.66,2.9645325655956656e-14,1.5428253303239764e-30,-9.227828199210207e-16
499.68,2.9645326903706565e-14,1.5428241789223454e-30,-9.227850205574417e-16
499.7,2.9645330100030605e-14,1.5428212293913066e-30,-9.227818607265236e-16
499.72,2.9645331353325587e-14,1.54282007287229e-30,-9.227730040341685e-16
499.76,2.964533970374619e-14,1.5428123673376269e-30,-9.227685636514644e-16
499.78,2.964533977721122e-14,1.54281229954223e-30,-9.227732317431444e-16
499.8,2.964534576637808e-14,1.542806772908629e-30,-9.227664401449402e-16
499.82,2.964534736062064e-14,1.5428053018055335e-30,-9.227675858624114e-16
499.86,2.964535465171327e-14,1.5427985737855692e-30,-9.227710873960352e-16
499.88,2.9645357570649346e-14,1.5427958802432504e-30,-9.227833876053178e-16
499.9,2.9645359294260284e-14,1.5427942897325669e-30,-9.227930980897666e-16
499.92,2.964535969091675e-14,1.5427939236897511e-30,-9.227882325119024e-16
499.96,2.964535765465229e-14,1.5427958027468231e-30,-9.228054939221333e-16
499.98,2.964535724847386e-14,1.5427961775639029e-30,-9.22807002388772e-16
500.0,2.964535683574908e-14,1.5427965584340376e-30,-9.22799358878661e-16
500.02,2.9645357505161654e-14,1.5427959407087617e-30,-9.227895704917682e-16
500.06,2.964536179418078e-14,1.5427919828076438e-30,-9.227884869702208e-16
500.08,2.9645365524851425e-14,1.5427885401879204e-30,-9.227903752307869e-16
500.1,2.9645368747435704e-14,1.5427855664364676e-30,-9.22778475067479e-16
500.12,2.9645372064837455e-14,1.542782505214056e-30,-9.227801038504257e-16
500.16,2.964537757256766e-14,1.5427774228298794e-30,-9.22789372200867e-16
500.18,2.964537913456042e-14,1.542775981424074e-30,-9.22796510091054e-16
500.2,2.9645383550987166e-14,1.5427719059280612e-30,-9.228110084623219e-16
500.24,2.964539031402646e-14,1.5427656649403792e-30,-9.22807536182942e-16
500.26,2.96453912414944e-14,1.5427648090609096e-30,-9.228117387991196e-16
500.28,2.964539673048261e-14,1.5427597437371866e-30,-9.22816337905008e-16
500.3,2.9645392459943e-14,1.5427636846351157e-30,-9.227996548986369e-16
500.34,2.9645397017901836e-14,1.5427594785392075e-30,-9.227993999009743e-16
500.36,2.9645402667920494e-14,1.542754264704711e-30,-9.227984282547811e-16
500.38,2.9645407848321964e-14,1.5427494842591078e-30,-9.22791851144465e-16
500.4,2.9645412990393717e-14,1.5427447392121555e-30,-9.227880719740697e-16
500.44,2.964541060702368e-14,1.5427469385329045e-30,-9.227794815982374e-16
500.46,2.964541787717418e-14,1.5427402297295614e-30,-9.227880238715878e-16
500.48,2.9645419427712674e-14,1.5427387989199043e-30,-9.22786500796665e-16
500.5,2.964542292079401e-14,1.542735575546939e-30,-9.227929595053333e-16
500.54,2.964543284741996e-14,1.5427264151222774e-30,-9.228259410573734e-16
500.56,2.9645431103715286e-14,1.542728024261632e-30,-9.22824569536404e-16
500.58,2.964543179745833e-14,1.5427273840515127e-30,-9.22832963599388e-16
500.62,2.964544389933966e-14,1.5427162162252565e-30,-9.227942578407104e-16
500.64,2.964545069629019e-14,1.5427099439923403e-30,-9.228022886154666e-16
500.66,2.964545347809768e-14,1.542707376937736e-30,-9.227934781811103e-16
500.68,2.964545273033505e-14,1.542708066979583e-30,-9.228012826981265e-16
500.72,2.9645457304378935e-14,1.5427038460816856e-30,-9.227827673639675e-16
500.74,2.964546125063176e-14,1.542700204520331e-30,-9.227883526736883e-16
500.76,2.9645460399188213e-14,1.5427009902401142e-30,-9.228016505821e-16
500.8,2.9645462712976527e-14,1.5426988550974469e-30,-9.227940212233176e-16
500.82,2.964546748247566e-14,1.5426944538297525e-30,-9.227907161494595e-16
500.84,2.9645471972461926e-14,1.5426903104960618e-30,-9.227961470607838e-16
500.86,2.9645473523022656e-14,1.5426888796445959e-30,-9.227933151273162e-16
500.9,2.964547910777115e-14,1.5426837260541823e-30,-9.22806208035896e-16
500.92,2.964548636009373e-14,1.5426770335377112e-30,-9.228149484034374e-16
500.94,2.964548669005605e-14,1.542676729040477e-30,-9.228199980409628e-16
500.98,2.9645494956633175e-14,1.5426691004775652e-30,-9.228290597892694e-16
501.0,2.964549887841686e-14,1.5426654813214619e-30,-9.228296384055694e-16
501.02,2.964550267538576e-14,1.5426619773330205e-30,-9.228409244949678e-16
501.04,2.964550307900641e-14,1.542661604847088e-30,-9.228287261537393e-16
501.08,2.964550610161819e-14,1.5426588154874179e-30,-9.228302652114415e-16
501.1,2.9645506721761633e-14,1.542658243209231e-30,-9.228303482089489e-16
501.14,2.964551084677436e-14,1.5426544365064436e-30,-9.228314939125045e-16
501.16,2.964551327955119e-14,1.542652191452422e-30,-9.228407725532261e-16
501.18,2.9645510638740264e-14,1.5426546285039643e-30,-9.228379456568563e-16
501.22,2.9645515259331634e-14,1.5426503644473241e-30,-9.22851398591235e-16
501.24,2.964551397307122e-14,1.5426515514588235e-30,-9.228363135138512e-16
501.26,2.964551455570373e-14,1.5426510137788263e-30,-9.22844639093769e-16
501.28,2.964551731585758e-14,1.54264846658498e-30,-9.228409910262343e-16
501.32,2.964552308992629e-14,1.5426431380769532e-30,-9.228307302566519e-16
501.34,2.964552729681291e-14,1.5426392558342733e-30,-9.228294341867256e-16
501.36,2.9645531197365396e-14,1.5426356562940801e-30,-9.22827495095134e-16
501.38,2.964553617307312e-14,1.5426310645652197e-30,-9.228281507171168e-16
501.42,2.9645539453120953e-14,1.5426280376207998e-30,-9.228264940952214e-16
501.44,2.9645540299576593e-14,1.5426272564852501e-30,-9.228179019334711e-16
501.46,2.964554693526542e-14,1.5426211329413364e-30,-9.228217056488949e-16
501.5,2.9645553513483906e-14,1.5426150624565944e-30,-9.228033379575958e-16
501.52,2.964555620077709e-14,1.5426125826058233e-30,-9.228021585781677e-16
501.54,2.96455563170011e-14,1.5426124753501307e-30,-9.227992317566134e-16
501.58,2.964556914399948e-14,1.5426006387437235e-30,-9.2278171295022e-16
501.6,2.9645572184949696e-14,1.5425978326292917e-30,-9.22781264393938e-16
501.62,2.964557307872506e-14,1.5425970078658096e-30,-9.227797206449431e-16
501.64,2.964557581262158e-14,1.5425944850687961e-30,-9.227799376760714e-16
501.68,2.9645580203749165e-14,1.5425904330426653e-30,-9.227908874249513e-16
501.7,2.9645585176557084e-14,1.5425858442090285e-30,-9.2278985940406e-16
501.72,2.964558805344455e-14,1.5425831894624594e-30,-9.227849104148046e-16
501.76,2.964558967802068e-14,1.5425816902853763e-30,-9.22808606885421e-16
501.78,2.9645596620136315e-14,1.5425752840044484e-30,-9.228207048602235e-16
501.8,2.964559527814213e-14,1.5425765224252905e-30,-9.228114778193355e-16
501.84,2.964559955826894e-14,1.5425725726186208e-30,-9.228258981005208e-16
501.86,2.9645602600452934e-14,1.5425697652181012e-30,-9.228255507848488e-16
501.88,2.9645601870251404e-14,1.5425704390663742e-30,-9.228349573459137e-16
501.9,2.964560302280984e-14,1.5425693754425636e-30,-9.228312728661847e-16
501.94,2.9645614781240243e-14,1.5425585243832178e-30,-9.228348346661627e-16
501.96,2.9645618053548836e-14,1.5425555045970545e-30,-9.228269524891668e-16
501.98,2.9645619993147486e-14,1.542553714677905e-30,-9.228300265931977e-16
502.02,2.964562673023988e-14,1.5425474974165203e-30,-9.22843824783217e-16
502.04,2.964563076771233e-14,1.5425437714816212e-30,-9.228390828593628e-16
502.06,2.96456375730599e-14,1.5425374912285887e-30,-9.228407788102815e-16
502.1,2.9645639983430634e-14,1.5425352668225905e-30,-9.228382989855574e-16
502.12,2.964564333881218e-14,1.5425321703751812e-30,-9.228302002134524e-16
502.14,2.964564391411128e-14,1.5425316394678076e-30,-9.228404608260673e-16
502.16,2.9645644397063014e-14,1.542531193771166e-30,-9.228253438064275e-16
502.2,2.964564930523006e-14,1.542526664400267e-30,-9.228153118506522e-16
502.22,2.964565457111608e-14,1.542521804954139e-30,-9.228230580930934e-16
502.24,2.9645654568478694e-14,1.5425218073644002e-30,-9.227927881846871e-16
502.28,2.964566433225601e-14,1.5425127973696638e-30,-9.228016807085087e-16
502.3,2.964567489618885e-14,1.5425030489522422e-30,-9.228048492152087e-16
502.32,2.9645676149922656e-14,1.5425018919842797e-30,-9.228150128903867e-16
502.36,2.964568356046335e-14,1.542495053410716e-30,-9.228117325104467e-16
502.38,2.9645683248245414e-14,1.5424953415347567e-30,-9.228153783665202e-16
502.4,2.9645687893380045e-14,1.5424910549151569e-30,-9.228190873777566e-16
502.44,2.9645690794684735e-14,1.542488377542169e-30,-9.22814085190893e-16
502.46,2.9645694419910967e-14,1.5424850321515154e-30,-9.228079995654387e-16
502.48,2.964569654862888e-14,1.5424830677540052e-30,-9.228091566007761e-16
502.5,2.964569667408938e-14,1.542482951976163e-30,-9.228124348801374e-16
502.54,2.964570832824043e-14,1.542472197391426e-30,-9.228115812262048e-16
502.56,2.9645706943091715e-14,1.542473475612372e-30,-9.228030030101427e-16
502.58,2.9645710298964394e-14,1.5424703788132551e-30,-9.228109113558795e-16
502.62,2.96457171827495e-14,1.5424640263391654e-30,-9.228151045146403e-16
502.64,2.964572012592913e-14,1.542461310318054e-30,-9.228077598364156e-16
502.66,2.9645723287337585e-14,1.5424583929510672e-30,-9.22808928135898e-16
502.7,2.9645728645168987e-14,1.5424534486554573e-30,-9.22811091142076e-16
502.72,2.9645729883562165e-14,1.5424523058514247e-30,-9.228032215789029e-16
502.74,2.96457321905195e-14,1.5424501769935224e-30,-9.22813657744308e-16
502.78,2.964573472475085e-14,1.5424478383861678e-30,-9.228129352391952e-16
502.8,2.9645738309228914e-14,1.5424445305854065e-30,-9.2281658080227e-16
502.82,2.964574287691196e-14,1.542440315489775e-30,-9.228061967758533e-16
502.84,2.964574802392596e-14,1.5424355657839273e-30,-9.228135744396972e-16
502.88,2.9645757359627126e-14,1.5424269506095885e-30,-9.228336229805928e-16
502.9,2.964576524475796e-14,1.5424196739719158e-30,-9.228228724476955e-16
502.92,2.9645760695097906e-14,1.5424238724707126e-30,-9.22813848071548e-16
502.96,2.964575809388368e-14,1.5424262729288973e-30,-9.228224323166216e-16
502.98,2.9645762665770784e-14,1.5424220538370872e-30,-9.228474789367978e-16
503.0,2.964576491886071e-14,1.5424199745438493e-30,-9.228514669009727e-16
503.04,2.964576581050792e-14,1.5424191516881554e-30,-9.22847939535704e-16
503.06,2.964576115372167e-14,1.542423449185455e-30,-9.22840403460828e-16
503.08,2.9645763559512046e-14,1.5424212290163241e-30,-9.228566284733325e-16
503.1,2.964576393863638e-14,1.5424208791406634e-30,-9.228563436424493e-16
503.14,2.964576971028482e-14,1.5424155527391548e-30,-9.228537798776395e-16
503.16,2.9645771426848915e-14,1.5424139686316032e-30,-9.228464626983802e-16
503.18,2.964577670477739e-14,1.5424090979251025e-30,-9.228402554907486e-16
503.22,2.964578772372263e-14,1.5423989291125301e-30,-9.228578672922465e-16
503.24,2.964578921359338e-14,1.5423975541690615e-30,-9.228499359908468e-16
503.26,2.964578824913461e-14,1.5423984442091514e-30,-9.228603022795683e-16
503.3,2.964579531066406e-14,1.5423919274003317e-30,-9.228604808839724e-16
503.32,2.9645798380021565e-14,1.5423890948292083e-30,-9.228579259680993e-16
503.34,2.964580327869084e-14,1.5423845740097293e-30,-9.228729150943906e-16
503.38,2.96458074001271e-14,1.542380770487341e-30,-9.228525326488686e-16
503.4,2.964580578081107e-14,1.542382264873892e-30,-9.228517594600106e-16
503.42,2.964581265386452e-14,1.5423759220334936e-30,-9.228633913999453e-16
503.46,2.9645810689714685e-14,1.5423777346230245e-30,-9.228424442335295e-16
503.48,2.964581489052823e-14,1.5423738579220943e-30,-9.228508021701866e-16
503.5,2.964581723452128e-14,1.5423716947808925e-30,-9.22843311180494e-16
503.54,2.9645822482275756e-14,1.542366851905733e-30,-9.228470952780042e-16
503.56,2.964582467683512e-14,1.5423648266679401e-30,-9.22845662127608e-16
503.58,2.96458217275155e-14,1.5423675484340019e-30,-9.228517880501442e-16
503.6,2.9645826224953455e-14,1.5423633979971712e-30,-9.228437594910774e-16
503.64,2.9645837181038047e-14,1.5423532873135245e-30,-9.22831892533055e-16
503.66,2.964583791268549e-14,1.5423526121083207e-30,-9.228377925792023e-16
503.68,2.9645837838485094e-14,1.5423526805691448e-30,-9.228265156899258e-16
503.72,2.964584550506546e-14,1.5423456056120894e-30,-9.228281659465814e-16
503.74,2.9645849077365225e-14,1.5423423089944156e-30,-9.22826557466043e-16
503.76,2.964585251033951e-14,1.5423391409437805e-30,-9.22838868617773e-16
503.8,2.96458568855094e-14,1.5423351033999786e-30,-9.228259989542418e-16
503.82,2.964586249207172e-14,1.5423299294380675e-30,-9.228312016211587e-16
503.84,2.964586070344932e-14,1.5423315800346213e-30,-9.228297981401998e-16
503.88,2.964586361765238e-14,1.5423288907222837e-30,-9.228298712266796e-16
503.9,2.964586368491144e-14,1.5423288286525472e-30,-9.228332493890843e-16
503.92,2.964586586895077e-14,1.5423268131375052e-30,-9.228362218471412e-16
503.96,2.9645864889614755e-14,1.5423277168782684e-30,-9.228241086344332e-16
503.98,2.964586913257514e-14,1.5423238013423088e-30,-9.228283726673765e-16
504.0,2.964587146763716e-14,1.542321646473368e-30,-9.228185501007657e-16
504.04,2.964587232927598e-14,1.542320851333132e-30,-9.228148091106386e-16
504.06,2.964587349228068e-14,1.5423197780840798e-30,-9.22800250304721e-16
504.08,2.964587713012852e-14,1.5423164210818195e-30,-9.22799356891063e-16
504.12,2.964588224320334e-14,1.5423117027554642e-30,-9.227962756153082e-16
504.14,2.964588444254629e-14,1.542309673200817e-30,-9.227875078177163e-16
504.16,2.964588380641206e-14,1.542310260214464e-30,-9.227850015426122e-16
504.18,2.964588879402459e-14,1.5423056577249703e-30,-9.227917140337975e-16
504.22,2.9645892653573323e-14,1.5423020961763707e-30,-9.227786642454907e-16
504.24,2.964589250779911e-14,1.5423022306947046e-30,-9.227794351739624e-16
504.26,2.9645893770038867e-14,1.5423010659305719e-30,-9.227699253314886e-16
504.3,2.964590294625827e-14,1.5422925983640274e-30,-9.227658602104379e-16
504.32,2.964590243188635e-14,1.5422930730140725e-30,-9.227643997507184e-16
504.34,2.9645907018731834e-14,1.5422888404452711e-30,-9.227664554702357e-16
504.38,2.96459158764532e-14,1.5422806667962576e-30,-9.227712996764538e-16
504.4,2.964591841542936e-14,1.5422783238940697e-30,-9.227556490884476e-16
504.42,2.964591977654057e-14,1.5422770679215269e-30,-9.22756152332417e-16
504.46,2.9645927601880556e-14,1.5422698470950354e-30,-9.227349439998725e-16
504.48,2.964593400784899e-14,1.5422639360916113e-30,-9.227323351513148e-16
504.5,2.964593146278094e-14,1.5422662845129489e-30,-9.227267421515886e-16
504.54,2.9645932849277066e-14,1.5422650051895561e-30,-9.227049632554677e-16
504.56,2.9645933387641565e-14,1.5422645084459654e-30,-9.227094716936911e-16
504.6,2.964594269698449e-14,1.5422559186992484e-30,-9.226977962214456e-16
504.62,2.964594893645181e-14,1.542250161577842e-30,-9.22692671478209e-16
504.64,2.96459477039467e-14,1.5422512988020524e-30,-9.227007078984482e-16
504.68,2.964594485729989e-14,1.5422539253720778e-30,-9.226801949811385e-16
504.7,2.964595246292499e-14,1.542246907848506e-30,-9.226778236600194e-16
504.72,2.964595769319827e-14,1.5422420820086539e-30,-9.22680653161208e-16
504.76,2.9645968156486955e-14,1.5422324276782786e-30,-9.22681705213737e-16
504.78,2.9645967472222196e-14,1.5422330590307662e-30,-9.226729754615656e-16
504.8,2.9645969682307574e-14,1.5422310198433052e-30,-9.226787705720469e-16
504.84,2.964597966435276e-14,1.5422218096643738e-30,-9.226797879742552e-16
504.86,2.964598104120082e-14,1.5422205392909274e-30,-9.22668455923028e-16
504.88,2.9645983508457705e-14,1.5422182628641832e-30,-9.22654162182279e-16
504.92,2.964599014569774e-14,1.5422121389923033e-30,-9.22659057759198e-16
504.94,2.964599173434851e-14,1.542210673191387e-30,-9.226748402048628e-16
504.96,2.9645995163312244e-14,1.5422075093748376e-30,-9.226749684021594e-16
505.0,2.964599925094809e-14,1.5422037377566124e-30,-9.226829027434978e-16
505.02,2.9646000021785946e-14,1.542203026520477e-30,-9.22680314082017e-16
505.04,2.9646004369026113e-14,1.5421990154124986e-30,-9.226773932505833e-16
505.08,2.9646009081333375e-14,1.5421946674992233e-30,-9.226555677131718e-16
505.1,2.964601429358195e-14,1.542189858364245e-30,-9.226638971373508e-16
505.12,2.9646015003820734e-14,1.5421892030426918e-30,-9.226578857571655e-16
505.16,2.9646020543400854e-14,1.5421840919244104e-30,-9.22636521535435e-16
505.18,2.9646024333074e-14,1.542180595458214e-30,-9.226286980850473e-16
505.2,2.964603175574543e-14,1.5421737471153497e-30,-9.226276916310924e-16
505.24,2.9646034488578956e-14,1.5421712257062212e-30,-9.226429574981038e-16
505.26,2.9646036922059936e-14,1.5421689804627998e-30,-9.22646643607935e-16
505.3,2.964604325776379e-14,1.5421631347915171e-30,-9.226604030802192e-16
505.32,2.9646049387178394e-14,1.542157479435238e-30,-9.226691314684975e-16
505.34,2.964604945715661e-14,1.5421574148646663e-30,-9.226661018208176e-16
505.38,2.964605042539941e-14,1.5421565214984971e-30,-9.226797281965688e-16
505.4,2.9646055157559784e-14,1.5421521552503503e-30,-9.226691133888153e-16
505.42,2.964605253207171e-14,1.5421545776754482e-30,-9.226551298145427e-16
505.46,2.9646054939083784e-14,1.5421523568037471e-30,-9.226650194745624e-16
505.48,2.9646058393253575e-14,1.542149169747605e-30,-9.226741675281332e-16
505.5,2.9646060914224725e-14,1.5421468437176956e-30,-9.226706105263386e-16
505.54,2.964607068608588e-14,1.5421378275003168e-30,-9.226681585633139e-16
505.56,2.964607764506316e-14,1.5421314066869192e-30,-9.226648083213314e-16
505.58,2.964608040274952e-14,1.5421288622728315e-30,-9.226588213424284e-16
505.62,2.964608347656145e-14,1.5421260261910402e-30,-9.226603642530377e-16
505.64,2.9646090410447966e-14,1.5421196284945232e-30,-9.226855649314535e-16
505.68,2.964609033316719e-14,1.5421196998224292e-30,-9.226722516657027e-16
505.7,2.964609034771084e-14,1.5421196864112255e-30,-9.226776289327973e-16
505.72,2.964609234926663e-14,1.5421178396202007e-30,-9.226772115012748e-16
505.76,2.9646097436373904e-14,1.5421131458312475e-30,-9.226914415113713e-16
505.78,2.9646103227570594e-14,1.54210780237311e-30,-9.226806239201694e-16
505.8,2.964610680500255e-14,1.5421045015675701e-30,-9.226610933798963e-16
505.84,2.964611699871194e-14,1.5420950964128728e-30,-9.226361504180468e-16
505.86,2.964611669392293e-14,1.5420953776263944e-30,-9.226351461580246e-16
505.88,2.964612046293893e-14,1.5420919001868887e-30,-9.226388279106299e-16
505.92,2.964612900997373e-14,1.5420840144667321e-30,-9.226195050205247e-16
505.94,2.964612648573494e-14,1.542086343373704e-30,-9.226162512751004e-16
505.96,2.964612627815509e-14,1.5420865348905054e-30,-9.226208006733486e-16
506.0,2.964613170555572e-14,1.5420815274180025e-30,-9.2262919225303e-16
506.02,2.9646136086085185e-14,1.5420774858182114e-30,-9.226215439804238e-16
506.04,2.964614046042424e-14,1.542073449935875e-30,-9.226341378385872e-16
506.08,2.9646148678761196e-14,1.5420658674640658e-30,-9.226213032184663e-16
506.1,2.9646150242038856e-14,1.5420644251606323e-30,-9.226177003964432e-16
506.14,2.96461603163431e-14,1.54205513031267e-30,-9.226322151016283e-16
506.16,2.964616267923596e-14,1.5420529502520462e-30,-9.226230780866197e-16
506.18,2.9646163631635697e-14,1.5420520715410016e-30,-9.226312948931262e-16
506.22,2.9646172202654984e-14,1.5420441635503292e-30,-9.226498817475448e-16
506.24,2.964617163637299e-14,1.5420446860222411e-30,-9.226437196170345e-16
506.26,2.9646173850705814e-14,1.5420426429829289e-30,-9.226418308460439e-16
506.3,2.964617256474152e-14,1.5420438294835061e-30,-9.226509885341465e-16
506.32,2.9646176551816116e-14,1.5420401507918587e-30,-9.226565930104578e-16
506.36,2.9646183284969064e-14,1.5420339385443936e-30,-9.22624194771848e-16
506.38,2.964618353406979e-14,1.5420337087137038e-30,-9.226337711766695e-16
506.4,2.9646184575291505e-14,1.5420327480458746e-30,-9.226396612713839e-16
506.44,2.9646185844409604e-14,1.5420315770956987e-30,-9.226434076373298e-16
506.46,2.9646185283006706e-14,1.5420320950579452e-30,-9.22635020468706e-16
506.48,2.964618540081282e-14,1.542031986373391e-30,-9.226249567517342e-16
506.52,2.964619057454493e-14,1.5420272129075357e-30,-9.226387615288051e-16
506.54,2.96461956979262e-14,1.5420224858552017e-30,-9.226463835628406e-16
506.56,2.9646193597237405e-14,1.5420244240552963e-30,-9.226454099693284e-16
506.6,2.964620397787565e-14,1.5420148463777578e-30,-9.226445290300856e-16
506.62,2.9646201040024355e-14,1.542017556977056e-30,-9.22649874221086e-16
506.66,2.964620988430353e-14,1.5420093968091123e-30,-9.226469699270957e-16
506.68,2.9646211930432293e-14,1.5420075089604815e-30,-9.2264401177074e-16
506.7,2.964621595416037e-14,1.5420037964891244e-30,-9.22640934869771e-16
506.74,2.9646216600030694e-14,1.5420032006140654e-30,-9.226398231580898e-16
506.76,2.964622038030749e-14,1.5419997127648812e-30,-9.226429097508302e-16
506.8,2.9646229169313364e-14,1.5419916036260156e-30,-9.226515307084805e-16
506.82,2.964623367676653e-14,1.5419874448152322e-30,-9.226507753554205e-16
506.86,2.9646238599943436e-14,1.5419829024679342e-30,-9.226647838295669e-16
506.88,2.964624713765656e-14,1.5419750249679626e-30,-9.226679252531416e-16
506.9,2.964624779462218e-14,1.541974418824624e-30,-9.22674364448436e-16
506.94,2.964625928265847e-14,1.5419638191210639e-30,-9.226665937967926e-16
506.96,2.9646263119617304e-14,1.5419602788437376e-30,-9.2267902850555e-16
506.98,2.9646264773325276e-14,1.5419587530132837e-30,-9.2266869417909e-16
507.02,2.9646265642536474e-14,1.5419579510336182e-30,-9.226514853294779e-16
507.04,2.964626626040852e-14,1.5419573809679574e-30,-9.226347122450205e-16
507.06,2.964627097432417e-14,1.541953031754962e-30,-9.226362853819083e-16
507.1,2.964628003314168e-14,1.5419446738190165e-30,-9.226145636372453e-16
507.12,2.964628073384165e-14,1.5419440273393995e-30,-9.226102572541465e-16
507.16,2.964628223310081e-14,1.5419426441174514e-30,-9.226177929675192e-16
507.18,2.9646289468550975e-14,1.541935968558364e-30,-9.226228474956982e-16
507.2,2.9646290624877654e-14,1.541934901716967e-30,-9.22612383908557e-16
507.24,2.9646296988950434e-14,1.541929030108131e-30,-9.226176339971847e-16
507.26,2.964630026651339e-14,1.541926006142814e-30,-9.226314707861996e-16
507.28,2.9646300899629133e-14,1.54192542201953e-30,-9.226170182742245e-16
507.32,2.9646305917799975e-14,1.5419207922115495e-30,-9.226043657381415e-16
507.34,2.9646305791140216e-14,1.541920909065084e-30,-9.226011829211103e-16
507.36,2.9646306574029545e-14,1.5419201867674053e-30,-9.225928869058218e-16
507.4,2.964630518902248e-14,1.5419214645361755e-30,-9.225884940075114e-16
507.42,2.964631161391128e-14,1.5419155370053228e-30,-9.225934135755366e-16
507.44,2.9646314360940707e-14,1.5419130026144775e-30,-9.22590507190213e-16
507.48,2.964632320261519e-14,1.5419048453328415e-30,-9.22592920291709e-16
507.5,2.964632550937796e-14,1.5419027171259451e-30,-9.22610973126154e-16
507.52,2.964632504454214e-14,1.541903145990709e-30,-9.226095918654662e-16
507.56,2.964632697598648e-14,1.541901363991941e-30,-9.225960819361395e-16
507.58,2.964632829615985e-14,1.5419001460018916e-30,-9.225981407380677e-16
507.62,2.964632919452409e-14,1.541899317147951e-30,-9.22612052809199e-16
507.64,2.964633359547544e-14,1.5418952567600439e-30,-9.226182165886494e-16
507.66,2.964633618407665e-14,1.54189286848079e-30,-9.226138421439728e-16
507.7,2.964634515993492e-14,1.5418845871803556e-30,-9.226318028842398e-16
507.72,2.964634606079723e-14,1.5418837560165965e-30,-9.226227486290074e-16
507.76,2.964635546447731e-14,1.5418750799496755e-30,-9.226171805632969e-16
507.78,2.964636052972477e-14,1.5418704066992169e-30,-9.226037233262341e-16
507.8,2.964636098668584e-14,1.5418699850921412e-30,-9.22620222048529e-16
507.84,2.9646366819174864e-14,1.5418646038825885e-30,-9.226292954098305e-16
507.86,2.9646368146300575e-14,1.5418633794510512e-30,-9.226229986100194e-16
507.88,2.964637188754704e-14,1.5418599276590738e-30,-9.226302937673115e-16
507.92,2.964637587636552e-14,1.5418562474081029e-30,-9.226427738837861e-16
507.94,2.96463801910026e-14,1.5418522665574264e-30,-9.226374845431912e-16
507.98,2.9646384168641864e-14,1.5418485966514663e-30,-9.226317694677132e-16
508.0,2.964638480129469e-14,1.5418480129492731e-30,-9.22636594144307e-16
508.02,2.9646385793054205e-14,1.5418470979154996e-30,-9.226387166138893e-16
508.06,2.964638723852332e-14,1.5418457642783412e-30,-9.22640559162017e-16
508.08,2.964639177188148e-14,1.5418415816031365e-30,-9.226387594208583e-16
508.1,2.9646394060452504e-14,1.541839470088359e-30,-9.22628695997453e-16
508.14,2.9646393821392587e-14,1.5418396906593535e-30,-9.226197525003901e-16
508.16,2.9646402343705084e-14,1.5418318278139182e-30,-9.226158444890666e-16
508.2,2.964640246107997e-14,1.5418317195097791e-30,-9.226131049745983e-16
508.22,2.9646413650194734e-14,1.5418213962445256e-30,-9.226142767811354e-16
508.24,2.964641240640304e-14,1.5418225437886894e-30,-9.22599352245008e-16
508.28,2.9646423418842945e-14,1.541812383753239e-30,-9.225915726990367e-16
508.3,2.964642541018679e-14,1.5418105465593586e-30,-9.2260414999983e-16
508.32,2.9646425941058514e-14,1.5418100568049648e-30,-9.22587303105681e-16
508.36,2.9646430971372286e-14,1.5418054159326165e-30,-9.225787186495399e-16
508.38,2.964643706701893e-14,1.5417997922012737e-30,-9.22583672741463e-16
508.42,2.964644499831374e-14,1.5417924749720726e-30,-9.225720823808405e-16
508.44,2.964644982706772e-14,1.5417880200589634e-30,-9.225835086126408e-16
508.46,2.964645599693835e-14,1.5417823278463534e-30,-9.22580146301339e-16
508.5,2.96464576747635e-14,1.5417807799065212e-30,-9.225748621879888e-16
508.52,2.964645942196611e-14,1.5417791679709013e-30,-9.225799634609096e-16
508.54,2.9646460497126e-14,1.5417781760340238e-30,-9.225984699036753e-16
508.58,2.964647814882788e-14,1.5417618905629789e-30,-9.22599689858669e-16
508.6,2.964648128005614e-14,1.54175900172187e-30,-9.225888282017759e-16
508.64,2.964648790101778e-14,1.5417528933097886e-30,-9.225967818126511e-16
508.66,2.9646492857078295e-14,1.5417483208305754e-30,-9.225981399228904e-16
508.68,2.9646501792950194e-14,1.5417400766801684e-30,-9.22589493904202e-16
508.72,2.9646510225645813e-14,1.5417322968128363e-30,-9.225744317046206e-16
508.74,2.9646514962933295e-14,1.5417279263201472e-30,-9.225716843779209e-16
508.76,2.9646516253806077e-14,1.5417267354101535e-30,-9.225729496857428e-16
508.8,2.964652748605273e-14,1.5417163727307279e-30,-9.225809424275111e-16
508.82,2.9646527081068186e-14,1.5417167463713069e-30,-9.225883922617306e-16
508.86,2.9646531226525023e-14,1.5417129218258913e-30,-9.225783118364639e-16
508.88,2.9646527698923586e-14,1.541716176333114e-30,-9.225905239990875e-16
508.9,2.964653027012392e-14,1.5417138041776395e-30,-9.22582476814005e-16
508.94,2.964653899363858e-14,1.5417057559991392e-30,-9.22586372965499e-16
508.96,2.9646539296476815e-14,1.5417054766126206e-30,-9.225822555418185e-16
509.0,2.9646538400508143e-14,1.5417063031676275e-30,-9.225923349273982e-16
509.02,2.964654527328086e-14,1.5416999624230818e-30,-9.225870198593355e-16
509.04,2.964655155497563e-14,1.5416941669963774e-30,-9.225825194084076e-16
509.08,2.964656179227518e-14,1.5416847221571664e-30,-9.225981352585452e-16
509.1,2.964656231700771e-14,1.5416842380577481e-30,-9.225871399800848e-16
509.14,2.964656880341513e-14,1.5416782538225094e-30,-9.22579606271255e-16
509.16,2.964657213299776e-14,1.5416751820218257e-30,-9.22582097363248e-16
509.2,2.964657821263394e-14,1.5416695731301947e-30,-9.22567735814177e-16
509.22,2.964657993776139e-14,1.5416679815894647e-30,-9.2255861394981e-16
509.26,2.9646587991087255e-14,1.541660552066563e-30,-9.22533200968919e-16
509.3,2.964659168382214e-14,1.5416571454613012e-30,-9.2250602431217e-16
509.32,2.964659144046198e-14,1.541657369975832e-30,-9.224921455334776e-16
509.34,2.964659402429557e-14,1.5416549864167932e-30,-9.22484003179616e-16
509.38,2.9646598154796717e-14,1.5416511761168727e-30,-9.224851545785738e-16
509.4,2.964659867235881e-14,1.5416506986630932e-30,-9.224731952380762e-16
509.44,2.96465977692341e-14,1.5416515317500197e-30,-9.224538783379339e-16
509.46,2.964660247800727e-14,1.5416471881114394e-30,-9.22458401575598e-16
509.48,2.964660614435913e-14,1.541643806052276e-30,-9.224613091985025e-16
509.52,2.964661591472263e-14,1.5416347933304475e-30,-9.224470996091592e-16
509.54,2.9646616451977145e-14,1.541634297738294e-30,-9.22442895855034e-16
509.58,2.9646620233856674e-14,1.5416308091633971e-30,-9.224462605073753e-16
509.6,2.964662234315543e-14,1.541628863465503e-30,-9.224322601622512e-16
509.64,2.96466261806408e-14,1.5416253236049846e-30,-9.224395619688045e-16
509.66,2.964663291511612e-14,1.5416191114670587e-30,-9.224377072178663e-16
509.68,2.964663919872253e-14,1.5416133152573035e-30,-9.22422762234133e-16
509.72,2.9646642423310326e-14,1.541610340826669e-30,-9.2241783612085e-16
509.74,2.9646643459527845e-14,1.5416093850038546e-30,-9.22428883156285e-16
509.78,2.964664691898485e-14,1.5416061938872274e-30,-9.224357839438194e-16
509.8,2.964665018080013e-14,1.541603185064676e-30,-9.224369682797868e-16
509.84,2.9646652566842165e-14,1.5416009841003252e-30,-9.224495803968616e-16
509.86,2.964665492518553e-14,1.5415988086482373e-30,-9.224444723973239e-16
509.9,2.964665930873237e-14,1.5415947651153033e-30,-9.224287009589824e-16
509.92,2.964666418468093e-14,1.541590267439606e-30,-9.224169875170156e-16
509.96,2.9646671770830964e-14,1.5415832698202803e-30,-9.224210987436573e-16
509.98,2.964667602766154e-14,1.5415793432533229e-30,-9.22415619113167e-16
510.02,2.9646671907525204e-14,1.5415831436678979e-30,-9.223909493294156e-16
510.04,2.964667482636138e-14,1.541580451355511e-30,-9.223847045829385e-16
510.08,2.964667539612648e-14,1.541579925797117e-30,-9.223733033266795e-16
510.1,2.964667513312688e-14,1.5415801683818997e-30,-9.22374659666636e-16
510.14,2.964668372131774e-14,1.5415722468901168e-30,-9.2237884614395e-16
510.16,2.964668696038145e-14,1.5415692592509459e-30,-9.223667593022626e-16
510.2,2.96466886823852e-14,1.5415676709454189e-30,-9.223603134125999e-16
510.22,2.964669380328833e-14,1.5415629476067507e-30,-9.223644127934537e-16
510.26,2.9646693367002997e-14,1.5415633500237989e-30,-9.223409615179093e-16
510.28,2.9646690626881894e-14,1.5415658773185344e-30,-9.223258074400455e-16
510.3,2.964669374202019e-14,1.541563004155661e-30,-9.223256427298012e-16
510.34,2.964669538575383e-14,1.5415614881100107e-30,-9.223075776517932e-16
510.36,2.964669564298046e-14,1.5415612508684657e-30,-9.223170722425565e-16
510.4,2.964670527919216e-14,1.5415523632305396e-30,-9.223198090784002e-16
510.42,2.964670890718218e-14,1.5415490170977004e-30,-9.223142071501254e-16
510.44,2.964670807725114e-14,1.5415497825309226e-30,-9.222963295195576e-16
510.48,2.9646712004024494e-14,1.5415461609106496e-30,-9.222951604039355e-16
510.5,2.9646714771464557e-14,1.5415436085230855e-30,-9.222925202869669e-16
510.54,2.9646717068055715e-14,1.5415414903838072e-30,-9.223015920037932e-16
510.56,2.964672313557176e-14,1.5415358943462413e-30,-9.223008992911957e-16
510.6,2.964672990919141e-14,1.5415296469355299e-30,-9.223276276478848e-16
510.62,2.964672805622098e-14,1.5415313559760712e-30,-9.223242926704555e-16
510.66,2.9646724955623805e-14,1.5415342157319332e-30,-9.223453477736165e-16
510.68,2.9646724958126135e-14,1.5415342134289944e-30,-9.223532582275052e-16
510.72,2.964672844395403e-14,1.5415309982462184e-30,-9.223382079651406e-16
510.76,2.964674071319129e-14,1.5415196819910499e-30,-9.223210261777332e-16
510.78,2.964674592331806e-14,1.5415148765884116e-30,-9.223216109875222e-16
510.82,2.964674879557594e-14,1.5415122274642823e-30,-9.223102595923527e-16
510.84,2.9646753290561354e-14,1.5415080817316413e-30,-9.222919496484488e-16
510.88,2.964676043420101e-14,1.5415014931357654e-30,-9.222976029214869e-16
510.9,2.9646760735960203e-14,1.541501214838272e-30,-9.222932818185276e-16
510.94,2.96467682346445e-14,1.5414942988607463e-30,-9.222941887626964e-16
510.98,2.9646775362280785e-14,1.541487725093184e-30,-9.222890557935653e-16
511.0,2.9646777794324554e-14,1.5414854820454515e-30,-9.222837592335993e-16
511.04,2.96467823548657e-14,1.5414812759482368e-30,-9.222871289605882e-16
511.06,2.964678525073012e-14,1.5414786051146213e-30,-9.222885618219773e-16
511.1,2.964679340224113e-14,1.5414710871843932e-30,-9.22267339479263e-16
511.12,2.964679235118442e-14,1.5414720565296861e-30,-9.22271899147297e-16
511.16,2.9646797310088936e-14,1.5414674830771471e-30,-9.222630981528605e-16
511.2,2.9646802625997523e-14,1.541462580420039e-30,-9.222551751868648e-16
511.22,2.9646809590001307e-14,1.5414561578471462e-30,-9.222550781654931e-16
511.26,2.964681638138446e-14,1.5414498944453598e-30,-9.22267178744152e-16
511.28,2.9646822671591844e-14,1.5414440931564742e-30,-9.222730807959624e-16
511.32,2.9646824261831595e-14,1.5414426265237487e-30,-9.222736522944966e-16
511.34,2.964682950979538e-14,1.5414377864420892e-30,-9.222841680753258e-16
511.38,2.964683805694955e-14,1.5414299035344929e-30,-9.22288339402361e-16
511.4,2.9646843210791496e-14,1.5414251501449085e-30,-9.223024150659523e-16
511.44,2.964685490011844e-14,1.5414143690282964e-30,-9.223091190776874e-16
511.46,2.964685272836929e-14,1.541416372040035e-30,-9.223059343716026e-16
511.5,2.964685427474179e-14,1.5414149458332071e-30,-9.222955174870465e-16
511.54,2.964686203636342e-14,1.541407787386633e-30,-9.222895889635097e-16
511.56,2.964686471129802e-14,1.541405320324051e-30,-9.222855223423137e-16
511.6,2.9646872474550284e-14,1.5413981603255998e-30,-9.22287998586414e-16
511.62,2.964687859111269e-14,1.541392519110114e-30,-9.222927830112853e-16
511.66,2.964687857202099e-14,1.5413925367128977e-30,-9.222768434390117e-16
511.7,2.964688470364449e-14,1.5413868817396623e-30,-9.222646613005446e-16
511.72,2.964688355780572e-14,1.5413879385069822e-30,-9.222643550227264e-16
511.74,2.964688402967726e-14,1.5413875033198155e-30,-9.222616246518345e-16
511.78,2.964688729201722e-14,1.5413844945793122e-30,-9.222605154933331e-16
511.82,2.964689558162503e-14,1.5413768493325875e-30,-9.222624529077591e-16
511.84,2.9646896086175155e-14,1.5413763839918846e-30,-9.222760305142517e-16
511.88,2.9646905316605955e-14,1.541367871043839e-30,-9.22273156797015e-16
511.9,2.9646910137689764e-14,1.5413634246324408e-30,-9.222871245580343e-16
511.94,2.964691268992724e-14,1.5413610707778755e-30,-9.222738326667538e-16
511.98,2.9646922364683723e-14,1.5413521479873647e-30,-9.22273937556792e-16
512.0,2.96469301874497e-14,1.541344933220353e-30,-9.222802002620821e-16
512.04,2.964693559425593e-14,1.5413399466377742e-30,-9.222780512197517e-16
512.06,2.964693991221936e-14,1.541335964293596e-30,-9.2227116521637e-16
512.1,2.964694553383191e-14,1.5413307796822325e-30,-9.222642456023073e-16
512.12,2.9646947225707764e-14,1.5413292193334478e-30,-9.222618063493622e-16
512.16,2.964694906991656e-14,1.5413275185070169e-30,-9.222452947099591e-16
512.18,2.964695220330071e-14,1.5413246287517187e-30,-9.222514731556906e-16
512.22,2.9646959155950736e-14,1.5413182166491166e-30,-9.222485328225741e-16
512.24,2.964696208288178e-14,1.5413155172618901e-30,-9.22254875607312e-16
512.26,2.964696541943385e-14,1.5413124400907292e-30,-9.222606808558076e-16
512.3,2.964696826189919e-14,1.5413098185874044e-30,-9.222634029469417e-16
512.34,2.96469773408579e-14,1.5413014454508705e-30,-9.222688924367575e-16
512.36,2.9646979203187294e-14,1.541299727875567e-30,-9.222631729998727e-16
512.38,2.9646978893979353e-14,1.5413000130458121e-30,-9.222624410985903e-16
512.42,2.964698514488001e-14,1.541294248120019e-30,-9.222425696106933e-16
512.46,2.964699333035836e-14,1.5412866991769372e-30,-9.2223132694326e-16
512.48,2.964699613616407e-14,1.5412841115678352e-30,-9.222326249703502e-16
512.52,2.964699954880082e-14,1.5412809644176772e-30,-9.222176060595268e-16
512.54,2.9647006875499865e-14,1.5412742076272969e-30,-9.222091562968887e-16
512.58,2.964701139452846e-14,1.5412700401269655e-30,-9.222127952023404e-16
512.62,2.964701192067127e-14,1.5412695549231225e-30,-9.222111788430221e-16
512.66,2.9647020956951247e-14,1.5412612215365808e-30,-9.222102984411355e-16
512.68,2.964702304835004e-14,1.5412592928312157e-30,-9.222061808042574e-16
512.72,2.9647027284418874e-14,1.5412553863160738e-30,-9.222008192954799e-16
512.74,2.96470302495076e-14,1.541252651930212e-30,-9.221834368827898e-16
512.78,2.964703406460244e-14,1.5412491337827556e-30,-9.22166063514106e-16
512.8,2.964703322029225e-14,1.5412499123677815e-30,-9.221641936284928e-16
512.84,2.9647033591043755e-14,1.541249570470579e-30,-9.221747333722026e-16
512.86,2.964703797480077e-14,1.5412455279017023e-30,-9.221674206363286e-16
512.9,2.964704188581493e-14,1.5412419213741833e-30,-9.221548920289685e-16
512.92,2.9647048260711114e-14,1.54123604273221e-30,-9.221545097552884e-16
512.96,2.964705406964909e-14,1.5412306860062437e-30,-9.221461735428825e-16
512.98,2.964705425596675e-14,1.5412305141897681e-30,-9.221529141477609e-16
513.02,2.964706491770102e-14,1.5412206824544215e-30,-9.221410331719642e-16
513.04,2.964706629735847e-14,1.5412194102045994e-30,-9.221507184552416e-16
513.06,2.9647067303989465e-14,1.5412184819463776e-30,-9.221458077768584e-16
513.1,2.964707801954122e-14,1.5412086006509498e-30,-9.22153927546358e-16
513.12,2.964708110271665e-14,1.5412057574661852e-30,-9.221504446793605e-16
513.16,2.9647084626815875e-14,1.541202507742658e-30,-9.221274699970508e-16
513.2,2.96470967654751e-14,1.5411913143211035e-30,-9.221391109800293e-16
513.22,2.964709602520125e-14,1.5411919969449411e-30,-9.221268463583448e-16
513.26,2.9647098431405156e-14,1.5411897781718757e-30,-9.221013181231874e-16
513.28,2.9647104626817285e-14,1.5411840653538856e-30,-9.221111360095654e-16
513.32,2.9647109739031896e-14,1.5411793513281675e-30,-9.221033378962538e-16
513.34,2.964711337985777e-14,1.5411759941140548e-30,-9.220941315198928e-16
513.36,2.964711456631676e-14,1.5411749000821757e-30,-9.220818229427997e-16
513.4,2.964712740962178e-14,1.541163057559555e-30,-9.220676130773867e-16
513.42,2.9647127233858647e-14,1.5411632196229902e-30,-9.220546336190903e-16
513.46,2.964713068568974e-14,1.541160036827156e-30,-9.22053607583036e-16
513.48,2.9647133895198324e-14,1.5411570774972503e-30,-9.220586203590004e-16
513.52,2.964713659246033e-14,1.5411545905118123e-30,-9.22042929537037e-16
513.54,2.964714194813683e-14,1.5411496523761889e-30,-9.22035391958103e-16
513.56,2.964714251619727e-14,1.5411491286025781e-30,-9.220282623578658e-16
513.6,2.964714613693916e-14,1.5411457901695103e-30,-9.220104327338701e-16
513.62,2.964714396690778e-14,1.5411477909794136e-30,-9.220175161952895e-16
513.66,2.964715166406746e-14,1.5411406940271169e-30,-9.220332917256734e-16
513.68,2.964715546532239e-14,1.541137189165464e-30,-9.220328775907218e-16
513.72,2.964716095666419e-14,1.541132125964957e-30,-9.220330236224122e-16
513.74,2.964716215195498e-14,1.5411310238700963e-30,-9.22031002136855e-16
513.76,2.9647166457339577e-14,1.5411270541764724e-30,-9.220310623480677e-16
513.8,2.964717097271285e-14,1.5411228908681389e-30,-9.220224182022612e-16
513.82,2.9647172822140754e-14,1.5411211856618827e-30,-9.22006818126344e-16
513.86,2.9647178865859493e-14,1.5411156133136097e-30,-9.219984868510557e-16
513.88,2.964717801241196e-14,1.5411164001954365e-30,-9.21990114427252e-16
513.92,2.9647178853688897e-14,1.5411156245521739e-30,-9.219751166720058e-16
513.94,2.964717960728009e-14,1.5411149297470883e-30,-9.219859156675946e-16
513.98,2.964718440261924e-14,1.5411105085166286e-30,-9.21976714486277e-16
514.0,2.964718735422908e-14,1.541107787209433e-30,-9.21980611071266e-16
514.02,2.964718653681145e-14,1.541108540863551e-30,-9.21987431198814e-16
514.06,2.9647192081615467e-14,1.541103428625518e-30,-9.219930943311146e-16
514.08,2.964719244165323e-14,1.5411030966810902e-30,-9.219927975697358e-16
514.12,2.964719849652344e-14,1.5410975141363262e-30,-9.219883316476442e-16
514.14,2.964720148292301e-14,1.5410947607237595e-30,-9.219853109565963e-16
514.18,2.964720610343006e-14,1.541090500696566e-30,-9.219863135952412e-16
514.2,2.9647209493018094e-14,1.5410873755359542e-30,-9.219878513439076e-16
514.22,2.9647212331821335e-14,1.5410847581977985e-30,-9.219776919897467e-16
514.26,2.964722064903112e-14,1.5410770898896876e-30,-9.21984153567644e-16
514.28,2.964721839458135e-14,1.5410791684507141e-30,-9.219923003362869e-16
514.32,2.964722477063669e-14,1.5410732897191578e-30,-9.219994842161654e-16
514.34,2.964722698556207e-14,1.5410712475645753e-30,-9.220124346081086e-16
514.38,2.964722374844935e-14,1.5410742322429728e-30,-9.22016372118302e-16
514.4,2.964722238861035e-14,1.5410754860425345e-30,-9.220227889843994e-16
514.44,2.9647220743344894e-14,1.5410770030205549e-30,-9.22021240920572e-16
514.46,2.9647220195249663e-14,1.5410775083793079e-30,-9.220186827531405e-16
514.5,2.964723003149682e-14,1.5410684392266043e-30,-9.220127491634758e-16
514.52,2.964723201575279e-14,1.5410666097304418e-30,-9.220019650911316e-16
514.56,2.964723826810281e-14,1.541060845045223e-30,-9.220077078981312e-16
514.58,2.964723715737832e-14,1.5410618691394434e-30,-9.22013504537204e-16
514.6,2.9647241366460017e-14,1.5410579883096174e-30,-9.220063859869676e-16
514.64,2.9647249284673864e-14,1.5410506876351575e-30,-9.220135571679053e-16
514.68,2.964725402221457e-14,1.541046319613021e-30,-9.220002975268362e-16
514.7,2.964725371318186e-14,1.5410466045341178e-30,-9.21982503710862e-16
514.74,2.9647257368391353e-14,1.5410432345179811e-30,-9.219742609595723e-16
514.76,2.964725919068751e-14,1.5410415544368619e-30,-9.219604801109245e-16
514.8,2.964726024604104e-14,1.5410405814439116e-30,-9.219462936561737e-16
514.82,2.964726200845451e-14,1.5410389566226922e-30,-9.219314977585686e-16
514.84,2.964726214804802e-14,1.5410388279322283e-30,-9.219215982222155e-16
514.88,2.964726844796492e-14,1.5410330199475292e-30,-9.219095862286604e-16
514.9,2.9647269364577007e-14,1.5410321749315767e-30,-9.218952220209547e-16
514.94,2.964727290629353e-14,1.5410289098186336e-30,-9.21859878542419e-16
514.96,2.9647277839131435e-14,1.5410243624224581e-30,-9.218630704592762e-16
515.0,2.9647279791771375e-14,1.541022562363003e-30,-9.218571508568884e-16
515.02,2.964728297868745e-14,1.5410196244947872e-30,-9.21853978339525e-16
515.06,2.9647285464030484e-14,1.5410173333431308e-30,-9.21865891164997e-16
515.08,2.9647288515653964e-14,1.5410145201792972e-30,-9.218488082867842e-16
515.1,2.964729434609572e-14,1.5410091453929082e-30,-9.218487992714925e-16
515.14,2.964730317458848e-14,1.541001006872344e-30,-9.218485877749808e-16
515.16,2.96473080914235e-14,1.5409964742569318e-30,-9.218601994225888e-16
515.2,2.964731518291063e-14,1.5409899369027695e-30,-9.21863588244445e-16
515.22,2.964731644484501e-14,1.540988773568061e-30,-9.21862199300883e-16
515.26,2.9647324258333665e-14,1.540981570641963e-30,-9.218583125425609e-16
515.28,2.964732392196788e-14,1.5409818807195089e-30,-9.218369460637574e-16
515.32,2.964732321786599e-14,1.540982529773147e-30,-9.218222617386787e-16
515.34,2.96473311150427e-14,1.5409752500308013e-30,-9.218145754317276e-16
515.38,2.964733876419607e-14,1.5409681990205285e-30,-9.21801687568702e-16
515.4,2.96473417521445e-14,1.5409654447161078e-30,-9.218057309710395e-16
515.42,2.964734461801701e-14,1.5409628029579265e-30,-9.2180307352824e-16
515.46,2.964734560665547e-14,1.540961891635437e-30,-9.217971386819513e-16
515.48,2.964735049504318e-14,1.5409573855288257e-30,-9.217977699493683e-16
515.52,2.9647349125387557e-14,1.5409586480496066e-30,-9.21800618429714e-16
515.54,2.964734883009058e-14,1.5409589202473645e-30,-9.218069514244198e-16
515.58,2.964735288758072e-14,1.5409551800497285e-30,-9.217996470525855e-16
515.6,2.9647359212542984e-14,1.5409493496599309e-30,-9.218090548528562e-16
515.64,2.964736550651358e-14,1.5409435477644149e-30,-9.218241177899436e-16
515.66,2.9647366586200026e-14,1.5409425525190833e-30,-9.218058603094708e-16
515.7,2.964737306473114e-14,1.5409365805924614e-30,-9.218073086512928e-16
515.72,2.964737743494253e-14,1.5409325520962823e-30,-9.218096928159194e-16
515.74,2.964738548730825e-14,1.5409251292971462e-30,-9.218133872885124e-16
515.78,2.9647390905708865e-14,1.5409201345259048e-30,-9.218071931032703e-16
515.8,2.9647396877741555e-14,1.5409146294757018e-30,-9.218012467114186e-16
515.84,2.9647400410337946e-14,1.5409113731454217e-30,-9.217919585797853e-16
515.86,2.964740310740742e-14,1.5409088869955557e-30,-9.2180199296186e-16
515.9,2.964740818311647e-14,1.5409042081599703e-30,-9.218147681011903e-16
515.92,2.964741312366827e-14,1.5408996538921013e-30,-9.218129819948613e-16
515.96,2.964741886234585e-14,1.5408943639250104e-30,-9.218080336791986e-16
515.98,2.96474189325173e-14,1.5408942992347865e-30,-9.218190507928082e-16
516.02,2.964742504737241e-14,1.5408886623902685e-30,-9.218259302740773e-16
516.04,2.9647424452319264e-14,1.5408892109132843e-30,-9.218135833892044e-16
516.06,2.964742558325627e-14,1.5408881683955426e-30,-9.21820883614423e-16
516.1,2.964743765055653e-14,1.5408770444692027e-30,-9.218279749864921e-16
516.12,2.964744196187429e-14,1.5408730701952398e-30,-9.218239815282481e-16
516.16,2.9647452952143365e-14,1.5408629390917635e-30,-9.218198566549597e-16
516.18,2.9647455485996784e-14,1.5408606033162497e-30,-9.21824004340307e-16
516.22,2.964746562210456e-14,1.5408512596899019e-30,-9.218110158011487e-16
516.24,2.964746809651855e-14,1.540848978738851e-30,-9.218167489309076e-16
516.28,2.964747242157576e-14,1.5408449918054108e-30,-9.21827805957897e-16
516.3,2.964747646709819e-14,1.5408412625494341e-30,-9.21824306308862e-16
516.34,2.964747933252813e-14,1.5408386211103976e-30,-9.218327250777862e-16
516.36,2.9647482163843145e-14,1.5408360111204913e-30,-9.218196399294046e-16
516.38,2.964748604099351e-14,1.5408324370831653e-30,-9.218279344872568e-16
516.42,2.9647489237786806e-14,1.5408294902002423e-30,-9.218132285191638e-16
516.44,2.964749407637187e-14,1.5408250299599912e-30,-9.218071097686038e-16
516.48,2.9647506005625335e-14,1.5408140336122214e-30,-9.21793743929218e-16
516.5,2.96475102716262e-14,1.5408101012464192e-30,-9.217817055657153e-16
516.54,2.964751403352424e-14,1.540806633640867e-30,-9.21774019881491e-16
516.56,2.964751632833673e-14,1.5408045183456713e-30,-9.217749679241298e-16
516.6,2.964751731530493e-14,1.5408036085829105e-30,-9.217685149856477e-16
516.62,2.964752001881563e-14,1.5408011165665153e-30,-9.217705695453028e-16
516.66,2.964752340896637e-14,1.5407979916047716e-30,-9.217669298480557e-16
516.68,2.964752589009502e-14,1.540795704589221e-30,-9.217585239677618e-16
516.72,2.964753485566505e-14,1.5407874404605088e-30,-9.217656392554273e-16
516.74,2.964754005711151e-14,1.540782645928099e-30,-9.217786144141477e-16
516.78,2.964754878388057e-14,1.5407746018975655e-30,-9.217642252567595e-16
516.8,2.9647552382745155e-14,1.5407712845808722e-30,-9.217734766225206e-16
516.84,2.9647556386111015e-14,1.5407675944236243e-30,-9.21752214047916e-16
516.86,2.964755542596772e-14,1.5407684794358902e-30,-9.217466862571676e-16
516.9,2.964756150392342e-14,1.5407628771512264e-30,-9.217468811199003e-16
516.92,2.964756316842406e-14,1.5407613428939572e-30,-9.217589151635376e-16
516.94,2.9647568382309196e-14,1.5407565369496502e-30,-9.217541974927386e-16
516.98,2.964757428874814e-14,1.5407510926566703e-30,-9.21757420816452e-16
517.0,2.9647578396371024e-14,1.540747306407426e-30,-9.217567730566199e-16
517.04,2.964758760227275e-14,1.54073882072116e-30,-9.217714611476259e-16
517.06,2.9647588165062806e-14,1.5407383019550765e-30,-9.217733046903967e-16
517.1,2.964758637613155e-14,1.5407399509632293e-30,-9.21783821700571e-16
517.12,2.964759111209253e-14,1.540735585404669e-30,-9.217958900724214e-16
517.16,2.964759185976133e-14,1.5407348962088908e-30,-9.217929201094685e-16
517.18,2.964759195454064e-14,1.5407348088424057e-30,-9.217977921162966e-16
517.22,2.964759295916032e-14,1.540733882720619e-30,-9.218337665694399e-16
517.24,2.964759419950635e-14,1.540732739331731e-30,-9.21830801084014e-16
517.28,2.9647597695714054e-14,1.5407295163952542e-30,-9.218320644037961e-16
517.3,2.964759741998356e-14,1.5407297705636087e-30,-9.218163690426009e-16
517.34,2.9647595155106616e-14,1.5407318583200964e-30,-9.218002727990805e-16
517.36,2.964759924365494e-14,1.540728089504595e-30,-9.217979122483897e-16
517.4,2.964760699378077e-14,1.5407209454615957e-30,-9.217966073909316e-16
517.42,2.964760897040007e-14,1.5407191234526182e-30,-9.217836317465253e-16
517.46,2.9647614964323266e-14,1.5407135984117363e-30,-9.21766122101994e-16
517.48,2.964762074169418e-14,1.5407082729774656e-30,-9.217862724959711e-16
517.52,2.964762421026979e-14,1.540705075707059e-30,-9.21783778802173e-16
517.54,2.9647628766671336e-14,1.5407008756884348e-30,-9.217848013581515e-16
517.58,2.9647641845238946e-14,1.5406888199794034e-30,-9.217889887231234e-16
517.6,2.964764349897962e-14,1.5406872955870193e-30,-9.217996337409995e-16
517.64,2.964764799104057e-14,1.5406831548968865e-30,-9.217840236875538e-16
517.66,2.9647650714586696e-14,1.5406806443867938e-30,-9.21778213301491e-16
517.7,2.96476514669554e-14,1.5406799508786279e-30,-9.21766532467137e-16
517.72,2.964765093852377e-14,1.5406804379634628e-30,-9.217651523118011e-16
517.76,2.964765899787155e-14,1.5406730091610755e-30,-9.217604743973987e-16
517.78,2.96476622501374e-14,1.5406700113820557e-30,-9.217413921039059e-16
517.82,2.964766489038036e-14,1.5406675778467316e-30,-9.217166366719482e-16
517.84,2.9647666146765826e-14,1.5406664197812371e-30,-9.217323906443097e-16
517.88,2.9647672390329885e-14,1.5406606648908964e-30,-9.217116689637652e-16
517.9,2.964767356619924e-14,1.5406595810729643e-30,-9.217157120876031e-16
517.94,2.964768171562137e-14,1.5406520696379136e-30,-9.217157038766497e-16
517.96,2.964768445976798e-14,1.5406495403313945e-30,-9.217051280880077e-16
518.0,2.964768940628226e-14,1.5406449811205303e-30,-9.21702936074704e-16
518.02,2.9647694387647704e-14,1.5406403898075053e-30,-9.216898787751635e-16
518.06,2.964770747342879e-14,1.5406283286732666e-30,-9.216991445758328e-16
518.08,2.964770856603288e-14,1.5406273216132552e-30,-9.216982949068468e-16
518.12,2.9647715939094346e-14,1.5406205258037413e-30,-9.217136132488699e-16
518.14,2.964771553506281e-14,1.5406208982097875e-30,-9.217189048035292e-16
518.18,2.964772372664423e-14,1.5406133479026339e-30,-9.21705310276128e-16
518.2,2.9647723261926154e-14,1.5406137762399023e-30,-9.217067225155886e-16
518.24,2.964773464998576e-14,1.5406032798292794e-30,-9.217039886803194e-16
518.26,2.9647735765948335e-14,1.5406022512237772e-30,-9.217096302133244e-16
518.3,2.9647737441100936e-14,1.5406007072280692e-30,-9.217056918980196e-16
518.32,2.964774451080692e-14,1.540594191077311e-30,-9.216954681015905e-16
518.36,2.964774821366239e-14,1.5405907782084302e-30,-9.21697471476905e-16
518.38,2.964775207779361e-14,1.5405872166558674e-30,-9.216937152017302e-16
518.42,2.964775929896695e-14,1.5405805610317438e-30,-9.216715095627198e-16
518.44,2.964775981139283e-14,1.5405800887446457e-30,-9.216694998819138e-16
518.48,2.964776605088883e-14,1.5405743379519568e-30,-9.216808137203622e-16
518.52,2.964776782937358e-14,1.5405726987328278e-30,-9.216821378429869e-16
518.54,2.964777395784185e-14,1.5405670502329518e-30,-9.216838772845961e-16
518.58,2.9647779870420276e-14,1.54056160071761e-30,-9.216926568047715e-16
518.6,2.9647783051225415e-14,1.5405586690088386e-30,-9.216863877953941e-16
518.64,2.9647788252857574e-14,1.5405538747617882e-30,-9.216739172421383e-16
518.66,2.9647792853357654e-14,1.5405496346237889e-30,-9.216615475183065e-16
518.7,2.9647797675905267e-14,1.5405451899295665e-30,-9.216412979995863e-16
518.72,2.9647796915993525e-14,1.5405458903031352e-30,-9.216432250952541e-16
518.76,2.964779573793238e-14,1.5405469760542049e-30,-9.216472126706626e-16
518.78,2.964780030476985e-14,1.5405427670819755e-30,-9.216396819530198e-16
518.82,2.964780295395807e-14,1.5405403254879766e-30,-9.216297548565488e-16
518.84,2.9647806346996236e-14,1.5405371983424157e-30,-9.216426837060733e-16
518.88,2.964780931472354e-14,1.5405344631513604e-30,-9.216376216964321e-16
518.9,2.9647809399721894e-14,1.5405343848104858e-30,-9.216454153621774e-16
518.94,2.9647819030707313e-14,1.540525508400086e-30,-9.216636206780553e-16
518.96,2.9647820555943267e-14,1.5405241026424083e-30,-9.216708524374679e-16
519.0,2.964782956690446e-14,1.5405157974325222e-30,-9.216787717812351e-16
519.02,2.9647832409295095e-14,1.5405131776528611e-30,-9.216836654002646e-16
519.06,2.964784606521285e-14,1.5405005911275826e-30,-9.216901621664228e-16
519.08,2.964784996484911e-14,1.5404969968937513e-30,-9.21672605712321e-16
519.12,2.964784969216373e-14,1.5404972482632333e-30,-9.216517597896234e-16
519.14,2.964785904182368e-14,1.5404886310895471e-30,-9.216557145078234e-16
519.18,2.964786729663643e-14,1.5404810230003943e-30,-9.216309352949438e-16
519.2,2.9647869359123466e-14,1.5404791221479175e-30,-9.216275394095956e-16
519.24,2.9647876065062006e-14,1.5404729417892178e-30,-9.216175570991721e-16
519.26,2.964787793841874e-14,1.5404712152843848e-30,-9.216146433330292e-16
519.3,2.96478838261883e-14,1.5404657890267776e-30,-9.216404546936944e-16
519.32,2.964788506583298e-14,1.5404646465300068e-30,-9.216344974279631e-16
519.36,2.9647889656553703e-14,1.5404604155763434e-30,-9.216244842829548e-16
519.38,2.9647889741994856e-14,1.540460336824615e-30,-9.216110154149584e-16
519.42,2.9647887788631795e-14,1.5404621370542115e-30,-9.216223890832369e-16
519.44,2.96478877685517e-14,1.5404621555639762e-30,-9.216228658481435e-16
519.48,2.964788719211228e-14,1.5404626868387489e-30,-9.216229362878687e-16
519.5,2.964788584036596e-14,1.5404639326410494e-30,-9.216190748422944e-16
519.54,2.964789266764376e-14,1.54045764046222e-30,-9.216319979095474e-16
519.56,2.9647895079216427e-14,1.540455417863935e-30,-9.216357513419988e-16
519.6,2.9647901477846105e-14,1.5404495207509514e-30,-9.216182282611467e-16
519.62,2.964791224244113e-14,1.540439599932771e-30,-9.216099252403e-16
519.66,2.964791625565056e-14,1.5404359013478897e-30,-9.215721206209583e-16
519.68,2.9647919063548427e-14,1.5404333136831654e-30,-9.215694680049146e-16
519.72,2.9647931019211753e-14,1.5404222956620035e-30,-9.215805612782799e-16
519.74,2.964793269147363e-14,1.5404207545296605e-30,-9.215749776706054e-16
519.78,2.9647938368858413e-14,1.5404155224566507e-30,-9.215734709546068e-16
519.8,2.964794319171845e-14,1.5404110778006275e-30,-9.215902529462977e-16
519.84,2.9647953667280225e-14,1.5404014235984115e-30,-9.21591702610219e-16
519.86,2.9647955282304756e-14,1.5403999352009661e-30,-9.215943222610908e-16
519.9,2.9647954678582916e-14,1.540400491584642e-30,-9.215822878985012e-16
519.92,2.964795541919015e-14,1.5403998090437508e-30,-9.215771799979655e-16
519.96,2.964796386414584e-14,1.5403920263832187e-30,-9.21581957256651e-16
519.98,2.964796629452737e-14,1.5403897865697332e-30,-9.215861633249942e-16
520.02,2.9647973288138934e-14,1.5403833413998582e-30,-9.215624038460695e-16
520.04,2.9647973470962794e-14,1.5403831729203704e-30,-9.215606363976578e-16
520.08,2.964797979439968e-14,1.5403773454450663e-30,-9.215695582866057e-16
520.12,2.964798611632792e-14,1.5403715194161246e-30,-9.215556567066934e-16
520.14,2.96479884054755e-14,1.5403694098418892e-30,-9.21566220222127e-16
520.18,2.964799830475297e-14,1.540360287078283e-30,-9.215562353854554e-16
520.2,2.964800164235086e-14,1.540357211275401e-30,-9.215702228201608e-16
520.24,2.964800349293264e-14,1.5403555058381039e-30,-9.215680313259277e-16
520.26,2.96480029945891e-14,1.5403559651182676e-30,-9.21579583152825e-16
520.3,2.9648008711074535e-14,1.5403506968968603e-30,-9.21585531151744e-16
520.32,2.964800646985144e-14,1.5403527623865585e-30,-9.215897775367172e-16
520.36,2.9648008831541925e-14,1.5403505858885062e-30,-9.215740633482994e-16
520.38,2.964800871958969e-14,1.5403506890654581e-30,-9.21572183335637e-16
520.42,2.96480136398379e-14,1.5403461547461333e-30,-9.215606121800698e-16
520.44,2.964801811422165e-14,1.5403420313438572e-30,-9.215607218114619e-16
520.48,2.9648021127378356e-14,1.5403392545269944e-30,-9.215625226122027e-16
520.5,2.964802491253326e-14,1.5403357662837652e-30,-9.215571224025245e-16
520.54,2.96480338366628e-14,1.5403275420775135e-30,-9.215718005018656e-16
520.56,2.964803786810221e-14,1.5403238267953067e-30,-9.215832855284947e-16
520.6,2.964804767977786e-14,1.5403147846059019e-30,-9.215732165040981e-16
520.62,2.964804830171799e-14,1.540314211444286e-30,-9.215786541145554e-16
520.66,2.964805013968885e-14,1.5403125176541045e-30,-9.215813090355876e-16
520.68,2.964805239198188e-14,1.5403104419931135e-30,-9.215748964671413e-16
520.72,2.9648055693075365e-14,1.5403073998042883e-30,-9.215791850985189e-16
520.74,2.964805810738731e-14,1.5403051748552721e-30,-9.215542844467665e-16
520.78,2.964805800158171e-14,1.5403052723418978e-30,-9.215520067055029e-16
520.8,2.964806149377382e-14,1.5403020540998377e-30,-9.215570743679793e-16
520.84,2.964807439116748e-14,1.5402901682977815e-30,-9.215738917106415e-16
520.86,2.964807563768039e-14,1.5402890195540204e-30,-9.215702929009228e-16
520.9,2.9648079504592496e-14,1.5402854559641097e-30,-9.215617330238415e-16
520.92,2.964808504670181e-14,1.540280348587183e-30,-9.215566255428694e-16
520.96,2.964808837921848e-14,1.5402772774828858e-30,-9.215515945064001e-16
520.98,2.9648091861630965e-14,1.5402740682463176e-30,-9.21560417539007e-16
521.02,2.964810237163124e-14,1.5402643825992292e-30,-9.215723364536175e-16
521.06,2.9648103024613236e-14,1.5402637808321462e-30,-9.215712929661299e-16
521.08,2.964810348248323e-14,1.5402633588723872e-30,-9.215636730204775e-16
521.12,2.964811339127505e-14,1.540254227315512e-30,-9.215519452331066e-16
521.14,2.9648114517033344e-14,1.5402531898745143e-30,-9.215402637090042e-16
521.18,2.964811722761083e-14,1.5402506919875601e-30,-9.215343538245624e-16
521.2,2.964811882374767e-14,1.5402492210998573e-30,-9.215276097097578e-16
521.24,2.964812501771918e-14,1.5402435131804905e-30,-9.215360168178348e-16
521.26,2.96481297671779e-14,1.5402391363920237e-30,-9.215324052295476e-16
521.3,2.9648138769389015e-14,1.5402308405590915e-30,-9.215364690232768e-16
521.32,2.9648143835102453e-14,1.5402261723342898e-30,-9.21533084445524e-16
521.36,2.9648149518494e-14,1.540220934945772e-30,-9.21522624797118e-16
521.38,2.9648157465445695e-14,1.5402136116404604e-30,-9.215234072436374e-16
521.42,2.964815960149132e-14,1.5402116432504552e-30,-9.215241409980172e-16
521.44,2.9648168067556565e-14,1.5402038415938277e-30,-9.215229438618507e-16
521.48,2.964817230781888e-14,1.540199934101094e-30,-9.215204309842175e-16
521.5,2.964817380972639e-14,1.5401985500458029e-30,-9.215291086677827e-16
521.54,2.9648178174776543e-14,1.5401945275455907e-30,-9.215025960723294e-16
521.56,2.9648180849862356e-14,1.5401920624286628e-30,-9.215066494608255e-16
521.6,2.964818926949114e-14,1.5401843036598396e-30,-9.21508307293638e-16
521.62,2.964819412777025e-14,1.5401798267168379e-30,-9.215087740581077e-16
521.66,2.964820357639411e-14,1.5401711196853018e-30,-9.215143069033402e-16
521.68,2.9648207261727987e-14,1.5401677235763263e-30,-9.215279436752527e-16
521.72,2.964820408985985e-14,1.5401706465108926e-30,-9.215203136897517e-16
521.74,2.9648205078094314e-14,1.5401697358267271e-30,-9.215175683196952e-16
521.78,2.9648219414678017e-14,1.5401565244770372e-30,-9.215136221438175e-16
521.82,2.9648223733267e-14,1.5401525448726804e-30,-9.215085813560335e-16
521.84,2.9648221682575975e-14,1.540154434563147e-30,-9.214832763131185e-16
521.88,2.9648226135810107e-14,1.54015033102827e-30,-9.21470221376169e-16
521.9,2.964822500122269e-14,1.5401513765137822e-30,-9.21460441036462e-16
521.94,2.964823419987112e-14,1.5401429005863443e-30,-9.214265404208726e-16
521.96,2.964823285973923e-14,1.5401441354103486e-30,-9.214214888760708e-16
522.0,2.964823435864574e-14,1.5401427542843128e-30,-9.214241237609984e-16
522.04,2.964823507338191e-14,1.5401420957279775e-30,-9.213960696470544e-16
522.06,2.964823950654681e-14,1.5401380110529407e-30,-9.213854232685038e-16
522.1,2.96482453341178e-14,1.5401326416726128e-30,-9.213781705273633e-16
522.12,2.9648244123222995e-14,1.540133757368902e-30,-9.213825866549137e-16
522.16,2.964825060104762e-14,1.5401277888388488e-30,-9.213721560088054e-16
522.18,2.964824979249123e-14,1.540128533817313e-30,-9.213631865372192e-16
522.22,2.964825302633534e-14,1.5401255542181659e-30,-9.21371490493655e-16
522.24,2.9648254573883564e-14,1.5401241283536461e-30,-9.213682276323118e-16
522.28,2.964825722386851e-14,1.5401216867482133e-30,-9.213727642395749e-16
522.3,2.964826564089335e-14,1.540113931514954e-30,-9.213741583626082e-16
522.34,2.964827416402669e-14,1.5401060785832589e-30,-9.21365672713946e-16
522.36,2.964827812922064e-14,1.5401024252268785e-30,-9.213570735016567e-16
522.4,2.9648286041405944e-14,1.540095135332515e-30,-9.21332648517963e-16
522.42,2.9648289216398384e-14,1.5400922101203933e-30,-9.213349856573288e-16
522.46,2.9648299133472553e-14,1.5400830731535223e-30,-9.213262883383057e-16
522.48,2.96483012985459e-14,1.5400810784016145e-30,-9.213371832962677e-16
522.52,2.964831436273161e-14,1.540069041783463e-30,-9.213550382567875e-16
522.56,2.9648317811511675e-14,1.5400658642620028e-30,-9.213377825808654e-16
522.58,2.964831914904606e-14,1.5400646319426855e-30,-9.21338127671492e-16
522.62,2.9648324935723346e-14,1.5400593003898071e-30,-9.213512193593097e-16
522.64,2.964832698316678e-14,1.5400574139565883e-30,-9.213554439137564e-16
522.68,2.9648330132353287e-14,1.5400545123912429e-30,-9.213684951606986e-16
522.7,2.964833540984392e-14,1.5400496498735079e-30,-9.213633097234662e-16
522.74,2.9648338274911905e-14,1.5400470101254456e-30,-9.213470027400938e-16
522.76,2.9648338319436893e-14,1.5400469690974113e-30,-9.21354192081288e-16
522.8,2.9648342980684325e-14,1.5400426743995543e-30,-9.213562324746736e-16
522.82,2.964834642388419e-14,1.5400395019962272e-30,-9.213513162015468e-16
522.86,2.9648354347429197e-14,1.54003220166632e-30,-9.213466840302695e-16
522.88,2.964835690924081e-14,1.5400298413491841e-30,-9.213474433041419e-16
522.92,2.964836181050844e-14,1.540025325599431e-30,-9.213534608086487e-16
522.94,2.9648369806585817e-14,1.5400179583629122e-30,-9.21355633882822e-16
522.98,2.9648373066283446e-14,1.5400149550192354e-30,-9.213458855059602e-16
523.02,2.964838342173216e-14,1.540005414127186e-30,-9.213399845317812e-16
523.04,2.964838462424783e-14,1.5400043062282025e-30,-9.213307304102765e-16
523.08,2.9648390251746585e-14,1.5399991215085944e-30,-9.213146647748275e-16
523.1,2.964839217970477e-14,1.5399973452540977e-30,-9.21317785886496e-16
523.14,2.964840189715322e-14,1.5399883923933933e-30,-9.213288609282287e-16
523.16,2.9648401083406765e-14,1.5399891421127917e-30,-9.213183088713941e-16
523.2,2.964841015664662e-14,1.5399807829512329e-30,-9.213013504839835e-16
523.22,2.964841238908715e-14,1.5399787261868478e-30,-9.212991964770674e-16
523.26,2.9648426011371157e-14,1.5399661759851661e-30,-9.212995426247362e-16
523.28,2.9648430037525883e-14,1.5399624666859633e-30,-9.212960094144973e-16
523.32,2.964843803544263e-14,1.5399550982977743e-30,-9.212859351360347e-16
523.34,2.9648447120922406e-14,1.5399467278460384e-30,-9.213111198432042e-16
523.38,2.9648455824434076e-14,1.539938709240375e-30,-9.213002925845751e-16
523.4,2.964845785374887e-14,1.5399368396459904e-30,-9.212960575598459e-16
523.44,2.964846230142013e-14,1.5399327419823994e-30,-9.213025008266881e-16
523.46,2.9648460462562e-14,1.5399344361275393e-30,-9.213004017807842e-16
523.5,2.9648458382715766e-14,1.5399363523007857e-30,-9.212842666389901e-16
523.54,2.9648459742317366e-14,1.5399350997158092e-30,-9.212678794747382e-16
523.56,2.9648459759039185e-14,1.5399350843068167e-30,-9.212701642111786e-16
523.6,2.9648461934088113e-14,1.539933080473817e-30,-9.212585730941647e-16
523.62,2.9648466001420224e-14,1.5399293333539589e-30,-9.21268906990806e-16
523.66,2.9648469677893555e-14,1.5399259463656238e-30,-9.212519347139845e-16
523.68,2.9648471509540275e-14,1.5399242589574125e-30,-9.21261515614682e-16
523.72,2.964847363622654e-14,1.5399222997471115e-30,-9.212620819326878e-16
523.74,2.964847534973042e-14,1.5399207211643997e-30,-9.212576003985498e-16
523.78,2.964848233281416e-14,1.5399142879744648e-30,-9.212554483720849e-16
523.8,2.964848207611319e-14,1.5399145244628824e-30,-9.212465495114383e-16
523.84,2.9648486624313614e-14,1.5399103344639265e-30,-9.212370205913732e-16
523.86,2.9648497883984465e-14,1.5398999616490446e-30,-9.212407171598434e-16
523.9,2.964849785788356e-14,1.539899985687507e-30,-9.21237162282814e-16
523.92,2.9648499348556295e-14,1.5398986124418218e-30,-9.212304144537368e-16
523.96,2.9648499302699767e-14,1.5398986546907668e-30,-9.212230523868563e-16
523.98,2.9648499159711836e-14,1.5398987864031245e-30,-9.212333150962477e-16
524.02,2.9648502758011985e-14,1.5398954715058371e-30,-9.21238527535321e-16
524.04,2.964850315295746e-14,1.5398951076625931e-30,-9.212442998280007e-16
524.08,2.964850989281729e-14,1.5398888985004256e-30,-9.212644008826725e-16
524.1,2.964851338457608e-14,1.5398856816558485e-30,-9.21266419104381e-16
524.14,2.9648515771589005e-14,1.5398834826192963e-30,-9.212462664963236e-16
524.18,2.964852467729831e-14,1.5398752781557687e-30,-9.212655605340936e-16
524.2,2.964852775289595e-14,1.5398724447096293e-30,-9.212673678115087e-16
524.24,2.96485352734135e-14,1.5398655163885576e-30,-9.212682103749405e-16
524.26,2.964853301651645e-14,1.539867595622135e-30,-9.212754387119746e-16
524.3,2.9648538282384515e-14,1.5398627442925215e-30,-9.212622720103165e-16
524.32,2.964854136993748e-14,1.5398598998396154e-30,-9.212575091210795e-16
524.36,2.964854239189852e-14,1.5398589583115708e-30,-9.212731027863186e-16
524.38,2.964854678902716e-14,1.5398549073485692e-30,-9.212729749964213e-16
524.42,2.964855255796043e-14,1.5398495925807953e-30,-9.212631563816407e-16
524.44,2.964855775137296e-14,1.5398448081082818e-30,-9.212538328202604e-16
524.48,2.964856592069124e-14,1.5398372821179685e-30,-9.212334946337796e-16
524.5,2.964857054479273e-14,1.5398330222256912e-30,-9.212420007487438e-16
524.54,2.9648579755008803e-14,1.5398245374443933e-30,-9.212357394217515e-16
524.58,2.96485846261398e-14,1.539820049990579e-30,-9.212291640011439e-16
524.6,2.964858722455949e-14,1.5398176562491618e-30,-9.212353267583883e-16
524.64,2.9648595371665605e-14,1.5398101508175685e-30,-9.212401245633189e-16
524.66,2.964860115078804e-14,1.5398048268878522e-30,-9.212321663652332e-16
524.7,2.9648603411893067e-14,1.5398027438735587e-30,-9.212402623798434e-16
524.72,2.9648606248206404e-14,1.5398001309473635e-30,-9.2123463061494e-16
524.76,2.9648611583431746e-14,1.5397952160053411e-30,-9.212271278322661e-16
524.78,2.9648615789226516e-14,1.5397913414859001e-30,-9.212346086905076e-16
524.82,2.9648615311138866e-14,1.5397917819431858e-30,-9.212278588992966e-16
524.84,2.9648619420796186e-14,1.5397879960038923e-30,-9.212302794056881e-16
524.88,2.9648622752209456e-14,1.5397849269987025e-30,-9.212263113088331e-16
524.92,2.964862600145029e-14,1.539781933757636e-30,-9.212261071678183e-16
524.94,2.964862431732526e-14,1.5397834852052713e-30,-9.2122604032492e-16
524.98,2.96486313525182e-14,1.539777004163351e-30,-9.21229357135924e-16
525.0,2.964863295466783e-14,1.5397755282272597e-30,-9.212242778601529e-16
525.04,2.9648638888682024e-14,1.5397700616978795e-30,-9.212121102994092e-16
525.06,2.964864451212805e-14,1.53976488132773e-30,-9.211997105753077e-16
525.1,2.96486557174295e-14,1.539754559092236e-30,-9.21186047029535e-16
525.12,2.964865873391313e-14,1.5397517803462768e-30,-9.211852873151627e-16
525.16,2.9648667984322953e-14,1.5397432589703862e-30,-9.211849853186347e-16
525.18,2.964867315173798e-14,1.539738498804856e-30,-9.211928120753753e-16
525.22,2.964867777955411e-14,1.5397342357231042e-30,-9.211857872902189e-16
525.24,2.964868082987376e-14,1.5397314257970595e-30,-9.211831043385606e-16
525.28,2.9648688642739923e-14,1.5397242287577976e-30,-9.21169828597787e-16
525.3,2.9648691833972485e-14,1.5397212890630763e-30,-9.211834135991722e-16
525.34,2.964870084143326e-14,1.5397129915225408e-30,-9.211801221934495e-16
525.38,2.964870564010518e-14,1.539708571064098e-30,-9.211845446742175e-16
525.4,2.964870601210346e-14,1.5397082283877331e-30,-9.211755862319322e-16
525.44,2.9648712298074056e-14,1.5397024380165038e-30,-9.21152998022141e-16
525.46,2.964871650646262e-14,1.53969856145485e-30,-9.211542858617237e-16
525.5,2.964872092571497e-14,1.5396944906006968e-30,-9.211690976404083e-16
525.52,2.9648719840943044e-14,1.5396954898611472e-30,-9.211639438922234e-16
525.56,2.9648721526624565e-14,1.5396939370902646e-30,-9.211664343833567e-16
525.58,2.964872388424282e-14,1.5396917653451661e-30,-9.211567603277157e-16
525.62,2.9648732052438645e-14,1.5396842412503099e-30,-9.211390962194859e-16
525.66,2.964873900535236e-14,1.5396778366890486e-30,-9.211385255845807e-16
525.68,2.9648743540514717e-14,1.5396736591728886e-30,-9.211484052874087e-16
525.72,2.9648740691268214e-14,1.5396762837769392e-30,-9.211591341192474e-16
525.74,2.9648743021838665e-14,1.5396741369315324e-30,-9.211688996923933e-16
525.78,2.9648747253249515e-14,1.5396702390581414e-30,-9.211736558370272e-16
525.8,2.964874901457081e-14,1.5396686165839349e-30,-9.211663519768955e-16
525.84,2.964876061722667e-14,1.5396579287326126e-30,-9.211428887008677e-16
525.86,2.964876469597917e-14,1.5396541716859817e-30,-9.211199364453528e-16
525.9,2.9648769235491476e-14,1.53964999025121e-30,-9.211184008576604e-16
525.94,2.964877524182636e-14,1.539644457665756e-30,-9.211223443533516e-16
525.96,2.964877973152045e-14,1.5396403220931087e-30,-9.211171178077887e-16
526.0,2.964878610091561e-14,1.5396344550743455e-30,-9.211341215835421e-16
526.02,2.964878419867349e-14,1.5396362072929829e-30,-9.211303921695702e-16
526.06,2.964878476154111e-14,1.5396356888212032e-30,-9.211237832539759e-16
526.08,2.964878917026082e-14,1.5396316278178845e-30,-9.211361017821706e-16
526.12,2.964879886664997e-14,1.5396226962609291e-30,-9.211160759303662e-16
526.16,2.964880437528137e-14,1.5396176221496944e-30,-9.211129569211382e-16
526.18,2.9648804797102336e-14,1.5396172336042653e-30,-9.211130752775212e-16
526.22,2.9648808066862164e-14,1.5396142217596619e-30,-9.211265953392613e-16
526.24,2.964881165152671e-14,1.539610919823335e-30,-9.211309105190585e-16
526.28,2.9648813595600943e-14,1.5396091290735564e-30,-9.211424160442225e-16
526.3,2.964881348445123e-14,1.539609231457226e-30,-9.211448665722776e-16
526.34,2.9648817088907575e-14,1.5396059112445498e-30,-9.211272258967666e-16
526.36,2.9648816219117057e-14,1.5396067124363857e-30,-9.211270098665293e-16
526.4,2.9648826170978194e-14,1.539597545524839e-30,-9.211248360299693e-16
526.44,2.964883201502841e-14,1.5395921624370165e-30,-9.210929259778676e-16
526.46,2.9648836903213324e-14,1.5395876600061856e-30,-9.210808748590047e-16
526.5,2.9648845206616774e-14,1.5395800119706242e-30,-9.21079029510626e-16
526.52,2.964884901103902e-14,1.5395765077913352e-30,-9.210671847176228e-16
526.56,2.964885235294222e-14,1.5395734296907135e-30,-9.21059469481896e-16
526.58,2.964885497819549e-14,1.5395710116585033e-30,-9.210651878171997e-16
526.62,2.9648857725903257e-14,1.5395684808340392e-30,-9.21073661629856e-16
526.64,2.9648861998509787e-14,1.5395645454046393e-30,-9.210815155962078e-16
526.68,2.9648866336716146e-14,1.5395605495628596e-30,-9.210997798300399e-16
526.7,2.964886882117239e-14,1.5395582611349025e-30,-9.21095339278567e-16
526.74,2.9648869518327154e-14,1.5395576189987337e-30,-9.21085710579241e-16
526.78,2.9648881098747486e-14,1.5395469523876292e-30,-9.210948745035573e-16
526.8,2.964888377552413e-14,1.5395444868409362e-30,-9.210831477493418e-16
526.84,2.9648890160787513e-14,1.5395386054739098e-30,-9.21085785874484e-16
526.86,2.964889238580062e-14,1.5395365560318002e-30,-9.210818290111818e-16
526.9,2.9648899615617926e-14,1.5395298968100035e-30,-9.210592579395988e-16
526.92,2.9648903210444935e-14,1.5395265857904892e-30,-9.210525991523916e-16
526.96,2.9648910205176814e-14,1.5395201433578684e-30,-9.210306214022174e-16
527.0,2.9648915678406524e-14,1.53951510236438e-30,-9.210213697705944e-16
527.02,2.964891467301541e-14,1.5395160283464119e-30,-9.21011459491281e-16
527.06,2.9648917794492884e-14,1.5395131534334473e-30,-9.210098245667209e-16
527.08,2.964891794899138e-14,1.5395130111437324e-30,-9.210158919873797e-16
527.12,2.9648931158203014e-14,1.5395008453349026e-30,-9.21015062735313e-16
527.14,2.964893141199351e-14,1.5395006115630184e-30,-9.210037136412509e-16
527.18,2.964893913957195e-14,1.539493494480891e-30,-9.2099361916675e-16
527.22,2.964894561189885e-14,1.5394875335645118e-30,-9.209736797333325e-16
527.24,2.964895139785509e-14,1.5394822048752296e-30,-9.209653253594552e-16
527.28,2.9648953303147897e-14,1.539480450291046e-30,-9.209395218706279e-16
527.3,2.964895623198039e-14,1.539477753008444e-30,-9.209466611446663e-16
527.34,2.964895628480012e-14,1.5394777043822843e-30,-9.209238288946324e-16
527.36,2.9648961313985203e-14,1.5394730728926823e-30,-9.209139400254931e-16
527.4,2.964895932139734e-14,1.5394749078906484e-30,-9.209037773606408e-16
527.44,2.964896917875479e-14,1.5394658304144798e-30,-9.20883577576603e-16
527.46,2.964897064406734e-14,1.5394644810318792e-30,-9.208761308345288e-16
527.5,2.96489758881537e-14,1.5394596519340866e-30,-9.208643122333802e-16
527.52,2.964898274582791e-14,1.5394533369637696e-30,-9.20857089936086e-16
527.56,2.964899685335365e-14,1.5394403460645795e-30,-9.208486695036276e-16
527.58,2.964900440800573e-14,1.5394333893785374e-30,-9.208519332320393e-16
527.62,2.964900967265565e-14,1.5394285414186359e-30,-9.2085122806489e-16
527.66,2.964901567132751e-14,1.5394230175832331e-30,-9.208398231244771e-16
527.68,2.964901630254493e-14,1.5394224363359577e-30,-9.208341432241018e-16
527.72,2.9649020126925124e-14,1.5394189147199469e-30,-9.208262591646786e-16
527.76,2.964902694998903e-14,1.5394126318899018e-30,-9.208313109784346e-16
527.78,2.964903339050871e-14,1.5394067012456804e-30,-9.208288835718453e-16
527.82,2.964904146666654e-14,1.5393992645368185e-30,-9.208108862800395e-16
527.84,2.9649047504946135e-14,1.539393704472793e-30,-9.207941445547438e-16
527.88,2.964905560617326e-14,1.539386244872291e-30,-9.208024982850367e-16
527.9,2.9649059151167274e-14,1.5393829806451112e-30,-9.20788585610916e-16
527.94,2.9649061631717115e-14,1.539380696597832e-30,-9.207893735882338e-16
527.98,2.964906557402231e-14,1.5393770666041711e-30,-9.207719408212585e-16
528.0,2.96490678051083e-14,1.5393750122882513e-30,-9.207696322928678e-16
528.04,2.964907762416044e-14,1.5393659711782486e-30,-9.207727548108072e-16
528.06,2.9649079537612374e-14,1.5393642093124615e-30,-9.207776369868886e-16
528.1,2.964908503196737e-14,1.5393591502310005e-30,-9.207651032609099e-16
528.12,2.964908505071536e-14,1.5393591329706208e-30,-9.207642091539376e-16
528.16,2.964909144370958e-14,1.5393532465575806e-30,-9.207649501112644e-16
528.2,2.964909581981317e-14,1.539349217175346e-30,-9.20763491285686e-16
528.22,2.964909741341551e-14,1.5393477498487904e-30,-9.207729550153745e-16
528.26,2.964909949489017e-14,1.539345833281699e-30,-9.207756840508354e-16
528.28,2.964910190133e-14,1.5393436174904518e-30,-9.20766810020627e-16
528.32,2.964910615577805e-14,1.5393397001415813e-30,-9.207689622846812e-16
528.34,2.9649110196894634e-14,1.539335979177416e-30,-9.207851949942277e-16
528.38,2.964911543417277e-14,1.539331156779212e-30,-9.20781656519999e-16
528.4,2.964911526023845e-14,1.5393313169297158e-30,-9.207891293552568e-16
528.44,2.9649120765372735e-14,1.5393262478677094e-30,-9.207913034193242e-16
528.48,2.964912316839339e-14,1.5393240351882226e-30,-9.207932128877846e-16
528.5,2.9649128819494625e-14,1.5393188316849075e-30,-9.207931103212257e-16
528.54,2.964913781638868e-14,1.5393105474086244e-30,-9.20778013003103e-16
528.56,2.964914379672565e-14,1.539305040872021e-30,-9.207715799124403e-16
528.6,2.964915114009893e-14,1.5392982793182957e-30,-9.207725692026751e-16
528.64,2.964915333814586e-14,1.5392962554036263e-30,-9.207765582210364e-16
528.66,2.964915385800142e-14,1.539295776740097e-30,-9.207714955371716e-16
528.7,2.964915775396016e-14,1.5392921894354845e-30,-9.207619783231397e-16
528.72,2.964916180563792e-14,1.539288458803562e-30,-9.207692283084577e-16
528.76,2.964916367410817e-14,1.5392867383915868e-30,-9.207323834375512e-16
528.78,2.96491657864948e-14,1.5392847934356524e-30,-9.207347248267316e-16
528.82,2.964917286345499e-14,1.5392782774349095e-30,-9.207398882378158e-16
528.86,2.9649179496856785e-14,1.5392721698530108e-30,-9.207159568629286e-16
528.88,2.964917982118437e-14,1.5392718712426063e-30,-9.20723737192081e-16
528.92,2.964918049850866e-14,1.5392712475971172e-30,-9.207309857690772e-16
528.94,2.9649183474738216e-14,1.5392685073187692e-30,-9.207173757504041e-16
528.98,2.9649184581520485e-14,1.5392674882863655e-30,-9.207158164724614e-16
529.0,2.964919217048054e-14,1.5392605010286663e-30,-9.207145157865313e-16
529.04,2.9649199867119546e-14,1.539253414597379e-30,-9.207175639085764e-16
529.08,2.9649202304515263e-14,1.5392511704884088e-30,-9.207118900524218e-16
529.1,2.964920647049686e-14,1.5392473348221844e-30,-9.207068871611528e-16
529.14,2.964921215050412e-14,1.5392421051901017e-30,-9.207026328812913e-16
529.16,2.9649216535096823e-14,1.5392380682891223e-30,-9.206881602377121e-16
529.2,2.964921740514812e-14,1.5392372672339385e-30,-9.207011731199819e-16
529.24,2.964922278559263e-14,1.5392323134813855e-30,-9.2069213471418e-16
529.26,2.964922450695912e-14,1.5392307286203479e-30,-9.20701423249505e-16
529.3,2.964923000082365e-14,1.5392256703314777e-30,-9.207243732944264e-16
529.32,2.9649229201678246e-14,1.539226406117407e-30,-9.207168191915228e-16
529.36,2.964923497659075e-14,1.5392210890496768e-30,-9.207163396005535e-16
529.4,2.9649244587041334e-14,1.5392122406178713e-30,-9.207093575360175e-16
529.42,2.964924871346655e-14,1.5392084413769811e-30,-9.20704549095538e-16
529.46,2.964925691662628e-14,1.5392008886643055e-30,-9.20713161835009e-16
529.48,2.964925754881945e-14,1.5392003065979655e-30,-9.207159130347949e-16
529.52,2.9649265761539596e-14,1.5391927451332343e-30,-9.206889056377141e-16
529.56,2.964926440236696e-14,1.5391939965132272e-30,-9.206855303916966e-16
529.58,2.964926708395138e-14,1.5391915276031419e-30,-9.206771343390161e-16
529.62,2.964927042518667e-14,1.5391884514374853e-30,-9.20672653361309e-16
529.64,2.964927343471238e-14,1.5391856806462125e-30,-9.206723927046897e-16
529.68,2.9649277626538766e-14,1.5391818213492847e-30,-9.206514267635106e-16
529.7,2.9649284904073606e-14,1.5391751212852626e-30,-9.206478581701307e-16
529.74,2.9649290426293624e-14,1.5391700372753137e-30,-9.20637353598794e-16
529.78,2.964929189227124e-14,1.5391686876392804e-30,-9.206424079235101e-16
529.8,2.964929627978549e-14,1.5391646483150675e-30,-9.206347971956027e-16
529.84,2.964931075761261e-14,1.5391513195511024e-30,-9.206293868865485e-16
529.86,2.964931546039154e-14,1.5391469900432852e-30,-9.206275945973013e-16
529.9,2.964932087975191e-14,1.5391420008345335e-30,-9.206336298179201e-16
529.94,2.964933057374433e-14,1.5391330762442284e-30,-9.206369936062536e-16
529.96,2.964933182195648e-14,1.5391319270936897e-30,-9.206321889852177e-16
530.0,2.9649344414807736e-14,1.539120333735697e-30,-9.20626025663985e-16
530.02,2.964934558487648e-14,1.5391192565403236e-30,-9.206203129982247e-16
530.06,2.9649351001235396e-14,1.5391142702252853e-30,-9.206017188979295e-16
530.1,2.964935520508985e-14,1.5391104001280976e-30,-9.20610047650914e-16
530.12,2.964935116363139e-14,1.5391141207426368e-30,-9.206141386650618e-16
530.16,2.9649358263878555e-14,1.5391075841651135e-30,-9.2061073511238e-16
530.2,2.9649366289276846e-14,1.5391001959388823e-30,-9.206004187833555e-16
530.22,2.9649368684711896e-14,1.5390979907088002e-30,-9.206004345920334e-16
530.26,2.964937800384842e-14,1.5390894115498077e-30,-9.205911787215452e-16
530.28,2.964937602657984e-14,1.5390912318069556e-30,-9.205883213988576e-16
530.32,2.96493846723014e-14,1.5390832726313405e-30,-9.205926266767307e-16
530.36,2.964939282613019e-14,1.539075766344071e-30,-9.205809476455234e-16
530.38,2.9649395550438785e-14,1.5390732583822556e-30,-9.205873162809176e-16
530.42,2.964940374416884e-14,1.5390657152324748e-30,-9.206025465803364e-16
530.44,2.9649405979100864e-14,1.5390636577585424e-30,-9.205964473014984e-16
530.48,2.9649409135612344e-14,1.5390607519085917e-30,-9.205921551066783e-16
530.52,2.964941857020313e-14,1.5390520664860367e-30,-9.205888871650868e-16
530.54,2.9649416872796074e-14,1.5390536290937473e-30,-9.205786471838351e-16
530.58,2.9649421723461435e-14,1.5390491636600548e-30,-9.205776284754625e-16
530.62,2.9649429665419585e-14,1.5390418524855153e-30,-9.205756005920698e-16
530.64,2.964943268122096e-14,1.5390390762335434e-30,-9.205655042266378e-16
530.68,2.964943714707134e-14,1.5390349651527624e-30,-9.20558442458704e-16
530.72,2.964944326795686e-14,1.5390293305084944e-30,-9.205612236989127e-16
530.74,2.964944560939405e-14,1.5390271750756447e-30,-9.205601501954727e-16
530.78,2.964945509393031e-14,1.5390184439877773e-30,-9.205525145996088e-16
530.8,2.964945777915289e-14,1.5390159721047286e-30,-9.205490477378417e-16
530.84,2.964946025170333e-14,1.5390136960008737e-30,-9.205308949006673e-16
530.88,2.9649458921296125e-14,1.5390149206826422e-30,-9.205327297801992e-16
530.9,2.9649458600241563e-14,1.5390152162244103e-30,-9.205247064572755e-16
530.94,2.964946338156255e-14,1.5390108148973536e-30,-9.205095314472873e-16
530.96,2.9649470660341226e-14,1.5390041146137307e-30,-9.205267916550733e-16
531.0,2.964947625716311e-14,1.5389989626212727e-30,-9.205175746283959e-16
531.04,2.964947902611631e-14,1.5389964137678429e-30,-9.20508254588191e-16
531.06,2.9649478252181575e-14,1.5389971261808525e-30,-9.205156660404778e-16
531.1,2.964948397984631e-14,1.5389918537892787e-30,-9.204893552176422e-16
531.12,2.9649485257635e-14,1.5389906776062757e-30,-9.204966720481776e-16
531.16,2.9649490085514317e-14,1.5389862335864007e-30,-9.204796189722464e-16
531.18,2.964949247278476e-14,1.5389840361656915e-30,-9.204721179026628e-16
531.22,2.964950192639064e-14,1.538975334328454e-30,-9.204827442310987e-16
531.26,2.964950771689339e-14,1.5389700042910703e-30,-9.204744865428066e-16
531.28,2.964951253773549e-14,1.538965566845559e-30,-9.204662740884614e-16
531.32,2.9649521665384745e-14,1.5389571651238913e-30,-9.204783228307704e-16
531.36,2.964952518870399e-14,1.538953922010071e-30,-9.204570728314132e-16
531.38,2.964952106975493e-14,1.5389577133280317e-30,-9.204560463392711e-16
531.42,2.964952484934494e-14,1.5389542343896416e-30,-9.204564767870459e-16
531.44,2.9649531535730903e-14,1.5389480798470164e-30,-9.204608705441576e-16
531.48,2.9649531637233264e-14,1.5389479864261215e-30,-9.20459734493388e-16
531.52,2.96495395714825e-14,1.5389406832636863e-30,-9.204715951060342e-16
531.54,2.9649544740198006e-14,1.5389359256405928e-30,-9.204631624023712e-16
531.58,2.964955385373896e-14,1.5389275370020864e-30,-9.204573235854932e-16
531.62,2.964955530359054e-14,1.538926202484645e-30,-9.204544085576146e-16
531.64,2.964956192387108e-14,1.5389201088507797e-30,-9.204524854350447e-16
531.68,2.9649563243053247e-14,1.538918894602663e-30,-9.204463012035707e-16
531.7,2.964957208761263e-14,1.5389107536163779e-30,-9.204560713064821e-16
531.74,2.9649576989451755e-14,1.5389062416953742e-30,-9.204495830248543e-16
531.78,2.9649586233901023e-14,1.538897732637352e-30,-9.2045860233033e-16
531.8,2.964958789523121e-14,1.5388962034614394e-30,-9.204560803891426e-16
531.84,2.964959211253586e-14,1.5388923216240156e-30,-9.204492744003643e-16
531.88,2.964959431896374e-14,1.5388902906803274e-30,-9.204617691993074e-16
531.9,2.964959425051412e-14,1.5388903536809872e-30,-9.204598411988004e-16
531.94,2.9649596527774226e-14,1.5388882575622959e-30,-9.204557202384829e-16
531.96,2.964960345579585e-14,1.5388818806510458e-30,-9.204539684811772e-16
532.0,2.96496102688224e-14,1.5388756095214206e-30,-9.204481567720843e-16
532.04,2.964961007645453e-14,1.5388757865805564e-30,-9.204434185781695e-16
532.06,2.964961246002074e-14,1.5388735926279476e-30,-9.204604946401034e-16
532.1,2.9649614655856765e-14,1.538871571450525e-30,-9.204497422287863e-16
532.12,2.9649621512871156e-14,1.5388652599328424e-30,-9.204468602519077e-16
532.16,2.9649629864657364e-14,1.538857572532606e-30,-9.204431461190235e-16
532.2,2.964963888375165e-14,1.538849270860457e-30,-9.20447458105638e-16
532.22,2.964964313055399e-14,1.5388453618906526e-30,-9.204375119237975e-16
532.26,2.964964935067658e-14,1.5388396366324819e-30,-9.20447364606057e-16
532.28,2.964965139676582e-14,1.538837753318684e-30,-9.204458569021363e-16
532.32,2.964965689649367e-14,1.5388326911746807e-30,-9.204350806932207e-16
532.36,2.964966156689951e-14,1.5388283923829161e-30,-9.20430492868201e-16
532.38,2.964965907043995e-14,1.5388306902091032e-30,-9.204322136874075e-16
532.42,2.964966859151222e-14,1.5388219266911408e-30,-9.204347838320983e-16
532.46,2.96496747730904e-14,1.538816236840297e-30,-9.204675048151772e-16
532.48,2.9649679445815924e-14,1.5388119357333599e-30,-9.204718945462742e-16
532.52,2.9649683654143896e-14,1.5388080620871911e-30,-9.20482762456736e-16
532.56,2.9649694143026077e-14,1.5387984072545703e-30,-9.204943279214605e-16
532.58,2.964969410380382e-14,1.5387984433538897e-30,-9.20501458996126e-16
532.62,2.9649702170307984e-14,1.538791018166554e-30,-9.204889422548748e-16
532.66,2.9649706923270176e-14,1.5387866431047468e-30,-9.2050085462022e-16
532.68,2.9649708557564945e-14,1.5387851387344758e-30,-9.205038027779531e-16
532.72,2.964971799979653e-14,1.5387764470541195e-30,-9.205016528848836e-16
532.76,2.9649724250482325e-14,1.5387706932570299e-30,-9.205023844409448e-16
532.78,2.9649724806215086e-14,1.5387701816980768e-30,-9.20490503700765e-16
532.82,2.964972626450677e-14,1.5387688393542781e-30,-9.205027761302477e-16
532.86,2.96497327761199e-14,1.5387628453985863e-30,-9.204923648604407e-16
532.88,2.964973964507346e-14,1.5387565225601364e-30,-9.204962190792602e-16
532.92,2.964974743066286e-14,1.5387493559435635e-30,-9.2049444380325e-16
532.96,2.964975043734209e-14,1.5387465883129642e-30,-9.205091423705024e-16
532.98,2.964975594918005e-14,1.5387415145701265e-30,-9.205191300789906e-16
533.02,2.964976452361797e-14,1.538733621704515e-30,-9.205049793972043e-16
533.06,2.9649767496077764e-14,1.5387308856146292e-30,-9.20488891170341e-16
533.08,2.964976958705552e-14,1.5387289608851468e-30,-9.20496145968736e-16
533.12,2.96497749484861e-14,1.538724025678363e-30,-9.204969616519375e-16
533.16,2.9649780757493246e-14,1.5387186785880449e-30,-9.204831946763554e-16
533.18,2.9649781712494733e-14,1.538717799530396e-30,-9.204748369369924e-16
533.22,2.964978746923645e-14,1.5387125006204746e-30,-9.204623772635483e-16
533.26,2.9649792853026957e-14,1.5387075450260102e-30,-9.204664676562315e-16
533.28,2.9649794221775235e-14,1.5387062851372466e-30,-9.204638113655475e-16
533.32,2.964979609504316e-14,1.5387045609123091e-30,-9.20452578651472e-16
533.34,2.964979863452887e-14,1.5387022234336277e-30,-9.204415788678743e-16
533.38,2.96498085522926e-14,1.538693094672379e-30,-9.204333517302402e-16
533.42,2.964981348810753e-14,1.538688551562328e-30,-9.204212855441025e-16
533.44,2.9649818712796097e-14,1.5386837426098527e-30,-9.204322168522543e-16
533.48,2.964982249134084e-14,1.5386802646980286e-30,-9.204194274543894e-16
533.52,2.964982901105254e-14,1.5386742638712023e-30,-9.204138462480706e-16
533.54,2.9649831862293806e-14,1.53867163956622e-30,-9.203959055331955e-16
533.58,2.964984205829969e-14,1.5386622551977e-30,-9.20395633359349e-16
533.62,2.964984305374652e-14,1.5386613389971039e-30,-9.203728672131768e-16
533.64,2.964984276753221e-14,1.5386616024301487e-30,-9.203661266367131e-16
533.68,2.9649846390598893e-14,1.5386582678997436e-30,-9.203565222857052e-16
533.7,2.964984330613709e-14,1.5386611067049925e-30,-9.203614107016448e-16
533.74,2.964984846837047e-14,1.5386563555734255e-30,-9.203635174076248e-16
533.78,2.964985664191204e-14,1.5386488329576825e-30,-9.203570229687482e-16
533.8,2.96498574256738e-14,1.5386481116096122e-30,-9.20347930440793e-16
533.84,2.964986399798635e-14,1.538642062799683e-30,-9.203464006219142e-16
533.88,2.9649870087935704e-14,1.5386364579008569e-30,-9.203548509964086e-16
533.9,2.9649872068259815e-14,1.5386346353031017e-30,-9.203498959480074e-16
533.94,2.9649878484561214e-14,1.5386287300197094e-30,-9.203466547774993e-16
533.98,2.964988295718607e-14,1.5386246136768016e-30,-9.203460394990938e-16
534.0,2.964988426658652e-14,1.5386234085702057e-30,-9.203372092981078e-16
534.04,2.964988914495131e-14,1.5386189188488457e-30,-9.203301363370108e-16
534.08,2.964990368895582e-14,1.5386055335934162e-30,-9.203183585714836e-16
534.12,2.9649917400334516e-14,1.5385929146474172e-30,-9.203282711723988e-16
534.14,2.9649917769497047e-14,1.5385925749085381e-30,-9.20323565135752e-16
534.18,2.964992464659635e-14,1.538586245768123e-30,-9.203123764680565e-16
534.22,2.964993394626192e-14,1.538577687131041e-30,-9.203172587173757e-16
534.24,2.9649935041042727e-14,1.5385766795915639e-30,-9.203145619713485e-16
534.28,2.9649935347300997e-14,1.5385763977441423e-30,-9.203161866687373e-16
534.3,2.964993832294804e-14,1.5385736592002481e-30,-9.203214757455845e-16
534.34,2.9649941536415125e-14,1.5385707018174832e-30,-9.203016490910351e-16
534.38,2.9649943364698136e-14,1.5385690192522636e-30,-9.2029458571687e-16
534.4,2.9649944480485246e-14,1.5385679923964886e-30,-9.203006019639168e-16
534.44,2.964995614577877e-14,1.5385572567229617e-30,-9.20308966891191e-16
534.48,2.964996673896347e-14,1.5385475077157961e-30,-9.2029685043688e-16
534.5,2.964996863214697e-14,1.5385457654192666e-30,-9.203074067139627e-16
534.54,2.9649972654653966e-14,1.5385420634467085e-30,-9.203153314005902e-16
534.58,2.964998564774102e-14,1.5385301057168695e-30,-9.203141577708378e-16
534.6,2.96499933006821e-14,1.5385230626330881e-30,-9.203054728561003e-16
534.64,2.9650004907149813e-14,1.5385123811505466e-30,-9.203044988551257e-16
534.66,2.9650007389056395e-14,1.5385100970409976e-30,-9.203030433256607e-16
534.7,2.9650014014461224e-14,1.5385039996843625e-30,-9.202885333283344e-16
534.74,2.96500149884576e-14,1.5385031033321892e-30,-9.202882432229852e-16
534.76,2.965001910321419e-14,1.5384993165615138e-30,-9.202972086757353e-16
534.8,2.9650026336445447e-14,1.5384926598552477e-30,-9.202915144365036e-16
534.84,2.9650026175752694e-14,1.5384928077241016e-30,-9.202961939109415e-16
534.86,2.965002444333822e-14,1.5384944020589708e-30,-9.202950447412573e-16
534.9,2.9650030187254096e-14,1.5384891159630953e-30,-9.202831015174405e-16
534.92,2.965002985620607e-14,1.5384894206177453e-30,-9.202580520023972e-16
534.96,2.9650031930994316e-14,1.5384875112655264e-30,-9.202707688762402e-16
535.0,2.965002840983129e-14,1.5384907516766806e-30,-9.202650901369734e-16
535.02,2.9650030737023845e-14,1.5384886100406124e-30,-9.202703200443776e-16
535.06,2.965003330239263e-14,1.5384862492348887e-30,-9.202582870170771e-16
535.1,2.965003213914301e-14,1.5384873197189922e-30,-9.202527566838143e-16
535.12,2.96500343781492e-14,1.5384852592743008e-30,-9.202548107850308e-16
535.16,2.965004573626684e-14,1.538474806919138e-30,-9.20250888187259e-16
535.2,2.965004971474919e-14,1.5384711457060111e-30,-9.202470055843405e-16
535.22,2.9650052412544045e-14,1.5384686630963635e-30,-9.2023299550756e-16
535.26,2.965005942104913e-14,1.5384622137220034e-30,-9.202120609093551e-16
535.3,2.96500664871623e-14,1.5384557113507961e-30,-9.202137592214291e-16
535.32,2.9650074057309436e-14,1.5384487452614873e-30,-9.202088462185095e-16
535.36,2.965008831790033e-14,1.5384356225817815e-30,-9.202063338320684e-16
535.4,2.965009400982729e-14,1.5384303848520197e-30,-9.202086790970645e-16
535.44,2.965010003062536e-14,1.5384248444857873e-30,-9.202086788242607e-16
535.46,2.9650104551533186e-14,1.5384206843442688e-30,-9.201986907269745e-16
535.5,2.965010739298591e-14,1.5384180696485197e-30,-9.201977400094189e-16
535.54,2.9650113337390594e-14,1.5384125995384529e-30,-9.20214413971768e-16
535.56,2.965011682950165e-14,1.5384093860945204e-30,-9.201903598747837e-16
535.6,2.965012163714564e-14,1.538404962129172e-30,-9.201917692815711e-16
535.64,2.965013242496756e-14,1.5383950353557248e-30,-9.20176284544581e-16
535.66,2.9650134787273925e-14,1.538392861614005e-30,-9.201795061856855e-16
535.7,2.965013805187829e-14,1.5383898576325927e-30,-9.201545216798175e-16
535.74,2.965014239125522e-14,1.5383858647959264e-30,-9.20136731011209e-16
535.76,2.965014410111514e-14,1.5383842914873249e-30,-9.201381653375918e-16
535.8,2.965015416012371e-14,1.5383750357214891e-30,-9.201522363498698e-16
535.84,2.965015720606691e-14,1.5383722330189614e-30,-9.201456195648673e-16
535.86,2.9650153402282127e-14,1.5383757330554975e-30,-9.201470467680727e-16
535.9,2.965016026626988e-14,1.5383694171650471e-30,-9.201480894052787e-16
535.92,2.9650160832496476e-14,1.538368896155821e-30,-9.201456955415599e-16
535.96,2.9650167643438784e-14,1.5383626290601703e-30,-9.201575327564023e-16
536.0,2.965017752431702e-14,1.5383535371413586e-30,-9.20146463041942e-16
536.02,2.9650179074927326e-14,1.5383521103583203e-30,-9.201467646740478e-16
536.06,2.965018739773736e-14,1.5383444521587725e-30,-9.201502643944117e-16
536.1,2.965019441852716e-14,1.538337991962771e-30,-9.201320210368053e-16
536.12,2.96501928634933e-14,1.5383394227992205e-30,-9.201339780915328e-16
536.16,2.9650204252329056e-14,1.5383289435564859e-30,-9.201348503455117e-16
536.18,2.9650208519764464e-14,1.5383250169424415e-30,-9.201372396049492e-16
536.22,2.965021659973926e-14,1.538317582337065e-30,-9.201263440648079e-16
536.26,2.9650222255348636e-14,1.538312378458794e-30,-9.201294576914328e-16
536.28,2.9650227910997275e-14,1.5383071745067398e-30,-9.201343504327125e-16
536.32,2.965023116957669e-14,1.5383041762277153e-30,-9.201225349880487e-16
536.36,2.96502444900279e-14,1.5382919197475925e-30,-9.201277444380808e-16
536.38,2.9650247018911285e-14,1.5382895928818006e-30,-9.201068094717934e-16
536.42,2.9650246339009874e-14,1.5382902184592544e-30,-9.20102224363374e-16
536.46,2.965025276298985e-14,1.538284307733968e-30,-9.2009597376885e-16
536.48,2.9650256188104315e-14,1.5382811562805093e-30,-9.200996302513691e-16
536.52,2.965025847750453e-14,1.5382790498216805e-30,-9.201050180985557e-16
536.56,2.965026109069466e-14,1.5382766454089128e-30,-9.20110008846794e-16
536.58,2.965025945123455e-14,1.538278153896325e-30,-9.201038008091861e-16
536.62,2.9650272445318425e-14,1.5382661980060874e-30,-9.20104302245181e-16
536.66,2.965027783433848e-14,1.5382612395372632e-30,-9.201046963160078e-16
536.68,2.965027954792347e-14,1.5382596628718149e-30,-9.20085094685073e-16
536.72,2.9650285499046356e-14,1.5382541873212893e-30,-9.200859545588266e-16
536.76,2.965028995226434e-14,1.5382500899907037e-30,-9.200832457091646e-16
536.78,2.965029111488869e-14,1.5382490202908839e-30,-9.200831592384131e-16
536.82,2.9650298238374784e-14,1.5382424660797875e-30,-9.200824389597655e-16
536.86,2.965031157771207e-14,1.5382301928214789e-30,-9.200844212059772e-16
536.88,2.965031592323837e-14,1.5382261945840996e-30,-9.200776334884007e-16
536.92,2.9650326316660704e-14,1.5382166319195276e-30,-9.200625357838624e-16
536.96,2.965033328564618e-14,1.538210220051068e-30,-9.200684093309097e-16
536.98,2.9650334646030035e-14,1.538208968427036e-30,-9.200529341792422e-16
537.02,2.9650344474108603e-14,1.5381999260240384e-30,-9.200525230617624e-16
537.06,2.9650351446926595e-14,1.5381935107336214e-30,-9.200407463862516e-16
537.1,2.9650355438304805e-14,1.53818983860311e-30,-9.200133784364287e-16
537.12,2.9650357930232754e-14,1.5381875460179576e-30,-9.199985803002888e-16
537.16,2.9650368569013993e-14,1.5381777584855187e-30,-9.199820385707174e-16
537.2,2.965038112777972e-14,1.5381662045373597e-30,-9.199884546171252e-16
537.22,2.965038349152863e-14,1.538164029933416e-30,-9.19996049886041e-16
537.26,2.965038664203951e-14,1.5381611314918446e-30,-9.199881972582127e-16
537.28,2.9650391284559784e-14,1.5381568604215551e-30,-9.199854775081969e-16
537.32,2.9650401642117784e-14,1.5381473316722326e-30,-9.19982039228154e-16
537.36,2.9650409238982534e-14,1.5381403427555421e-30,-9.199733805853719e-16
537.4,2.965041574983409e-14,1.538134352958747e-30,-9.199375908105776e-16
537.42,2.965041799050122e-14,1.5381322917068249e-30,-9.199225113644301e-16
537.46,2.9650420361852004e-14,1.5381301102280084e-30,-9.19942444124179e-16
537.5,2.9650424683427693e-14,1.5381261346081069e-30,-9.199464605398058e-16
537.52,2.965042840025669e-14,1.5381227152924607e-30,-9.199586494934317e-16
537.56,2.9650430012451346e-14,1.5381212321319176e-30,-9.199552467096526e-16
537.6,2.9650434276704615e-14,1.5381173091743405e-30,-9.199748366641997e-16
537.64,2.9650446167109025e-14,1.538106370296216e-30,-9.199727522901146e-16
537.66,2.965045305792976e-14,1.5381000309462692e-30,-9.19962790770357e-16
537.7,2.965045885431047e-14,1.5380946985586231e-30,-9.199436898418869e-16
537.74,2.965046558839276e-14,1.5380885036612767e-30,-9.199297647245897e-16
537.76,2.96504679173899e-14,1.5380863611571538e-30,-9.199256967224296e-16
537.8,2.965046584724952e-14,1.5380882655220588e-30,-9.19920367479199e-16
537.84,2.96504680035684e-14,1.5380862818776422e-30,-9.199107380562825e-16
537.86,2.9650470620943565e-14,1.5380838741220038e-30,-9.199140590579996e-16
537.9,2.965047928088521e-14,1.5380759077616936e-30,-9.199085076463418e-16
537.94,2.9650484998087637e-14,1.5380706484520022e-30,-9.19899853899609e-16
537.98,2.9650484749935195e-14,1.5380708767054446e-30,-9.198876408235791e-16
538.0,2.965048798617834e-14,1.5380678997133257e-30,-9.198952385413874e-16
538.04,2.965049180870371e-14,1.538064383376499e-30,-9.19901965181929e-16
538.08,2.965049327068093e-14,1.5380630385115947e-30,-9.199037194181511e-16
538.1,2.965049818914598e-14,1.5380585139994183e-30,-9.199004945581154e-16
538.14,2.965050224652892e-14,1.5380547816012145e-30,-9.199132458525786e-16
538.18,2.9650503822732e-14,1.5380533316458776e-30,-9.198911290219827e-16
538.22,2.9650504686368495e-14,1.5380525371360948e-30,-9.198715965946439e-16
538.24,2.9650510567100734e-14,1.5380471276099893e-30,-9.198736819690045e-16
538.28,2.965050396435595e-14,1.538053201342761e-30,-9.198772997583853e-16
538.32,2.96505112631986e-14,1.538046487255181e-30,-9.198878974197106e-16
538.36,2.9650516215615653e-14,1.5380419316230349e-30,-9.198755655246622e-16
538.38,2.965052760020215e-14,1.5380314592545967e-30,-9.198748601387145e-16
538.42,2.965054204377124e-14,1.5380181730717268e-30,-9.198649681091144e-16
538.46,2.965054998383124e-14,1.5380108692829296e-30,-9.198680312419046e-16
538.48,2.965055080193604e-14,1.538010116731452e-30,-9.198606703600982e-16
538.52,2.965055594128731e-14,1.5380053892715142e-30,-9.198396672665998e-16
538.56,2.96505600111026e-14,1.53800164569918e-30,-9.198274094421825e-16
538.58,2.965056045394291e-14,1.5380012383681498e-30,-9.198283010005345e-16
538.62,2.965056265932179e-14,1.5379992097720299e-30,-9.198280710091473e-16
538.66,2.96505684440954e-14,1.5379938887686809e-30,-9.198386599116868e-16
538.7,2.9650579093998086e-14,1.5379840925038623e-30,-9.198509335559522e-16
538.72,2.965058037343696e-14,1.5379829156187073e-30,-9.198339041418407e-16
538.76,2.9650592876922634e-14,1.537971414567622e-30,-9.198201944257747e-16
538.8,2.9650592066358436e-14,1.5379721601390914e-30,-9.198245088204818e-16
538.82,2.965059660504069e-14,1.5379679853360984e-30,-9.19827139076768e-16
538.86,2.965059947491551e-14,1.5379653455681403e-30,-9.19816414946067e-16
538.9,2.965060300162555e-14,1.5379621016226516e-30,-9.198146956819578e-16
538.94,2.9650602390801084e-14,1.5379626634708605e-30,-9.19811843254657e-16
538.96,2.965060408678198e-14,1.5379611034852169e-30,-9.198051761015641e-16
539.0,2.9650608283833185e-14,1.5379572430553e-30,-9.197852668386998e-16
539.04,2.965061531360556e-14,1.5379507771812762e-30,-9.197843080811055e-16
539.06,2.9650616955616377e-14,1.5379492668666493e-30,-9.1979270928956e-16
539.1,2.965061950809592e-14,1.5379469191176064e-30,-9.1978286871245e-16
539.14,2.9650625586132904e-14,1.5379413286734531e-30,-9.197789965392194e-16
539.18,2.965062978367507e-14,1.5379374678311381e-30,-9.197632647181353e-16
539.2,2.965062879450789e-14,1.5379383776259033e-30,-9.197681807755716e-16
539.24,2.965063297135629e-14,1.537934535864488e-30,-9.197742889013743e-16
539.28,2.9650637400517414e-14,1.5379304620719411e-30,-9.19754377347437e-16
539.3,2.965064533166704e-14,1.5379231673820601e-30,-9.197581276697413e-16
539.34,2.9650649586397225e-14,1.5379192540576967e-30,-9.197600476380824e-16
539.38,2.9650656343375224e-14,1.537913039301606e-30,-9.197461708571486e-16
539.42,2.965067012297816e-14,1.5379003655270047e-30,-9.197544980595323e-16
539.44,2.9650675517877456e-14,1.5378954035598809e-30,-9.197471854637127e-16
539.48,2.965067690289716e-14,1.5378941296795542e-30,-9.197508087599578e-16
539.52,2.965068260554469e-14,1.5378888846147715e-30,-9.197637128519664e-16
539.56,2.9650693955891694e-14,1.5378784449727942e-30,-9.197693701246555e-16
539.58,2.965069528876872e-14,1.5378772190234969e-30,-9.19779854378343e-16
539.62,2.965069984322295e-14,1.5378730299576106e-30,-9.197698078849972e-16
539.66,2.965070864553521e-14,1.5378649338810441e-30,-9.197636102631931e-16
539.7,2.9650717913123684e-14,1.5378564098052565e-30,-9.197762456209306e-16
539.72,2.965071894436974e-14,1.537855461301498e-30,-9.197791243645839e-16
539.76,2.9650729938746124e-14,1.5378453489471336e-30,-9.19769414741303e-16
539.8,2.965073177280751e-14,1.5378436620207739e-30,-9.197795787540189e-16
539.82,2.9650736660752316e-14,1.5378391662208495e-30,-9.197650587994062e-16
539.86,2.965074609337951e-14,1.5378304904069487e-30,-9.19769750646875e-16
539.9,2.965075409029886e-14,1.5378231350639955e-30,-9.197700567912021e-16
539.94,2.9650757453097446e-14,1.5378200421017516e-30,-9.197508522041056e-16
539.96,2.965075918250682e-14,1.537818451468425e-30,-9.197544379394014e-16
540.0,2.965077212698397e-14,1.537806545639101e-30,-9.197627478223282e-16
540.04,2.965078055677538e-14,1.5377987921761115e-30,-9.197760683030009e-16
540.08,2.9650783774253e-14,1.5377958327693385e-30,-9.197912848195525e-16
540.1,2.96507877785357e-14,1.5377921496458191e-30,-9.198026738761564e-16
540.14,2.9650788294537206e-14,1.5377916750186122e-30,-9.198017189194832e-16
540.18,2.965079644624362e-14,1.5377841770757406e-30,-9.198011431747e-16
540.2,2.965079867214844e-14,1.5377821297044737e-30,-9.197947748522785e-16
540.24,2.9650806054718837e-14,1.5377753391936109e-30,-9.19804610650974e-16
540.28,2.9650809840844205e-14,1.5377718567465797e-30,-9.197892314436147e-16
540.32,2.9650817607009095e-14,1.5377647135441042e-30,-9.19786648769036e-16
540.34,2.9650820715120203e-14,1.5377618547668251e-30,-9.197722790178784e-16
540.38,2.965082532930977e-14,1.5377576107693571e-30,-9.197745298006252e-16
540.42,2.965083679598723e-14,1.5377470640291121e-30,-9.197746047852779e-16
540.44,2.9650837248627815e-14,1.5377466477088623e-30,-9.19777065919142e-16
540.48,2.9650840828424765e-14,1.5377433550751206e-30,-9.197703266783776e-16
540.52,2.965084503486081e-14,1.5377394860832874e-30,-9.197916409205474e-16
540.56,2.9650850683312594e-14,1.537734290669376e-30,-9.197875898473739e-16
540.58,2.9650851688800674e-14,1.5377333658372638e-30,-9.19780753083049e-16
540.62,2.9650859012089245e-14,1.537726630112874e-30,-9.197671816305077e-16
540.66,2.9650864030937636e-14,1.5377220139915878e-30,-9.197483400732397e-16
540.68,2.965086777898684e-14,1.537718566749213e-30,-9.197378949661277e-16
540.72,2.965087460057379e-14,1.5377122927727953e-30,-9.19740847799187e-16
540.76,2.9650875930389436e-14,1.5377110696729688e-30,-9.197369444568787e-16
540.8,2.965088509726734e-14,1.5377026386848516e-30,-9.197201742709173e-16
540.82,2.965088736652457e-14,1.5377005515921895e-30,-9.197334292140514e-16
540.86,2.965089248452216e-14,1.537695844419354e-30,-9.19728508143041e-16
540.9,2.9650899953748575e-14,1.5376889747552855e-30,-9.19737189824364e-16
540.92,2.965090791781386e-14,1.5376816498630258e-30,-9.19751941758104e-16
540.96,2.965091284037099e-14,1.5376771223365735e-30,-9.197446862854538e-16
541.0,2.9650915650165903e-14,1.5376745380194104e-30,-9.197512894259078e-16
541.04,2.965092168536721e-14,1.5376689871454013e-30,-9.197497176889957e-16
541.06,2.965092499019829e-14,1.5376659474970313e-30,-9.197618373816439e-16
541.1,2.965092902824468e-14,1.5376622334874528e-30,-9.197588441225398e-16
541.14,2.9650929333369004e-14,1.537661952928108e-30,-9.197358320050566e-16
541.16,2.96509318446757e-14,1.537659643181016e-30,-9.197377072503329e-16
541.2,2.9650936006964746e-14,1.5376558149417958e-30,-9.19732039635835e-16
541.24,2.9650942110717625e-14,1.5376502011627002e-30,-9.197198374626201e-16
541.28,2.965094770153392e-14,1.5376450591055468e-30,-9.197340252498044e-16
541.3,2.965094608828507e-14,1.5376465428675645e-30,-9.197401325398562e-16
541.34,2.965094752749454e-14,1.5376452192081582e-30,-9.197331206260699e-16
541.38,2.9650954203305066e-14,1.5376390791977916e-30,-9.197322025716314e-16
541.42,2.9650965213202195e-14,1.5376289531030404e-30,-9.19724762758091e-16
541.44,2.9650966207302215e-14,1.5376280388022267e-30,-9.197245092124374e-16
541.48,2.9650975227726043e-14,1.5376197424857725e-30,-9.197267742126508e-16
541.52,2.9650980405180726e-14,1.5376149806539873e-30,-9.197195816105897e-16
541.54,2.9650981779784245e-14,1.5376137164029237e-30,-9.197146219232603e-16
541.58,2.965098831112363e-14,1.537607709462807e-30,-9.197028916836838e-16
541.62,2.965099417624747e-14,1.5376023152795133e-30,-9.197111557614652e-16
541.66,2.9650996506685116e-14,1.5376001719734003e-30,-9.197130934222052e-16
541.68,2.965100238568411e-14,1.5375947649679985e-30,-9.197153301026434e-16
541.72,2.9651007547462684e-14,1.5375900176092083e-30,-9.19718471030419e-16
541.76,2.9651017711092276e-14,1.5375806698574847e-30,-9.197276178808191e-16
541.78,2.965102560974475e-14,1.5375734052794743e-30,-9.197197095276987e-16
541.82,2.9651030463667357e-14,1.5375689410583813e-30,-9.197171299921394e-16
541.86,2.965103523630884e-14,1.5375645515660624e-30,-9.197162218087332e-16
541.9,2.965103636486433e-14,1.5375635136079685e-30,-9.197150352832034e-16
541.92,2.965104260047628e-14,1.5375577786666047e-30,-9.196970495572503e-16
541.96,2.965104599289098e-14,1.537554658679409e-30,-9.19683861741304e-16
542.0,2.9651044007117513e-14,1.5375564849767125e-30,-9.196831877302162e-16
542.02,2.965104603004619e-14,1.5375546245303285e-30,-9.196739320274556e-16
542.06,2.965105484578379e-14,1.5375465168941433e-30,-9.196808191110404e-16
542.1,2.9651059583215656e-14,1.5375421598969802e-30,-9.196995948249443e-16
542.14,2.965106431982993e-14,1.537537803601865e-30,-9.19709253341193e-16
542.16,2.9651064221344566e-14,1.5375378941869296e-30,-9.197008996571904e-16
542.2,2.965106046222503e-14,1.537541351462714e-30,-9.197109256485777e-16
542.24,2.965106317303074e-14,1.537538858353913e-30,-9.196834138150853e-16
542.28,2.9651070576884376e-14,1.5375320491915515e-30,-9.196768164341836e-16
542.3,2.965107147081479e-14,1.5375312270670035e-30,-9.196757960436913e-16
542.34,2.9651074951474434e-14,1.5375280259524684e-30,-9.196843064713108e-16
542.38,2.965107800543924e-14,1.5375252172929554e-30,-9.196818174319813e-16
542.4,2.965107970142742e-14,1.5375236575034938e-30,-9.196943371156995e-16
542.44,2.9651088728155185e-14,1.5375153556516307e-30,-9.1970098940162e-16
542.48,2.9651095905703805e-14,1.5375087544096463e-30,-9.197286483800275e-16
542.52,2.9651099202331125e-14,1.537505722392731e-30,-9.197268450216734e-16
542.54,2.965109863485039e-14,1.537506244317859e-30,-9.197232036910109e-16
542.58,2.965110169619691e-14,1.537503428722425e-30,-9.197352284370073e-16
542.62,2.965111507708581e-14,1.5374911219783615e-30,-9.19725509392266e-16
542.64,2.965111445725803e-14,1.5374916920534626e-30,-9.197151830891051e-16
542.68,2.9651124984138536e-14,1.537482010379117e-30,-9.197159751120804e-16
542.72,2.9651128106344096e-14,1.5374791389096761e-30,-9.19695950441674e-16
542.76,2.965114016941726e-14,1.5374680445707999e-30,-9.196944855198575e-16
542.78,2.965114282689012e-14,1.5374656005133118e-30,-9.196818896318446e-16
542.82,2.965115243969568e-14,1.537456759739045e-30,-9.196790278377514e-16
542.86,2.9651151993395227e-14,1.5374571701941005e-30,-9.196943981404172e-16
542.9,2.965115672514667e-14,1.537452818417792e-30,-9.196786047533779e-16
542.92,2.965116029764569e-14,1.5374495328614124e-30,-9.196732627197617e-16
542.96,2.965116857561403e-14,1.5374419197836345e-30,-9.196724684438943e-16
543.0,2.965117477842914e-14,1.5374362151587397e-30,-9.196898546858257e-16
543.04,2.965119025448046e-14,1.5374219819940781e-30,-9.19690339351963e-16
543.06,2.965119385856913e-14,1.5374186673796897e-30,-9.196789719494332e-16
543.1,2.965119187770532e-14,1.5374204891461021e-30,-9.196758321015136e-16
543.14,2.965120214297493e-14,1.5374110484598401e-30,-9.196704214903414e-16
543.16,2.9651205175309824e-14,1.5374082597252734e-30,-9.196518548052818e-16
543.2,2.9651208278990557e-14,1.5374054053726588e-30,-9.196759562442071e-16
543.24,2.965121012979455e-14,1.537403703203901e-30,-9.1968461757863e-16
543.28,2.965121786374344e-14,1.5373965904142779e-30,-9.196828817819684e-16
543.3,2.9651220450153776e-14,1.5373942117457293e-30,-9.196816069650909e-16
543.34,2.9651231455476256e-14,1.5373840902020357e-30,-9.196988843039696e-16
543.38,2.965123429194216e-14,1.5373814815588172e-30,-9.19678118227706e-16
543.42,2.9651242459620285e-14,1.5373739699628033e-30,-9.19678257663336e-16
543.44,2.965124681265157e-14,1.5373699665661847e-30,-9.196759075392722e-16
543.48,2.96512520715648e-14,1.5373651300406317e-30,-9.196852888949532e-16
543.52,2.965126033250643e-14,1.5373575326024901e-30,-9.196860378988979e-16
543.56,2.9651266297862055e-14,1.5373520463689243e-30,-9.196744875662136e-16
543.58,2.965126681050061e-14,1.5373515749101243e-30,-9.196760874071474e-16
543.62,2.965127390365579e-14,1.5373450514656527e-30,-9.196841749060199e-16
543.66,2.9651274554332283e-14,1.5373444530397955e-30,-9.19678078718633e-16
543.7,2.9651287324039214e-14,1.537332709102307e-30,-9.196696213275207e-16
543.72,2.965128971222652e-14,1.5373305127708711e-30,-9.196569105149063e-16
543.76,2.9651296704559536e-14,1.5373240822145335e-30,-9.196668688773744e-16
543.8,2.9651303196403846e-14,1.5373181118435043e-30,-9.196688084886202e-16
543.84,2.965130986755116e-14,1.5373119765848526e-30,-9.196683094598817e-16
543.86,2.965131102971502e-14,1.5373109077790603e-30,-9.196544599918052e-16
543.9,2.965131401292207e-14,1.5373081642582245e-30,-9.196558179766629e-16
543.94,2.9651317457801525e-14,1.5373049962282888e-30,-9.196344595205275e-16
543.98,2.9651328909653085e-14,1.5372944646899995e-30,-9.196364030813632e-16
544.0,2.965133314790564e-14,1.5372905670480125e-30,-9.196285248304965e-16
544.04,2.9651336764765904e-14,1.5372872409326714e-30,-9.19618254352529e-16
544.08,2.9651331500538074e-14,1.5372920820768204e-30,-9.196376635687086e-16
544.12,2.9651340719137154e-14,1.5372836043595975e-30,-9.196122416762296e-16
544.14,2.9651343740988985e-14,1.537280825415736e-30,-9.196074330847621e-16
544.18,2.965134620654494e-14,1.537278558050714e-30,-9.196110549277835e-16
544.22,2.9651351470091826e-14,1.5372737176879409e-30,-9.19591194034462e-16
544.26,2.96513540434174e-14,1.53727135121689e-30,-9.195889478524625e-16
544.28,2.965135597323142e-14,1.5372695765864688e-30,-9.195805182045468e-16
544.32,2.965135518280547e-14,1.5372703034260407e-30,-9.195836080432763e-16
544.36,2.9651363919484046e-14,1.5372622693538008e-30,-9.195829498946824e-16
544.4,2.965136648644767e-14,1.5372599088222764e-30,-9.195809942428336e-16
544.42,2.965137199051342e-14,1.5372548473888175e-30,-9.195864242632657e-16
544.46,2.9651381209224835e-14,1.5372463699482239e-30,-9.195818514206078e-16
544.5,2.965138323999778e-14,1.5372445024874532e-30,-9.195801551220382e-16
544.54,2.9651393117481357e-14,1.5372354193878461e-30,-9.19570219647044e-16
544.56,2.9651392921686433e-14,1.5372355994334529e-30,-9.195802420984337e-16
544.6,2.9651391764304183e-14,1.537236663731414e-30,-9.195728310022229e-16
544.64,2.96514014319799e-14,1.5372277735452715e-30,-9.195696587992836e-16
544.68,2.965140612953892e-14,1.5372234538170256e-30,-9.1955611515248e-16
544.7,2.965141043296035e-14,1.5372194965807079e-30,-9.19554776565696e-16
544.74,2.9651413663085733e-14,1.5372165262933747e-30,-9.195525467811801e-16
544.78,2.96514195083279e-14,1.5372111512968061e-30,-9.195471488689804e-16
544.8,2.965142343624242e-14,1.5372075393585738e-30,-9.19557772746252e-16
544.84,2.9651433501202605e-14,1.537198284034834e-30,-9.195555554770142e-16
544.88,2.9651441402105026e-14,1.53719101878604e-30,-9.19545510542789e-16
544.92,2.96514537267339e-14,1.53717968581294e-30,-9.195237182176048e-16
544.94,2.965145369556573e-14,1.5371797144764383e-30,-9.1952936660731e-16
544.98,2.96514499405011e-14,1.537183167359764e-30,-9.19523388115856e-16
545.02,2.965145801483243e-14,1.537175742819822e-30,-9.195116419567824e-16
545.06,2.965146263475013e-14,1.5371714947757376e-30,-9.195058848096484e-16
545.08,2.965146526620543e-14,1.5371690751217787e-30,-9.195157045838968e-16
545.12,2.9651472631582e-14,1.5371623024905461e-30,-9.195211083495233e-16
545.16,2.965148098511573e-14,1.5371546213197077e-30,-9.194968074054663e-16
545.2,2.96514824437074e-14,1.5371532801189045e-30,-9.194879488116724e-16
545.22,2.965147886915503e-14,1.537156566846638e-30,-9.194782513214982e-16
545.26,2.965148901014954e-14,1.5371472424956188e-30,-9.194696470987116e-16
545.3,2.9651499910676926e-14,1.5371372197565738e-30,-9.194786730749687e-16
545.34,2.9651504911107126e-14,1.537132621998057e-30,-9.194763606420164e-16
545.36,2.965150486660009e-14,1.5371326629275057e-30,-9.194819354573785e-16
545.4,2.965150828095365e-14,1.537129523465552e-30,-9.19491548760601e-16
545.44,2.9651512114058354e-14,1.5371259989875149e-30,-9.194856986144024e-16
545.48,2.965151107609499e-14,1.5371269534004256e-30,-9.19468697183317e-16
545.5,2.9651513290827587e-14,1.5371249170180063e-30,-9.194697778826673e-16
545.54,2.965151940259349e-14,1.5371192975378405e-30,-9.194423996553595e-16
545.58,2.9651537559489954e-14,1.5371026032468401e-30,-9.194482333169052e-16
545.62,2.965154572921639e-14,1.5370950915691211e-30,-9.194579536684262e-16
545.64,2.965154821794838e-14,1.537092803287374e-30,-9.194556772678001e-16
545.68,2.965155605682924e-14,1.5370855958499031e-30,-9.19433752234739e-16
545.72,2.965155769130208e-14,1.5370840930533607e-30,-9.19439616042052e-16
545.76,2.965155958755805e-14,1.5370823495597774e-30,-9.194548551895715e-16
545.78,2.9651562845965677e-14,1.5370793536197213e-30,-9.194512901954641e-16
545.82,2.965156868541347e-14,1.5370739845611978e-30,-9.194453460683216e-16
545.86,2.965157085153675e-14,1.5370719929539254e-30,-9.194471964067505e-16
545.9,2.965157488263785e-14,1.5370682865524078e-30,-9.194645215733982e-16
545.92,2.965158057722294e-14,1.5370630506215787e-30,-9.194656406597456e-16
545.96,2.9651585569344484e-14,1.537058460545326e-30,-9.194517359194356e-16
546.0,2.965159411985835e-14,1.5370505987505997e-30,-9.194578852294415e-16
546.04,2.965159654442568e-14,1.5370483694553408e-30,-9.19455736273239e-16
546.06,2.965159961507773e-14,1.537045546143578e-30,-9.19442545460426e-16
546.1,2.9651604583655686e-14,1.5370409778687647e-30,-9.194360113595479e-16
546.14,2.965161454099886e-14,1.5370318229576713e-30,-9.194185759687422e-16
546.18,2.965161455396329e-14,1.5370318110411032e-30,-9.194039064205744e-16
546.22,2.9651625499077026e-14,1.5370217479996854e-30,-9.194071414499897e-16
546.24,2.965162544208895e-14,1.5370218004105674e-30,-9.19392108706443e-16
546.28,2.965162421429069e-14,1.5370229292439861e-30,-9.19390643608395e-16
546.32,2.965163176707174e-14,1.537015985218993e-30,-9.193998588579266e-16
546.36,2.9651634902578853e-14,1.5370131024266762e-30,-9.194021239688487e-16
546.38,2.965163838897391e-14,1.5370098970222482e-30,-9.194042546252295e-16
546.42,2.965163918351759e-14,1.5370091665098483e-30,-9.194123790319533e-16
546.46,2.965164227046404e-14,1.5370063283827613e-30,-9.19382315320223e-16
546.5,2.965165121777246e-14,1.5369981023817249e-30,-9.19382196131497e-16
546.52,2.965165270707659e-14,1.5369967331613583e-30,-9.19373618519024e-16
546.56,2.9651663793342653e-14,1.5369865407840958e-30,-9.193608689988194e-16
546.6,2.965166864676524e-14,1.5369820787365987e-30,-9.193499021754396e-16
546.64,2.965167389379953e-14,1.5369772548861582e-30,-9.19357668562501e-16
546.68,2.965168059985912e-14,1.5369710895947892e-30,-9.19363067503186e-16
546.7,2.965168354822411e-14,1.5369683789752968e-30,-9.193660032754086e-16
546.74,2.9651686878348716e-14,1.5369653173966573e-30,-9.193377191191643e-16
546.78,2.9651693870729404e-14,1.5369588890190969e-30,-9.193428791302106e-16
546.82,2.96517004598561e-14,1.5369528314667674e-30,-9.19308933945116e-16
546.86,2.965170539479448e-14,1.5369482948035373e-30,-9.192763513690713e-16
546.9,2.9651714041083724e-14,1.5369403465011755e-30,-9.192687902494235e-16
546.94,2.9651719142146864e-14,1.5369356572967037e-30,-9.192559626188942e-16
546.98,2.9651727122018193e-14,1.5369283217258468e-30,-9.1924778214101e-16
547.0,2.96517258570682e-14,1.5369294845278183e-30,-9.19249184047797e-16
547.04,2.9651731401571476e-14,1.5369243877498248e-30,-9.192463718249342e-16
547.08,2.9651732863660585e-14,1.536923043723216e-30,-9.192409765317842e-16
547.12,2.965173928703566e-14,1.5369171390116106e-30,-9.192537612067862e-16
547.16,2.9651748954203916e-14,1.5369082525177809e-30,-9.192396663110186e-16
547.18,2.965174898843956e-14,1.5369082210603261e-30,-9.192356177482687e-16
547.22,2.965175350220037e-14,1.5369040718406468e-30,-9.192310735821877e-16
547.26,2.9651756880930166e-14,1.5369009660012852e-30,-9.192483974012401e-16
547.3,2.965176344679381e-14,1.5368949303842606e-30,-9.19247868901652e-16
547.34,2.9651763774088327e-14,1.53689462951539e-30,-9.192280354710558e-16
547.38,2.965176470606748e-14,1.5368937728318578e-30,-9.192089005874249e-16
547.4,2.965176877504552e-14,1.5368900325816117e-30,-9.192143314232236e-16
547.44,2.965177165908634e-14,1.5368873815330186e-30,-9.192189642241539e-16
547.48,2.9651773789919084e-14,1.53688542282598e-30,-9.192237623758677e-16
547.52,2.965178818238747e-14,1.5368721927926625e-30,-9.192396869506333e-16
547.56,2.965179826999172e-14,1.5368629197980314e-30,-9.192508381511277e-16
547.58,2.96517997366056e-14,1.5368615716197003e-30,-9.192462031342872e-16
547.62,2.9651810133735426e-14,1.5368520140263072e-30,-9.192562201291576e-16
547.66,2.965181399406177e-14,1.5368484653451392e-30,-9.192727845503287e-16
547.7,2.965181681088539e-14,1.5368458759904542e-30,-9.192524863812312e-16
547.74,2.965182081549312e-14,1.5368421947857386e-30,-9.19249895202006e-16
547.76,2.9651826635787134e-14,1.536836844482038e-30,-9.192497716001398e-16
547.8,2.965183356312165e-14,1.5368304765395719e-30,-9.192305348732565e-16
547.84,2.9651847272939557e-14,1.5368178740134084e-30,-9.192315238267424e-16
547.88,2.9651856991879515e-14,1.536808940072248e-30,-9.192405456434938e-16
547.92,2.9651866100648185e-14,1.5368005668789121e-30,-9.192522893917138e-16
547.94,2.9651869054870877e-14,1.5367978512049537e-30,-9.192503397584161e-16
547.98,2.965187230277991e-14,1.5367948655587926e-30,-9.192502206518106e-16
548.02,2.965187192191474e-14,1.5367952156166436e-30,-9.19227656978323e-16
548.06,2.965187489694786e-14,1.5367924808919344e-30,-9.192228906318084e-16
548.1,2.96518786477748e-14,1.536789033067574e-30,-9.192078640178056e-16
548.12,2.9651881859325976e-14,1.5367860809868601e-30,-9.19205291092396e-16
548.16,2.9651888778247255e-14,1.536779721083504e-30,-9.192071261272703e-16
548.2,2.965188982002669e-14,1.53677876348021e-30,-9.19194698298942e-16
548.24,2.9651897225564436e-14,1.5367719563411483e-30,-9.191984388637468e-16
548.26,2.9651900334814837e-14,1.5367690983212322e-30,-9.192081558082564e-16
548.3,2.9651913745524214e-14,1.5367567713371022e-30,-9.191831876085535e-16
548.34,2.965191846482e-14,1.536752433501523e-30,-9.191769243018043e-16
548.38,2.9651922971411106e-14,1.5367482911391763e-30,-9.191686866317254e-16
548.4,2.9651926486384736e-14,1.5367450602723269e-30,-9.191711414503792e-16
548.44,2.96519293249993e-14,1.5367424511113084e-30,-9.19164373376733e-16
548.48,2.965193105913236e-14,1.5367408571683948e-30,-9.191567402361356e-16
548.52,2.9651934318709004e-14,1.5367378611499634e-30,-9.191487098873643e-16
548.56,2.965193708439853e-14,1.5367353190959079e-30,-9.19135357227162e-16
548.58,2.965193655254308e-14,1.5367358079497945e-30,-9.1911830675332e-16
548.62,2.9651945361224825e-14,1.5367277116100673e-30,-9.191344770928097e-16
548.66,2.965194688827673e-14,1.5367263080269822e-30,-9.191228095392446e-16
548.7,2.965195415597289e-14,1.5367196280788241e-30,-9.191269842509034e-16
548.72,2.9651956112643506e-14,1.5367178296498062e-30,-9.191110866779472e-16
548.76,2.965196161251997e-14,1.536712774659838e-30,-9.19102892610309e-16
548.8,2.9651958445896154e-14,1.5367156851249964e-30,-9.19113470278349e-16
548.84,2.9651962222810335e-14,1.5367122137151045e-30,-9.190994101879607e-16
548.86,2.96519664449144e-14,1.5367083331722379e-30,-9.191018080484748e-16
548.9,2.96519731884702e-14,1.5367021351842145e-30,-9.190792331101323e-16
548.94,2.965197728166369e-14,1.5366983731761908e-30,-9.19099988037346e-16
548.98,2.965198461203242e-14,1.5366916358618066e-30,-9.190989361098197e-16
549.02,2.9651987995862305e-14,1.5366885257840391e-30,-9.1910122221831e-16
549.04,2.965198839481581e-14,1.5366881591075115e-30,-9.190904187497537e-16
549.08,2.9651999376764744e-14,1.5366780658092206e-30,-9.190922824621675e-16
549.12,2.965201070101065e-14,1.536667657711833e-30,-9.19103902139212e-16
549.16,2.9652013907241824e-14,1.5366647108606613e-30,-9.191029727424368e-16
549.2,2.9652021215860756e-14,1.536657993497682e-30,-9.190974835571528e-16
549.22,2.965202230259327e-14,1.5366569946961535e-30,-9.190783022269538e-16
549.26,2.965202348710673e-14,1.5366559060467924e-30,-9.190625205391477e-16
549.3,2.965203235710632e-14,1.5366477539679618e-30,-9.190622716462588e-16
549.34,2.965203528608203e-14,1.5366450620272124e-30,-9.190831016434956e-16
549.38,2.965204049532024e-14,1.5366402743392272e-30,-9.190722192921146e-16
549.4,2.9652042961512016e-14,1.536638007736761e-30,-9.190754233726864e-16
549.44,2.96520502108163e-14,1.5366313451809519e-30,-9.19066711543482e-16
549.48,2.965205417195565e-14,1.5366277046187343e-30,-9.19083837877281e-16
549.52,2.9652058956324464e-14,1.5366233073867807e-30,-9.190796830332262e-16
549.54,2.965206059470794e-14,1.5366218015459067e-30,-9.190917759401812e-16
549.58,2.965207048954388e-14,1.5366127072214233e-30,-9.191024583551286e-16
549.62,2.965207978686985e-14,1.5366041620963547e-30,-9.190833584494483e-16
549.66,2.965208472438702e-14,1.5365996241124617e-30,-9.190696923595045e-16
549.68,2.965208750578836e-14,1.536597067814789e-30,-9.190605969993966e-16
549.72,2.965209311912734e-14,1.53659190878161e-30,-9.190732636634578e-16
549.76,2.965209706062812e-14,1.5365882862226875e-30,-9.19064575163237e-16
549.8,2.965209771513212e-14,1.5365876846949403e-30,-9.190434080248984e-16
549.84,2.965210671214594e-14,1.5365794160772933e-30,-9.190374627558324e-16
549.86,2.965211084990929e-14,1.5365756133213187e-30,-9.19039885258042e-16
549.9,2.965211933128781e-14,1.5365678185340353e-30,-9.190515946167543e-16
549.94,2.965212035872432e-14,1.53656687427401e-30,-9.190526828413485e-16
549.98,2.9652127781387825e-14,1.5365600524958379e-30,-9.190464041498395e-16
550.0,2.9652129923045735e-14,1.5365580841987455e-30,-9.190537085140376e-16
550.04,2.965213928645673e-14,1.5365494786473737e-30,-9.19064973739264e-16
550.08,2.965214473871452e-14,1.5365444677218576e-30,-9.190538011951912e-16
550.12,2.965214322419539e-14,1.5365458596515476e-30,-9.190593181157676e-16
550.16,2.965214492775909e-14,1.5365442939810229e-30,-9.190519213465803e-16
550.18,2.965214908556299e-14,1.5365404727804439e-30,-9.190427405012607e-16
550.22,2.96521546217999e-14,1.5365353847100204e-30,-9.190372501802852e-16
550.26,2.9652164888992295e-14,1.536525948729482e-30,-9.190421535880688e-16
550.3,2.965217282578607e-14,1.5365186545122213e-30,-9.190392064986426e-16
550.34,2.965217967037694e-14,1.5365123640019175e-30,-9.190493188180922e-16
550.36,2.9652179951617486e-14,1.5365121055395867e-30,-9.190495869374462e-16
550.4,2.965217739303572e-14,1.536514456989825e-30,-9.190383427363569e-16
550.44,2.965217837590446e-14,1.5365135537320685e-30,-9.19021058406293e-16
550.48,2.965218804734301e-14,1.5365046654462138e-30,-9.19027341401196e-16
550.5,2.9652193097708004e-14,1.5365000239860574e-30,-9.190336228942656e-16
550.54,2.965219922399104e-14,1.536494393770527e-30,-9.190221455654043e-16
550.58,2.965221009328327e-14,1.5364844046341636e-30,-9.19029141650665e-16
550.62,2.965221896177508e-14,1.5364762542660837e-30,-9.190097712238964e-16
550.66,2.965222851288877e-14,1.536467476706429e-30,-9.190068688286785e-16
550.68,2.965222925081112e-14,1.5364667985578242e-30,-9.190045265694476e-16
550.72,2.9652228607564067e-14,1.5364673896998918e-30,-9.19001543713699e-16
550.76,2.965224433556644e-14,1.536452935552788e-30,-9.190135330995576e-16
550.8,2.965225517636853e-14,1.536442972996114e-30,-9.189728685037528e-16
550.84,2.965225505482656e-14,1.5364430847140777e-30,-9.189606370642085e-16
550.88,2.9652255104017845e-14,1.5364430394943584e-30,-9.189548923978953e-16
550.9,2.965225652223279e-14,1.5364417362283589e-30,-9.189384219228005e-16
550.94,2.965226187349939e-14,1.5364368187438866e-30,-9.189471117269769e-16
550.98,2.965226284572685e-14,1.5364359253036132e-30,-9.189507085103643e-16
551.02,2.96522692113262e-14,1.5364300756344905e-30,-9.189373711299087e-16
551.06,2.9652278403946954e-14,1.5364216281158115e-30,-9.18942319216865e-16
551.08,2.9652279100327095e-14,1.5364209881834974e-30,-9.189420731141613e-16
551.12,2.965228765260796e-14,1.5364131292842852e-30,-9.18926530349762e-16
551.16,2.96522932492935e-14,1.5364079863913783e-30,-9.189111489144702e-16
551.2,2.9652298270727926e-14,1.536403372149177e-30,-9.189180319128125e-16
551.24,2.965229997061235e-14,1.5364018101112205e-30,-9.189208240517026e-16
551.28,2.965230686057095e-14,1.5363954789051993e-30,-9.189001819578202e-16
551.3,2.965230599134234e-14,1.5363962776308496e-30,-9.189055647991637e-16
551.34,2.965231643507723e-14,1.536386680781677e-30,-9.189113627237958e-16
551.38,2.9652315439876185e-14,1.5363875952778547e-30,-9.18887657610814e-16
551.42,2.9652319720093746e-14,1.536383662187545e-30,-9.188942523034354e-16
551.46,2.965232589774374e-14,1.5363779856196322e-30,-9.188750721372795e-16
551.48,2.965233113859391e-14,1.5363731699400966e-30,-9.18873903323034e-16
551.52,2.965233618599638e-14,1.5363685319847739e-30,-9.188830402623908e-16
551.56,2.965233551663369e-14,1.5363691470558111e-30,-9.188871407133503e-16
551.6,2.965234590409023e-14,1.5363596021751552e-30,-9.188803715755938e-16
551.64,2.965235063956963e-14,1.5363552508591794e-30,-9.188685887362394e-16
551.68,2.965235632331565e-14,1.5363500282632645e-30,-9.188601897518836e-16
551.7,2.965235843764363e-14,1.5363480854808919e-30,-9.188616889214652e-16
551.74,2.965235816846197e-14,1.536348332819421e-30,-9.188551817251617e-16
551.78,2.965236279439762e-14,1.536344082300362e-30,-9.188471209734386e-16
551.82,2.965237101287033e-14,1.5363365308194086e-30,-9.188433838572024e-16
551.86,2.965237418321328e-14,1.5363336177995234e-30,-9.188211957481012e-16
551.88,2.9652376924358336e-14,1.5363310991894989e-30,-9.188117297719105e-16
551.92,2.965238252041195e-14,1.536325957498888e-30,-9.188002944399212e-16
551.96,2.965239230809959e-14,1.5363169646135853e-30,-9.187881463332448e-16
552.0,2.965239402831234e-14,1.5363153840911807e-30,-9.187882280920196e-16
552.04,2.9652396798053334e-14,1.5363128393046976e-30,-9.187853314487337e-16
552.06,2.965240287364881e-14,1.536307257127136e-30,-9.187883171320595e-16
552.1,2.965240501723533e-14,1.5363052876562789e-30,-9.187774625723429e-16
552.14,2.9652413041533766e-14,1.5362979151630529e-30,-9.187704700712243e-16
552.18,2.965241649288847e-14,1.5362947441766815e-30,-9.187613685485824e-16
552.22,2.9652415935206473e-14,1.5362952565367844e-30,-9.187651102238194e-16
552.24,2.965241812518458e-14,1.5362932444674399e-30,-9.187554648989185e-16
552.28,2.96524235523927e-14,1.536288258169348e-30,-9.187558888062001e-16
552.32,2.965242767066868e-14,1.5362844744750973e-30,-9.187551111839911e-16
552.36,2.9652431306790495e-14,1.5362811337649484e-30,-9.187544666819652e-16
552.4,2.9652433993432205e-14,1.5362786653866913e-30,-9.187641566419414e-16
552.42,2.9652433492150265e-14,1.5362791259436688e-30,-9.187584400430784e-16
552.46,2.9652438764639374e-14,1.5362742818164477e-30,-9.18755544942189e-16
552.5,2.965243622286051e-14,1.5362766170983618e-30,-9.187511415043498e-16
552.54,2.9652442421279467e-14,1.5362709222447724e-30,-9.187608706269786e-16
552.58,2.965244664834367e-14,1.5362670386229082e-30,-9.18737689217831e-16
552.62,2.9652452329142184e-14,1.5362618194704592e-30,-9.187360425103869e-16
552.66,2.965246369894618e-14,1.536251373623321e-30,-9.187279443031852e-16
552.68,2.965246063903256e-14,1.5362541848522451e-30,-9.18722350904327e-16
552.72,2.9652470081596675e-14,1.5362455097717771e-30,-9.187262976383553e-16
552.76,2.9652475773454005e-14,1.5362402805512918e-30,-9.187084854503786e-16
552.8,2.9652484173786335e-14,1.5362325630402179e-30,-9.187258673392966e-16
552.84,2.9652492666060144e-14,1.5362247609039297e-30,-9.187345619966557e-16
552.86,2.965249367965694e-14,1.5362238296882745e-30,-9.187295750816344e-16
552.9,2.9652499788032e-14,1.5362182176944766e-30,-9.187351183349084e-16
552.94,2.96525012287981e-14,1.5362168939995918e-30,-9.187294330786566e-16
552.98,2.965250817608357e-14,1.5362105113176746e-30,-9.1872866287316e-16
553.02,2.965251838329877e-14,1.5362011335545145e-30,-9.187345717403658e-16
553.04,2.9652524366960055e-14,1.5361956361537956e-30,-9.187432440352695e-16
553.08,2.965252567205311e-14,1.5361944371146313e-30,-9.187418426765042e-16
553.12,2.9652532865950435e-14,1.5361878277733654e-30,-9.18732260175618e-16
553.16,2.965253421403267e-14,1.5361865892552877e-30,-9.187307275890838e-16
553.2,2.965254086266296e-14,1.536180480926422e-30,-9.18728110326236e-16
553.22,2.965254020900101e-14,1.5361810814701712e-30,-9.187233046291307e-16
553.26,2.9652551942277066e-14,1.536170301789609e-30,-9.187357897702865e-16
553.3,2.965255902555234e-14,1.5361637941762764e-30,-9.187078883394082e-16
553.34,2.965255891203211e-14,1.53616389847995e-30,-9.187017899208072e-16
553.38,2.965256272490724e-14,1.5361603955949877e-30,-9.186974061093067e-16
553.42,2.965257375168507e-14,1.5361502654047547e-30,-9.186859054209171e-16
553.46,2.9652581436930455e-14,1.5361432050167446e-30,-9.187032623621721e-16
553.5,2.965259085214054e-14,1.5361345552684673e-30,-9.18694826465847e-16
553.54,2.9652600092787376e-14,1.5361260659490824e-30,-9.186847121722572e-16
553.58,2.965260313710614e-14,1.5361232691867277e-30,-9.186744921519317e-16
553.62,2.965260970889855e-14,1.5361172319128783e-30,-9.18660973785643e-16
553.66,2.965261833743288e-14,1.5361093052349516e-30,-9.186632501770236e-16
553.7,2.965262634540513e-14,1.5361019485945365e-30,-9.186618527077527e-16
553.74,2.965263242352928e-14,1.5360963649837528e-30,-9.186375454350906e-16
553.76,2.965263508136592e-14,1.5360939233834384e-30,-9.186358111629816e-16
553.8,2.9652645053321736e-14,1.5360847627780685e-30,-9.186383603465022e-16
553.84,2.965264894870016e-14,1.5360811843496495e-30,-9.186426480364848e-16
553.88,2.9652653963493026e-14,1.53607657754902e-30,-9.186248940063633e-16
553.92,2.965265988521814e-14,1.5360711377530922e-30,-9.186156726469304e-16
553.96,2.965266322386724e-14,1.5360680708000334e-30,-9.186067211975657e-16
553.98,2.9652665178848006e-14,1.5360662749426375e-30,-9.18606827858013e-16
554.02,2.965267138774153e-14,1.5360605713919563e-30,-9.18613924240122e-16
554.06,2.9652679687405904e-14,1.53605294723995e-30,-9.186058866760187e-16
554.1,2.9652683121212134e-14,1.5360497929231952e-30,-9.186140358561778e-16
554.14,2.965269437926756e-14,1.5360394510485436e-30,-9.186050956182779e-16
554.18,2.965269679149108e-14,1.5360372351810554e-30,-9.185979619003761e-16
554.2,2.9652700211502695e-14,1.53603409353883e-30,-9.186086722871322e-16
554.24,2.965270521369729e-14,1.536029498467408e-30,-9.185980358595412e-16
554.28,2.965271654672834e-14,1.536019087941121e-30,-9.185988450372435e-16
554.32,2.965272334967776e-14,1.5360128386936358e-30,-9.1861237480486e-16
554.36,2.965272918458931e-14,1.5360074786204852e-30,-9.18622486480962e-16
554.4,2.9652735941214216e-14,1.5360012718661562e-30,-9.186117886644362e-16
554.44,2.965274398424101e-14,1.5359938835041896e-30,-9.186102787006342e-16
554.46,2.965274482979471e-14,1.5359931067722138e-30,-9.186128099770122e-16
554.5,2.965274567215071e-14,1.5359923329567937e-30,-9.186094393486394e-16
554.54,2.9652745096342165e-14,1.5359928618957284e-30,-9.186104971639867e-16
554.58,2.965275211679821e-14,1.5359864127293952e-30,-9.186312632170579e-16
554.62,2.9652762967718126e-14,1.5359764447281974e-30,-9.186294767051282e-16
554.66,2.965276886880095e-14,1.5359710238094159e-30,-9.186485904670241e-16
554.7,2.9652769452365324e-14,1.535970487721251e-30,-9.186523975759066e-16
554.74,2.9652772723708755e-14,1.5359674823939465e-30,-9.186764058965862e-16
554.76,2.9652778390462744e-14,1.53596227643595e-30,-9.186830157700312e-16
554.8,2.9652779251190254e-14,1.5359614857013502e-30,-9.186740557782496e-16
554.84,2.965279621922098e-14,1.5359458977328974e-30,-9.186664255569266e-16
554.88,2.9652804634661884e-14,1.5359381668067714e-30,-9.186621804121217e-16
554.92,2.965280664471532e-14,1.5359363202331907e-30,-9.186803890819995e-16
554.96,2.965280967651261e-14,1.5359335350117895e-30,-9.186732841284907e-16
554.98,2.9652814462103135e-14,1.5359291385996101e-30,-9.186801583712816e-16
555.02,2.96528193429568e-14,1.5359246546161516e-30,-9.186891211019094e-16
555.06,2.965282635420887e-14,1.5359182133905459e-30,-9.18693826880583e-16
555.1,2.965282519045716e-14,1.5359192825163562e-30,-9.186844576157572e-16
555.14,2.965283405351769e-14,1.5359111401295542e-30,-9.186869499682394e-16
555.18,2.965283875216128e-14,1.5359068236083962e-30,-9.18674187576428e-16
555.22,2.965285032250595e-14,1.5358961941451813e-30,-9.186944022773522e-16
555.26,2.9652856419334446e-14,1.535890592986287e-30,-9.186936508548705e-16
555.28,2.965285646026135e-14,1.5358905553697978e-30,-9.186803954866508e-16
555.32,2.965286036930323e-14,1.5358869641618243e-30,-9.187065200793217e-16
555.36,2.965286438583641e-14,1.5358832741170893e-30,-9.187069995641575e-16
555.4,2.9652871817784597e-14,1.5358764462908568e-30,-9.187107857162559e-16
555.44,2.9652877064047015e-14,1.535871626520947e-30,-9.187022241670103e-16
555.48,2.965288380628295e-14,1.5358654324245834e-30,-9.186964411704822e-16
555.5,2.96528874020346e-14,1.5358621289992334e-30,-9.187094392836981e-16
555.54,2.9652887930688765e-14,1.53586164331518e-30,-9.187102738098837e-16
555.58,2.9652889295864096e-14,1.5358603891014029e-30,-9.187127459980082e-16
555.62,2.9652897713956285e-14,1.5358526552592988e-30,-9.18714974403974e-16
555.66,2.965290687935261e-14,1.5358442349218198e-30,-9.186957637358327e-16
555.7,2.965291582591072e-14,1.5358360158219758e-30,-9.186832392279146e-16
555.72,2.965291351823615e-14,1.5358381358442702e-30,-9.186845209201567e-16
555.76,2.9652916872220996e-14,1.535835054608074e-30,-9.186850231792491e-16
555.8,2.965292306991858e-14,1.5358293608918527e-30,-9.18683586945306e-16
555.84,2.9652931005741634e-14,1.5358220704434521e-30,-9.186721570607484e-16
555.88,2.965293751078471e-14,1.5358160943483913e-30,-9.186934983724751e-16
555.92,2.965293667285981e-14,1.5358168641305714e-30,-9.186767445469997e-16
555.94,2.965293827815559e-14,1.53581538938438e-30,-9.18675114175161e-16
555.98,2.965294830697678e-14,1.5358061761338299e-30,-9.186766645722023e-16
556.02,2.9652947611800884e-14,1.5358068147688113e-30,-9.18672181108763e-16
556.06,2.965295144854733e-14,1.535803290084624e-30,-9.186545318569297e-16
556.1,2.9652958447067357e-14,1.5357968608477857e-30,-9.186426311464521e-16
556.14,2.9652966223067676e-14,1.535789717490919e-30,-9.186416737036838e-16
556.18,2.9652972789345506e-14,1.5357836853691189e-30,-9.186535674296026e-16
556.2,2.965297437421939e-14,1.5357822294255301e-30,-9.186584583637598e-16
556.24,2.965298088796536e-14,1.5357762454233234e-30,-9.186831257206122e-16
556.28,2.965298846795673e-14,1.5357692817606185e-30,-9.186911107471e-16
556.32,2.9652994408009275e-14,1.5357638246812857e-30,-9.186983611866125e-16
556.36,2.965300203167593e-14,1.535756820786727e-30,-9.187100751672924e-16
556.4,2.965300124817269e-14,1.5357575405600005e-30,-9.187124088596044e-16
556.42,2.9652999527147005e-14,1.535759121681391e-30,-9.18712724312648e-16
556.46,2.9653006077877226e-14,1.5357531034891503e-30,-9.187145485435832e-16
556.5,2.9653011029756344e-14,1.5357485541642367e-30,-9.187082322297199e-16
556.54,2.965300836330349e-14,1.5357510038337994e-30,-9.186855853422772e-16
556.58,2.9653011337588966e-14,1.5357482713946244e-30,-9.186840303913312e-16
556.62,2.965301495138708e-14,1.5357449514623888e-30,-9.18689432922643e-16
556.64,2.9653013780336814e-14,1.5357460272954622e-30,-9.186918500961286e-16
556.68,2.96530215605014e-14,1.5357388797364222e-30,-9.186811904835528e-16
556.72,2.965303116894328e-14,1.535730052559598e-30,-9.186983081844367e-16
556.76,2.9653038404506315e-14,1.5357234053144015e-30,-9.186806607681565e-16
556.8,2.9653046473314296e-14,1.5357159926933463e-30,-9.18672255670381e-16
556.84,2.965305052984254e-14,1.5357122660883131e-30,-9.186525086342534e-16
556.86,2.965305347919432e-14,1.535709556690651e-30,-9.18638932518345e-16
556.9,2.9653062713999024e-14,1.535701073229379e-30,-9.186384774734297e-16
556.94,2.96530635151906e-14,1.5357003371865757e-30,-9.186235750304722e-16
556.98,2.9653072015479326e-14,1.5356925286950739e-30,-9.186144370543943e-16
557.02,2.965307912634354e-14,1.5356859964922427e-30,-9.186250909440367e-16
557.06,2.9653090352978403e-14,1.5356756834770972e-30,-9.186234314278423e-16
557.08,2.965309205844855e-14,1.5356741167810058e-30,-9.186365771231758e-16
557.12,2.9653092485368284e-14,1.535673724595357e-30,-9.186308335131e-16
557.16,2.965309465010868e-14,1.535671736016463e-30,-9.186470565164232e-16
557.2,2.9653097647559556e-14,1.5356689824528464e-30,-9.186354286509393e-16
557.24,2.965310463029565e-14,1.5356625679501628e-30,-9.186212685291386e-16
557.26,2.965311005767194e-14,1.5356575822482172e-30,-9.186197496354942e-16
557.3,2.965311254831855e-14,1.5356552942836454e-30,-9.18614748070821e-16
557.34,2.965311647064298e-14,1.5356516911918925e-30,-9.186200573630809e-16
557.38,2.9653122579110305e-14,1.5356460797678895e-30,-9.186172665496664e-16
557.42,2.965312969801286e-14,1.5356395401868112e-30,-9.186170835577915e-16
557.46,2.9653124172023267e-14,1.535644616441053e-30,-9.186126670818801e-16
557.48,2.9653126042830424e-14,1.5356428978917252e-30,-9.186094249078148e-16
557.52,2.96531312270915e-14,1.5356381356147855e-30,-9.18598981104248e-16
557.56,2.965314294956546e-14,1.5356273673971178e-30,-9.186015706410332e-16
557.6,2.965314996692361e-14,1.535620921205324e-30,-9.186022383183726e-16
557.64,2.965315770900242e-14,1.535613809255015e-30,-9.186173866163945e-16
557.68,2.96531605885017e-14,1.5356111640889023e-30,-9.186102134526392e-16
557.7,2.9653158862667436e-14,1.5356127494525831e-30,-9.18605179664986e-16
557.74,2.965317123579913e-14,1.535601383331584e-30,-9.186133779021013e-16
557.78,2.9653173568324434e-14,1.5355992406668697e-30,-9.186097384652413e-16
557.82,2.9653185746583015e-14,1.5355880537583989e-30,-9.185972483246165e-16
557.86,2.96531870459586e-14,1.535586860132354e-30,-9.185883005344305e-16
557.9,2.965319729654525e-14,1.5355774440910113e-30,-9.185875449858434e-16
557.94,2.9653209452819856e-14,1.5355662774208184e-30,-9.185904889275567e-16
557.96,2.965321035899114e-14,1.5355654450160876e-30,-9.185906034787272e-16
558.0,2.965321248270493e-14,1.5355634941812308e-30,-9.185935974943174e-16
558.04,2.965322059262544e-14,1.535556044521193e-30,-9.185843628171612e-16
558.08,2.9653224071637575e-14,1.5355528487934253e-30,-9.185694356675534e-16
558.12,2.965322908320157e-14,1.5355482453206022e-30,-9.185661543289107e-16
558.16,2.965323378347051e-14,1.5355439278853168e-30,-9.18542526208974e-16
558.2,2.965324565619312e-14,1.5355330223303257e-30,-9.185379307385668e-16
558.22,2.965324854352375e-14,1.5355303701727984e-30,-9.185458875099975e-16
558.26,2.965325474501396e-14,1.5355246738890876e-30,-9.185349437541412e-16
558.3,2.9653261413856504e-14,1.5355185483704464e-30,-9.185203826707664e-16
558.34,2.965326934333004e-14,1.5355112649395629e-30,-9.185303554791552e-16
558.38,2.965327496352218e-14,1.5355061026430268e-30,-9.185218105294837e-16
558.42,2.96532855462236e-14,1.5354963822755382e-30,-9.185217977935453e-16
558.46,2.9653292695495045e-14,1.5354898155202142e-30,-9.185258568835493e-16
558.48,2.965329980235604e-14,1.5354832875996556e-30,-9.185512808401302e-16
558.52,2.965329966366238e-14,1.5354834150167626e-30,-9.185397677150015e-16
558.56,2.9653305926675104e-14,1.5354776621740868e-30,-9.185507874715633e-16
558.6,2.965331274937439e-14,1.5354713951466134e-30,-9.185503373222241e-16
558.64,2.9653324241476886e-14,1.5354608390914107e-30,-9.18547702517508e-16
558.68,2.965332913013743e-14,1.535456348620205e-30,-9.185448096243721e-16
558.72,2.965333635776593e-14,1.5354497097730921e-30,-9.185443013264232e-16
558.76,2.965334492263659e-14,1.5354418425308411e-30,-9.185469138490059e-16
558.8,2.9653355336577414e-14,1.5354322769034777e-30,-9.185367284569762e-16
558.82,2.965335810445801e-14,1.5354297344814581e-30,-9.185426010153441e-16
558.86,2.965336231897167e-14,1.5354258632656836e-30,-9.185536190894708e-16
558.9,2.9653363690096327e-14,1.5354246037909719e-30,-9.18572075444097e-16
558.94,2.9653365732383676e-14,1.5354227278192144e-30,-9.18558642911886e-16
558.98,2.9653369427898247e-14,1.535419333259807e-30,-9.185695685550856e-16
559.02,2.9653373114655666e-14,1.5354159467926848e-30,-9.185519655195047e-16
559.06,2.9653380856376515e-14,1.5354088355719115e-30,-9.185661941772095e-16
559.08,2.965338706263156e-14,1.5354031347011684e-30,-9.185676818740873e-16
559.12,2.9653391000296675e-14,1.5353995177151367e-30,-9.18566381839062e-16
559.16,2.9653397359504014e-14,1.5353936763283861e-30,-9.185707328144957e-16
559.2,2.9653404134728403e-14,1.535387452784216e-30,-9.185789185501062e-16
559.24,2.9653412665383994e-14,1.5353796166067336e-30,-9.185913833583248e-16
559.28,2.965341574514067e-14,1.535376787613562e-30,-9.185706199451925e-16
559.32,2.9653419969438476e-14,1.5353729073448863e-30,-9.185640172457747e-16
559.34,2.965342400661275e-14,1.5353691989119396e-30,-9.185667472955687e-16
559.38,2.965342693314229e-14,1.5353665106863358e-30,-9.18569769342779e-16
559.42,2.9653434626537923e-14,1.5353594437422515e-30,-9.185796861628694e-16
559.46,2.965343983872456e-14,1.5353546558772245e-30,-9.185975556076643e-16
559.5,2.965344351846447e-14,1.535351275699187e-30,-9.185665933228731e-16
559.54,2.9653451936037216e-14,1.5353435436226406e-30,-9.18549251865238e-16
559.58,2.96534587972367e-14,1.5353372412829397e-30,-9.185364188725529e-16
559.62,2.9653465214104984e-14,1.5353313471587337e-30,-9.185426247679775e-16
559.64,2.965346811696202e-14,1.5353286807696274e-30,-9.185388633842815e-16
559.68,2.9653470603608e-14,1.5353263966737712e-30,-9.185385145990563e-16
559.72,2.965347841889279e-14,1.5353192180179362e-30,-9.185421029094781e-16
559.76,2.96534839794586e-14,1.5353141103396337e-30,-9.185664861282408e-16
559.8,2.9653494748583214e-14,1.5353042182404738e-30,-9.18552326097727e-16
559.84,2.9653494415669624e-14,1.5353045240872885e-30,-9.185765301031955e-16
559.88,2.965349837213867e-14,1.5353008898133733e-30,-9.185681092397351e-16
559.92,2.9653503667235567e-14,1.5352960259583896e-30,-9.185587226073004e-16
559.96,2.965351673483299e-14,1.5352840226071272e-30,-9.185540501840325e-16
560.0,2.96535158936706e-14,1.5352847952402103e-30,-9.185464360727638e-16
560.04,2.9653519840374244e-14,1.5352811700593173e-30,-9.185347854903894e-16
560.06,2.965352568902611e-14,1.535275797868023e-30,-9.185413900742696e-16
560.1,2.9653523004464254e-14,1.5352782637556815e-30,-9.18527706658763e-16
560.14,2.965352717963e-14,1.5352744287530097e-30,-9.184949493478664e-16
560.18,2.965353458206949e-14,1.5352676296678202e-30,-9.1848878503939e-16
560.22,2.965353968387195e-14,1.535262943707947e-30,-9.185055980056098e-16
560.26,2.965354717200393e-14,1.535256065790241e-30,-9.185136981236534e-16
560.3,2.965356053949708e-14,1.5352437875508104e-30,-9.1852401731476e-16
560.34,2.9653566728309224e-14,1.5352381029395975e-30,-9.185317719166654e-16
560.38,2.965357554567522e-14,1.5352300039500966e-30,-9.185194613250898e-16
560.42,2.9653586299935686e-14,1.5352201260885946e-30,-9.185053408841443e-16
560.44,2.965358901807575e-14,1.5352176294552976e-30,-9.185065177692258e-16
560.48,2.965359441403216e-14,1.5352126732844934e-30,-9.184919371298788e-16
560.52,2.965359472104386e-14,1.5352123912890638e-30,-9.184846953692404e-16
560.56,2.965359789320816e-14,1.5352094776837796e-30,-9.184952422812977e-16
560.6,2.96536007123077e-14,1.5352068883550642e-30,-9.184946083177908e-16
560.64,2.965360825745912e-14,1.5351999581356791e-30,-9.185044695080729e-16
560.68,2.965361060017729e-14,1.535197806355238e-30,-9.185238147684274e-16
560.7,2.965361508815843e-14,1.5351936840590304e-30,-9.185190209401762e-16
560.74,2.9653621320691765e-14,1.5351879593687034e-30,-9.18510976717014e-16
560.78,2.96536193265712e-14,1.5351897909818434e-30,-9.18506890727074e-16
560.82,2.965362304976349e-14,1.5351863711881405e-30,-9.185085067165111e-16
560.86,2.965363035528243e-14,1.5351796610245943e-30,-9.185107239610259e-16
560.9,2.965363109235754e-14,1.5351789840193548e-30,-9.185045821881757e-16
560.94,2.965363782021332e-14,1.5351728045043921e-30,-9.185052415673452e-16
560.98,2.96536468810699e-14,1.5351644820020535e-30,-9.185196199192008e-16
561.0,2.9653653911478955e-14,1.5351580244412163e-30,-9.185176444145786e-16
561.04,2.9653657466260475e-14,1.535154759262042e-30,-9.18519048394003e-16
561.08,2.9653662990147426e-14,1.535149685459227e-30,-9.185256855523955e-16
561.12,2.965366696063947e-14,1.5351460384853843e-30,-9.185199896942633e-16
561.16,2.965367437847017e-14,1.5351392250752657e-30,-9.18512159915586e-16
561.2,2.9653682579723073e-14,1.5351316921244779e-30,-9.18505565641187e-16
561.24,2.965368482848363e-14,1.5351296266438694e-30,-9.18499890706833e-16
561.28,2.9653691561423354e-14,1.5351234423417827e-30,-9.185275615304761e-16
561.32,2.965369673659353e-14,1.535118688832999e-30,-9.185144118244318e-16
561.34,2.965370194259316e-14,1.5351139070255884e-30,-9.185192912635602e-16
561.38,2.965370498444105e-14,1.535111113028746e-30,-9.185164960707055e-16
561.42,2.9653709862424785e-14,1.5351066325261152e-30,-9.185068872882557e-16
561.46,2.9653719887381906e-14,1.5350974245764235e-30,-9.184943739922756e-16
561.5,2.96537248308487e-14,1.535092884019219e-30,-9.184945140942248e-16
561.54,2.965372770642758e-14,1.5350902428406629e-30,-9.184893889753799e-16
561.58,2.965373116589694e-14,1.5350870653887613e-30,-9.184748802115007e-16
561.62,2.965373226076494e-14,1.5350860597706168e-30,-9.184492226421877e-16
561.66,2.965373940460679e-14,1.5350794985192523e-30,-9.184429913924107e-16
561.7,2.9653740958410326e-14,1.5350780714446738e-30,-9.18439734276673e-16
561.74,2.9653747781889084e-14,1.5350718044074123e-30,-9.18449347840677e-16
561.76,2.965375179947041e-14,1.5350681144685743e-30,-9.184456339585559e-16
561.8,2.96537544843671e-14,1.5350656485379023e-30,-9.184469130397946e-16
561.84,2.9653761679886237e-14,1.5350590398678919e-30,-9.18439857529705e-16
561.88,2.965376933102945e-14,1.5350520127464148e-30,-9.18439207749963e-16
561.92,2.965377636907153e-14,1.5350455487920577e-30,-9.184267967729972e-16
561.96,2.965378793966126e-14,1.5350349220712337e-30,-9.184229127737477e-16
562.0,2.965379301234315e-14,1.5350302632149052e-30,-9.184188937114295e-16
562.04,2.96538015906211e-14,1.5350223848072217e-30,-9.18400895597757e-16
562.08,2.965380544368831e-14,1.5350188461811978e-30,-9.183957156367023e-16
562.12,2.9653812358937606e-14,1.5350124951877792e-30,-9.18414923990089e-16
562.14,2.965381447873688e-14,1.5350105483333438e-30,-9.18389025373093e-16
562.18,2.96538222203455e-14,1.5350034384964657e-30,-9.184020160056988e-16
562.22,2.965382992376688e-14,1.534996363659096e-30,-9.183924843344498e-16
562.26,2.965383355065069e-14,1.5349930327381307e-30,-9.183986384794e-16
562.3,2.9653840120711024e-14,1.5349869988073426e-30,-9.183948715209816e-16
562.34,2.965384059464246e-14,1.5349865635366938e-30,-9.183994728673455e-16
562.38,2.965384655385678e-14,1.5349810905477607e-30,-9.18407602138375e-16
562.42,2.9653856179539446e-14,1.5349722502362722e-30,-9.184129608825738e-16
562.44,2.965385946707418e-14,1.5349692309325831e-30,-9.184057918204376e-16
562.48,2.9653869484871376e-14,1.5349600306079316e-30,-9.183971339569553e-16
562.52,2.9653876856402445e-14,1.5349532605671844e-30,-9.184064300452448e-16
562.56,2.965388859234033e-14,1.534942482333537e-30,-9.18393161421606e-16
562.6,2.9653901111067176e-14,1.5349309851054545e-30,-9.184057369042012e-16
562.64,2.9653908866492955e-14,1.5349238625270013e-30,-9.18388572172219e-16
562.68,2.9653917211696334e-14,1.534916198313034e-30,-9.183939915353612e-16
562.72,2.9653916504889464e-14,1.5349168474486817e-30,-9.18392550691236e-16
562.74,2.965392073142394e-14,1.5349129658236986e-30,-9.183858624461325e-16
562.78,2.965392749362891e-14,1.5349067554317237e-30,-9.184122037713952e-16
562.82,2.965393348017983e-14,1.53490125735693e-30,-9.184024137079047e-16
562.86,2.965394037233318e-14,1.534894927631813e-30,-9.184129231924879e-16
562.9,2.965394360976434e-14,1.5348919543306454e-30,-9.184090377068193e-16
562.94,2.96539514362206e-14,1.5348847664226324e-30,-9.184052321925876e-16
562.98,2.965395817574481e-14,1.5348785768149876e-30,-9.183908827846066e-16
563.02,2.9653967641014466e-14,1.5348698839716992e-30,-9.183934880671658e-16
563.06,2.9653972915739384e-14,1.5348650397658323e-30,-9.18371262057637e-16
563.1,2.96539845975551e-14,1.5348543116439742e-30,-9.183593314547111e-16
563.14,2.9653991262421534e-14,1.5348481908589937e-30,-9.183543760268046e-16
563.18,2.965398954675533e-14,1.5348497664599842e-30,-9.183554046372749e-16
563.22,2.9653993123461514e-14,1.534846481799681e-30,-9.183422883436077e-16
563.26,2.9653997619319764e-14,1.5348423530454424e-30,-9.183199293080226e-16
563.3,2.9654003786980504e-14,1.5348366891904353e-30,-9.183168240410197e-16
563.34,2.965400973991476e-14,1.5348312225307484e-30,-9.183213939644347e-16
563.38,2.9654011227015156e-14,1.5348298568838288e-30,-9.183183367480698e-16
563.42,2.965402018305915e-14,1.5348216324222508e-30,-9.183064265422313e-16
563.46,2.965402664716124e-14,1.53481569639372e-30,-9.182988775650619e-16
563.5,2.965403812279319e-14,1.534805158263892e-30,-9.183084874257426e-16
563.52,2.965403795307515e-14,1.5348053141193206e-30,-9.18302762914368e-16
563.56,2.965404879894499e-14,1.5347953543332586e-30,-9.183013178837896e-16
563.6,2.965404439103534e-14,1.534799402093015e-30,-9.182975121613302e-16
563.64,2.9654046243516296e-14,1.5347977009546712e-30,-9.182879166270735e-16
563.68,2.965404907230461e-14,1.5347951033349564e-30,-9.1828047185174e-16
563.72,2.96540562009499e-14,1.5347885571362075e-30,-9.183008880110787e-16
563.76,2.9654058316102024e-14,1.5347866147861152e-30,-9.183017514965374e-16
563.8,2.96540662338569e-14,1.5347793439093027e-30,-9.18301168927997e-16
563.84,2.9654070371197626e-14,1.5347755445843527e-30,-9.183028064699976e-16
563.88,2.965407226954345e-14,1.5347738013381797e-30,-9.183051805526032e-16
563.92,2.9654077620030324e-14,1.5347688879895968e-30,-9.182926832705152e-16
563.96,2.9654080002002075e-14,1.5347667006418186e-30,-9.182943054479036e-16
564.0,2.965408468138289e-14,1.534762403590767e-30,-9.182862723014213e-16
564.04,2.965408917207744e-14,1.5347582798328745e-30,-9.183028908220106e-16
564.08,2.965409664511716e-14,1.5347514172989276e-30,-9.183041389540272e-16
564.1,2.9654095092772005e-14,1.5347528428279612e-30,-9.183119754919961e-16
564.14,2.965410352966521e-14,1.5347450950715449e-30,-9.183181037122002e-16
564.18,2.965411394957069e-14,1.5347355263766561e-30,-9.183013077071684e-16
564.22,2.965411674030899e-14,1.534732963649397e-30,-9.182996289877487e-16
564.26,2.965412123903649e-14,1.5347288324817487e-30,-9.182790968341605e-16
564.3,2.9654124934836e-14,1.5347254387355281e-30,-9.182682411320944e-16
564.34,2.965413378530752e-14,1.5347173115572706e-30,-9.182821172574848e-16
564.38,2.965413464318045e-14,1.5347165237778419e-30,-9.18287496929059e-16
564.42,2.9654144425660626e-14,1.5347075405689048e-30,-9.18291594058488e-16
564.46,2.965415070957823e-14,1.534701770063087e-30,-9.182854785282161e-16
564.5,2.9654156581854e-14,1.5346963776000451e-30,-9.182949678153413e-16
564.54,2.965416039555115e-14,1.5346928754895458e-30,-9.183033087137546e-16
564.58,2.9654164119311564e-14,1.5346894559838266e-30,-9.182792267085281e-16
564.62,2.9654166483879794e-14,1.5346872846467144e-30,-9.18268435774309e-16
564.64,2.9654170551112566e-14,1.534683549789059e-30,-9.182741950756011e-16
564.68,2.9654176529315025e-14,1.5346780601947744e-30,-9.182726582427233e-16
564.72,2.965417730571633e-14,1.5346773472364376e-30,-9.182866925946629e-16
564.76,2.965418316471142e-14,1.5346719669625389e-30,-9.182952773452859e-16
564.8,2.9654194325160975e-14,1.534661718164716e-30,-9.183269914148195e-16
564.84,2.965419754735075e-14,1.5346587591631005e-30,-9.18302687735119e-16
564.88,2.965419706507338e-14,1.5346592019537378e-30,-9.183307919656962e-16
564.92,2.965420335506432e-14,1.5346534257131414e-30,-9.183141953175376e-16
564.96,2.965420822043297e-14,1.5346489577709493e-30,-9.183182316620943e-16
565.0,2.965420528457497e-14,1.5346516538161923e-30,-9.183098844677821e-16
565.04,2.965421078632517e-14,1.5346466014824535e-30,-9.183286414400233e-16
565.08,2.965421952607035e-14,1.5346385755532744e-30,-9.183293719001989e-16
565.12,2.965422721233216e-14,1.5346315170288581e-30,-9.183247454690837e-16
565.16,2.965423405310263e-14,1.5346252349056933e-30,-9.183382445071128e-16
565.2,2.9654238391835365e-14,1.5346212505207281e-30,-9.183205134574876e-16
565.22,2.965424156310276e-14,1.5346183382968746e-30,-9.1831630746041e-16
565.26,2.9654251649541724e-14,1.534609075916952e-30,-9.183039742096095e-16
565.3,2.9654257622276494e-14,1.5346035911147635e-30,-9.182941011219324e-16
565.34,2.9654264496280354e-14,1.5345972787918876e-30,-9.182786894478035e-16
565.38,2.9654271510358567e-14,1.5345908379845815e-30,-9.18266845576474e-16
565.42,2.965427174271413e-14,1.5345906246304929e-30,-9.182612149443433e-16
565.46,2.965427639281348e-14,1.534586354637296e-30,-9.182588098174105e-16
565.5,2.9654277540078496e-14,1.5345853011554296e-30,-9.182502343468684e-16
565.54,2.9654281205164304e-14,1.534581935705493e-30,-9.182520072338765e-16
565.58,2.9654284918571256e-14,1.5345785259138225e-30,-9.182363877269742e-16
565.62,2.9654280443006416e-14,1.5345826354556723e-30,-9.18207305960032e-16
565.64,2.9654281304755923e-14,1.5345818442091436e-30,-9.181936361859342e-16
565.68,2.965429285298673e-14,1.5345712407452534e-30,-9.181967471032637e-16
565.72,2.965429940622311e-14,1.5345652236741745e-30,-9.181789867140871e-16
565.76,2.965430699258355e-14,1.5345582579645304e-30,-9.181921628083808e-16
565.8,2.965431292649192e-14,1.5345528094635458e-30,-9.18200499100083e-16
565.84,2.965431389858428e-14,1.5345519168885352e-30,-9.181940698196184e-16
565.88,2.9654318306914423e-14,1.534547869222996e-30,-9.181823003521505e-16
565.92,2.965432387237456e-14,1.5345427591217863e-30,-9.181845340766007e-16
565.96,2.9654326933039116e-14,1.5345399488711582e-30,-9.181876573300423e-16
566.0,2.965433240472349e-14,1.5345349249443387e-30,-9.181623270365417e-16
566.04,2.965433461117675e-14,1.534532899086421e-30,-9.1813509626384e-16
566.08,2.9654343163365097e-14,1.534525047078685e-30,-9.18124061003148e-16
566.1,2.965434691079499e-14,1.5345216065052823e-30,-9.181083370789086e-16
566.14,2.965435732192725e-14,1.5345120479637467e-30,-9.181021983969732e-16
566.18,2.9654368274458064e-14,1.5345019924550137e-30,-9.181018366915001e-16
566.22,2.9654368623930425e-14,1.5345016716072909e-30,-9.1809999253184e-16
566.26,2.965437663191744e-14,1.5344943194115548e-30,-9.180977420358126e-16
566.3,2.965438204605776e-14,1.5344893487042888e-30,-9.181031992230681e-16
566.34,2.9654389431923336e-14,1.5344825677937981e-30,-9.180851859868216e-16
566.38,2.965439235044013e-14,1.5344798883284274e-30,-9.18102653666556e-16
566.42,2.9654397736544826e-14,1.5344749432918314e-30,-9.180967322206161e-16
566.46,2.96544025031268e-14,1.5344705670921425e-30,-9.181022425328889e-16
566.5,2.965441198613394e-14,1.5344618607241834e-30,-9.180986838494163e-16
566.54,2.9654416341413035e-14,1.5344578622337489e-30,-9.180803042158518e-16
566.58,2.965442631284284e-14,1.5344487076630999e-30,-9.1807935293374e-16
566.62,2.965442647074615e-14,1.5344485626944833e-30,-9.180768865359018e-16
566.66,2.965442879237991e-14,1.5344464312693486e-30,-9.180778592645857e-16
566.7,2.965442938315096e-14,1.5344458889054697e-30,-9.18059819365093e-16
566.74,2.965442811378145e-14,1.5344470542587777e-30,-9.180693660507474e-16
566.76,2.96544229394552e-14,1.5344518046196447e-30,-9.180554825868838e-16
566.8,2.9654434291610046e-14,1.5344413825842913e-30,-9.180562194471352e-16
566.84,2.9654437550287584e-14,1.534438390919923e-30,-9.180561150608161e-16
566.88,2.965444596425398e-14,1.5344306664782531e-30,-9.180495900583916e-16
566.92,2.965444961204579e-14,1.5344273177007825e-30,-9.180218564180228e-16
566.96,2.965445389803222e-14,1.5344233830949445e-30,-9.180113822035684e-16
567.0,2.965446371396871e-14,1.5344143719210108e-30,-9.180024292014888e-16
567.04,2.96544666404953e-14,1.5344116853686413e-30,-9.179989884643652e-16
567.08,2.965447288583398e-14,1.5344059521189001e-30,-9.180062272792392e-16
567.12,2.965448563255017e-14,1.534394250533616e-30,-9.180163052766446e-16
567.16,2.965449332737398e-14,1.5343871865916356e-30,-9.179947452066734e-16
567.2,2.965449389060528e-14,1.5343866695532387e-30,-9.179906791619138e-16
567.24,2.965450321929713e-14,1.5343781059365054e-30,-9.179939840075387e-16
567.28,2.9654514516925525e-14,1.5343677348338917e-30,-9.179775254950461e-16
567.32,2.965452172749475e-14,1.534361115763946e-30,-9.179674019629958e-16
567.36,2.9654527515810136e-14,1.5343558023337466e-30,-9.179568122596205e-16
567.4,2.9654537833139954e-14,1.5343463314107106e-30,-9.17965676330523e-16
567.44,2.965454881520501e-14,1.5343362501806156e-30,-9.179650997208011e-16
567.48,2.9654551006624134e-14,1.534334238511063e-30,-9.179746630679867e-16
567.52,2.965456142765503e-14,1.5343246723053178e-30,-9.179738784903911e-16
567.56,2.965456379622662e-14,1.534322498030303e-30,-9.179715432871423e-16
567.6,2.9654566420777823e-14,1.5343200887768886e-30,-9.179728122876064e-16
567.64,2.965456356835412e-14,1.534322707251546e-30,-9.179827788774047e-16
567.68,2.965456640249326e-14,1.5343201055712298e-30,-9.179511905681554e-16
567.72,2.965456926605084e-14,1.5343174769790408e-30,-9.179439654197444e-16
567.76,2.965457309235053e-14,1.5343139646901506e-30,-9.17938392347891e-16
567.8,2.965457998712363e-14,1.5343076356105702e-30,-9.179589455489981e-16
567.84,2.9654578473694207e-14,1.5343090248901391e-30,-9.17976957854168e-16
567.88,2.9654582586024156e-14,1.5343052498650487e-30,-9.17973860404398e-16
567.92,2.9654588759614827e-14,1.534299582795153e-30,-9.179432177278963e-16
567.96,2.9654594258754945e-14,1.5342945348552661e-30,-9.17947030398895e-16
568.0,2.965460299942658e-14,1.5342865113766455e-30,-9.17934903878924e-16
568.04,2.965461027680465e-14,1.5342798312652726e-30,-9.179224402524506e-16
568.08,2.96546169856278e-14,1.534273673061448e-30,-9.179254041097937e-16
568.12,2.9654620545934566e-14,1.5342704050158828e-30,-9.179045302915702e-16
568.16,2.965462919035168e-14,1.5342624702213693e-30,-9.179098961371422e-16
568.2,2.9654636354899866e-14,1.5342558938652383e-30,-9.179037628925884e-16
568.24,2.9654638790212536e-14,1.5342536584940515e-30,-9.179048027024538e-16
568.28,2.965464964656098e-14,1.5342436934920347e-30,-9.178914645413256e-16
568.32,2.9654649907988394e-14,1.5342434535204827e-30,-9.17899231618451e-16
568.36,2.965465631603029e-14,1.534237571521816e-30,-9.179066650764388e-16
568.4,2.965465922581776e-14,1.5342349006339449e-30,-9.178880004418023e-16
568.44,2.965466169430143e-14,1.5342326348181278e-30,-9.178977312568532e-16
568.48,2.9654662522729356e-14,1.5342318743949187e-30,-9.178994230190783e-16
568.52,2.9654666969199466e-14,1.5342277929926982e-30,-9.179034451651957e-16
568.56,2.965467267472149e-14,1.5342225558867116e-30,-9.179017607212806e-16
568.58,2.965467756067431e-14,1.5342180711088253e-30,-9.17890608187627e-16
568.62,2.965468172290569e-14,1.5342142505446707e-30,-9.179172893310067e-16
568.66,2.965468094088765e-14,1.5342149683762302e-30,-9.179094242945068e-16
568.7,2.965467976422647e-14,1.5342160484652665e-30,-9.179273553438479e-16
568.74,2.965468642475411e-14,1.5342099345706588e-30,-9.17926892602206e-16
568.78,2.965469147055728e-14,1.5342053029246653e-30,-9.179173628860857e-16
568.82,2.965470155105829e-14,1.5341960498922067e-30,-9.179037755305818e-16
568.86,2.9654712886462136e-14,1.5341856450761707e-30,-9.179029372724847e-16
568.9,2.965471133457061e-14,1.534187069539001e-30,-9.178941384215253e-16
568.94,2.965471746381842e-14,1.5341814435200976e-30,-9.178947203196286e-16
568.98,2.965472151385817e-14,1.5341777259825916e-30,-9.178987316779154e-16
569.02,2.965473218001726e-14,1.5341679355091047e-30,-9.17897479076986e-16
569.06,2.9654736713878904e-14,1.5341637738753607e-30,-9.17881280196856e-16
569.1,2.965474388521194e-14,1.53415719145591e-30,-9.178719521609303e-16
569.14,2.965475625228719e-14,1.534145840037096e-30,-9.178749434975647e-16
569.18,2.9654760790472365e-14,1.5341416745077192e-30,-9.178857113514335e-16
569.22,2.965476527634258e-14,1.5341375570124672e-30,-9.178844358260642e-16
569.26,2.965476777834935e-14,1.5341352604961832e-30,-9.17874805505487e-16
569.3,2.965477320695498e-14,1.5341302776982258e-30,-9.178760961530833e-16
569.34,2.9654782009646963e-14,1.5341221978459931e-30,-9.178840105758258e-16
569.38,2.965478990226328e-14,1.534114953205852e-30,-9.17910713048111e-16
569.42,2.9654795728369196e-14,1.5341096053334024e-30,-9.179205190534707e-16
569.46,2.9654804953779117e-14,1.5341011371161455e-30,-9.17923206233739e-16
569.48,2.965480551565368e-14,1.534100621372208e-30,-9.179310527494415e-16
569.52,2.9654808022563477e-14,1.5340983201982634e-30,-9.179343455526313e-16
569.56,2.96548098630401e-14,1.534096630771278e-30,-9.179232372990814e-16
569.6,2.9654812190569095e-14,1.5340944942854814e-30,-9.178935900693848e-16
569.64,2.965481688380286e-14,1.53409018640483e-30,-9.178815909552935e-16
569.68,2.965482244435441e-14,1.5340850825003397e-30,-9.178681283902327e-16
569.72,2.965483218611209e-14,1.5340761408379107e-30,-9.178792864572722e-16
569.76,2.9654838161815357e-14,1.5340706557907518e-30,-9.178916152595283e-16
569.8,2.965485217270107e-14,1.5340577952767845e-30,-9.17890052550514e-16
569.84,2.965485823544603e-14,1.5340522303665546e-30,-9.178794690316187e-16
569.88,2.965486047372199e-14,1.5340501759141273e-30,-9.178591390057304e-16
569.92,2.96548673229792e-14,1.5340438891694377e-30,-9.17874758653397e-16
569.96,2.965487287137631e-14,1.5340387965095094e-30,-9.178489944929777e-16
570.0,2.965487638603657e-14,1.5340355705875996e-30,-9.178459296314778e-16
570.04,2.965488315715877e-14,1.5340293557275982e-30,-9.1784765241367e-16
570.08,2.9654883490627386e-14,1.5340290496573905e-30,-9.178500665643196e-16
570.12,2.965488447340944e-14,1.5340281475936632e-30,-9.178495710435665e-16
570.16,2.9654883999397275e-14,1.5340285826691395e-30,-9.17841508802758e-16
570.2,2.965489468590468e-14,1.5340187741219495e-30,-9.178433519738335e-16
570.24,2.965489570611465e-14,1.5340178377385302e-30,-9.178490577847396e-16
570.28,2.965489337418243e-14,1.5340199781251298e-30,-9.17862863831703e-16
570.32,2.965489876105087e-14,1.5340150337391841e-30,-9.178478613506751e-16
570.36,2.965490236177942e-14,1.5340117288879832e-30,-9.178140091458071e-16
570.4,2.965490452557656e-14,1.5340097429295378e-30,-9.177974299393e-16
570.44,2.9654906454355134e-14,1.5340079727191944e-30,-9.177788899210523e-16
570.48,2.9654917699687005e-14,1.533997651946653e-30,-9.177731925608659e-16
570.52,2.965492832778343e-14,1.5339878976674792e-30,-9.177878668675373e-16
570.56,2.9654931529994035e-14,1.5339849587117904e-30,-9.17782984363211e-16
570.6,2.9654930412585917e-14,1.5339859842488617e-30,-9.177949093385608e-16
570.64,2.9654933784565104e-14,1.533982889493164e-30,-9.177782359107281e-16
570.68,2.9654947376014044e-14,1.5339704156312729e-30,-9.177593944144233e-16
570.72,2.96549468271601e-14,1.533970919337283e-30,-9.177545884359787e-16
570.74,2.9654948915344096e-14,1.5339690028816149e-30,-9.177647227098217e-16
570.78,2.965495077156738e-14,1.5339672993238392e-30,-9.177916039536706e-16
570.82,2.9654960611135215e-14,1.533958268667641e-30,-9.177921228647017e-16
570.86,2.9654960445130097e-14,1.5339584210303058e-30,-9.17786418869501e-16
570.9,2.9654965734989645e-14,1.5339535660869356e-30,-9.177944377092334e-16
570.94,2.965497121256901e-14,1.5339485388207392e-30,-9.177922680636863e-16
570.98,2.965497606968223e-14,1.533944080938002e-30,-9.17799548974813e-16
571.02,2.965498208293366e-14,1.5339385619488558e-30,-9.178126875459438e-16
571.06,2.965499159458645e-14,1.533929831959633e-30,-9.1783134555915e-16
571.1,2.965498953676798e-14,1.5339317207011677e-30,-9.178321115977255e-16
571.14,2.9654997254843745e-14,1.5339246368873343e-30,-9.178121907697817e-16
571.18,2.9655003783642464e-14,1.5339186447526415e-30,-9.17802950369487e-16
571.22,2.965500840940465e-14,1.533914399210945e-30,-9.178099585313404e-16
571.26,2.9655016434480755e-14,1.5339070336932928e-30,-9.178263423457103e-16
571.3,2.9655025655735695e-14,1.5338985702147593e-30,-9.178277042315956e-16
571.34,2.965502851626944e-14,1.533895944757984e-30,-9.178123679082771e-16
571.38,2.965502955115815e-14,1.5338949949459732e-30,-9.17794678430391e-16
571.42,2.9655034932129816e-14,1.533890056366941e-30,-9.177784109694075e-16
571.46,2.9655041874746117e-14,1.5338836846021462e-30,-9.177610728640683e-16
571.5,2.965505348761306e-14,1.5338730266707605e-30,-9.177780847195876e-16
571.54,2.96550585266103e-14,1.533868402011323e-30,-9.177807464749951e-16
571.58,2.9655061449983006e-14,1.5338657189968012e-30,-9.177874815730722e-16
571.62,2.9655060939285184e-14,1.533866187697571e-30,-9.177879457013737e-16
571.66,2.965506042329551e-14,1.5338666612471467e-30,-9.177792731084226e-16
571.7,2.965506429541601e-14,1.5338631074801284e-30,-9.177768977618252e-16
571.74,2.965506683597706e-14,1.5338607758064007e-30,-9.177795997940724e-16
571.76,2.9655075371128555e-14,1.5338529423727727e-30,-9.17786894524701e-16
571.8,2.9655086329902045e-14,1.5338428846447572e-30,-9.177690331283858e-16
571.84,2.965508935403611e-14,1.533840109171686e-30,-9.177919635987652e-16
571.9,2.965510080452643e-14,1.5338296001129497e-30,-9.177791224029207e-16
571.94,2.965511090783372e-14,1.5338203275549572e-30,-9.17780505690492e-16
571.98,2.965511400799821e-14,1.5338174822390096e-30,-9.17796227180417e-16
572.04,2.9655122188263003e-14,1.5338099744036892e-30,-9.17791975377989e-16
572.06,2.965513118648198e-14,1.533801715883072e-30,-9.177975296671903e-16
572.1,2.965514412365356e-14,1.5337898421728736e-30,-9.1779084672918e-16
572.14,2.965514163993013e-14,1.5337921217037127e-30,-9.177934725073554e-16
572.18,2.9655151140013425e-14,1.5337834025215975e-30,-9.177966290541036e-16
572.22,2.9655155499364874e-14,1.5337794015088954e-30,-9.177936440689513e-16
572.26,2.96551626172528e-14,1.533772868745743e-30,-9.177952204971403e-16
572.3,2.965516904463581e-14,1.5337669697414388e-30,-9.177793822395507e-16
572.34,2.965517803056532e-14,1.5337587226231284e-30,-9.177892808937049e-16
572.38,2.9655183051928517e-14,1.5337541140579002e-30,-9.177833672865653e-16
572.42,2.965518932781216e-14,1.5337483541338065e-30,-9.177995410008966e-16
572.46,2.965520083079214e-14,1.5337377966552635e-30,-9.178092571621462e-16
572.5,2.965520655496026e-14,1.5337325430326076e-30,-9.17804068178432e-16
572.54,2.965521477308674e-14,1.5337250003384039e-30,-9.178075624960295e-16
572.58,2.965521427351298e-14,1.5337254588415504e-30,-9.17798400643609e-16
572.62,2.965522023115615e-14,1.533719990909145e-30,-9.17802620407903e-16
572.68,2.965522702645562e-14,1.5337137542238614e-30,-9.177877983825936e-16
572.7,2.965523203960009e-14,1.5337091532094866e-30,-9.177971141999473e-16
572.74,2.96552315412256e-14,1.5337096106146464e-30,-9.178082395883607e-16
572.78,2.965523628433958e-14,1.533705257400785e-30,-9.177920671186783e-16
572.82,2.9655242772686374e-14,1.5336993023663209e-30,-9.178086604208045e-16
572.86,2.965524815531926e-14,1.5336943621713694e-30,-9.17796519166947e-16
572.9,2.9655262758263444e-14,1.5336809594792641e-30,-9.178115716476673e-16
572.94,2.9655269270494115e-14,1.5336749824544945e-30,-9.178044532278926e-16
572.98,2.9655278084975915e-14,1.5336668923607856e-30,-9.178070328173784e-16
573.02,2.9655284093587467e-14,1.5336613775811593e-30,-9.178182137276683e-16
573.06,2.9655288586917713e-14,1.5336572534986215e-30,-9.17834355000931e-16
573.1,2.965529441754038e-14,1.5336519018996095e-30,-9.178295424665159e-16
573.14,2.965530068962223e-14,1.5336461452352302e-30,-9.17820094748132e-16
573.18,2.965530529806073e-14,1.533641915503229e-30,-9.17837294287592e-16
573.22,2.965531054735717e-14,1.5336370974436515e-30,-9.178504456804734e-16
573.26,2.9655310341224973e-14,1.5336372866554253e-30,-9.178252380920305e-16
573.3,2.965532039151083e-14,1.5336280623313668e-30,-9.178126785797507e-16
573.34,2.965533101363195e-14,1.533618313199803e-30,-9.17811848442661e-16
573.38,2.965533851197655e-14,1.5336114311596152e-30,-9.177941441760154e-16
573.42,2.965533962055349e-14,1.5336104137154179e-30,-9.178035779202015e-16
573.46,2.9655340625405666e-14,1.533609491437928e-30,-9.178180821716543e-16
573.5,2.965534219683072e-14,1.5336080491914919e-30,-9.177933231526042e-16
573.54,2.9655345762810675e-14,1.5336047763863711e-30,-9.17774361426419e-16
573.58,2.9655349635562545e-14,1.5336012220698587e-30,-9.17774190025656e-16
573.62,2.9655353738833625e-14,1.5335974561959926e-30,-9.177766547044086e-16
573.66,2.965536137249366e-14,1.533590450197311e-30,-9.177565897927086e-16
573.7,2.9655369384941646e-14,1.5335830967578434e-30,-9.17740867763471e-16
573.74,2.965537216686635e-14,1.5335805436589784e-30,-9.177365885500827e-16
573.78,2.965537696304378e-14,1.5335761420722245e-30,-9.177120028131341e-16
573.82,2.965538561227673e-14,1.533568204571146e-30,-9.177229757732995e-16
573.86,2.965538896578697e-14,1.5335651270454416e-30,-9.176969707681238e-16
573.9,2.965539005143456e-14,1.5335641307509489e-30,-9.176943131846387e-16
573.94,2.9655382739134656e-14,1.5335708412326546e-30,-9.176969106945357e-16
573.98,2.9655386572725394e-14,1.5335673231303444e-30,-9.177045550960437e-16
574.02,2.965539253865739e-14,1.5335618481515098e-30,-9.177120491419096e-16
574.06,2.965539923799631e-14,1.5335557001071104e-30,-9.177017808535203e-16
574.1,2.965540811829432e-14,1.5335475505607889e-30,-9.177265659538108e-16
574.14,2.965541050135989e-14,1.5335453635598279e-30,-9.177295260101696e-16
574.18,2.965541490281868e-14,1.533541324186635e-30,-9.177317752329125e-16
574.22,2.96554207694587e-14,1.5335359402063142e-30,-9.177318867098604e-16
574.26,2.9655419566185914e-14,1.53353704446333e-30,-9.17724061432739e-16
574.3,2.9655424357521424e-14,1.5335326473096533e-30,-9.177365207972966e-16
574.34,2.9655425215787606e-14,1.533531859656286e-30,-9.177256052471778e-16
574.38,2.965543307791497e-14,1.5335246443457229e-30,-9.177341274737898e-16
574.42,2.9655437192869995e-14,1.5335208679085578e-30,-9.17733723239358e-16
574.48,2.9655436591746714e-14,1.533521419569462e-30,-9.177373353351668e-16
574.52,2.965544821348572e-14,1.5335107537787535e-30,-9.177514077803633e-16
574.56,2.965545331969622e-14,1.5335060675209268e-30,-9.177496166636631e-16
574.6,2.9655459475196203e-14,1.5335004183045838e-30,-9.177533924754358e-16
574.64,2.965546555221119e-14,1.5334948411486905e-30,-9.177457413675373e-16
574.68,2.9655467363324177e-14,1.5334931790161298e-30,-9.177353182850588e-16
574.72,2.965546546867005e-14,1.5334949178380193e-30,-9.177049226786251e-16
574.76,2.9655473882013953e-14,1.5334871968511756e-30,-9.177034153166441e-16
574.8,2.9655478412244443e-14,1.5334830394866827e-30,-9.176869163952882e-16
574.84,2.965548216339371e-14,1.5334795970479465e-30,-9.177074275151467e-16
574.88,2.965548738078558e-14,1.5334748089773575e-30,-9.177097187699447e-16
574.92,2.9655497203428907e-14,1.5334657947356587e-30,-9.177022856805758e-16
574.96,2.965550644165621e-14,1.533457316791559e-30,-9.177168202795234e-16
575.0,2.965551140924976e-14,1.5334527579579056e-30,-9.177125951450905e-16
575.04,2.965550911976715e-14,1.5334548590552637e-30,-9.177120198834057e-16
575.08,2.965551281721013e-14,1.5334514658741309e-30,-9.17695362146253e-16
575.12,2.9655516400126795e-14,1.53344817783612e-30,-9.176952375233325e-16
575.16,2.965552041252549e-14,1.5334444956965138e-30,-9.17672460605738e-16
575.2,2.965552342723018e-14,1.533441729227599e-30,-9.176473509586679e-16
575.24,2.9655532293924064e-14,1.5334335928530285e-30,-9.176214739057685e-16
575.28,2.9655537105178224e-14,1.5334291779557577e-30,-9.17613881401463e-16
575.34,2.965554364234064e-14,1.5334231793165506e-30,-9.176181321256445e-16
575.38,2.965555323765905e-14,1.5334143744626465e-30,-9.176323981443383e-16
575.42,2.965556218942202e-14,1.5334061599836742e-30,-9.176418726137685e-16
575.46,2.9655564503380935e-14,1.533404036618917e-30,-9.17631828827099e-16
575.5,2.9655572848673726e-14,1.5333963785880891e-30,-9.176493106687327e-16
575.54,2.9655576030057385e-14,1.5333934591816066e-30,-9.176686784716554e-16
575.58,2.965558090556694e-14,1.5333889851302908e-30,-9.17638055540847e-16
575.62,2.9655583401807523e-14,1.5333866944771973e-30,-9.176381413569228e-16
575.66,2.965558337058474e-14,1.5333867231296588e-30,-9.176451681410843e-16
575.7,2.965558849662262e-14,1.533382019258769e-30,-9.17640600314651e-16
575.74,2.965558341650261e-14,1.5333866809136417e-30,-9.176200508513877e-16
575.78,2.965558850410655e-14,1.5333820124156306e-30,-9.176220362455961e-16
575.82,2.9655590778453857e-14,1.5333799254574053e-30,-9.17607364312118e-16
575.86,2.9655599422256524e-14,1.5333719938634759e-30,-9.17606357555067e-16
575.9,2.965560287518465e-14,1.5333688254070656e-30,-9.176045709630206e-16
575.94,2.9655606564311755e-14,1.5333654402668073e-30,-9.175970245455943e-16
575.98,2.965561225794516e-14,1.533360215813378e-30,-9.17593215772247e-16
576.02,2.965560995130145e-14,1.5333623323818619e-30,-9.175828625638805e-16
576.06,2.9655616039355176e-14,1.5333567460474646e-30,-9.1760212440505e-16
576.1,2.965562192120378e-14,1.5333513488549209e-30,-9.176047675456436e-16
576.14,2.965562522498505e-14,1.5333483173048057e-30,-9.176128348767979e-16
576.18,2.9655626022505396e-14,1.5333475855043678e-30,-9.176073986764137e-16
576.22,2.965563089644644e-14,1.5333431131818825e-30,-9.17593623911966e-16
576.26,2.9655642373197705e-14,1.5333325821088211e-30,-9.176113335478673e-16
576.3,2.9655649254005554e-14,1.533326268244503e-30,-9.176065093185734e-16
576.34,2.965565348073362e-14,1.5333223897488963e-30,-9.176190008848277e-16
576.38,2.96556524940441e-14,1.5333232951718429e-30,-9.176169830035601e-16
576.42,2.96556587401246e-14,1.5333175636803288e-30,-9.176156896656327e-16
576.46,2.965566317611471e-14,1.5333134931254702e-30,-9.176248204117057e-16
576.5,2.965566573886381e-14,1.5333111414719283e-30,-9.176295779086524e-16
576.54,2.9655674054819843e-14,1.5333035104453861e-30,-9.176347911390952e-16
576.58,2.965568706025883e-14,1.5332915761829396e-30,-9.176389753803357e-16
576.64,2.965569081485439e-14,1.5332881308028812e-30,-9.176466071292248e-16
576.66,2.965568518662066e-14,1.5332932955078818e-30,-9.17639040597297e-16
