scan_id,dx,dy,dz,dyaw,fitness,rmse
1,-0.3363188601756413,0.25605938515540083,0.8377224088127735,-1.5412892156569329,0.21959755030621173,0.5738177317027223
2,0.005376842314579881,-0.004914047433352247,-0.0004111259294999907,0.013126858814723488,1.0,0.009125638748096234
3,-0.35018890203090586,0.3195565982511265,0.8358363320766544,-1.55036000786891,0.21872187218721872,0.5764065736408474
4,-0.0002307370934995815,8.506074015433852e-05,0.0007233485559180117,-0.0012508381256200244,1.0,0.009461029091745466
5,0.3004565162898699,0.14492289429906716,0.8328545373679493,1.568896570198118,0.20019020446980504,0.5824439879550759
6,0.0007009392984484617,-0.000556046197404736,0.00031369413198438506,0.0076186361795521325,1.0,0.009899834320629958
7,-0.4131371730596262,1.0501552117544444,0.7814234188148687,-1.6321129107084809,0.19268774703557312,0.5355629506789745
8,-0.00037530855266605184,-0.0062911485821908735,-2.963004847094222e-05,0.006119287718982288,1.0,0.009742953798508642
9,-0.017217075194374206,0.011128082936006109,0.02857638340392049,0.006001575273240246,0.18879353861686018,0.864691895414698
10,-0.00012067575066349216,-0.005965153707218919,-0.00011139380075927278,0.01135430731476327,1.0,0.009494157913319206
11,0.8611173438834409,0.8105763311769076,0.5594491353175741,1.388912080159588,0.17508933129147525,0.5264437075676711
12,-0.003931176722749984,-0.006787140119120513,-0.00011286200318553248,0.007693084432493336,1.0,0.010377489810489159
13,0.5259347802801637,0.8257152608690327,0.7593050313950221,1.5403091047513333,0.1828512396694215,0.548972594699266
14,-0.0027377654309863595,-0.0077075440432243835,-6.928189351367661e-05,0.011322298438699266,1.0,0.011144621438828866
15,0.578281737823727,0.7957254643301378,0.729287733420115,1.513489729125669,0.18557239937271303,0.5566575168499729
16,-0.00023516904285889511,-0.007758991368468701,-0.00021468843105682756,0.019918522000807144,1.0,0.012205944062061273
17,0.5759616144854381,0.7788083413728912,0.729215640441647,1.5148980002818424,0.18368421052631578,0.558999915210724
18,-0.00760110718464329,-0.006389030788867582,-0.0007446843770964469,0.010135062171032324,1.0,0.013216166442115545
19,1.0100930513289292,0.047590498842813855,0.05117257607902763,-0.00032429633155868883,0.21946060285563193,0.7858011707850776
20,-0.0055257552710625425,-0.006128024435192927,-0.0006861737618263153,0.01952906415265503,1.0,0.014502565703444952
21,-0.3921087878317116,1.1016566440611808,0.7456751429116582,-1.6496960642816443,0.18124341412012646,0.5488710918695654
22,-0.007529733311027816,-0.00641017025543962,-0.0007450500924612372,0.010131691365731381,1.0,0.013224562607441055
23,-0.39412208962208406,1.1087631059284797,0.7212514562783525,-1.6795741911618036,0.18018967334035826,0.5442354891711949
24,-0.007782778644256009,-0.005579764119053671,-0.0008636618990351606,0.01945786120554877,1.0,0.014255687649574975
25,-0.4091231598123156,1.0709788412875634,0.764580217242814,-1.6338457102579622,0.17975751186083289,0.5432811534670117
26,-0.009690984028667856,-0.006169231504080606,-0.0009829831791303488,0.010324135559778975,1.0,0.013247869068540846
27,-0.3775605679703066,1.1037501958963303,0.7403896572868139,-1.6795759604827225,0.18119387216059166,0.5433238386375325
28,-0.010287657678966321,-0.00523360703626185,-0.0011846500460802266,0.019604141664961345,1.0,0.014461714245471666
29,-0.4047035804174101,1.067205156108582,0.7683094172048874,-1.6394233187951033,0.18336886993603413,0.5423522035159769
30,-0.012033045133475894,-0.005251257120760481,-0.0012787319062671782,0.010349904961263813,1.0,0.013292758258338977
31,0.0035603222772012033,-0.004997537696532437,0.03475952352976874,-0.012746297846187714,0.1992580816110228,0.8672635481504921
32,0.0018697159059281312,-0.01183256667657599,-0.0005119593734139956,-0.00572786474278263,1.0,0.009337859360540697
33,0.3935813126595978,0.17140023728594916,0.7745404429825756,1.5603453406167342,0.17591125198098256,0.5953213590749132
34,0.0018882809717824776,-0.011414927188330225,-0.00037757382308022537,-0.001731542537588377,1.0,0.010207151912474188
35,0.4060738696641184,1.0181306199974598,0.7641676576063489,1.623577000394122,0.18,0.5508765385576619
36,0.003641928251524272,-0.0028699438398240708,-0.00018252279333228605,-0.017320703796412627,1.0,0.012507002472027037
37,0.4439025235865759,1.0217015048269031,0.737162323322133,1.6301031831375237,0.18124341412012646,0.5498080810284682
38,5.64202219706354e-06,-0.0026583651149996463,-0.00010967657221849786,0.01806388075928236,1.0,0.013506283635848325
39,0.5583449106910269,0.971458159144185,0.7142349685687984,1.5578051842068419,0.1818658280922432,0.5556536208584949
40,-0.002193226634068876,-0.0010034321641920266,-0.0002961516216394149,-0.009924701839240753,1.0,0.013752593561680676
41,0.45588758848574096,1.0272267218804527,0.7291768986694693,1.627699179533321,0.17990531299316148,0.5498770450636569
42,0.001039772277741875,-0.001155351145828154,-0.000281329728829896,0.012650729019513706,1.0,0.014403469736924556
43,1.2473395749839509,-0.3945540483110458,0.3549494230401206,0.172892752810755,0.17572559366754617,0.5933607143463584
44,-0.004825203555327705,-0.00261211638145644,-0.00016317758365112052,-0.008665452315476014,1.0,0.013971242482624944
45,1.276946716130349,-0.3367626179764903,0.3346293640152813,0.2121168561359683,0.17757988475641698,0.5949947543676681
46,-0.0016639913112644928,-0.0027117308439507048,-0.00016278527128686646,0.012593548212257118,1.0,0.013902647557176205
47,0.44157457443683884,1.023805514998435,0.7462081733747483,1.6125514024826006,0.1781609195402299,0.5469822176207078
48,-0.00012148623860698706,-0.0033221433845153202,-9.848308144412565e-05,0.025127921901702474,1.0,0.014653974936918746
49,0.4381817833170883,1.0370303425334815,0.7308778323810873,1.6392157455180045,0.17859007832898172,0.5460181082326129
50,-0.0048816354161042505,-0.0029874621262996207,-0.0003223663929403995,0.015625862764211816,1.0,0.013991781940480535
51,0.41794741661223206,1.0286605468644703,0.7553362336439481,1.62288193624633,0.17872117400419288,0.5434632185544508
52,-0.0014090260972216809,-0.003735077881320561,-0.00036520109455945293,0.02742683387018079,1.0,0.014595105907071235
53,0.448410042491327,0.9893219696847806,0.768951783382084,1.6065503906292655,0.17872117400419288,0.541512253431697
54,-0.011376069096282962,-0.002775538369554783,-0.000408569730431651,0.0015603549444120227,1.0,0.013652992117328192
55,0.41509051121567647,1.0272061893284432,0.7581992247890853,1.6234883686324952,0.17915138816134102,0.5425877891721408
56,-0.00411499302148953,-0.0032029107925245917,-0.0005012390542753762,0.027982278981175633,1.0,0.014362479064186476
57,-0.4661956702916687,1.008209246883234,0.7547921201298791,-1.594649148117032,0.18319415448851775,0.554835896690358
58,-0.011486502419367935,-0.0044615592686488344,-0.0005002783740264547,-0.00032499821553057213,1.0,0.012610094876085567
59,-1.2816032401177615,-0.0749967298389555,0.32818091828743495,-0.44355607177053824,0.17323651452282157,0.591356458850676
60,-0.008801010088416567,-0.005762364457099049,-0.0008664959632782926,0.01905991570496852,1.0,0.014023926495748207
61,-0.5200358673756635,1.041063762609904,0.7222956456413084,-1.589183377579647,0.17823834196891192,0.5497230702136697
62,-0.013868716214184307,-0.004445247665907842,-0.0007837957602099937,-0.0005685794674684596,1.0,0.012692765259259402
63,-0.38709685808090144,1.111223442416303,0.726710540849043,-1.679006687374009,0.1786085150571132,0.5479189444315089
64,-0.009443531880349968,-0.0066664817629298115,-0.0012799636415607514,0.02454918414225865,1.0,0.014329847472698365
65,-0.8538046077395208,0.934182818399432,0.5497700029628274,-1.4274372465039924,0.18105703819989535,0.5569175119318398
66,-0.0007094771900475636,-0.0005542760575226876,-0.00026128297003563666,-0.0010993223853196237,1.0,0.0016170990752330087
67,-0.008400099761084223,-0.006677389540925966,-0.0011873497165962247,0.02500075878416095,1.0,0.014324950064122365
68,0.010329996460773061,0.0012577914405916715,0.00014002224557351818,-6.137362485975237e-05,1.0,0.01712819987675819
69,-0.0036127125447637373,-0.004418357402302676,0.03205738199771215,0.005720866349793261,0.1945464079706345,0.8685278527078237
70,0.0035449396692865238,-0.004657475526755121,0.00012340292930394794,-0.0003157380419573031,1.0,0.012603660699383509
71,-0.5468347842837474,1.0359226736797356,0.7036515273859726,-1.5856647146865606,0.1788702928870293,0.5540941025824218
72,-0.0024736545497742054,-0.007776314979593599,-0.0004946340585466755,-0.020794667090177306,1.0,0.013766959271841375
73,-0.4268940563446496,1.0199136513689733,0.7717997732580636,-1.6107859814644043,0.1794333683105981,0.5578879584443386
74,-0.0006722317916597485,-0.0005694412645524119,-0.00025123760902408954,-0.001102550490713091,1.0,0.0016518851570532613
75,1.230802089460492,0.4404821162723201,0.35233556339564764,-0.14891333469230414,0.17507723995880536,0.5905731466413916
76,0.0006518204787949913,-0.0009870006685494155,-0.00010244103895568761,0.0009858531235453257,1.0,0.002132318842343611
77,1.2149953000005964,0.4710264033229565,0.3777551746182782,-0.13042114110202266,0.17209302325581396,0.5918854368864437
78,-0.003691157336002246,-0.0009790900427783797,-0.0005134974062423332,0.005537523290498392,1.0,0.0037975409403104895
79,0.3540519365026689,-1.1921629211073657,0.7104205636010028,-1.7031777421915215,0.18059159314997406,0.5547274013356598
80,-0.0005658634199187448,-0.0016015278729434883,-0.00028113753280100556,0.009468629767191239,1.0,0.0038439053696285625
81,0.42059871700944823,-1.1855109985947976,0.6815417266539394,-1.6879840004578393,0.18102114492006188,0.5572949403466995
82,-0.0004354131693039813,-0.0002857488386580761,-0.00018946710050913443,0.00026650023954381455,1.0,0.001301875309323693
83,-0.0017101672213321456,-0.0015051196772275341,-0.0004719867172778837,0.014303546577734232,1.0,0.004156537757477
84,-0.0004977827613289526,-6.002997464315894e-05,1.268266702588222e-05,-1.3897198937990215e-06,1.0,0.004183052023209709
85,0.3753376298246669,-1.1665089884501203,0.7069380973698426,-1.6922759925314108,0.18009235505387378,0.5578860509403991
86,-0.0031552892384907787,-0.0022769831534384796,-0.00054838143648489,-0.01997123271674429,1.0,0.011414796319065364
87,0.3367370695909007,-1.161412641194526,0.7287506048836189,-1.6888970972021944,0.1804202972834444,0.5593679023753055
88,-0.006500556158523592,-0.0038859743851508565,-0.0007651966329418473,-0.019830122981125877,1.0,0.009428161750028684
89,-0.01039920266968811,-0.004108827918646252,-0.0013759028367654354,0.006503845455073841,1.0,0.007929305473567178
90,-0.0005920792647739154,-0.0006893231605452422,-4.720311874860302e-05,2.5211529512221725e-05,1.0,0.010260472405293963
91,0.2553838656445484,-1.2737321437795919,0.6868690547181072,-1.7728832829865808,0.1848906560636183,0.5510154912053856
92,-0.005005167406714714,-0.0025666947147927697,-0.0006847993342822681,0.02727575604499447,1.0,0.008762879485457474
93,-0.9441558518820549,0.9474125701833273,0.4457641712296716,-0.282898891966114,0.1727851199216838,0.5831212628554832
94,-0.005933680156177562,-0.0027204551379740164,-0.0005582115279813841,0.019606674152596752,1.0,0.009744776445363493
95,-0.9913908025926176,0.8714269983884074,0.4291483550883796,-0.21040302406037395,0.17202729044834308,0.5924905193148636
96,-0.005985399075063493,-0.0030695628931999416,-0.0008641214709172864,0.027365557408094477,1.0,0.009092043989044266
97,-0.33771504199154456,-1.1985598858798172,0.7086035671884181,1.731748382078814,0.17891682785299806,0.5469261446120458
98,-0.007227097695355435,-0.002651513777377297,-0.0006833640197946995,0.019335379688810994,1.0,0.009667111756167345
99,-1.1532634614115338,0.4696692711582867,0.3775371125624557,0.15041286946006935,0.17591275486012328,0.5873117366420788
100,-0.007798780157426649,-0.003321137573343488,-0.0010513007265277874,0.02507991748887828,1.0,0.008815595560293835
101,-0.4341951383624662,-0.3727403794375672,0.7912231453539056,1.5322037607100079,0.19269870609981515,0.5866189368304141
102,-0.009808699717736758,-0.0037757781546882397,-0.001031562265912916,0.015215709188055773,1.0,0.010282347313352183
103,0.2801191214882381,0.014838024330638848,0.8405360166027301,-1.5555604749669556,0.20170327207530256,0.56462692441212
104,0.0029340743237200777,-0.00299714473449294,-0.00044135144347629706,-0.010454348810978573,1.0,0.004561468607909215
105,0.27136492960458386,-1.2249608548092659,0.7412924318856939,-1.7169219710843444,0.1815843621399177,0.5675083008397377
106,0.004295463451299391,-0.002229246306842917,-0.0007213766076061275,-0.0012967745500563422,1.0,0.004343660094448658
107,0.29924789828421033,-1.2135817912928437,0.7317933108064363,-1.7088392621590967,0.18214468958440225,0.5667572174253444
108,0.001991076464327444,-0.0034896561349635393,-0.0005154473094549643,-0.009487370061696471,1.0,0.005322062706413983
109,0.29454839174931796,-1.2079736125851734,0.7378148593732272,-1.7023217164123672,0.18256410256410258,0.5648320070325968
110,0.00019172481227814313,-0.0037574295536284825,-0.000859864176602901,0.002514078827073028,1.0,0.0051205037846753995
111,0.36745799139578744,-1.203264980421832,0.7160448236192413,-1.6850380122097255,0.18474923234390994,0.573460076853486
112,0.0012610072577936581,-0.004143807915929098,-0.0006263319328637452,0.005188731845634273,1.0,0.00564754799149381
113,0.27530695570751085,-1.2283595015907458,0.7383071023002601,-1.7145710234023088,0.18181818181818182,0.5650662078552254
114,-0.0006713859083839764,-0.004824015489324441,-0.0009787491426958073,0.0012897917707641894,1.0,0.005835312024625861
115,0.3509254310236653,-1.2173222877584489,0.7202631435549341,-1.6930734075842686,0.1845758354755784,0.5693654850593876
116,-0.0023036690392145252,-0.004004859218719499,-0.0007479627223169889,0.007542977730849996,1.0,0.006486632115712672
117,0.33615891583699015,-1.217892319229786,0.7243472451231746,-1.6987387158176228,0.1837782340862423,0.5701084035299503
118,0.00021589922276266191,-0.0011720479327006206,-9.369295468018145e-05,0.017199555025608874,1.0,0.0074435119777305336
119,0.35179968187051136,-1.2166622212756983,0.7219404222297197,-1.690059175271111,0.18250758341759352,0.5694050198117244
120,-0.003181710269200718,-0.0014430429036377463,-0.0003020131575105295,0.022664608193205805,1.0,0.00916567680986363
121,0.26254331508436185,-1.2285378080314575,0.7418451154635168,-1.7214281785762744,0.17993951612903225,0.5642641500488943
122,-0.0030347585676455996,-0.0015712847680526127,-0.0002778777514522639,0.02373651280660447,1.0,0.009703014179887252
123,0.2902984193640162,-1.2129302258858206,0.7341633885837563,-1.705055267821823,0.18122489959839358,0.560130436637649
124,-0.004643266192559867,-0.0015192952037723366,-0.0003928051419372919,0.021898254284698774,1.0,0.008704672798077392
125,0.2548231336158086,-1.2595860151497817,0.6960788587422476,-1.7586052285145095,0.18577866800200302,0.5573295601918029
126,-0.0033181853833613873,-0.00635535498114082,-0.0005314852410164412,0.019372904627743846,1.0,0.014523244446310073
127,0.274672491134666,1.2645827874854147,0.7043576060953705,1.7411409598909084,0.18094272681196147,0.565627512544213
128,-0.007572735361797988,-0.006399626425466667,-0.0007462487855356765,0.010134218756299744,1.0,0.013220970778505968
129,-0.6357543529368431,0.7620040032751338,0.7011959000691566,-1.4902262729272855,0.17703591299949417,0.5727557814610824
130,-0.005430660722423474,-0.00586855230441274,-0.0006383039446168565,0.01930281541879849,1.0,0.014215335190593642
131,-0.3927434836179846,1.1068312156677993,0.7253127601342992,-1.6614123846785547,0.172970247100353,0.5450059652903568
132,-0.0025288093938438975,-0.0005102265316156217,-2.315004287441196e-05,-0.008966074139190384,1.0,0.002384412321179569
133,-0.007571139573096652,-0.005609195933780261,-0.0008675940226380854,0.01952396392195407,1.0,0.01424424060102938
134,-0.00048822680123192426,-0.00017703105398801305,-3.362091218473862e-05,-1.6451341364722004e-05,1.0,0.0037648322601241476
135,-0.540276871002471,1.036881300269791,0.7100849343455704,-1.5808560228679946,0.17566885411408378,0.5538706006494721
136,-0.009673293984035531,-0.006157713921763065,-0.0009752903891322022,0.010325420874732228,1.0,0.013221664851779289
137,-0.42916599841769437,1.0498132399389093,0.7558511518608282,-1.6407835815763434,0.17521584560690706,0.5460948977010021
138,-0.010324919879740152,-0.005232281716645971,-0.001191668876316103,0.019599361621541186,1.0,0.014472980202199306
139,-0.41268169154834233,1.0318768472530802,0.7752396470524315,-1.6231934604813225,0.17686034658511723,0.5495549324864933
140,-0.0017906649868095895,-0.004093385060390559,-0.0007480357442095769,0.026977198929837645,1.0,0.014705727421762668
141,0.26609280548803393,1.228103482940852,0.7633350436647387,1.7019418739851686,0.17992904206791688,0.5619347290717496
142,-0.0016420256341649411,-0.0034651743215726115,-0.00031246103251728735,-0.020068691321874124,1.0,0.014158837522132952
143,0.308028950052696,1.223774201355557,0.7399487866855388,1.7105425192659842,0.17940876656472987,0.56288349839125
144,-0.0027258671036603736,-0.0032816481737640174,-0.000384250382368008,-0.020452275380697178,1.0,0.014626593742061822
145,0.33767393975988846,1.144305024253887,0.759314228142935,1.6580825796571135,0.17880794701986755,0.5611911251347234
146,0.0006580988488992329,-0.0061136562245414795,-0.00021429908409169326,-0.009594284918917272,1.0,0.013103873125775371
147,0.35110976354529005,-1.198070973238737,0.7297746239015555,-1.6842029322240712,0.17988883274381,0.56275619472495
148,0.003030119253097737,-0.006149225313980144,-0.0002852989985452981,0.009666207141516482,1.0,0.013732301196424242
149,-0.004466714384195434,0.02233054266291902,0.03217282325401879,-0.0049137168813932035,0.18850806451612903,0.8676883064627009
150,-0.00284073619164754,-0.006090100968208541,-0.00022508830590885207,-0.009562644388469698,1.0,0.01309519094098949
151,-0.43852793591614075,-0.9972433549999203,0.76167554920529,1.61245000047868,0.17272727272727273,0.5608527014727025
152,-0.0003279687670108993,-0.006255827704498737,-0.0002924589981989148,0.009960451212433382,1.0,0.013884460920293471
153,-0.006850646128854471,0.02057336142108266,0.03308487336429133,-0.000653250159377094,0.1889564336372847,0.8684981385831038
154,0.002796662607670017,6.382002636978757e-05,8.415369747281914e-05,0.008339123858843282,1.0,0.0023703043069462936
155,-0.0004756731356633664,-0.006412958234357712,-0.0003606732905735363,0.009682862563486832,1.0,0.013394212859569904
156,-0.0009207270962516094,-0.00012560180221857063,-2.5860050937926714e-05,1.7039749953768764e-06,1.0,0.004715865938081539
157,1.2433513402329333,-0.3386466826902752,0.35948411993024504,0.22655297389171586,0.16983967935871744,0.5935577182615652
158,0.00030190586892477663,-0.00011655074181413096,-0.00010664409644137865,0.008683267429408314,1.0,0.013433843641947467
159,1.240618609287692,-0.3480033211012534,0.3574614468375939,0.2211303102703256,0.16908454227113556,0.5925862664742267
160,-0.006747722250903629,0.002297152408245823,-5.846591776215115e-05,-0.020223535120803892,1.0,0.010576720035965171
161,1.1944345787131858,0.45945691174812725,0.3782604232998754,-0.14294457708768255,0.16959357752132465,0.5957158455989134
162,-0.0026349944500592697,-0.002358347588262949,-0.0003692368687863158,-0.008745411202382185,1.0,0.007949117929957821
163,-0.008040482610941325,0.002264061594649633,-2.5700463203743595e-05,-0.011187278264308822,1.0,0.009409163600222665
164,-0.00033115047508836,-0.00012702265215344682,-1.762546741458651e-05,-5.502727708696132e-06,1.0,0.0027106094540491447
165,0.3147373832830004,-1.2215789553199223,0.7309460255941973,-1.7228726294602434,0.1783023606228026,0.5617931433405106
166,-0.0025871679432396266,-0.0023592755944758935,-0.0003670485363655511,-0.00874733372217142,1.0,0.007936714167857586
167,-0.010269123817810435,0.0014824889346462225,-0.00023817319349129384,-0.014350091508591192,1.0,0.009725986314968633
168,-0.0013449395921771253,-0.0004297209795430149,-2.9074204465472764e-05,0.00013693834272238316,1.0,0.008217590912711186
169,-0.44532521639906597,-0.999987779434939,0.7639401327722428,1.6103366266253467,0.1740648379052369,0.5519782427494473
170,-0.007953627120389554,-0.004474744652215302,-0.0005618954573119897,0.031622909754094576,1.0,0.01336214170494091
171,-0.39058106655034863,1.0367444529350944,0.7749081850842946,-1.6277684680818671,0.1735454997513675,0.5532351745785131
172,-0.011748924306828697,-0.0012493573814441588,-0.0005203085074033383,0.0011996249239270022,1.0,0.013610891391111032
173,-0.4263654866217754,1.0396437463342925,0.7527096157545701,-1.6347042974348538,0.1752988047808765,0.5518136895504984
174,-0.010053696484926055,-0.004521471186478717,-0.0007962637018916979,0.02945040773854312,1.0,0.013462388719585536
175,-0.3967108737936023,1.0473417005895076,0.7683286487744847,-1.6357711178405332,0.17543859649122806,0.5491286318918844
176,-0.014920107589890739,-0.0016160652251878385,-0.0008226632647609988,0.0015764710701671022,1.0,0.01359628952235912
177,0.40769899079007654,1.0583234024802946,0.7542222847558421,1.6292185248590416,0.17393483709273183,0.5628821444125413
178,0.00014943043242522978,-0.00310464013405642,0.00028433452641735835,-0.020353337099457587,1.0,0.011878104474481392
179,-0.6401271484440035,0.76486838189289,0.686955743747657,-1.4841035952943529,0.1732477788746298,0.5685725674732935
180,0.0019747511566617607,-0.0020933191789455903,0.0008019290432727045,0.00019437930771126527,1.0,0.011075181290284527
181,-0.6830072533730934,0.7841958330625113,0.6392225673191297,-1.4837512099013634,0.17376237623762375,0.5656175727665838
182,0.00036303323054402237,-0.00435240661381051,-0.0007166999056294824,0.0003387310236750064,1.0,0.011133661406693647
183,0.002443228878311131,-0.002417882248966303,0.0008908798007824866,-0.0012602364433758064,1.0,0.01133627403789281
184,0.5690278089770517,0.679562258308321,0.7346495670942493,1.4952497969355618,0.17576961271102284,0.5824329711744161
185,-0.00020916487245511428,-0.011116917319318055,-0.0007070287456370118,2.798461705644387e-06,1.0,0.010451658138378667
186,-0.0008384633699412005,-9.267077516127828e-05,-4.260965528307686e-05,-3.627726455957937e-06,1.0,0.0044272577572177915
187,-0.62944826043272,0.7331359164747377,0.6992429301269812,-1.4723546245435815,0.17341329335332334,0.5668946055412669
188,0.00047127121163182767,-0.0032023358410705207,0.0009422400259802989,0.0004191771529706021,1.0,0.012217011572747495
189,0.2825924266960939,1.2783070902112732,0.69454170443681,1.7284495172039083,0.17926890335503254,0.5672507473632019
190,-0.002471104433925506,-0.011500699716091727,-0.0005949003588273977,-0.0026672068401840956,1.0,0.010581776385614161
191,0.40560952843608705,1.2263105451624887,0.7027952742030179,1.673215228832886,0.18118118118118118,0.571122692954483
192,-0.0028669233694036842,-0.011935373366092168,-0.0008091487349594465,0.0002525127973893231,1.0,0.009825457774994413
193,0.396641491245433,1.220201383400754,0.7134385290382053,1.6631620183295044,0.18023833167825223,0.5742306398545436
194,0.0018956858782784658,-0.007356079098962824,-0.0005386153721474855,0.02056958672708817,1.0,0.013695672599832882
195,0.2982466012135467,1.2261711525338899,0.741960842748523,1.7034144607131716,0.1763261296660118,0.5613767328495486
196,-0.006415339447354463,-0.004966705560314269,-3.0902800631055394e-05,-0.00017417965891159494,1.0,0.012911875087719517
197,0.2442789583877676,1.2658916380764362,0.7213187071867184,1.741202619493227,0.17707820954254797,0.5627153163409359
198,-0.0014845055961322333,-0.007465842565979176,-0.0006378659971927531,0.021081859744813376,1.0,0.013809601385781566
199,0.2562121058408848,1.2816609544296824,0.6868428076227273,1.760769432357313,0.17757009345794392,0.5647793134823165
200,-0.008585167826441684,-0.0048581412363641755,-0.00020219116920297553,-0.00033003548969462915,1.0,0.01278949324209311
201,0.26168240337780185,1.281396996832818,0.6862780937946642,1.760546439448873,0.17728395061728394,0.5647623522283147
202,-0.0030306113057116633,-0.007960513631386456,-0.0007160176246960583,0.0216727608343322,1.0,0.014139121694768534
203,0.25347273848523294,1.281207207653747,0.6909890047930691,1.759309468303112,0.17679012345679013,0.5653971119587324
204,-0.010841298612456272,-0.004699407236420778,-0.0004255246973701848,-0.0004901155938987011,1.0,0.012725991366145812
205,-0.5226566102806021,1.0020646539969198,0.732451598343984,-1.5821561607125008,0.17226061204343535,0.5545462393504275
206,-0.005105049959449972,-0.00765759163078977,-0.0008599974786965216,0.022088223936059127,1.0,0.014037205705304253
207,-0.418392933561521,1.110789269013593,0.700750542211829,-1.6744258048559508,0.17083946980854198,0.5453105362963464
208,-0.01319698813171623,-0.004465521283440411,-0.000719377252543973,-0.0006662180856344588,1.0,0.012743059394519191
209,-0.40941303874258916,1.072333293333296,0.7585088516965548,-1.6394813005152185,0.16986706056129985,0.5432515272002939
210,-0.007191431505265773,-0.007376062977384648,-0.001054599500401591,0.02248988304484365,1.0,0.0140645634844003
211,-1.2346979230819881,-0.26151346340614917,0.308263664108016,-0.29225144744468196,0.16699507389162563,0.5865574027131114
212,-0.015803724172609827,-0.004121384834960468,-0.0011285620684766287,-0.0008795378373688216,1.0,0.012931712925872247
213,-0.37657887195263967,1.106415674985562,0.7331242960755047,-1.6765644962538466,0.17152743450321306,0.5432752839525081
214,-0.012415104580682427,-0.0058656008247114765,-0.001299500861659747,0.012562968750217302,1.0,0.013781251779887942
215,-0.4029330010408063,1.1072478513702289,0.7177014834004425,-1.677657952371909,0.17237953303527073,0.5434444407903598
216,0.00773611018727681,-0.004682610852543179,-3.355005565478568e-05,-0.00048689272475160037,1.0,0.01252602319662857
217,-0.7000026769370654,0.6933689287994678,0.6508768931112983,-1.450620708391125,0.17239661185849528,0.579328263826523
218,0.0010910818919003687,-0.006282275790504894,-0.00029076450827016787,-0.016272082663775025,1.0,0.013416473339559629
219,-0.6867811735048709,0.7016391745294078,0.6566498176741602,-1.4617918386438216,0.17181274900398405,0.5774563654362422
220,0.004242711716420618,-0.004664464254807224,0.00013093719201127276,-0.0004152265824340996,1.0,0.012472787608703238
221,0.2804468019154733,1.2132561700528484,0.7483414432659888,1.712790766546293,0.1757093081134893,0.560790774197477
222,-0.0010498346792714745,-0.006191871192443113,-0.00024593520928210816,-0.016019616928244385,1.0,0.013336534769012545
223,0.2705846306371055,1.2196165390132117,0.759740428818312,1.6990190718760931,0.17693836978131214,0.5623013398475604
224,0.0006816486495914672,-0.004685888669928653,0.00018734576228901468,-0.00037427575206022717,1.0,0.01248249756989782
225,-0.7196039967136824,0.8272746514561636,0.6569749476991273,-1.4556246710436933,0.1692155895411939,0.5599395825149166
226,0.003409816321518128,-0.006347563858590479,-0.00022940201891632312,0.00916672565158908,1.0,0.01347441307137082
227,-0.6794540413743987,0.8396872275248596,0.6784837710741632,-1.4835077157717562,0.17012858555885263,0.5593387005595839
228,-0.002935640601545829,-0.004738871933221187,0.00011808530598679492,-0.0003219945639309344,1.0,0.012535860594652042
229,-0.6902094108024811,0.8336783185539427,0.6739994061476743,-1.4795789017383612,0.16897918731417244,0.5597694520758706
230,0.00014502787900611574,-0.0064642887233248274,-0.0002484907873244735,0.009469000423697907,1.0,0.013611420105825776
231,0.3274229026125558,1.2203116346132683,0.7318505047622846,1.6894226520570657,0.17823732151649435,0.5648436351039069
232,-0.007964967458712778,-0.006217540128995199,-0.0005398377494119153,-0.009679938566254329,1.0,0.013048444156013632
233,0.2756727599119345,1.275996739919202,0.6831122994602294,1.7601179671156555,0.17771232204221896,0.5656704415645853
234,-0.003389076462535687,-0.006617522830892619,-0.00037227043854642217,0.01000980753489236,1.0,0.013852490467559805
235,0.22707470560627468,1.273125044462888,0.7140950703104176,1.7473338341042486,0.1777449532250123,0.5645817985530257
236,-0.009756170875601952,-0.006048439371805165,-0.0006529922258551526,-0.009808658853715332,1.0,0.01303376615020624
237,0.27419012709800855,1.2832764962569834,0.678009314717689,1.7649472842226783,0.17757009345794392,0.5646305851417212
238,-0.005392168355125611,-0.006644128072535147,-0.0005568055513226611,0.00992823291894591,1.0,0.013325190713526405
239,1.2313043325286792,-0.3762759162038209,0.3662174956530414,0.19277402623430104,0.1675729115175482,0.596027317679752
240,-0.0032663734207043498,-0.006103197644904601,-0.0004869213317771903,0.019130094870600554,1.0,0.014269452543603936
241,0.2784229644528345,1.2834718933737803,0.6788263786400983,1.764264035081351,0.17670286278381048,0.5653517474822864
242,-0.007489426046058695,-0.0064251684913647225,-0.0007429949790766362,0.010130906477706009,1.0,0.013233737803444806
243,0.0049132793186762525,-0.0032487935050541468,0.034605885372040915,-0.008124741186465652,0.18379446640316205,0.868387285061183
244,-0.005492050501888951,-0.00587126347913462,-0.000655676292092123,0.01928656723563459,1.0,0.014215736645966547
245,-0.371399165935648,1.1047234168526845,0.7398840574619895,-1.6650574284388509,0.16994106090373282,0.5441588397604677
246,-0.013107476673870267,-0.0044009697115461885,-0.0007017160473725634,-0.0007514318198784292,1.0,0.012200005909721843
247,-0.40068471322334426,1.1153526199858352,0.7185448138845159,-1.676343236265964,0.1708517971442639,0.5444038094476459
248,-0.005442881138115829,-0.000985398942056236,-0.0006614992083902585,0.0279623932697645,1.0,0.008172349917251213
249,-1.0722951514134242,0.7906789043084228,0.41722195411558677,-0.13840571746065378,0.16715116279069767,0.5937295533389302
250,-0.009884907921816852,-0.002788045904347589,-0.001197419646782903,0.01592072458814076,1.0,0.008047145380292699
251,-0.9628159397475694,0.9089280530829279,0.4421747692912886,-0.24822358940740386,0.1669893514036786,0.5923228690372113
252,-0.009473001466642565,-0.0038857237537864853,-0.0015225146088810521,0.021131716306274508,1.0,0.009395543689741364
253,-0.3170751435607531,-1.210377825649207,0.706676491888473,1.7437972035034324,0.1753623188405797,0.5563726055876513
254,0.0033260611978777315,-0.0003245329351508135,-0.00017317203274071216,-0.012561414011965652,1.0,0.002884850569888094
255,1.2125331570080684,0.46409579238565135,0.3785444433408326,-0.1380848236947195,0.1639506172839506,0.5960779396342663
256,0.0049376764314832036,-0.0005956453799016646,-0.0002497631029333009,-0.0015466910585227255,1.0,0.0018367132226549965
257,0.32810233416817147,-1.227460337509953,0.7188858003228668,-1.7125718776521899,0.17414898865318204,0.5673647683672344
258,0.0009868257066260003,-0.000887225716222254,-0.00019662371680120877,-0.008015248561752291,1.0,0.0028132429474314927
259,0.3188167036281535,-1.2272731201876348,0.712854121592312,-1.7271679129664543,0.17560255779636005,0.5682572309482684
260,0.0037431447066929835,-0.0007164352127672075,-0.00021496369971685266,-0.0009318787057115481,1.0,0.001957959099731125
261,0.34114799481704916,-1.2200929951507995,0.7121935805088837,-1.7109709889793199,0.17658632562715199,0.5681288266885751
262,0.00043449712996453165,-0.0018766485910988806,-0.0004065099902702332,0.0026984415155735936,1.0,0.003759376353418471
263,1.2159851933279804,0.4613838911313292,0.3667549791374319,-0.13287293677004794,0.16634050880626222,0.5924272948956386
264,-0.0007099067421338218,-0.0016576292330762472,-0.00038928355033134043,-0.0009768531722085078,1.0,0.003125243864627432
265,0.3573794558365624,-1.2274617985678624,0.706445504642031,-1.7063679264770355,0.17551622418879056,0.5681554702378938
266,-0.0008958819479077569,-0.0024279134996798213,-0.0004299010767991744,0.005642286181067695,1.0,0.004110472989581837
267,0.3639986415124048,-1.2261689277736783,0.7011436402547307,-1.7081844795956846,0.17667322834645668,0.5696164474550373
268,-0.004035386453823522,-0.00306161313088072,-0.000615516039270195,0.0026779984246288273,1.0,0.005007156988478069
269,0.40301608604190287,-1.2158144804632425,0.6924013055874342,-1.6933757756185372,0.17797443461160276,0.5712517781204068
270,-0.0040337077712971035,-0.004064164895105015,-0.0008377997227257333,0.002790350770952217,1.0,0.006765587034235868
271,0.34927526031279726,-1.2298900649242874,0.7047793139381121,-1.713813572234944,0.17506112469437654,0.5682119533955315
272,-0.0032946012942610295,-0.0032362667369795965,-0.0006279068823176406,0.01416129507823681,1.0,0.0060763271117079696
273,0.3334743631740769,-1.2336373930943516,0.7093240791676955,-1.7205145016445222,0.17293600390815828,0.5649578818372858
274,-0.008331323135397035,-0.003875960966020761,-0.0012349902145420565,0.008198880257089054,1.0,0.009358041882912171
275,0.2855086449656831,-1.2779090271677909,0.6655163088213619,-1.7756309282827156,0.173828125,0.5641901128211857
276,-0.003838194207413802,-0.0035087760109021485,-0.0007222307058955613,0.015903648140073685,1.0,0.006381893538072991
277,0.3372859262432118,-1.2331159808632082,0.702651819905128,-1.7247935496297384,0.17414634146341462,0.5643383146736927
278,-0.009717686904158477,-0.004086801486010234,-0.0014150888418033643,0.0076599459989745945,1.0,0.009229815389127557
279,0.3078576087593924,-1.231792683855761,0.7203065167624558,-1.7261349196083433,0.17365853658536584,0.5637747737219206
280,-0.004916895584426227,-0.007321164185095532,-0.0007985724712742389,0.02373469500326457,1.0,0.014121161499255717
281,-0.34245037733507366,0.07779382963397649,0.8004599759266361,-1.565985586935789,0.16197866149369544,0.5928535022447241
282,-0.011589508315289465,-0.0046536241447950495,-0.0004998406998255871,-0.00040933824144638895,1.0,0.012745498193367746
283,-0.38208944266762057,1.1073151444434903,0.7259658075889668,-1.6777646230744188,0.16731141199226304,0.544816703483604
284,-0.0048844310459003,-0.007335646158815056,-0.0008021370472338781,0.02373179455204673,1.0,0.014138762591808747
285,-0.33679412278373566,1.1050590551374824,0.7522661522240189,-1.6747682239256179,0.16707021791767554,0.5455719962807319
286,-0.01391167032157673,-0.004441791761952351,-0.0007913558026067475,-0.0005714413973563511,1.0,0.012701722907916484
287,-0.38765031250981635,1.1078305748944561,0.7252919468136372,-1.6771377703799222,0.16731328806983511,0.5447594325673357
288,-0.00759617231190583,-0.007306940957256724,-0.0010882140776830097,0.022479695177596164,1.0,0.014071297905908312
289,-0.3450505937423796,1.1123363926961483,0.7392525666165295,-1.6839778071045204,0.16828793774319067,0.5458787293846966
290,-0.016414954256027292,-0.0041492492610555615,-0.0011750183040703114,-0.0007600741433803934,1.0,0.012805087116956852
291,-0.37511223456102827,1.1093467703253568,0.730939617398597,-1.6808303631923405,0.16919315403422983,0.5430070766673042
292,-0.009831283503375591,-0.00698768374459535,-0.0013522131387022065,0.022887077901346274,1.0,0.014275846892680343
293,-0.5041525002405928,1.052882349657949,0.7270039356959151,-1.6005997400316427,0.17001469867711905,0.5490070640658026
294,0.0069384824516720385,-0.004681215202939404,-2.5404091106295247e-05,-0.00040284195359842866,1.0,0.012640891902976677
295,0.5998302095025663,0.8371906022529546,0.7404949483242873,1.5034461879840848,0.1706601466992665,0.5656751172076777
296,-0.002385620304760395,-0.007783682805048486,-0.0004925411777096589,-0.020792392966338346,1.0,0.013774620717270555
297,0.31954952447331125,1.2244550452126537,0.7404928258798879,1.6996416163965058,0.17479074347612014,0.5638460696340234
298,0.003500588283796163,-0.004676475370853124,0.00012520489088965061,-0.00031969835518039826,1.0,0.012653440300966753
299,0.28614279026691114,1.220551058502219,0.7530735058761757,1.7026130127904064,0.17461878996556812,0.5622247545908913
300,-0.0037710361059100314,-0.0074135020682371275,-0.0004903260589179879,-0.020516615071874588,1.0,0.013468384384863212
301,0.32581052006894495,1.2192531630173284,0.7354652167780852,1.6901216965327772,0.1763841254287114,0.5642632806242621
302,0.0006849497117846156,-0.004912356415502487,0.0002475132862568911,-0.0005227282937541411,1.0,0.012369160594541394
303,-0.6803425539986795,0.8367204465161948,0.6813271963082373,-1.4800290076043021,0.1690558576371725,0.5604721392795765
304,0.0007183303445120791,-0.007661715226109869,-0.0005445949082854775,-6.640109094191321e-05,1.0,0.014501899147419546
305,-0.0057423500236385835,0.0016371396537502429,0.03219791181409167,0.004091584606875107,0.1863230921704658,0.8691665907480615
306,-0.002669245535666556,-0.004819281531579334,0.00014569558098801488,-0.0002763687687907953,1.0,0.012688503969084865
307,-0.003336341695323986,-0.00047026980110287674,0.033022014853958934,0.0024260109366277516,0.18582755203171458,0.8687170479159811
308,-0.0024520260429774995,-0.007667526241007658,-0.0005837758993175506,-4.183365373882157e-05,1.0,0.014504545544479552
309,0.0034739520943374387,-0.004583917499227167,0.034025765502490354,0.003367660628293619,0.18654884634266078,0.8692801582763011
310,-0.00475675345033621,-0.004731278767709238,4.9264818003691545e-05,-0.00045595564543591903,1.0,0.01260950113918615
311,0.28034065461178803,1.2773155544524928,0.6840934730106316,1.7494756797198023,0.17518248175182483,0.5660968480069729
312,0.0005226786420205135,-0.007769536060491175,-0.0005719522397014745,0.020945960588351346,1.0,0.013906558588922905
313,0.25283687408214184,1.2831577338234819,0.688436299559971,1.7559645455071577,0.17440156326331216,0.5663461351852229
314,-0.006476336747241964,-0.004949770366402318,-3.104616658463658e-05,-0.0001820413290221322,1.0,0.012870757980610402
315,0.24913199809499215,1.2794549059328355,0.691423999421149,1.7573298431289133,0.17609756097560975,0.5646349305784812
316,-0.0036682792758572693,-0.0033809956824610047,-0.000696298210764279,0.015463438662526962,1.0,0.005920855473839466
317,0.27708956690065395,-1.2319651371345037,0.7290910559432849,-1.7223804189842995,0.17269657501205982,0.564022920443914
318,-0.004088232653187429,-0.0016718690498259674,-0.0003450710384530767,0.023537231061421294,1.0,0.009385201482145432
319,0.3047485915396376,-1.2267521694021388,0.7263048403688371,-1.7197495440755368,0.1718146718146718,0.5636981648977542
320,-0.00763122269301015,-0.003232355547998754,-0.001045892631827083,0.02041253392316726,1.0,0.0076887230969426455
321,0.27304449890699384,-1.2300421257088658,0.7348035467818468,-1.7232692817090616,0.17236398651901783,0.5625806096982636
322,-0.005310348667561727,-0.0015966106295912648,-0.00042695855926716574,0.023314260538357088,1.0,0.009156050067079001
323,-1.0939361769490652,0.7658317167313765,0.4154361226349717,-0.11399402371403036,0.16714697406340057,0.5973917369310838
324,-0.0077804815354540185,-0.0018604866141862654,-0.0006919170874551816,0.022781555537294832,1.0,0.00793140763056763
325,-0.338581743295852,-1.2070970129533296,0.7086702229072679,1.7307986575582273,0.1729106628242075,0.5557085072875819
326,-0.006537171872740451,-0.0014695952738602018,-0.0005230800187066431,0.023085642875907038,1.0,0.009053093746584273
327,-0.33794760247722305,-1.2163361607367686,0.6898308835146711,1.7415406518542935,0.1728927203065134,0.5587241223243817
328,-0.007076751766713707,-0.0018495790177355449,-0.0006813925842764481,0.02247358958223105,1.0,0.008295599135845762
329,-0.34198091655963286,-1.2079769931139575,0.7003176771295303,1.733652153991419,0.1726446676231468,0.5557613936444873
330,-0.01212560159446413,-0.003863246050996181,-0.0017524020626752126,0.010431046223996073,1.0,0.00871658521921723
331,-0.33386065567898354,-1.2091505053821063,0.69879813414197,1.744009004606585,0.17410071942446043,0.5562306070052959
332,-0.011970282785859787,-0.003474744424914412,-0.0014499170332955074,0.011269929412238627,1.0,0.007857035195786987
333,-0.3340818713723904,-1.2050069555702847,0.7084037338469661,1.7363562190035584,0.1733909702209414,0.5558133321972609
334,0.007902822647084697,-0.001379430333000642,-0.0008005263750937714,-0.005382707938541692,1.0,0.004851710305739468
335,0.28589726211204114,-1.2244587497773989,0.7379902047677014,-1.709919801049579,0.17302052785923755,0.5672651860716763
336,0.000671359567334657,-0.002281733233013985,-0.0003096586029964558,-0.00755575355822186,1.0,0.004057530610498703
337,0.26366681731707386,-1.2197159072730832,0.7437357530041218,-1.7158517610172244,0.17420924574209246,0.5682795555419078
338,0.004001513318236359,-0.0015547408324793062,-0.0005782336090352709,-0.0017398905878349272,1.0,0.0035580870907809424
339,0.32419601238299117,-1.2057859641355542,0.7291768153351623,-1.697462080326701,0.17420924574209246,0.5664335694701675
340,0.0004402712253161926,-0.003190927862249476,-0.00042762163589920454,0.002217772669314627,1.0,0.004296097985035453
341,0.3317379067738973,-1.2048316176542062,0.7265152147730126,-1.6966308282874634,0.17541302235179787,0.5696073986240827
342,5.7925082009725554e-05,-0.0019520497485161347,-0.0005322245175513192,-0.00030161348473484807,1.0,0.00352399790016139
343,0.36326647991883265,-1.2041422340275862,0.7190473704357062,-1.6854798509664477,0.17658536585365853,0.5725268938912536
344,0.00043128297034473686,-0.00342722119184058,-0.000476985698687364,0.0020312114750647785,1.0,0.00438354367062693
345,0.30248914270577887,-1.2291692623875305,0.7289309791367445,-1.7124659121626986,0.17489008304836345,0.5658028625421836
346,-0.004655422049463036,-0.0022616565374186026,-0.0008014504954475185,0.0008816087946359385,1.0,0.00448964725512673
347,0.3539052140357451,-1.2149551160115568,0.7207780102767668,-1.68916062970934,0.17647058823529413,0.5708980161994373
348,-0.002456526157937128,-0.00373657591158904,-0.0006741187234635058,0.0062655544598029895,1.0,0.0058356851284420185
349,0.3457481497084013,-1.2248634039339243,0.7109690202840797,-1.7047671810183316,0.17546432062561096,0.5709935655057834
350,-0.00532155681330866,-0.003633731530593824,-0.0008561512202545088,0.00109611731063461,1.0,0.005537879871772453
351,0.3354187556867024,-1.2239032164626653,0.7226683948671716,-1.6998033318850385,0.1733009708737864,0.5684515048329394
352,-0.007197973253906789,-0.003850856908753437,-0.00109215779055067,0.010228523792677678,1.0,0.00847749356506138
353,0.26786125367728203,-1.2787387079188102,0.6758619577044226,-1.7708524493748283,0.17243058938139308,0.5640941407221455
354,-0.005797877065592353,-0.0032139768349053396,-0.00110886910960975,0.019981824496432158,1.0,0.008579137502764171
355,0.33311394027915014,-1.2414436290322355,0.6961465729998899,-1.7270343735346705,0.17281553398058253,0.5638953719472213
356,-0.002972651556416156,-0.007461760644368311,-0.0007152078382234649,0.021194361736228268,1.0,0.014543621642127717
357,1.1825797360344659,0.5160143657116799,0.36677098534436825,-0.09218629599882414,0.16279069767441862,0.5892995870074303
358,-0.003747992959248501,-0.006546170348628061,-0.0005244168741675296,0.019297318280802892,1.0,0.014365118016885937
359,0.010324447490961714,0.005472025748226136,0.03451008434126837,0.014865771917273939,0.1833575229801645,0.8692385143798963
360,-0.008679567345309579,-0.005723171461263792,-0.0007347139353824293,0.008824943559329574,1.0,0.01380761565834802
361,-0.3979505222838348,1.1123195550830993,0.7267095742810419,-1.6692781037036082,0.16779497098646035,0.5461280578972457
362,-0.005843560171255608,-0.006051312682623475,-0.0006303953559047902,0.019232119782891185,1.0,0.014069129328007758
363,-0.4354256693779242,1.065290393882325,0.7525876334735131,-1.6177855604433826,0.16826923076923078,0.546322353727311
364,-0.010301389238865102,-0.005731313679605675,-0.0010010126234097905,0.011112574868990043,1.0,0.013808039917603323
365,-0.3780249471161452,1.1185040669431767,0.7265102651036792,-1.6820118214194801,0.16739025566811386,0.5450932895940978
366,-0.00822053029405274,-0.005756899214733379,-0.0008606600789132432,0.01938463668109255,1.0,0.014129412779714488
367,-0.4483639030272932,1.0574885308083106,0.7520709491753731,-1.6136251633495522,0.1686746987951807,0.5497235197477962
368,-0.010246729420151245,-0.005955246692930639,-0.0010442466611843759,0.010816283105436019,1.0,0.01345869351120904
369,-0.3714021326565408,1.1179037271701422,0.7294547721421166,-1.6857288088631173,0.16827852998065765,0.5456088396451962
370,-0.010638605948013663,-0.005429952327241957,-0.0011681963158576359,0.019538781308223223,1.0,0.014347184090540794
371,-0.34687408470448655,1.1057949805103855,0.7472673791888103,-1.6782207782433307,0.16893865628042842,0.5433293327468218
372,-0.012576781270686448,-0.005643105777390681,-0.0013474305416990148,0.011014141843425423,1.0,0.013553869921323632
373,-0.3713090079637862,1.1159980656416226,0.7317813419337886,-1.6835520725776973,0.16926829268292684,0.5468493481031115
374,0.004162391248523893,-0.00622572020166218,-0.0002958896913959554,-0.009838715989191636,1.0,0.013242975145741851
375,-0.6495763987464359,0.9686755751458022,0.6670655529566717,-1.5217418423059952,0.1698389458272328,0.5681987840442572
376,0.0032427198304599654,-0.0043619929305831065,0.00015176951190666563,-0.00019404309032737663,1.0,0.012427908544708313
377,0.5514981776464272,0.5185618951956203,0.7402104563494765,1.4845791025886586,0.16552734375,0.579770984477102
378,0.0007977460129416559,-0.006163745455894836,-0.00019693349201913016,-0.009516601026048871,1.0,0.013226712136850744
379,0.5311674728887091,0.998841554941398,0.7312203854210468,1.5720919955863983,0.171875,0.5646748016409197
380,0.0018414401291779996,-0.004402215445295733,0.00017819693251544527,2.1555753604585805e-05,1.0,0.012732405882633784
381,0.3239587376441354,1.20760476699196,0.7493221467268372,1.6799613582612944,0.174356483729966,0.5627768838133855
382,-0.0024784242102247954,-0.0061221444697232424,-0.00019842564304525107,-0.009396058846364156,1.0,0.013162583073922565
383,-0.6450077010518754,0.7610920038718618,0.7083317447411918,-1.4674174942744065,0.16731328806983511,0.5625421892147371
384,0.00019268463495979182,-0.00468563653722251,0.0001697108249647043,-0.0002423356330265197,1.0,0.012652721546270392
385,-0.6471960054478827,0.8399849069316184,0.7078178411907969,-1.4904003292633419,0.16755706653715396,0.5583224236704519
386,-0.0023365841486006123,-0.007350023059649584,-0.0005204928557699938,0.0016687295038420294,1.0,0.01431196165891849
387,-0.6248292878833326,0.7623713485282498,0.7168295246974623,-1.4848994082223959,0.16755966877739892,0.5650175213083888
388,-0.0033772561503298566,-0.004772947140215187,0.00011171714736340337,-0.00018063320017039112,1.0,0.012792639386162182
389,0.3442045292413084,1.222965048394005,0.7313140539739079,1.680283142505509,0.17658442186744072,0.567538106307915
390,0.002196537184003066,-0.00702158779680822,-0.0004794395606874879,0.022226609717967423,1.0,0.013783031182430074
391,0.30044066526956803,1.2727293840516491,0.6819989025659803,1.746416109377192,0.17471042471042472,0.5660465205425492
392,-0.007233743449447722,-0.004910109215628428,-8.696781249767375e-05,-0.00010479824158876593,1.0,0.013050857551792106
393,0.2471099716934166,1.278085631893395,0.6959968375828984,1.7535885182217075,0.17376573088092934,0.5654398977173756
394,0.0002592303523505539,-0.007741779201948079,-0.0005743105346050148,0.020923856741780798,1.0,0.01388050094390601
395,1.232351460501591,-0.4105874200271891,0.3583608071830872,0.1614819181580173,0.1621490803484995,0.5907173768845045
396,-0.009403621939909762,-0.004821661782102695,-0.0002661203464639901,-0.00025669139760363196,1.0,0.012889494772111012
397,1.2288864171985185,-0.4160735372813301,0.3613374612438174,0.15652729103225607,0.16118102613746368,0.5896812935751813
398,-0.0031869922427832866,-0.00794061812423484,-0.000715805536166583,0.021660234495357516,1.0,0.014105833685271801
399,1.2352058719500794,-0.4072874690506788,0.35704431294737293,0.16403983497674837,0.16116504854368932,0.5908113592279367
400,-0.0021628890297915745,-0.00332664243137977,0.0009179406681452603,0.002114153819359288,1.0,0.01250229329599012
401,0.3636640741469468,1.2287016392479193,0.7221899479919713,1.6751326619311764,0.1736613603473227,0.5717529223597743
402,0.0022530625136702887,-0.011234366918373154,-0.0005681605470217488,0.016294488835266855,1.0,0.0100349512671469
403,0.3356199338594731,1.2826938241498718,0.6655060570059427,1.7319333315785637,0.17249640632486823,0.5678993583692896
404,-0.005814462566376164,-0.003093865116754994,0.0006961112014244465,0.006247328188280057,1.0,0.012613975930793794
405,0.2478150063109073,1.2848458205082431,0.6953749417374441,1.7518223658922658,0.16962146621945376,0.5640419393086524
406,0.0013414703148059287,-0.00349173204752407,0.00011993407706170639,0.023460843802722238,1.0,0.011752495338374785
407,0.3217149316912464,1.2261351552154633,0.7211343756383634,1.71397787288722,0.17000955109837632,0.5618498220305471
408,-0.0084739830690062,-0.002429809057399146,0.0004453343286816423,0.0061442306840315914,1.0,0.012050383467205928
409,0.32744314075917386,1.1310180502611855,0.7483904920500818,1.6824469564919509,0.16793168880455409,0.5573025570454853
410,-0.0013182922338740397,-0.0036545122494500287,3.62602781925832e-05,0.025428542112296032,1.0,0.012058242072859526
411,0.2274333436988075,1.2738344915483655,0.7087126944196005,1.7547935325862654,0.17319490325625295,0.5590778493311103
412,-0.01155550995716169,-0.00391760670713224,1.2631409575979374e-05,0.005481687269903617,1.0,0.013066240589510798
413,0.38461251633487453,1.0732068887614745,0.7761947359098819,1.6346802067509432,0.16889952153110047,0.5605721756424733
414,0.004239122640776333,-0.004546652642429176,0.0002716567912900297,-0.020768277579666417,1.0,0.012574196055536925
415,0.2979986085407612,1.229552776020319,0.7316960659781673,1.7015004973754022,0.17109714838086032,0.5666752490465733
416,0.011277784405023084,-0.00484920022367232,0.0002491528901723015,-0.003081841099078986,1.0,0.011850319834908432
417,-0.398453556228053,1.1229452463989649,0.7233230867423225,-1.665007103813439,0.16466056812710642,0.5454224047119091
418,0.00427365387927924,-0.004552127563194421,0.00027294884972422936,-0.020765248753763395,1.0,0.01256942367115058
419,-0.4253821170474152,1.127719807454477,0.7097319434390066,-1.6618237791480002,0.16546416546416545,0.5493487632569425
420,0.009067539604490665,-0.003654528575602095,0.0006425698493111166,-0.005116729945075023,1.0,0.012325673432944878
421,-0.669029930405044,0.790117945947588,0.6533884806068289,-1.4956972527979993,0.16690856313497823,0.5666063974931091
422,0.002076213217420678,-0.003672156031129929,0.00025116559829987955,-0.020515987568478125,1.0,0.011743224685123224
423,-0.6659872010999816,0.7793575123961144,0.657285591758072,-1.49292987991549,0.1664247701983551,0.5660154090294187
424,0.005985355131348849,-0.002867779457345093,0.0007647048970061202,-0.0025312797717377076,1.0,0.01153135285956485
425,-0.670920745912403,0.7762283645966375,0.6566593610956557,-1.4893617538765425,0.16546068499758804,0.5663784181812698
426,0.0003202740917261271,-0.0037386884249436788,0.000284875451261997,-0.02283198911321714,1.0,0.011921945322409613
427,0.5034094590230829,0.7286764819484988,0.776210684666848,1.5183203942693906,0.1708253358925144,0.586341266647961
428,0.005094423483647315,-0.0027581417048620216,0.0007907947144005214,0.001814074664640254,1.0,0.01120816605781644
429,-0.7006836343491605,0.7543541048150502,0.6380453956111748,-1.4605956811456056,0.16762452107279693,0.568529302182712
430,-0.0012937483639760576,-0.0030551064506206755,0.00047788166197559195,-0.016370534405660747,1.0,0.011568007924595844
431,0.48522778132198285,0.6883208458657498,0.783228482222641,1.5223837078164337,0.16904083570750236,0.5819008184588103
432,0.002783430179017659,-0.0021271866944329023,0.0008016870156496294,-8.04887215732402e-05,1.0,0.010893674967800762
433,0.43121050245412074,0.9900396627636329,0.7898759874428603,1.5926396891555474,0.17194142654700048,0.5576002751100795
434,0.002923787950769988,-0.01316318094034503,-0.0004879797131948957,0.007920559125411836,1.0,0.010174523930111144
435,0.5468609714660959,0.711718387032706,0.7481468296329675,1.497952670113344,0.17193486590038315,0.59059937465625
436,0.001209289781280182,-0.004830607106507636,0.0007881432523547744,-2.0839376321748562e-05,1.0,0.012173851875010638
437,0.2883532976870206,1.2627408458866207,0.7023843778994889,1.730461438128656,0.17123617123617124,0.5665026717590788
438,0.0019910899272487493,-0.013032152950874239,-0.0004542382235239283,0.008393627150025033,1.0,0.010016978115497443
439,0.3581474628299239,0.2481058059147246,0.7951325162054528,1.551108759533613,0.16248794599807137,0.6011189237707519
440,-0.0015973045979939301,-0.004032867159282013,0.000636616271480428,0.001786354025602861,1.0,0.011450415170260275
441,0.30825380715109735,1.2830224195595485,0.6734234368651534,1.7370922888045621,0.17349397590361446,0.568692621744634
442,0.0025460938973422805,-0.007928002592542298,0.00012282939576344662,0.00944015920492761,1.0,0.011198021765634256
443,0.2512600673468893,1.2896661696371154,0.6878662942100984,1.753114194447042,0.1707434052757794,0.5675880927932179
444,-0.006452879121891623,-0.012360760238805498,-0.001011401919890977,-0.006777446383963212,1.0,0.008999428087976966
445,0.27366897591305667,1.2951029201350348,0.6728839608991164,1.7663725601684175,0.17048710601719197,0.5654811562488037
446,-0.00023505689057812221,-0.00822345185372804,0.0001080104514324903,0.010064676355607117,1.0,0.011650444215932013
447,0.241993694636372,1.2816552143936972,0.6987521552152806,1.753509217306387,0.16985645933014354,0.56430825488426
448,-0.0033048124107878294,-0.006355519191866841,-0.0005271187111477584,0.019375748217494944,1.0,0.014517390868428862
449,1.2089089298803364,-0.4412234222886239,0.39246424508380523,0.13602203014171524,0.16186359269932757,0.5908485996762249
450,-0.0054432566635114555,-0.006626682252645668,-0.000556337261786882,0.009931909005735724,1.0,0.01331431544554063
451,1.2095710211754478,0.46466022096068565,0.3810743315545173,-0.13441726663853537,0.1611969111969112,0.5908814570181948
452,-0.0033511490854933267,-0.006361676087817063,-0.0005359809919161728,0.019362680309607406,1.0,0.014519651636622697
453,-0.3913898959050103,1.1046252498939644,0.7423141706889392,-1.6548139925855907,0.16481927710843375,0.5473517509915886
454,0.006802616333324146,-0.006506231795339994,-0.00037760778957814816,0.00876091093987624,1.0,0.013058327339347446
455,-0.48696099691183564,1.0489398596117012,0.7312817867670638,-1.6181480407039674,0.16408518877057116,0.5500287553606307
456,0.010316417051735322,-0.005903900732577882,-0.0007778647475605724,-0.01045791004419706,1.0,0.013460707191746786
457,-0.4065492723664475,-1.042525226159246,0.7522440484965061,1.655188472932311,0.16650485436893203,0.5529044490863455
458,0.007208320504279092,-0.006025971557426833,-0.0005663272257269712,-0.018867841550268535,1.0,0.0138705011723956
459,-0.43449082723727417,-1.068979496150938,0.7397480695318975,1.6460865676075038,0.165620473201352,0.549527900143839
460,0.008136295628152528,-0.00613422268988153,-0.0005837118044923126,-0.01024373851668751,1.0,0.013613468581057673
461,0.0013482386301314395,0.011928020207422655,0.03157636530182777,0.0019854649604909235,0.18221574344023322,0.8677468074530424
462,0.0026789097130938164,-0.006759249802262523,-0.0005371821201170455,-0.023543416689048854,1.0,0.01405702100837744
463,-0.540503234442506,1.0263135899246238,0.692917273331694,-1.6110202490305363,0.16366293229420362,0.5606010700337622
464,0.0036495907865635264,-0.006810380845953422,-0.0006014861274410561,-0.019636935994056966,1.0,0.013651848139097469
465,-0.0005230456286413752,0.006557997755759564,0.03276104285382149,-0.0022250527136605048,0.1815519765739385,0.8680032505628992
466,0.0012427984195328564,-0.005736044382093845,-0.00028637326658215184,-0.017703385887321482,1.0,0.013731977555702518
467,-0.0007377853110474173,0.005030616470246558,0.03305045616447004,-0.011657167848648389,0.18106796116504853,0.8690063174825128
468,0.004086786947590834,-0.006434482046498319,-0.00037000271374781945,-0.009660173761856076,1.0,0.012839177447908107
469,0.002431206359409342,0.00421130231588167,0.03308053485458525,-0.0038819894286557985,0.18045476536042573,0.8684366186082919
470,-0.0019652030872047907,-0.005679784136472003,-0.00024657012930692757,-0.01761060078486412,1.0,0.013699501877953496
471,0.004274569219086654,0.0012775801231394528,0.03290149929365847,-0.008325857080104256,0.17966101694915254,0.8679677282227793
472,0.0006456902230404765,-0.006129310167689207,-0.0002094070944390625,-0.00959782053929501,1.0,0.013124406706596122
473,0.00019690950265437634,0.004843865024965684,0.032647955878794856,-0.0051294434327204905,0.18031992244304412,0.8682602785192978
474,-0.0019449615306247445,-0.005665732405487493,-0.0002404786979489231,-0.017613779699657536,1.0,0.013690525398279663
475,-0.4399113047711571,1.029033178594176,0.7550259555933504,-1.628550475272511,0.16488845780795344,0.5558894557871666
476,-0.002865432505852904,-0.006095984209005477,-0.00022640190259497905,-0.009566151468700218,1.0,0.013105962082389148
477,0.44664660898352254,-0.3543471824577789,0.7785720363967734,-1.5061254411818044,0.16121270452358036,0.5783749972587636
478,0.0030619158999218945,-0.006375410411522303,-0.0003280854125184072,0.00938467982478049,1.0,0.013412110418811362
479,-0.6570215518121978,-0.7612833462214776,0.6947202971192844,1.4761957142276303,0.16803081367356765,0.5651087027085754
480,-0.00478608071003856,-0.006244408491013473,-0.0002960299740087522,-0.009694585226855927,1.0,0.013259026377997694
481,-0.0016903855708396375,0.019058935776937277,0.0337008151927145,-0.004557640159904927,0.18164251207729468,0.8689085974395724
482,-0.0002838036572149288,-0.0064741460058519535,-0.00032936738314150865,0.009677240339288162,1.0,0.013566391413988967
483,0.00702534124665909,0.001330754588370694,0.03168728663117498,0.00028499164547705734,0.18115942028985507,0.8685503568452806
484,-0.006367696549074024,-0.006062976007473831,-0.00034654741585650505,-0.009713273242621178,1.0,0.013139423272034143
485,1.242330781984511,0.44139146139214397,0.3718008027915263,-0.1421571004071587,0.1671455938697318,0.6045118089875621
486,-0.007171664322903633,-0.004705352271115349,-8.740947046111149e-05,-1.4984408333930797e-05,1.0,0.01298110223893504
487,1.2235943469055026,-0.42333102777553394,0.379914028006393,0.15025903865179,0.16170825335892514,0.5911141726132577
488,-0.0008282015466392468,-0.006118472662754718,-0.0002941208049631814,0.01813189682660907,1.0,0.013865801548106899
489,1.243674792068206,-0.35707195415328163,0.3578067938971468,0.20692693624290376,0.16377649325626203,0.5963938234213227
490,-0.009341467904835492,-0.004804344290539763,-0.000266034781559573,-0.00025312093521973164,1.0,0.0128679887486718
491,1.2053024564524066,0.46850874145610655,0.38580013508668,-0.13118706415479078,0.16200578592092574,0.5904142785942395
492,0.0002007529707101026,-0.004468254927401074,-0.0004184847220244512,0.02254527039057032,1.0,0.0095308946382284
493,0.46466946756073907,0.54688223536907,0.8013743428735843,1.5162521066153813,0.19084296106118956,0.5694717827101741
494,-0.005279820498380782,-0.004962739965225172,-0.0003554833263722731,0.014089405415075201,1.0,0.01112406545387096
495,0.23977588537263542,0.006769032607171578,0.8586347994034508,1.5670256967746805,0.19908751555371215,0.5428812877800648
496,-0.0007044802628282212,-0.007336876493365402,-0.0006853659244513257,-0.014272195930506514,1.0,0.008646153540501486
497,0.253891655487734,-0.00916216219845123,0.8621200239714718,1.5781215141011005,0.19935301253538212,0.5436343760759011
498,0.00895438745725834,-0.0028156604563993035,0.0005095559538472462,-0.0017177823596604288,1.0,0.011502062087259561
499,0.5337948550763011,0.5289361385324891,0.7392309543915471,1.497885316968661,0.16771998055420514,0.5814061575201548
500,0.00512855479728445,-0.0024543516366600355,6.593664175795495e-05,-0.0234002182019356,1.0,0.011876941215239724
501,-0.5078368608179228,0.9975920073267783,0.7472935230735045,-1.5771591093811512,0.17034548944337813,0.5632286520646657
502,0.008244748927563496,-0.0019728925840530286,0.000456255689259791,-0.0064401063164827715,1.0,0.011353657675618188
503,-0.3524873728561243,1.1326630971024552,0.7214621178171607,-1.7046090588248364,0.16571155682903535,0.5437840858904719
504,0.002541598010806377,-0.002378121446990361,5.8414922715424345e-05,-0.0270085537591538,1.0,0.011618918361435788
505,-0.31585699289470026,1.1210342832468385,0.747173634999415,-1.6995571403656968,0.16603951081843837,0.5452386135201893
506,0.006432239172697807,-0.0013618139407687432,0.0006676678934198556,-0.0035150146965248737,1.0,0.010837401175651261
507,-0.32129419224735706,1.0965314494250893,0.7581976501767366,-1.697452300906321,0.16651333946642136,0.5449322192727644
508,0.00042289601220701,-0.0017300382982838,4.50100059505784e-05,-0.025931820993594243,1.0,0.010830332092252115
509,-0.3564909605993815,1.0379787486549612,0.8071788731148524,-1.6346695087659986,0.1763382816014395,0.5369241505354627
510,0.004305180659294053,-0.0007391940120890916,0.000709060994328103,-0.006085251546939287,1.0,0.01054187687558746
511,-0.5451098416231928,0.8280506206099925,0.770388699771101,-1.535243072136435,0.18602620087336244,0.5420247710113285
512,-0.002870634498494875,-0.0012918755684840884,4.258716723239815e-05,-0.02304555427973447,1.0,0.01033295511785811
513,-0.2814425905090077,0.1763344566634371,0.8494716405665469,-1.5606937900935938,0.19630096679277007,0.5757792601725715
514,0.0020775724172855956,0.0005963509341834899,0.0009081768089365392,-0.00421818343949767,1.0,0.010344114383348068
515,-0.33481339309395364,0.3084067824745388,0.8428008690309349,-1.544565459646241,0.19943019943019943,0.5739074736456135
516,0.009966195542400452,-0.0034810653046249283,-0.000531557487902258,0.015988339404053243,1.0,0.00836301121645704
517,-0.005702279735586615,-0.0009461472432314318,-0.010124948313458336,0.005218645061548154,0.22987585102122546,0.8681707728542539
518,-0.00017666177147133256,-0.0022768738892220133,0.0008771957301168811,0.002051808365332229,1.0,0.010519686671131779
519,-0.7493998558400355,0.7544421567294317,0.5942202472742472,-1.4415021214191168,0.16905444126074498,0.5686407280180187
520,0.0003256938155272516,-0.011049082794156936,-0.0006114493231932422,0.00028324130347871286,1.0,0.010460342548261267
521,-0.6966688538260328,0.7950964360879906,0.6380483977135368,-1.4778153384571326,0.16817532158170556,0.568136133190132
522,-0.0011105401086070584,-0.0015380154439439693,0.0007353144997259213,-0.001106620397521769,1.0,0.010436867065529949
523,0.4054087777527898,0.3489929031824834,0.7811294245348135,1.5369180337852981,0.16335227272727273,0.5965988259661809
524,0.004976899359332469,-0.00570064702872534,-0.00030230291061716913,0.02008643626037815,1.0,0.009705243750016168
525,0.25956060143264514,1.2865188273802635,0.696308004341802,1.7493244635560807,0.17790262172284643,0.5546512151753423
526,-0.003040272052685841,-0.001388553578691247,0.0008133687944968455,0.0018577950409287508,1.0,0.011021702046105636
527,-0.31741232771787264,1.142087141115843,0.7398869610453201,-1.7007616358687176,0.16697332106715732,0.5378404604783487
528,0.003842293028246941,-0.0052417649865102705,-0.0003643054100439522,0.01839613003348721,1.0,0.009145338283104805
529,-0.363801706713294,1.131540871361204,0.7237028625441085,-1.6920100335118449,0.17235106866757616,0.5386663990652206
530,-0.00722333583316391,-0.0009112692361557263,0.00047769160126741284,0.007901804195867147,1.0,0.0114790002439467
531,-0.34681274640835175,1.04210407527653,0.8080450898056766,-1.641732649522264,0.18,0.5298303247725216
532,7.282350668860114e-05,-0.004812930241404618,-0.0004780750114162759,0.020943522769201483,1.0,0.009286034001919888
533,0.29002597293909077,0.2180145701192866,0.8405763104319968,1.5569098352643524,0.1847545219638243,0.5682030092333341
534,-0.0045858113137819435,-0.004927786222469698,-0.00031225227062383476,0.01381649167952191,1.0,0.010034383573649872
535,0.25931310112448325,-0.14145349666315113,0.8547029724779864,1.5819008823598657,0.2009151414309484,0.5669630379832414
536,-0.0049614192138312556,-0.0003124374215253438,-0.0004301073592205,0.028706181470032,1.0,0.010909587052375515
537,-0.3252239922890111,0.16136000924648392,0.8355363530145861,-1.5495325128867103,0.20610997963340122,0.5632060480197083
538,-0.006456661926504185,-0.008364467681154227,-4.996421412441506e-05,0.0020523825846381683,1.0,0.010699801016289886
539,0.2536504007981065,1.2828862813792126,0.6923165125136773,1.7645604580845164,0.17200191113234592,0.5621330057348125
540,0.005708097015141091,-0.0035561798012811252,0.00024650301595000805,-0.01702019295152021,1.0,0.01189002340532249
541,0.4668265821487688,0.6468625430492836,0.7893241251828451,1.5229939534093888,0.17025346724055476,0.5872150262950558
542,0.01011759043098243,-0.0017152289329484126,0.00043607428637625035,-0.006700125333149273,1.0,0.01120040926387641
543,-0.34495521845128246,1.1504652866110008,0.7291809427132954,-1.6926521063798725,0.16658801321378008,0.5496827461039397
544,0.005196396382471991,-0.0017716221816494468,0.000259950012735696,-0.018083724987041194,1.0,0.010592170300816859
545,-0.3588975810711863,1.153898038471745,0.7150297420946329,-1.7078396082071918,0.16666666666666666,0.5476094824316864
546,0.00832083658917449,-0.0016571145833789163,0.0005688565111254398,-0.00914451788126302,1.0,0.011528789376173383
547,-0.3182519173830818,1.1316443676895356,0.7454156262765234,-1.6977726725793487,0.1632088520055325,0.5388591030363579
548,0.001392831731464964,-0.0009166703485889224,0.0004128807233911361,-0.018286261684362485,1.0,0.010579107795621313
549,-0.41419434370990055,1.0417991966431663,0.7709456982697336,-1.6383394251730585,0.1665158371040724,0.544533421716247
550,0.005433464234965136,-0.001326213468436892,0.0007410880776648754,-0.006241641520264139,1.0,0.0109005693821167
551,-0.3872783051777445,1.034240277858273,0.7983808909868982,-1.6242545257136363,0.1777482269503546,0.5297372454236892
552,0.00033958744819328134,-0.000365586523679941,0.000352505076191105,-0.021658061371692256,1.0,0.010376214807941514
553,-0.49762722367690126,0.7003867160331662,0.7911910668404343,-1.5333138061833722,0.19202743249035575,0.5533411495405816
554,0.002486934249830683,5.142250841711631e-05,0.00041589117049028367,-0.007892543323742642,1.0,0.010088933155737683
555,-0.34621844905290133,0.30794384303851485,0.836594090648423,-1.5418174716293809,0.19975288303130148,0.5744871966253581
556,0.004881785407738643,-0.0006727468138383598,0.0002821789775977747,0.004767788652284431,1.0,0.009323334672768973
557,-0.3180298816711899,0.15770838896108164,0.8386150075892265,-1.5639540124546978,0.2011263073209976,0.5639313474767184
558,0.0004480438439666169,-0.003032811939986947,0.0004147410457596008,-0.008571762698384288,1.0,0.011383502938832071
559,0.44222406660808794,1.0095863110935361,0.7727994706732535,1.5966851048219752,0.1717171717171717,0.5645517634613784
560,0.003228591399553091,-0.0032282846317459035,0.0004000101489661721,0.010740099986554057,1.0,0.01110797887422229
561,-0.7148609875665481,0.7680541143648257,0.6153775738983843,-1.4686264405319756,0.1689671584959543,0.5685169395942199
562,-0.002883389231937767,-0.0016095878170603035,0.00039347886641243074,-0.008397428382862664,1.0,0.01135153757913027
563,-0.6749806547598175,0.7716760614186442,0.6559688387730535,-1.4870039283300402,0.16737388024516736,0.566930132991377
564,0.004480572077722957,-0.006016513284574536,-0.00015485140798572784,0.0107799664938302,1.0,0.009435801972826926
565,-0.43450218391468964,1.0401920336163382,0.7465495009843137,-1.6430379286344212,0.16604303086997194,0.552151742615659
566,-0.0068418600147092485,-0.010069351341975058,-0.0010894758782332265,-0.00983329816615176,1.0,0.008391153364789234
567,0.002186932859919149,-0.005867087430737763,0.0277807557214254,0.0038644193064341185,0.17223769730733518,0.8645179603131804
568,0.00034785307371464546,-0.006693609701383146,-0.0002990269692288924,0.009182533690614543,1.0,0.013274570967012738
569,-0.0036347051691552885,0.018453353353709283,0.033526551453671304,-0.004142584333486492,0.1820823244552058,0.8675463976825689
570,0.0003731417558208142,-0.005934017065674473,-0.0003479338720261682,0.01844570728346742,1.0,0.01401111240034039
571,0.3519208617733705,-1.2271898128440624,0.7031270984068196,-1.7097302028911137,0.17309546769527484,0.5652193420103737
572,-0.0013880733011163938,-0.007509586116635546,-0.0005678133269221909,0.019192474773815745,1.0,0.014845150133876226
573,0.2493805697170366,1.2721618499689766,0.7070392174125993,1.7416683932000814,0.17209971236816873,0.5642638132375281
574,-0.01021943432323389,-0.006239273509495524,-0.0006582564105831875,-0.009909630655405005,1.0,0.012817501748035464
575,1.2417711274648515,-0.3745653311040277,0.3465789337524421,0.1958161574592128,0.16218809980806143,0.5931259246682786
576,-0.0059748946650734535,-0.006202019623544733,-0.0005783505744955402,0.010703204864027078,1.0,0.013953285261872637
577,1.1790400838759594,-0.4953598157528598,0.38215949073699373,0.09156852539790493,0.16153846153846155,0.5894769565795508
578,-0.003631730325104366,-0.0063044009212012125,-0.0004615486519095809,0.019064856978370036,1.0,0.014134461054401633
579,0.32283041591565587,-1.221562951225999,0.7290453072283553,-1.7123217761882912,0.1710716001922153,0.5617952998162026
580,-0.00522629849656628,-0.0008837962022309833,-0.00041571024760279256,-0.00689154121573241,1.0,0.012836872907715197
581,0.30789497862912724,-1.1359533364360193,0.7566848752075863,-1.6932352475227022,0.16882494004796164,0.5589387988445805
582,0.009455499660949667,-0.00045838438942358983,-0.0005359470206013642,0.0037448295953564615,1.0,0.012589176952247023
583,1.1846388912740622,0.49239536678391677,0.36007490372969736,-0.11010527476059503,0.16288061865635572,0.5963337600812806
584,0.006086324095844673,-0.0004518208630009894,-0.0003332393884856239,-0.018435716750016005,1.0,0.01148494793838336
585,0.32644727200368423,-1.2286220028993318,0.7110092951037349,-1.7239334205552348,0.1717464925012095,0.5681204916184421
586,0.00709966014478286,-0.0032071093741122478,-0.0003784518368544822,0.004971675320757184,1.0,0.012542398525719662
587,-0.35771815991037187,-1.1560529281456338,0.7041666456564069,1.7077925145299604,0.16739025566811386,0.5591102845768058
588,0.0031326692879372433,-0.003127074371954925,-0.00026433895415759606,-0.010020217401048867,1.0,0.013037272721027327
589,0.3204515150634559,-1.228583236132756,0.7129458042480442,-1.7258075892288418,0.1724137931034483,0.5676987868212353
590,0.007784148201870551,-0.006353651307916444,-0.0005114779430620622,-0.01034284126897517,1.0,0.01345958118234667
591,-0.40020648352682825,-1.0238169862116955,0.7648519771819898,1.6367982887099606,0.16359223300970874,0.5580096846063678
592,0.008321949585933634,-0.00420042112587832,-9.108756644571365e-05,-9.17887206440393e-05,1.0,0.012442371247313002
593,0.006023684415783433,0.0022801225919400476,0.032826160111941644,-0.0028103673608605175,0.17905405405405406,0.8669000265074669
594,0.004239867888408283,-0.006224692474539865,-0.00029263452767869946,-0.009805801260158209,1.0,0.013318786212866042
595,0.34908413614261863,-1.1921143532989809,0.7008391811976599,-1.7131568679298357,0.1721311475409836,0.5652540632138514
596,0.006465552967946345,-0.004319903466884894,3.166200203122518e-05,-0.00025503099748452933,1.0,0.012352156150933984
597,0.31132436837266136,-1.2495914723923174,0.6842147265803079,-1.748665004618378,0.1708133971291866,0.5677907060840871
598,-0.0008272384760746773,-0.001975684831073514,-0.00011967333461326143,-0.0028507700773569753,1.0,0.009083356749185343
599,-0.5656256291270694,-0.6246257958738692,0.7493862177583842,1.4791652784897635,0.16531294792164358,0.572168272950695
600,0.002162749306231692,0.0006100066819706709,0.0009077266728159953,-0.004225631682843694,1.0,0.010335738819292898
601,-0.30466092350398677,-0.24087975682170493,0.8501319717519433,1.5475767663122304,0.1930379746835443,0.5656399897958692
602,-0.0007122885115509885,-0.007328724967845147,-0.0006812383711173945,-0.01426962448194281,1.0,0.008644293582238661
603,-0.2562837102914134,-0.22294863434138285,0.8648843491611642,1.5586831050032532,0.19795758051846032,0.5696338936561935
604,-0.0008416317743085281,0.0006036391964909099,0.0009207460534972552,-0.0008895784750943884,1.0,0.010370169021900485
605,-0.2948061216414759,0.18836376456134038,0.852436969014562,-1.5545591368172649,0.19968737788198515,0.5639177347097015
606,0.0006031476327667908,-0.007346460084577428,-0.0006715729571701529,0.0014058826822007564,1.0,0.008226359285818299
607,-0.005633721245158629,0.007535570023091539,-0.012482204144511675,-0.00517342164377031,0.22647403358063256,0.8696595197148344
608,-0.002659010501048717,0.000610157580471463,0.0008899759482021777,-0.003189724476265352,1.0,0.010373084425892146
609,-0.3075883732270332,0.15811221413412818,0.8422786797236123,-1.5605385935274168,0.19654088050314467,0.5644802066565426
610,0.003965567640328839,-0.004080138497939236,-0.0003052843302591629,0.019047098444825165,1.0,0.008385052566368992
611,-0.27760655771365583,0.1640583328831437,0.8511151263131742,-1.5593486235157432,0.1926751592356688,0.5650756753076586
612,-0.004086434351522399,0.0004916306202246146,0.0008270000755498391,0.002939035266281864,1.0,0.010766113053353229
613,-0.34418754451883615,0.32192690177725863,0.8387749154126792,-1.543616291869564,0.19332797427652734,0.5632381087133547
614,0.0030125058187229006,-0.004650958303064151,-0.0004148058426878632,0.018986537661082933,1.0,0.008958353647758531
615,-0.32764559806504456,0.3092704001342923,0.8409685240726231,-1.543004890771185,0.196608800968914,0.5771026768699943
616,-0.0076593763985957925,-0.00036899100216729325,0.00038144294060297307,0.008024434209486337,1.0,0.011329152222610644
617,0.24236536934598424,-0.007505782759003567,0.8540500098550665,1.572753327427004,0.1882930822758903,0.5670528116108364
618,0.0014330777690112226,-0.004828329914784076,-0.0004370078560476929,0.02208833484772019,1.0,0.009534785156964029
619,0.313668244929074,0.01373354804017563,0.8305181761740681,1.5726634562727604,0.18492294877134527,0.5650986964680402
620,-0.009403311171692807,-0.00038416658017120813,0.00026899254364144004,0.005634824124252167,1.0,0.011111089194149075
621,0.31919674609667054,0.21481165584439493,0.8289751876370774,1.5525183255873227,0.18112889637742208,0.5725991367596307
622,-0.003846070050610389,-0.00125708652378436,-0.0001942586173663209,0.026039159003017794,1.0,0.011007921137117627
623,0.36760494804026816,0.29605275667431213,0.8138451302062348,1.5362087769756967,0.17469109501491265,0.5756102202063909
624,-0.01150551518169238,-0.0008962888118383698,0.0001640528226576479,0.003420191965738434,1.0,0.011412270167718192
625,0.4121203481438371,0.4957884049207818,0.8097906534455614,1.5327096539129472,0.17475311292400172,0.579856653008886
626,0.00012420197589145472,0.001236744866601242,0.0003314139013088566,0.005623335641475427,1.0,0.01270734442393854
627,-0.3154235178489094,-1.1264280727397176,0.7648236984137542,1.7100641869885076,0.16943380161770966,0.5255004057622424
628,0.005279762521335163,0.003159531479225348,0.0009185970399197491,0.019555259394120745,1.0,0.012993114031208983
629,-0.3028755752631713,-1.1152754932788964,0.778369852813675,1.7003251960524055,0.17314189189189189,0.5205186546983912
630,0.0001341359721226593,0.001227245328251651,0.00032793175980923295,0.005617089893033477,1.0,0.012704866412434323
631,-0.3496015512668167,-1.0580537438720317,0.7924773374442892,1.660982363739567,0.17622436165759733,0.526918007631913
632,0.004025832909589425,0.002801275928061856,0.0009112363353728648,0.01949666599379854,1.0,0.01250855602588747
633,-0.41881342983361325,-0.847169331063823,0.837814805569954,1.5801536144962158,0.17732558139534885,0.5287229124283421
634,0.003183316650602509,0.00043651287063088435,1.6448342684008827e-05,-0.023261925622984632,1.0,0.009806172394133013
635,-0.45335005443065607,-0.7620782730868596,0.8164848580084205,1.5591524710443805,0.18413481298808057,0.5467033206056258
636,0.008287200902048571,0.0018086147691527554,0.0005695084870832458,-0.007632709891549792,1.0,0.009106572197131856
637,-0.3214617175621009,-0.29139910192694807,0.8436754000337885,1.5616380595245725,0.1926977687626775,0.579051284882234
638,0.0014032974784395271,0.00035065874839187365,5.2203780557952314e-05,-0.02543521640627208,1.0,0.010096563178033981
639,-0.408755776984477,-0.5655346053503817,0.8331410528061141,1.5488656423842742,0.19193548387096773,0.5661364906320167
640,0.005963754069657999,0.0004247132171147774,0.0008154505987458054,-0.007962884053343434,1.0,0.010604813524538622
641,-0.3141705749856268,-0.2866798904953766,0.848911242795727,1.5509109843287703,0.19287715086034413,0.5746331633411424
642,-0.0017426726712041858,0.0004066808663302848,0.0001229155244826876,-0.021868097052228194,1.0,0.009731110421987085
643,-0.005172755320744695,-0.0024316087203849787,-0.0071854671741837005,-0.004531112216402568,0.2123015873015873,0.8706283348816717
644,0.0029115022848385046,0.0005741862356493657,0.0009246242643858315,-0.004572896323876988,1.0,0.010227564980655945
645,-0.29600029900625435,-0.2422400831177154,0.8513453334104218,1.5662985947897765,0.19320426708810748,0.567430951849318
646,0.008825054680231167,-0.002839010040441656,-0.0005230135037650635,0.009413837600658238,1.0,0.0077416176927292135
647,-0.3241906503552432,-0.25614362991561834,0.8446347005384901,1.5515813417457922,0.19677926158680284,0.5661928755415895
648,0.0007508576360220713,-0.004705661390786389,0.00019297625999388493,-0.00036223255640332823,1.0,0.012508789385554718
649,0.3366823283230628,-1.1889045744195867,0.7467451902639834,-1.6780177327456287,0.16697588126159554,0.5643130287779183
650,-0.004319622142838471,-0.006178736658807845,-0.0002908005548368439,-0.01606963770988893,1.0,0.013344007899771514
651,0.004067610844332494,0.002139703199831567,0.03261852540170466,-0.0010243222865253417,0.17526731752673175,0.869162871253311
652,-0.0012586870683460858,-0.004656205059587196,0.00016655062006036537,-0.0005453904069952406,1.0,0.01251341664235244
653,0.0015111903026392495,0.0028987832458553272,0.032899274372002144,0.00011244315684915533,0.17605961807172799,0.8697670681718104
654,0.0006834632577601763,-0.006696418894757257,-0.00030533668791723334,0.011648847399221954,1.0,0.01365669571223248
655,0.28699312177040875,-1.2096829081050942,0.7582920651152583,-1.6998898903236523,0.16744186046511628,0.5639789491988041
656,-0.0028959266455494226,-0.004753359876702045,0.00012540696846732166,-0.0003147715486063815,1.0,0.012554207056461094
657,0.3614898391779247,-1.2069380425582947,0.7182961055106162,-1.6895110399464033,0.16897506925207756,0.5693820074008695
658,-0.0018103890403313296,-0.006264111870880203,-0.00030482812123921316,0.009514881945077134,1.0,0.013429436821053797
659,1.226570099818218,0.4312970129841642,0.36606322189292784,-0.15927096567288254,0.15689893862482696,0.5918184393084125
660,-0.006656781929167921,-0.00488880444031298,-5.9136888563744947e-05,-0.00021436902068543178,1.0,0.01275719396947073
661,0.27691436271988956,-1.2154755670795114,0.7569797729497103,-1.7065534459378742,0.16558741905642924,0.5616711077683862
662,-0.005522126411206475,-0.006400904911284562,-0.0005116231756605442,0.010222293911659608,1.0,0.013661466862406246
663,0.27769546909899223,-1.2214173179943373,0.7461089336936807,-1.72110586380877,0.1664348632359759,0.561522403094629
664,-0.00331361504870294,-0.006359393373391057,-0.0005281223889504266,0.01937303220749609,1.0,0.014523362874322038
665,0.29023307481164107,-1.216573833394664,0.7472584834509888,-1.7131425901104285,0.16689847009735745,0.5613513193378517
666,-0.0054224813729706655,-0.006630885973342828,-0.000558110106426438,0.00993051266858971,1.0,0.013316600240951366
667,0.28584783032987504,-1.2218354384026697,0.7419611313591956,-1.7261061084239442,0.16589219330855018,0.5620677914006899
668,-0.005435988832820155,-0.005868801410007924,-0.0006390444665745552,0.01930132494140974,1.0,0.014214145811956494
669,-0.4821397721118582,-0.5219031570438614,0.780037542917926,1.5184395886227084,0.16001855287569575,0.5799201240941446
670,0.008852868309408946,-0.0063976626606248276,-0.0006974718026981084,-0.019374049496513605,1.0,0.01409417219081879
671,-0.47137776323152736,-1.023429278585684,0.7293095716960246,1.6252174737307492,0.16018735362997658,0.5500720368342374
672,0.010297413583369245,-0.0059070836720144584,-0.0007798509900447255,-0.010458963480192582,1.0,0.013468788560439598
673,-1.1926152337205205,0.4404035421842183,0.36665483366822216,0.1598174520797047,0.15762394761459309,0.5989177740600107
674,0.007223975276351552,-0.006013490339349493,-0.0005637204954248228,-0.018870957533138284,1.0,0.013857360257112978
675,-1.171515960718113,0.552117223866206,0.36522803942456566,0.06089993231076625,0.1571095571095571,0.5955630325551061
676,0.008126986981045293,-0.0061294768118339395,-0.0005882605821633523,-0.010244087773941457,1.0,0.013611627210084132
677,-0.0017729923994560179,0.010969600493453106,0.031562394602444685,-0.0021895978991114074,0.176056338028169,0.8678921162740707
678,0.0026782204985576516,-0.006764515779666522,-0.0005367592470394768,-0.02354231965274628,1.0,0.014059378761791263
679,-1.2236149200254536,0.09146787997614655,0.37657301120858344,0.46143409293063614,0.152,0.5810563226204051
680,0.0036426457812163884,-0.006815973809999392,-0.0005976768916913719,-0.019635071563062947,1.0,0.013656701386642102
681,-0.0005532468874039689,0.006521035023589426,0.03281527140464188,-0.00226062498916453,0.1751412429378531,0.8679989661497032
682,0.0012425401940634963,-0.005731153172140738,-0.00028781922802507287,-0.017705248342269202,1.0,0.0137267611881519
683,-0.5936276969594702,-0.8515946284803321,0.7378418012853892,1.52067603155271,0.16026241799437677,0.5660433956594707
684,0.004069110319415915,-0.006440752943782386,-0.00037138309064372433,-0.00965834058157824,1.0,0.012849220085270553
685,0.0031259791784886215,0.005163033329433745,0.03227147015924797,9.272673190848638e-05,0.17320261437908496,0.8678137053755703
686,-0.001954190496498029,-0.00567415871599746,-0.00024379889128005344,-0.017609800553612005,1.0,0.013692457054514565
687,0.29557975904020023,1.2283687668567993,0.7463456523942138,1.6932019908894598,0.1677570093457944,0.5661604655811107
688,0.0006365742889016953,-0.006130437270152948,-0.0002104040606762044,-0.009596964718026159,1.0,0.013123220774367053
689,0.28380464587552584,1.2733800536935291,0.6893787601693248,1.7468240118162546,0.16728971962616823,0.5637821797694317
690,-0.0019337345094456453,-0.005662272703359895,-0.00023615024830277138,-0.017613698364698692,1.0,0.013689356200355109
691,0.31206644183276144,1.220446664205946,0.7419861603977199,1.6883995795522115,0.16697848456501402,0.563552668065086
692,-0.002851936251731844,-0.0060990009239852904,-0.0002302683430209854,-0.009566208345053263,1.0,0.013113833656502906
693,1.2069811353362172,0.4689272434160565,0.36186590309405303,-0.12631982538760103,0.15870069605568446,0.5923697300109867
694,0.0030515785134080484,-0.006370137767858661,-0.0003256680085084384,0.009385497630637177,1.0,0.01340266435343003
695,0.3365410397477658,-1.2145827214586786,0.7089185406808205,-1.7129573722316453,0.16751740139211138,0.5667471620079507
696,-0.002869603221340077,-0.006109662864787488,-0.00022308403868821747,-0.009570868981216694,1.0,0.013128019355730268
697,0.001985380840665919,0.006226946217628487,0.033340127984235544,-0.0018167039880491987,0.17466231951560315,0.8685413642931811
698,-0.003402136575373275,-0.004546474118145391,0.0001155075106879514,-7.89409655567988e-05,1.0,0.012706268204083061
699,0.3221230032023132,-1.200810100814164,0.7304776141585974,-1.706458201246169,0.16596736596736597,0.560613390617294
700,-0.006361397697071453,-0.0060691462959478705,-0.0003473308233012256,-0.009716966044892233,1.0,0.013143530201592455
701,0.3838800563856773,-1.217381603916501,0.6937207428625577,-1.7039149649891427,0.16875289754288364,0.5682917242691827
702,-0.005454871268350893,-0.004468301813885647,7.137259616249076e-06,-0.00026275494068687163,1.0,0.012486473190328383
703,1.218704927159018,0.4286448690974444,0.38803100723033646,-0.1592425893804412,0.15782187355791416,0.591457420281008
704,-0.0008350021797087517,-0.006124161236059828,-0.0002910733734814915,0.018131670126630743,1.0,0.013862825583565429
705,1.203890110964591,0.46708181848568453,0.3905965702797861,-0.13576330584763902,0.15480591497227356,0.5892774454341989
706,-0.00718176556124425,-0.004907959899460874,-8.258918438687516e-05,-0.0001015376610019895,1.0,0.013048917940311985
707,0.28015472061407753,-1.2733592412980272,0.6681657787395314,-1.7769086648630155,0.16658954187875982,0.5624859694283693
708,-0.001191390538922279,-0.007128625616849855,-0.0005714826370230852,0.022736905787333082,1.0,0.013890477599164525
709,0.3353786948899346,-1.2261432753590515,0.7055803977374954,-1.727115377738754,0.1681333950903196,0.5645902174337322
710,-0.009374777362050763,-0.004810083148477614,-0.00026264459576250126,-0.00025630609504173195,1.0,0.01287211042086251
711,0.2939351125215601,-1.2514524919957541,0.6885171733241292,-1.755226521132025,0.16751740139211138,0.5641494153833995
712,-0.002755554930311463,-0.0076341767968526875,-0.0006513015495223585,0.023319580181383064,1.0,0.014227970405238736
713,0.32390246676148926,-1.2181688220325706,0.7303072451295743,-1.7188530982469472,0.165661252900232,0.5625105343355541
714,0.003551902369182042,-0.004653843972065447,0.00012265354526289773,-0.0003150589962482788,1.0,0.012595823908402151
715,-0.0009289372866624492,0.006639831904158799,0.032593055344466826,-0.009924151131875478,0.17391304347826086,0.8679508529936498
716,0.0069965339584261215,-0.007428238857089654,-0.0007975942460016482,-0.020691668663651585,1.0,0.01398235125506298
717,-1.1858497125959009,0.4300260377402667,0.3597756142730964,0.16977192643759081,0.15550351288056205,0.5912717350386044
718,0.012801158898692449,-0.004625826349317673,-0.0005207825897494254,-0.0003517590400440303,1.0,0.012692183931904947
719,-0.00323220745690713,0.012631556999509665,0.03286332376299674,-0.012043408739529363,0.17614165890027958,0.8703518780792637
720,0.006540560583583051,-0.007686133665643151,-0.0008355262295076044,-0.02240599683036401,1.0,0.013944916751587762
721,-1.1972465569587363,0.4957100977329764,0.3613772598068284,0.10803683483068126,0.15639589169000934,0.5940503632381117
722,0.010578519916173802,-0.0047754369176974685,-0.00028246401051677204,-0.0005169695205606572,1.0,0.012788977135307852
723,-0.002209397398997799,0.012139663798140327,0.03147468850013541,-0.0038362602247346785,0.176056338028169,0.8688817946904972
724,0.002902429481067618,-0.007554557501050296,-0.0006013913127501383,-0.021383205656638284,1.0,0.013683150631743739
725,-0.00276506102795219,-0.0009778030576724328,0.032094791545618485,-0.003961074263022318,0.176,0.8693948465035115
726,0.006935904168132779,-0.004683951599207412,-2.5706245193795905e-05,-0.0004038162652809784,1.0,0.012649545473460746
727,0.00035718797025566815,0.004910795996951079,0.032964393052711885,-0.005202121584541082,0.17528195488721804,0.8686237858481463
728,0.0009662829976169222,-0.007871044309346676,-0.000532739339332712,-0.021205541085511537,1.0,0.013902034914937574
729,-0.002099039949638224,-0.0008602553001816853,0.03204778669165208,-0.003918090941151134,0.17525773195876287,0.8693058077487712
730,0.005399535619467729,-0.0046173928064785486,4.74791351941994e-05,-0.0001621123818604494,1.0,0.012717608207596019
731,0.30589619160230136,1.2271397518154217,0.7367318599001808,1.7019230207588536,0.16643356643356644,0.5652539563789081
732,-0.0023438620713432954,-0.007786600055034197,-0.0004889096879295284,-0.020785743721684378,1.0,0.01377584720404551
733,0.0011633451286336203,0.0060735763547266645,0.03239396181033729,-0.0006612887581119771,0.1733644859813084,0.8684130758795844
734,0.004419884071191987,-0.004710461516765076,0.00013174122043027028,-0.0003866750278062825,1.0,0.012566849277088264
735,0.0012468929703905447,0.0058464075063825475,0.032217471468949745,-0.004156870162030829,0.1735266604303087,0.8678217411988276
736,-0.0023145608115241662,-0.0077901470634197615,-0.0004909690138894738,-0.020780750070765734,1.0,0.013779061213222796
737,0.009055536499228268,0.003711490366071854,0.032767573451646576,0.006572461970815213,0.17249417249417248,0.8678023754380754
738,0.000587074228776022,-0.0018543526279004017,0.0003746214033568467,0.002133392106243777,1.0,0.013890121951994265
739,1.2288023798944823,-0.4252733882991394,0.34180156260778993,0.14325877790155406,0.15699815837937384,0.5913531220191601
740,0.0009578803245947284,-0.003602025723637183,-0.0003222177704064606,0.0002009215677713319,1.0,0.014956372816506643
741,1.2359560672897327,-0.4099588473119592,0.3730425161258978,0.1614345644230428,0.15487748497457235,0.5925316081943255
742,-0.0006106149121484457,-0.0018837479951227258,0.000364693475726152,-0.002093646103543158,1.0,0.013895622204220378
743,1.229630058852101,-0.4232239268047236,0.3759555332186354,0.15352662061139416,0.15423807318202873,0.5917051273275649
744,-0.0017827188382481176,-0.003649544103251361,-0.0003474949172460189,0.002075256725884771,1.0,0.01495233560970678
745,0.2677769945356394,1.2764164117685632,0.6928950797447169,1.7451350965687558,0.16620370370370371,0.566303135245974
746,-0.0019763958547426063,-0.0024540786720920744,0.00039824808483885553,0.0030700961488162883,1.0,0.014065228120414277
747,1.2596042671777214,-0.3553425135481595,0.36678923589751655,0.19665258623414522,0.15699815837937384,0.5948847839359575
748,0.002595562091155049,-0.003256007654322961,-0.00032815494846114696,0.02266585923290087,1.0,0.014020846319224066
749,1.3032717369795193,-0.21735149664160602,0.3467671101217933,0.31341506589583384,0.15533088235294118,0.5973635481824956
750,-0.0051309073047604075,-0.002800914728696549,0.0002737442623541108,0.005920559905420559,1.0,0.014194955702425703
751,0.2627407524557159,1.2846391902043426,0.690589969810978,1.7540525257805863,0.1630584983878397,0.5642619012047247
752,0.0018133492279283786,-0.0034211780196069146,-0.00034563733474549097,0.02623270255569455,1.0,0.014009344193660747
753,0.24641728716484754,1.2835586025683876,0.6945383299236843,1.7559069216097243,0.16420664206642066,0.5646630355424563
754,-0.007425505957266855,-0.0027231156980216374,0.0001298508221066198,0.005014715455478995,1.0,0.01407350913342166
755,0.26091535921570924,1.2839763327268539,0.6869557829193238,1.759091188153699,0.1647438855560683,0.5641852032262519
756,-0.003881058493695383,-0.003535343912568901,-0.000263464184174937,0.01757492471393709,1.0,0.014140676307488583
757,0.24051668246872387,1.279379140316056,0.6999360898116835,1.7555191113278221,0.1652053530226119,0.5639991491672953
758,-0.009799296582382459,-0.002569154434826483,-7.77008272391741e-05,0.004187744619288171,1.0,0.01394259545739456
759,0.30143029935042304,1.1869575669561163,0.7424729982233917,1.7019162369057175,0.16413093591516828,0.563747609791683
760,-0.00594424770647191,-0.0029277719254209556,-2.6120534185471323e-05,-0.008911259855317346,1.0,0.013483892425118757
761,0.2416842025744766,1.274906053822104,0.7014575774784761,1.7527737459613566,0.16473854696899584,0.566588071681725
762,0.014832526927054153,-0.0042942319109245414,-0.00017469432699270906,-0.008583089109259368,1.0,0.012770593912445106
763,1.2308234558489224,-0.4005928898502695,0.34792034786674614,0.17098593370862503,0.15466790524849047,0.5979128023304426
764,0.00377419716874729,0.00016752735823289544,-0.0004909017284871407,-0.01593063784622844,1.0,0.013906219395110147
765,1.243902597850219,-0.36989556445376387,0.35568859110037326,0.1963808134340367,0.1534195933456562,0.5967741890100506
766,0.007997531971661163,-0.000604048859752917,-0.0001427629389131398,-0.002523395753417308,1.0,0.013856821517055876
767,-0.8254810855747493,0.9480919449312357,0.5702718022452091,-1.436976686764229,0.15784586815227483,0.5533587950198845
768,0.0020459220187842306,-0.00582101038260812,0.0004800905406304616,-0.019681594358734726,1.0,0.01332060538260332
769,-0.5045882063674069,1.0321657241435034,0.7089973680297106,-1.6129661921585106,0.15940685820203893,0.558515841759306
770,0.004622748853785837,-0.0014733190832976885,-0.0003798018274094042,-0.008844595959340115,1.0,0.013422533678011836
771,-0.677646513824604,0.7717991497886705,0.6633136380508468,-1.4804694586628229,0.15906976744186047,0.5628767323183721
772,-0.0004755396295325072,-0.0011754809772956255,-0.0002257631870832763,-0.01744274913749017,1.0,0.014240318220098901
773,-0.682026029502195,0.7786457919395865,0.6472910563385539,-1.4923945101777294,0.15892193308550187,0.5652076242558075
774,0.002156931227676808,-0.0014404863238713299,-0.0003003412061307887,-0.00931248738926517,1.0,0.013634988499624254
775,-0.6366163381688118,0.5723468141948941,0.687934585684653,-1.4629444670892169,0.15699024616813748,0.5680891695353392
776,-0.00027838231175088447,-0.0019474756947492696,-0.00011088800879576613,-0.01664421651161109,1.0,0.014322736922766002
777,1.2411548679009419,-0.4038732932291632,0.3644740278401233,0.17099574744134055,0.1531322505800464,0.5948026050837061
778,0.00045461404855382713,-0.0015308945851546655,-0.00018004436020652856,-0.010246250730226088,1.0,0.013953601422071398
779,0.26682389580057764,1.2807461710412653,0.6872150852596863,1.7613540613994918,0.16458622283865001,0.5663845287410703
780,0.006594084135971171,-0.0026858253479950245,-0.00020511365187163294,0.010040570423130129,1.0,0.013592825415778264
781,0.28387249305781687,1.2214878380834955,0.7471810313777236,1.6959157116454384,0.16512488436632747,0.5650825302359768
782,0.0008654959882420588,-0.0019242756283678404,-0.00013949219777275448,-0.01148949454053499,1.0,0.013995246689076214
783,0.2776445251592989,1.2709316145460436,0.6805582041159182,1.7505197995501414,0.16651291512915128,0.5659328823309767
784,0.0009694014428057133,-0.0019194754247835043,0.00045893713798040453,0.0011036814982987822,1.0,0.013445641797081798
785,1.2330009800277215,-0.41606732492715914,0.3378794419776559,0.15198118275819458,0.15731370745170192,0.5910850557486043
786,0.0016627064214161855,-0.0031556472397075634,-0.00036733294872407646,0.001494598972254943,1.0,0.015002039917280385
787,1.2569504351554457,-0.38561541270555233,0.33225697017998534,0.1834745589103631,0.15466297322253,0.5904993118498052
788,-0.002568757486107209,-0.002905818197915379,-0.0002957741405066745,-0.002519694843411372,1.0,0.015048778092397241
789,1.2413366479633932,-0.40976780275287045,0.36071592750746073,0.16375408002936873,0.15398886827458255,0.591917758388958
790,-0.005734109889235314,-0.0035310316074965375,-0.00012958943247205784,-0.006701319978645059,1.0,0.013632541624696003
791,1.25655011605095,-0.3878115182834853,0.3469907689289481,0.17937495356242467,0.15523632993512512,0.5914184374256107
792,0.0005840580013569865,-0.002647573954037121,-7.114040382286829e-05,0.014157626267830037,1.0,0.014489684236593818
793,0.3739855299270866,1.2304253277334083,0.7151311207900047,1.6718501633866951,0.16628175519630484,0.5695439290827944
794,0.0007218138602233454,-0.0029408491496941158,-6.854931184820806e-05,0.02107871423859607,1.0,0.014518760535501716
795,1.2524038003491569,-0.4284754758128547,0.3561911935351936,0.14442977184672395,0.1567095588235294,0.6014945098424685
796,-0.0025933089577139497,-0.0028878316933705623,-0.00016392277342609112,0.01680804114860735,1.0,0.014579474869186277
797,0.24945924666672478,1.2846844723996877,0.704646291722011,1.7372827491694847,0.16274781005071462,0.562738639335045
798,-0.00012845410375333114,-0.0033152472528171907,-0.00010052743504853493,0.025125772214057544,1.0,0.01464569901227199
799,0.2890053811196893,1.283176761460617,0.679536423568779,1.7558599851082317,0.16420664206642066,0.5643918980874926
800,-0.0048515455513585375,-0.00300100288277507,-0.0003264130546096411,0.015626954445249336,1.0,0.013996985754092235
801,0.24394920389627184,1.2789365626334686,0.7001394032050732,1.7454787413526798,0.16489607390300232,0.5641393965471996
802,-0.0014091500932647911,-0.0037275283632052115,-0.00037067974383763613,0.027434684302133718,1.0,0.014579596135837388
803,0.28141326074220285,1.2800334130089377,0.6828576144940337,1.7573785776490543,0.16551406177962194,0.5633140069860024
804,-0.00489210647611814,-0.002984976781970572,-0.00032732717261138545,0.01562624128889984,1.0,0.013981637143462466
805,0.24186688370210607,1.2741061833651035,0.7085256441649657,1.7416358146062287,0.1647438855560683,0.5640486532855106
806,0.0012693261769175462,-0.0008842359462555499,-0.0002743657562642305,-0.006413408021248334,1.0,0.013648734850443404
807,0.2916995467248198,1.2818884993237023,0.6816733901340671,1.751971373041028,0.1637291280148423,0.5674562751151809
808,0.01434148511804447,-0.004067896076753439,-0.00012702099306150262,-0.009676094618981688,1.0,0.01272045756257288
809,1.2273250833385438,-0.406580502009106,0.3508519077921731,0.16555180318362414,0.15441860465116278,0.5985103598371444
810,0.01113222844251608,-0.004405815086369459,-0.00033442026364459296,-0.01924184998536945,1.0,0.012931553368057699
811,1.2535295856392847,-0.3651579851571371,0.3351947397430684,0.20014264222113812,0.15324074074074073,0.5971262512285278
812,0.009895776205757555,-0.0007601673162090496,-0.0003139128477805677,-0.002207272270390296,1.0,0.01377329846242952
813,-0.3847664113414932,1.1273341684961748,0.7266518405807908,-1.6773637346379264,0.15840666975451598,0.5489480457984076
814,0.008902398023110386,-0.004543240932589142,-0.0001312945061280582,-0.020338215135172297,1.0,0.013139053755267374
815,-0.6132168030724178,0.7882192405571316,0.7108965686382537,-1.5000481200633895,0.15985130111524162,0.5659745929737676
816,0.0068702327118398375,-0.0007376400311602106,-3.583314445776289e-05,0.0006934244632414928,1.0,0.013632052632380475
817,-0.645228079475355,0.7742240269925967,0.6866975288835437,-1.4913976204695816,0.15938661710037175,0.564079393938834
818,0.0009445128866020216,-0.0013256482072208562,-0.00047951150923069435,-0.01764256231951062,1.0,0.013812743868335853
819,-0.6153362531240835,0.7360532394983286,0.7184117159735413,-1.4800527738412863,0.15931258708778448,0.5657404095111449
820,0.005032981399001001,-0.0011190564993093504,0.0001276858488374333,-0.001550426143155039,1.0,0.013773175855856357
821,-0.6083997904499304,0.6681365510929421,0.7148796834641151,-1.4812211245817481,0.16009280742459397,0.5732289402030806
822,0.00011362077550237994,-0.0017528437778002053,-0.00043931293244024044,-0.022644479198645148,1.0,0.01387286712189064
823,0.2867783690234217,1.2794038552657756,0.6862976057100888,1.7507078651541537,0.16419294990723562,0.5674169966337694
824,0.001754965345080824,-0.0008637749272826652,0.00020674488065351032,0.002009042914692596,1.0,0.01375457551964107
825,0.251189416188395,1.2800924084380771,0.696410957351166,1.7515134262953371,0.16435185185185186,0.566522727384778
826,-0.0017567634161713619,-0.002599356027573045,-0.00040235548056052233,-0.026549115435731203,1.0,0.01378698800069749
827,0.29000292655553345,1.2750838241246112,0.6840159302393518,1.7482117819547622,0.164967562557924,0.5669644133003555
828,0.0023845186884753934,-0.0013743794789392025,0.00026823206555189055,0.0003533047486510966,1.0,0.013817934372851379
829,0.2982737350956772,1.2277905775313602,0.7317819196694434,1.705468695274927,0.16574074074074074,0.5646953917920773
830,0.000671501573798101,-0.0035829147746083076,-0.0003138538817008264,0.00025235833703241776,1.0,0.01494068993554438
831,0.39167118768703324,1.221508822974376,0.7000661287141087,1.677601494886612,0.16566958122411413,0.5668653336228165
832,-0.0008608090596416625,-0.0013133776628597297,0.00026760146484288566,0.003542009767712016,1.0,0.013848723298915202
833,1.2465839276661128,-0.3924490977925516,0.3403587876474155,0.1726276654665057,0.15614923998157532,0.5910777049097836
834,0.0007394544867379566,-0.0035951234839640025,-0.0003159413793614382,0.00024008872961855997,1.0,0.014952887359124268
835,0.2894266519860093,1.2813252906871682,0.6805567046630152,1.7498090479694375,0.16520129569643682,0.5646878900299108
836,-0.0023220712198931868,-0.002080870336527555,0.0003159163781769334,0.0019306529274669445,1.0,0.014140106902026148
837,0.2689014019865982,1.2799282478069873,0.6946377971317171,1.737101468824602,0.16543095458758109,0.5646432908462017
838,-0.0020417360441637934,-0.003659284518775006,-0.0003459398530041986,0.002116348084151654,1.0,0.014964785602827083
839,0.29361381875271825,1.2791661240031007,0.685552506070655,1.74196425813232,0.16604995374653098,0.5649560840320345
840,-0.0021714624339569106,-0.0026423844030993722,0.0004457853463683133,0.0028800774413736308,1.0,0.013764377210917772
841,1.2389209163117467,-0.46144508112534766,0.37705971955413836,0.11304813750877336,0.15770114942528735,0.6031199080774527
842,0.002406742024894793,-0.0032577891527727897,-0.000325883002601418,0.022671189720688233,1.0,0.014038647571899111
843,1.2914537913649542,-0.2276758049358212,0.3508925060480811,0.3112243004881161,0.15441176470588236,0.5969714283753412
844,-0.008379093348267056,-0.0007824647853249681,-0.0010201709044360197,0.0164142429633577,1.0,0.00796153291742491
845,1.209186530289541,0.48126413728338746,0.37131948805019455,-0.12170972024888907,0.15251141552511416,0.591930271245042
846,-0.004911886628348532,-0.001091670909638496,-0.00046026614268467725,0.013867591720439625,1.0,0.0037855424294909812
847,0.2761941032238567,-1.2302107043160655,0.7341639729836633,-1.7176561436239064,0.1627800640146319,0.565312413418329
848,-0.010286811407167654,-0.0006230106719907065,-0.0011347364349226716,0.014080603357146892,1.0,0.007484480196261871
849,0.30595652337303075,-1.2317173945859414,0.7180557242974343,-1.7222947146048213,0.16331198536139066,0.5645922581590578
850,-0.0018643126379993243,-0.0009257606273452013,-6.483788029994214e-05,-0.007913330061393553,1.0,0.00985847145853952
851,0.2732446540216935,-1.2264661678479798,0.7410958379336329,-1.716188201866848,0.163003663003663,0.5649184248909401
852,-0.005538169886488239,-0.0007313851030881648,-0.0005188092576211901,-0.01990390440163794,1.0,0.011747322001437063
853,0.3031026253550164,-1.2302760247870241,0.7232528906516729,-1.7203918494515262,0.16308816811329374,0.5635073964630589
854,0.0020439699428320738,-0.0039950710187072885,-0.000594429454642921,0.0011461519361368373,1.0,0.013926289113676799
855,1.2086476699451756,-0.4184750362634256,0.3747657883239908,0.15212210472331095,0.15653775322283608,0.5940944065072569
856,0.009343048710016016,0.00046187091680373256,-0.0003802129383140207,0.022078559608762958,1.0,0.010367719266785943
857,1.2037445158493278,-0.4400403636432849,0.37702461419696714,0.13797322274626944,0.15469613259668508,0.5915169793605881
858,0.0020716458654220222,-0.003965869973626437,-0.0005951075326408665,0.0011327173325437285,1.0,0.013919103125678586
859,1.2069862841440044,-0.436406936512921,0.3874176887916138,0.1425090105577538,0.15243342516069788,0.5917386825151432
860,0.006984729437200965,0.00021706759425414704,-0.0002124565305875736,0.019533900612700314,1.0,0.01012991091074397
861,0.46207846192439583,-1.1666544093052655,0.7239780587918642,-1.6301351523625291,0.16175115207373272,0.5652663123425012
862,0.0018542002320338013,-0.0023338884495658287,-0.0003436796172769653,0.005059949043297489,1.0,0.013129703402457955
863,-0.6393423891860676,-0.7644885491805027,0.6923461083579054,1.4984515043428837,0.15821033210332103,0.5637288495525705
864,0.009737061592176261,-1.2107946397234902e-05,-0.0005656639906474472,-0.004377667331920226,1.0,0.003105015408375653
865,-0.594621422960663,-0.7673780232376027,0.7185557187668211,1.5113225010934788,0.15828334102445776,0.5636707321807669
866,0.002352511953361392,-0.00244524419581326,-0.0004757591963863991,-0.017591050353051873,1.0,0.008500813852697907
867,0.0012795499572527409,0.008925404572982092,0.032532319420704545,-0.015077837574395013,0.17235023041474654,0.8662021250174489
868,0.007935815517851054,-7.205160100991156e-05,-0.00044956946284763915,-0.0059338897789242935,1.0,0.00364440592236973
869,1.224599137280809,-0.42610272662795334,0.36459583803304313,0.15034632758436742,0.15384615384615385,0.5900527362326692
870,-0.00019481506865703528,-0.002024312732047063,-0.00036252598274710834,-0.017699787510638523,1.0,0.008232820001204883
871,1.2188469023016137,-0.435403181517148,0.38032569721471887,0.14216935486069918,0.15416474919466175,0.5916445999794805
872,0.0038955947639948488,-0.000462251921657983,-0.00028774405033557586,-0.002470369008646259,1.0,0.00212342583846697
873,1.2195816485256272,0.4596413960569341,0.3588320539711446,-0.14206433800794974,0.15282239559430932,0.5930263395977534
874,0.00039694131686027185,-0.0004595937886730169,-2.033583124520095e-05,-0.011056599384579844,1.0,0.002527927820539048
875,1.2230642008420534,0.44631836195303776,0.35498992299300114,-0.15157419879854833,0.15426997245179064,0.594364103106966
876,0.0034512924897390222,-0.0007172881856260804,-0.0003499150766614961,-0.0035522807547473736,1.0,0.002626303813931249
877,1.2320184558708733,0.4360701306202403,0.3458648594823691,-0.1567785408852715,0.15504587155963304,0.5929831182686841
878,-9.249288510633245e-05,-0.0009406306627337059,-0.0001444378629158749,-0.00026307803680513693,1.0,0.0018325248286052487
879,1.2257342365086539,0.4510902061980755,0.3566337785983522,-0.14047030314650533,0.15592135345221764,0.5921103804685919
880,0.0006040863691838048,-0.0004845239265121108,-0.00021289665969635716,0.0019140156605554834,1.0,0.0014302167280507807
881,1.2019637085089745,0.5296533659893817,0.3824716058491513,-0.08445325983407365,0.15603487838458008,0.6012456345705083
882,0.0005085701412098626,-0.001458336812740769,-0.0002516642848487337,0.0013331645395791352,1.0,0.0027321922339460887
883,1.2096939569149592,0.5028729650333136,0.3922273565452971,-0.10543564193820124,0.15554532903819604,0.6016529715509719
884,-0.0028448481293746543,-0.00036486152163978797,-0.00035283981376811623,0.0070753846665831165,1.0,0.0027669960012854386
885,1.24752701232044,-0.3790173421111823,0.37751837034976504,0.18065130352172185,0.15639374425023,0.5928870339627562
886,-0.0032579688569619103,-0.0016150141928421504,-0.00046388522499103013,0.004287598851692607,1.0,0.0036876240420215794
887,1.2324028979189552,0.510131390283685,0.3861315438164854,-0.09188963493325858,0.15529088410444342,0.594022307006858
888,-0.0021486190656616992,-0.00019605339494236515,-0.0003580167589331829,0.013935607867885237,1.0,0.003155658042015015
889,1.2359063969388955,0.47301460943096413,0.37799254195233195,-0.12442111075892223,0.15640674874601004,0.6032052956910269
890,-0.008474921828743997,-0.0014010066336820617,-0.0010213057414881004,0.014892245167220054,1.0,0.00781986278689359
891,0.27355214653205084,-1.2791081362030983,0.6724655230916169,-1.7727251139044962,0.161717679305619,0.5646434939220084
892,0.0008637916745939827,-0.00011498305994588762,1.8189577091744253e-05,-0.008715167725278458,1.0,0.010257336687687602
893,0.34215475353614805,-1.2333153994308115,0.7030456907511144,-1.7197219770580543,0.1626313385107355,0.5644693401012275
894,-0.000815520435248124,-0.0006382851244945638,-0.000138052442778598,-0.010477266744714943,1.0,0.010223400332196698
895,0.27513785096604454,-1.2755039015406096,0.673551416760482,-1.7714354872397662,0.163078332569858,0.5651486114845419
896,-0.003753985829868149,-0.006539203209685088,-0.0005283165523838207,0.019299198777349588,1.0,0.014362387925526698
897,0.313983070895239,-1.281539843939176,0.6538684912743393,-1.7587006079511724,0.16849119466920515,0.5616887228650264
898,-0.00597475275229457,-0.006213944398178672,-0.0005797782549268538,0.010704172317422411,1.0,0.013957616961878623
899,1.21516166870468,0.45690319786412,0.3791366877059454,-0.13885590638868953,0.16633466135458166,0.5940662008426196
900,-0.0026231293337287773,-0.00625198568030398,-0.0003751372778968566,0.021308043974184225,1.0,0.010965979517967406
901,0.26067170297663655,1.309262405249067,0.6827525974688333,1.772187198575731,0.18101761252446183,0.554566667831154
902,0.004854976405483635,-0.0012108018147599655,0.00017477303245230866,-0.02437895951496787,1.0,0.011602106089873844
903,-0.7242035773859383,1.3009812600409036,0.47075667802577914,-1.5902687420105441,0.21012778040700425,0.5416117473756336
904,0.007834691167539123,-0.0008773672046905533,-2.66038245801612e-05,-0.016540835963140304,1.0,0.010919692109549246
905,-0.2854898715155004,0.11439496101400089,0.8471579537361241,-1.5636838856500535,0.1996535296665223,0.5887140847372789
906,0.005088753828063383,8.871970178100236e-05,0.0002599302345992831,-0.020350418619879605,1.0,0.010891066662697967
907,-0.33732501566164896,-0.27519631914342013,0.8405372311443972,1.543850803455504,0.2053200332502078,0.5731914594514826
908,0.0050631679146174,-0.0028343162702737057,-0.0006470328769665618,0.023123905624789828,1.0,0.011226904122845115
909,-0.5981072265219716,-0.4346581451737712,0.6747609863530522,1.4636052795046846,0.160262891809909,0.5567932009345439
910,0.0019487624635136566,-0.002489293285352176,0.0003311320252549002,-0.018879912726794117,1.0,0.011947003212407641
911,-0.8362126628097016,1.1857504749744336,0.3781882222665825,-1.4872917526106513,0.20533070088845015,0.5804551430713555
912,0.004215557034307967,-0.001709662079505181,0.0003555298552422661,-0.01115165130323338,1.0,0.011038730101173021
913,-0.7800721303636009,1.243407527503845,0.413884213063912,-1.5459902008591409,0.2001929570670526,0.5707430443549609
914,0.004597023454303285,0.00029125932942272763,0.0006749661145778885,-0.005253757602026369,1.0,0.009170936897897556
915,-0.8937482563613549,1.035671379500427,0.3826371215418064,-1.4613890052491125,0.21546714349575324,0.5509778707398328
916,0.003373827955312732,8.076221943076331e-05,0.00048768777589659073,-0.014128129920386237,1.0,0.010776289682978476
917,-0.29364014377113634,0.14589876296352633,0.8458426182155467,-1.56275137826444,0.2049455155071249,0.5656312261290494
918,0.003754581357879733,0.002227905397126626,0.0008056490993583399,-0.001528005463596651,1.0,0.008283820741125237
919,-0.434443570773258,-0.422013117032956,0.8012821953788083,1.5250201287590024,0.18900804289544235,0.5619947485839517
920,0.002396522154980632,-0.005796911866280673,-0.0007385893003936034,-0.005907418485228739,1.0,0.007206868177126399
921,-0.7175475034750977,-0.5590370004554177,0.612897722840412,1.3928783277580374,0.1583732057416268,0.5506432259758357
922,0.003692031334560064,-0.005161979348665202,-0.0010863910267812635,-0.0002537128921328897,1.0,0.0063727556646916055
923,-0.62988791942088,-0.43946953302090747,0.6476322303356562,1.4563022358277848,0.16100443131462333,0.5635097708159247
924,-0.0019997768159055428,-0.0074876657540489285,-0.0004243331058456436,-0.019079581648435665,1.0,0.013788921437867934
925,-0.8035858517888316,1.2184013129162186,0.41465508718759936,-1.5047087468814677,0.20675743822491174,0.5806179207495671
926,0.0001625740092363233,-0.004688728753283049,0.00016980510567175808,-0.00024494089333142226,1.0,0.012654503627215373
927,0.3086911892910319,-1.296871211922688,0.6163021443366757,-1.787318403844244,0.1830065359477124,0.5603639756450867
928,0.0009517671437733331,-0.007355507864086722,-0.00048111604541513554,0.0016359898070683059,1.0,0.014312750128456338
929,-1.1369295997810933,-0.07886687978025902,0.2929315053320797,0.43072872576659527,0.18731117824773413,0.6458879500608015
930,0.00013715599025014393,-0.004699663391845992,0.00017424438728200206,-0.0002478975015641968,1.0,0.012670299452265792
931,-0.7951905759054541,-0.47474405463061325,0.5395350374112288,1.3189963107586675,0.15699141847551742,0.5432167075090293
932,-0.0022439878258568007,-0.00738023584557481,-0.0005207502368827911,0.0016632780446156521,1.0,0.014336095899364939
933,-0.004459310133869836,0.005172490022703398,0.035281238050553713,-0.0028187063800904867,0.18351870576339738,0.870860787070651
934,-0.0034381509451847634,-0.004776761283466213,0.00010952498795149054,-0.0001881400261324595,1.0,0.012804639621186135
935,-0.0008170698838285963,0.00670348691366971,0.03692018038413547,-0.0037192912937086438,0.1839312784234462,0.8692381197865191
936,0.007304940855437951,-0.0028691057225881185,-0.0004591249496284166,0.012249410567115605,1.0,0.013099373352792671
937,0.3059140968000706,1.326027473059206,0.6615711374314777,1.7534267262795626,0.18016194331983806,0.5550326854590747
938,-0.0033211003080775223,-0.0043245641033438495,0.0007854921815856687,0.0041200865904034096,1.0,0.01312221397726017
939,-0.7547778288303015,1.26750362068393,0.38247466016959436,-1.5556683500917285,0.21164556962025316,0.5811293560436934
940,0.0035362419397350037,-0.007769449958224165,-0.00015706665388887277,0.01919910595195489,1.0,0.011404055299488902
941,-0.8045069097085796,1.1863509450565992,0.4136043125589872,-1.5109385738523873,0.2119205298013245,0.5822599780391183
942,-0.009459821053908583,-0.004837762136241334,-0.00026720193852706385,-0.0002662050184320876,1.0,0.012935470501634561
943,1.2192426101971026,-0.4250793237327171,0.3534238249283036,0.14029835004959426,0.17479674796747968,0.5884943276217471
944,-0.001537690883863669,-0.007461779031793675,-0.0006330042932947422,0.02107955313961883,1.0,0.013804674557427921
945,1.253263702851044,-0.3709822571267361,0.3310179010910465,0.18166230090677876,0.1751787538304392,0.5906961323801456
946,-0.009427747377894112,-0.004630753941616871,-0.0002730309439480726,1.5017805295818971e-05,1.0,0.013028262991240628
947,1.2294162959329364,-0.4092918425547734,0.35104443345399405,0.15379928014780025,0.17529472065607382,0.5884186641175092
948,-0.0033988588333231547,-0.004600425786345584,-0.0009187384206698275,0.03021202478611386,1.0,0.01413056020461457
949,-0.7610983294577716,1.2509065033494942,0.3917446240249437,-1.552556002074577,0.21184277692700357,0.5814676407744684
950,0.014995019937347512,-0.002396418599621221,-0.0005278521762865873,-0.005072945102634615,1.0,0.01364392477244336
951,0.2887795538762403,1.2946898502792952,0.66156359034827,1.7568181797255507,0.18446601941747573,0.5626289776702461
952,0.005692003857939003,-0.0033032371537399935,-0.0005561256225667248,-0.027717475571126974,1.0,0.013685359131622625
953,0.2727974610968663,1.3164324259955467,0.6748844638228133,1.7586193307248987,0.18125960061443933,0.5584796917556364
954,0.00085979921613182,-0.0017564464851564932,0.00024143995339814833,0.012914122350492392,1.0,0.013789864251566244
955,-1.0816319706138013,-0.035755109916777564,0.1457813784042206,0.4887207435593362,0.16534260178748758,0.6262419919925737
956,0.0029150405579745743,-0.0032181345124904217,-0.0005380880246269106,0.012597341538714769,1.0,0.011820635012467176
957,-1.0685478906461328,-0.02924582145560992,0.22818134203562085,0.4447988942531937,0.1696383087111564,0.6251185757410015
958,0.006830616586350806,-0.0038473316488076116,-0.0010017780037356492,0.028684417651863532,1.0,0.012146394450962153
959,-1.0718411767602452,-0.04572284370823663,0.12024563061462275,0.5003437275005064,0.16844241501775747,0.6202377166804894
960,0.002076689689566226,-0.0036731838510550893,0.00025666252308100684,-0.02051454969421635,1.0,0.011755846407064452
961,0.3583746888873321,1.170434079491764,0.7190410611177305,1.6832644913898496,0.18329938900203666,0.561079590608128
962,0.006317586440166476,-0.0017035437975362734,0.0006041881859074203,-0.0038410793235632407,1.0,0.010572383749068048
963,-0.8642890714439835,1.1394836581489296,0.36892385413276535,-1.461251783904777,0.20973406924234822,0.5824178223077943
964,0.0003511908741692058,-0.0012983107156703479,1.7242672803952133e-05,-0.025834032752631443,1.0,0.010574281071295558
965,-0.8651973681618834,1.1053068058345539,0.37762968147640597,-1.473766606908264,0.2166747455162385,0.5673510679346371
966,0.008868125344974397,-0.0024507394072259144,-0.0011130243091648378,-0.00261276363942304,1.0,0.00582458398254687
967,-0.47994507693315736,-0.18949003359012173,0.7191872976061184,1.5312654382078739,0.16419437340153453,0.5841093349865298
968,0.0020814245107329014,-0.0017323468105571722,-0.00033498064261530707,-0.008081082283182986,1.0,0.004088652520327003
969,0.30071461701264424,-1.2365460784043028,0.7199770737559258,-1.7131068575910695,0.18376722817764166,0.5635685341398173
970,0.003545183959761067,-0.00023790313897119328,-0.0002041726468343387,-0.003979503201396572,1.0,0.0020770865054948466
971,0.32015062195574634,-1.2347875842270075,0.7107714791620462,-1.7098436838695406,0.18456032719836402,0.5636190742184771
972,0.003692349153592283,-0.0022950974496682847,-0.000444734991042361,0.0038098847105892575,1.0,0.012814030325123101
973,-1.4073321060631154,-0.1774325148998532,0.26579489092947794,-0.3185292523726116,0.21127475876079227,0.5945501139900318
974,0.009515622244860609,0.0022745814373202316,-1.3255462166732852e-05,0.008209270715367875,1.0,0.009492291145662137
975,-1.3881598122124497,-0.14468501544850046,0.2789683793519271,-0.3442597739127828,0.21052631578947367,0.5846132764055649
976,0.007053698086138486,-0.004307675281449537,-0.0009376699761337105,-0.014833156912842416,1.0,0.007700904085704404
977,-0.5521539000384761,-0.22337904749655194,0.6701355979742138,1.500883042564378,0.16024340770791076,0.56907177109261
978,0.009387347229854473,-0.002638066386280712,-0.0012198002868886806,-0.004433754405664366,1.0,0.006189382930638994
979,-1.0462464018640225,-0.06499820399709642,0.1324892060872968,0.47947536142332586,0.172782874617737,0.6330287139661013
980,0.0015614977301404908,0.0011691582262306486,0.00034675390215684727,-0.020241523857832053,1.0,0.009530761991892393
981,-0.3553447746855525,0.006547440954015558,0.8169023757643122,1.575196704287044,0.20223752151462995,0.5513040922938984
982,0.006307534414482566,0.002359431392098626,0.0008534265656266409,-0.010116874039225772,1.0,0.010187074103651186
983,-0.3991035825847709,0.15363538359956846,0.7782916363012199,1.601237270230215,0.17655571635311143,0.600964903723689
984,0.004963612737550019,-0.004242397686923957,-0.0006461986649677901,0.000978732657394651,1.0,0.005667838442860271
985,-0.4645827067068341,-0.10445990642207409,0.7253772005061219,1.5330941023449727,0.16098294884653963,0.5835628360223098
986,0.0029744724209445294,-0.004258438492747591,-0.0008337689447229581,-0.005076802039621165,1.0,0.005762388890812564
987,0.33709564787400015,-1.2318319647252318,0.7107238873883028,-1.702915480192916,0.18558282208588958,0.564765849590084
988,0.0035983658239412686,-0.003436753162261443,-0.00046751028973784193,-8.350902130849397e-05,1.0,0.004216235364847852
989,-0.4854116841834554,-0.10766338394140956,0.7107562283235552,1.5321420417912741,0.1638504864311316,0.5865323183424787
990,0.003136945087093586,-0.002278297139023111,-0.0006382685860481311,-0.004281669220540618,1.0,0.004448437547354817
991,0.44847626736033136,-1.094502959131316,0.7260229121205245,-1.6255429438835591,0.1829330608073582,0.5604302046601889
992,0.003898657993718029,-0.0037016979969077754,0.00046568315707162106,0.009548979321398086,1.0,0.011552523538624224
993,0.36996004182444053,1.2335547773721383,0.7101568483486127,1.671716061241645,0.18654434250764526,0.5645291001544841
994,-0.0017575675240185365,-0.0024026951305993814,0.00037801135965144506,-0.007829876239770207,1.0,0.011515673455482519
995,-0.9575036989245115,0.9263672478179162,0.37685911233223646,-1.333679485520547,0.21189024390243902,0.5763067675829934
996,0.001682859091167413,-0.0011695953844928092,0.0003523048957072147,0.008080224668502651,1.0,0.00987965932400812
997,-1.3880356171990285,-0.19478009379596478,0.25786443108083196,-0.31752101088205775,0.21294466403162055,0.5806433576881802
998,-0.00663595438814647,-0.011837042914586234,-0.0007867604259700104,-0.014415010281597829,1.0,0.008582684406059422
999,0.30214907596872154,1.3076645648802117,0.6708136490682214,1.7502334197712108,0.18411552346570398,0.5536845978654411
1000,0.011415464623383009,-0.005083870227794321,-0.0012358504233035404,-0.02671646519228906,1.0,0.01207475857674874
1001,-0.6856522169466951,1.2613639496143159,0.28661651560658835,-1.5978238006925836,0.21617497456765006,0.5648401192111084
1002,0.011555222872764084,-0.004551048310955784,-0.0013878859953061116,-0.02279812788011016,1.0,0.01202033586375675
1003,-0.668715335604196,1.259275973331454,0.31241338652404466,-1.6160068444470355,0.21663346613545817,0.5593654684178274
1004,0.00503053993027307,0.0007840079015734996,1.9400158834573038e-05,0.009951217359501422,1.0,0.013714679298501365
1005,-0.950412260113567,0.7222417135784656,0.30818426936090154,-1.362564815836749,0.22410791993037424,0.5676452520222641
1006,0.01521692891781354,-0.0039610649290722335,-0.0010255737898053772,-0.016108370696624175,1.0,0.012122635450398964
1007,-0.6791470898301288,1.253063285494636,0.3096887139051682,-1.6011603611520293,0.2172573189522342,0.5668159255584976
1008,0.012850373024985953,-0.005297045703982379,-0.0012240599583845223,-0.01894430690573627,1.0,0.014074803309750668
1009,-1.3622952948129492,-0.21673441659852563,0.2529422855251275,-0.2934421269651196,0.22020725388601037,0.5828663665810447
1010,0.014464241318116298,-0.0055454799268007966,-0.001297238254577552,-0.01095263414966307,1.0,0.013368288276361873
1011,-1.3461665247149952,-0.21745787299848454,0.2512216697304506,-0.2982625223625225,0.2222222222222222,0.5881895932574231
1012,0.009862041597020572,-0.00536688657047824,-0.0008105188494642018,-0.020756806739726026,1.0,0.014218765274599688
1013,0.3353340526278594,-1.2327850552708912,0.6828274559984551,-1.733928877079513,0.18480492813141683,0.5628174898095444
1014,0.01212194802874813,-0.005862749831391067,-0.0009604373258292682,-0.010758882104381808,1.0,0.013277149644855728
1015,-1.3217216656297543,-0.20343862236705196,0.2391648947312448,-0.31408399992496905,0.21698601760745728,0.5731684904670901
1016,0.010528343415507185,-0.005850028765969202,-0.0009502170330776012,-0.01906717435306964,1.0,0.014215984023771633
1017,-1.3210930208693903,-0.20114440242342949,0.2401359823494434,-0.3171236817305542,0.2172788411795137,0.5730040437963237
1018,0.0099014981290932,-0.006130206568912543,-0.0007072983009720747,-0.010555867987949974,1.0,0.013323243634959858
1019,-1.3203031203436415,-0.19306138688261465,0.22866184634053643,-0.32178985816257416,0.21887966804979253,0.5736047375993757
1020,0.011829115404488727,-0.004160442964748768,-0.0003887929561046605,-0.00015672931712199683,1.0,0.01237457132063177
1021,-1.2803883383816292,-0.2726891553610407,0.2429209740960661,-0.2650401806594993,0.21669258683255574,0.5641663566979425
1022,0.0066210976098758,-0.001177136965838757,-0.000659714182251296,0.011176811509525762,1.0,0.012927226682474086
1023,-1.3079070679920703,-0.2049730734935106,0.24950425035398358,-0.3133521514389628,0.2118688183237897,0.5735980341845095
1024,0.006775546772774254,-0.0021854591014612837,0.0006838901929198116,-0.0020670155113138764,1.0,0.010798496677781036
1025,-1.2749926256576511,-0.17468294695160191,0.24430725685080681,-0.3532894559224025,0.20809841107124552,0.5714724205677691
1026,0.006184207090550977,-0.0007989227193354107,0.00010385998367907984,-0.019061909362465383,1.0,0.011180913718858472
1027,-1.042794549743148,0.7111750024372163,0.27367312332112603,-1.2512985269789692,0.22347949080622348,0.5367160295886233
1028,0.007620298425639803,0.00124360720305719,0.0005975422208703221,-0.0063372000449933505,1.0,0.009846175274057633
1029,-1.000732264817824,0.6616567804555339,0.25654680679665914,-1.291012045771806,0.22183406113537119,0.5528489248373681
1030,0.0005175984116511417,-0.004971888566939386,-0.0005354208213252318,-0.023352829740455324,1.0,0.013917776085480086
1031,-1.225385947885349,-0.18229724330918418,0.23782085553851962,-0.34918485648975484,0.2103359173126615,0.5486380816339632
1032,0.006230527807633673,-0.0031740162158001026,-0.00010415648115261186,-0.003677413644388584,1.0,0.01360973517230106
1033,-1.2369686464413117,-0.12832214819462662,0.2478460032704458,-0.3757333491502941,0.20935064935064934,0.5636888033838968
1034,-0.0010070804167624278,-0.004099200663797013,-0.0005371457928300959,-0.022922035308994677,1.0,0.013995727483937586
1035,-1.2421092040448751,-0.12610235507232326,0.2507261363704471,-0.3883844043786031,0.2059282371294852,0.5597098176084653
1036,0.00355859415967683,-0.0046555783434772575,0.00012450561617855606,-0.00031491663050965153,1.0,0.012594026263888607
1037,-1.229263990099459,-0.14648820259546436,0.25061782501663876,-0.36755206757878023,0.2118073537027447,0.5580463687869422
1038,-0.0019833175296945973,-0.007510108516893853,-0.00043142700325638606,-0.019077338480115186,1.0,0.013811616650603396
1039,-1.1936459937710535,-0.08108308829919154,0.26642950313476577,-0.4386337156642919,0.20677083333333332,0.5487713038602337
1040,0.003545006916171794,-0.004659941655105002,0.00012572639228793092,-0.0003144642147939422,1.0,0.012602941041002196
1041,-1.1887529591158585,-0.11512078926908487,0.2541978486871823,-0.41943788500707907,0.20718375845913586,0.5447932700457296
1042,0.00046368500372924004,-0.007647422385425739,-0.0005382859033638969,-3.788276808233734e-05,1.0,0.014486458296399024
1043,-1.18129874912856,-0.09162324607707983,0.2706159357506108,-0.4203175391330905,0.2099533437013997,0.550434809343897
1044,0.00011207595788525671,-0.004696617220852559,0.00016843818723121656,-0.00024948410192739763,1.0,0.012677458546853265
1045,-1.1810947930334208,-0.12903516148981334,0.24893081826867244,-0.4076833400648391,0.2075765438505449,0.5453897522230817
1046,0.0005205530150716541,-0.007655447516493468,-0.0005413239355728657,-4.5864138420504456e-05,1.0,0.014495733898065244
1047,-1.1812862215315025,-0.1283444010502205,0.24879923556119443,-0.41062227600330314,0.20739968733715478,0.5461098838669076
1048,-0.0035031680651829433,-0.004789195763809085,0.00010783320165243253,-0.00020018446360568044,1.0,0.012835433921904775
1049,-1.1649689645108299,-0.17298891540058087,0.22246227212673444,-0.38004429855571364,0.21373257614868352,0.533234900755289
1050,0.013223695779598582,-0.0067570176997795856,-0.0016343095306061825,-0.023626523799583483,1.0,0.014255848380230664
1051,-1.1629174174926962,-0.09648693066815608,0.2306721695153476,-0.4422716828265119,0.20684210526315788,0.5461822098365554
1052,0.020015156639797832,-0.0037893606647776143,-0.0016657894033872526,0.00019394386590094255,1.0,0.013248342141897143
1053,-1.1676157750559728,-0.12772498204561228,0.2306646361859226,-0.4149946908560483,0.2070415133998949,0.5444832984159501
1054,0.011039714208639195,-0.007057003319980711,-0.0013248156548030857,-0.023221688984374888,1.0,0.014012972493532793
1055,-1.1646314162051186,-0.08069306617733532,0.21066396522396688,-0.4551633445627716,0.2043409211222869,0.5428320101834511
1056,0.01827874231873136,-0.004306667559571115,-0.0012362975331274757,-0.0002172526222694573,1.0,0.012532105500167786
1057,-1.1658090118017805,-0.08236851363449296,0.2181340113553586,-0.4517965368179722,0.2036842105263158,0.5414256920697879
1058,0.01108142329504146,-0.007054246294066093,-0.001334825741555294,-0.023218559153483156,1.0,0.014023869255545328
1059,-1.1659985206545067,-0.08427339473475498,0.20455465477690304,-0.45187723678151376,0.20431806213796735,0.5438454679136079
1060,0.01855557447795239,-0.004133898990214965,-0.00131514658810684,-1.3195273107420139e-05,1.0,0.01265944537834053
1061,-1.1533273103668173,-0.12935482359728867,0.18777778502773862,-0.4203890767861749,0.20981210855949894,0.538940887770685
1062,0.008869650512656143,-0.007383523964540401,-0.001064170519062746,-0.022805112367858177,1.0,0.013921963781323066
1063,-1.137387088366796,-0.053127775795525134,0.18241653234880312,-0.4774917177539737,0.20316622691292877,0.5413772110936704
1064,0.015986201982284738,-0.004452663672762008,-0.0008770744646861902,-0.00023457999734171847,1.0,0.012555242416041088
1065,-1.131912289938816,-0.05780293497623474,0.1959766495179842,-0.47195800931684534,0.20358649789029537,0.5429335665910009
1066,0.008919111529965124,-0.007384087183937245,-0.0010623096279842523,-0.02280344611077453,1.0,0.013917846522145692
1067,-1.1019742130191617,0.008877850171426619,0.20465176279702293,-0.541564356927525,0.19936541512427286,0.5444584029625534
1068,0.013621156575406789,-0.004659254213009568,-0.0005512226109903142,-0.000425985416840048,1.0,0.012611029599328104
1069,-1.1042234576567094,0.008163308273805361,0.2148571176815732,-0.5325366775746316,0.1980881571959639,0.5396755407062671
1070,0.006803924193263555,-0.007702340696063039,-0.00085285349855075,-0.022384050316521742,1.0,0.013961578834711722
1071,-1.1059525606548268,0.009250018577309244,0.19930251292417717,-0.5272618788106731,0.19798301486199577,0.5414228029792693
1072,0.013585000753722879,-0.004656282082198593,-0.0005463121293489393,-0.0004318491671053885,1.0,0.012601437654956926
1073,-1.1020481014030823,0.01856577048887161,0.21329061424997628,-0.5358796243999641,0.19840425531914893,0.54192792554353
1074,0.004712731653832106,-0.007995655170700262,-0.0006844708500519381,-0.021962673616557682,1.0,0.014094350023300617
1075,-1.0640410187240847,0.06629813559945588,0.20235360559954235,-0.5973960555429567,0.19679144385026737,0.5495061646334027
1076,0.007522137189226383,0.0005807946995222554,-0.00015522185436509732,0.020843855076938853,1.0,0.010016686339933701
1077,-1.0558823573869127,0.05066764341569002,0.19184806353521874,-0.5875666048877566,0.1970260223048327,0.546765383844763
1078,0.005221082845997263,-0.0025051818359259222,-0.0006988512285652989,-0.018391287267652625,1.0,0.00894416512896362
1079,-1.049987310264238,0.011818492645816886,0.17698551315305314,-0.564541086284568,0.19809825673534073,0.5376102144413778
1080,0.008582106313706057,0.00031791061926349364,-0.0003680089794532717,-0.004175522510136308,1.0,0.0033574317996781697
1081,-1.048956372113193,0.02248373645889749,0.18033235739560366,-0.5722660386402637,0.19619249074563722,0.5387886457199671
1082,0.0023566455406189082,-0.002441565294060136,-0.000477447670454524,-0.017591895065460397,1.0,0.008499758082976074
1083,-1.0554894923003204,0.05293628732346621,0.17090265881231848,-0.5865489210262141,0.19883659439450027,0.5473055959524332
1084,0.0059617239328639705,0.0002316297430047797,-0.00017772259629673923,-0.00035413273707216676,1.0,0.0012530580487261067
1085,-1.031853472008307,0.08761701816753273,0.1900060649732478,-0.6156645893473988,0.19617224880382775,0.5467806571385994
1086,-0.0017923756575044627,-0.0021652871982221207,-0.0003674695563323298,-0.01862208181304292,1.0,0.00846577343562648
1087,-1.0324561133495807,0.07059462618756167,0.17613374647214514,-0.609917164664681,0.1930195663670016,0.5404625868204715
1088,0.0042352399654338084,0.00021731476684692952,-0.00010433050467359472,-0.0014880774127460055,1.0,0.0015842242828881124
1089,-1.0046601331105667,0.016944675872769436,0.1838278816708399,-0.5973346953480959,0.19196192490745637,0.5390247147965151
1090,-0.0017374023076468096,-0.0021625007505763636,-0.0003693521962038553,-0.018625648773440386,1.0,0.00847066404716534
1091,-1.0006186685730953,0.018282985781378044,0.19406045711954012,-0.601914236178632,0.19143310417768378,0.5391552256474784
1092,-0.0028019202845058645,-0.0019177524455461364,-0.0005173353470959497,-0.00837989150399178,1.0,0.006914152601098919
1093,-1.003010726268171,0.0445287008709709,0.1865404297854214,-0.6097896477438906,0.19441517386722867,0.5410996018484713
1094,0.0030152511259458822,-0.0027601394734774816,-0.0004812516035336626,0.0089431098001784,1.0,0.007931895288171828
1095,-1.0010034599445845,0.04610732510195635,0.19110059238541205,-0.6143341612580852,0.19378620326487625,0.5418863384418495
1096,-0.0028757776966415313,-0.0019303851624015648,-0.0005279825457132631,-0.00838061081621381,1.0,0.006971667650962172
1097,-0.9786447497546404,0.056614456326490106,0.1624809420688619,-0.6327275578427277,0.1932418162618796,0.5332087672328591
1098,-0.0009084542353286602,-0.0027344749495463645,-0.0006084116813198302,0.011533478729548975,1.0,0.008276757171604025
1099,-0.977664656212578,0.0514762552483096,0.1766102572515051,-0.6341864621444518,0.1901743264659271,0.5349401633957258
1100,0.015813947328901463,-0.003684483913317255,-0.0015417471219542557,-0.009159195716122346,1.0,0.011225923715703879
1101,-0.955085854535848,0.07654343839681178,0.17555967182266244,-0.6716730441398722,0.18546231961517906,0.5478137095324517
1102,0.014198624063354096,-0.004546724015376488,-0.0013604254538625098,-0.018820307342156443,1.0,0.011841483110503388
1103,-0.9523098537995248,0.08641513889703188,0.1905029319001419,-0.6862290947606327,0.1841541755888651,0.5467958725972853
1104,0.01576204132139644,-0.003672181385326546,-0.001546487267631483,-0.009163937685096704,1.0,0.011256897471690522
1105,-0.9560077312466705,0.08038919257011251,0.17137291381222086,-0.6776567990479995,0.18405564472980204,0.547633310093911
1106,0.012080058843286511,-0.004855260069576395,-0.0010458909915704805,-0.0191035480560746,1.0,0.011698106045841447
1107,-0.9233638296335902,0.09203781395223337,0.18142763574566487,-0.7079125290043345,0.18084537185660782,0.5421331011554995
1108,0.010033586325854637,-0.0011129491118804095,-0.00104590047858258,0.015336878695690441,1.0,0.013268349553246291
1109,-0.915381726464173,0.0750398418084837,0.1903507895830152,-0.6941243167838982,0.18356456776947705,0.5385248929520801
1110,0.010030683316678033,-0.005671950110741836,-0.0011077570605599277,-0.022669196523681094,1.0,0.011738399319876717
1111,-0.9135178336491028,0.0790161593359276,0.1941077874700649,-0.6980755878835444,0.18346666666666667,0.5397372529067581
1112,0.007705660469666455,-0.0016650577381010928,-0.0007810419043821837,0.01389039218834623,1.0,0.012602000255969368
1113,-0.9116686074371217,0.073288276874334,0.1921532356524556,-0.6945010891649864,0.18346666666666667,0.5384000603178292
1114,0.005380773545775645,-0.0013550585493776125,-0.0004904156867540926,0.0011931053725343062,1.0,0.013124641872475067
1115,-0.8832145906425333,0.1005027053050596,0.20981237152462204,-0.7296640268644233,0.17987152034261242,0.5398797869358716
1116,0.007861901141771285,-0.0014054733795064375,-0.0007336917115781811,0.013708688263231846,1.0,0.012891925824977732
1117,-0.8894042664471736,0.12717581120170054,0.19150612788452415,-0.7403862476724292,0.1791044776119403,0.5418239243693945
1118,0.006076406240438056,-0.001616658884707197,-0.0005724558123629956,0.003231718551269805,1.0,0.01290576241953817
1119,-0.8802228194534271,0.1347953629384782,0.2084225946615938,-0.7582552854759771,0.18011758417958312,0.5421808980544686
1120,0.005866570136343595,-0.001537341298629543,-0.0005340758679292446,0.01231719182908358,1.0,0.012549317284841962
1121,-0.8848581526595339,0.1270090029864303,0.1866722278113664,-0.7475863962760834,0.18293333333333334,0.5384803290645429
1122,0.007235514945671322,-0.00197155479057813,-0.0008312749523141159,-0.020738595290258396,1.0,0.00941258852388686
1123,-0.8703309432999287,0.12914642728959594,0.21557856830843902,-0.7490486355916167,0.18423855165069222,0.5422238401256737
1124,0.0058801302611599824,-0.001536362937599568,-0.0005327232099780129,0.012306292015045017,1.0,0.012546527317715958
1125,-0.8695976957465361,0.11960744761576972,0.1882490343247123,-0.7560794528249076,0.18526428190069408,0.5485590664218015
1126,0.005593536588138932,-0.0020635208885309976,-0.000729940277559404,-0.021733462657910874,1.0,0.009511506782254134
1127,-0.8306525669436301,0.12361922256295807,0.2136392139223513,-0.7812592064017356,0.18492784607161947,0.5526860749758534
1128,0.006611448623321151,-0.0019248099127964426,-0.0006814624496568396,-0.011944433650441278,1.0,0.008007168638100179
1129,-0.8457264087621076,0.11572174570124125,0.1581321736591095,-0.7703834278626419,0.18536324786324787,0.5552185871344238
1130,0.00837492883276138,0.00011184355206329831,-0.00025799018719856214,-0.0010235449012636216,1.0,0.0023119571241462353
1131,-0.8298369731381119,0.1228919704704763,0.21331379003456558,-0.791300348594886,0.18307610431080362,0.5523878462640988
1132,0.005048330013147133,-0.002393788602872822,-0.0005807068912974041,-0.012524121491711358,1.0,0.008558637922274421
1133,-0.8063541295523633,0.17466334899943006,0.20005271138773018,-0.8217634638140763,0.18055555555555555,0.5623329687008146
1134,0.0067600814727376375,0.00011093410436351096,-0.00016254813212475405,-0.002036918279239069,1.0,0.0020783287942429786
1135,-0.7963629088922337,0.18194571934831985,0.22767267940950456,-0.8316865526082748,0.1806970509383378,0.564245219921685
1136,0.0025986277027835055,-0.0022748361720480665,-0.00040538192146090423,-0.009065956764302477,1.0,0.007838686602514163
1137,-0.8050656937268277,0.2315063517563796,0.21768809540435927,-0.8299585270106873,0.18011758417958312,0.5647817200932992
1138,0.0037961832979216074,0.000211554524081642,-0.00010774607351058557,-0.0013226117113171781,1.0,0.0015725449449975164
1139,-0.8018206753297249,0.14438739576323895,0.19791550498839708,-0.8061748034415327,0.1805111821086262,0.5676824372584139
1140,-0.001866929771292735,-0.004214685358452942,-0.0006073995755216734,-0.019359126275153245,1.0,0.010218001857893658
1141,-0.8012375997382724,0.08674409364286596,0.13927209179313865,-0.800483709404969,0.17706666666666668,0.5576992296742371
1142,0.003791185128013009,0.0002097200981687613,-0.00010865993117623748,-0.001317564981549832,1.0,0.0015651567055387395
1143,-0.7749267583750594,0.10437488334097889,0.16800237003231802,-0.8328532064750075,0.17381974248927037,0.5635571560749444
1144,0.000761594729402611,-0.004090496491341826,-0.0006514634020556017,0.0020180116294288377,1.0,0.010861647714751833
1145,-0.7813945312748901,0.27148040422345643,0.19397935180180803,-0.870170777290262,0.1768779968034097,0.5610560504592316
1146,-0.00014124239277000817,0.00013441955912507628,-5.132112870925852e-05,0.00040210081599209823,1.0,0.001431134386823737
1147,-0.7780632423375782,0.2610012144115939,0.19656880522951353,-0.8677905314386989,0.1746284501061571,0.5616815212300191
1148,0.00022276596348774224,-0.004376013205717351,-0.0007041539012991388,0.000349455068137754,1.0,0.011132813876146124
1149,-0.7721726069520595,0.12073630034843832,0.15477175125232034,-0.8421814051870768,0.17298451681793914,0.5631072451729491
1150,-0.004505805114320702,0.00017973376042765285,-0.00021399730471834163,0.0030472378558017176,1.0,0.0028474780163291876
1151,-0.7401232422332886,0.17498786666766586,0.21103945446603717,-0.8651850466132572,0.167828418230563,0.5626714340314992
1152,0.011748848137253205,-0.005818582563933432,-0.00142334328537306,-0.02126900421591485,1.0,0.012228515712408931
1153,-0.7705860130691151,0.11049758569974553,0.14294782568767367,-0.8319274482349017,0.16630785791173305,0.5655773109146708
1154,0.01560420526423072,0.0007372262694667483,-0.0013086298300131961,0.028137422576750865,1.0,0.012455345815210994
1155,-0.7574542248882901,0.10066490855382385,0.15098501612459556,-0.8550740055362324,0.16918103448275862,0.577614801469475
1156,0.011796572315712928,-0.005830256118089731,-0.0014284853324893036,-0.021263827417123342,1.0,0.01221838828493524
1157,-0.7335151876785353,0.17316010196700046,0.15860913229802792,-0.8874927846009477,0.1660377358490566,0.5750403902235527
1158,0.013509186506307332,0.0006850560497163179,-0.0009600747218003543,0.026179689407939483,1.0,0.01159019904615555
1159,-0.7189714898017281,0.17959166176845762,0.1869306903432429,-0.8988860427225577,0.16469321851453175,0.5763551077282904
1160,0.009670367615173196,-0.0061918627878968,-0.0011339056764672188,-0.021381904900565758,1.0,0.01206656229867507
1161,-0.7250988784206273,0.17925489286897825,0.16872737995950446,-0.8959090621426615,0.16344086021505377,0.5787933384128042
1162,0.013508711636239689,0.0006917074655178739,-0.0009591082909771668,0.02619566563493963,1.0,0.011591844123366103
1163,-0.7137904150543825,0.18304530717693326,0.19099983183330002,-0.904182576433772,0.1631663974151858,0.5787265178138331
1164,0.007482523888645117,-0.00661291107689785,-0.0008753323852565701,-0.021424522928332444,1.0,0.012118271399911161
1165,-0.7259038208759385,0.18156753127200498,0.15158085430380216,-0.8992584246882137,0.16307857911733045,0.5800814219427397
1166,0.011729537826880994,0.0006140462380288778,-0.0006250095748536475,0.024252071240981356,1.0,0.01081974989792403
1167,-0.8450468017463248,0.06365368630962719,-0.16496116294956237,0.30084675176189707,0.1631663974151858,0.6120742473897611
1168,0.007510050853749323,-0.006617860098385313,-0.000879861031969013,-0.021419310700859815,1.0,0.012097600664948863
1169,-0.8475693924168118,0.06500783981632755,-0.16692658913546063,0.2953697260605535,0.16191500806885423,0.6113175538020911
1170,0.0095861549811688,0.0005770032910464428,-0.0003516765788078291,0.022478631820880977,1.0,0.010336756895790054
1171,-0.8567451859075962,0.07009605356483692,-0.16228800359351556,0.27208209041255504,0.15950590762620837,0.603450817651191
1172,0.002015262894715536,-0.003985812360334729,-0.0005979083295951579,0.001154166628839028,1.0,0.013928393781628879
1173,-0.7001059945517262,0.35490589542571893,0.18865583811501513,-0.9655811960169902,0.15993537964458804,0.5740005483934236
1174,0.009570458517025855,0.00058803312656222,-0.00035133360621131265,0.02248794575242588,1.0,0.010338268551835148
1175,-0.6791436822483636,0.24399299907424968,0.20633776789793346,-0.9493473489922206,0.16433941997851773,0.5785819902005831
1176,0.002037185287043254,-0.003982765325553242,-0.0005977195017826606,0.0011447690791686809,1.0,0.013928617883523203
1177,-0.8923909956216669,0.09385073567793403,-0.10239279864019218,0.1826462449754492,0.1627155172413793,0.6002033333737942
1178,0.007536645132971215,0.0005536202344496173,-0.0001480093823390051,0.02083291152698484,1.0,0.010015183023434824
1179,-0.9125579364119771,0.09799279505690736,-0.06820422933863815,0.1275399334731824,0.15562735595045774,0.5768538867545187
1180,0.0036435056068121053,-0.004230563517235876,-0.0008671323644277658,-0.02295716572417953,1.0,0.010327859115734077
1181,-0.9172494152659055,0.11205716400912936,-0.07483659346310376,0.11182978534409746,0.156165858912224,0.5831347432956886
1182,0.010287816085752695,0.00032723950353047616,-0.0004935722725088185,-0.002899230878633411,1.0,0.002892143531093767
1183,-0.8529056505246941,0.08894663437869081,-0.1252072674981065,0.2182865274582246,0.16155088852988692,0.6012179964468338
1184,0.003562233881222882,-0.002651307426059466,-0.0006337976580075152,-0.01935435813841711,1.0,0.009262882788402649
1185,-0.8509046941424917,0.09059551538750762,-0.1272603288181453,0.2181673166387686,0.16146393972012918,0.6025948666601365
1186,0.00858878672170529,0.00031631408406202047,-0.00036936877049557903,-0.00417878275669953,1.0,0.0033558890830909485
1187,-0.8645820865266867,0.08590216557136053,-0.13161890033816268,0.2182713286798878,0.1630901287553648,0.6066074311867428
1188,0.00036508862745527644,-0.002291633970520158,-0.0004230204219030156,-0.015561565625886153,1.0,0.008004724143025365
1189,-0.9651787927969879,0.29628970847182784,-0.011028775424652928,-0.10561815831285995,0.1565357719203873,0.5801984332548584
1190,0.0043128615238706225,0.00021975880911165324,-0.00010433262542210182,-0.0014861008327270613,1.0,0.0015654893324049451
1191,-0.9659717441102775,0.30919561421692365,-0.0011857296846754881,-0.10794675808454443,0.15797958087049974,0.5863614192118057
1192,-0.0018053598834370467,-0.0021622865321591573,-0.00036718308360401996,-0.01862413885398315,1.0,0.008465836217434783
1193,-0.9400097435693036,0.30910538403599663,-0.0011693715486937655,-0.12087174975125554,0.1569048898441698,0.5824429144774819
1194,0.004265078465362767,0.00022617641786222548,-0.00010507973643002208,-0.0014862224600053645,1.0,0.0015760786472908653
1195,1.2357507282731213,-0.39245270887860756,0.3640046055035753,0.16560023082339748,0.1896838602329451,0.5906313068349558
1196,-0.0034137504062235332,-0.006614819744601026,-0.0003741710550312222,0.010009739215946499,1.0,0.013851472394526271
1197,0.36895176899232013,-1.144674486713218,0.5727557913891718,-1.8395585294703332,0.19737561509021323,0.5645169550390057
1198,0.017624833382349554,0.0003302650511751585,-0.0017742858349534339,-0.05235555531326933,1.0,0.01745777855149115
1199,1.2248783366519707,0.13924584674411117,0.2096939573976486,-0.7585958128798792,0.1963616907437132,0.5753653772752634
1200,-0.009868156715386597,-0.0059136063161022755,-0.0009397253855513279,0.010620887845537,1.0,0.013604835458702013
1201,-0.5118332713656529,-0.609670544438747,0.19327631208450796,0.5042723053942909,0.15547378104875806,0.5686552499363166
1202,-0.012329506360853002,-0.002224954361427126,-0.0012553137555260461,0.022050689672839536,1.0,0.015160530600759975
1203,-0.6796343869271723,0.89441739978518,0.2816183775936746,1.2177483730009406,0.15064377682403435,0.5618045253878637
1204,-0.01702839754897402,-0.00298580481165758,-0.002295701780357776,0.012877209990042928,1.0,0.014723664000078605
1205,-0.6281713402126405,0.8301917615921708,0.2763292982885826,1.201167287302403,0.14713322091062395,0.5778425446943004
1206,-0.010066812053631984,-0.0050924692484393234,-0.001285847064880881,0.023385278367238787,1.0,0.012762258581666018
1207,-0.4918018615719388,-1.1735851222092417,0.3633826351214622,0.965154536252776,0.15365239294710328,0.5817800277379797
1208,-0.01207069467170394,-0.0016035105688339125,-0.0006437265145083017,0.010874068514670368,1.0,0.012721213996118766
1209,-0.6203344496509927,0.7867282973447771,0.23535162085619832,1.1845186906590237,0.15059726962457337,0.5717401772239383
1210,-0.004958754277243983,-0.008529114003041386,-0.0007165634896091658,0.006928279884071259,1.0,0.013560940081310402
1211,-0.6380807122763328,-0.9222568883312566,0.28934083762555585,0.5985578065014866,0.16498464238701185,0.5767336952807887
1212,-0.012407307633236764,-0.005877693587565472,-0.0012905334294840616,0.015220049051520041,1.0,0.012362586511458305
1213,-0.6017933642402753,-0.8369350730286751,0.23111570856686367,0.6121301304545158,0.1591710758377425,0.5870324511409023
1214,-0.0011389268466191075,-0.0005411842815982725,-0.0005883157223650554,-0.005361956264353819,1.0,0.01571676403975312
1215,-0.5791569108207864,-0.8520327927330955,0.23866878267446578,0.6217432305723227,0.15851528384279476,0.5901757829194716
1216,-0.005993571778425295,-0.007759918085645548,-0.0006867257262003179,0.00501864628404056,1.0,0.013000653959359029
1217,-0.6798919256309731,-0.8451305298658309,0.19532136712797793,0.5194700636430685,0.15484429065743946,0.5812936887561148
1218,-0.0020503202973656937,-0.008012341466943018,-0.0005559729033395565,0.009120451782603935,1.0,0.01282986782630903
1219,-0.6280859364762872,-0.85698740227383,0.2059946379915513,0.5551596886293755,0.14911140008669269,0.578765991788078
1220,-0.0038359103731356917,-0.006439630987126851,-0.00044196167502687537,0.02727928183261397,1.0,0.016236402196448875
1221,-0.4641962291237571,-1.051856420216871,0.20434089429343147,0.7485882438375605,0.15357766143106458,0.5718809714642626
1222,-0.005373093050460488,-0.008940418362031787,-0.0007378640555044831,0.007016353077657219,1.0,0.013873953333457353
1223,-0.3430666408779353,-1.1633868195426538,0.20899533562595835,0.8536564074614739,0.15336879432624115,0.5677404745965828
1224,-0.012691913780112604,-0.0011914868594028257,-0.0006794135592335733,0.01168297816859604,1.0,0.013464141954095179
1225,-0.6621286944886635,-0.8941690249080062,0.21158659023136187,0.5282875984529967,0.15233522479266695,0.5653278075319758
1226,-0.005261497414575113,-0.008666812229553568,-0.0006695920237503836,0.006870697885102461,1.0,0.013709949804060192
1227,-0.5077864893439245,1.0662019521931307,0.23501728206285305,1.114323921370637,0.15350877192982457,0.5627614181455514
1228,-0.0057157408991553174,-0.008458226278070179,-0.0004224022550488811,-0.0014649382987538674,1.0,0.01364402531233874
1229,-0.6992342033274608,-0.8457108495958788,0.17133240634427094,0.4435620900638253,0.1435533894550288,0.5705699094276572
1230,-0.0003054994855553254,0.0011537773155619044,-0.0004726303750115929,0.024497611970712988,1.0,0.01805485529353355
1231,-0.18529540465983463,0.015073765402856945,0.3969916290568869,1.2148681493979454,0.1277533039647577,0.6085521288673688
1232,-0.008043275160916147,-0.008750298177659986,-0.0007769001741123975,-0.001318711514284033,1.0,0.01345337011691388
1233,-0.6597030673150557,-0.8966790129458642,0.19826562984141927,0.5107700847248342,0.15085264538696982,0.5696177043162659
1234,-0.0013542868062552274,-0.0007159455476782457,-0.0005180247308441202,-0.005339155258644787,1.0,0.015550782155635457
1235,-0.38389726709067745,-1.0855111473229204,0.19358712235546732,0.774988212472366,0.14588859416445624,0.5821223723665452
1236,-0.02147008548952426,7.234342602396591e-05,-0.0014476542253353151,0.0017243007284937543,1.0,0.012407068882273588
1237,-0.37274028932068065,1.136820012439809,0.19676166494774833,1.0076909641692218,0.1493273542600897,0.5441292342083808
1238,-0.005167447217746135,-0.008630165844051236,-0.0006515723075151523,0.006894781309240935,1.0,0.013721289993308426
1239,-0.49301232347585816,1.0274831007008225,0.1933705921663027,1.1309613492042476,0.14292114695340502,0.5589798314508282
1240,-0.0010274512111172124,0.0024953646827890613,1.3560283200195258e-05,0.02040462810746805,1.0,0.018856710081440808
1241,-0.28588461213042404,-1.1582240832056898,0.1828447638135562,0.8445335928330688,0.1468777484608619,0.5746005412581825
1242,-0.01673366955219669,0.0004973013256894402,-0.0018596458233947548,0.021433163547675625,1.0,0.010650273296038019
1243,-0.2654712113268467,-1.1480659082877098,0.1827122139571029,0.853962242390752,0.14966887417218544,0.5723554758174989
1244,-0.018949240482807585,5.450392177576153e-07,-0.0016443836594742288,0.0004326105360891757,1.0,0.009885804869243505
1245,-0.34648548151478653,-1.155847144246868,0.1798702023394685,0.7705546212090918,0.14727996461742593,0.5540956552309086
1246,-0.012889337384188407,0.000736222994534239,-0.001311275640875668,0.04823235013664599,1.0,0.012975785907247451
1247,-0.5228568844196854,-1.0250089867876129,0.1963764225994059,0.5972172591723778,0.14703315881326354,0.5707500267259018
1248,-0.0160784707792212,0.0017248469007057627,-0.0011536037189442277,-0.021616780845461203,1.0,0.01232373218587241
1249,-0.25228384524953157,0.019359178573398823,0.26565948341260814,1.0277790949021117,0.12629679747406405,0.6291990830779656
1250,-0.016989100571544624,-0.0014130230537800577,-0.00206924977270479,0.018816954137267753,1.0,0.0117757250584602
1251,-0.3167179105263266,1.150585407001524,0.17332924365317054,0.9905066641416697,0.14804964539007093,0.5555017354353512
1252,-0.021450417392854443,-0.0001511847332284901,-0.0026035133903224137,0.0014468915652520156,1.0,0.009472928266035921
1253,-0.34044328590790673,1.1971573273798415,0.162108208857975,1.0103207346713339,0.14658273381294964,0.5512223049425516
1254,-0.010168825963367335,-0.004369253875880629,-0.0014299845967667144,-0.0014692345644883554,1.0,0.013712905451568523
1255,-0.44135538548563713,-1.0942699431722167,0.17537538374069295,0.6507598791868368,0.1414458913336327,0.5637764100293392
1256,-0.01639015131638803,-0.004147712066851647,-0.0011727055666361367,-0.0007572971624147153,1.0,0.012791314864781345
1257,-0.09618015546554579,1.2163987689790763,0.15106190199016475,0.8350872378363613,0.137664697864607,0.5446529275627093
1258,-0.005361538867251057,-0.0076258645553518144,-0.0008689858425467433,0.022072505281594674,1.0,0.014019939653815178
1259,-0.6102463753782691,-0.9147263896476602,0.1644805732517955,0.46345369038105666,0.1413870246085011,0.5668851927542513
1260,-0.016429163414141155,-0.004152996832993916,-0.0011778566269068007,-0.0007644405246467929,1.0,0.012819609805532641
1261,-0.20797216858563752,-1.1673053239222049,0.17002930767514998,0.8441747183993462,0.14125056230319388,0.5676426413521692
1262,-0.007529745503919583,-0.0073200829965038025,-0.0010803058258663301,0.0224833614400318,1.0,0.014077778595700863
1263,-0.13363295107784956,-1.194184357785247,0.15111427563347993,0.8987446963814664,0.13824057450628366,0.5598503108706842
1264,-0.016278853645629546,-0.000162294022967635,-0.001187548003401707,0.000312935157854833,1.0,0.009907972095542249
1265,-0.22886113329610314,1.1616087386218559,0.1527668662232881,0.9551383504165359,0.13745551601423486,0.5506987742969682
1266,-0.007486350383012306,-0.007327970533778577,-0.0010740863408697009,0.022486919744653677,1.0,0.014079018092995237
1267,-0.12334338073436944,1.182306573858538,0.127541233916424,0.8664327921131986,0.1407440609592111,0.542683932451459
1268,-0.01888455291224026,-0.0011153960968230065,-0.0017810164921440957,-0.0007157508635120366,1.0,0.009890693230560008
1269,-0.3262709857244629,-1.0967754172059876,0.13157723643770208,0.7118449622019422,0.13729977116704806,0.5669209275978029
1270,-0.007449472235154767,-0.007336254216905241,-0.0010699829887060657,0.022489335783206096,1.0,0.014082833336502799
1271,-0.2651833725063916,-1.1141757752051187,0.15102968963806862,0.7639189166900362,0.1420814479638009,0.5516049690627713
1272,-0.01898958606037271,0.00025820679860923855,-0.0019703098242132952,0.0025498083708082207,1.0,0.008186951592978014
1273,-0.2807877287314106,1.144521400347497,0.1518666307516493,1.0327134613189397,0.13593112822836428,0.5473748662267529
1274,-0.012922937215963243,-0.004545125472663194,-0.001663209965830908,0.027953960908292136,1.0,0.013014488761031989
1275,-0.20526435368064572,1.1192654642535143,0.13866453734889825,0.962555417312664,0.13015873015873017,0.5432889617986868
1276,-0.01567825431650964,-0.00415987329184306,-0.0011075714377989597,-0.0008568749685993602,1.0,0.012952410630406624
1277,-0.1690690621868587,1.1032547869108655,0.14480458245886013,0.9424244158288794,0.13131768953068593,0.5471626867157289
1278,-0.01200584625794281,-0.006680064248047639,-0.0016843476415961053,0.023303271146191917,1.0,0.01464276699067077
1279,-0.5646984119182538,-0.9555391554549205,0.1258218354465368,0.4594976028054694,0.13989169675090252,0.5582389493893974
1280,-0.015723557864032067,-0.004155391063397781,-0.0011080414130951513,-0.0008643259644874164,1.0,0.01295531323294774
1281,-0.19150870882655185,1.1260847689573916,0.11747151647948681,0.9517853595000214,0.1371480472297911,0.538953338993451
1282,-0.014663873970689894,-0.006235640680474828,-0.0021560772523036894,0.023748147176827848,1.0,0.015360336865459503
1283,-0.3378152834730601,-1.0632294861892657,0.11786152729011842,0.6396977373277123,0.1380255941499086,0.5706368391354953
1284,-0.018481813733789446,-0.003717287490307684,-0.0016229602454754565,-0.0010981872816706176,1.0,0.013419059876672294
1285,-0.3745714415903638,-1.020821893836825,0.11354459951627849,0.6212488490540489,0.13895321908290875,0.5542500416429349
1286,-0.011854005008526946,-0.006703738337086987,-0.001658655269591116,0.02329871139013494,1.0,0.014590447864024109
1287,-0.2648883322328897,1.0305419354030652,0.1018202140040843,1.0378972722638984,0.1341350601295097,0.5560991447864612
1288,-0.01850702992738286,-0.003704161197316899,-0.001624766601372083,-0.0011024793523635213,1.0,0.013413414294139194
1289,-0.41087158950705527,0.980795516719277,0.10596898171543663,1.1805604812989576,0.1380908248378128,0.5464619813878865
1290,-0.014567197616138195,-0.006222938944662446,-0.0021335488170318496,0.023752018714704937,1.0,0.015284911909628236
1291,-0.18945418343790324,0.03756242044769866,0.1083503059787084,0.9172936130119894,0.1234454168585905,0.6360652202607553
1292,-0.01852902833408799,-0.003691172489674654,-0.001632364812205775,-0.0011078467413617274,1.0,0.013401410777291158
1293,-0.45302409878656724,0.8917922895025465,0.06724201635283165,1.2533852996016097,0.1344110854503464,0.5574333813771675
1294,-0.011839423115141032,-0.005860303555361271,-0.001279588239588056,0.012862511763980485,1.0,0.013892307711237846
1295,-0.512706930295676,0.9041448849510636,0.08108067709278022,1.309667908231003,0.12981651376146788,0.5396478579910935
1296,-0.01854873767600137,-0.0036766070764102125,-0.0016426677719894298,-0.0011105752162536868,1.0,0.013392895459552653
1297,-0.44264443868516373,0.8272972816195028,0.0490517979077995,1.2684609941809368,0.12900315741993684,0.5549826024359894
1298,-0.01167135564337222,-0.005841069509917194,-0.0012757992316513238,0.01295669416548092,1.0,0.013877738032990054
1299,-0.27455191376437266,0.8966614687625927,0.05363384785813043,1.1013053461059656,0.13221601489757914,0.5664256943199093
1300,-0.02143375441471368,-0.003133148766121094,-0.0022651457822876597,-0.001361602419188138,1.0,0.01424421039539933
1301,-0.38134888217272894,-0.9872717552356639,0.09372654891933851,0.5464572192791682,0.13547486033519554,0.5589071230800889
1302,-0.014726569545376966,-0.005234967624967918,-0.0016572028291906456,0.011000496119336466,1.0,0.01418515525348996
1303,-0.36004162885941954,0.8056535132983816,0.03208674314637651,1.2238031538788854,0.13346228239845262,0.5630655245619902
1304,-0.02149980148876231,-0.0031043661917465456,-0.0022911178417707534,-0.0013744845917982504,1.0,0.01428274443907189
1305,-0.41227087419507835,0.905203926330519,0.042495936163605134,1.2571706328549288,0.13283089967027792,0.5622813802280792
1306,-0.014687876415761218,-0.005235405587389819,-0.0016540705623940767,0.011001651323912197,1.0,0.014174500158798288
1307,-0.47508134416360404,-0.9951607748519345,0.06076478887159138,0.4558666810454771,0.13493182886694877,0.5453755763713701
1308,-0.00398690512922348,-0.0038561706734086634,-0.0006919462535636264,0.03279088229909334,1.0,0.019292555557725445
1309,-0.4906983445327704,0.8270023178238253,0.01947067151654702,1.3669141928760042,0.13505882352941176,0.5565262090295787
1310,-0.014597326837911076,-0.00546350997457549,-0.0016914174644108242,0.010705478633570823,1.0,0.013804734017351668
1311,-0.48886203465202716,0.777271344596938,0.0030411523722378682,1.4071442544220834,0.1245916938870742,0.5535079374437888
1312,-0.0041334797468628864,-0.003852686090646447,-0.0007095409702865471,0.0327975346214679,1.0,0.019314487677543696
1313,-0.0172237102866054,0.04572348795397423,0.039890208017441864,0.9015081360932856,0.13295346628679963,0.6892542935583581
1314,-0.014548975324021765,-0.0054790344681241296,-0.001691857856808102,0.010702284246251836,1.0,0.013797308615933026
1315,0.07708022507587024,0.04247023024548943,0.03324644095259097,0.8531794842041759,0.13419293218720152,0.7178464981974135
1316,-0.01026057786264878,-0.0052368631055820835,-0.0011714362965239975,0.019611154628830292,1.0,0.01445518226265386
1317,0.0907195592343074,-0.007556934112056368,0.030275767807600707,0.9278589898492882,0.13953488372093023,0.7130316757326194
1318,-0.017397427389710556,-0.0049590995629486085,-0.0022737080995952736,0.010886260743181225,1.0,0.014642156097394507
1319,0.0999308831723104,0.005724105343785396,0.030439730204706396,0.9342375763944613,0.13503123498318118,0.70949693352264
1320,-0.00032896246916522856,-0.0014164898685778556,0.0003480922712460547,0.016479328417208765,1.0,0.011997854440256769
1321,-0.3941941215985823,-0.8671493764770973,-0.0031004152809494044,0.39373238443830544,0.133210840606339,0.5573967329027384
1322,0.006167247252524886,-0.009662222742962988,-0.0003643144945989699,0.0004754114966403511,1.0,0.0075499195236325796
1323,0.1306441086658916,0.909921622939288,0.003374668834973315,0.8245017773449338,0.1355,0.5944147680256202
1324,-0.009049234657874806,-0.007466134418776894,-0.0012556696200434789,0.04142905147919993,1.0,0.013502578428977561
1325,-0.1846939772494843,0.9368785181335456,0.018291086698199333,1.1011697320859082,0.13031026252983294,0.5580087104115857
1326,0.0033464275192157176,-0.0029451181078628303,-0.0019599184850656462,0.016049978750906913,1.0,0.016412274550678983
1327,0.20640520124511072,0.9497762736500898,-0.003959802184373449,0.7486686017728915,0.1261127596439169,0.5829303050208743
1328,-0.004851457444402385,-0.0024402321253738286,-0.001966922880496608,-0.01574387149099104,1.0,0.01665592754633488
1329,0.25833560537199285,0.9531122064441885,-0.020935949795137514,0.7005787676809655,0.1251840942562592,0.5853433144842444
1330,-0.045601040519234304,-0.005201096238370284,-0.024179874213418624,-0.0019519613355060842,1.0,0.018099604579705178
1331,0.2616469859150275,0.9433954975678052,-0.01648220209174123,0.6950877988025886,0.1294291338582677,0.5850470408866995
1332,0.03286439355321193,-0.0051789655124622695,-0.011145757903561565,0.003468489566292994,1.0,0.018034631593349133
1333,0.2611532532298124,0.9520575201412439,-0.007769996772228733,0.697827158421094,0.12721893491124261,0.5802163937142811
1334,0.003655513345997413,-0.00194310782866599,-0.001921536213254958,0.016910848507381435,1.0,0.016658624794752303
1335,0.14349906578827834,0.9330384620016512,-0.004826862275820357,0.802066275066096,0.12724623603691113,0.5882593378125207
1336,0.0032839161511868213,-0.006738646233457747,-0.0014045717803711805,0.004508985732289472,1.0,0.01843549473798
1337,0.227796430216932,0.9550860737094682,-0.013021905229499059,0.7287074114423978,0.12714776632302405,0.5825787329831063
1338,0.0034592675902017805,-0.002196405544801508,-0.001938175431676083,0.016701921303913316,1.0,0.016639029492474807
1339,0.15469084053921178,0.9398146093288674,-0.006702666414298722,0.7855125146600117,0.12878048780487805,0.583507958040023
1340,0.00312010902429196,-0.006743582873216068,-0.0013944373333329171,0.004497810563863658,1.0,0.018436119804785826
1341,0.2434198800787334,0.9565181025446448,-0.008488914239827651,0.7105024579084405,0.12721893491124261,0.5781582261524161
1342,0.0034622732330890256,-0.0022155186169940727,-0.0019265015475593904,0.016690476628638626,1.0,0.016634716262017964
1343,0.1378867325068434,0.9370959773248115,-0.005328828040433204,0.8016552632830576,0.12832929782082325,0.5829692278400335
1344,0.0029816850233320563,-0.006742929049052989,-0.0013910944832029389,0.0044884551872123165,1.0,0.01844047066867905
1345,0.1475895495796704,0.9409798630607938,-0.006639950362041235,0.7928195194527569,0.12890625,0.5842088859109505
1346,0.006030378564441372,-0.0004226302724819192,-0.0019867254300654142,0.025369915828301597,1.0,0.01685416705326714
1347,0.2486674718204501,0.9585910791932536,-0.006414519134241608,0.7042524947934086,0.12715623459832429,0.5774473661174293
1348,0.05075990545427761,-0.005484493877981927,-0.0379251386581636,0.005016979407279726,1.0,0.01852812719139636
1349,0.13312132143887592,0.9380013101348479,-0.005779440328379052,0.8083615330655503,0.12809315866084425,0.5843807136850698
1350,0.005714583732501811,-0.0004494430243846689,-0.00195435929176111,0.02495452348032314,1.0,0.016615000586174686
1351,0.158106558160369,0.943188961349224,-0.007774672187082998,0.7830193921514321,0.12854349951124144,0.5816821088588787
1352,0.05074941792004016,-0.005483764265341771,-0.03789436148064362,0.004975062059795769,1.0,0.01852834505458749
1353,0.24964219208796376,0.9583994169674273,-0.008052388237165795,0.7047927608838775,0.1270935960591133,0.5781053922359216
1354,0.005678382589121874,-0.00042656271118679545,-0.001954673506613109,0.024957555575280198,1.0,0.016621098523057064
1355,0.13593337851588366,0.9374510660985491,-0.0047068373333755305,0.8048912347284235,0.12809315866084425,0.5834446141796341
1356,0.049697564939897944,-0.006464925650653857,-0.03544454860749416,-0.005617697519163605,1.0,0.017794016022667856
1357,0.13205794434731943,0.9378658474757545,-0.005400538301655813,0.8112150700161481,0.12766990291262137,0.5852293498946368
1358,0.005627374709809249,-0.00038849230363768866,-0.0019560979988159075,0.024970655274090977,1.0,0.016630206523556325
1359,0.13568088861677335,0.9335038446653859,-0.003984948048093354,0.8109717924722828,0.1273170731707317,0.5882568927357552
1360,0.04967814067377953,-0.0064863991323623445,-0.03539458883401296,-0.00560111309038794,1.0,0.0178104309324002
1361,0.145892194880597,0.9489581458166386,-0.005119172251828111,0.8019050901814638,0.12555610479485912,0.5828957310072158
1362,0.004942222099887723,-0.0004913463313037518,-0.0019351562387978486,0.025711885395085367,1.0,0.018034627718673393
1363,0.10488527180500458,0.937577370205816,-0.00020126159012619495,0.839151181678888,0.12730806608357628,0.5858427897245218
1364,0.04924263034197563,-0.00676587537786722,-0.034381539515012,-0.010262523343120828,1.0,0.017582747480738226
1365,0.12947975966682126,0.9340681397035119,-0.004355750351740495,0.8177852010005677,0.1273792093704246,0.5896295398318707
1366,0.004893270435428528,-0.0004544122601208842,-0.0019368715883880823,0.025722336450268977,1.0,0.018047136279589808
1367,0.14720741192146114,0.9498927346617797,-0.00474043836877516,0.7987243249011255,0.1259881422924901,0.5819865019254797
1368,0.04922878516493105,-0.006780995830410404,-0.03433932803506234,-0.010216713113534337,1.0,0.01759730558650051
1369,0.13255379587551575,0.9385533183967226,-0.0021182739597737235,0.8114971550880891,0.1264591439688716,0.5879133777430884
1370,0.004812801109913174,-0.00043420796146859136,-0.0019298597087010058,0.025731065640829828,1.0,0.018067003628840315
1371,0.16774987814548364,0.9305206663697106,-0.008519314589341116,0.7801666089777026,0.12973760932944606,0.5894024613027472
1372,0.04922459381323677,-0.006784195436111577,-0.03431720678134127,-0.010220150222950388,1.0,0.017604988074180924
1373,0.2626300106410038,0.9476920057968576,-0.019639239590407268,0.6955636930079487,0.12923832923832923,0.5819749883175953
1374,0.004731514239229179,-0.00040745132411829104,-0.001924014704124233,0.025742801113480925,1.0,0.018093556261843252
1375,0.2583978135632385,0.9498091205618299,-0.009054491146217971,0.6969572707001211,0.12923832923832923,0.5798029671314657
1376,0.049207274400985775,-0.006786521863906687,-0.03425961153238737,-0.010182337221315969,1.0,0.01762106561906038
1377,0.16567378275501835,0.9306495164304659,-0.006471230431641865,0.7795044592287699,0.12973760932944606,0.589729138568021
1378,0.005596268114351944,-0.00039973348462160634,-0.0020288134418159696,0.025252702155612393,1.0,0.017850252224402813
1379,0.24222288762714345,0.9553426256122107,-0.015646339345768985,0.7096986666594761,0.12763868433971526,0.5784667633045792
1380,0.04918542336270692,-0.006802137817886381,-0.03420255385925263,-0.010104536481591804,1.0,0.017638238478718708
1381,0.2392529230008287,0.9569211503569529,-0.005618422420741102,0.7084907116336683,0.1279527559055118,0.5773409229188945
1382,0.005495034469338322,-0.00036440599392117967,-0.0020210439502587256,0.025252601334041457,1.0,0.017868143897025773
1383,0.1416054378267439,0.939342936946011,-0.002965619845657506,0.8010796451559548,0.12706913339824732,0.5856703877243276
1384,0.049175545635260824,-0.006813805571732263,-0.03417526344511163,-0.01005872782893809,1.0,0.01765505489427243
1385,0.13659325888472026,0.9386320738773002,-0.0007485317731588363,0.8047510579205199,0.12688381137579,0.5863401370477221
1386,0.005401795299300827,-0.00033626221743142376,-0.0020056607782155196,0.025255299242999713,1.0,0.017884629464472303
1387,0.14555374800764675,0.9335223502292547,-0.004262831382938742,0.7992223277553084,0.12774256460263286,0.5882045290252479
1388,0.04917887429720504,-0.006823945065575564,-0.034171002637727134,-0.010022185320610973,1.0,0.01766989807782549
1389,0.1350831269057427,0.950171143860035,-0.001944824047139145,0.8078416303654771,0.1259259259259259,0.5823295291715358
1390,0.0052782533988277956,-0.00030850040648550115,-0.0019932641509167815,0.02525693056634937,1.0,0.017893862778318843
1391,0.14082545630320703,0.9369570572416502,-0.0021153561796185094,0.8010436567328462,0.12917271407837447,0.5841849399417698
1392,0.04917367082285152,-0.006851895074795144,-0.034156837187360956,-0.009958604253064614,1.0,0.017693760147060623
1393,0.17534029914948368,0.9322002865851313,-0.004761991978566737,0.771338786348259,0.12931453573164803,0.5899162734066783
1394,0.005161110614477498,-0.0002858823511501379,-0.0019767421427202754,0.025261847479836227,1.0,0.017906229091767305
1395,0.24881585436133555,0.9465631570946427,-0.010688311891960891,0.7027383926279597,0.1307541625857003,0.5794213395586273
1396,0.022979042529084222,-0.006897310821666741,-0.0056958627947492225,-0.0010359812595733967,1.0,0.017161219249703846
1397,0.13474706409203915,0.938443410976414,0.0006589861274361429,0.8032747154520852,0.12859230394544569,0.5853945908048324
1398,0.00508899104392281,-0.0002553184751666186,-0.0019747234280202415,0.02526089359164043,1.0,0.01791421070925848
1399,0.13608381513849685,0.9345431703489429,0.0013036862843170583,0.8074695391371963,0.12761811982464685,0.5884962504557244
1400,0.004905757840903277,-0.0019734531775421897,-0.0025083724779804703,0.01945891788230974,1.0,0.016819536814757608
1401,0.08130221512961472,0.944838314228692,0.005182850508122895,0.8535352339245378,0.1276283618581907,0.5788987421127563
1402,0.005028548851250309,-0.00021751910071712851,-0.0019761933418680562,0.025257498474180587,1.0,0.017924303180204194
1403,0.07463755187990166,0.9507250878692495,0.00870384002477397,0.8620140197486832,0.12734452122408688,0.574417269074181
1404,0.0005797741787094178,-0.003322296209812092,-0.001452147083058096,0.024687084114749302,1.0,0.016925466223197756
1405,0.16345863503379815,0.9296626371445913,-0.002250757493813276,0.7811665449033901,0.1301402999516207,0.5885388261742859
1406,0.004963487558742082,-0.00018658075681184108,-0.00197813429584745,0.025256265789472723,1.0,0.017932426949865368
1407,0.1423300251639857,0.9329553566254553,-0.002199011484506843,0.7984934816961962,0.13113161728994657,0.5853070181268498
1408,0.003835266408769801,-0.002038991698729182,-0.0019045159352708704,0.016223878749534314,1.0,0.01648316085602879
1409,0.12856326367389834,0.9513712536236717,0.0006016560871299104,0.806936253495586,0.1278898180029513,0.5765181699420181
1410,0.00488780805723183,-0.0001557688038945349,-0.001978626140185626,0.025251760505760588,1.0,0.017949755397221132
1411,0.10226398119791782,0.9381910131646688,0.004519943421376794,0.8413897191593322,0.1273699562469616,0.5859812247326303
1412,0.0039034803227119825,-0.002041658596524228,-0.0019153232786012428,0.016213010061090983,1.0,0.016466550839394394
1413,0.10643821232326235,0.9370358711227242,0.0059057746855842915,0.8358158574095906,0.12719298245614036,0.5861491321381747
1414,0.0054910575049280635,-0.0016955289527724384,-0.00225430444979493,0.028012265895670133,1.0,0.017354250919351746
1415,0.15158966128028425,0.9460432614536497,-0.001453609312920592,0.7900856989148427,0.1300097751710655,0.5778649730722041
1416,0.003983195136786504,-0.0020501325324218723,-0.0019256902697883872,0.016202861518077795,1.0,0.016453404448698892
1417,0.08827848928031162,0.9513717706544992,0.006861403508605911,0.8459633302564714,0.12947523295733201,0.5727938220846587
1418,0.005448080595074893,-0.0016909489983757762,-0.0022598973208964113,0.028011499858715337,1.0,0.0173745471635275
1419,0.12809522279956162,0.9390948253497557,0.001992339353528265,0.8102489952350245,0.12773190869354056,0.5852903105790914
1420,0.0038785803191775715,-0.0022964962921282273,-0.0019660237361095803,0.015991382624394222,1.0,0.016413767622513294
1421,0.07895561974596468,0.9414008502278833,0.007003345228764032,0.8543626822350202,0.12799218368343918,0.5802096276127607
1422,0.005406670581539036,-0.0014255903779551713,-0.002208002425025051,0.027896611528873703,1.0,0.01764155983111833
1423,0.10671514041881369,0.9498830957719335,0.0024099851389648304,0.8314114003338399,0.1267883571780957,0.5787442493304659
1424,0.003941412579755532,-0.0023238205802621134,-0.001973683275678172,0.015987763361843415,1.0,0.016409531202478463
1425,0.08499480180012126,0.938171416971651,0.00474002170610497,0.8489445411608726,0.13091787439613525,0.5789293590322314
1426,0.005356574933063891,-0.0014200630869659059,-0.002215276925067171,0.027899980653064364,1.0,0.017659246169089142
1427,0.05273353902472775,0.9424967096137394,0.008821060505245563,0.8752563870638663,0.12906356137797187,0.5742546190205041
1428,0.004036383236671959,-0.0023284751701263804,-0.001974124635315611,0.015966128581313584,1.0,0.01637867782705338
1429,0.053486507741798604,0.9468144965961338,0.008060213608015307,0.8743763415111278,0.12915851272015655,0.5709504102150234
1430,0.005308179138325965,-0.0014095785897774238,-0.0022216950407233094,0.02789133495642284,1.0,0.0176807572155653
1431,-0.017139935957415996,0.9673604108414166,0.011642360588107695,0.944353862104248,0.1279527559055118,0.567146960129974
1432,0.003678886021457661,-0.003174188850583829,-0.002044814332665998,0.017673774156813964,1.0,0.016249664733105084
1433,0.08515575008975294,0.9373058668162795,0.004183551224683379,0.8510423863314571,0.13079150579150578,0.5791339117713716
1434,0.004947712647505105,-0.0018466365192092854,-0.0021833484351972622,0.02803279756925748,1.0,0.01744701220985657
1435,-0.08980441377702392,0.9412560194617925,0.016746280297049086,1.013040263779691,0.12851600387972842,0.5670159575539735
1436,0.003653568996902145,-0.001914965589321895,-0.0019374083583630916,0.0169247009456034,1.0,0.016665755595156005
1437,0.010033100987888937,0.9632338012245618,0.005031854816413553,0.9216595944854031,0.12862052037309768,0.5698827695029601
1438,0.004996001179582442,-0.001587529715415828,-0.00213471248587549,0.027925396115804073,1.0,0.017692515653120973
1439,-0.013037379564479954,0.9683404118836779,0.011352832256018073,0.9413921595860427,0.1278898180029513,0.5675727844116462
1440,0.003658870255316572,-0.0019396767882272426,-0.0019220964360182476,0.016914323890811676,1.0,0.016662064100009245
1441,0.08329726739149111,0.9378097460442614,0.004157228153283227,0.8527862764247343,0.13056092843326886,0.5794277664244402
1442,0.0033119357404894478,-0.006738180735020244,-0.001407240068081047,0.004506076711920078,1.0,0.018436674690090284
1443,0.036121130722398996,0.9404490483575045,0.009761932436403322,0.8931904166359304,0.13005358012664395,0.5748920347796806
1444,0.003461989862696599,-0.0021948252670771916,-0.0019465217232754464,0.016706124213774768,1.0,0.016639167626111718
1445,0.0369756317022917,0.9490581095100665,0.009110600945965774,0.8932345303105932,0.127826941986234,0.5704501867923206
1446,0.0032123917317025126,-0.006745609093379586,-0.0014015608866265942,0.004501545535789738,1.0,0.018438442954836595
1447,0.08198026138879078,0.9386431026305456,0.003944189605071137,0.85556467717432,0.13085465958474168,0.579681152503319
1448,0.003441829862220818,-0.0022074651938150678,-0.0019318162937290654,0.016698588781440173,1.0,0.016637054584367764
1449,0.051842630658383716,0.9425592104219309,0.008771468331547306,0.8757534779001055,0.12900096993210475,0.5739416442933498
1450,0.0030304403501231324,-0.00675290735353734,-0.0013915483328113573,0.0044942236556193066,1.0,0.018443514358736965
1451,0.03830297336035085,0.9429839918113253,0.008405280438145516,0.8917145555153071,0.12920526572403707,0.5737281599642847
1452,0.006008921319839018,-0.0004181941880726931,-0.001984663292001254,0.025375642882288718,1.0,0.01685712664703463
1453,0.008147416272321429,0.9600967004175711,0.009855785434594363,0.9225918635403259,0.12758620689655173,0.5712772626049861
1454,0.050755049440467444,-0.005482405028140326,-0.03792189053713165,0.0050216835252197035,1.0,0.018526541633401207
1455,0.07163355983810464,0.9394265791267036,0.005425301962151654,0.8641088265146365,0.13001449975833737,0.5782558094298443
1456,0.006043591690940042,-0.0004352367216422238,-0.0019862530084795854,0.02536386639400777,1.0,0.01685623538389909
1457,0.00415976259149268,0.9272032036699116,0.01176509683110732,0.9280457947592573,0.12834224598930483,0.5760402980465685
1458,0.05074633651603378,-0.005486289179490126,-0.037885304252564984,0.004969341836722979,1.0,0.018532771871022646
1459,-0.032967503842648904,0.9578081532638233,0.010911597642533057,0.9565847431312612,0.12994626282364435,0.564163659610244
1460,0.005697541620407351,-0.0004411133814726241,-0.0019530698931791292,0.024956529165541457,1.0,0.016614437386093354
1461,-0.012611153950188067,0.9632881223767488,-8.314684800380808e-05,0.9382841695784355,0.1310513447432763,0.5637872789787721
1462,0.04971121568816086,-0.006464885203172892,-0.03547753641153406,-0.005623138347476211,1.0,0.017792946220271902
1463,0.09160802928515026,0.9385899294502354,0.00793073321686711,0.8504997288434821,0.12639766650461837,0.5859357110169716
1464,0.00565779035308684,-0.00041359011155281405,-0.0019520136129395074,0.024964874941067295,1.0,0.016625551670105293
1465,-0.016302486018155198,0.9073572273842634,0.0052364598147054495,0.952734843228963,0.12634146341463415,0.5835282482789681
1466,0.04968729945204066,-0.006472675388115739,-0.03541878272078869,-0.005606973257425348,1.0,0.017797344068607272
1467,0.14837039271469907,0.9411229862171581,-0.001696332165730491,0.7943138464642183,0.12994626282364435,0.5817897187862188
1468,0.005614758204538117,-0.0003742317382264131,-0.00195518950474978,0.024973079847596717,1.0,0.016638246624415074
1469,0.11010459432601592,0.9370773207593633,0.007825396856592566,0.8339304960462173,0.1273792093704246,0.5856009231567078
1470,0.04965531891400581,-0.006496770793267816,-0.03532644492767131,-0.005596999737588156,1.0,0.01781761803901014
1471,0.02262458357407985,0.9236413566938326,0.015582006441499265,0.9169140098142545,0.12408759124087591,0.5812076955023044
1472,0.005543364470627553,-0.00033330696454367254,-0.0019545098014051854,0.024985889696933185,1.0,0.01664770966093607
1473,0.1597460853903634,0.9291867232198833,-0.00037572512752464626,0.7879533527519642,0.12980068060281963,0.5901764242334733
1474,0.04924516478222107,-0.006765502456251754,-0.034381931137116954,-0.010263868991171241,1.0,0.0175848899517678
1475,0.07801033436771243,0.942866426503848,0.007285069933056727,0.8599158943039517,0.12738853503184713,0.5806419506530762
1476,0.004850140289991623,-0.0004410495957967578,-0.0019307419542923731,0.02572634860840097,1.0,0.01805721055340148
1477,-0.017037408766792696,0.9073458655764792,0.005562440983705593,0.9544406200902319,0.12573099415204678,0.5848433383836116
1478,0.049225602796487196,-0.00677981052220006,-0.034327697094862,-0.010223534448774583,1.0,0.017603455556268313
1479,0.10183507873257318,0.9481916483186209,0.002771774237661526,0.833186504156696,0.12830558276199805,0.5767244454007143
1480,0.004783364087361561,-0.0004165113302381089,-0.0019301241178961222,0.025736981344497204,1.0,0.018081497128670004
1481,-0.04138373670969879,0.9090944476875975,0.0027976558450878686,0.9788696694971684,0.12648221343873517,0.581376977613174
1482,0.049217594625073434,-0.006789908899815369,-0.034289864997704145,-0.010189495230462524,1.0,0.01761792327282058
1483,0.1824584993678057,0.9431454124248835,-0.004770414982290597,0.7617419933805848,0.12893700787401574,0.5809395145299207
1484,-0.0035144036691703677,-0.00314056601477925,-0.0008962833817253631,0.020167265437997964,1.0,0.017459546293802773
1485,0.09698714132923669,0.9292404652115672,0.008223753099882204,0.8510076286885383,0.12719298245614036,0.5897631000836305
1486,0.049185992500486525,-0.006804178723498589,-0.03420551675334886,-0.010098019498750159,1.0,0.01763699592909151
1487,0.03353140447682658,0.9411942528408644,0.01367206959828527,0.8906224540431793,0.12975609756097561,0.5756748025725865
1488,0.005527739884921836,-0.0003718132041446721,-0.0020242108460571335,0.025251217607718136,1.0,0.01786134839617837
1489,-0.018927658269827403,0.9704402409837904,0.012269512456723714,0.9395139574820577,0.128921568627451,0.5654164455409849
1490,0.04917610960624256,-0.006810477083046939,-0.03417967390398327,-0.010064339422232288,1.0,0.017652305030056912
1491,0.042531288216709706,0.9410259562217049,0.009272612797246785,0.8868531441783756,0.12682215743440234,0.579755936478603
1492,0.005453173415930449,-0.00034726297454569505,-0.0020152240307213017,0.02525442967326951,1.0,0.01787259704765921
1493,0.08561095001066463,0.9387757993664463,0.002164822121518134,0.8512557942304458,0.1297820823244552,0.5816270283201722
1494,-0.013431408447421292,-0.0015702834201414147,-0.000768148335226896,0.025585257318149562,1.0,0.007290668436646977
1495,0.2537867837048658,0.9569564623809784,0.005975755302559795,0.6738628144548541,0.13300970873786408,0.5968393802397196
1496,0.009805643551639525,-0.004605714804996483,-0.00018539613599650166,-0.00030733594679619597,1.0,0.01248890647522409
1497,0.12588713839837717,-0.07795417976223987,0.03309910900303954,0.9205729279474975,0.1364551863041289,0.696768984719516
1498,-0.00223004478738702,-0.007789062548421912,-0.0004905138204501226,-0.02077016472044175,1.0,0.013764874147800497
1499,-0.3260060178696801,-0.8078177404407787,0.009467500671147763,0.4559398252427857,0.13953488372093023,0.5433777436938612
1500,0.0062519944940559995,-0.004627536692011075,5.034658105301216e-05,-0.00023121245543152573,1.0,0.012502063358822695
1501,0.43499460414568913,-0.023150123131281383,-0.00033858437616310344,0.7749860681968607,0.360473208072373,0.7069779897342418
1502,0.014763791004729666,-0.004469598141690623,-0.0020544928088911613,-0.05195229978941712,1.0,0.01678934471880681
1503,0.05538453275210982,0.10928909038220773,-0.03154071262987955,0.8096253039838943,0.3949416342412451,0.6008291811838434
1504,-0.008787623615333246,-0.006438809564892375,-0.0005525860424791026,-0.05083538199394935,1.0,0.01895886161241264
1505,-0.001087449173150683,0.039208196442614675,-0.044476593159392314,0.8075508105470222,0.4348327566320646,0.5913703547301637
1506,0.01712597588143608,-0.004592945055980275,-0.0012228933433214874,-0.008263970823647927,1.0,0.011564652168765118
1507,-0.001043617565631178,-0.22249417902380064,-0.030439219253309113,0.7850869786149668,0.45588235294117646,0.5983730086296338
1508,0.004267859369469486,-0.004671343073685804,0.00013268248318337806,-0.0004100208011062259,1.0,0.012484897446600356
1509,-0.008827450157365354,-0.5546984489413987,-0.04588984257783899,0.7845845777804691,0.4406215316315205,0.5664625168348243
1510,-0.00669434265745209,-0.005940856469355427,-0.00041897240487950876,0.0045889385580856765,1.0,0.009761303906290758
1511,0.006682083179610112,-0.007000047201441736,-0.043867802945470026,0.7999341828629634,0.44532130777903045,0.5882832168146551
1512,0.018361182220741096,-0.004113998795917453,-0.0012906417920998396,-4.974194867475555e-05,1.0,0.012534354168899359
1513,-0.00315037729452218,-0.3420129120870027,-0.03614316471086544,0.7880243632876617,0.45302013422818793,0.5977130028548154
1514,0.00423026987657957,-0.006251639147460414,0.0001931547559919508,-0.014686954726605299,1.0,0.013249893405353418
1515,-0.004132277959877582,-0.23700076333217757,-0.032291125321547834,0.7871099818532076,0.46770601336302897,0.6066082998033753
1516,0.0009139050630757873,-0.005200852051692684,0.0007674515025212009,-0.0003512006635217779,1.0,0.01307214511799553
1517,0.008538312171148935,-0.00840003538441221,-0.043413646600141464,0.7996901384272206,0.44960362400906,0.5874542392577785
1518,-0.007842710582657009,-0.0005030706637829536,-0.0007507856507376486,0.021469989506136242,1.0,0.011235342772601608
1519,0.004625980445511636,0.0026182833710003835,-0.0409695719161208,0.7946284389684048,0.449438202247191,0.587291082381043
1520,-0.010140727335598752,-0.006100814710308825,-0.0005211847443822422,0.006955647358191154,1.0,0.009413550129042141
1521,0.007192021293173032,-0.008460474671467778,-0.04601627269668897,0.7955483777017942,0.45039908779931587,0.5875931228287962
1522,0.011362208660463717,-0.0037916344234608275,-0.000274522902850807,-0.011642739789829755,1.0,0.018096367146336105
1523,0.00024707481633973795,-0.026623347237541256,-0.03972457548698329,0.7946099978343287,0.4556818181818182,0.5933680116204014
1524,0.0124213809208682,-0.0062804332296069075,-0.0004794592869046056,-0.009126698918490057,1.0,0.013036427006374869
1525,0.0023539570125961765,-0.22121650136669993,-0.03407142546415938,0.792221168643401,0.46938775510204084,0.606348178555342
1526,0.006508113565098372,-0.006692332399345662,0.00018509314864739016,0.007365086671554117,1.0,0.013046798216744832
1527,0.0003153197430692004,-0.015198668135116307,-0.04192191313129553,0.7950364486447208,0.451505016722408,0.5933693285285427
1528,-0.009711173426613635,-1.356758086472336e-05,-2.1561306005065114e-05,-0.020619766026509567,1.0,0.010994939210659319
1529,0.0047187775704628275,0.004642921249163666,-0.043649620365290555,0.7974444039563062,0.4551645856980704,0.5881735269500291
1530,-0.0076889303991008445,-2.177075508501961e-05,4.8257441897757876e-05,-0.012872572328958663,1.0,0.010438521106445373
1531,0.0020506800595645833,0.0008288964945529437,-0.0446729859643336,0.7861192223770992,0.4582392776523702,0.5925621205059788
1532,-0.0016794770221190145,-0.006232344545385624,-0.00041432246548370194,-0.03091312228744696,1.0,0.01499820979453783
1533,-0.0016428271430430524,0.0012283653798734922,-0.04615589804816271,0.7865746852304496,0.45899772209567197,0.5906204573460134
1534,0.014338526284409217,-0.0035415478834639074,-0.0009367898674493759,-0.02336222108433034,1.0,0.014243344951040985
1535,-0.01695854949561979,-0.9232102529394826,-0.06626354022110614,0.7686056753288333,0.44532130777903045,0.5271922395421822
1536,0.010217032707753095,-0.006275238481897055,-0.00019427368895907427,-0.00908683651670984,1.0,0.013612325753307862
1537,0.0038320561747368174,-0.035945558057159904,-0.03275193886872325,0.7911650286910664,0.4647727272727273,0.5983883770431803
1538,-0.0004907178898022238,-0.0068899469987322316,6.968787323762672e-05,-0.0025997579582111227,1.0,0.014223704265569537
1539,0.002370727027634108,-0.01747322503094806,-0.04107925254128723,0.7910375741312627,0.46223224351747466,0.5961293101152828
1540,-0.004089394865383575,-0.007094738428868767,-7.511045369710418e-05,0.001815851192377443,1.0,0.014199362448136533
1541,0.005038669974296105,0.023420239079389643,-0.043273815539187147,0.7887656225409254,0.4640820980615735,0.5900002106487359
1542,-0.005598003201587105,-0.0014732544649156555,-9.361072631212876e-05,-0.017004087411537472,1.0,0.011145634800436097
1543,0.002671221009130794,0.014132599900051095,-0.046823902087836204,0.7832280504467632,0.4611872146118721,0.5921542022723935
1544,-0.0052761743498245806,-0.009490935256522838,-0.0006823403248203193,-0.026439778462993557,1.0,0.014742620694966553
1545,-0.00020494695858709405,0.008841484053118973,-0.044621778927309924,0.788319950613726,0.4610091743119266,0.589414289642871
1546,0.01022472968132373,-0.0060464450962837025,-0.0003143880404633737,-0.01742372844722526,1.0,0.01385907377886098
1547,0.0005390943431333168,0.00578781635495204,-0.038232069832917805,0.7909397614021119,0.46514285714285714,0.5967903198521171
1548,0.004402507354285931,-0.006450258462400495,0.0002565232085182876,-0.00840682748287057,1.0,0.013355861046000858
1549,0.004742436198610091,-0.005469882171440718,-0.03880041065734406,0.7880304688272006,0.46396396396396394,0.5962155132058434
1550,-0.00018443619699992758,-0.0065472339489511455,0.0002623664645490591,0.008603383808125541,1.0,0.01405144417743525
1551,-0.0010707171909703794,0.04775324233416196,-0.04599838633311669,0.7845994081327062,0.46559633027522934,0.587913093168115
1552,-0.0008562997971886929,-0.0009395856960760716,0.0003337288405902003,0.004595941670448078,1.0,0.012759799218196857
1553,-0.0011493196793388551,0.019637461674610605,-0.04443273392089395,0.7901656587004504,0.4674285714285714,0.5942567274288428
1554,-0.008097888579518738,-0.0025123378577149337,-0.0005576281216949977,-0.01892251426987414,1.0,0.011893464808914933
1555,-0.0009320431661778818,0.016576303864811303,-0.04884106864982204,0.782708367010831,0.46964490263459335,0.5922573263179397
1556,-3.5376157938471615e-05,-0.0068571672702724285,-0.00010256418888491415,-0.025858673416745012,1.0,0.01482345215554917
1557,-0.0038145750626444406,0.014996068569345027,-0.046559783997393675,0.782317009192945,0.46835443037974683,0.5920827999293011
1558,0.009398957338969307,-0.004837506770986113,0.00039917874584336686,-0.00041362696832815665,1.0,0.012756059125579986
1559,-0.0013754636864257161,-0.009991433586226443,-0.03729463906480303,0.7868081504197884,0.4691075514874142,0.5985968646979142
1560,0.0026492683817981666,-0.006162091273965896,9.59819505259722e-05,-0.008845974265743017,1.0,0.01312476607503265
1561,-0.002481854851348756,0.011009754785333212,-0.043127711647526566,0.7855988838297168,0.4647727272727273,0.5946233811702727
1562,-0.002962958069391351,-0.005054719160521848,0.0006909612340950252,-1.1208147679996838e-05,1.0,0.013288835797984927
1563,-0.0028069338969909383,0.04949340968952119,-0.047057989955523086,0.7824529969171008,0.46997690531177827,0.5884599036435995
1564,-0.004236925036636174,-1.0211936045527573e-05,-0.00011670340483128251,-0.006541059411897933,1.0,0.011472605887814883
1565,-0.001122626938788463,0.06570034445659179,-0.04600984324257703,0.7832446413730852,0.46383467278989665,0.5899881847714559
1566,-0.007983514542557075,-0.007180913708630639,-0.0008409706832966462,-0.04593738980483771,1.0,0.015688511066456565
1567,-0.009403622554294621,0.07085397698945908,-0.05008843598679822,0.7811455947004683,0.46950517836593786,0.5904776926534173
1568,0.014651661000080276,-0.0031801963068149547,-0.0014103007218632198,-0.024531519900353068,1.0,0.01396442951113279
1569,-0.00379430144427257,-0.01680623520366711,-0.03721768101952665,0.7875221386405574,0.47434435575826683,0.6049680653405778
1570,0.010078574907140113,-0.005362486030349404,0.00033862966540670983,-0.000646045700997586,1.0,0.013395654932931614
1571,-0.0024671646838831797,0.00944258230110203,-0.03980559789323943,0.7867302443192216,0.4753157290470723,0.599146535650499
1572,-0.0006524853615492563,-0.0073506016674078625,5.65594984634213e-05,0.0015749965222867954,1.0,0.014040285573769592
1573,0.0038357720018140943,0.15967835203058825,-0.04728267108969979,0.7883184563978145,0.46296296296296297,0.5767684608528191
1574,-0.007009076023736376,0.0014031149854281247,0.0005325543248231373,-0.01351701399453337,1.0,0.009392744576903322
1575,0.00219480448692436,0.16569060474539374,-0.04579960472428379,0.788672864082769,0.46551724137931033,0.5808798825297833
1576,-0.005408726225031856,0.00019716507117997079,0.00026774353948241065,0.0016338595150704217,1.0,0.010038638238994639
1577,0.0015071585383251243,0.11975164447829713,-0.04525317655445852,0.7811502383434173,0.4662084765177549,0.5874064697828095
1578,-0.012627835767529945,-0.006887721058832055,-0.0009446329817376201,0.004867331672587051,1.0,0.010697494587083174
1579,0.0007503587320601421,0.19467853247440034,-0.04766532294367867,0.7937100145941768,0.46551724137931033,0.5776928092635735
1580,0.008692947093481992,-0.007595434276777834,-0.0004877896102366352,-0.020775833726480643,1.0,0.013542762465260918
1581,-0.002953966289121074,0.014796530087328869,-0.039342913951100615,0.784052537692006,0.47856315179606024,0.6023342626781105
1582,0.0034900040505985003,-0.0051543724993158594,0.0006963597226532503,-0.0003326110750989974,1.0,0.013137875215197048
1583,-0.00588337235590083,0.04870474343939116,-0.046662140734567426,0.7879225664112585,0.4715261958997722,0.5926038179103857
1584,-0.0020021274493891286,-0.007818666153015305,5.709232689623393e-05,-0.018717825552842824,1.0,0.013571132740490405
1585,0.0011784172391999669,0.16185134232925652,-0.04881236744738601,0.790545186014797,0.4639175257731959,0.580795327727905
1586,-0.007002177402250054,0.0013817158416152692,0.0005392422285893856,-0.013502029591366843,1.0,0.00939471247996995
1587,0.0026760528638986652,0.1682992700822763,-0.04592855334516526,0.7887864250897223,0.4658959537572254,0.5800432496665462
1588,-0.00931108223207066,-0.006556989328383271,-0.0006461321047657525,0.01585246143079186,1.0,0.009688057645729022
1589,-0.00015248278485856072,0.19355566977671823,-0.04760778037625339,0.7898793313426107,0.4699074074074074,0.5785313615100207
1590,0.015011813840354264,0.0011110717584522645,-0.0006739869675666883,-0.010704146217228901,1.0,0.019286300635892175
1591,-0.002369976648742667,0.16714007714806403,-0.04993522621501285,0.7895163099150153,0.47380675203725264,0.5896397732776251
1592,0.006673787132761946,-0.007898224756457971,-0.00028568950637487876,-0.02035560911148015,1.0,0.01375708170963307
1593,-0.007390433069075857,0.05026131241223361,-0.042867435784980035,0.78707512554289,0.4808362369337979,0.6003621062989234
1594,0.007416480426093498,-0.005171356553498183,0.0006108452844405337,-0.00028236224420299434,1.0,0.01307028904057156
1595,-0.006719536329499669,0.04762577656787518,-0.04568200117357329,0.7819453145983646,0.4792626728110599,0.5985466512860522
1596,-0.004945711372481239,-0.0053649208299201435,-0.0009656671215232456,0.032651357928663374,1.0,0.01380889720605836
1597,-0.0045266872322338066,0.21863515755998197,-0.04390284504180813,0.7897239971490161,0.4692218350754936,0.5754591750838384
1598,-0.007631535839646417,0.0008880768063168884,0.00036312017489406443,-0.012988843949321555,1.0,0.010040542987093979
1599,0.0011387879408784535,0.17741611733052798,-0.046076883842089404,0.7834036355009526,0.47453703703703703,0.5849365992397858
1600,-0.005845422664608151,-0.002376580702276768,-0.00020379797546342323,-0.007098585327251613,1.0,0.011114209878835615
1601,-0.0026094184571520823,0.23914830576666854,-0.04607187984231844,0.7910359818270617,0.4691501746216531,0.5745043153903439
1602,0.01544088457194522,-0.005107582813066313,-0.00021764363986253812,-0.000388530437420361,1.0,0.01292686216768186
1603,-0.008003205326668322,0.09813539184461936,-0.04242508316390242,0.7899580184893017,0.4766899766899767,0.5929715923565181
1604,0.0046746385601696,-0.00819824901596854,-0.00013337125623188298,-0.01991629890614192,1.0,0.01403420361011349
1605,-0.0028635008988913664,0.16939130525124027,-0.0474903576696501,0.7957491841544237,0.4727061556329849,0.5864887301461252
1606,0.004354996555844902,-0.005196499934333452,0.0007127892430163413,-0.0004219434242328338,1.0,0.013108219204520774
1607,-0.0025475338092920655,0.1646640574650992,-0.04937654881731516,0.7878606545705794,0.47337962962962965,0.584127524744973
1608,-0.0024668966943998173,-0.0031615653951244504,-3.774071653123857e-05,0.006598574467913075,1.0,0.013369530893207674
1609,-0.003542269674855755,0.23115525842350185,-0.04201712713857607,0.7891351793135212,0.4679860302677532,0.5703517054214465
1610,-0.008479977291129114,0.0014061693736501922,0.00044887913758692846,-0.015211667256405428,1.0,0.010052776013349333
1611,-0.005008005494843978,0.23199061231226867,-0.04195476668563221,0.7883800938600878,0.46565774155995343,0.5712710259637264
1612,-0.009945112331438632,-0.005891014746490495,-0.00061857053922055,0.01734956967778483,1.0,0.009920643130079409
1613,-0.01005274591699331,0.25224539509183336,-0.044706975229376195,0.786481498735388,0.47134502923976607,0.5690046549324836
1614,0.017873590358614952,-0.004790240570916182,-0.0006215486335570434,-0.00019969149314873628,1.0,0.01265219496909742
1615,-0.007496881601291217,0.19249070904314558,-0.046898366193144934,0.7956795877281391,0.47790697674418603,0.5926705167672818
1616,0.006093537549760992,-0.007051600042888991,4.6864452199222787e-05,-0.015831301558207632,1.0,0.014057246291451561
1617,-0.006385690169793757,0.1781077420726686,-0.047570329019723634,0.7941235199622843,0.47435897435897434,0.5893795702421115
1618,-0.002385347063520095,-0.005320899801544197,0.0007372453546829055,-0.00023552014108152498,1.0,0.013224875142583895
1619,-0.00731333270436984,0.21975057562104225,-0.047029106132841864,0.7867324999722688,0.47540983606557374,0.5759996469581702
1620,-0.0043614253284876316,-0.0013260802917789217,8.574200246535432e-05,-0.006048998375436135,1.0,0.012758433585150865
1621,-0.006372782004600498,0.24437491047256682,-0.0446081956440522,0.7861943676442842,0.4696969696969697,0.5743076208842973
1622,-0.010059573765248495,-0.006113410634196364,-0.0005059320537568193,0.006978468977284449,1.0,0.009489102292989488
1623,-0.002528142027583204,0.29534065736523357,-0.05154867784281655,0.7936037758386573,0.47294117647058825,0.569244668301708
1624,0.012660675919996648,-0.005642526382010471,-0.0005622195125938805,-0.019664406204581947,1.0,0.013597623389478801
1625,-0.008102131137387577,0.18867248148631394,-0.046318593551833195,0.7955918174070212,0.4802784222737819,0.5937166123332335
1626,0.01533183889075935,-0.005044365669536522,-0.0002308297523048999,-0.00040596967652399834,1.0,0.01281724812162582
1627,-0.007944513371080217,0.19016584449839702,-0.04603855636262736,0.7958019661951533,0.48014018691588783,0.5921922809295666
1628,-0.0011905654358295658,-0.00612903198565701,0.00036217526622952395,-0.01679552298501329,1.0,0.01357795234169884
1629,-0.006459206348832856,0.203287296132366,-0.04997420395173457,0.7870760168212517,0.4722863741339492,0.5821280897084451
1630,-0.005137165306608392,-0.006244557150324256,0.0002184598921279518,-0.007951448557093538,1.0,0.013118030620250585
1631,-0.007343165542374552,0.26317816774936076,-0.052067201245067266,0.7891611918257613,0.47245017584994137,0.5711473281387798
1632,-0.004934220978443576,-0.0010777665468064209,0.00011604902729984352,-0.008245415399942401,1.0,0.012638917740747362
1633,-0.004959637909457302,0.28128158002648773,-0.047934853128987036,0.788646232227809,0.47017543859649125,0.5725609008823257
1634,-0.007239455673281675,-0.005386586539443269,-0.00037346586204112725,0.016767256871171525,1.0,0.009402215872609225
1635,-0.0020551136374028414,0.3099454930788968,-0.05201710475958456,0.7922640191438157,0.4752941176470588,0.5730711013378337
1636,0.012289782404719861,-0.005121207765627214,-0.0006239834861526799,-0.02238924487958881,1.0,0.013934065089051872
1637,-0.01018683438373825,0.0686000125947223,-0.043624231314933246,0.7842221796889349,0.4883720930232558,0.6052733259166609
1638,0.0067614834788777296,-0.006040496938068789,9.715688460643063e-05,-0.0083563453395583,1.0,0.01336494383671062
1639,-0.006556937861486655,0.20375284848758224,-0.048146101380516816,0.7906250367901906,0.47790697674418603,0.5859887130518985
1640,0.006589994733138769,-0.006719354772994146,0.00017399263612905005,0.007361512923445622,1.0,0.013066745426836671
1641,-0.0077959920467952325,0.2712349192697442,-0.0510195217647496,0.7862538918053356,0.473928157589803,0.5782897448708008
1642,-0.013592691408671809,0.0011937851544358493,-0.000949940121608478,0.006747726200151682,1.0,0.009710966428630178
1643,-0.006001129428822973,0.32525600444848596,-0.050628003470136504,0.7870156485653893,0.47202797202797203,0.5656036333338494
1644,-0.007522788209814191,0.00017814866140856994,9.569154678106593e-05,-0.01259823386609574,1.0,0.010466719361166324
1645,-0.006047253264566795,0.3023618748707694,-0.05250977626868846,0.7797712785891447,0.4725787631271879,0.5714360693790633
1646,-2.68271138183926e-05,-0.0067050996676250784,-0.0001498206278424188,-0.025755364638761775,1.0,0.014605730882411874
1647,-0.008349846400001927,0.2992790646998163,-0.05011799616089486,0.7811218847246499,0.4782608695652174,0.5762601539357672
1648,0.010233190231519133,-0.005292714438843299,-0.0006997641966920644,-0.025984844461411475,1.0,0.013696297831078539
1649,-0.009600015920341301,0.06934389386655082,-0.04350440851417637,0.7861987739864069,0.4878048780487805,0.6060498590103746
1650,0.004303187312495472,-0.006689466364195096,0.00019951757907706722,-0.008244132177533146,1.0,0.012961976737339466
1651,-0.008838904619239796,0.25228885467669776,-0.04955640958303869,0.7885886005207644,0.47093023255813954,0.5773324961137342
1652,0.005390757819096209,-0.006007741195964033,0.0002730201223436137,0.006032273763893383,1.0,0.013706005574032839
1653,-0.007948489836446252,0.27022264614211655,-0.052278874627512385,0.7839780353779803,0.475258918296893,0.5819474469149738
1654,-0.000840147575997886,-0.0009160416987402875,0.00032849621208518726,0.004609695009270188,1.0,0.012761967353144768
1655,-0.005762546270133023,0.3449452135311897,-0.04923930022713325,0.7872862285370689,0.47313084112149534,0.5698262296355177
1656,-0.006552889955441388,-0.001963561328341122,-0.0002851461327207169,-0.01876412593439177,1.0,0.011180792752758656
1657,-0.005355081797367736,0.34463729444273505,-0.05044057805975742,0.7903602558291246,0.4721233689205219,0.564252855573976
1658,0.0160970538161012,-0.0035396701926747954,-0.0010793660874766308,-0.013187790693052988,1.0,0.013670523523277082
1659,-0.00917033743803441,0.006519952035158546,-0.04023783902061645,0.7828605680941473,0.48891481913652274,0.6107782499163694
1660,0.008560007044975988,-0.006270236238117204,-0.0005469317595683611,-0.018381011424464768,1.0,0.014147369692486629
1661,-0.013304851446000037,0.2406086121353911,-0.04560555301831979,0.7849763637096004,0.4829210836277974,0.5921164980838133
1662,0.0010364568882410383,-0.006355074190374952,0.00035625017873485554,-0.008161617759282288,1.0,0.013279030026022575
1663,-0.009307776597335449,0.27208274715235203,-0.051973791743115595,0.7857975427255415,0.47897196261682246,0.5819690561885179
1664,0.0012249659334626628,-0.006372355523985933,-1.9382992162364387e-05,0.008669767749993765,1.0,0.013232037926477922
1665,-0.010452732548796183,0.3193178877559994,-0.05386630289322996,0.7839850985218716,0.47423887587822017,0.5712008089043754
1666,-0.005760844547086673,0.0007509726561817159,0.0003276581850888484,-0.0021195588666622703,1.0,0.0106332052507951
1667,-0.0077235185003885504,0.34955876523402485,-0.05025010895825063,0.7834541014159639,0.47417840375586856,0.5681262169494322
1668,-0.00830701251687968,-0.002402595666695857,-0.0004738424288331599,-0.024108690293528773,1.0,0.011935906960431156
1669,-0.006084493570208585,0.3557592318047855,-0.05069975316188226,0.7883907977622203,0.4797619047619048,0.5702702733042302
1670,0.014075048447309077,-0.005226492237463437,-0.0007077273812433349,-0.010763636343272086,1.0,0.01311311997069528
1671,-0.01264372649134484,0.08018207101793094,-0.043293522638180065,0.7860922111962863,0.48774795799299886,0.6008601301065718
1672,0.00972629224896326,-0.004523444834497998,6.095180910528736e-05,-0.00031077629624444545,1.0,0.012456423289319962
1673,-0.011974528833070423,0.31148708786262547,-0.05337856756936247,0.7840903675719376,0.47877358490566035,0.5842554360971761
1674,0.0010880725371763165,-0.006378627480734924,0.0003485947718468026,-0.008131772435311227,1.0,0.013289380618858515
1675,-0.009434304817730747,0.32266734322773316,-0.05265024740384878,0.7824970648559204,0.47546728971962615,0.5762782949378871
1676,-0.008829369212146925,-0.005085306411620847,0.0001132495816636646,-0.0001773996208067905,1.0,0.013096217606850777
1677,-0.01066791972994062,0.39304218854193423,-0.05189522956108126,0.7848493447759993,0.4672131147540984,0.5592620344111628
1678,0.000614376332617657,-0.00281449488691305,0.0001297534718445043,0.011609644109920804,1.0,0.01306193033718091
1679,-0.007128257104081095,0.399051190300101,-0.049874317335491886,0.7848773070919824,0.4694835680751174,0.5588124803449007
1680,-0.013609832893361458,-0.007594378201470427,-0.0012344583524170859,0.002002331837421163,1.0,0.010766857988741859
1681,-0.007366221719800323,0.4163663254060985,-0.051322212717860576,0.7798998866373951,0.47287735849056606,0.5549875539514554
1682,0.011530091373782102,-0.006558122453203266,-0.0007237765768947639,-0.019186644007440978,1.0,0.013410026277140896
1683,-0.012617997168954755,0.08027961695922727,-0.04331615974026888,0.7860998998584366,0.48717948717948717,0.6008347589999992
1684,0.01007192263221299,-0.005370885072328028,0.000343063855925814,-0.0006436474917604151,1.0,0.013409580563790954
1685,-0.01166016650937734,0.3131336822321409,-0.05443630037158106,0.7875353800328923,0.4794841735052755,0.5822948929630696
1686,0.0005741293837739904,-0.007649743526521458,1.292683770326435e-05,-2.724613970324462e-05,1.0,0.014073974573428842
1687,-0.00951741358130481,0.4206451724712457,-0.05402268386516902,0.7837309970022196,0.45760743321718933,0.551020208660457
1688,-0.004460890058777847,0.0031589638974026807,0.0005478275497175423,-0.019775777486336764,1.0,0.010758668664257051
1689,-0.010596406202447135,0.4012512673338202,-0.05132939005443752,0.7813274371558757,0.47368421052631576,0.5596386285368925
1690,-0.004761041006254921,-0.0018270812753800507,1.6605958253466215e-05,-0.007497414631001005,1.0,0.010415139797879563
1691,-0.0057210054933930585,0.4028171977182641,-0.05170394175797326,0.7866495168974554,0.47268408551068886,0.558161879694514
1692,-0.01402761205263145,-0.007783616969107674,-0.0012100963842008729,0.0004690354009152081,1.0,0.010828625779578459
1693,-0.010121852011117411,0.4182347726099587,-0.05056504901897936,0.7805060069849944,0.47523584905660377,0.5556021860428518
1694,0.008783261641381913,-0.007600967033103299,-0.0004893044525689498,-0.02077694174587734,1.0,0.01355825385209009
1695,-0.00876842254609123,0.3498657347584708,-0.04992417264904144,0.7811770758012618,0.4770857814336075,0.5823229461530098
1696,0.008615872995959128,-0.005120903676110749,0.00043075972439973666,-0.0003045507865723085,1.0,0.013099973766998752
1697,-0.009816631294726225,0.31058283175253615,-0.05328007404918165,0.7878599582826586,0.477751756440281,0.580171446883472
1698,0.0007723814655270748,-0.007658956430192948,1.390272183924361e-05,-5.307516675188101e-05,1.0,0.014084882104745702
1699,-0.009467641637261373,0.4916179842243672,-0.05246042788055953,0.7813782078686001,0.4586728754365541,0.5470371981843309
1700,-0.007003059491727668,0.0013585669083721614,0.000546558299034987,-0.013490585064032891,1.0,0.009396002355903635
1701,-0.006516316285886545,0.45752501813181207,-0.05097819722277354,0.7807627034108875,0.47010550996483,0.5584512533085005
1702,-0.00659651007684152,-0.005119685181626231,-0.00040513500878008185,0.013844370741571632,1.0,0.00922506173843048
1703,-0.007174424298229707,0.4073828632329235,-0.053024116444140124,0.7885244401501263,0.4767025089605735,0.5646727139952326
1704,0.019766481478395676,-0.0033199449287025385,-0.0010215599956657562,-0.0026447414582836904,1.0,0.013542274145513013
1705,-0.008377084226919842,0.05166045540831805,-0.042890354828642126,0.7860100369743852,0.49067599067599066,0.6073777775623517
1706,0.00885657209579772,-0.007608739754990311,-0.0004965106876497205,-0.020766549235189266,1.0,0.013567529779464316
1707,-0.012523947822905925,0.41114893943395664,-0.05526861071652641,0.7914377712683962,0.4675324675324675,0.5622364192023309
1708,0.007618173942030353,-0.00524670537758161,0.0005602508999647974,-0.0005423738585586046,1.0,0.01318834107197825
1709,-0.01131235960155331,0.30517278801741526,-0.053801482718068144,0.7848750860680718,0.47202797202797203,0.5775726470955138
1710,-0.0020590425626181444,-0.0076691549149542505,-1.6455078653751664e-05,-2.0570843123264297e-05,1.0,0.014088779196235723
1711,-0.011644369037166154,0.4513873940010844,-0.05568425514279161,0.7788304073597133,0.47479484173505276,0.5646846459142589
1712,-0.00821466658123034,0.0012305830485956066,0.0004201154876161625,-0.014556734088137614,1.0,0.010034093072931892
1713,-0.008331981636595945,0.46168850663879335,-0.050897567812151163,0.7837005513268879,0.4700352526439483,0.5571388135639215
1714,-0.004217695616385596,-0.001527877613490419,8.158142061516474e-05,-0.006961124418631663,1.0,0.01053763010650587
1715,-0.009931629038394792,0.40764437408190707,-0.052363087192507436,0.7857104219670431,0.47511848341232227,0.5635691935972601
1716,0.0176861203523107,-0.004591276904797917,-0.0006087118223922007,-0.001209919291537385,1.0,0.012812311209610574
1717,-0.01321561422520849,0.0804498872050405,-0.04385480216801687,0.7882114691944455,0.48717948717948717,0.600466356149466
1718,0.00471745138399501,-0.008207265423823483,-0.0001316566246874348,-0.019914704125941117,1.0,0.014029718992464843
1719,-0.011259123587146192,0.311093542349372,-0.05410944988407155,0.7882960114612735,0.4788732394366197,0.5813941436132863
1720,0.007559816273783649,-0.005222850428782541,0.0005616734095433286,-0.0005510960029859168,1.0,0.013142565350650472
1721,-0.010337903771365746,0.31063171899218117,-0.05383460163544138,0.7845835028399885,0.47374562427071176,0.5774177115833609
1722,-0.0025390147822257824,-0.0017556675989934896,0.00025594535739283786,-0.0007848861763636552,1.0,0.012062419175180805
1723,-0.009363006147211275,0.507990769311147,-0.05181313067595341,0.7839599292668425,0.4678362573099415,0.5525547090210359
1724,-0.008438839837923796,0.0014319234272263661,0.00044571915255038624,-0.015186959700841203,1.0,0.01003820642704274
1725,-0.009482494165100486,0.5028610909194555,-0.051057123990169595,0.7868636523800651,0.4634433962264151,0.5489775817882382
1726,-0.00668415020071113,-0.00242642062030806,-0.0003247765169006466,-0.015498674414565561,1.0,0.012348383282426711
1727,-0.011886706214548208,0.4878823111318288,-0.04968690732449183,0.7844634947170794,0.47568208778173193,0.5583555021811117
1728,0.01742689892175737,-0.004068158272534545,-0.0006093457344042049,-0.002231041951508639,1.0,0.013043451699752222
1729,-0.007933886524449516,0.06959807655611157,-0.04331221945392803,0.7925799486505232,0.49056603773584906,0.6041274665850329
1730,0.005006039216979818,-0.006330951826126398,0.00020288267043487598,-0.017186060519873234,1.0,0.013724667591604085
1731,-0.011256445661080805,0.3110665478318293,-0.05410231692357864,0.7883132564988494,0.48,0.5814356593862163
1732,0.0008916604285886428,-0.005197731631357258,0.0007677478955346457,-0.00035663834652674875,1.0,0.013070223849192963
1733,-0.01658484001025385,0.46720289215031063,-0.05439113489500915,0.7921327506002159,0.46635730858468677,0.557357450648437
1734,-0.0015644004419509265,-0.006574340539531681,0.00026748434063610105,0.008148177640717175,1.0,0.013514885805024874
1735,-0.01086753225957086,0.5038327421128823,-0.05169958235964347,0.7751600599231909,0.46830985915492956,0.5523917758502931
1736,-0.006158924532969512,-0.0022017469343673804,-0.00021920696234503686,-0.01699459133055947,1.0,0.012227502039847932
1737,-0.009867861896141108,0.5091127762550804,-0.05209059853271364,0.7903207843778973,0.4666666666666667,0.5476593170952083
1738,-0.0034153133084106144,-0.005759834630492321,-0.00015054982840812008,-0.038341962150802406,1.0,0.014968177562429736
1739,-0.011729868079457001,0.5324695997095724,-0.04937453400176774,0.7732758273624132,0.4628975265017668,0.5422005013054919
1740,0.014481518310474987,-0.005606213913068712,-0.0008062080014610834,-0.010648030058697307,1.0,0.012934624332680335
1741,-0.013111912430445653,0.08061566531335689,-0.04355433370720734,0.7896379900275012,0.4888888888888889,0.6007973277225657
1742,0.005150508151219107,-0.006556903152550577,0.00013836788631530603,-0.017515212561900317,1.0,0.013833644048460145
1743,-0.010905541656895376,0.3090167622442427,-0.054028966403160565,0.7862944206179604,0.4788235294117647,0.5803785894379034
1744,-0.0017783055760692307,-0.006059306262460912,0.00033690080525090166,-0.008007026575051151,1.0,0.013428089837843023
1745,-0.013860100221768975,0.5222988581672012,-0.05174041864343366,0.7824026032256691,0.46162790697674416,0.5478384341341238
1746,-0.002887193369724794,-0.0014747648463618317,0.0001921332260983108,-0.007299387218721653,1.0,0.012191823170275888
1747,-0.010118985515538725,0.531798555687489,-0.052761409029398486,0.7815027379198788,0.468384074941452,0.5519418944535996
1748,-0.007464562428938495,-0.004797629788008018,-0.0002903026135166893,0.015431066025639702,1.0,0.009236975700342941
1749,-0.00922870026395472,0.47172391301768424,-0.05270569730022914,0.7875172437616738,0.4785202863961814,0.562839054724526
1750,0.017976732740519433,-0.004367150431549057,-0.0013116768608060396,-0.023408235567455932,1.0,0.012947775762429763
1751,-0.006329100929619023,0.029159806471212316,-0.04211530383768175,0.777527643347893,0.4839476813317479,0.5998953558114039
1752,0.01019146533022086,-0.0062781625917612185,-0.0001956446883099175,-0.009087658981358354,1.0,0.01361201198599362
1753,-0.010444373554901286,0.30987055674499064,-0.05222536426806206,0.786615846363512,0.4823529411764706,0.5847525967687973
1754,0.0009220327989308985,-0.00702196160462931,-0.0002722153707145416,-0.022446201529593996,1.0,0.014108182183531772
1755,-0.013296706065519606,0.30642018240901575,-0.05515896022612437,0.7889112087029319,0.4811320754716981,0.5836279884713694
1756,-0.0007542650293315548,-0.007098517665859312,2.0482857485820754e-05,0.0017526705901368602,1.0,0.014154585043574607
1757,-0.01144486412197007,0.4463402541516745,-0.054355118862969454,0.7785440453876015,0.4769775678866588,0.5624945590535371
1758,-0.0040942073996540805,-0.001451735336045626,1.850846556838361e-05,-0.008196235113151863,1.0,0.012082305710997138
1759,-0.00774710714054766,0.5077937425193946,-0.051491720408247996,0.780945316517586,0.4682352941176471,0.5539006197811909
1760,-0.0057402099337005566,0.0005107945194340949,0.00026340226612539574,-0.0019789557609546393,1.0,0.010874888344119513
1761,-0.008750665348386805,0.41220240854696577,-0.051576223162877646,0.7861102298886277,0.4716981132075472,0.5617646710044799
1762,0.010206505372461145,-0.005085742731773518,-0.0007777095441818128,-0.021129558567849392,1.0,0.013904380804317234
1763,-0.013377412508176176,0.07978737419512465,-0.04333197403309612,0.786543026641024,0.48708920187793425,0.6022415734527705
1764,0.012083348988007458,-0.006236744303928701,-0.00038134132212970664,-0.009385142394565983,1.0,0.013211487807846098
1765,-0.010535978476986696,0.41176262052544593,-0.053450800965723314,0.7885357893964657,0.465005931198102,0.5640231234722127
1766,-0.00047492283793175547,-0.005949220701074773,-1.5503392847039737e-05,-0.017071828355322966,1.0,0.013739091890802949
1767,-0.013229080224205254,0.2623877320941497,-0.05231793298556518,0.7829022404171909,0.47719298245614034,0.5854289916734681
1768,-0.005531373210090565,-0.006202235629097461,0.0002689112555595491,-0.008202636539317205,1.0,0.013312622189181998
1769,-0.008278118081933756,0.5071906363551297,-0.052220630922104834,0.7708899994142275,0.46878680800942285,0.5529523820202411
1770,-0.004798183387362489,-0.0008387362153718245,-0.0001724051857467172,-0.009060172128608638,1.0,0.012395587017087052
1771,-0.007342578883722372,0.5597937304946328,-0.04872360805740194,0.7755762274593425,0.45901639344262296,0.5424373190486048
1772,-0.007553233828906256,-0.0055859557519185535,-0.0003859007709955947,0.019245280908091987,1.0,0.010516141221601726
1773,-0.006978169321033589,0.5350094126001774,-0.04840321382844167,0.7735057455714499,0.4716981132075472,0.5477203779083135
1774,0.01747098504364342,-0.002865780924128232,-0.0010902121754004035,-0.004183974232026555,1.0,0.013418091818148943
1775,-0.01155941807054111,0.23939823361271387,-0.045709046975463276,0.784315594881989,0.48243559718969553,0.5954513726336124
1776,0.011710394734135248,-0.0061332049417634465,-0.0005158998099006402,-0.009901174766559414,1.0,0.013202379376419805
1777,-0.010855786724626726,0.3081575654802723,-0.05305318665381981,0.7843993317954654,0.4827586206896552,0.588305659800107
1778,-0.0017013106474966014,-0.004632709679044779,0.00043976799815903555,-0.0002236245988053491,1.0,0.012598943917224204
1779,-0.015073276858840162,0.5011621520822469,-0.052326197942454716,0.7805033528751786,0.4627039627039627,0.5553567882420329
1780,-0.003587181268702822,-0.006066383839592754,9.023820126634319e-05,-0.008588671708787828,1.0,0.013031984853310606
1781,-0.009483462906466913,0.5036214475711154,-0.05279279786353494,0.7732404760375681,0.46941176470588236,0.5570261346561043
1782,-0.009712810098592671,0.0008067337315856431,7.691431325537004e-05,-0.01692425266553391,1.0,0.009556913895614425
1783,-0.008917737967661956,0.5140474622718063,-0.05285375551469998,0.7835100951791741,0.46415981198589895,0.5487326562966095
1784,-0.006432836641467011,-0.005356957919807928,-0.0005461095444884781,0.019648562386753502,1.0,0.010058463262465811
1785,-0.006978806881683923,0.5339059852984378,-0.05029414027605492,0.7726923680546369,0.47443519619500596,0.5491139075249006
1786,0.014623358046785556,-0.005045632570947812,-0.00018900167848704614,-0.00030999747351865994,1.0,0.01295891707401382
1787,-0.010107054948950424,0.41228023238657413,-0.05115545902611005,0.7818959692328151,0.4658018867924528,0.5630879572362529
1788,0.0033100618096647133,-0.0074203684712823145,-0.00019697642363322,-0.018522618229778392,1.0,0.013628097516401165
1789,-0.010426101705581005,0.308125839092058,-0.054516754296667094,0.7849389085535596,0.47596717467760846,0.5809325952036868
1790,0.003498798353817502,-0.005149536645188164,0.0006941975323776494,-0.0003359236996571794,1.0,0.013122045132280038
1791,-0.014282733509431583,0.5002651019893961,-0.05130584833781649,0.7804689225968453,0.464327485380117,0.5546105107559005
1792,0.0021730405149049847,-0.002739428846074281,-0.00012206006589089007,0.014464650143675041,1.0,0.013474661079142823
1793,-0.0062791769491028935,0.5608030855469451,-0.04870015132347057,0.7757031531451124,0.46352941176470586,0.5429197261235673
1794,-0.00010283542198472281,-0.0042206632995658855,-0.0008875611373114836,-0.028715726084457344,1.0,0.012359020363317359
1795,-0.05658232870469187,0.7284819543123626,-0.055379885910730786,0.7606384956022001,0.4299781181619256,0.5443089753508297
1796,0.0065294401753100495,-0.007689782077214006,-0.0008341459517873792,-0.022405874520678232,1.0,0.013945658937780069
1797,-0.2441372289179176,0.9467255538194496,0.004291467907555625,0.7503098926158602,0.3764135702746365,0.585881574376602
1798,-0.01917886702369494,-0.003712065653009135,-0.0017062714635298487,-0.0009915375439006496,1.0,0.013170148128329992
1799,-0.768214984894937,0.5807318935316558,0.706866703062057,1.0482560381463637,0.2678270634475014,0.5860043428243427
1800,-0.0029010914831184786,-0.0016068301029158473,-0.0005488975818642921,-0.023125970164815386,1.0,0.013808897494852741
1801,0.033876708263242544,-1.1406486503940725,0.0656214501838362,0.8753511230674601,0.14513018322082932,0.572749772833517
1802,-0.040208448049151364,-0.0010811739128094996,-0.013442347008802952,0.009556277265905853,1.0,0.01829428809577695
1803,0.4615904336977182,-0.8531302648821221,0.04621762705326052,1.2565907167050077,0.14395654142145767,0.5435291058278432
1804,-0.016305348682691522,-0.000803662695338967,-0.0019627266778996172,0.020794726167126663,1.0,0.009496302046771475
1805,0.10627003807883291,-0.026463016405043373,0.07229302373194499,0.8717406565354514,0.1297709923664122,0.6689945053974251
1806,-0.016537272270782874,-0.004147908428272521,-0.0012022350455296459,-0.0007868392318262066,1.0,0.01287236330105294
1807,0.4490943456120057,-0.928458905138711,0.08909394456120114,1.2091097995114128,0.13327563825183902,0.5506428233116639
1808,-0.009713642750210666,-0.007013192716382962,-0.001342742847903983,0.022891764887231884,1.0,0.014272805847558794
1809,0.12926211841275512,-0.013922815620749226,0.13282335870211268,0.9604092909855841,0.14206128133704735,0.660154724671921
1810,-0.01562701242616822,-0.004176373699047595,-0.00109422688034319,-0.0008485993456304071,1.0,0.012949890957137136
1811,0.46724416087382803,-0.9307506783677292,0.09743786884590228,1.2137263877104918,0.139336917562724,0.5563830587996185
1812,-0.012084243553207615,-0.006666810721677294,-0.001690696301150367,0.02330440889267707,1.0,0.01466241605724635
1813,0.476979817131318,0.9147941919259187,0.10661277567792617,0.43941044970258336,0.14137308039747065,0.5437788360094504
1814,-0.018397476693582614,-0.0037267032885113086,-0.0016123554790507346,-0.0010829270179660744,1.0,0.013410746554999136
1815,0.4561994742536259,0.9764198861093035,0.09828882745760102,0.4595853629968637,0.13309024612579762,0.5481284676587153
1816,-0.014731330471823345,-0.006231030515370537,-0.002168097117207164,0.023748809763021905,1.0,0.015399889819173828
1817,0.4280813689714238,0.9887913670254929,0.13479716976960637,0.5072745298792238,0.14103149246919214,0.5415540311985305
1818,-0.01843196919990494,-0.0037243275011162196,-0.0016163840609391621,-0.0010915951032775023,1.0,0.01341341677420121
1819,0.5118914586236342,-0.9059985886847551,0.10734435747872406,1.2423270702848237,0.14207149404216315,0.5623246602993057
1820,-0.011930106931886359,-0.006689792243642364,-0.0016698617002025022,0.02330076610246265,1.0,0.014608351567562648
1821,0.4248485741452274,-0.9947927841523042,0.13524726936370307,1.1422527880218674,0.14389799635701275,0.5503208600629746
1822,-0.018477411259662117,-0.003710434509901413,-0.0016226488791275335,-0.0010996157075201414,1.0,0.013409395283616619
1823,0.4310473712868677,-1.0023405232055422,0.12914473875518612,1.1369944193272075,0.14790996784565916,0.5487336758741045
1824,-0.00944535016768,-0.007060424928388641,-0.0013165848537196386,0.022891804829889048,1.0,0.014225567791986483
1825,0.4411564022305133,-1.001627785699746,0.13251465668391307,1.1439771031122574,0.1436241610738255,0.5539986972541443
1826,-0.015810376690941094,-0.004125455251508412,-0.0011271916438901932,-0.0008824175228770831,1.0,0.012940084733521649
1827,0.4230692188820474,1.0371692969506638,0.15530422515325676,0.5512029580231043,0.1412655971479501,0.5419091980356097
1828,-0.012426072004936572,-0.005864807016758651,-0.001299376326010701,0.01256322925361514,1.0,0.013780935191788947
1829,0.468394919772621,1.0163819453692424,0.16539542015126626,0.5126392679293245,0.14330357142857142,0.543423041534119
1830,-0.02140216497469344,-0.0031379706720680266,-0.002260322177856586,-0.001351189013765286,1.0,0.014253689409345063
1831,0.48700069230856624,1.0170264732537566,0.15925360266959843,0.5016210248858956,0.14674397859054417,0.539206264643005
1832,-0.017232338801379768,-0.004980236723969224,-0.002238395524779732,0.013189956220304283,1.0,0.01513676807168356
1833,0.2308459398612222,1.1475493733546696,0.16326105491670478,0.7523414656839325,0.14228546020453534,0.5407091940149853
1834,-0.021424739691866174,-0.003133609979197147,-0.0022661730589488872,-0.0013588249885261169,1.0,0.014249810899761777
1835,0.18622862498621404,1.1849220503126325,0.14682644202244446,0.781299445544836,0.13620071684587814,0.5489427170532118
1836,-0.016995685857837,-0.004952497475568249,-0.002229669146154525,0.013318308680727458,1.0,0.015124669633795633
1837,0.6152393502580882,-0.8745144566676291,0.15169643554123205,1.2843619672454578,0.14418398938522778,0.5440420969914269
1838,-0.021429934578149797,-0.0031279695106002786,-0.002264656276851523,-0.0013603617738497263,1.0,0.01424016606376168
1839,0.5678516859922094,-0.9268163428547825,0.16108478291387818,1.2287479378728858,0.14991103202846975,0.5450059931508655
1840,-0.01757095241320964,-0.00471175731977715,-0.002235271094424074,0.011189866471116326,1.0,0.015014378556509934
1841,0.5530255891022633,-0.9340413499179461,0.15057885692042053,1.2077491029312908,0.14877161055505003,0.5532460578649675
1842,-0.021496014835874704,-0.0031078262071368504,-0.0022866278881549145,-0.001375062055778005,1.0,0.014286006579195158
1843,0.3106396514560159,1.115933571093359,0.16835438015170037,0.7108082613292214,0.14793425144380276,0.5433578842352564
1844,-0.014679692315291147,-0.0052395936195459665,-0.0016522785395307732,0.01099777604977811,1.0,0.014169137453697614
1845,0.5992996334999217,0.9158910051691924,0.17681404513608204,0.42510872400933475,0.14907651715039577,0.5405860898146573
1846,-0.01283751870870931,-0.0051187322893011,-0.0015871204491163793,0.01997352716603242,1.0,0.015257080418515482
1847,0.44414988208545614,1.022021298935277,0.1852611029857179,0.5770002964170354,0.1416630004399472,0.5466490988298359
1848,-0.014584814098171129,-0.005461970273251334,-0.001694069657368664,0.010703543498206609,1.0,0.0138038292573191
1849,0.5017666320452483,1.010973169601483,0.20898426580452847,0.5431241790283218,0.14949137549756744,0.5439052335486487
1850,-0.005525224970482077,-0.006129743733424069,-0.0006875794397055231,0.019523018938033994,1.0,0.01450710272828742
1851,0.625204603564059,-0.9118407741430087,0.19193780796734194,1.2411755232870805,0.15377894276976845,0.5598633222537405
1852,-0.005389965624886441,-0.006639888058496938,-0.0005593585242607211,0.009926158043757651,1.0,0.013326618010328747
1853,0.6438978152657914,-0.8962512782467823,0.18930990196873365,1.2575153842130093,0.15637494446912484,0.5498452757293292
1854,-0.007794770949329592,-0.00557555338005538,-0.000868662992889091,0.019454046897095737,1.0,0.014251445556004062
1855,0.6593453429685857,-0.8760400761232116,0.1813851440440274,1.2759176225740538,0.15062388591800357,0.5618762730134698
1856,-0.009668255484752461,-0.0061714901010690715,-0.0009773248189715931,0.010324826981813329,1.0,0.013241908667296033
1857,0.44786532890944086,1.0831468940524802,0.21725402514849718,0.6314010863736647,0.15288003464703334,0.545283753164986
1858,-0.007853836256719869,-0.00557233880510679,-0.0008831353513931996,0.019443964569363342,1.0,0.014262999663155399
1859,0.3192092980046513,1.1473348356766884,0.18873844408178395,0.7419554584643174,0.1513443191673894,0.5549572032710053
1860,-0.007178476082976,-0.006909928820492283,-0.001066031583475284,0.021960120445583105,1.0,0.014392197689348471
1861,0.6586801568195907,0.9154445239875341,0.20413400248320235,0.4093812519438942,0.15721091381550456,0.5483710422769562
1862,-0.003934027685868784,-0.006964727948220479,-0.0008189112652377745,0.02438627272529098,1.0,0.014228630850546771
1863,0.3428211055497162,1.1486938233168764,0.18977264129313146,0.7411109051624584,0.15331312256388047,0.5556820654298371
1864,-0.009892071953710318,-0.006366102095924346,-0.0012985649039583963,0.020772600165920103,1.0,0.014544783789800222
1865,0.35885035871081283,1.1588542977072223,0.20772566719375612,0.7272572317343033,0.15334207077326342,0.5609337343922134
1866,-0.010765331035899805,-0.005673337656007943,-0.0012385152452576837,0.019738533089785883,1.0,0.014703004790634966
1867,0.18671567458577698,-1.1987208027234715,0.18986400444131307,0.7886585437937971,0.1521835024261138,0.5670577913266288
1868,-0.01258104122937819,-0.005435408924055152,-0.0013116796530076988,0.011304883588600602,1.0,0.013900245075719353
1869,0.6603129957449478,-0.8937524736057559,0.2155656626611644,1.2309922479167552,0.15857461024498887,0.5625204893853869
1870,-0.008211994612721957,-0.005754810235020805,-0.0008659331076258597,0.019381717768806705,1.0,0.014125899939393751
1871,0.7093413589385884,-0.8687483121308143,0.2180416488211242,1.2673933308713836,0.16166592028660995,0.5627592481800232
1872,-0.010295228080059792,-0.005719789175987249,-0.0010017120518928586,0.011113362350221345,1.0,0.013798121346953572
1873,0.5467127674406508,0.998693028110004,0.23256870232424365,0.5503646884058262,0.15246832678025338,0.5680150762097776
1874,-0.013187389226488475,-0.005039421687422826,-0.0015588717648470788,0.019696708970266368,1.0,0.014767829121096854
1875,0.5269229775773001,1.0318182054586686,0.2496196373858922,0.5908212726134922,0.15918895599654875,0.5607002580451987
1876,-0.012573204782118754,-0.0056480904717582684,-0.0013516531483661826,0.011008962143772998,1.0,0.013554659813060671
1877,0.6694078313849708,0.8759647361618913,0.21874772305994758,0.4540396602427449,0.15771379458530296,0.5602465389381017
1878,-0.010644009008994275,-0.005427303279881223,-0.0011652505460776966,0.01953602906643989,1.0,0.014346796050717455
1879,0.48659430573004253,1.027006781824562,0.2380583256985605,0.6551816647656972,0.15732758620689655,0.5608724000666435
1880,-0.012580717981821993,-0.005645765175815595,-0.001342338907039833,0.011011744178284804,1.0,0.013552792553841687
1881,0.5579242735841515,1.0353849380997302,0.24408418027468132,0.5705886228058663,0.15328778821520067,0.5712323620353241
1882,-0.008232853762649883,-0.0057594493942172325,-0.0008628292481379503,0.01937558186426228,1.0,0.014145676801866446
1883,0.640887774145035,-0.9221011681132517,0.2728745157451399,1.1680750268150095,0.15714285714285714,0.5543054778266908
1884,-0.018803819142435046,-0.003547875448023582,-0.0016606205935367708,-0.000881627431894203,1.0,0.012905211587545724
1885,0.6757338077370724,-0.888869886300263,0.2742925221160819,1.1995300756970761,0.15948827292110873,0.5635698428856348
1886,-0.013662996562586438,-0.0050534590590129375,-0.0015589477209535586,0.019445613175226695,1.0,0.014628849434901102
1887,0.6615469166239634,-0.8881433978383968,0.2660807574670002,1.1674432146862759,0.1680488869489306,0.5663633592308581
1888,-0.016290361920149647,-0.004140832726372432,-0.0011601306655501325,-0.0007452482130105919,1.0,0.012740212109389727
1889,0.6732240534789882,-0.8347781302669942,0.26540732861846417,1.186440330949145,0.1630481055768412,0.5633862835863023
1890,-0.009476251427877037,-0.006652707451825998,-0.001274431494293335,0.02455436528873031,1.0,0.014324917037342776
1891,0.6522022063247289,0.8354828690131326,0.2510174422915088,0.5043171065030404,0.1650943396226415,0.5714209807924822
1892,-0.01387157217798882,-0.0044419150746983814,-0.0007867587450774077,-0.0005710015009543424,1.0,0.012682107659637754
1893,0.6799878036711969,0.8715418407068607,0.2716915861786904,0.49514054249755163,0.16365925304238355,0.565887919696395
1894,-0.01186892837410005,-0.006307311401327386,-0.0016317552981897985,0.024966720966708614,1.0,0.014720119315757719
1895,0.6830607422386534,0.8714102190599055,0.2670511462625081,0.4921902790339936,0.16167159138877163,0.5701077538482088
1896,-0.01635244047871933,-0.004141534098084434,-0.0011696119812499507,-0.000753966558519593,1.0,0.012770224341980208
1897,0.6789845767884225,0.8796998840536147,0.27390180363052874,0.5099076520321938,0.16575515355490114,0.5700882735038764
1898,-0.009385204280561828,-0.006690382597274565,-0.0012756069240395787,0.02454226030197535,1.0,0.014338842884404426
1899,0.7589639383627697,-0.825927302430937,0.26901735220332207,1.2432997475742225,0.15240527884206045,0.5619672828036264
1900,-0.013926178243090852,-0.004452272126130198,-0.0007901185633223458,-0.000575361338781939,1.0,0.01271851667275719
1901,0.7062773899445248,-0.7831612928869278,0.2650942346088869,1.1833291612021477,0.1703958691910499,0.5675563745552181
1902,-0.012301445907397474,-0.006619323213578087,-0.001720890035147854,0.023294346149993466,1.0,0.014708951434442319
1903,0.684219607387059,-0.8531678804412861,0.2894512573923654,1.1469732635741634,0.16780529461998292,0.5721645469669714
1904,-0.01916629545217938,-0.0037051536940665986,-0.001709425158076218,-0.0009894698535110155,1.0,0.013153017034421892
1905,0.7474449021689464,-0.7544460760221399,0.25872752680920114,1.2225673559958175,0.16394148020654045,0.5776384336730813
1906,-0.009826064835205827,-0.006988087745509456,-0.0013536700527520254,0.022885133773308503,1.0,0.014281928626429043
1907,0.24746447225245435,0.04739468907564231,0.5064075046720735,1.1117664205966373,0.14285714285714285,0.6153707889979235
1908,-0.013974313010298566,-0.004452396793029946,-0.0007988050909141657,-0.0005827437169004432,1.0,0.012747928990671637
1909,0.7508896196403941,0.8407534587342982,0.2708542662960016,0.457059443565468,0.16617831728756802,0.5750616670351725
1910,-0.01221519128972467,-0.006640803216633832,-0.0017060383887817783,0.023300868126743635,1.0,0.014695778733774452
1911,0.752254849554257,0.8776958915498527,0.3027513129664896,0.4756841739567947,0.1686192468619247,0.5668302917923965
1912,-0.019265940092407667,-0.003710307013258047,-0.0017251852195344902,-0.0010081152962354311,1.0,0.013229279776857852
1913,0.7543218553893187,0.8793107781622085,0.2972142682001153,0.47292308369229724,0.16745791972378074,0.5791279485346591
1914,-0.009735983206626438,-0.007012630170563448,-0.0013437010147647832,0.02288899011831766,1.0,0.014274608214881399
1915,0.7316630925705271,-0.8875973049712818,0.3331931846186663,1.1666529823536487,0.16464995678478825,0.5671522329420889
1916,-0.021268094895954298,-0.0031854641286588616,-0.002238155296604783,-0.001325995442484007,1.0,0.014246370662599253
1917,0.7426655354308871,-0.8727436267127019,0.34057683776297576,1.1715743385110928,0.16857749469214436,0.5719321230171556
1918,-0.005762634982350487,-0.005455097867280226,-0.0010582977097811444,0.02777230161591711,1.0,0.01862242501873955
1919,0.7280623645740772,-0.7886024937154864,0.31539494075929564,1.1572913910506382,0.16332622601279317,0.5767257493417653
1920,-0.021278518179096144,-0.0031824591739138546,-0.0022394029372859708,-0.0013284716996984354,1.0,0.01424935543847863
1921,0.736078926616654,-0.860829673733796,0.3488221492169159,1.1598138644780034,0.1709216789268715,0.5729106485623643
1922,-0.014753482409675587,-0.0062232998220432025,-0.002172625937167137,0.02374853615095802,1.0,0.015414065643984329
1923,0.7901552603420998,0.8375956272562731,0.3106484779266204,0.45767446542931567,0.1709910676307954,0.5800027641864661
1924,-0.018418361290189894,-0.0037299020103795264,-0.0016122362938303882,-0.0010881013477368813,1.0,0.013413405566701302
1925,0.8153500101804539,0.8512259594422034,0.31224974444944453,0.4536662024819626,0.1708350996184824,0.5685918361772814
1926,-0.00560406378430549,-0.005461491807659615,-0.0010445738793919469,0.02776617910616554,1.0,0.018593307313400618
1927,0.5075111515817766,1.1326870794054757,0.3540689775617052,0.793872177510851,0.17135657286854264,0.5567572536715264
1928,-0.021336337452202935,-0.00316981046734649,-0.002246080189099736,-0.0013413192220329388,1.0,0.014254503639386185
1929,0.5109728979695819,1.1411042361823185,0.31816162924831753,0.7831185327181714,0.17148936170212767,0.5708125436492352
1930,-0.011883508477739517,-0.006700488625427124,-0.0016626394606553065,0.023301201394726752,1.0,0.014600294376051473
1931,0.21899082197833206,1.3245883230515243,0.3296309738882529,1.031625107195294,0.16254266211604096,0.5604453497871719
1932,-0.018480812340110484,-0.003705275672893374,-0.0016205696001698477,-0.0010980876961119391,1.0,0.013396546622258955
1933,0.7770148452833753,-0.8049902941934508,0.35984726810498996,1.1729603532983919,0.1635434412265758,0.5784327368558382
1934,-0.014566169729731815,-0.006240713703976476,-0.00214046228145068,0.023747427007792123,1.0,0.015304147909837364
1935,0.7827096913416278,-0.8105933055093688,0.3702288237621961,1.164030412087654,0.17078364565587734,0.5706939164662833
1936,-0.018525743842177582,-0.003695030793250371,-0.0016328069641458954,-0.0011084949437199538,1.0,0.013410184178555105
1937,0.7803499343514964,0.8244858064202863,0.3704763476065025,0.5121201460957555,0.16127677446451072,0.5746228572293361
1938,-0.007897401890720367,-0.006425786815901496,-0.0007488687163844875,0.012157256320198062,1.0,0.013553840625986456
1939,0.8137708796910258,0.7532974899665529,0.35471771721685535,0.47109078850012387,0.16680707666385847,0.5665329612202588
1940,-0.008687957374005194,-0.004820258414892559,-0.00021099486369143057,-0.00034661824224785544,1.0,0.012707074309840007
1941,0.5097506516634859,1.1433470855834917,0.377820158127542,0.833617013818296,0.1742928452579035,0.5632039001179511
1942,-0.007150323580626506,-0.006412678255111713,-0.0007359385160722591,0.012584307172755275,1.0,0.013658957301752442
1943,0.7891437094693632,0.8796546811112661,0.4030311646012296,0.5484955102923271,0.17157490396927016,0.5636018528015316
1944,-0.015896857041851474,-0.00408917150505128,-0.0011468767538779928,-0.0008979981848042217,1.0,0.012923099509818296
1945,0.5454529075774466,1.1799037900212819,0.36690523125236885,0.8002914254496046,0.16575515355490114,0.564406748857691
1946,-0.009947362751997108,-0.005907181859481583,-0.0009434544012392064,0.010619467105468657,1.0,0.013622132606000197
1947,0.7877353793566224,-0.8878141984817616,0.4080533969342518,1.122643875015024,0.1724283305227656,0.5733567593712905
1948,-0.01860984472194798,-0.003654110854179979,-0.0016558492746683495,-0.0011255581360266201,1.0,0.013408590051347757
1949,0.7685405938221408,-0.9106484459776398,0.44235689324813426,1.113501485666186,0.17393126571668063,0.5713566536192664
1950,-0.012199394676932863,-0.005606850480108425,-0.0012496834948454722,0.01081187837116704,1.0,0.013778899055021282
1951,0.8034318596420637,0.6237306340367489,0.3128398526006777,0.4785653958680558,0.1584241408214585,0.5803379585317938
1952,-0.007766246144090531,-0.0058493751224943736,-0.000893153317598102,0.019688181309912615,1.0,0.014575524013281228
1953,0.7971881196818135,0.6405268477430801,0.32401581851181543,0.5011356288587008,0.16110183639398998,0.5781897886576237
1954,-0.007648904797934725,-0.006168689122243781,-0.0006979921585720106,0.010425317277116274,1.0,0.013576979539090449
1955,0.7225415746396503,0.9694468837309564,0.4430145291240118,0.6631347562058442,0.17322175732217573,0.57258909760353
1956,-0.010298649471113665,-0.005503636203319173,-0.0012100696894358778,0.019820258178483954,1.0,0.014821141976794863
1957,0.56916138903962,1.1307943382494585,0.40510002727241085,0.8336175900927558,0.17148760330578514,0.5609192685251675
1958,-0.009745947172299221,-0.0061489172708276574,-0.0009821774386877338,0.010327784457396119,1.0,0.01323735017529537
1959,0.5883683388377987,1.1219306116413605,0.44864510678582137,0.816200806634748,0.1769949066213922,0.5716668076827971
1960,-0.0054461074611419445,-0.005871967147320933,-0.0006370826019731076,0.019300452225304167,1.0,0.014216227144907832
1961,0.8370649834492077,-0.7983047899608187,0.42472605867985547,1.1575879719807947,0.16518800168990283,0.5823897977116387
1962,-0.017400926584279025,-0.004954578224556999,-0.0022733712871126893,0.010887044981965573,1.0,0.014638753014895714
1963,0.6406156029134161,1.1623350658360974,0.4313285116341971,0.7515417389359471,0.15940803382663848,0.573219377285223
1964,-0.012844473707410403,-0.004856613143971173,-0.0015641663470864636,0.019764529890835734,1.0,0.014880288188038182
1965,0.8067983421819873,-0.7707542231309479,0.46742192031940216,1.1342851765544923,0.17883055911224927,0.5741108525003689
1966,-0.011969093063267154,-0.005856195586790195,-0.0012746248609069937,0.010515934219908842,1.0,0.013370064974173604
1967,0.8038974465128759,0.6101545793529485,0.3915901891339113,0.5589058854957235,0.16808149405772496,0.5807997252970825
1968,-0.007881578731038081,-0.005568904621830499,-0.0008899088006698519,0.019439275152678688,1.0,0.01426594161695591
1969,0.738611258361062,0.6160176254470108,0.4582851251587652,0.6482063715226167,0.16996699669966997,0.5743950335295909
1970,-0.009435010379974136,-0.006595515597008967,-0.0013222362975951192,0.022344615143157665,1.0,0.014466795029503935
1971,0.8425897331784317,0.7641397361113218,0.4526843797701798,0.5741273064424302,0.17769454848106533,0.5728384959987495
1972,-0.008311926729614127,-0.006005241450073617,-0.0009279836163071798,0.019598458354609702,1.0,0.01444206549419879
1973,0.7841176280908648,0.7847144728533796,0.5142977640531993,0.6308044710790426,0.17897371714643304,0.575399233117199
1974,-0.008082333072006759,-0.005980743144675344,-0.0007680178040636104,0.01090951706328418,1.0,0.013833975279915282
1975,-0.483317051610392,-0.18676588285071755,0.8353583496724336,1.00712478730018,0.17733166039314094,0.5614489296240501
1976,-0.010654592248539726,-0.0054209512447193665,-0.001170554847481532,0.019541282325402372,1.0,0.01433077866185363
1977,-0.3352469716716411,-0.12363788334615734,0.8982517126229975,1.2023974525354046,0.17689995706311723,0.5612834348669259
1978,-0.01570474108495954,-0.004797916104778211,-0.0017225694123844033,0.009434857226114611,1.0,0.014162223731714382
1979,-0.48355998271098727,-0.2926780332889724,0.8379783292326771,1.0136039736281222,0.17104696251615684,0.5710668040789085
1980,-0.010636710839005928,-0.005426480477585486,-0.0011708964259164543,0.019538650641786337,1.0,0.014341113528258112
1981,-0.741141418145605,0.774171228137685,0.5832170699065715,-2.0475904985742015,0.17659574468085107,0.5800957555872086
1982,-0.017967981515369984,-0.004740876834214381,-0.002366077198301477,0.011389652675084277,1.0,0.014616599755643942
1983,0.5277092809893923,-0.85967621797617,0.7485229912094159,1.1474258264462305,0.18181818181818182,0.5706466119805493
1984,-0.013187341702246022,-0.005044493381189948,-0.0015555508110422912,0.019698290097365307,1.0,0.014775970257884094
1985,0.2520255850304433,-0.06852352531534203,0.8201336597389753,1.3014054251810003,0.16773641420624733,0.5767810961506118
1986,-0.012581348680023445,-0.0056445869688153206,-0.001348986597502738,0.011010008378411696,1.0,0.01355157885978532
1987,-0.5298140627554675,-0.5936898458840003,0.7425283766593401,-2.2019332236704035,0.17644575770367243,0.5705772347866592
1988,-0.013185103932419711,-0.005047467739098095,-0.0015543745794872371,0.01969524998317453,1.0,0.014779439452897768
1989,0.6065498269407588,0.8335278566098165,0.7239333551758594,0.8788296615606597,0.1839323467230444,0.5718687434755235
1990,-0.016149609359500425,-0.003964468059579107,-0.0011621452956004637,-0.0006670114453549851,1.0,0.012606952867564438
1991,0.43537976905904807,-0.5711015363447106,0.8509683482148916,-1.934542637336571,0.17748735244519392,0.5692675281064348
1992,-0.013682703848639078,-0.005051651643787033,-0.00156154642775243,0.019446845381250473,1.0,0.014631340348581304
1993,-0.45451293184511155,-0.5413087345262447,0.8339897885004638,1.033510017540353,0.1794871794871795,0.5752015633342461
1994,-0.02195741827988796,-0.0031581126342559857,-0.0023322499231394583,-0.0012218243814041162,1.0,0.013805298912410564
1995,-0.42992373850652543,0.41462468510173645,0.8141430566068425,1.189136042323519,0.1686541737649063,0.5499651649271579
1996,-0.01365485830192521,-0.00505699837308985,-0.0015591636659541904,0.019445266692129096,1.0,0.01462653768263504
1997,-0.5903481848265761,0.736797147223178,0.7689486878651149,-1.9971988308341249,0.1860566448801743,0.564811274887695
1998,-0.016301493837821757,-0.004143575400523345,-0.0011588744127361563,-0.0007466368098563043,1.0,0.012743983911026626
1999,0.4242835166026303,-0.5039049326683946,0.830472327833862,1.2213562019576034,0.1822144725370532,0.5760414576152018
2000,-0.011868868524451999,-0.006305250870889207,-0.001626578169829099,0.02496624304770627,1.0,0.014723146610940206
2001,0.26813860690396824,0.10588433922979902,0.8701448739223296,1.2695995197270808,0.17573939134162023,0.5724668591491427
2002,-0.016338268657481145,-0.004147781592853008,-0.0011638309549956494,-0.0007521146676179095,1.0,0.012772981364954661
2003,-0.3065073613543616,0.16401420045403745,0.864470869211887,-1.8890525117411274,0.17400508044030483,0.5761907934890207
2004,-0.014552493781379627,-0.005869167409577535,-0.002112046867277184,0.02541229543758332,1.0,0.015471601672902083
2005,0.6003763176974547,0.5883415059779574,0.7594671327402853,0.8974605176493345,0.18104184457728437,0.5692827636063754
2006,-0.014488050542879844,0.0004255097792194032,-0.0015867578948363513,0.051090633999737504,1.0,0.017711112987759223
2007,0.23129176128496381,-0.06063151008559295,0.8298883578932322,-1.8100570025621074,0.16219723183391002,0.5656501342215254
2008,-0.014506669341196852,-0.005895071506413763,-0.002106610770244287,0.02540807677588512,1.0,0.015478195211493627
2009,-0.22629987940710428,-0.06381947477245875,0.8281175602160062,1.2969054459451954,0.16716932356742784,0.5690216568635896
2010,-0.01915268893234834,-0.0037087798361765826,-0.0017014307820497564,-0.0009868376276510223,1.0,0.013137201602008286
2011,-0.6869884332283392,0.7613764499075667,0.6438685443145334,1.1118335425280998,0.18044788975021533,0.568906372334397
2012,-0.01496996385789939,-0.006180784574668024,-0.0022012856191175553,0.023741646201930276,1.0,0.015486515711579163
2013,0.5739377631896639,-0.8193608409902381,0.7196387674181097,-2.006209047917392,0.17987152034261242,0.5628604864815069
2014,-0.019208720575310135,-0.0036994826236652796,-0.0017148837362412491,-0.0009974660269525615,1.0,0.013177269780955469
2015,-0.6131129633044974,0.6404043597970754,0.7968750748779794,-2.0282396103821405,0.18650623119896864,0.5673707810632204
2016,-0.014927337524022182,-0.006191692529786443,-0.002199130957651756,0.023743122520327873,1.0,0.015484043605684297
2017,-0.5143467742288682,0.5747870640776483,0.8533152413410854,-1.9866410125809166,0.18885448916408668,0.5725795567465572
2018,-0.014620805601511347,0.0004451657791421677,-0.001609719789411105,0.051096711114479894,1.0,0.017802435067923797
2019,-0.6236607231052708,0.561326451261366,0.7919837890305618,-2.035112307959005,0.18010291595197256,0.5719111110641202
2020,-0.014886489202097399,-0.006203436111659721,-0.00219108461427709,0.023746824678381236,1.0,0.015464694696746602
2021,-0.6070694853755021,-0.8215626864512942,0.675484808045035,0.8217986655589328,0.1774193548387097,0.5683884461312054
2022,-0.01636257352603014,-0.0044518128218941355,-0.0011762112686770478,9.760258750385699e-06,1.0,0.012854193183309643
2023,-0.49009091215516143,-0.4849195424521241,0.6797095133320422,0.9231905252857092,0.16826503923278116,0.5673288925380572
2024,-0.014827402496201186,-0.006209143923156016,-0.0021806558224469236,0.023748072151264225,1.0,0.015440122131331446
2025,-0.4868927628318233,-0.473681813980918,0.6716325392604063,0.920613338351171,0.1634865568083261,0.5641889095261413
2026,-0.01564478614508727,-0.004172667614591009,-0.001098884282388235,-0.0008520933454401723,1.0,0.012953671081601137
2027,-0.6843351121360948,0.7129436683043225,0.5689619952884458,1.113114460573853,0.17131647776809067,0.5724064119610875
2028,-0.007374828815262046,-0.007349932630150858,-0.0010704502655399174,0.022489315535271674,1.0,0.014081357918343064
2029,0.3107092798112701,-0.08078861856792205,0.9485703409242717,1.2610019587539887,0.17791411042944785,0.5717618718934144
2030,-0.015682203528686593,-0.004158221136100802,-0.0011050994872886946,-0.0008567097265461417,1.0,0.012956695854538097
2031,0.36390963145584376,-1.3648897571210725,0.4487970115481765,-2.3888324020084104,0.15944540727902945,0.5552434230745289
2032,-0.007309187160692159,-0.007361810224941339,-0.0010667011255560965,0.02248821887559179,1.0,0.014074848148269528
2033,-0.5972099196128369,-1.0247959532946505,0.5215360807336993,0.8296567654352721,0.17313432835820897,0.5641851823330813
2034,-0.00861909302471061,-0.004846971712326512,-0.00020297529359524728,-0.0003343236965499216,1.0,0.01275984981741253
2035,-0.6635310520351291,-0.893877078491545,0.582462794049751,0.7276453942899271,0.17157712305025996,0.5632681606572869
2036,-0.011918447046787142,-0.006691681863886181,-0.0016697905166956123,0.02330204360749399,1.0,0.01460636003772896
2037,-0.6618445729159702,-0.9679780267129078,0.5000556329111776,0.7415629129908891,0.1707731520815633,0.5709015618367765
2038,-0.015784418277351192,-0.004135955532077656,-0.0011195641738373442,-0.0008766982604219677,1.0,0.0129441607772368
2039,-0.6681543903748282,-0.5591147756310694,0.45754143806004066,0.6680702738022791,0.15576592082616178,0.5763005897081531
2040,-0.0050259020299306505,-0.007666782083987868,-0.0008592928858569416,0.022087443638320808,1.0,0.01403882667992543
2041,-0.6663651251660752,0.9963371957345782,0.46151590067602744,1.014757772611938,0.16915210907541542,0.5627283847081397
2042,-0.01324334505490154,-0.004451400510618194,-0.0007254709822876263,-0.0006746615912629302,1.0,0.012726388399689075
2043,-0.5661208282650518,1.103755001025245,0.4540897915925665,0.936008404744613,0.16990701606086223,0.5620470222140621
2044,-0.007912732861826855,-0.00642747059742987,-0.0007548287896362441,0.012155941702887937,1.0,0.01355875127906659
2045,-0.5458295979959668,-1.1981364409620312,0.3934782132391905,0.8314404751389468,0.1577368195456494,0.5545374765733747
2046,-0.018529581865179667,-0.0036824494752482635,-0.001638386860049262,-0.0011084371626591863,1.0,0.013397204123565567
2047,-0.2878674086125582,-1.3497949835254568,0.38954398550874514,1.0203850628853517,0.15441819772528434,0.5613227822507137
2048,-0.014259118695457283,-0.005779447066748158,-0.0016719579611357437,0.013320301045367128,1.0,0.014342072773880563
2049,-0.6256923123494721,-1.0265035710462542,0.4111994823869863,0.7593387729598711,0.1669527896995708,0.5594955147825311
2050,-0.015873560124425444,-0.004096654264509876,-0.0011420197273935694,-0.0008932346451844275,1.0,0.012925908215714554
2051,-0.4987109322911174,-1.1267531889460367,0.42535372674885036,0.8739354781749139,0.16807076663858467,0.548306290209279
2052,-0.014154407122073132,-0.005465859768947614,-0.0016705396519293347,0.01313416096371726,1.0,0.01428285648403247
2053,-0.6105728156447747,-1.0255866363404327,0.40360975154685813,0.7623553749400596,0.16631490080202618,0.5571644698375618
2054,-0.021436680860266028,-0.0031321196858326936,-0.002263941696306536,-0.001362192509833681,1.0,0.014250371723076275
2055,-0.5866089401619033,-1.0125296880487282,0.41498665501293863,0.7704151082853127,0.1626402070750647,0.5646063657737522
2056,-0.012221091859178003,-0.005605759546510412,-0.0012515436729584265,0.010810854059914655,1.0,0.0137921315252767
2057,-0.6304335958236701,1.0148786199350717,0.39897903930339734,1.0004268066107844,0.16837874050915588,0.5629729790742727
2058,-0.018645989105333077,-0.0036362864687461164,-0.001669387777566459,-0.001132871987756187,1.0,0.013422854793895142
2059,-0.5033282670353205,1.1431944027100684,0.4326201067140579,0.9308800887833535,0.16963123644251626,0.5552349784489068
2060,-0.012183397016518396,-0.005613950352292862,-0.0012483606049060818,0.010813176021390817,1.0,0.013782291210493082
2061,-0.5700786810426065,1.150678241793104,0.3386101066201201,0.9017959003807856,0.1654427645788337,0.5691840798408214
2062,-0.012839811624695092,-0.005114614748580255,-0.0015875874283584894,0.019972815968791736,1.0,0.01525046783542529
2063,-0.27800114615030225,-1.3304234968166255,0.38087850195770934,1.0032600171029205,0.15752828546562228,0.5653684677977111
2064,-0.017461550159939956,-0.004942418333657868,-0.0022723149262754293,0.01089280419749444,1.0,0.014656745025184797
2065,-0.6469428127230411,-0.9211116146338996,0.4503900859715377,0.6452728619011197,0.15738711091626478,0.5766425914074
2066,-0.010333969217627916,-0.00549275554187724,-0.0012250543773319135,0.019816013769285136,1.0,0.014829064475303634
2067,-0.5407956213248213,-1.0052505830810667,0.4474280703976615,0.7806802440312409,0.16346564233888178,0.5495211197052134
2068,-0.014532222647812757,-0.005484807058775258,-0.0016912456243442938,0.01069958578236533,1.0,0.013796208988827684
2069,-0.4944475666180771,-1.124476462626062,0.3682869246379379,0.8240399008851559,0.16723259762308998,0.5567685491254695
2070,-0.010273609112160527,-0.005235008001384339,-0.0011735843290726633,0.0196082896394134,1.0,0.01445594464997915
2071,-0.6916869195544955,-0.7589949675076896,0.3433223413586368,0.5590829368477161,0.15803336259877085,0.5748959654099695
2072,-0.014473384996296424,-0.005487344545600497,-0.0016845843538020476,0.010700279724917355,1.0,0.013767446270057514
2073,-0.2581719956940766,-0.03844156521607403,0.5688616897198824,1.130584564545493,0.14254289485261767,0.59385184325006
2074,-0.01564287142469939,-0.0043621186315290035,-0.002080559892871975,0.019929709103956493,1.0,0.015649712013078312
2075,-0.5924616580578659,0.9875542735387152,0.3853956131633725,1.0378943296700394,0.16761737604212373,0.5549998948030495
2076,-0.00944421796818666,-0.00628774590507958,-0.0012068057027729755,0.01970774639143416,1.0,0.014427043493250469
2077,-0.47339019828468437,1.2273500694386799,0.3132719684698485,0.8625043623618223,0.16346153846153846,0.5555231544881021
2078,-0.011149484147160662,-0.00592691625086152,-0.001647898847840582,0.025457372109648418,1.0,0.014893009385440628
2079,-0.20129020497176614,-1.3439374182448607,0.33781418034965516,1.019896418120077,0.15260166156536947,0.5437792443243286
2080,-0.018014509607726974,-0.004516073799566329,-0.0023400838825797885,0.011688263756256858,1.0,0.014949406781450233
2081,-0.4635962776637675,-1.1218728928828965,0.32663199268307097,0.807814059551311,0.16392020815264527,0.5631390373145541
2082,-0.013191031175374231,-0.005031249699939388,-0.001561060249858344,0.01970415943287028,1.0,0.01474924822300411
2083,-0.4411138953548337,-1.1310318479638544,0.34141999233299386,0.8266682450676783,0.16488222698072805,0.5548132535870245
2084,-0.0180252964896958,-0.004509168030710124,-0.0023310807058258957,0.01169099884151394,1.0,0.014936824202442883
2085,-0.6819118073065665,-0.8822382169236888,0.3525414753005116,0.5692299967290605,0.1609442060085837,0.5671545607212446
2086,-0.010646575306702573,-0.005420831744212068,-0.0011724230355332353,0.019539450193895545,1.0,0.014339230012293664
2087,-0.6256464758762667,-0.9162877086259591,0.388300888564795,0.6021914655368039,0.16275021758050479,0.5711707367125938
2088,-0.014713641057563143,-0.0015767695357119058,-0.0021374651225507147,0.04806969196830406,1.0,0.017693933923290352
2089,-0.2098961213907713,0.01076088522702308,0.5265458940188704,1.1995327466139312,0.14881720430107526,0.6188704678671934
2090,-0.015991330934952253,-0.004549156961651399,-0.002080725972559546,0.019865336447140287,1.0,0.0155606238560558
2091,-0.5928682062959318,0.9918618052619966,0.3186175278721792,1.050177092046949,0.1620795107033639,0.5667845200011818
2092,-0.01257653747536055,-0.005648877331002669,-0.0013471563917835036,0.011010394769108357,1.0,0.013548093403248765
2093,-0.46229357627693723,1.1198376447875884,0.26982949937233197,0.9017973076339774,0.16012351124834584,0.5593272185927934
2094,-0.011836286092316168,-0.006395362897948047,-0.0018480737705838944,-0.0032535306185784525,1.0,0.018560555428033896
2095,-0.4973282682685568,1.0414672734624886,0.24335542130864835,1.0490525785703815,0.15813117699910154,0.5468890798617336
2096,-0.021756813971296363,-0.0029771767873714656,-0.002335382121768643,-0.0011461898162798535,1.0,0.013675764813340254
2097,1.0618330229693762,0.5546158466150911,0.3857663711765764,1.9520303518471689,0.2398042414355628,0.6221390030149592
2098,-0.010647151893448224,-0.005434419299369202,-0.0011652051933511653,0.019532710924983484,1.0,0.01435626873753385
2099,0.8892788236068049,0.05994829477239383,-0.048761557102186236,-0.03446010135065271,0.29908376963350786,0.6613469638394429
2100,-0.021261809677567675,0.0008429120193651213,-0.0011054084848615905,0.0003116605567731113,1.0,0.009045492889959266
2101,0.2119106000854386,-0.04736555218599684,-0.013479783291065948,0.73815702836574,0.39914163090128757,0.6649119315225858
2102,-0.014422145690329643,-0.0036841117435692733,-0.0004885440621818794,0.023516560142181002,1.0,0.012882931501019207
2103,-0.011614574042350704,0.3182792055567723,-0.053373167225739315,0.7452401429054339,0.4878345498783455,0.5724794518906933
2104,0.0035665836309734327,-0.004647871676161097,0.00012097940947338561,-0.00031749198756314366,1.0,0.012579914898528766
2105,-0.011581120112883878,0.5980238541946348,-0.0522553422359619,0.7328056949647506,0.45566502463054187,0.544894100028058
2106,0.002163082511518242,-0.0070029849125852065,-0.0004733582934506318,0.022229029475140622,1.0,0.013771744735359444
2107,-0.007914545808874528,0.6861114022343436,-0.05469430769871313,0.7395593167425094,0.44588235294117645,0.5270694461828045
2108,-0.014521978049292911,0.0010765385617137126,-0.0015818930980673693,0.05075517508591912,1.0,0.01774808856911093
2109,-0.010592201511486477,0.6685638408651924,-0.055849984783344984,0.7353209897197107,0.45595238095238094,0.5314901727480188
2110,0.006976280305524251,-0.00740596454469572,-0.0007946064974446371,-0.020696940580317794,1.0,0.013960536641298421
2111,-0.009622689005981375,0.796522793800581,-0.0321664878262727,0.7332532899853085,0.43795620437956206,0.5282513684292379
2112,0.000689561457585961,-0.005518296291696298,-7.612987517847947e-05,0.0028473388685098765,1.0,0.011192225046686544
2113,-0.010995999401868812,0.5434870653082414,-0.053984569215304555,0.7449451353419686,0.4489051094890511,0.5433440667633732
2114,0.0014688624534770459,-0.007372745016699978,6.590258802646742e-05,0.0017449096580014845,1.0,0.019737549781248774
2115,-0.00940681797825485,0.6543856994068465,-0.051111002704899676,0.7342268349920951,0.44471153846153844,0.5283067930126829
2116,0.020081125022992773,-0.0037684039665655134,-0.0016749044375250993,0.0002027948755899012,1.0,0.013217574303957431
2117,0.0025801105064523614,0.7772723353421547,-0.032839467792559404,0.7309279131400745,0.44166666666666665,0.5216237362279185
2118,0.0057247444895413965,-0.0034945303115265867,-0.0007283350649886017,-0.014788281153749014,1.0,0.00652834438488461
2119,-0.010656392395659303,0.3990808238897657,-0.04872703529986457,0.7478464349549482,0.4654761904761905,0.5641341030629746
2120,0.004561918812431813,-0.0032034568674034615,0.0005637788989738268,0.001447943002122756,1.0,0.022081591925054652
2121,-0.0061992686238379665,0.807734982941043,-0.026795625749819665,0.7360828722185053,0.4452380952380952,0.5110058254540977
2122,0.01676113801905025,-0.003835269311035541,-0.002440551884864037,-0.05292957227934742,1.0,0.017270055429971974
2123,-0.011076851534204724,0.5802352988379876,-0.055394923673570115,0.7462549174782582,0.4506024096385542,0.5483571729874656
2124,0.014425286649002923,-0.0006152455966095152,-0.0012095685623519715,-0.05109264504609575,1.0,0.017337353230874573
2125,0.002166172482416279,0.7720772172874529,-0.03641249529168221,0.7314571805981556,0.4433734939759036,0.5248955578514944
2126,0.015664742092373944,-0.006390368849827904,-0.0020505816217389287,-0.024047747071037615,1.0,0.014749651421019314
2127,-0.0008867180708821278,0.7792677816176897,-0.02842819000912887,0.7360217477896422,0.4407185628742515,0.5270002691270592
2128,0.015190513574394125,0.0019355955815582155,-0.0007920505811894399,0.014949773178913096,1.0,0.010748113557321592
2129,0.0016190466791556346,0.7416853340034035,-0.04279619077990579,0.7340223174824021,0.43861740166865315,0.5224226344953632
2130,0.0023511469396700724,-0.0022762561487404327,-0.0002624847375297392,0.014923214185087307,1.0,0.010670138584941105
2131,-0.014830364457055257,0.523314483659779,-0.046407293205746006,0.7417947660016596,0.45422116527942924,0.546123070910983
2132,0.008700451983703185,-0.0018164405707362654,-0.00024119517586523165,0.009480103549518119,1.0,0.008162546155310696
2133,-0.012762786390910691,0.5801281866397271,-0.051645828025329486,0.7460988836408388,0.45260663507109006,0.543986951744694
2134,0.007873469533201005,-0.010390909696590617,-0.00038756878177355645,-0.0067671837058780005,1.0,0.018708301989135735
2135,-0.005852206344540187,0.8036905621418473,-0.02988908513589158,0.7269701252646287,0.4423305588585018,0.5173383266219641
2136,0.015447109501584991,-0.0007393302755183749,-0.0013260061500460056,-0.05148852996082527,1.0,0.01717986882848155
2137,-0.007490940163339056,0.8002951905187007,-0.024511665740977406,0.7397604338305425,0.43504171632896305,0.5223734111098541
2138,0.015731993771484782,-0.00640387364897994,-0.0020574191011259743,-0.024033222489876133,1.0,0.014780858923417671
2139,-0.001478832259735365,0.7195013160252053,-0.04458982963192846,0.7371059344887797,0.4358669833729216,0.532008433638717
2140,0.00958539871198443,0.0005949948310062228,-0.00035619150478655246,0.02247951341819999,1.0,0.010339040108701712
2141,-0.0014433990108842344,0.6382437233405132,-0.05334004027824961,0.7307305529716281,0.43838862559241704,0.5266722892642648
2142,0.004958740582807671,-0.0008151021775375183,-0.00021929333500624067,0.010639271210045773,1.0,0.010017910047699904
2143,-0.010838472458678177,0.5227079159528577,-0.04791957629724896,0.7386106075554444,0.44576877234803336,0.5448002615471128
2144,0.008610242843439952,-0.0017829163557130656,-0.0002324688614417715,0.009469483359036876,1.0,0.00815006618270285
2145,-0.008064190759796159,0.6393814803341865,-0.05139594407232598,0.73937178230308,0.44260355029585796,0.5330399989727254
2146,0.007607881218666797,-0.010445285438418732,-0.0003692771679138653,-0.0067662995311642314,1.0,0.018727190656353063
2147,-0.01864252684068699,0.7757965913697539,-0.03533416567920805,0.7431382780304115,0.43838862559241704,0.5202303916716846
2148,0.0003961909115112268,-0.0052119991743656375,-0.10452840041083174,-3.140994990612727,1.0,0.021557710365655663
2149,-0.008080292866075896,0.7570938124932609,-0.04103876415442324,0.7304006724701322,0.43601895734597157,0.5202173671911362
2150,0.015842496521230546,-0.006388793605250853,-0.00205747222102318,-0.024030574115450305,1.0,0.014774821060631611
2151,-0.0029142513859547283,0.7702196835919151,-0.03481778296129958,0.7351413564274762,0.4334511189634865,0.5251837685616909
2152,0.023221666378974208,-0.003409944628502981,-0.002208593923522299,0.00031016907160457216,1.0,0.013208602508909532
2153,-0.006177136893997368,0.7650197364147849,-0.03797786232886089,0.7456063227831968,0.43595769682726204,0.530555505725077
2154,0.0049812406642242395,-0.000954463175231623,-0.0002920159856620249,0.010643036252258537,1.0,0.010844131130003567
2155,-0.005177846323727783,0.5630483028316723,-0.04908885807494427,0.732020515085907,0.4423305588585018,0.5432299344404946
2156,0.006841371728927776,-0.001596710327879794,-0.0007051177920402644,0.019944154842953005,1.0,0.011087455543078802
2157,-0.014236183918977803,0.3836570514895619,-0.04839430497863137,0.7502692374634272,0.45936395759717313,0.5653146337030415
2158,0.004299994889485142,-0.0065393834271220115,-0.10414100921227934,-3.138903718468678,1.0,0.020310196708651578
2159,-0.002548301433662338,0.8156945791543474,-0.02989100871613521,0.7215792484431638,0.43550295857988164,0.5095130729366438
2160,0.0015224471038574423,-0.005174597025445596,0.0007702294951176459,-0.0005898944068627375,1.0,0.021517091550943043
2161,-0.012984759720887104,0.778245557855624,-0.032727542557569225,0.7354274393422718,0.43580683156654887,0.5139037608951669
2162,0.017812124882149075,-0.004910949705479643,-0.0019246639677223498,-0.019905356752338527,1.0,0.014577543170487043
2163,-0.005592832516777831,0.8140017928494451,-0.026698921422852434,0.7403301631871416,0.4309133489461358,0.5211727834497735
2164,0.023168386785339487,-0.003371618552174189,-0.0022222073735795145,0.00029730128396002724,1.0,0.013171381511883035
2165,-0.008509112555030937,0.8156133006874383,-0.025115744344294796,0.7466220993099083,0.42739079102715466,0.5225390774100758
2166,0.00837453530937123,-0.0009580308781542285,-0.0005763445323937885,-0.017039090302418142,1.0,0.005063907672230038
2167,-0.012261559904405021,0.49518253217749564,-0.046416342979510895,0.7427570589090484,0.4496487119437939,0.5568903004123299
2168,0.003602200962234423,-0.005622974285599489,-0.0009333710318703488,-0.006619479511006409,1.0,0.006705602816866215
2169,-0.010640654377744746,0.6574029672332048,-0.047465617639330646,0.737200865153649,0.4318975552968568,0.525704168193094
2170,0.004195480648724309,-0.0034796882115438257,0.0001701043830392018,-0.00392059743766634,1.0,0.021006474183712452
2171,-0.009975350568634779,0.7570546822512239,-0.03746968510157841,0.7401797794309131,0.43356643356643354,0.5240673389378937
2172,-0.000652273910653677,-0.006436034963462652,-0.10401305966307267,3.137020520930405,1.0,0.020441231948562955
2173,-0.008209936787307626,0.7381914324338391,-0.04194297123745513,0.7344056995993944,0.42790697674418604,0.5238877231167841
2174,0.014938735081938144,-0.002834388034815158,-0.0017117259401126345,-0.055709575376918,1.0,0.016989140380706275
2175,-0.01414801450108265,0.684405650982247,-0.04836803882797905,0.7432785250043601,0.4287383177570093,0.5329655620704289
2176,0.01728371111638674,-0.004998722495968818,-0.001772955583356066,-0.011048038055442006,1.0,0.013729158779974288
2177,-0.004696601367713154,0.7960075982681638,-0.02773886176850421,0.739745644953947,0.42494226327944573,0.5250293392831951
2178,0.0065221914614602685,-0.002077047639351426,-0.0006086504952766554,0.002358258580349065,1.0,0.013573739495916342
2179,0.0012375441079104307,0.7606287248775545,-0.03361636290743593,0.7303142069932614,0.4250871080139373,0.5208216979008652
2180,0.008215826283590504,-0.0033390178350580896,-0.0009706207785602085,-0.006961580428971061,1.0,0.006061164113314078
2181,-0.012438457131368244,0.546291915791297,-0.04724623544355648,0.7393829310004328,0.4343786295005807,0.5433981641244696
2182,0.0021675181986640407,-0.0006726324672311146,0.0002975492372917845,0.007462468717166934,1.0,0.00941926085630786
2183,-0.005383404715954009,0.691287652124153,-0.045837912378853686,0.7387639704301123,0.4298850574712644,0.529307372306265
2184,-0.0006290984450343376,-0.006185884740389989,-0.1040634153735667,3.137101494503995,1.0,0.020654541700160123
2185,-0.00648105585226966,0.7181481992874147,-0.04333569556660934,0.7324337851858707,0.42178447276940906,0.5209398726865695
2186,-0.0015690667908076098,-0.00712604386202732,-0.10387068919126244,-3.1403679988020423,1.0,0.019569553022485708
2187,-0.006350094978888833,0.8091720327254063,-0.02670760906163769,0.7390898918559311,0.42658959537572255,0.5176013879987752
2188,0.0167695544429474,-0.005442450788106888,-0.0017451397195133312,-0.010967202260776625,1.0,0.013290761338144916
2189,0.004206827817151847,0.8115809782455427,-0.0250274132765632,0.73114107750419,0.41809851088201605,0.5159604734003133
2190,0.012849649575455886,-0.005300239212406913,-0.0012245452193884465,-0.018942467835469563,1.0,0.014076855719652838
2191,-0.00085579435707712,0.7396475683884967,-0.04355521198152583,0.731232407515039,0.42775229357798167,0.5268596921247247
2192,0.006277580855101576,-0.00407891408489441,-0.0009115742665735051,-0.007474528038404434,1.0,0.006780518219582314
2193,-0.012005102490643987,0.3820020694875159,-0.04848044363659564,0.7503919642065839,0.4486735870818916,0.5682647456038488
2194,0.004079804672937929,-0.004922343201995069,-0.0007887647449036152,0.0039776822189752275,1.0,0.006099867664991653
2195,-0.004514487713994956,0.7061421928549068,-0.04223683731512867,0.7249518232196186,0.4271070615034169,0.5290337771085584
2196,-0.006183295040487709,-0.008991766480152394,-0.0009863962916522508,-0.031458098253039794,1.0,0.01930114167342528
2197,-0.010846014577315035,0.7645055813842031,-0.038257515987147335,0.732773313859767,0.4205714285714286,0.5205324305547708
2198,-0.002287217380868864,-0.006276287975069458,0.00015829719100415862,-0.004597835085870943,1.0,0.02016157966241356
2199,0.003209130452372912,0.8436395421598928,-0.014842797375566085,0.7276299698861332,0.42033898305084744,0.5175128644697742
2200,0.01544912445814824,-0.0026350766909926096,-0.0017581267096305644,-0.04686197535841748,1.0,0.016976178335694557
2201,-5.135214705513874e-05,0.8076737809935253,-0.02812199096482885,0.736607213149255,0.41704545454545455,0.525507542301228
2202,0.009757534459780039,-0.003108673775068723,-0.0007798133883331196,-0.004152574504720961,1.0,0.01448131221434969
2203,0.00121057008069005,0.7465226152150389,-0.041581961278022286,0.7316379162647768,0.420158550396376,0.5222950750143367
2204,0.008614973838271579,-0.0010307256020735186,-0.0008689411700085196,0.012538148520133702,1.0,0.013339022205406717
2205,-0.003554918875043607,0.7628029308982138,-0.03290266591996332,0.7388491207274047,0.4168564920273349,0.5191577007390407
2206,-0.0010630673779995158,0.0022032247595581973,0.0008351465828168866,-0.0005028323917135772,1.0,0.00855217456210351
2207,-0.008060320599935448,0.6820969623926859,-0.048403736594047696,0.7379379133132328,0.42359550561797754,0.5316001558310961
2208,-0.0061250886317002675,-0.007616438384383907,-0.000993451678340329,-0.029090943466654993,1.0,0.019533773292439334
2209,-0.009660673195340556,0.8328325534588196,-0.025077357637614137,0.7388565627595077,0.4125560538116592,0.5139026053839748
2210,0.0012476823699589987,-0.004823948598449035,-0.1044978453463414,-3.141179959298533,1.0,0.021153334616598792
2211,0.0016917774438199073,0.7962308985274146,-0.027886528311253916,0.7258187639766646,0.4092446448703495,0.515554258614439
2212,0.015274126129402939,-0.0027691371845195794,-0.001767250104628101,-0.047150105357898396,1.0,0.016982183685592667
2213,-8.055876729822376e-05,0.7626777554723645,-0.03892429157457126,0.7366332969787076,0.4100558659217877,0.5283768014758268
2214,-0.0006706801460866292,-0.0005504943216337874,-0.00026320755702035487,-0.0010983235528569382,1.0,0.0016401594675454982
2215,0.013936050764144815,-0.006275676275621227,-0.001623258997009916,-0.021861763030123667,1.0,0.014122429913230592
2216,-0.002748103151171024,-0.0032575851350965758,0.0007495070200781944,0.0001443996695883304,1.0,0.015255754897723189
2217,0.002141833261653026,0.6668407776460481,-0.04734306422403132,0.727134734669874,0.4131403118040089,0.5303547445915354
2218,0.004381158968355631,-0.00510007955497739,-0.0011148512347323935,-0.0019573750852591985,1.0,0.006408745292858372
2219,-0.015366793863908408,0.5037304319914608,-0.04846835038915149,0.7451846954034393,0.42857142857142855,0.5544687599023466
2220,0.001070739522521563,-0.009077615520128327,-0.0004805838376424955,-0.02401727818744075,1.0,0.0177349165277392
2221,-0.009264110796002237,0.6768921927482705,-0.04884421242461889,0.7453826602347035,0.4170353982300885,0.527974214948075
2222,0.001095319809769606,-0.0051597558373323305,0.0007381053511477526,-0.0004081676740497772,1.0,0.02137699821316424
2223,-0.007332483051137915,0.7938055642123111,-0.028935792423762565,0.7321983957550495,0.4082313681868743,0.5194864830157387
2224,0.016643901143241185,-0.003873619722672835,-0.0024146585084055317,-0.05289952311528394,1.0,0.01721301845722171
2225,0.0032549641348131337,0.8106202172515529,-0.02806472494717862,0.731836494125736,0.41025641025641024,0.5232630116201736
2226,0.02008563249731916,-0.003763879323962537,-0.0016795214671558446,0.0002073864270162184,1.0,0.013223664113948578
2227,0.0015891069464739635,0.8078076369747333,-0.024419890516596415,0.7357505204097116,0.40507726269315675,0.5218752210997301
2228,0.008571464191270917,-0.005903238767528095,-0.001093131632197873,-0.023954048398701654,1.0,0.012256734956161393
2229,-0.0006631953524436078,0.7624639378664299,-0.033779369548399454,0.73431797018666,0.40444444444444444,0.522893974187756
2230,0.01119977687597326,0.0006346976644598906,-0.0006030576332701622,0.024267172270792517,1.0,0.010782708413819805
2231,0.008299302109719315,0.6751593751836308,-0.047724663833784445,0.7237851020703852,0.4113785557986871,0.527590385492924
2232,0.0070911563746008845,-0.004015059196913585,-0.0003606284773857474,0.017618174359455722,1.0,0.00830190007533068
2233,-0.00492779298185758,0.642998111342623,-0.05172496930404365,0.7372530416453307,0.40805223068552776,0.5313377996839226
2234,0.0040626746135010204,-0.004393475397945017,0.0006278099294298873,-0.0009915918464649105,1.0,0.021588784647711842
2235,-0.01633326258561447,0.8058514152060875,-0.026746187065728184,0.7397908710686062,0.40217391304347827,0.5160456092132046
2236,0.01451927677530751,-0.004503241709683499,-0.0020076179225834608,-0.051944050113510956,1.0,0.01671404447136731
2237,-0.020607595733029345,0.5606415812714624,-0.05055389491662929,0.7532892697461702,0.41304347826086957,0.5575355661432739
2238,0.022448153350891006,-0.0034100567963162723,-0.0021392843526895997,0.000360030097431737,1.0,0.01375016823753333
2239,0.0008293482519596128,0.8085780726904137,-0.025985767718601352,0.7318299381268467,0.4004329004329004,0.5220706681841034
2240,0.009267160994112447,-0.005664787820223376,-0.00103194857621637,-0.02670705616356071,1.0,0.012474260500828012
2241,-0.0040912390363842645,0.7637328149472511,-0.03443816573005111,0.7375023565798973,0.40021810250817885,0.5239680639253792
2242,0.007081547287663962,-0.001417389293353902,-0.0006491673384661709,0.020113780056015395,1.0,0.01083254059677351
2243,-0.014908059892756908,0.5458111324875909,-0.04714228427171485,0.7469543455484393,0.40869565217391307,0.542679860920926
2244,0.00460289560606841,-0.0036955234132805483,-0.0007115501510087183,-0.014804067873243454,1.0,0.0068714745597850905
2245,-0.015244420534498575,0.5615549714048292,-0.048867351612363545,0.7450355651465089,0.40736728060671723,0.5456623087235571
2246,0.0048115090270833445,-0.003669188831356589,0.0006305084720985704,0.000348252952559648,1.0,0.02206289879305235
2247,-0.0065969912695821595,0.8579614987097567,-0.012879167781913134,0.7321607454280323,0.3933189655172414,0.5077509341218669
2248,0.017064994280514882,-0.0037454024913443043,-0.0025076880103644806,-0.0529829019743686,1.0,0.0174044207622753
2249,-0.0027540125620820113,0.8541327511638961,-0.01568736421358189,0.7329311818125204,0.39186295503211993,0.5157895268167781
2250,0.01536704781096301,-0.0007548125420780701,-0.0013084019108852338,-0.05149135154210229,1.0,0.01713699864201811
2251,-0.0032364889068757026,0.8099378283551393,-0.026633256713643215,0.7369534976764249,0.3880597014925373,0.5251749127981038
2252,0.011208932922885129,-0.007051385778811306,-0.0013465211376317752,-0.023209614062745066,1.0,0.014033752792467477
2253,-0.002641450243867355,0.762183388165616,-0.03939227672268534,0.738510880625422,0.3930084745762712,0.5238096714981423
2254,0.0085099192208294,-0.00010381095215816934,-0.00046723644651076906,0.020031746363104726,1.0,0.010588793397050239
2255,-0.01601129577738346,0.594604532595174,-0.0508127198679041,0.7448798616529235,0.3964059196617336,0.54106621171663
2256,0.0017786828658355504,-0.004161889755921507,-0.000643265425594633,-0.013890407054015974,1.0,0.0061189940026204976
2257,-0.019587087800020206,0.6086107489621105,-0.050788743798024234,0.749299849261906,0.3972746331236897,0.5420679764099124
2258,0.0015245436192705044,-0.005201098988259643,0.0007808555298335284,-0.0005996646769589237,1.0,0.021546005951476408
2259,-0.0006482069797511151,0.8000102054477676,-0.03230736487539858,0.7211378014432381,0.391578947368421,0.517377666000422
2260,0.00045122484427724676,-0.0065946946836020455,-0.10405055976546829,-3.1389133615796374,1.0,0.020336463525682438
2261,-0.0014927516791511577,0.8083774239625878,-0.02898162564287182,0.728824496099636,0.38170347003154576,0.5153531149973415
2262,0.015281060484744813,-0.0007209825868590394,-0.0013037949166715853,-0.051499482708086214,1.0,0.017067186689481123
2263,-0.005876317732131259,0.8057336413030909,-0.0254216484159505,0.7406514136955228,0.3817991631799163,0.52594424214394
2264,0.016006264704493664,-0.005528229250724965,-0.0016259043425167492,-0.01756144587372229,1.0,0.01399924896223286
2265,-0.005415941234541252,0.8143737576587898,-0.024590882234197788,0.7394542658541781,0.37798546209761164,0.5149971013370621
2266,0.017158826391661223,0.00308326979264017,-0.0008520507683084284,0.004712012507553025,1.0,0.010281873892938836
2267,-0.007031951070905117,0.696337283108177,-0.043929342265362416,0.7455503656964172,0.3846949327817994,0.5283704298658234
2268,0.00834344223570707,-0.0009490605803961492,-0.0005695564861007204,-0.017029619436627955,1.0,0.0050604675822978045
2269,-0.009259030611012534,0.6620761105095698,-0.04478888354747272,0.7385446286420881,0.3788501026694045,0.5297617322292488
2270,0.004003571655398894,-0.004024456549170121,-0.00011607938297056338,0.009181543602643534,1.0,0.008894972819183514
2271,-0.013626943468536191,0.6799215986085994,-0.047328474010472195,0.748459499462747,0.3835051546391753,0.5264953884653241
2272,0.0009979388083484492,-0.006319562880405307,0.0003287365133991735,-0.004950134161536544,1.0,0.020540583648911138
2273,0.00040767871563743605,0.7951496321741996,-0.026656024439463792,0.7248004105026999,0.3751284686536485,0.5181872636578173
2274,0.0007113837853372058,-0.00025146463906459965,-0.00018405168475760234,0.002750315499437922,1.0,0.0011559737541874053
2275,0.016578993043287898,-0.001813695862603738,-0.0020217614747398416,-0.057112080609545604,1.0,0.017733612502571466
2276,-0.0025123046966820835,-0.0039851033807078344,0.0006840368368497026,0.000214035908478563,1.0,0.015564910101139086
2277,-0.003418373896354967,0.8141461412259747,-0.02734039556351086,0.7409535435408076,0.3690112130479103,0.5176549541538484
2278,0.014889298531371106,-0.005573411737485861,-0.0014234591092117453,-0.010677200655562054,1.0,0.013148160843779939
2279,-0.010238451478271566,0.6955954960115417,-0.04749063770615998,0.7468667151918917,0.37741607324516785,0.5307169307495785
2280,0.007360996310898486,-0.004143578056720717,-0.0007207108106525511,-0.00018216601169955153,1.0,0.005316384484796345
2281,-0.01071650715518455,0.6680353144659702,-0.046134403733705774,0.736638105991681,0.3708542713567839,0.5276930571363452
2282,-0.0014125449483067176,-0.002078454766111877,-0.00013920993657449957,-0.014836558944125004,1.0,0.008510743866727339
2283,-0.013352334875197847,0.6743775348316728,-0.046827030862936755,0.7456246208521641,0.373015873015873,0.5276935070932365
2284,-0.003382099832415537,-0.009596671605075463,-0.0005953681710710234,-0.03733460968391992,1.0,0.017986347077338802
2285,-0.0014445786593229887,0.7312393892173588,-0.044228706816130205,0.7360024011137042,0.3726273726273726,0.5249488076045561
2286,0.0025533005281193357,-0.006179272180013448,0.0003004244411331375,0.004486314225072458,1.0,0.02065895221664867
2287,-0.002409004093310151,0.8076210011788532,-0.02922928294923875,0.7298968694248554,0.36019900497512436,0.5206208845034036
2288,0.014969757331621088,-0.0028454439454651662,-0.0017120657393976306,-0.05569633446392154,1.0,0.016970762272803502
2289,-0.002538288096303941,0.8076884279517399,-0.025704718759378374,0.7343363673720578,0.3634558093346574,0.5252735480851485
2290,0.014814239718202006,-0.0053399231221183995,-0.0013795793469215459,-0.010856016689990141,1.0,0.013468942236698618
2291,0.00032607160217414485,0.7605310356727503,-0.03815005863493047,0.7356133581613212,0.363013698630137,0.5227795934576627
2292,0.011716270981881627,-0.0041551708338768605,-0.001219764100950654,-0.03137302016283806,1.0,0.012511620309840838
2293,0.0029924550223858135,0.7714444770388164,-0.028518628494477293,0.7272530448902683,0.36229022704837116,0.5234232167172023
2294,-0.0019170055139505354,-0.0025112023103110097,-0.0001821327099756978,-0.014836119606469586,1.0,0.008319508307366111
2295,-0.007463508803843293,0.6813180940862522,-0.0469132408402483,0.740296923885677,0.3633720930232558,0.530110062116082
2296,-0.002664892826437404,0.00015151679835651716,-7.01463927315973e-05,-0.00812018860601974,1.0,0.002003705731414081
2297,-0.005258202696017424,-0.006761351919361981,-0.0009952264479705102,-0.030855384821956232,1.0,0.019623401213749912
2298,-0.0019682005210562726,-0.0025309226726469495,0.0009920987121897653,0.00014339157683776542,1.0,0.01316348474428463
2299,-0.004491716653371928,0.7870454841823844,-0.029294285924763245,0.7352774214607128,0.35477582846003897,0.5256862917702326
2300,0.019906694669690805,-0.004233016915781681,-0.002452706793231551,-0.019618786639695792,1.0,0.015529687297866251
2301,-0.005566951359460431,0.8162455471964605,-0.025806357345153425,0.7390796842322832,0.3471552555448409,0.5201015191802324
2302,0.019260955758843023,-0.004855644018735303,-0.0021257038640403827,-0.011342419441872286,1.0,0.014120626801685281
2303,-0.005343521039492971,0.7931070519086324,-0.024677060857608776,0.742834930594608,0.35456273764258556,0.5281786006116226
2304,0.010021029068406065,-0.0003906768733161829,-0.000692953033345905,-0.006583277997085643,1.0,0.013114706272811135
2305,0.004673448631663761,0.774872721279607,-0.02683235572442774,0.726112380410434,0.34985700667302194,0.523195751494683
2306,0.007391667848378204,-0.003216553175221577,-0.000794562057305819,-0.00807116034669696,1.0,0.005665154863400872
2307,0.0013811517684371674,0.7332569189164369,-0.03906293910107354,0.7278787085500165,0.3433395872420263,0.5189094727735214
2308,-0.0019378267058421845,-0.0010366028844229981,0.00023271058591871335,0.011891510562857649,1.0,0.010728942114555046
2309,0.0017253680134923545,0.7337149013440634,-0.0456810207051094,0.7325894476400084,0.34572490706319703,0.5175431072741397
2310,-0.006222579264278435,-0.009029138183942687,-0.0009853610152066668,-0.03147708943013774,1.0,0.019322548904763846
2311,-0.0008798501291209772,0.7916040208337756,-0.031848173725692555,0.723362717449128,0.34511627906976744,0.5215440799892158
2312,-0.001420566722063344,-0.004749384264107484,0.0006590114733566882,-0.00041877409257812514,1.0,0.021110640680724116
2313,-0.004311603004179101,0.7997135353903588,-0.027596060994902867,0.7373889087679478,0.34618916437098257,0.5274181806818661
2314,0.0192610144619854,-0.004883862016400558,-0.002114879017857826,-0.011348194900136303,1.0,0.014139310907292247
2315,-0.0067645852860830176,0.792157123885423,-0.02738306082662791,0.740184244429423,0.3357865685372585,0.526813836651357
2316,0.020612342827858364,-0.0035796438655772995,-0.001698009329683481,0.0001291678016067226,1.0,0.012895448875528959
2317,-0.0037094787335275542,0.7922757806359212,-0.0292601577831527,0.7345822796694811,0.3366880146386093,0.522164430239933
2318,0.0057392907589122605,-0.001793936004050417,-0.0005027572682778228,0.013147163176733962,1.0,0.012815027991932796
2319,0.004303204997324412,0.7580001938435447,-0.03310139953231209,0.7288865332978135,0.33605812897366033,0.524721173144151
2320,-0.0018904485669282193,-0.002017222927743007,2.5750910418856388e-05,-0.015218980287867548,1.0,0.00889041644432169
2321,0.007529810827816407,0.7810361506570628,-0.027123655570411298,0.7188959356331083,0.33663366336633666,0.5212155919056838
2322,0.0009973139001897783,-0.007349800384688567,-0.10363931235251007,3.1398327222528106,1.0,0.019740195711442202
2323,0.004001088052936179,0.82322846752992,-0.025458136842408587,0.7179106777550135,0.3288409703504043,0.5081864159464948
2324,0.001097133451267173,-0.005156244492982353,0.0007357224505563988,-0.0004118315062689551,1.0,0.021371237977878054
2325,-0.0006156067873372478,0.8338000004922385,-0.017529612304881762,0.7243686111761914,0.32526881720430106,0.5126438870360227
2326,0.01602077859710676,-0.006115189374207703,-0.0020162340935567353,-0.022362828097142472,1.0,0.014661003301380364
2327,-0.0017266296611893226,0.8563567560461831,-0.014808514267965934,0.7367133067595717,0.3202846975088968,0.5167208622108783
2328,0.017749708398621368,-0.00408608442559065,-0.0012669419298846642,4.574076693751182e-05,1.0,0.012907795170701794
2329,0.009612082355921316,0.8099006893047618,-0.022442512874607124,0.722806979028997,0.3216168717047452,0.511598482286626
2330,0.0074367183397314185,0.00039045442610198186,-0.00011565800553851195,0.017775975952277704,1.0,0.009381980561708426
2331,0.007329795307647432,0.8129531407174746,-0.01661890283358617,0.7214492825001363,0.3142605633802817,0.5080383801530719
2332,0.008695218162354,-0.0038338467257511707,-0.00116083712947078,-0.003960808246022384,1.0,0.006282863332510747
2333,0.014265546156465235,0.8091012667578109,-0.020061545991013324,0.7127965875217936,0.31341991341991343,0.5109285447592513
2334,0.011611023016614831,-0.009051851195333142,-0.0007309037972256658,-0.0005472796193063408,1.0,0.019219748807284796
2335,-0.004510501130211124,0.8398101025694835,-0.021233878409815034,0.7311550358715525,0.3158347676419966,0.5134717143786738
2336,0.0008243571751890108,-0.005180826174579834,-0.10450147449340728,-3.1411885228754572,1.0,0.021402146438816726
2337,0.004395334963906466,0.8569614273009372,-0.010422760271958457,0.7252223240436206,0.3127147766323024,0.513252610366739
2338,0.016762865123319592,-0.0038366930350112105,-0.002442946884157831,-0.052925738276410964,1.0,0.01727077076522245
2339,1.48773571827613e-05,0.8459108415690869,-0.016237596036885026,0.734948754302838,0.3138252756573367,0.5159623747881127
2340,0.0224651419208416,-0.0033950361502707127,-0.0021475668322888638,0.0003625453417142618,1.0,0.01373735410320086
2341,-0.003441426690501734,0.8549922436868346,-0.011217467752547429,0.7405966185525884,0.31063829787234043,0.5158077705811507
2342,0.008647669314169928,-0.005902219895171756,-0.0010977559160549179,-0.023951555259426303,1.0,0.012223010978088495
2343,0.012782068387979234,0.8281789165501414,-0.019403740068964854,0.7234330591815336,0.3024431339511373,0.509045318978595
2344,0.007708236947454526,-0.004684308370942441,-0.0012131351277959647,-0.0020246936843244237,1.0,0.0068833944767179725
2345,0.008091071889951843,0.8330264907470863,-0.011472661454836134,0.7182940622687238,0.29632721202003337,0.5102557350381538
2346,0.003657491060503612,-0.005641600883005485,-0.0007341217536337156,-0.002093893717401363,1.0,0.007787109169246881
2347,0.014117675381637024,0.8353519172380482,-0.013880529427997121,0.7153113226991094,0.3019966722129784,0.5076385968949825
2348,0.004814618415282728,-0.0036791724068896605,0.0006288921772203832,0.0003418209010484761,1.0,0.022069847072083603
2349,0.0015804360273771907,0.8731310189299706,-0.00719818319951621,0.7282026078188478,0.3012448132780083,0.5009287120022985
2350,0.014587668756818231,-0.0044927273983832484,-0.002020431357331246,-0.05194892596048648,1.0,0.016741112800167286
2351,0.010500481454009407,0.8697225072723852,-0.008246504851965635,0.7247127416326776,0.29718543046357615,0.5100446816064063
2352,0.015432980426577947,-0.0007430510394374885,-0.001323335186169838,-0.0514889584402099,1.0,0.017175580378390707
2353,0.0027855227203107415,0.8890987625060821,-0.007081193769854123,0.7313628894220703,0.2885085574572127,0.5058054155550945
2354,0.011135556249848534,-0.007060074813836331,-0.0013384154904648876,-0.02321149727322722,1.0,0.014030156988891113
2355,0.009267413025057136,0.8265570131804693,-0.026207392334137165,0.7293338035093039,0.28858520900321544,0.5077029238101717
2356,0.008917969577525192,6.472035168454525e-05,-0.0004322363063600087,0.021091833077928782,1.0,0.010477251054827337
2357,0.007242595956959468,0.8262401367982118,-0.017249808995469452,0.7242782052352146,0.28503184713375795,0.5076921009149284
2358,0.005227047372244978,-0.006416571681907149,-0.0008275211173160612,0.014797673702881929,1.0,0.007758735259743029
2359,0.006745686854403993,0.8404916173369019,-0.012917189373767452,0.7236659491321283,0.28741092636579574,0.5044377423153551
2360,0.004513446301005787,-0.004764304989218801,0.0006740931895506258,-0.0010896604644552534,1.0,0.021600417986488187
2361,0.0071975254679982476,0.8865761951580339,-0.007465773019391287,0.7180803559370597,0.285828025477707,0.4985813440802656
2362,-0.0003426985943375772,-0.007670444347986609,0.0002450871033307378,-8.395546738201451e-05,1.0,0.019545247036408735
2363,0.006965924670035516,0.9113351374739976,-0.0005748095536973955,0.7251238782466255,0.28695652173913044,0.5081875915835116
2364,0.015285643067407996,-0.0007697933785685075,-0.0012962077704626684,-0.051487360680992376,1.0,0.01708948904684215
2365,2.7878057076729576e-05,0.916427000684152,-0.00166212801463371,0.7363537475580759,0.28188976377952757,0.5085158968135791
2366,0.017648644767947468,-0.005179544061181816,-0.002039716138645606,-0.01811437958832638,1.0,0.014655944013882611
2367,-0.005779382564890739,0.9248667850853037,-0.0061023768525617665,0.7469418525797678,0.2800620636152056,0.5084614209539232
2368,0.009531690159733765,0.0006441133472210033,-0.0003598396594835937,0.0225047143835938,1.0,0.010340346353918815
2369,0.029056412339030113,0.8689735819461448,-0.0028819655051292316,0.704041590465071,0.271264367816092,0.498701347436763
2370,0.007471488689717701,-0.003236715092944572,-0.0007386286067043577,-0.013971425271093126,1.0,0.006252422586390843
2371,0.031089485925782933,0.8686535327947564,-0.003838769632349513,0.6973972536926416,0.26656511805026656,0.49646174796326176
2372,-0.007273045619875758,-0.010210855464513212,-0.0005948807168393588,-0.045961536723164116,1.0,0.018795082108379765
2373,0.007952582909264242,0.8775272012964385,-0.006662109798429329,0.7253390965343162,0.27279635258358664,0.4944845219043489
2374,-0.00465151668650042,-0.0023540828346993044,-0.0004764866132826942,-0.01544313503972099,1.0,0.00798182022490697
2375,0.0008336270791940207,-0.004818304935279547,-0.10453720907117918,-3.1410063910364174,1.0,0.02129521930917626
2376,-0.001633182198601732,-0.002813558694262116,-0.0002985743207333079,0.0002133732621901352,1.0,0.013489016330860214
2377,-0.0010670095211217161,0.9179764695135733,-0.00117613130446209,0.7378473207353277,0.2667167543200601,0.5101471994886999
2378,0.017813889400863314,-0.004915856943976446,-0.0019293660078842517,-0.019903222771861677,1.0,0.014581129194603144
2379,-0.00031247377841966647,0.9260967916579417,0.000597584760739484,0.7416067473434831,0.26791044776119405,0.5090971318341528
2380,0.020707934038316313,-0.003753012632682129,-0.0017341954591783692,0.00011612159569149832,1.0,0.012739780073889345
2381,0.013329716401841604,0.8848520347352267,-0.010638932535533354,0.7254347489481563,0.260454878943507,0.49993702980809795
2382,0.004843509353570824,-0.003348500449630364,-0.0005725364360795529,-0.013091816757851307,1.0,0.005266148052224012
2383,0.03232258201467412,0.8708388756067192,-0.004049876165669616,0.6964024650396671,0.25510204081632654,0.49544517189255327
2384,0.002523399174107101,-0.005734053869229206,-0.0009214692938463371,-0.006079169645948692,1.0,0.006988188956295326
2385,0.023749329970410044,0.9035413385094805,-0.004307403165696056,0.7091239009829348,0.2612214863870493,0.49883967020179615
2386,0.0009571052622209174,-0.006547117050779691,0.00027617930916313404,-0.00518640690320772,1.0,0.02030964718212335
2387,0.012632777450910546,0.9406609280428412,0.0027001260240369167,0.7131064668502248,0.2618873445501097,0.4916034592017061
2388,0.002577932509090581,-0.006434528654486946,0.0002582080935483455,0.004568821235353904,1.0,0.02044282224955633
2389,0.008568335237266318,0.9536241493111742,0.009275519138132855,0.7258587839311512,0.2589350838803793,0.49828946087508297
2390,0.014936318147106194,-0.002835637208904447,-0.0017089981037718995,-0.05570852370999373,1.0,0.016981978985177913
2391,0.010088775648736349,0.9748034511948158,0.01898734630328149,0.7252566869517506,0.2550578034682081,0.5036163508005342
2392,0.0119992930117883,0.0004921788076385494,-0.0009074251340497272,0.004669890913954534,1.0,0.013007519517163044
2393,0.022699348277190556,0.9192979043666186,0.0019773746475589705,0.7163046882499183,0.2523033309709426,0.4990221606919462
2394,0.007112917899621704,-0.004596155213423148,5.390876063920672e-05,-0.011973628544104624,1.0,0.017383623860864693
2395,-0.04573452831358982,0.9587589660492418,0.012586572135473494,0.7178640167323921,0.25181758096497026,0.5189650446225668
2396,-0.009222086370738571,-0.002897395499861871,-0.0009243269957722405,0.032471554331230265,1.0,0.019623077007052906
2397,-0.215481429441015,1.1423250948345764,0.05529817486047568,0.7116726390578945,0.27681874229346487,0.6018673289937876
2398,-0.009442455057033103,-0.0065987742786102485,-0.0013325134840595782,0.02234116879895091,1.0,0.014478176923348017
2399,0.9655763724168652,0.4110979537380833,0.050967243952223386,-0.960612425077312,0.2533748701973001,0.656541278040114
2400,-0.009669391552634075,-0.003024274361157911,-0.0015012935900656705,0.03043785570086877,1.0,0.0147067988099831
2401,0.27318139479850584,-1.0347754935684665,0.0701163323104797,1.0260203844086784,0.13555347091932457,0.5418695551134914
2402,0.015741688916817848,-0.0058592368184437384,-0.001987230812040485,-0.02453863474858493,1.0,0.014800332905760947
2403,0.38948649659837514,-0.984247031249431,0.08320989820452687,1.1351412027171996,0.1351950354609929,0.546534405636544
2404,0.019170892907608136,-0.005089371243976637,-0.002185107752083534,-0.011161955855030914,1.0,0.013783905419573538
2405,0.02660398308503916,0.030490529520335305,0.0515159599082294,0.7866265909018056,0.1481144934120854,0.7001743014193563
2406,0.016778828570678347,-0.004390760961762791,-0.0018258760738370597,-0.021420544364400454,1.0,0.01492183425171474
2407,0.04607542329800303,0.026152102615150594,0.055247562001292286,0.7925004455097296,0.14692378328741965,0.6968411078876003
2408,0.01928315014189583,-0.004848217380206389,-0.002135204953950831,-0.01134164214883101,1.0,0.01412976846213058
2409,0.06785819940965178,0.01367147512634143,0.06140869026318153,0.8104707528114027,0.14583333333333334,0.6975106377455259
2410,0.01736218130650779,-0.004658376632761636,-0.0019373343625712423,-0.01939513733600928,1.0,0.014772892261817484
2411,0.4511410839150393,-0.8374705989948735,0.0610623986689922,1.2053074751184873,0.14048059149722736,0.5675179701896677
2412,0.019274492388463633,-0.004866551555405376,-0.0021238565369614466,-0.011341354944308128,1.0,0.01412353639600168
2413,0.5797922985938333,-0.8333545547437318,0.07298692616777538,1.319960754004752,0.13805798435342845,0.5560586027270962
2414,0.017410283557674926,-0.0048790457591376185,-0.001992119133178376,-0.01970726225324644,1.0,0.015165499296301947
2415,0.5698184833457598,-0.8332803726407016,0.0789985111579744,1.3084662964916367,0.13979963570127504,0.5584723263231425
2416,0.01926230556334723,-0.0048719074610827345,-0.002115913973552485,-0.011343384686504317,1.0,0.014124365547913137
2417,0.5183295193086228,-0.8288426393303135,0.0790297230282889,1.2414115439787752,0.14562669071235348,0.5599739821712585
2418,0.015079530469439738,-0.005215508953629017,-0.0015836520776249803,-0.01949895450011593,1.0,0.01467096467056701
2419,0.5685875663494443,-0.847215385259834,0.10472134123609847,1.2831971052688347,0.14285714285714285,0.5507644373148926
2420,0.01924079510921279,-0.004883378024513656,-0.002109010817361682,-0.011345041660657923,1.0,0.014118347740240214
2421,0.4567779593880978,0.9950073939515202,0.1361149737627338,0.46578049814054395,0.13740458015267176,0.5299751130555461
2422,0.020597382757010174,-0.003578732503886894,-0.0016945764398806505,0.00012382927054250308,1.0,0.012887413192073363
2423,0.5162244815215146,0.9809710827636473,0.1288658329192069,0.3959057150477538,0.13447653429602888,0.5501652947110536
2424,0.019101805349351627,-0.004881247835822198,-0.0021150213553649743,-0.011445990433244464,1.0,0.014165532048425116
2425,0.42568877296932783,1.061621607581597,0.15090993269147382,0.5110562497776223,0.13624220837043632,0.5440547937534544
2426,0.020112906326394522,-0.0037560565394355074,-0.0016790213813390729,0.00020437596296121017,1.0,0.013199316756039258
2427,0.572863178643012,0.8749655531376974,0.0880814280926731,0.334843970519263,0.13348214285714285,0.5492404031478823
2428,0.01599314488342002,-0.006108640372422458,-0.0020025096797494303,-0.022360116421291935,1.0,0.01463496564710603
2429,-0.059633473852054,-1.1619072299925637,0.1146617345827236,0.661875107918163,0.14389468906037223,0.5591189998254305
2430,0.02010418111143155,-0.0037656401955598892,-0.001675920476981918,0.00020735441990178257,1.0,0.013204544042488414
2431,0.651664500907827,-0.859303293118832,0.1409455890286621,1.3175299964285148,0.1481149012567325,0.5470714958919469
2432,0.016018634728206103,-0.006112080063537587,-0.002019334066848113,-0.022363168816260857,1.0,0.014659643921067545
2433,0.6229496165417625,-0.8661367151552033,0.1406568209953627,1.2834370747616886,0.1436832740213523,0.5590534423154948
2434,0.020119608938382633,-0.0037573693853061602,-0.0016821981543374733,0.00020973296324130992,1.0,0.0132236705199945
2435,0.5490430575877687,-0.9219355480937553,0.16156219085118084,1.1924164119869258,0.1495119787045253,0.5517386153565316
2436,0.01603396665789272,-0.006129829559758373,-0.0020225322303805897,-0.0223598133132702,1.0,0.014683396074015287
2437,0.13354027692599893,-1.118807044022963,0.14042620384130666,0.7997597819347677,0.145075421472937,0.5635350795212599
2438,0.020109821693071357,-0.0037671224490880843,-0.0016805382099145463,0.00020923210086661598,1.0,0.013234508331486497
2439,0.05180524780883568,-1.1645685792106621,0.13262616266732713,0.7217780292002751,0.14839873703202525,0.5598163689821684
2440,0.01556997274729633,-0.006383576034969706,-0.0020408234323142137,-0.024049407225757224,1.0,0.014702528604195327
2441,0.07986432802904107,-1.1703509946908455,0.1459608987998799,0.7353945097271534,0.15196078431372548,0.556556771019329
2442,-0.0034485997660774126,-0.004781080372541436,0.00010974179014183726,-0.00019043342056251293,1.0,0.012814889983850756
2443,0.26369654634461226,1.1953863427452287,0.166890286501132,0.7276704837396111,0.14525386313465782,0.5321001987495174
2444,0.0036314942686106137,-0.007632395095070897,-0.0005403771692624253,0.02058046026385439,1.0,0.013784333198167352
2445,0.24257420220627024,1.193519370449326,0.17014352741219924,0.7504320430201875,0.1484480431848853,0.5427258051740376
2446,-0.0034921092557955503,-0.004780261408702623,0.00010506035778479878,-0.00019959797972901412,1.0,0.012821998171103435
2447,0.6122540442901068,-0.9149791407995715,0.17470512324359394,1.2202939741626366,0.14409484724122207,0.5751079930966927
2448,-0.0026508174999865445,-0.007653519002219248,-0.0005838207839357352,-1.9352917945240883e-05,1.0,0.014495463721923759
2449,0.2688449719137748,1.1487546693160624,0.1821551115823704,0.7475848178809317,0.15319338990620812,0.5414394559164175
2450,-0.003541538134718735,-0.0047983061692773174,0.00010790956191236066,-0.00020658340288851225,1.0,0.012843750536340855
2451,-0.009098857395382177,-1.2718830396836793,0.18227308052180433,0.6531704003290223,0.15151515151515152,0.5576021455328319
2452,-0.0025805390331045696,-0.007660090544224893,-0.0005813638780087495,-2.721959481603114e-05,1.0,0.014496848990750667
2453,0.7146034101700918,-0.8920782854829404,0.20572800449628298,1.2949295315717948,0.151797603195739,0.5541582346990561
2454,-0.0026361734838374505,-0.004820518021789859,0.00014496085335058995,-0.0002714573674295534,1.0,0.012692365960309033
2455,0.6990070970608819,-0.8619645186145093,0.19026500975305446,1.285088833528836,0.14610673665791776,0.5577296921423254
2456,-0.0025131739898376962,-0.0076661774447172,-0.0005825425655154597,-3.641644668105547e-05,1.0,0.014502321676781107
2457,0.17236880548707464,1.241530711082351,0.2063271164615062,0.855173654658257,0.15130434782608695,0.5417341810791453
2458,-0.002663796237591943,-0.004823246208160258,0.00014744610855748502,-0.00027590171086261514,1.0,0.012689285402223556
2459,0.31638306664891486,1.1583410229929696,0.19704486870560856,0.7223434008167829,0.15209634255129348,0.5544380381451028
