time,x,y,yaw,velocity
418.86,0.0006412624392715419,1.552209932030403e-30,0.0,0.03206312196203337
418.88,0.0012835291304820742,1.552209932030403e-30,0.0,0.03211333456055582
418.9,0.0006098715152610672,1.552209932030403e-30,0.0,-0.03368288076108098
418.92,0.0003539759075548015,1.552209932030403e-30,0.0,-0.012794780385288557
418.94,0.00016077492692581638,1.552209932030403e-30,0.0,-0.009660049031458043
418.96,-0.00037507650803867863,1.552209932030403e-30,0.0,-0.02679257174824912
418.98,-0.00047789653375707316,1.552209932030403e-30,0.0,-0.005141001285909791
419.0,-0.00047663702983102277,1.552209932030403e-30,0.0,6.297519630257768e-05
419.02,-0.000313677387757988,1.552209932030403e-30,0.0,0.00814798210365915
419.04,3.522195806678416e-05,1.552209932030403e-30,0.0,0.017444967291204892
419.06,0.000306751249485689,1.552209932030403e-30,0.0,0.01357646457095759
419.08,0.0004210661884783051,1.552209932030403e-30,0.0,0.0057157469496360025
419.1,-9.515298193067266e-05,1.552209932030403e-30,0.0,-0.025810958520399007
419.12,0.00021339029480827408,1.552209932030403e-30,0.0,0.015427163836961369
419.14,0.00032226225795566684,1.552209932030403e-30,0.0,0.00544359815737459
419.16,0.000396764848061881,1.552209932030403e-30,0.0,0.0037251295053035084
419.18,0.00033441397504845895,1.552209932030403e-30,0.0,-0.0031175436506739387
419.2,0.0005259301928525796,1.552209932030403e-30,0.0,0.00957581089021474
419.22,0.0011121968239275553,1.552209932030403e-30,0.0,0.029313331553692135
419.24,0.0005021399496443665,1.552209932030403e-30,0.0,-0.03050284371418718
419.26,0.00016320996465748886,1.552209932030403e-30,0.0,-0.016946499249359294
419.28,2.4601538657845342e-05,1.552209932030403e-30,0.0,-0.0069304212999884785
419.3,-0.0008332771087109429,1.552209932030403e-30,0.0,-0.042893932368356515
419.32,-0.0006766321629314688,1.552209932030403e-30,0.0,0.007832247288980826
419.34,-0.0013569108767055554,1.552209932030403e-30,0.0,-0.034013935688735265
419.36,-0.0008264152338640561,1.552209932030403e-30,0.0,0.0265247821420237
419.38,-0.001083536227702919,1.552209932030403e-30,0.0,-0.012856049691954839
419.4,-0.0008620105119235119,1.552209932030403e-30,0.0,0.01107628578898043
419.42,-0.0007411415889492553,1.552209932030403e-30,0.0,0.00604344614870115
419.44,-0.000968511664990824,1.552209932030403e-30,0.0,-0.011368503802088774
419.46,-0.0013059542948072505,1.552209932030403e-30,0.0,-0.016872131490836665
419.48,-0.0012226812308042438,1.552209932030403e-30,0.0,0.004163653200142291
419.5,-0.0008216810415120042,1.552209932030403e-30,0.0,0.020050009464630213
419.52,-0.0014989230271624096,1.552209932030403e-30,0.0,-0.03386209928255107
419.54,-0.0017366826631397031,1.552209932030403e-30,0.0,-0.0118879817988417
419.56,-0.0015739809011433145,1.552209932030403e-30,0.0,0.008135088099826836
419.58,-0.0011054004987974125,1.552209932030403e-30,0.0,0.0234290201173164
419.6,-0.00046964576102781605,1.552209932030403e-30,0.0,0.03178773688841839
419.62,-0.00019213942598140702,1.552209932030403e-30,0.0,0.013875316752333071
419.64,2.6244138642279272e-05,1.552209932030403e-30,0.0,0.010919178231194246
419.66,-0.00030468417489283405,1.552209932030403e-30,0.0,-0.016546415676723686
419.68,-0.00021008853964138698,1.552209932030403e-30,0.0,0.004729781762576655
419.7,-0.0006962686924368136,1.552209932030403e-30,0.0,-0.02430900763979344
419.72,-0.0006959660547496363,1.552209932030403e-30,0.0,1.5131884358839492e-05
419.74,-0.0002998453463918198,1.552209932030403e-30,0.0,0.019806035417908836
419.76,-0.00041895828928382686,1.552209932030403e-30,0.0,-0.005955647144605768
419.78,-0.00033350776177868357,1.552209932030403e-30,0.0,0.004272526375261049
419.8,0.00020859002509508045,1.552209932030403e-30,0.0,0.027104889343635814
419.82,-0.0001168090827216944,1.552209932030403e-30,0.0,-0.01626995539085354
419.84,-0.0002658980499809678,1.552209932030403e-30,0.0,-0.007454448362970449
419.86,-8.561252226998412e-05,1.552209932030403e-30,0.0,0.009014276385531763
419.88,-4.8340993932711635e-05,1.552209932030403e-30,0.0,0.0018635764168653188
419.9,0.00032458466376882923,1.552209932030403e-30,0.0,0.018646282885094
419.92,0.0002534352185346802,1.552209932030403e-30,0.0,-0.0035574722617005756
419.94,-0.0003197198776813109,1.552209932030403e-30,0.0,-0.02865775481082562
419.96,0.00019147764965382147,1.552209932030403e-30,0.0,0.025559876366779866
419.98,0.0005641881008663398,1.552209932030403e-30,0.0,0.018635522560589896
420.0,-0.0003388108442087649,1.552209932030403e-30,0.0,-0.0451499472537963
420.02,-0.0006314221786019839,1.552209932030403e-30,0.0,-0.014630566719674252
420.04,-0.001005538564994252,1.552209932030403e-30,0.0,-0.018705819319577256
420.06,-0.0007155330605954167,1.552209932030403e-30,0.0,0.01450027521995495
420.08,-0.0009256567118577667,1.552209932030403e-30,0.0,-0.010506182563127058
420.1,-0.0013960702630290197,1.552209932030403e-30,0.0,-0.023520677558517195
420.12,-0.0017389841224365952,1.552209932030403e-30,0.0,-0.01714569297039437
420.14,-0.0027387836270073795,1.552209932030403e-30,0.0,-0.04998997522858468
420.16,-0.0025468967161515923,1.552209932030403e-30,0.0,0.00959434554277082
420.18,-0.003040012033860255,1.552209932030403e-30,0.0,-0.024655765885455542
420.2,-0.002939076302111314,1.552209932030403e-30,0.0,0.005046786587451641
420.22,-0.003274730793572752,1.552209932030403e-30,0.0,-0.01678272457303946
420.24,-0.00341958872898043,1.552209932030403e-30,0.0,-0.0072428967703905035
420.26,-0.004010949262107144,1.552209932030403e-30,0.0,-0.029568026656362593
420.28,-0.004293688669589827,1.552209932030403e-30,0.0,-0.01413697037414699
420.3,-0.00399804208650522,1.552209932030403e-30,0.0,0.014782329154201754
420.32,-0.0047978748348619805,1.552209932030403e-30,0.0,-0.03999163741787442
420.34,-0.004237576538694618,1.552209932030403e-30,0.0,0.028014914808393604
420.36,-0.004230805620310188,1.552209932030403e-30,0.0,0.000338545919220901
420.38,-0.003870118410464623,1.552209932030403e-30,0.0,0.018034360492294645
420.4,-0.003768119677354664,1.552209932030403e-30,0.0,0.0050999366555025795
420.42,-0.0036452985753311876,1.552209932030403e-30,0.0,0.006141055101161958
420.44,-0.003189271014805346,1.552209932030403e-30,0.0,0.02280137802631282
420.46,-0.0018178778743209185,1.552209932030403e-30,0.0,0.06856965702428373
420.48,-0.0017779910733372976,1.552209932030403e-30,0.0,0.00199434004917719
420.5,-0.0015211345380146766,1.552209932030403e-30,0.0,0.01284282676614273
420.52,-0.0012203799924983367,1.552209932030403e-30,0.0,0.015037727275830675
420.54,-0.001609747337865658,1.552209932030403e-30,0.0,-0.019468367268328443
420.56,-0.0017621957565300136,1.552209932030403e-30,0.0,-0.007622420933224711
420.58,-0.002168093750140495,1.552209932030403e-30,0.0,-0.02029489968054254
420.6,-0.0017005687880087153,1.552209932030403e-30,0.0,0.023376248106543814
420.62,-0.002024461148128733,1.552209932030403e-30,0.0,-0.016194618006015613
420.64,-0.002231806640705046,1.552209932030403e-30,0.0,-0.010367274628825071
420.66,-0.002343681666957179,1.552209932030403e-30,0.0,-0.005593751312595823
420.68,-0.0017323249350119645,1.552209932030403e-30,0.0,0.03056783659728852
420.7,-0.000956195446060192,1.552209932030403e-30,0.0,0.03880647444762392
420.72,-0.0008012724177888791,1.552209932030403e-30,0.0,0.0077461514135506735
420.74,-0.0011372626849439136,1.552209932030403e-30,0.0,-0.01679951335776701
420.76,-0.0015925340303936872,1.552209932030403e-30,0.0,-0.022763567272509385
420.78,-0.0017637288335187941,1.552209932030403e-30,0.0,-0.008559740156263136
420.8,-0.0010984444725942771,1.552209932030403e-30,0.0,0.033264218046161566
420.82,-0.0012156059414857403,1.552209932030403e-30,0.0,-0.005858073444578487
420.84,-0.001816495474170544,1.552209932030403e-30,0.0,-0.030044476634267514
420.86,-0.0019029094521580497,1.552209932030403e-30,0.0,-0.004320698899366937
420.88,-0.002415693154192221,1.552209932030403e-30,0.0,-0.025639185101731892
420.9,-0.00210202844786026,1.552209932030403e-30,0.0,0.01568323531661233
420.92,-0.0021086662155360755,1.552209932030403e-30,0.0,-0.0003318883837901486
420.94,-0.0021474777508073933,1.552209932030403e-30,0.0,-0.0019405767635676475
420.96,-0.0015574506959231606,1.552209932030403e-30,0.0,0.029501352744238468
420.98,-0.0020325623598191657,1.552209932030403e-30,0.0,-0.02375558319475434
421.0,-0.0022307921883198923,1.552209932030403e-30,0.0,-0.009911491425045339
421.02,-0.0024620738088456068,1.552209932030403e-30,0.0,-0.011564081026296245
421.04,-0.0018134301641333276,1.552209932030403e-30,0.0,0.03243218223555128
421.06,-0.002219987804684245,1.552209932030403e-30,0.0,-0.020327882027564366
421.08,-0.002450616064712171,1.552209932030403e-30,0.0,-0.011531413001406787
421.1,-0.0030965925143500287,1.552209932030403e-30,0.0,-0.03229882248183046
421.12,-0.003344727125321396,1.552209932030403e-30,0.0,-0.012406730548579645
421.14,-0.0028666735392491845,1.552209932030403e-30,0.0,0.023902679303632324
421.16,-0.0025716694714107207,1.552209932030403e-30,0.0,0.014750203391894678
421.18,-0.003262465115836977,1.552209932030403e-30,0.0,-0.034539782221344226
421.2,-0.0023936046057826555,1.552209932030403e-30,0.0,0.043443025502755604
421.22,-0.0014469823843594374,1.552209932030403e-30,0.0,0.04733111107106944
421.24,-0.0017289866321721142,1.552209932030403e-30,0.0,-0.014100212390646665
421.26,-0.0021945755177397996,1.552209932030403e-30,0.0,-0.023279444278405444
421.28,-0.0015298513939692616,1.552209932030403e-30,0.0,0.03323620618855713
421.3,-0.0010293871128422135,1.552209932030403e-30,0.0,0.025023214056304036
421.32,-0.0017210367651603305,1.552209932030403e-30,0.0,-0.0345824826159373
421.34,-0.0017102764668240659,1.552209932030403e-30,0.0,0.0005380149168137223
421.36,-0.00231895602394209,1.552209932030403e-30,0.0,-0.030433977855842387
421.38,-0.002218372026051402,1.552209932030403e-30,0.0,0.005029199894538982
421.4,-0.0026390725524587876,1.552209932030403e-30,0.0,-0.021035026320388416
421.42,-0.002746116056975762,1.552209932030403e-30,0.0,-0.005352175225838383
421.44,-0.0023855999673831185,1.552209932030403e-30,0.0,0.018025804479648563
421.46,-0.0011916798209966478,1.552209932030403e-30,0.0,0.059696007319377825
421.48,-0.0007286193093074673,1.552209932030403e-30,0.0,0.023153025584414275
421.5,-0.000992379128190494,1.552209932030403e-30,0.0,-0.013187990944163331
421.52,-0.0012894329061577078,1.552209932030403e-30,0.0,-0.014852688898374194
421.54,-0.0016685867971327636,1.552209932030403e-30,0.0,-0.018957694548716146
421.56,-0.0013133641454265684,1.552209932030403e-30,0.0,0.017761132585325908
421.58,-0.0010450645294926466,1.552209932030403e-30,0.0,0.013414980796708291
421.6,-0.0008470928570676631,1.552209932030403e-30,0.0,0.009898583621230046
421.62,-0.0007029946310460836,1.552209932030403e-30,0.0,0.007204911301085522
421.64,-0.0007016226661290751,1.552209932030403e-30,0.0,6.859824585048915e-05
421.66,-0.0004140421331299289,1.552209932030403e-30,0.0,0.014379026649929523
421.68,-0.00043804265054921414,1.552209932030403e-30,0.0,-0.0012000258709653528
421.7,-0.0003986793051205311,1.552209932030403e-30,0.0,0.0019681672714359426
421.72,0.00010431371082624045,1.552209932030403e-30,0.0,0.025149650797289973
421.74,-4.83363686563777e-05,1.552209932030403e-30,0.0,-0.007632503974137849
421.76,-0.00016723120534841958,1.552209932030403e-30,0.0,-0.005944741834607501
421.78,-0.0002710141509771216,1.552209932030403e-30,0.0,-0.005189147281439821
421.8,1.9437695504577457e-05,1.552209932030403e-30,0.0,0.014522592324056886
421.82,-0.0007131832833660512,1.552209932030403e-30,0.0,-0.03663104894356475
421.84,-0.0010907986719726882,1.552209932030403e-30,0.0,-0.018880769430349026
421.86,-0.0009086713446010415,1.552209932030403e-30,0.0,0.009106366368564739
421.88,-0.001262755614299916,1.552209932030403e-30,0.0,-0.01770421348495983
421.9,-0.0017776715707707082,1.552209932030403e-30,0.0,-0.025745797823563028
421.92,-0.0015230142825804298,1.552209932030403e-30,0.0,0.01273286440948931
421.94,-0.0016331065163371508,1.552209932030403e-30,0.0,-0.005504611687841059
421.96,-0.0010101364858761553,1.552209932030403e-30,0.0,0.031148501523078107
421.98,-0.0015304365959706852,1.552209932030403e-30,0.0,-0.02601500550467621
422.0,-0.0013049218381495245,1.552209932030403e-30,0.0,0.01127573789106829
422.02,-0.0014327778050340538,1.552209932030403e-30,0.0,-0.006392798344232285
422.04,-0.0008056189834601578,1.552209932030403e-30,0.0,0.0313579410786342
422.06,-0.0012701732186001873,1.552209932030403e-30,0.0,-0.0232277117570226
422.08,-0.0010896755760462402,1.552209932030403e-30,0.0,0.009024882127705563
422.1,-0.0010685927828553985,1.552209932030403e-30,0.0,0.0010541396595400516
422.12,-0.0006650956121388358,1.552209932030403e-30,0.0,0.020174858535846486
422.14,0.0003068020006405861,1.552209932030403e-30,0.0,0.04859488063901529
422.16,0.0008322029025421535,1.552209932030403e-30,0.0,0.0262700450950276
422.18,0.0013586956691334377,1.552209932030403e-30,0.0,0.026324638329588153
422.2,0.0009959088606637748,1.552209932030403e-30,0.0,-0.01813934042349964
422.22,0.0003951234928671137,1.552209932030403e-30,0.0,-0.030039268389775
422.24,0.0005003694417595603,1.552209932030403e-30,0.0,0.005262297444627119
422.26,0.0004916466783710581,1.552209932030403e-30,0.0,-0.00043613816942550686
422.28,0.0007909924408359426,1.552209932030403e-30,0.0,0.01496728812325784
422.3,0.0003381707690030719,1.552209932030403e-30,0.0,-0.02264108359159978
422.32,0.00020871745593922762,1.552209932030403e-30,0.0,-0.0064726656531981
422.34,0.0005361014978545509,1.552209932030403e-30,0.0,0.016369202095781053
422.36,0.0008311046858509125,1.552209932030403e-30,0.0,0.014750159399789572
422.38,0.0010775801261030367,1.552209932030403e-30,0.0,0.012323772012617418
422.4,0.0011056859339034972,1.552209932030403e-30,0.0,0.0014052903900243054
422.42,0.001496049735804558,1.552209932030403e-30,0.0,0.01951819009501532
422.44,0.0014915780844796515,1.552209932030403e-30,0.0,-0.00022358256624552868
422.46,0.001605485651167869,1.552209932030403e-30,0.0,0.005695378334416051
422.48,0.0015739068620985422,1.552209932030403e-30,0.0,-0.0015789394534632874
422.5,0.0019986250140335542,1.552209932030403e-30,0.0,0.021235907596769917
422.52,0.0023618164875338923,1.552209932030403e-30,0.0,0.018159573675033413
422.54,0.002738800293023504,1.552209932030403e-30,0.0,0.018849190274444157
422.56,0.003255632986338321,1.552209932030403e-30,0.0,0.025841634665764363
422.58,0.002915520211162386,1.552209932030403e-30,0.0,-0.017005638758812197
422.6,0.002146997671360196,1.552209932030403e-30,0.0,-0.03842612699003523
422.62,0.0019524257238556974,1.552209932030403e-30,0.0,-0.009728597375233778
422.64,0.0017431119499363573,1.552209932030403e-30,0.0,-0.01046568869597652
422.66,0.0012222852138280061,1.552209932030403e-30,0.0,-0.02604133680536723
422.68,0.001318943197996953,1.552209932030403e-30,0.0,0.004832899208451744
422.7,0.001416790600174598,1.552209932030403e-30,0.0,0.004892370108886699
422.72,0.0013938090828570216,1.552209932030403e-30,0.0,-0.001149075865876603
422.74,0.001677919601196777,1.552209932030403e-30,0.0,0.014205525917000694
422.76,0.0017697056679334862,1.552209932030403e-30,0.0,0.004589303336839629
422.78,0.0014802751228008154,1.552209932030403e-30,0.0,-0.014471527256646702
422.8,0.0014920283473817317,1.552209932030403e-30,0.0,0.0005876612290446764
422.82,0.001553307393750117,1.552209932030403e-30,0.0,0.0030639523184220504
422.84,0.0017799470763703803,1.552209932030403e-30,0.0,0.011331984131023473
422.86,0.00119448701059,1.552209932030403e-30,0.0,-0.029273003288962447
422.88,0.0009718525635302164,1.552209932030403e-30,0.0,-0.011131722352999305
422.9,0.0015708484709180443,1.552209932030403e-30,0.0,0.02994979536941863
422.92,0.002214526846071253,1.552209932030403e-30,0.0,0.03218391875759825
422.94,0.0016628641717450492,1.552209932030403e-30,0.0,-0.027583133716335275
422.96,0.001881520444362523,1.552209932030403e-30,0.0,0.010932813630883626
422.98,0.002224893018242514,1.552209932030403e-30,0.0,0.017168628693966383
423.0,0.0030426816937929547,1.552209932030403e-30,0.0,0.04088943377755921
423.02,0.0029305836905320647,1.552209932030403e-30,0.0,-0.0056049001630496045
423.04,0.00298945093432057,1.552209932030403e-30,0.0,0.0029433621894195804
423.06,0.0031114434482840078,1.552209932030403e-30,0.0,0.006099625698177429
423.08,0.003302017514231342,1.552209932030403e-30,0.0,0.009528703297375372
423.1,0.003718464517710892,1.552209932030403e-30,0.0,0.020822350173937264
423.12,0.0036147334377606036,1.552209932030403e-30,0.0,-0.005186553997519138
423.14,0.0036174738285698685,1.552209932030403e-30,0.0,0.00013701954046336294
423.16,0.003971464865361278,1.552209932030403e-30,0.0,0.01769955183953629
423.18,0.0034720209640598954,1.552209932030403e-30,0.0,-0.024972195065091865
423.2,0.004003926747540772,1.552209932030403e-30,0.0,0.026595289174068025
423.22,0.0034254565554274062,1.552209932030403e-30,0.0,-0.028923509605612394
423.24,0.003167134827299555,1.552209932030403e-30,0.0,-0.012916086406404306
423.26,0.002900612899332187,1.552209932030403e-30,0.0,-0.013326096398380527
423.28,0.002581329529947357,1.552209932030403e-30,0.0,-0.015964168469256024
423.3,0.0026466629505992227,1.552209932030403e-30,0.0,0.003266671032586964
423.32,0.0029457177450432754,1.552209932030403e-30,0.0,0.014952739722216224
423.34,0.003160984731459829,1.552209932030403e-30,0.0,0.010763349320837452
423.36,0.003268363326227488,1.552209932030403e-30,0.0,0.005368929738372579
423.38,0.0031718432900862924,1.552209932030403e-30,0.0,-0.004826001807064168
423.4,0.0034990015174892275,1.552209932030403e-30,0.0,0.016357911370161637
423.42,0.0036949164821899246,1.552209932030403e-30,0.0,0.009795748235015922
423.44,0.004228523313592401,1.552209932030403e-30,0.0,0.026680341570148088
423.46,0.003455825670675999,1.552209932030403e-30,0.0,-0.03863488214585522
423.48,0.0037661952942494798,1.552209932030403e-30,0.0,0.01551848117864403
423.5,0.004355557048805825,1.552209932030403e-30,0.0,0.029468087727844074
423.52,0.0034115576428326933,1.552209932030403e-30,0.0,-0.04719997029869953
423.54,0.0038481748493727056,1.552209932030403e-30,0.0,0.021830860326958423
423.56,0.0038273572331636585,1.552209932030403e-30,0.0,-0.0010408808104533068
423.58,0.003993299137346692,1.552209932030403e-30,0.0,0.008297095209159219
423.6,0.004854750544375567,1.552209932030403e-30,0.0,0.043072570351360515
423.62,0.004847638766580465,1.552209932030403e-30,0.0,-0.0003555888897553807
423.64,0.0045261572714619235,1.552209932030403e-30,0.0,-0.01607407475594171
423.66,0.004458854522569711,1.552209932030403e-30,0.0,-0.0033651374446041233
423.68,0.004848237070493221,1.552209932030403e-30,0.0,0.01946912739619319
423.7,0.004771977472736852,1.552209932030403e-30,0.0,-0.0038129798878218848
423.72,0.005266492526672045,1.552209932030403e-30,0.0,0.024725752696711813
423.74,0.005537729409250127,1.552209932030403e-30,0.0,0.013561844128916414
423.76,0.005580301550023899,1.552209932030403e-30,0.0,0.0021286070386905636
423.78,0.005220933999914151,1.552209932030403e-30,0.0,-0.01796837750550373
423.8,0.00522551319408356,1.552209932030403e-30,0.0,0.00022895970847001498
423.82,0.004647797238991164,1.552209932030403e-30,0.0,-0.028885797754646083
423.84,0.004433120966799365,1.552209932030403e-30,0.0,-0.010733813609599708
423.86,0.004498288300762667,1.552209932030403e-30,0.0,0.0032583666981587933
423.88,0.005360380620687879,1.552209932030403e-30,0.0,0.043104615996299826
423.9,0.00505697330003074,1.552209932030403e-30,0.0,-0.015170366032870745
423.92,0.005284432125188359,1.552209932030403e-30,0.0,0.011372941257858966
423.94,0.005029590940003968,1.552209932030403e-30,0.0,-0.012742059259231126
423.96,0.004505962228765604,1.552209932030403e-30,0.0,-0.02618143556194203
423.98,0.005208368790751185,1.552209932030403e-30,0.0,0.03512032809921117
424.0,0.005342536345096899,1.552209932030403e-30,0.0,0.006708377717291803
424.02,0.00536251943304469,1.552209932030403e-30,0.0,0.0009991543973904631
424.04,0.005549721666593277,1.552209932030403e-30,0.0,0.00936011167741125
424.06,0.005378475277876171,1.552209932030403e-30,0.0,-0.008562319435863098
424.08,0.005064125879773739,1.552209932030403e-30,0.0,-0.01571746990513585
424.1,0.004986465236509386,1.552209932030403e-30,0.0,-0.003883032163210173
424.12,0.004553017368041788,1.552209932030403e-30,0.0,-0.021672393423399577
424.14,0.0037822706406814652,1.552209932030403e-30,0.0,-0.03853733636805119
424.16,0.0044545728196636455,1.552209932030403e-30,0.0,0.03361510894904403
424.18,0.004618033530218162,1.552209932030403e-30,0.0,0.008173035527733246
424.2,0.0038638302452752775,1.552209932030403e-30,0.0,-0.037710164247178504
424.22,0.0039772658608976654,1.552209932030403e-30,0.0,0.005671780781108436
424.24,0.004244275526185264,1.552209932030403e-30,0.0,0.013350483264392069
424.26,0.0038625328480894608,1.552209932030403e-30,0.0,-0.019087133904807544
424.28,0.0031459640809274785,1.552209932030403e-30,0.0,-0.03582843835813169
424.3,0.003355410390706126,1.552209932030403e-30,0.0,0.010472315488912134
424.32,0.0026379118178593893,1.552209932030403e-30,0.0,-0.035874928642369464
424.34,0.003347615902947116,1.552209932030403e-30,0.0,0.03548520425441861
424.36,0.0028682460158261838,1.552209932030403e-30,0.0,-0.023968494356000295
424.38,0.002574183378092803,1.552209932030403e-30,0.0,-0.014703131886682414
424.4,0.0022544793718257314,1.552209932030403e-30,0.0,-0.01598520031336811
424.42,0.0026640664879023015,1.552209932030403e-30,0.0,0.02047935580378893
424.44,0.003647285817626459,1.552209932030403e-30,0.0,0.04916096648625258
424.46,0.003387874616140169,1.552209932030403e-30,0.0,-0.012970560074326268
424.48,0.003757738708235505,1.552209932030403e-30,0.0,0.018493204604731046
424.5,0.004256178105910384,1.552209932030403e-30,0.0,0.02492196988376662
424.52,0.004744864956270528,1.552209932030403e-30,0.0,0.024434342518029433
424.54,0.004493428154885969,1.552209932030403e-30,0.0,-0.012571840069203628
424.56,0.004040086232292714,1.552209932030403e-30,0.0,-0.02266709612968339
424.58,0.004159770856559319,1.552209932030403e-30,0.0,0.005984231213335717
424.6,0.0039035434320126277,1.552209932030403e-30,0.0,-0.012811371227309822
424.62,0.004053787367398074,1.552209932030403e-30,0.0,0.007512196769279157
424.64,0.0036227326246624524,1.552209932030403e-30,0.0,-0.021552737136800695
424.66,0.0038385223475580574,1.552209932030403e-30,0.0,0.0107894861447594
424.68,0.0037823088204410075,1.552209932030403e-30,0.0,-0.002810676355855059
424.7,0.004118604347884915,1.552209932030403e-30,0.0,0.01681477637221065
424.72,0.004163973139337053,1.552209932030403e-30,0.0,0.0022684395726024977
424.74,0.004312146417405063,1.552209932030403e-30,0.0,0.0074086639034072616
424.76,0.004215586558568777,1.552209932030403e-30,0.0,-0.0048279929418187225
424.78,0.004527683364670965,1.552209932030403e-30,0.0,0.01560484030512358
424.8,0.004631700135107782,1.552209932030403e-30,0.0,0.005200838521830814
424.82,0.004295121865795211,1.552209932030403e-30,0.0,-0.016828913465643806
424.84,0.00433491522877999,1.552209932030403e-30,0.0,0.0019896681492407235
424.86,0.004300326567574288,1.552209932030403e-30,0.0,-0.001729433060281719
424.88,0.003779472637664621,1.552209932030403e-30,0.0,-0.02604269649550704
424.9,0.003335095462031125,1.552209932030403e-30,0.0,-0.022218858781695022
424.92,0.002488603264062845,1.552209932030403e-30,0.0,-0.04232460989833218
424.94,0.0021826902093047564,1.552209932030403e-30,0.0,-0.015295652737918353
424.96,0.0023247951155327016,1.552209932030403e-30,0.0,0.007105245311403722
424.98,0.0032379958269060467,1.552209932030403e-30,0.0,0.04566003556857901
425.0,0.0033709617089990895,1.552209932030403e-30,0.0,0.006648294104658194
425.02,0.003462341513527252,1.552209932030403e-30,0.0,0.004568990226412279
425.04,0.0030083174879503866,1.552209932030403e-30,0.0,-0.02270120127879939
425.06,0.003578889855943631,1.552209932030403e-30,0.0,0.02852861839968818
425.08,0.0038365355750190153,1.552209932030403e-30,0.0,0.012882285953780938
425.1,0.0040618045176208095,1.552209932030403e-30,0.0,0.011263447130067961
425.12,0.004292917347581521,1.552209932030403e-30,0.0,0.01155564149804607
425.14,0.0036748374285314194,1.552209932030403e-30,0.0,-0.030903995952533198
425.16,0.0039160632977432224,1.552209932030403e-30,0.0,0.01206129346056684
425.18,0.0037826687332139963,1.552209932030403e-30,0.0,-0.006669728226467374
425.2,0.0038020185489666966,1.552209932030403e-30,0.0,0.0009674907876358868
425.22,0.0037415723345262503,1.552209932030403e-30,0.0,-0.0030223107220164725
425.24,0.0033720947206580133,1.552209932030403e-30,0.0,-0.018473880693428656
425.26,0.003397216627169705,1.552209932030403e-30,0.0,0.001256095325585721
425.28,0.0034649309135939554,1.552209932030403e-30,0.0,0.0033857143212156155
425.3,0.0035156117312730773,1.552209932030403e-30,0.0,0.002534040883951207
425.32,0.004066378783428137,1.552209932030403e-30,0.0,0.027538352607778063
425.34,0.003944382699871271,1.552209932030403e-30,0.0,-0.00609980417784885
425.36,0.0038422713677547953,1.552209932030403e-30,0.0,-0.005105566605813921
425.38,0.003857176925652991,1.552209932030403e-30,0.0,0.000745277894910441
425.4,0.0032123752721195326,1.552209932030403e-30,0.0,-0.032240082676702246
425.42,0.0034653026211775,1.552209932030403e-30,0.0,0.012646367452873924
425.44,0.002944643632227029,1.552209932030403e-30,0.0,-0.026032949447547228
425.46,0.0031591202697519812,1.552209932030403e-30,0.0,0.010723831876257367
425.48,0.0029266690669355008,1.552209932030403e-30,0.0,-0.011622560140801567
425.5,0.0028599474472529684,1.552209932030403e-30,0.0,-0.0033360809841296475
425.52,0.0029864694504103733,1.552209932030403e-30,0.0,0.006326100157875992
425.54,0.0030818439293251888,1.552209932030403e-30,0.0,0.004768723945731566
425.56,0.0023466614842790647,1.552209932030403e-30,0.0,-0.03675912225233965
425.58,0.002018307070282723,1.552209932030403e-30,0.0,-0.016417720699832022
425.6,0.0012528150048148933,1.552209932030403e-30,0.0,-0.0382746032733175
425.62,0.0022461767885570963,1.552209932030403e-30,0.0,0.04966808918715532
425.64,0.0021475723078649843,1.552209932030403e-30,0.0,-0.004930224034610089
425.66,0.0024883993162746025,1.552209932030403e-30,0.0,0.017041350420447965
425.68,0.0030553786689608235,1.552209932030403e-30,0.0,0.028348967634336832
425.7,0.00291199365331752,1.552209932030403e-30,0.0,-0.007169250782171684
425.72,0.0031100797413316163,1.552209932030403e-30,0.0,0.009904304400685661
425.74,0.0027758149735165275,1.552209932030403e-30,0.0,-0.016713238390769644
425.76,0.002786897431914901,1.552209932030403e-30,0.0,0.0005541229199191698
425.78,0.0031394458857911594,1.552209932030403e-30,0.0,0.01762742269382896
425.8,0.00289548211825996,1.552209932030403e-30,0.0,-0.012198188376536395
425.82,0.002702164856023713,1.552209932030403e-30,0.0,-0.009665863111821141
425.84,0.0031045275671570905,1.552209932030403e-30,0.0,0.020118135556687178
425.86,0.002605016862437171,1.552209932030403e-30,0.0,-0.024975535235947702
425.88,0.0030654929577305836,1.552209932030403e-30,0.0,0.023023804764691565
425.9,0.0034649260980288265,1.552209932030403e-30,0.0,0.019971657014930297
425.92,0.00403157062587251,1.552209932030403e-30,0.0,0.028332226392129442
425.94,0.004026469328640731,1.552209932030403e-30,0.0,-0.000255064861589151
425.96,0.004897764911898102,1.552209932030403e-30,0.0,0.043564779162908164
425.98,0.004608921430929843,1.552209932030403e-30,0.0,-0.014442174048385022
426.0,0.0044208884503561495,1.552209932030403e-30,0.0,-0.009401649028693216
426.02,0.005020265050440377,1.552209932030403e-30,0.0,0.02996883000423865
426.04,0.004227045319600485,1.552209932030403e-30,0.0,-0.03966098654191794
426.06,0.003739791626503579,1.552209932030403e-30,0.0,-0.02436268465486746
426.08,0.0042128918153057785,1.552209932030403e-30,0.0,0.02365500944013149
426.1,0.003640663064548346,1.552209932030403e-30,0.0,-0.028611437537816326
426.12,0.003891341128638211,1.552209932030403e-30,0.0,0.01253390320450465
426.14,0.0032216737976856844,1.552209932030403e-30,0.0,-0.033483366547656795
426.16,0.0030979925558365334,1.552209932030403e-30,0.0,-0.006184062092445606
426.18,0.002455370804740704,1.552209932030403e-30,0.0,-0.03213108755482069
426.2,0.002580783851700486,1.552209932030403e-30,0.0,0.006270652347994794
426.22,0.002769678900457235,1.552209932030403e-30,0.0,0.009444752437819217
426.24,0.002810875217651601,1.552209932030403e-30,0.0,0.00205981585972017
426.26,0.0037652552394689563,1.552209932030403e-30,0.0,0.047719001090911164
426.28,0.004067758293262741,1.552209932030403e-30,0.0,0.01512515268970299
426.3,0.0044868000939843385,1.552209932030403e-30,0.0,0.020952090036039386
426.32,0.004384268579144755,1.552209932030403e-30,0.0,-0.005126575741983851
426.34,0.00420846342986064,1.552209932030403e-30,0.0,-0.008790257464213731
426.36,0.004747695099058099,1.552209932030403e-30,0.0,0.02696158345982085
426.38,0.0044161411981622715,1.552209932030403e-30,0.0,-0.016577695044806467
426.4,0.004513156104539917,1.552209932030403e-30,0.0,0.004850745318886684
426.42,0.004669081888846889,1.552209932030403e-30,0.0,0.007796289215333541
426.44,0.0037668462076822953,1.552209932030403e-30,0.0,-0.0451117840582707
426.46,0.0032541184643129517,1.552209932030403e-30,0.0,-0.025636387168490492
426.48,0.0029973696084402337,1.552209932030403e-30,0.0,-0.012837442793611098
426.5,0.0033226378037253547,1.552209932030403e-30,0.0,0.016263409764270848
426.52,0.0032163839943969044,1.552209932030403e-30,0.0,-0.005312690466427343
426.54,0.0027440625009283776,1.552209932030403e-30,0.0,-0.023616074673380703
426.56,0.0031656017399224624,1.552209932030403e-30,0.0,0.021076961949723413
426.58,0.0032744860020077365,1.552209932030403e-30,0.0,0.0054442131042686595
426.6,0.003615793960935203,1.552209932030403e-30,0.0,0.01706539794634034
426.62,0.003832695930678139,1.552209932030403e-30,0.0,0.010845098487156667
426.64,0.003792376877663889,1.552209932030403e-30,0.0,-0.0020159526507143215
426.66,0.0035626342807418766,1.552209932030403e-30,0.0,-0.011487129846078427
426.68,0.0027513109858349487,1.552209932030403e-30,0.0,-0.040566164745383285
426.7,0.0025680417217529895,1.552209932030403e-30,0.0,-0.009163463204106298
426.72,0.0028807657561272597,1.552209932030403e-30,0.0,0.0156362017186833
426.74,0.002900978331508646,1.552209932030403e-30,0.0,0.0010106287690702328
426.76,0.0031477737400725956,1.552209932030403e-30,0.0,0.012339770428208711
426.78,0.002915530456507018,1.552209932030403e-30,0.0,-0.011612164178289445
426.8,0.0034033725561064525,1.552209932030403e-30,0.0,0.024392104979924584
426.82,0.0032939765708826186,1.552209932030403e-30,0.0,-0.005469799261196666
426.84,0.002969758271917141,1.552209932030403e-30,0.0,-0.016210914948288635
426.86,0.0027017693243677797,1.552209932030403e-30,0.0,-0.013399447377442164
426.88,0.0028499632437242505,1.552209932030403e-30,0.0,0.007409695967830271
426.9,0.0031706748034451946,1.552209932030403e-30,0.0,0.01603557798606179
426.92,0.0029643206876977107,1.552209932030403e-30,0.0,-0.010317705787354246
426.94,0.0025568549309354016,1.552209932030403e-30,0.0,-0.020373287838133983
426.96,0.0024031817845916025,1.552209932030403e-30,0.0,-0.007683657317196934
426.98,0.00278114568003905,1.552209932030403e-30,0.0,0.018898194772335838
427.0,0.0023943551792968434,1.552209932030403e-30,0.0,-0.019339525037127922
427.02,0.002523572867965651,1.552209932030403e-30,0.0,0.006460884433446274
427.04,0.003147324544064951,1.552209932030403e-30,0.0,0.03118758380490471
427.06,0.0032001235542379615,1.552209932030403e-30,0.0,0.0026399505086529243
427.08,0.00353820561935666,1.552209932030403e-30,0.0,0.01690410325595031
427.1,0.004018626192464339,1.552209932030403e-30,0.0,0.024021028655337492
427.12,0.0034860812157059802,1.552209932030403e-30,0.0,-0.026627248837942152
427.14,0.00385880877390425,1.552209932030403e-30,0.0,0.01863637790993045
427.16,0.0037673850207065487,1.552209932030403e-30,0.0,-0.004571187659876241
427.18,0.00372984025683729,1.552209932030403e-30,0.0,-0.001877238193464648
427.2,0.0037312576336263905,1.552209932030403e-30,0.0,7.086883945509352e-05
427.22,0.0037889489457546563,1.552209932030403e-30,0.0,0.0028845656064077113
427.24,0.003886996760348104,1.552209932030403e-30,0.0,0.004902390729676859
427.26,0.0038255827725596023,1.552209932030403e-30,0.0,-0.0030706993894278707
427.28,0.0030059706533311246,1.552209932030403e-30,0.0,-0.04098060596146115
427.3,0.0030041055101663887,1.552209932030403e-30,0.0,-9.325715823660983e-05
427.32,0.0028618193596153356,1.552209932030403e-30,0.0,-0.007114307527559133
427.34,0.002552941228510417,1.552209932030403e-30,0.0,-0.015443906555259962
427.36,0.0017173818913298797,1.552209932030403e-30,0.0,-0.04177796685894612
427.38,0.0016899294208231408,1.552209932030403e-30,0.0,-0.0013726235253381936
427.4,0.0014299790136485966,1.552209932030403e-30,0.0,-0.012997520358739025
427.42,0.0012030793307673672,1.552209932030403e-30,0.0,-0.011344984144039552
427.44,0.0012740711379748736,1.552209932030403e-30,0.0,0.0035495903603785517
427.46,0.0007289943709100753,1.552209932030403e-30,0.0,-0.0272538383532647
427.48,0.0012131507470127712,1.552209932030403e-30,0.0,0.024207818805088006
427.5,0.0016382161067493737,1.552209932030403e-30,0.0,0.02125326798684946
427.52,0.0016382265971603709,1.552209932030403e-30,0.0,5.245205498559186e-07
427.54,0.0016041377532800042,1.552209932030403e-30,0.0,-0.0017044421940150373
427.56,0.001439106493690921,1.552209932030403e-30,0.0,-0.008251562979461667
427.58,0.0013771255894467706,1.552209932030403e-30,0.0,-0.0030990452122103395
427.6,0.0014540307341429097,1.552209932030403e-30,0.0,0.0038452572347995265
427.62,0.0017883165470390216,1.552209932030403e-30,0.0,0.01671429064482079
427.64,0.0018316847705584617,1.552209932030403e-30,0.0,0.0021684111759739813
427.66,0.0012008820559486575,1.552209932030403e-30,0.0,-0.03154013573042926
427.68,0.0009976331245250744,1.552209932030403e-30,0.0,-0.010162446571188399
427.7,0.0009378679032307686,1.552209932030403e-30,0.0,-0.002988261064718008
427.72,0.001065745695942464,1.552209932030403e-30,0.0,0.006393889635572404
427.74,0.0015491589145747804,1.552209932030403e-30,0.0,0.024170660931637805
427.76,0.0026481618203375054,1.552209932030403e-30,0.0,0.05495014528818623
427.78,0.00295346677728182,1.552209932030403e-30,0.0,0.015265247847229624
427.8,0.0024437579913558936,1.552209932030403e-30,0.0,-0.025485439296247074
427.82,0.0023684368245980424,1.552209932030403e-30,0.0,-0.003766058337895974
427.84,0.001705791011923924,1.552209932030403e-30,0.0,-0.03313229063373606
427.86,0.001829972205394352,1.552209932030403e-30,0.0,0.006209059673509399
427.88,0.0017969659687112301,1.552209932030403e-30,0.0,-0.0016503118341575941
427.9,0.0019610119327810468,1.552209932030403e-30,0.0,0.008202298203498288
427.92,0.0027255544424961984,1.552209932030403e-30,0.0,0.0382271254856837
427.94,0.0027627317358403266,1.552209932030403e-30,0.0,0.001858864667208108
427.96,0.0020556701132040662,1.552209932030403e-30,0.0,-0.03535308113184517
427.98,0.0015606966658894394,1.552209932030403e-30,0.0,-0.024748672365683514
428.0,0.0010482656519747997,1.552209932030403e-30,0.0,-0.02562155069575528
428.02,0.0016778099695449117,1.552209932030403e-30,0.0,0.03147721587853423
428.04,0.0017240927728172707,1.552209932030403e-30,0.0,0.0023141401636134727
428.06,0.0019069194409166866,1.552209932030403e-30,0.0,0.009141333404979107
428.08,0.0017419554299315833,1.552209932030403e-30,0.0,-0.00824820054926267
428.1,0.00187252492938082,1.552209932030403e-30,0.0,0.006528474972449209
428.12,0.0023442891830319193,1.552209932030403e-30,0.0,0.023588212682576427
428.14,0.00338791927605701,1.552209932030403e-30,0.0,0.05218150465130199
428.16,0.0036027118475813378,1.552209932030403e-30,0.0,0.010739628576195632
428.18,0.003426022136888787,1.552209932030403e-30,0.0,-0.008834485534635558
428.2,0.003504756127015721,1.552209932030403e-30,0.0,0.003936699506350258
428.22,0.003374612694055531,1.552209932030403e-30,0.0,-0.00650717164799692
428.24,0.003545425054561581,1.552209932030403e-30,0.0,0.008540618025310271
428.26,0.0034120564817040895,1.552209932030403e-30,0.0,-0.0066684286428806425
428.28,0.0028263158467311785,1.552209932030403e-30,0.0,-0.029287031748672195
428.3,0.00236852935992583,1.552209932030403e-30,0.0,-0.02288932434022319
428.32,0.002044140597184066,1.552209932030403e-30,0.0,-0.016219438137102957
428.34,0.0024176670338217337,1.552209932030403e-30,0.0,0.01867632183190038
428.36,0.0027866365624205037,1.552209932030403e-30,0.0,0.018448476429902855
428.38,0.002451562498007194,1.552209932030403e-30,0.0,-0.016753703220680722
428.4,0.0026427693111994517,1.552209932030403e-30,0.0,0.00956034065962157
428.42,0.00261113418213286,1.552209932030403e-30,0.0,-0.0015817564533265134
428.44,0.0021978923067259067,1.552209932030403e-30,0.0,-0.02066209377036647
428.46,0.002519588955865914,1.552209932030403e-30,0.0,0.016084832457014996
428.48,0.002598625695356444,1.552209932030403e-30,0.0,0.003951836974518883
428.5,0.0029982084762937926,1.552209932030403e-30,0.0,0.01997913904688559
428.52,0.003539195783623573,1.552209932030403e-30,0.0,0.027049365366513606
428.54,0.003499823850426138,1.552209932030403e-30,0.0,-0.001968596659867937
428.56,0.0036552713474158264,1.552209932030403e-30,0.0,0.007772374849491488
428.58,0.0034731818745786067,1.552209932030403e-30,0.0,-0.009104473641869277
428.6,0.0032662349105647727,1.552209932030403e-30,0.0,-0.010347348200671697
428.62,0.0033481838103872606,1.552209932030403e-30,0.0,0.004097444991128115
428.64,0.0031811948027762778,1.552209932030403e-30,0.0,-0.008349450380556732
428.66,0.003187324453992578,1.552209932030403e-30,0.0,0.0003064825608144074
428.68,0.0032683839212391177,1.552209932030403e-30,0.0,0.004052973362330675
428.7,0.0034518132164119064,1.552209932030403e-30,0.0,0.009171464758647788
428.72,0.0037056523538304964,1.552209932030403e-30,0.0,0.012691956870904963
428.74,0.003261957789862753,1.552209932030403e-30,0.0,-0.022184728198407333
428.76,0.00340400316537259,1.552209932030403e-30,0.0,0.0071022687754982924
428.78,0.0039995430935477,1.552209932030403e-30,0.0,0.029776996408782615
428.8,0.00409999115971607,1.552209932030403e-30,0.0,0.005022403308408799
428.82,0.004074589281771909,1.552209932030403e-30,0.0,-0.0012700938972092153
428.84,0.0036196752154224014,1.552209932030403e-30,0.0,-0.022745703317496046
428.86,0.004019723746989496,1.552209932030403e-30,0.0,0.020002426578316072
428.88,0.004031351045768728,1.552209932030403e-30,0.0,0.0005813649389621452
428.9,0.003310819230619542,1.552209932030403e-30,0.0,-0.03602659075749207
428.92,0.0034430654233433733,1.552209932030403e-30,0.0,0.006612309636178776
428.94,0.004146190987457535,1.552209932030403e-30,0.0,0.03515627820574007
428.96,0.0042332812001187785,1.552209932030403e-30,0.0,0.004354510633066135
428.98,0.004691267585181546,1.552209932030403e-30,0.0,0.022899319253094148
429.0,0.004604393693946302,1.552209932030403e-30,0.0,-0.00434369456176613
429.02,0.004431809330539145,1.552209932030403e-30,0.0,-0.008629218170365717
429.04,0.004463509469299809,1.552209932030403e-30,0.0,0.0015850069380301626
429.06,0.005114341757732706,1.552209932030403e-30,0.0,0.03254161442167447
429.08,0.00530160546532642,1.552209932030403e-30,0.0,0.009363185379694198
429.1,0.00552572399383444,1.552209932030403e-30,0.0,0.011205926425379365
429.12,0.005571482009343475,1.552209932030403e-30,0.0,0.002287900775453821
429.14,0.005293074059695459,1.552209932030403e-30,0.0,-0.013920397482413457
429.16,0.00529509568668975,1.552209932030403e-30,0.0,0.0001010813497143539
429.18,0.0054088991725866785,1.552209932030403e-30,0.0,0.0056901742948516154
429.2,0.005387340257574655,1.552209932030403e-30,0.0,-0.0010779457506021244
429.22,0.005161147865042127,1.552209932030403e-30,0.0,-0.011309619626604544
429.24,0.00449280605885768,1.552209932030403e-30,0.0,-0.033417090309252745
429.26,0.0049008078200707015,1.552209932030403e-30,0.0,0.020400088060669636
429.28,0.0052507656860488515,1.552209932030403e-30,0.0,0.01749789329892342
429.3,0.005248945804240435,1.552209932030403e-30,0.0,-9.09940904206407e-05
429.32,0.00540805152674842,1.552209932030403e-30,0.0,0.007955286125406455
429.34,0.004857417225129235,1.552209932030403e-30,0.0,-0.027531715080984297
429.36,0.005659285198289248,1.552209932030403e-30,0.0,0.04009339865792317
429.38,0.005506847466740041,1.552209932030403e-30,0.0,-0.007621886577467266
429.4,0.006069431786177722,1.552209932030403e-30,0.0,0.028129215971909628
429.42,0.005819687466634219,1.552209932030403e-30,0.0,-0.012487215977151028
429.44,0.006020503677212693,1.552209932030403e-30,0.0,0.010040810528932843
429.46,0.005572433883517473,1.552209932030403e-30,0.0,-0.022403489684781386
429.48,0.0057120611277453,1.552209932030403e-30,0.0,0.006981362211377843
429.5,0.006151151797921117,1.552209932030403e-30,0.0,0.02195453350881085
429.52,0.006405935784864657,1.552209932030403e-30,0.0,0.012739199347188592
429.54,0.006191615797405682,1.552209932030403e-30,0.0,-0.01071599937292802
429.56,0.005866682273604488,1.552209932030403e-30,0.0,-0.016246676190074503
429.58,0.005545516905944454,1.552209932030403e-30,0.0,-0.01605826838301626
429.6,0.005731399055727073,1.552209932030403e-30,0.0,0.009294107489112961
429.62,0.005913064926754419,1.552209932030403e-30,0.0,0.009083293551375575
429.64,0.006460272201472618,1.552209932030403e-30,0.0,0.027360363735934812
429.66,0.006181366568662353,1.552209932030403e-30,0.0,-0.013945281640486291
429.68,0.005911890419065594,1.552209932030403e-30,0.0,-0.01347380747985022
429.7,0.005601608678526482,1.552209932030403e-30,0.0,-0.015514087026969723
429.72,0.0065162917621565866,1.552209932030403e-30,0.0,0.045734154181416846
429.74,0.006461686946505974,1.552209932030403e-30,0.0,-0.002730240782533132
429.76,0.006505436860941516,1.552209932030403e-30,0.0,0.0021874957217790873
429.78,0.006753919460557476,1.552209932030403e-30,0.0,0.012424129980809325
429.8,0.00662968458991301,1.552209932030403e-30,0.0,-0.006211743532211303
429.82,0.0064423530696651335,1.552209932030403e-30,0.0,-0.009366576012402364
429.84,0.006321832351581001,1.552209932030403e-30,0.0,-0.006026035904212133
429.86,0.006526508828397854,1.552209932030403e-30,0.0,0.010233823840822902
429.88,0.006399481716112785,1.552209932030403e-30,0.0,-0.006351355614259254
429.9,0.006478996065314341,1.552209932030403e-30,0.0,0.003975717460081387
429.92,0.006295547873111627,1.552209932030403e-30,0.0,-0.00917240961011797
429.94,0.006057768905537981,1.552209932030403e-30,0.0,-0.011888948378693085
429.96,0.006071845112444551,1.552209932030403e-30,0.0,0.0007038103453291257
429.98,0.005805749472578864,1.552209932030403e-30,0.0,-0.013304781993258663
430.0,0.005459548091303892,1.552209932030403e-30,0.0,-0.017310069063764307
430.02,0.005322446450178441,1.552209932030403e-30,0.0,-0.006855082056278778
430.04,0.006016370151723429,1.552209932030403e-30,0.0,0.034696185077182334
430.06,0.005973896536216035,1.552209932030403e-30,0.0,-0.002123680775371616
430.08,0.005893158584947447,1.552209932030403e-30,0.0,-0.004036897563433071
430.1,0.005535707826963261,1.552209932030403e-30,0.0,-0.01787253789917478
430.12,0.005526813708027891,1.552209932030403e-30,0.0,-0.00044470594676891386
430.14,0.004768602642301708,1.552209932030403e-30,0.0,-0.03791055328634365
430.16,0.00342239391287871,1.552209932030403e-30,0.0,-0.06731043647101981
430.18,0.00402620917837474,1.552209932030403e-30,0.0,0.030190763274828933
430.2,0.004154252677308626,1.552209932030403e-30,0.0,0.0064021749467001255
430.22,0.004320809500069394,1.552209932030403e-30,0.0,0.008327841138022339
430.24,0.004090086614882368,1.552209932030403e-30,0.0,-0.011536144259361789
430.26,0.00450921569970816,1.552209932030403e-30,0.0,0.02095645424130867
430.28,0.00508708450024708,1.552209932030403e-30,0.0,0.028893440026972313
430.3,0.005111990604825534,1.552209932030403e-30,0.0,0.0012453052289202494
430.32,0.005272986948240459,1.552209932030403e-30,0.0,0.008049817170753589
430.34,0.0053530933518886525,1.552209932030403e-30,0.0,0.004005320182413349
430.36,0.004620971492508017,1.552209932030403e-30,0.0,-0.03660609296896104
430.38,0.004203610027233798,1.552209932030403e-30,0.0,-0.020868073263729952
430.4,0.004383277993580647,1.552209932030403e-30,0.0,0.00898339831735063
430.42,0.004131323312057675,1.552209932030403e-30,0.0,-0.012597734076124278
430.44,0.004792273139074739,1.552209932030403e-30,0.0,0.03304749135088329
430.46,0.004932320364493728,1.552209932030403e-30,0.0,0.007002361270955834
430.48,0.004722812652994557,1.552209932030403e-30,0.0,-0.010475385574938339
430.5,0.004046348506594895,1.552209932030403e-30,0.0,-0.03382320732001383
430.52,0.004153416987972438,1.552209932030403e-30,0.0,0.005353424068882008
430.54,0.003932420601185435,1.552209932030403e-30,0.0,-0.011049819339328837
430.56,0.003567959618192693,1.552209932030403e-30,0.0,-0.01822304914965366
430.58,0.0032312103120326367,1.552209932030403e-30,0.0,-0.016837465308018145
430.6,0.0034218500201983657,1.552209932030403e-30,0.0,0.009531985408268034
430.62,0.003035099565593524,1.552209932030403e-30,0.0,-0.01933752273025967
430.64,0.002748977107551464,1.552209932030403e-30,0.0,-0.014306122902116032
430.66,0.0033544685199760433,1.552209932030403e-30,0.0,0.030274570621170466
430.68,0.003501077538064536,1.552209932030403e-30,0.0,0.007330450904431297
430.7,0.003252432945140018,1.552209932030403e-30,0.0,-0.012432229646237207
430.72,0.002643206156662831,1.552209932030403e-30,0.0,-0.03046133942380047
430.74,0.0026338378823884704,1.552209932030403e-30,0.0,-0.00046841371371846637
430.76,0.0027097854227011923,1.552209932030403e-30,0.0,0.003797377015639555
430.78,0.0025642267356949027,1.552209932030403e-30,0.0,-0.007277934350321106
430.8,0.0022234923283574667,1.552209932030403e-30,0.0,-0.01703672036683887
430.82,0.0019170846368882276,1.552209932030403e-30,0.0,-0.01532038457347589
430.84,0.0014683112267962369,1.552209932030403e-30,0.0,-0.022438670504619944
430.86,0.0014881395254923147,1.552209932030403e-30,0.0,0.0009914149348019782
430.88,0.0015131567475898536,1.552209932030403e-30,0.0,0.001250861104878083
430.9,0.0014599311902589107,1.552209932030403e-30,0.0,-0.0026612778665495674
430.92,0.0015164107377769946,1.552209932030403e-30,0.0,0.0028239773758987415
430.94,0.001923549405717249,1.552209932030403e-30,0.0,0.02035693339703123
430.96,0.0015178033282158892,1.552209932030403e-30,0.0,-0.020287303875086433
430.98,0.0012501603704169208,1.552209932030403e-30,0.0,-0.01338214788992256
431.0,0.0014598180598852796,1.552209932030403e-30,0.0,0.010482884473427476
431.02,0.0012485192119205781,1.552209932030403e-30,0.0,-0.010564942398244678
431.04,0.0013520011194967801,1.552209932030403e-30,0.0,0.005174095378800103
431.06,0.0017601687757375518,1.552209932030403e-30,0.0,0.020408382812057143
431.08,0.001809017354840819,1.552209932030403e-30,0.0,0.0024424289551655855
431.1,0.0021247284021615447,1.552209932030403e-30,0.0,0.01578555236600578
431.12,0.0021416277248193154,1.552209932030403e-30,0.0,0.0008449661328892948
431.14,0.0026660133076733443,1.552209932030403e-30,0.0,0.026219279142725302
431.16,0.0028607346829702474,1.552209932030403e-30,0.0,0.009736068764826328
431.18,0.002356600772072873,1.552209932030403e-30,0.0,-0.025206695544891643
431.2,0.0026085448952432957,1.552209932030403e-30,0.0,0.012597206158532596
431.22,0.0022545802611552276,1.552209932030403e-30,0.0,-0.017698231704369193
431.24,0.0019713290839650757,1.552209932030403e-30,0.0,-0.014162558859520467
431.26,0.002278242211182728,1.552209932030403e-30,0.0,0.015345656360896583
431.28,0.002195474356916986,1.552209932030403e-30,0.0,-0.00413839271329087
431.3,0.0028064129757739828,1.552209932030403e-30,0.0,0.030546930942790793
431.32,0.0026676453809033034,1.552209932030403e-30,0.0,-0.006938379743540288
431.34,0.0016788939035886979,1.552209932030403e-30,0.0,-0.04943757386577524
431.36,0.0012597379947325345,1.552209932030403e-30,0.0,-0.020957795442767668
431.38,0.001882114066207837,1.552209932030403e-30,0.0,0.031118803573793423
431.4,0.002236257951471927,1.552209932030403e-30,0.0,0.01770719426322061
431.42,0.0021714639223134914,1.552209932030403e-30,0.0,-0.0032397014579155095
431.44,0.002469460287967698,1.552209932030403e-30,0.0,0.014899818282723878
431.46,0.0021633268132020085,1.552209932030403e-30,0.0,-0.015306673738298396
431.48,0.0017434114424729232,1.552209932030403e-30,0.0,-0.02099576853641369
431.5,0.001300378440076637,1.552209932030403e-30,0.0,-0.022151650119834457
431.52,0.0006926726452180942,1.552209932030403e-30,0.0,-0.03038528974295478
431.54,0.00011352766718642382,1.552209932030403e-30,0.0,-0.028957248901527552
431.56,-2.5255570669917965e-05,1.552209932030403e-30,0.0,-0.0069391618928234
431.58,0.00017197349305189227,1.552209932030403e-30,0.0,0.00986145318609948
431.6,0.0003500138904125419,1.552209932030403e-30,0.0,0.008902019868015277
431.62,0.0006581797342391529,1.552209932030403e-30,0.0,0.015408292191344566
431.64,0.0011614200471867647,1.552209932030403e-30,0.0,0.02516201564740347
431.66,0.001124386777144585,1.552209932030403e-30,0.0,-0.001851663502105411
431.68,0.00031274345387887815,1.552209932030403e-30,0.0,-0.040582166163322254
431.7,0.00012313204970989457,1.552209932030403e-30,0.0,-0.009480570208457802
431.72,-0.00010166394802622677,1.552209932030403e-30,0.0,-0.011239799886784344
431.74,0.00021993680729760824,1.552209932030403e-30,0.0,0.016080037766206375
431.76,-3.2812352824292443e-05,1.552209932030403e-30,0.0,-0.012637458006106527
431.78,-0.00015431816624331444,1.552209932030403e-30,0.0,-0.006075290670956626
431.8,0.0001363847907474091,1.552209932030403e-30,0.0,0.014535147849508084
431.82,-0.0006344921819748207,1.552209932030403e-30,0.0,-0.038543848636146544
431.84,-0.0006455527778753558,1.552209932030403e-30,0.0,-0.0005530297950272574
431.86,-0.0018005003671953397,1.552209932030403e-30,0.0,-0.05774737946588759
431.88,-0.002408358684604266,1.552209932030403e-30,0.0,-0.03039291587047394
431.9,-0.0021632577917878137,1.552209932030403e-30,0.0,0.012255044640833757
431.92,-0.0018206829368679729,1.552209932030403e-30,0.0,0.01712874274595894
431.94,-0.001264405915587713,1.552209932030403e-30,0.0,0.027813851064038293
431.96,-0.0019371640214727328,1.552209932030403e-30,0.0,-0.03363790529428159
431.98,-0.001999832304848849,1.552209932030403e-30,0.0,-0.0031334141687997447
432.0,-0.0023101043310681476,1.552209932030403e-30,0.0,-0.01551360131097904
432.02,-0.0024550033058360022,1.552209932030403e-30,0.0,-0.007244948738399326
432.04,-0.0026497268565118647,1.552209932030403e-30,0.0,-0.009736177533774312
432.06,-0.0018917951574486131,1.552209932030403e-30,0.0,0.03789658495319705
432.08,-0.0012278912914301912,1.552209932030403e-30,0.0,0.03319519330095129
432.1,-0.0016641909868578362,1.552209932030403e-30,0.0,-0.02181498477134009
432.12,-0.0019122939011643287,1.552209932030403e-30,0.0,-0.012405145715335908
432.14,-0.0015761397119180528,1.552209932030403e-30,0.0,0.016807709462329082
432.16,-0.001612193522563548,1.552209932030403e-30,0.0,-0.001802690532271282
432.18,-0.0013539117273838074,1.552209932030403e-30,0.0,0.012914089758998779
432.2,-0.0012703555134488925,1.552209932030403e-30,0.0,0.004177810696749544
432.22,-0.0009096419870873317,1.552209932030403e-30,0.0,0.018035676318043183
432.24,-0.0016483729445609776,1.552209932030403e-30,0.0,-0.03693654787371589
432.26,-0.0011213789173663766,1.552209932030403e-30,0.0,0.026349701359754008
432.28,-0.000985643239412428,1.552209932030403e-30,0.0,0.006786783897703596
432.3,-0.0008989312099329036,1.552209932030403e-30,0.0,0.004335601473967842
432.32,-0.0011272823596254178,1.552209932030403e-30,0.0,-0.011417557484636093
432.34,-0.0008580650252959375,1.552209932030403e-30,0.0,0.01346086671648626
432.36,-0.0005534287953159328,1.552209932030403e-30,0.0,0.015231811498970795
432.38,-0.0004046387917195745,1.552209932030403e-30,0.0,0.007439500179824683
432.4,-0.0013826281832778464,1.552209932030403e-30,0.0,-0.04889946957795807
432.42,-0.0014957769319774267,1.552209932030403e-30,0.0,-0.005657437434968081
432.44,-0.0015849225735180964,1.552209932030403e-30,0.0,-0.004457282077037532
432.46,-0.0012956797746186534,1.552209932030403e-30,0.0,0.014462139944985306
432.48,-0.002362346810185878,1.552209932030403e-30,0.0,-0.05333335177825816
432.5,-0.00180941186478631,1.552209932030403e-30,0.0,0.027646747270003547
432.52,-0.001919953310899,1.552209932030403e-30,0.0,-0.005527072305639527
432.54,-0.002493486482827797,1.552209932030403e-30,0.0,-0.028676658596384418
432.56,-0.0028604772062859325,1.552209932030403e-30,0.0,-0.01834953617292347
432.58,-0.0029807521124420176,1.552209932030403e-30,0.0,-0.006013745307809733
432.6,-0.002774547619377328,1.552209932030403e-30,0.0,0.010310224653214548
432.62,-0.0030904280478599717,1.552209932030403e-30,0.0,-0.015794021424146553
432.64,-0.0032069462441501116,1.552209932030403e-30,0.0,-0.005825909814512285
432.66,-0.003843084853400652,1.552209932030403e-30,0.0,-0.031806930462465535
432.68,-0.003990220260479695,1.552209932030403e-30,0.0,-0.0073567703539588695
432.7,-0.004677093895204994,1.552209932030403e-30,0.0,-0.03434368173629617
432.72,-0.0037115205072374923,1.552209932030403e-30,0.0,0.048278669398281765
432.74,-0.003671611655882439,1.552209932030403e-30,0.0,0.0019954425677544746
432.76,-0.0036907433044176753,1.552209932030403e-30,0.0,-0.0009565824267626919
432.78,-0.0030517251680490048,1.552209932030403e-30,0.0,0.031950906818462584
432.8,-0.002639978652209665,1.552209932030403e-30,0.0,0.020587325791927187
432.82,-0.0028471252618670513,1.552209932030403e-30,0.0,-0.010357330482878735
432.84,-0.0025675495937269965,1.552209932030403e-30,0.0,0.013978783407015444
432.86,-0.0024249168159214836,1.552209932030403e-30,0.0,0.00713163889026187
432.88,-0.002682901070225269,1.552209932030403e-30,0.0,-0.012899212715200985
432.9,-0.0021458960669457705,1.552209932030403e-30,0.0,0.026850250163999348
432.92,-0.0026790122952833903,1.552209932030403e-30,0.0,-0.026655811416829482
432.94,-0.0021652166665833117,1.552209932030403e-30,0.0,0.025689781435027297
432.96,-0.0022541984164237915,1.552209932030403e-30,0.0,-0.004449087492028042
432.98,-0.002348529312934599,1.552209932030403e-30,0.0,-0.0047165448255312645
433.0,-0.002796778854935053,1.552209932030403e-30,0.0,-0.02241247710004308
433.02,-0.002470375452069008,1.552209932030403e-30,0.0,0.016320170143317093
433.04,-0.002894385491876569,1.552209932030403e-30,0.0,-0.021200501990337083
433.06,-0.002528417355257141,1.552209932030403e-30,0.0,0.018298406830988066
433.08,-0.0023404612973421494,1.552209932030403e-30,0.0,0.009397802895758114
433.1,-0.0022061859094270222,1.552209932030403e-30,0.0,0.006713769395743383
433.12,-0.0013978506834966369,1.552209932030403e-30,0.0,0.04041676129655603
433.14,-0.0005252779735240905,1.552209932030403e-30,0.0,0.043628635498666996
433.16,0.00014745706667186446,1.552209932030403e-30,0.0,0.03363675200973274
433.18,0.00035006974854500425,1.552209932030403e-30,0.0,0.010130634093666203
433.2,-0.0001450050080763713,1.552209932030403e-30,0.0,-0.02475373783109129
433.22,0.00014653927151408536,1.552209932030403e-30,0.0,0.01457721397949466
433.24,-0.00023456613026916678,1.552209932030403e-30,0.0,-0.019055270089179937
433.26,-0.0003548420445230314,1.552209932030403e-30,0.0,-0.006013795712698698
433.28,7.940175596345372e-05,1.552209932030403e-30,0.0,0.021712190024344002
433.3,0.0002684275943582625,1.552209932030403e-30,0.0,0.009451291919722172
433.32,-0.00016974009114202062,1.552209932030403e-30,0.0,-0.021908384275034082
433.34,-0.00035023686675242534,1.552209932030403e-30,0.0,-0.009024838780528446
433.36,0.0004221364355204894,1.552209932030403e-30,0.0,0.0386186651135711
433.38,0.00027491624250696313,1.552209932030403e-30,0.0,-0.007361009650683009
433.4,-4.699866792018186e-05,1.552209932030403e-30,0.0,-0.016095745521371888
433.42,5.631069838002065e-05,1.552209932030403e-30,0.0,0.005165468315000143
433.44,-0.00023841479363039176,1.552209932030403e-30,0.0,-0.014736274600534022
433.46,-0.00020839956553363802,1.552209932030403e-30,0.0,0.0015007614048390522
433.48,-0.0006933697565012756,1.552209932030403e-30,0.0,-0.024248509548335014
433.5,-0.0008674926755547055,1.552209932030403e-30,0.0,-0.008706145952679411
433.52,-0.000984308641954555,1.552209932030403e-30,0.0,-0.005840798319997787
433.54,-0.001227948758469955,1.552209932030403e-30,0.0,-0.01218200582574646
433.56,-0.0016787446066890907,1.552209932030403e-30,0.0,-0.022539792410977286
433.58,-0.001533075132375129,1.552209932030403e-30,0.0,0.007283473715704714
433.6,-0.002099932487546698,1.552209932030403e-30,0.0,-0.028342867758523665
433.62,-0.0021687329912341985,1.552209932030403e-30,0.0,-0.0034400251843781614
433.64,-0.0022682389145216456,1.552209932030403e-30,0.0,-0.00497529616437689
433.66,-0.0019465472024809065,1.552209932030403e-30,0.0,0.016084585602005867
433.68,-0.002038917247341666,1.552209932030403e-30,0.0,-0.004618502243042194
433.7,-0.0023607935935743177,1.552209932030403e-30,0.0,-0.016093817311647204
433.72,-0.0029665862978736795,1.552209932030403e-30,0.0,-0.030289635214909547
433.74,-0.0022265538083833985,1.552209932030403e-30,0.0,0.037001624474547704
433.76,-0.0013914971915254676,1.552209932030403e-30,0.0,0.04175283084293452
433.78,-0.0017505825444190145,1.552209932030403e-30,0.0,-0.01795426764469368
433.8,-0.0017524651425106503,1.552209932030403e-30,0.0,-9.412990458161248e-05
433.82,-0.002090227670139664,1.552209932030403e-30,0.0,-0.016888126381466036
433.84,-0.0021926013238406,1.552209932030403e-30,0.0,-0.005118682685051461
433.86,-0.002021947962924149,1.552209932030403e-30,0.0,0.008532668045806059
433.88,-0.0022368971181874957,1.552209932030403e-30,0.0,-0.010747457763177105
433.9,-0.0021672652832561133,1.552209932030403e-30,0.0,0.0034815917465722854
433.92,-0.0025966522108134965,1.552209932030403e-30,0.0,-0.021469346377827662
433.94,-0.0022661729904117026,1.552209932030403e-30,0.0,0.016523961020104717
433.96,-0.002085207964238087,1.552209932030403e-30,0.0,0.009048251308689012
433.98,-0.0024203055259970625,1.552209932030403e-30,0.0,-0.016754878087916397
434.0,-0.002473962162632462,1.552209932030403e-30,0.0,-0.0026828318317724054
434.02,-0.002774367014314299,1.552209932030403e-30,0.0,-0.015020242584105519
434.04,-0.0026367185694943203,1.552209932030403e-30,0.0,0.006882422240985639
434.06,-0.001860045641589458,1.552209932030403e-30,0.0,0.03883364639527843
434.08,-0.0020853613825574497,1.552209932030403e-30,0.0,-0.011265787048409819
434.1,-0.0025331939105713015,1.552209932030403e-30,0.0,-0.022391626400649324
434.12,-0.0019120746460143953,1.552209932030403e-30,0.0,0.03105596322787356
434.14,-0.0013666741478389002,1.552209932030403e-30,0.0,0.027270024908799557
434.16,-0.0009968157524007956,1.552209932030403e-30,0.0,0.018492919771869495
434.18,-0.0013618714549532996,1.552209932030403e-30,0.0,-0.018252785127641797
434.2,-0.0009219170430870248,1.552209932030403e-30,0.0,0.021997720593333745
434.22,-0.0007940681552895159,1.552209932030403e-30,0.0,0.0063924443898630895
434.24,-0.0013056367466862478,1.552209932030403e-30,0.0,-0.025578429569859857
434.26,-0.0015104680080483784,1.552209932030403e-30,0.0,-0.010241563068115845
434.28,-0.0012313022000240443,1.552209932030403e-30,0.0,0.013958290401229407
434.3,-0.0011189569711484216,1.552209932030403e-30,0.0,0.005617261443770281
434.32,-0.0008659711708673395,1.552209932030403e-30,0.0,0.012649290014065614
434.34,-0.0009042088337319242,1.552209932030403e-30,0.0,-0.0019118831432309742
434.36,-0.0012208479883565025,1.552209932030403e-30,0.0,-0.015831957731198314
434.38,-0.0014179961761545655,1.552209932030403e-30,0.0,-0.00985740938991211
434.4,-0.0014252609747042292,1.552209932030403e-30,0.0,-0.00036323992748351594
434.42,-0.001603008935023902,1.552209932030403e-30,0.0,-0.00888739801596646
434.44,-0.0010830246808925972,1.552209932030403e-30,0.0,0.025999212706588892
434.46,-0.0001676026060453427,1.552209932030403e-30,0.0,0.045771103742404354
434.48,-0.00014831317280723344,1.552209932030403e-30,0.0,0.0009644716619035992
434.5,-0.0003384761190639874,1.552209932030403e-30,0.0,-0.009508147312846346
434.52,-0.0007187992414154357,1.552209932030403e-30,0.0,-0.01901615611758971
434.54,-0.00015713476967472724,1.552209932030403e-30,0.0,0.02808322358698115
434.56,-0.0001025604706510004,1.552209932030403e-30,0.0,0.0027287149511888236
434.58,-0.0006919701263160651,1.552209932030403e-30,0.0,-0.02947048278328004
434.6,-0.00045417456290172074,1.552209932030403e-30,0.0,0.01188977817069424
434.62,-0.0006652252754956261,1.552209932030403e-30,0.0,-0.010552535629704863
434.64,-0.0011533187125024114,1.552209932030403e-30,0.0,-0.02440467185036146
434.66,-0.0016221408240322537,1.552209932030403e-30,0.0,-0.023441105576446814
434.68,-0.00103766571661523,1.552209932030403e-30,0.0,0.02922375537087777
434.7,-0.0012130860025286478,1.552209932030403e-30,0.0,-0.008771014295678876
434.72,-0.0013167061865684841,1.552209932030403e-30,0.0,-0.005181009201981809
434.74,-0.0013769138566035555,1.552209932030403e-30,0.0,-0.003010383501756308
434.76,-0.001222623131740546,1.552209932030403e-30,0.0,0.007714536243157495
434.78,-0.0010479597589214352,1.552209932030403e-30,0.0,0.00873316864096348
434.8,-0.0008565374446298129,1.552209932030403e-30,0.0,0.009571115714562619
434.82,-0.00044409659867622063,1.552209932030403e-30,0.0,0.02062204229769837
434.84,-0.0006711600695810099,1.552209932030403e-30,0.0,-0.01135317354524979
434.86,-0.0006037611460128786,1.552209932030403e-30,0.0,0.0033699461784000516
434.88,-0.0003597364821142964,1.552209932030403e-30,0.0,0.012201233194940209
434.9,-0.00046475112164203375,1.552209932030403e-30,0.0,-0.005250731976391643
434.92,-0.0006524756267505355,1.552209932030403e-30,0.0,-0.009386225255406945
434.94,-0.0007004923628225467,1.552209932030403e-30,0.0,-0.002400836803602744
434.96,-0.0007509731632588287,1.552209932030403e-30,0.0,-0.0025240400218163967
434.98,-0.0006400933518190618,1.552209932030403e-30,0.0,0.005543990571977627
435.0,-0.0007305254265179352,1.552209932030403e-30,0.0,-0.004521603734947781
435.02,-0.001020892367768858,1.552209932030403e-30,0.0,-0.014518347062559342
435.04,-0.0011011660790379279,1.552209932030403e-30,0.0,-0.004013685563445746
435.06,-0.0011727242251282533,1.552209932030403e-30,0.0,-0.003577907304519523
435.08,-0.0011872994928230317,1.552209932030403e-30,0.0,-0.0007287633847395784
435.1,-0.0011460653641941908,1.552209932030403e-30,0.0,0.0020617064314380567
435.12,-0.0006807842198683098,1.552209932030403e-30,0.0,0.02326405721631521
435.14,-0.0009405852247191885,1.552209932030403e-30,0.0,-0.012990050242555751
435.16,-0.0008988723200892757,1.552209932030403e-30,0.0,0.002085645231491611
435.18,-0.0012429783890769057,1.552209932030403e-30,0.0,-0.017205303449397153
435.2,-0.0014632091692848462,1.552209932030403e-30,0.0,-0.01101153901040704
435.22,-0.0010825031692026832,1.552209932030403e-30,0.0,0.019035300004071356
435.24,-0.0012796428182330038,1.552209932030403e-30,0.0,-0.009856982451524995
435.26,-0.0013272215774553272,1.552209932030403e-30,0.0,-0.002378937961118332
435.28,-0.0014304755094824303,1.552209932030403e-30,0.0,-0.005162696601359853
435.3,-0.0014953848341214175,1.552209932030403e-30,0.0,-0.0032454662319430943
435.32,-0.001268923152517659,1.552209932030403e-30,0.0,0.011323084080198227
435.34,-0.0013824400654389294,1.552209932030403e-30,0.0,-0.005675845646068679
435.36,-0.000781695578903827,1.552209932030403e-30,0.0,0.030037224326697066
435.38,-0.00025955760620219293,1.552209932030403e-30,0.0,0.026106898635105447
435.4,-0.0003180013688779934,1.552209932030403e-30,0.0,-0.002922188133792681
435.42,-0.0010034118197441034,1.552209932030403e-30,0.0,-0.03427052254323926
435.44,-0.0012634128431076865,1.552209932030403e-30,0.0,-0.01300005116819098
435.46,-0.001949266906658851,1.552209932030403e-30,0.0,-0.03429270317758941
435.48,-0.002376327210770343,1.552209932030403e-30,0.0,-0.021353015205533343
435.5,-0.0015692187203691736,1.552209932030403e-30,0.0,0.040355424520095176
435.52,-0.001282134581141958,1.552209932030403e-30,0.0,0.014354206961373841
435.54,-0.0012449585046853074,1.552209932030403e-30,0.0,0.001858803822828938
435.56,-0.0014437489444828829,1.552209932030403e-30,0.0,-0.009939521989887814
435.58,-0.001011786771973321,1.552209932030403e-30,0.0,0.021598108625497738
435.6,-0.00021534999091942582,1.552209932030403e-30,0.0,0.0398218390526178
435.62,-4.030265615585771e-05,1.552209932030403e-30,0.0,0.008752366738186365
435.64,-0.0005269881699135589,1.552209932030403e-30,0.0,-0.024334275687907192
435.66,-0.0005584034182628015,1.552209932030403e-30,0.0,-0.0015707624174590956
435.68,-0.0003204956435676532,1.552209932030403e-30,0.0,0.011895388734768236
435.7,-0.0001300176761825152,1.552209932030403e-30,0.0,0.00952389836926556
435.72,-0.0005863995505238248,1.552209932030403e-30,0.0,-0.02281909371702138
435.74,-0.00047478282636360524,1.552209932030403e-30,0.0,0.005580836208016053
435.76,-0.0004664206484636348,1.552209932030403e-30,0.0,0.00041810889499890245
435.78,4.898615440600702e-05,1.552209932030403e-30,0.0,0.02577034014350553
435.8,3.763448778904597e-05,1.552209932030403e-30,0.0,-0.0005675833308469556
435.82,6.509962331531665e-05,1.552209932030403e-30,0.0,0.0013732567763147826
435.84,5.978655151069575e-05,1.552209932030403e-30,0.0,-0.00026565359023128645
435.86,1.444894415462576e-05,1.552209932030403e-30,0.0,-0.002266880367799118
435.88,7.25215167326091e-05,1.552209932030403e-30,0.0,0.0029036286289018083
435.9,3.35469543050394e-05,1.552209932030403e-30,0.0,-0.0019487281213802575
435.92,0.0007390773523812975,1.552209932030403e-30,0.0,0.03527651990374473
435.94,0.0010847487609562134,1.552209932030403e-30,0.0,0.017283570428761514
435.96,0.0010175212004185604,1.552209932030403e-30,0.0,-0.0033613780268857063
435.98,0.0011258858337025897,1.552209932030403e-30,0.0,0.005418231664190987
436.0,0.0015216669185704756,1.552209932030403e-30,0.0,0.019789054243412294
436.02,0.0008938437347782984,1.552209932030403e-30,0.0,-0.03139115918963741
436.04,0.0012316451870110344,1.552209932030403e-30,0.0,0.01689007261160416
436.06,0.0014469981130863813,1.552209932030403e-30,0.0,0.010767646303777134
436.08,0.0013071748952617087,1.552209932030403e-30,0.0,-0.006991160891239994
436.1,0.0017590539149619654,1.552209932030403e-30,0.0,0.02259395098496917
436.12,0.0023515234655798857,1.552209932030403e-30,0.0,0.02962347753092295
436.14,0.0020353291787383937,1.552209932030403e-30,0.0,-0.015809714342088988
436.16,0.0024572748794489726,1.552209932030403e-30,0.0,0.02109728503548818
436.18,0.0027803000057054004,1.552209932030403e-30,0.0,0.016151256312836076
436.2,0.0027731413311778376,1.552209932030403e-30,0.0,-0.00035793372637847387
436.22,0.0032768590428019287,1.552209932030403e-30,0.0,0.025185885581155882
436.24,0.0026789072401362784,1.552209932030403e-30,0.0,-0.0298975901333097
436.26,0.0027113167787262012,1.552209932030403e-30,0.0,0.0016204769294976052
436.28,0.002821492011213693,1.552209932030403e-30,0.0,0.005508761624379582
436.3,0.0029135066205426222,1.552209932030403e-30,0.0,0.004600730466437582
436.32,0.002291606329559444,1.552209932030403e-30,0.0,-0.031095014549187214
436.34,0.0015647758114648446,1.552209932030403e-30,0.0,-0.03634152590476302
436.36,0.0016523090829886533,1.552209932030403e-30,0.0,0.004376663576181979
436.38,0.0014147248555932735,1.552209932030403e-30,0.0,-0.011879211369779794
436.4,0.0015077662599274403,1.552209932030403e-30,0.0,0.004652070216712565
436.42,0.0017935097193278937,1.552209932030403e-30,0.0,0.014287172969995064
436.44,0.0011574742765286185,1.552209932030403e-30,0.0,-0.03180177213999268
436.46,0.0014861821611590281,1.552209932030403e-30,0.0,0.01643539423153543
436.48,0.0013850034660031596,1.552209932030403e-30,0.0,-0.0050589347577836554
436.5,0.001570263502690627,1.552209932030403e-30,0.0,0.0092630018343818
436.52,0.0018129968106209327,1.552209932030403e-30,0.0,0.012136665396526318
436.54,0.0020498372865480124,1.552209932030403e-30,0.0,0.011842023796331097
436.56,0.00206959488605508,1.552209932030403e-30,0.0,0.000987879975354287
436.58,0.0018646533472380649,1.552209932030403e-30,0.0,-0.010247076940860085
436.6,0.0020424875738604214,1.552209932030403e-30,0.0,0.008891711331100642
436.62,0.0016837908631831319,1.552209932030403e-30,0.0,-0.017934835533880793
436.64,0.0019120025826221524,1.552209932030403e-30,0.0,0.01141058597196141
436.66,0.0016719576832473597,1.552209932030403e-30,0.0,-0.012002244968716444
436.68,0.0016499582106064498,1.552209932030403e-30,0.0,-0.001099973632046498
436.7,0.0013909457965182433,1.552209932030403e-30,0.0,-0.012950620704422107
436.72,0.0022664561288928855,1.552209932030403e-30,0.0,0.04377551661864751
436.74,0.002790751665561448,1.552209932030403e-30,0.0,0.026214776833451962
436.76,0.0031527573282959737,1.552209932030403e-30,0.0,0.01810028313674274
436.78,0.002847909798326104,1.552209932030403e-30,0.0,-0.015242376498507354
436.8,0.0024523764244641097,1.552209932030403e-30,0.0,-0.019776668693061484
436.82,0.0028134260286780243,1.552209932030403e-30,0.0,0.018052480210712138
436.84,0.0025671394587146027,1.552209932030403e-30,0.0,-0.012314328498182283
436.86,0.002253513826014227,1.552209932030403e-30,0.0,-0.015681281634988477
436.88,0.002549600292327877,1.552209932030403e-30,0.0,0.014804323315695974
436.9,0.0020264916528578755,1.552209932030403e-30,0.0,-0.026155431973523866
436.92,0.001965480811298858,1.552209932030403e-30,0.0,-0.0030505420779449767
436.94,0.0022322577596567534,1.552209932030403e-30,0.0,0.013338847417906911
436.96,0.0020973393274149985,1.552209932030403e-30,0.0,-0.00674592161209388
436.98,0.002966362397181835,1.552209932030403e-30,0.0,0.04345115348825784
437.0,0.0024463721111467962,1.552209932030403e-30,0.0,-0.025999514301775575
437.02,0.0022317332651934333,1.552209932030403e-30,0.0,-0.010731942297677906
437.04,0.0017371896812442855,1.552209932030403e-30,0.0,-0.024727179197409594
437.06,0.0021123240838771262,1.552209932030403e-30,0.0,0.018756720131659105
437.08,0.00239184127613454,1.552209932030403e-30,0.0,0.013975859612883411
437.1,0.0021522921057217054,1.552209932030403e-30,0.0,-0.011977458520618602
437.12,0.0022711082375360798,1.552209932030403e-30,0.0,0.005940806590724118
437.14,0.0020262112449652278,1.552209932030403e-30,0.0,-0.012244849628553748
437.16,0.002662418237032008,1.552209932030403e-30,0.0,0.03181034960327753
437.18,0.002142227859283907,1.552209932030403e-30,0.0,-0.026009518887428685
437.2,0.0017972388414140342,1.552209932030403e-30,0.0,-0.017249450893509332
437.22,0.001558685342599631,1.552209932030403e-30,0.0,-0.011927674940697115
437.24,0.0014844753682667752,1.552209932030403e-30,0.0,-0.003710498716646156
437.26,0.0009393065048806092,1.552209932030403e-30,0.0,-0.02725844316933309
437.28,0.0009937928130742148,1.552209932030403e-30,0.0,0.00272431540968276
437.3,0.00014381540898081703,1.552209932030403e-30,0.0,-0.04249887020458775
437.32,0.0004961453150115771,1.552209932030403e-30,0.0,0.017616495301554024
437.34,-1.9763258448300962e-05,1.552209932030403e-30,0.0,-0.025795428673017363
437.36,-0.00038661543220686723,1.552209932030403e-30,0.0,-0.018342608687892864
437.38,-0.0001915843264542986,1.552209932030403e-30,0.0,0.0097515552876373
437.4,-0.00021789728687318213,1.552209932030403e-30,0.0,-0.0013156480209453728
437.42,0.0006353554665387803,1.552209932030403e-30,0.0,0.04266263767051567
437.44,0.0004503482143726653,1.552209932030403e-30,0.0,-0.009250362608314161
437.46,0.0006901826336856028,1.552209932030403e-30,0.0,0.011991720965657782
437.48,0.0010053041588874321,1.552209932030403e-30,0.0,0.01575607626006101
437.5,0.001110786942698317,1.552209932030403e-30,0.0,0.005274139190549041
437.52,0.0014091354232259245,1.552209932030403e-30,0.0,0.014917424026393932
437.54,0.0009787420294915447,1.552209932030403e-30,0.0,-0.021519669686677397
437.56,0.0006165817761585917,1.552209932030403e-30,0.0,-0.018108012666664123
437.58,0.0006765093643493691,1.552209932030403e-30,0.0,0.002996379409541598
437.6,7.860056732188116e-06,1.552209932030403e-30,0.0,-0.03343246538079443
437.62,-2.446839426116187e-05,1.552209932030403e-30,0.0,-0.0016164225496689694
437.64,9.470599416377571e-05,1.552209932030403e-30,0.0,0.005958719421252298
437.66,-0.00017479431573997028,1.552209932030403e-30,0.0,-0.013475015495161257
437.68,-0.00028337825040752223,1.552209932030403e-30,0.0,-0.005429196733382535
437.7,-0.0001448296693446882,1.552209932030403e-30,0.0,0.006927429053148001
437.72,-0.000425736475975326,1.552209932030403e-30,0.0,-0.014045340331504745
437.74,-0.000650114715419431,1.552209932030403e-30,0.0,-0.011218911972215454
437.76,0.0005750039259040539,1.552209932030403e-30,0.0,0.06125593206622996
437.78,0.0012528462243542012,1.552209932030403e-30,0.0,0.03389211492253819
437.8,0.001175578207256183,1.552209932030403e-30,0.0,-0.00386340085489344
437.82,0.0013952207574589306,1.552209932030403e-30,0.0,0.010982127510147377
437.84,0.0011992856074919918,1.552209932030403e-30,0.0,-0.009796757498355851
437.86,0.001621410891552445,1.552209932030403e-30,0.0,0.021106264202981867
437.88,0.0015295464847042185,1.552209932030403e-30,0.0,-0.004593220342415496
437.9,0.001340947945095304,1.552209932030403e-30,0.0,-0.009429926980454298
437.92,0.0009662466523584491,1.552209932030403e-30,0.0,-0.018735064636806537
437.94,0.0006488552152546382,1.552209932030403e-30,0.0,-0.01586957185520498
437.96,-2.4338435928525208e-05,1.552209932030403e-30,0.0,-0.03365968255918878
437.98,0.0003169462187736932,1.552209932030403e-30,0.0,0.01706423273507794
438.0,-0.000117316612166897,1.552209932030403e-30,0.0,-0.02171314154704926
438.02,0.00011649367625106885,1.552209932030403e-30,0.0,0.011690514420908925
438.04,0.00016061202106340346,1.552209932030403e-30,0.0,0.002205917240612467
438.06,-0.00026954746212452243,1.552209932030403e-30,0.0,-0.021507974159415858
438.08,-3.498904955556256e-05,1.552209932030403e-30,0.0,0.01172792062845866
438.1,0.00037392649357188194,1.552209932030403e-30,0.0,0.02044577715633271
438.12,0.000825644639865894,1.552209932030403e-30,0.0,0.022585907314721147
438.14,0.0003165178155580218,1.552209932030403e-30,0.0,-0.025456341215416765
438.16,0.00040163795611262,1.552209932030403e-30,0.0,0.004256007027721684
438.18,0.00043857350043545256,1.552209932030403e-30,0.0,0.0018467772161433085
438.2,0.00031097802674193,1.552209932030403e-30,0.0,-0.00637977368468193
438.22,0.0005089360474886801,1.552209932030403e-30,0.0,0.009897901037318371
438.24,-8.305749378354356e-05,1.552209932030403e-30,0.0,-0.0295996770636381
438.26,-0.001218899389743539,1.552209932030403e-30,0.0,-0.05679209479805141
438.28,-0.0015200475116005604,1.552209932030403e-30,0.0,-0.015057406092864765
438.3,-0.0012416953299346726,1.552209932030403e-30,0.0,0.013917609083267491
438.32,-0.0011216213190685309,1.552209932030403e-30,0.0,0.006003700543312541
438.34,-0.0013935016363117087,1.552209932030403e-30,0.0,-0.013594015862171252
438.36,-0.0012620063872900778,1.552209932030403e-30,0.0,0.006574762451068841
438.38,-0.0015262831175637355,1.552209932030403e-30,0.0,-0.013213836513694899
438.4,-0.0016339559312234754,1.552209932030403e-30,0.0,-0.005383640682991895
438.42,-0.0009205094602996446,1.552209932030403e-30,0.0,0.0356723235461226
438.44,-0.0008648203648479022,1.552209932030403e-30,0.0,0.0027844547725896524
438.46,-0.0010323584292587734,1.552209932030403e-30,0.0,-0.008376903220551183
438.48,-0.001022982128468065,1.552209932030403e-30,0.0,0.0004688150395345176
438.5,-0.0015306169847058959,1.552209932030403e-30,0.0,-0.02538174281191463
438.52,-0.0023616089495741136,1.552209932030403e-30,0.0,-0.04154959824344867
438.54,-0.002623941779339399,1.552209932030403e-30,0.0,-0.013116641488238923
438.56,-0.0022522301229765695,1.552209932030403e-30,0.0,0.018585582818158378
438.58,-0.00196263227638181,1.552209932030403e-30,0.0,0.014479892329751139
438.6,-0.001439802793605332,1.552209932030403e-30,0.0,0.02614147413877338
438.62,-0.0010086453287449766,1.552209932030403e-30,0.0,0.021557873243037377
438.64,-0.0008969594942290097,1.552209932030403e-30,0.0,0.005584291725803423
438.66,-0.0007340899793420053,1.552209932030403e-30,0.0,0.008143475744334484
438.68,-0.0007487214187722307,1.552209932030403e-30,0.0,-0.0007315719715119328
438.7,-0.00013594581170265328,1.552209932030403e-30,0.0,0.03063878035350674
438.72,0.00010238523606731755,1.552209932030403e-30,0.0,0.01191655238847551
438.74,9.601658511320834e-05,1.552209932030403e-30,0.0,-0.0003184325477057502
438.76,-0.0005613298226419436,1.552209932030403e-30,0.0,-0.03286732038778749
438.78,0.00032459733783111,1.552209932030403e-30,0.0,0.044296358023692965
438.8,0.00013255176543554935,1.552209932030403e-30,0.0,-0.009602278619759475
438.82,1.7672360417929445e-05,1.552209932030403e-30,0.0,-0.005743970250886219
438.84,0.00045627588914825813,1.552209932030403e-30,0.0,0.02193017643653638
438.86,0.0006638541338307228,1.552209932030403e-30,0.0,0.010378912234103175
438.88,0.0008711517015396131,1.552209932030403e-30,0.0,0.010364878385453939
438.9,-0.0003431019952767888,1.552209932030403e-30,0.0,-0.06071268484087531
438.92,-0.000580489809416127,1.552209932030403e-30,0.0,-0.011869390706943973
438.94,-0.00038550611853165745,1.552209932030403e-30,0.0,0.009749184544232346
438.96,-0.0003462191422348276,1.552209932030403e-30,0.0,0.0019643488148432795
438.98,-0.0013187537155335983,1.552209932030403e-30,0.0,-0.04862672866484455
439.0,-0.0016605430271030663,1.552209932030403e-30,0.0,-0.017089465578488946
439.02,-0.001884647552915435,1.552209932030403e-30,0.0,-0.011205226290628622
439.04,-0.0022753501927807156,1.552209932030403e-30,0.0,-0.019535131993226273
439.06,-0.0024099697355977998,1.552209932030403e-30,0.0,-0.006730977140860333
439.08,-0.0027275174571757058,1.552209932030403e-30,0.0,-0.01587738607890974
439.1,-0.0032824437648062824,1.552209932030403e-30,0.0,-0.02774631538147521
439.12,-0.0031595339079651345,1.552209932030403e-30,0.0,0.0061454928420629894
439.14,-0.0026280228888752935,1.552209932030403e-30,0.0,0.02657555095451621
439.16,-0.002734137048700268,1.552209932030403e-30,0.0,-0.005305707991238473
439.18,-0.002369462117645604,1.552209932030403e-30,0.0,0.018233746552749796
439.2,-0.0029142901973514927,1.552209932030403e-30,0.0,-0.027241403985319223
439.22,-0.002957732243344882,1.552209932030403e-30,0.0,-0.002172102299665263
439.24,-0.0029692041645682254,1.552209932030403e-30,0.0,-0.0005735960611676981
439.26,-0.0027849391826067927,1.552209932030403e-30,0.0,0.009213249098080021
439.28,-0.0030553746160165572,1.552209932030403e-30,0.0,-0.01352177167050052
439.3,-0.003067650603652476,1.552209932030403e-30,0.0,-0.0006137993817947544
439.32,-0.0035720433831132785,1.552209932030403e-30,0.0,-0.025219638973063056
439.34,-0.0034771943823153502,1.552209932030403e-30,0.0,0.004742450039900728
439.36,-0.003769456861036132,1.552209932030403e-30,0.0,-0.014613123936010858
439.38,-0.004231647472942509,1.552209932030403e-30,0.0,-0.023109530595339864
439.4,-0.004153940171662977,1.552209932030403e-30,0.0,0.003885365063980112
439.42,-0.004154399648366219,1.552209932030403e-30,0.0,-2.2973835162022003e-05
439.44,-0.0049729665600337335,1.552209932030403e-30,0.0,-0.04092834558341297
439.46,-0.005349119839606399,1.552209932030403e-30,0.0,-0.01880766397865042
439.48,-0.005840651580034094,1.552209932030403e-30,0.0,-0.02457658702133722
439.5,-0.005714871053201496,1.552209932030403e-30,0.0,0.006289026341635634
439.52,-0.006183642687677686,1.552209932030403e-30,0.0,-0.023438581723830804
439.54,-0.006484543234306184,1.552209932030403e-30,0.0,-0.015045027331395835
439.56,-0.0067356584408560525,1.552209932030403e-30,0.0,-0.01255576032750482
439.58,-0.006235327135911035,1.552209932030403e-30,0.0,0.025016565247273637
439.6,-0.006312474841110935,1.552209932030403e-30,0.0,-0.003857385259987528
439.62,-0.005739476469055822,1.552209932030403e-30,0.0,0.028649918602781668
439.64,-0.005684946199272097,1.552209932030403e-30,0.0,0.0027265134891887493
439.66,-0.005876090275253154,1.552209932030403e-30,0.0,-0.009557203799034382
439.68,-0.006356705226276158,1.552209932030403e-30,0.0,-0.024030747551172082
439.7,-0.007024980769913717,1.552209932030403e-30,0.0,-0.03341377718190832
439.72,-0.0072858777583828934,1.552209932030403e-30,0.0,-0.013044849423433605
439.74,-0.007939003148137891,1.552209932030403e-30,0.0,-0.032656269487779534
439.76,-0.007750419347331099,1.552209932030403e-30,0.0,0.009429190040348142
439.78,-0.008139372667909628,1.552209932030403e-30,0.0,-0.01944766602894409
439.8,-0.008476067938591137,1.552209932030403e-30,0.0,-0.016834763534042986
439.82,-0.008299795895550736,1.552209932030403e-30,0.0,0.008813602152028062
439.84,-0.008456396286300594,1.552209932030403e-30,0.0,-0.00783001953750001
439.86,-0.009032802021427793,1.552209932030403e-30,0.0,-0.028820286756304256
439.88,-0.008987395643126266,1.552209932030403e-30,0.0,0.0022703189150784097
439.9,-0.009310694462532763,1.552209932030403e-30,0.0,-0.016164940970339516
439.92,-0.009281304338380664,1.552209932030403e-30,0.0,0.0014695062076021353
439.94,-0.009011544512573761,1.552209932030403e-30,0.0,0.013487991290357467
439.96,-0.009352418199692385,1.552209932030403e-30,0.0,-0.017043684355946748
439.98,-0.009005880432935471,1.552209932030403e-30,0.0,0.017326888337812218
440.0,-0.009026989489354098,1.552209932030403e-30,0.0,-0.0010554528209323077
440.02,-0.008279898311947552,1.552209932030403e-30,0.0,0.037354558870361265
440.04,-0.008211951690542339,1.552209932030403e-30,0.0,0.0033973310702541015
440.06,-0.008010248628793942,1.552209932030403e-30,0.0,0.010085153087429006
440.08,-0.007371962920879828,1.552209932030403e-30,0.0,0.03191428539573468
440.1,-0.007242840630940162,1.552209932030403e-30,0.0,0.006456114496970862
440.12,-0.007508393181031892,1.552209932030403e-30,0.0,-0.013277627504598604
440.14,-0.007771029357271385,1.552209932030403e-30,0.0,-0.013131808811986593
440.16,-0.008279792022318573,1.552209932030403e-30,0.0,-0.025438133252310275
440.18,-0.007929521342048577,1.552209932030403e-30,0.0,0.017513534013515776
440.2,-0.008362818995297892,1.552209932030403e-30,0.0,-0.02166488266248548
440.22,-0.007941478109393761,1.552209932030403e-30,0.0,0.021067044295165812
440.24,-0.0073468888279725674,1.552209932030403e-30,0.0,0.02972946407108676
440.26,-0.007090533491255786,1.552209932030403e-30,0.0,0.012817766835850746
440.28,-0.007198063396232934,1.552209932030403e-30,0.0,-0.005376495248862304
440.3,-0.007201923732263631,1.552209932030403e-30,0.0,-0.00019301680153446696
440.32,-0.0072119877571823815,1.552209932030403e-30,0.0,-0.0005032012459380167
440.34,-0.007164590035456075,1.552209932030403e-30,0.0,0.0023698860863175034
440.36,-0.007485327624403168,1.552209932030403e-30,0.0,-0.016036879447323658
440.38,-0.007616383941888189,1.552209932030403e-30,0.0,-0.00655281587425701
440.4,-0.007585664762474106,1.552209932030403e-30,0.0,0.0015359589707055362
440.42,-0.007668013244441907,1.552209932030403e-30,0.0,-0.004117424098382096
440.44,-0.008319887457483924,1.552209932030403e-30,0.0,-0.032593710652130445
440.46,-0.008788742987750356,1.552209932030403e-30,0.0,-0.023442776513342957
440.48,-0.009030948364859676,1.552209932030403e-30,0.0,-0.01211026885544256
440.5,-0.009629873318811507,1.552209932030403e-30,0.0,-0.029946247697618774
440.52,-0.009545793332059026,1.552209932030403e-30,0.0,0.004203999337627867
440.54,-0.009917945699369346,1.552209932030403e-30,0.0,-0.01860761836548006
440.56,-0.009358313386226844,1.552209932030403e-30,0.0,0.027981615657150582
440.58,-0.009251498569516152,1.552209932030403e-30,0.0,0.005340740835539445
440.6,-0.008918666275973337,1.552209932030403e-30,0.0,0.01664161467710862
440.62,-0.009281450275687574,1.552209932030403e-30,0.0,-0.018139199985728376
440.64,-0.009530046374891084,1.552209932030403e-30,0.0,-0.012429804960186783
440.66,-0.00952246473311137,1.552209932030403e-30,0.0,0.00037908208898495806
440.68,-0.009949566025189658,1.552209932030403e-30,0.0,-0.021355064603933785
440.7,-0.010117887562360667,1.552209932030403e-30,0.0,-0.008416076858558143
440.72,-0.011189066840316354,1.552209932030403e-30,0.0,-0.053558963897680834
440.74,-0.011157729290776788,1.552209932030403e-30,0.0,0.001566877476979703
440.76,-0.011224335928147372,1.552209932030403e-30,0.0,-0.0033303318685322333
440.78,-0.011588500489620736,1.552209932030403e-30,0.0,-0.01820822807368482
440.8,-0.011862919261793085,1.552209932030403e-30,0.0,-0.013720938608590916
440.82,-0.011427666811360503,1.552209932030403e-30,0.0,0.021762622521648886
440.84,-0.01127260718772218,1.552209932030403e-30,0.0,0.007752981181923179
440.86,-0.011144151299929248,1.552209932030403e-30,0.0,0.006422794389634179
440.88,-0.010874020068696857,1.552209932030403e-30,0.0,0.013506561561631816
440.9,-0.011091385133424126,1.552209932030403e-30,0.0,-0.010868253236373325
440.92,-0.011176926669565254,1.552209932030403e-30,0.0,-0.0042770768070481335
440.94,-0.011075944941610487,1.552209932030403e-30,0.0,0.005049086397742984
440.96,-0.011650300869302207,1.552209932030403e-30,0.0,-0.028717796384612138
440.98,-0.011253365463054579,1.552209932030403e-30,0.0,0.019846770312343078
441.0,-0.011196291175654904,1.552209932030403e-30,0.0,0.002853714369986305
441.02,-0.011354524042340676,1.552209932030403e-30,0.0,-0.007911643334295762
441.04,-0.011144819350061959,1.552209932030403e-30,0.0,0.010485234613915588
441.06,-0.011273956320955212,1.552209932030403e-30,0.0,-0.0064568485446685345
441.08,-0.010348765775600153,1.552209932030403e-30,0.0,0.04625952726779504
441.1,-0.009851831311321503,1.552209932030403e-30,0.0,0.024846723213884484
441.12,-0.010447874930880311,1.552209932030403e-30,0.0,-0.029802180977967514
441.14,-0.010414260156441412,1.552209932030403e-30,0.0,0.0016807387219465336
441.16,-0.01043585567676313,1.552209932030403e-30,0.0,-0.0010797760160838933
441.18,-0.010533475559221295,1.552209932030403e-30,0.0,-0.004880994122912653
441.2,-0.010666949611120875,1.552209932030403e-30,0.0,-0.006673702594985103
441.22,-0.010853617849018527,1.552209932030403e-30,0.0,-0.00933341189486455
441.24,-0.010594628515747178,1.552209932030403e-30,0.0,0.012949466663579219
441.26,-0.01044200671187939,1.552209932030403e-30,0.0,0.007631090193396281
441.28,-0.009950638699445851,1.552209932030403e-30,0.0,0.02456840062169929
441.3,-0.009593430790604986,1.552209932030403e-30,0.0,0.017860395442008778
441.32,-0.010063049208482815,1.552209932030403e-30,0.0,-0.02348092089391283
441.34,-0.01020382904238456,1.552209932030403e-30,0.0,-0.007038991695093692
441.36,-0.01033398203358777,1.552209932030403e-30,0.0,-0.00650764956014788
441.38,-0.009903350285604956,1.552209932030403e-30,0.0,0.021531587399160234
441.4,-0.010212237652625418,1.552209932030403e-30,0.0,-0.015444368351037132
441.42,-0.010417868212381585,1.552209932030403e-30,0.0,-0.010281527987788457
441.44,-0.01069444958714663,1.552209932030403e-30,0.0,-0.013829068738264859
441.46,-0.010606301563881804,1.552209932030403e-30,0.0,0.004407401163245327
441.48,-0.011124855713249438,1.552209932030403e-30,0.0,-0.02592770746833155
441.5,-0.010975716796498886,1.552209932030403e-30,0.0,0.007456945837534431
441.52,-0.010630051569312174,1.552209932030403e-30,0.0,0.01728326135935135
441.54,-0.01087157973679673,1.552209932030403e-30,0.0,-0.01207640837420449
441.56,-0.010403045413492433,1.552209932030403e-30,0.0,0.02342671616523622
441.58,-0.010741509090589211,1.552209932030403e-30,0.0,-0.016923183854854303
441.6,-0.010695744548104137,1.552209932030403e-30,0.0,0.0022882271242493034
441.62,-0.010040773134742921,1.552209932030403e-30,0.0,0.032748570668090546
441.64,-0.010390437358208146,1.552209932030403e-30,0.0,-0.017483211173277134
441.66,-0.01102770303234095,1.552209932030403e-30,0.0,-0.03186328370657855
441.68,-0.010607320735808674,1.552209932030403e-30,0.0,0.021019114826632858
441.7,-0.0108433074138355,1.552209932030403e-30,0.0,-0.011799333901352049
441.72,-0.01152669237798018,1.552209932030403e-30,0.0,-0.03416924820716791
441.74,-0.01026921824598161,1.552209932030403e-30,0.0,0.0628737065999857
441.76,-0.010551547393851241,1.552209932030403e-30,0.0,-0.014116457393494396
441.78,-0.010619853685941294,1.552209932030403e-30,0.0,-0.00341531460450572
441.8,-0.010639467035443866,1.552209932030403e-30,0.0,-0.0009806674751267766
441.82,-0.011109958310488539,1.552209932030403e-30,0.0,-0.023524563752255045
441.84,-0.010550300434004905,1.552209932030403e-30,0.0,0.027982893824207142
441.86,-0.010821119437679418,1.552209932030403e-30,0.0,-0.013540950183699453
441.88,-0.010790408934696473,1.552209932030403e-30,0.0,0.0015355251491486034
441.9,-0.010370136982976192,1.552209932030403e-30,0.0,0.021013597586033127
441.92,-0.010826521251085987,1.552209932030403e-30,0.0,-0.0228192134054457
441.94,-0.010818066751299971,1.552209932030403e-30,0.0,0.0004227249893011565
441.96,-0.010602019224025497,1.552209932030403e-30,0.0,0.010802376363733546
441.98,-0.010770280434934618,1.552209932030403e-30,0.0,-0.008413060545439829
442.0,-0.010882226027015324,1.552209932030403e-30,0.0,-0.005597279604040435
442.02,-0.011123591898098821,1.552209932030403e-30,0.0,-0.01206829355418587
442.04,-0.010532103471077041,1.552209932030403e-30,0.0,0.02957442135103189
442.06,-0.01031598165519285,1.552209932030403e-30,0.0,0.010806090794219405
442.08,-0.01019965995910657,1.552209932030403e-30,0.0,0.005816084804319296
442.1,-0.01054011750154547,1.552209932030403e-30,0.0,-0.017022877121912087
442.12,-0.010382999232163577,1.552209932030403e-30,0.0,0.007855913469101763
442.14,-0.010805485161365896,1.552209932030403e-30,0.0,-0.021124296460135222
442.16,-0.01179180331952715,1.552209932030403e-30,0.0,-0.049315907907967346
442.18,-0.011961948697255302,1.552209932030403e-30,0.0,-0.008507268886415403
442.2,-0.01112044443066764,1.552209932030403e-30,0.0,0.042075213329421345
442.22,-0.011232347871230825,1.552209932030403e-30,0.0,-0.005595172028148428
442.24,-0.010810481688947871,1.552209932030403e-30,0.0,0.021093309114166906
442.26,-0.010772656550805986,1.552209932030403e-30,0.0,0.0018912569070959346
442.28,-0.011240350832955413,1.552209932030403e-30,0.0,-0.02338471410749262
442.3,-0.01104094749630857,1.552209932030403e-30,0.0,0.009970166832322888
442.32,-0.011154343659586913,1.552209932030403e-30,0.0,-0.005669808163922312
442.34,-0.011009132664864026,1.552209932030403e-30,0.0,0.007260549736150924
442.36,-0.010924294262156582,1.552209932030403e-30,0.0,0.004241920135364044
442.38,-0.011018825332550667,1.552209932030403e-30,0.0,-0.004726553519708554
442.4,-0.011388545309120182,1.552209932030403e-30,0.0,-0.018485998828492625
442.42,-0.01154139631882233,1.552209932030403e-30,0.0,-0.007642550485092629
442.44,-0.011748838071464714,1.552209932030403e-30,0.0,-0.010372087632128588
442.46,-0.011474987555640711,1.552209932030403e-30,0.0,0.01369252579121255
442.48,-0.012080234948269436,1.552209932030403e-30,0.0,-0.0302623696313777
442.5,-0.011786476353871124,1.552209932030403e-30,0.0,0.014687929719928904
442.52,-0.012114309683379815,1.552209932030403e-30,0.0,-0.01639166647544948
442.54,-0.012077901647066342,1.552209932030403e-30,0.0,0.0018204018156700909
442.56,-0.011472242285607509,1.552209932030403e-30,0.0,0.030282968072969197
442.58,-0.011182376290256923,1.552209932030403e-30,0.0,0.014493299767542472
442.6,-0.0114684466950156,1.552209932030403e-30,0.0,-0.014303520237906181
442.62,-0.01164130883479687,1.552209932030403e-30,0.0,-0.00864310698907132
442.64,-0.011796956460592263,1.552209932030403e-30,0.0,-0.007782381289776743
442.66,-0.012011433082752026,1.552209932030403e-30,0.0,-0.010723831107967452
442.68,-0.011492181330738952,1.552209932030403e-30,0.0,0.02596258760067725
442.7,-0.011467234611471467,1.552209932030403e-30,0.0,0.0012473359633753697
442.72,-0.011452563304614014,1.552209932030403e-30,0.0,0.0007335653428712531
442.74,-0.011564260150473502,1.552209932030403e-30,0.0,-0.005584842292979507
442.76,-0.011688485657850438,1.552209932030403e-30,0.0,-0.006211275368852423
442.78,-0.011996124950744284,1.552209932030403e-30,0.0,-0.01538196464470633
442.8,-0.012181140593442668,1.552209932030403e-30,0.0,-0.009250782134901337
442.82,-0.011903587438003429,1.552209932030403e-30,0.0,0.013877657771974625
442.84,-0.011794083126193707,1.552209932030403e-30,0.0,0.005475215590491122
442.86,-0.011903208153554013,1.552209932030403e-30,0.0,-0.005456251368004785
442.88,-0.012602579686685518,1.552209932030403e-30,0.0,-0.034968576656607075
442.9,-0.012258173808052754,1.552209932030403e-30,0.0,0.01722029393165389
442.92,-0.01185694857394091,1.552209932030403e-30,0.0,0.020061261705553463
442.94,-0.011177232876221958,1.552209932030403e-30,0.0,0.03398578488597843
442.96,-0.011266357167953907,1.552209932030403e-30,0.0,-0.004456214586601535
442.98,-0.011014395999189595,1.552209932030403e-30,0.0,0.012598058438191237
443.0,-0.011130767830631537,1.552209932030403e-30,0.0,-0.005818591572102357
443.02,-0.0110324826817975,1.552209932030403e-30,0.0,0.0049142574417063555
443.04,-0.011440635729603774,1.552209932030403e-30,0.0,-0.02040765239027426
443.06,-0.011353702222074815,1.552209932030403e-30,0.0,0.004346675376451934
443.08,-0.01119846605623762,1.552209932030403e-30,0.0,0.0077618082918668235
443.1,-0.011158631688578096,1.552209932030403e-30,0.0,0.0019917183829722953
443.12,-0.010613302662008137,1.552209932030403e-30,0.0,0.027266451328522776
443.14,-0.010438249632473792,1.552209932030403e-30,0.0,0.008752651476725232
443.16,-0.010256148628132596,1.552209932030403e-30,0.0,0.009105050217042212
443.18,-0.01057305225801712,1.552209932030403e-30,0.0,-0.015845181494240575
443.2,-0.010693364078296578,1.552209932030403e-30,0.0,-0.006015591013978401
443.22,-0.01059276449736943,1.552209932030403e-30,0.0,0.0050299790463476666
443.24,-0.010819598387060363,1.552209932030403e-30,0.0,-0.011341694484556963
443.26,-0.010548400442979342,1.552209932030403e-30,0.0,0.013559897204063401
443.28,-0.01013494658663597,1.552209932030403e-30,0.0,0.020672692817187404
443.3,-0.010614369859601085,1.552209932030403e-30,0.0,-0.023971163648209438
443.32,-0.01109756104446696,1.552209932030403e-30,0.0,-0.024159559243315743
443.34,-0.010887525316578684,1.552209932030403e-30,0.0,0.010501786394423345
443.36,-0.010149254469856062,1.552209932030403e-30,0.0,0.03691354233605976
443.38,-0.010336192054500102,1.552209932030403e-30,0.0,-0.009346879232210508
443.4,-0.010394735154094321,1.552209932030403e-30,0.0,-0.0029271549797136626
443.42,-0.011085984934234506,1.552209932030403e-30,0.0,-0.034562489006942455
443.44,-0.010931106264893107,1.552209932030403e-30,0.0,0.00774393346707696
443.46,-0.011130730455360121,1.552209932030403e-30,0.0,-0.009981209523359827
443.48,-0.010736455735290858,1.552209932030403e-30,0.0,0.019713736003425016
443.5,-0.010656086324513304,1.552209932030403e-30,0.0,0.004018470538881367
443.52,-0.011127664136054195,1.552209932030403e-30,0.0,-0.023578890577066025
443.54,-0.011341263211756922,1.552209932030403e-30,0.0,-0.010679953785115704
443.56,-0.011159369550839059,1.552209932030403e-30,0.0,0.009094683045901426
443.58,-0.011321971152757704,1.552209932030403e-30,0.0,-0.008130080095939667
443.6,-0.011012958570598221,1.552209932030403e-30,0.0,0.01545062910794428
443.62,-0.011459605687454518,1.552209932030403e-30,0.0,-0.022332355842835168
443.64,-0.011478106524171215,1.552209932030403e-30,0.0,-0.0009250418358357178
443.66,-0.011591929284790435,1.552209932030403e-30,0.0,-0.005691138030950021
443.68,-0.011274545288330025,1.552209932030403e-30,0.0,0.015869199823034953
443.7,-0.01203532659468241,1.552209932030403e-30,0.0,-0.03803906531765383
443.72,-0.012258753307127522,1.552209932030403e-30,0.0,-0.011171335622234017
443.74,-0.012936874730941062,1.552209932030403e-30,0.0,-0.03390607119070783
443.76,-0.013079008983273048,1.552209932030403e-30,0.0,-0.007106712616605702
443.78,-0.013667995434012424,1.552209932030403e-30,0.0,-0.029449322536995594
443.8,-0.013158282391642231,1.552209932030403e-30,0.0,0.025485652118460413
443.82,-0.012802175533560046,1.552209932030403e-30,0.0,0.017805342904125488
443.84,-0.012401806966276312,1.552209932030403e-30,0.0,0.020018428364204893
443.86,-0.012092041668303743,1.552209932030403e-30,0.0,0.015488264898598496
443.88,-0.01173467324465588,1.552209932030403e-30,0.0,0.017868421182409402
443.9,-0.011357454250406315,1.552209932030403e-30,0.0,0.018860949712495384
443.92,-0.011265495715585303,1.552209932030403e-30,0.0,0.004597926741041705
443.94,-0.011486223338979166,1.552209932030403e-30,0.0,-0.01103638116970322
443.96,-0.011508114259280616,1.552209932030403e-30,0.0,-0.0010945460150734716
443.98,-0.011341492870688691,1.552209932030403e-30,0.0,0.00833106942958016
444.0,-0.011747296585137026,1.552209932030403e-30,0.0,-0.02029018572243522
444.02,-0.012074045654077261,1.552209932030403e-30,0.0,-0.01633745344702662
444.04,-0.011762449908186558,1.552209932030403e-30,0.0,0.015579787294505059
444.06,-0.011505938607974536,1.552209932030403e-30,0.0,0.01282556501061281
444.08,-0.011122060228871527,1.552209932030403e-30,0.0,0.019193918955167838
444.1,-0.010737939660641283,1.552209932030403e-30,0.0,0.01920602841147505
444.12,-0.010099885308050264,1.552209932030403e-30,0.0,0.03190271762957996
444.14,-0.01048381734644685,1.552209932030403e-30,0.0,-0.01919660191984681
444.16,-0.01107853416382815,1.552209932030403e-30,0.0,-0.029735840869007546
444.18,-0.010995124279010948,1.552209932030403e-30,0.0,0.004170494240863896
444.2,-0.011180194674252427,1.552209932030403e-30,0.0,-0.009253519762082349
444.22,-0.011745000541218452,1.552209932030403e-30,0.0,-0.028240293348246667
444.24,-0.010452680228027134,1.552209932030403e-30,0.0,0.06461601565962469
444.26,-0.01046687368130944,1.552209932030403e-30,0.0,-0.0007096726641159181
444.28,-0.011275913091002785,1.552209932030403e-30,0.0,-0.04045197048470408
444.3,-0.010962315341251682,1.552209932030403e-30,0.0,0.01567988748752487
444.32,-0.011677279408415795,1.552209932030403e-30,0.0,-0.03574820335823819
444.34,-0.011236386307859956,1.552209932030403e-30,0.0,0.02204465502781197
444.36,-0.010809479464493085,1.552209932030403e-30,0.0,0.02134534216830229
444.38,-0.010878392520056216,1.552209932030403e-30,0.0,-0.003445652778159645
444.4,-0.01142152636848353,1.552209932030403e-30,0.0,-0.02715669242139042
444.42,-0.011390368851108335,1.552209932030403e-30,0.0,0.0015578758687567786
444.44,-0.011381866680183823,1.552209932030403e-30,0.0,0.00042510854622590906
444.46,-0.011031786313249924,1.552209932030403e-30,0.0,0.017504018346710903
444.48,-0.010518156023094112,1.552209932030403e-30,0.0,0.02568151450774092
444.5,-0.011027520588129178,1.552209932030403e-30,0.0,-0.02546822825177645
444.52,-0.011151187576675235,1.552209932030403e-30,0.0,-0.006183349427308485
444.54,-0.010112400578776243,1.552209932030403e-30,0.0,0.05193934989484921
444.56,-0.009835310715699616,1.552209932030403e-30,0.0,0.013854493153843976
444.58,-0.009685192693460956,1.552209932030403e-30,0.0,0.0075059011119398625
444.6,-0.009311564039422165,1.552209932030403e-30,0.0,0.01868143270190348
444.62,-0.009547522518430685,1.552209932030403e-30,0.0,-0.011797923950436764
444.64,-0.009539766514178118,1.552209932030403e-30,0.0,0.000387800212628656
444.66,-0.009498993134196622,1.552209932030403e-30,0.0,0.0020386689990709063
444.68,-0.010033565321441448,1.552209932030403e-30,0.0,-0.026728609362265583
444.7,-0.010435574723484444,1.552209932030403e-30,0.0,-0.020100470102168103
444.72,-0.01027435736387238,1.552209932030403e-30,0.0,0.008060867980587616
444.74,-0.009509269878146777,1.552209932030403e-30,0.0,0.03825437428631494
444.76,-0.009673949754889524,1.552209932030403e-30,0.0,-0.008233993837144881
444.78,-0.009433205690595052,1.552209932030403e-30,0.0,0.012037203214734551
444.8,-0.009621216028490547,1.552209932030403e-30,0.0,-0.009400516894756624
444.82,-0.00948761031085986,1.552209932030403e-30,0.0,0.006680285881540481
444.84,-0.009446523530797354,1.552209932030403e-30,0.0,0.002054339003127105
444.86,-0.008983572149450376,1.552209932030403e-30,0.0,0.023147569067304162
444.88,-0.008253767433298333,1.552209932030403e-30,0.0,0.03649023580763529
444.9,-0.00861132161264654,1.552209932030403e-30,0.0,-0.017877708967426555
444.92,-0.008659519426544202,1.552209932030403e-30,0.0,-0.002409890694878485
444.94,-0.008927910501478184,1.552209932030403e-30,0.0,-0.013419553746711345
444.96,-0.008674197682426995,1.552209932030403e-30,0.0,0.012685640952570977
444.98,-0.008378855136332916,1.552209932030403e-30,0.0,0.014767127304675389
445.0,-0.008165599178681354,1.552209932030403e-30,0.0,0.01066279788258784
445.02,-0.007912273796767786,1.552209932030403e-30,0.0,0.012666269095689913
445.04,-0.007847602433594255,1.552209932030403e-30,0.0,0.003233568158670339
445.06,-0.0075598455534513775,1.552209932030403e-30,0.0,0.01438784400715693
445.08,-0.007424712913023488,1.552209932030403e-30,0.0,0.006756632021400592
445.1,-0.007169185645011333,1.552209932030403e-30,0.0,0.012776363400583086
445.12,-0.006852042043006651,1.552209932030403e-30,0.0,0.015857180100248544
445.14,-0.007083122879331639,1.552209932030403e-30,0.0,-0.011554041816259889
445.16,-0.007184334411627743,1.552209932030403e-30,0.0,-0.0050605766147954106
445.18,-0.006748166938823366,1.552209932030403e-30,0.0,0.02180837364023866
445.2,-0.006250550160944576,1.552209932030403e-30,0.0,0.024880838893962164
445.22,-0.006466741823226601,1.552209932030403e-30,0.0,-0.010809583114080385
445.24,-0.006523544867247174,1.552209932030403e-30,0.0,-0.002840152201031245
445.26,-0.00625339216136522,1.552209932030403e-30,0.0,0.013507635294110015
445.28,-0.005951508450757269,1.552209932030403e-30,0.0,0.015094185530411301
445.3,-0.006434151033996494,1.552209932030403e-30,0.0,-0.02413212916191462
445.32,-0.006097230284385404,1.552209932030403e-30,0.0,0.016846037480569828
445.34,-0.006793035927378099,1.552209932030403e-30,0.0,-0.0347902821496664
445.36,-0.006365011238691492,1.552209932030403e-30,0.0,0.021401234434288978
445.38,-0.006189541706615662,1.552209932030403e-30,0.0,0.008773476603799499
445.4,-0.006325798701306024,1.552209932030403e-30,0.0,-0.0068128497345243235
445.42,-0.005888457381821035,1.552209932030403e-30,0.0,0.021867065974207213
445.44,-0.00633004322144112,1.552209932030403e-30,0.0,-0.022079291981024377
445.46,-0.006262764409134539,1.552209932030403e-30,0.0,0.003363940615332122
445.48,-0.005574605366754608,1.552209932030403e-30,0.0,0.03440795211893005
445.5,-0.005345168684312765,1.552209932030403e-30,0.0,0.011471834122102582
445.52,-0.004621427228558352,1.552209932030403e-30,0.0,0.036187072787753585
445.54,-0.0034725822134037835,1.552209932030403e-30,0.0,0.0574422507576174
445.56,-0.002874627587165316,1.552209932030403e-30,0.0,0.02989773131195055
445.58,-0.002669856757660536,1.552209932030403e-30,0.0,0.010238541475248324
445.6,-0.0024763221556537616,1.552209932030403e-30,0.0,0.009676730100320018
445.62,-0.0028470654242233155,1.552209932030403e-30,0.0,-0.01853716342849455
445.64,-0.003316270658706092,1.552209932030403e-30,0.0,-0.023460261724160162
445.66,-0.00308518806175366,1.552209932030403e-30,0.0,0.011554129847599279
445.68,-0.0029015831836689365,1.552209932030403e-30,0.0,0.009180243904244519
445.7,-0.0026889552989569493,1.552209932030403e-30,0.0,0.010631394235609024
445.72,-0.002685028934953519,1.552209932030403e-30,0.0,0.00019631820017113988
445.74,-0.0021371103470281885,1.552209932030403e-30,0.0,0.027395929396291433
445.76,-0.0025197172989378674,1.552209932030403e-30,0.0,-0.019130347595501338
445.78,-0.0018398068572427085,1.552209932030403e-30,0.0,0.03399552208478887
445.8,-0.00208266167737097,1.552209932030403e-30,0.0,-0.01214274100638961
445.82,-0.0019695419422241698,1.552209932030403e-30,0.0,0.0056559867573451475
445.84,-0.002367417855646245,1.552209932030403e-30,0.0,-0.019893795671121862
445.86,-0.0020330460164983827,1.552209932030403e-30,0.0,0.01671859195736081
445.88,-0.002194778149074767,1.552209932030403e-30,0.0,-0.008086606628826579
445.9,-0.002690143249542312,1.552209932030403e-30,0.0,-0.02476825502339977
445.92,-0.0026209529574099623,1.552209932030403e-30,0.0,0.0034595146066108097
445.94,-0.002543369099650493,1.552209932030403e-30,0.0,0.003879192887977002
445.96,-0.002089385363397433,1.552209932030403e-30,0.0,0.022699186812673657
445.98,-0.0022185313277887806,1.552209932030403e-30,0.0,-0.006457298219554907
446.0,-0.0026612754245553794,1.552209932030403e-30,0.0,-0.022137204838350074
446.02,-0.002777464948962872,1.552209932030403e-30,0.0,-0.00580947622037991
446.04,-0.002424233889163695,1.552209932030403e-30,0.0,0.017661552989924726
446.06,-0.0021304657587837422,1.552209932030403e-30,0.0,0.014688406519010985
446.08,-0.0016129196039408318,1.552209932030403e-30,0.0,0.025877307742169064
446.1,-0.0016999539184824196,1.552209932030403e-30,0.0,-0.004351715727070983
446.12,-0.001721347366943005,1.552209932030403e-30,0.0,-0.0010696724230302489
446.14,-0.0015707418547543683,1.552209932030403e-30,0.0,0.007530275609438688
446.16,-0.0015464425205734822,1.552209932030403e-30,0.0,0.0012149667090419602
446.18,-0.001973739027609443,1.552209932030403e-30,0.0,-0.021364825351817458
446.2,-0.0012450709730077493,1.552209932030403e-30,0.0,0.03643340273011782
446.22,-0.001142681105167727,1.552209932030403e-30,0.0,0.005119493391991219
446.24,-0.0011468863186521424,1.552209932030403e-30,0.0,-0.00021026067422096688
446.26,-0.0011708858204517903,1.552209932030403e-30,0.0,-0.0011999750899834832
446.28,-0.0018351583958749669,1.552209932030403e-30,0.0,-0.03321362877118904
446.3,-0.0021406631208925144,1.552209932030403e-30,0.0,-0.015275236250847857
446.32,-0.00180690169103807,1.552209932030403e-30,0.0,0.016688071492737405
446.34,-0.001995741437673901,1.552209932030403e-30,0.0,-0.009441987331800142
446.36,-0.0025463239177664397,1.552209932030403e-30,0.0,-0.027529124004573715
446.38,-0.0022377564111647078,1.552209932030403e-30,0.0,0.015428375330100635
446.4,-0.0026765601553543606,1.552209932030403e-30,0.0,-0.021940187209502603
446.42,-0.0033521454075385814,1.552209932030403e-30,0.0,-0.03377926260914576
446.44,-0.003532239510415234,1.552209932030403e-30,0.0,-0.009004705143840807
446.46,-0.00405997926302235,1.552209932030403e-30,0.0,-0.026386987630379798
446.48,-0.003869095375720114,1.552209932030403e-30,0.0,0.009544194365093349
446.5,-0.003721327876357683,1.552209932030403e-30,0.0,0.0073883749681282656
446.52,-0.003111254438455206,1.552209932030403e-30,0.0,0.030503671895151577
446.54,-0.0033238738522223914,1.552209932030403e-30,0.0,-0.01063097068833872
446.56,-0.0032566872559725998,1.552209932030403e-30,0.0,0.003359329812492643
446.58,-0.0035490713341540746,1.552209932030403e-30,0.0,-0.014619203909087037
446.6,-0.0034355433124363096,1.552209932030403e-30,0.0,0.0056764010858772794
446.62,-0.002865138252142583,1.552209932030403e-30,0.0,0.02852025301471227
446.64,-0.00316871235765833,1.552209932030403e-30,0.0,-0.015178705275801157
446.66,-0.0032965078442584055,1.552209932030403e-30,0.0,-0.006389774329991408
446.68,-0.00308018574416339,1.552209932030403e-30,0.0,0.010816105004760625
446.7,-0.0026872097061573165,1.552209932030403e-30,0.0,0.019648801900321543
446.72,-0.002745812909023077,1.552209932030403e-30,0.0,-0.002930160143282376
446.74,-0.0027561632114944156,1.552209932030403e-30,0.0,-0.0005175151235673934
446.76,-0.0022807623722391965,1.552209932030403e-30,0.0,0.023770041962782585
446.78,-0.002531494729110311,1.552209932030403e-30,0.0,-0.01253661784356713
446.8,-0.002959819856351092,1.552209932030403e-30,0.0,-0.021416256361997635
446.82,-0.003171878798476757,1.552209932030403e-30,0.0,-0.010602947106292893
446.84,-0.003220931016721359,1.552209932030403e-30,0.0,-0.0024526109122323257
446.86,-0.003273118303657162,1.552209932030403e-30,0.0,-0.00260936434678511
446.88,-0.0032551279268528722,1.552209932030403e-30,0.0,0.0008995188402153144
446.9,-0.003927799053816725,1.552209932030403e-30,0.0,-0.033633556348223265
446.92,-0.004359802972398726,1.552209932030403e-30,0.0,-0.02160019592905828
446.94,-0.003968054906976879,1.552209932030403e-30,0.0,0.019587403271110162
446.96,-0.004015823093922726,1.552209932030403e-30,0.0,-0.002388409347294506
446.98,-0.004963433993108454,1.552209932030403e-30,0.0,-0.047380544959194804
447.0,-0.005317728540065458,1.552209932030403e-30,0.0,-0.01771472734786636
447.02,-0.005198523201585151,1.552209932030403e-30,0.0,0.005960266924020776
447.04,-0.0051965390524434845,1.552209932030403e-30,0.0,9.920745708315141e-05
447.06,-0.004872653447702252,1.552209932030403e-30,0.0,0.01619428023707636
447.08,-0.00507412038763741,1.552209932030403e-30,0.0,-0.010073346996767037
447.1,-0.005402388107631621,1.552209932030403e-30,0.0,-0.016413385999678835
447.12,-0.0059380710581679146,1.552209932030403e-30,0.0,-0.026784147526839056
447.14,-0.006615881425461672,1.552209932030403e-30,0.0,-0.033890518364718666
447.16,-0.006667663449557918,1.552209932030403e-30,0.0,-0.0025891012048072943
447.18,-0.005654275160208325,1.552209932030403e-30,0.0,0.0506694144675257
447.2,-0.005601894997113889,1.552209932030403e-30,0.0,0.0026190081547241575
447.22,-0.005711929470353426,1.552209932030403e-30,0.0,-0.005501723661966177
447.24,-0.00561291279529867,1.552209932030403e-30,0.0,0.0049508337527423
447.26,-0.006057657429769282,1.552209932030403e-30,0.0,-0.022237231723550827
447.28,-0.006229735602752906,1.552209932030403e-30,0.0,-0.008603908649189022
447.3,-0.005583900419951955,1.552209932030403e-30,0.0,0.03229175913998511
447.32,-0.005877575123936261,1.552209932030403e-30,0.0,-0.014683735199228614
447.34,-0.006120099035094058,1.552209932030403e-30,0.0,-0.012126195557900905
447.36,-0.005799899416213455,1.552209932030403e-30,0.0,0.01600998094399924
447.38,-0.005449678392670479,1.552209932030403e-30,0.0,0.017511051177164724
447.4,-0.005927166422169159,1.552209932030403e-30,0.0,-0.02387440147495571
447.42,-0.0054202290669552325,1.552209932030403e-30,0.0,0.025346867760647353
447.44,-0.005502111087760422,1.552209932030403e-30,0.0,-0.004094101040263185
447.46,-0.005363539005161753,1.552209932030403e-30,0.0,0.006928604129939758
447.48,-0.005438681337529534,1.552209932030403e-30,0.0,-0.0037571166183818045
447.5,-0.00583506706152594,1.552209932030403e-30,0.0,-0.01981928619983833
447.52,-0.0060689369366796544,1.552209932030403e-30,0.0,-0.011693493757696377
447.54,-0.006274966342066414,1.552209932030403e-30,0.0,-0.010301470269318096
447.56,-0.006515816917293562,1.552209932030403e-30,0.0,-0.012042528761368337
447.58,-0.00653293323249834,1.552209932030403e-30,0.0,-0.0008558157602396755
447.6,-0.006874183185013213,1.552209932030403e-30,0.0,-0.017062497625710646
447.62,-0.006857168718283276,1.552209932030403e-30,0.0,0.0008507233364975983
447.64,-0.0069614661032610745,1.552209932030403e-30,0.0,-0.005214869248894646
447.66,-0.007355928097236774,1.552209932030403e-30,0.0,-0.01972309969874682
447.68,-0.007590242577315396,1.552209932030403e-30,0.0,-0.011715724003941743
447.7,-0.0077575085471927,1.552209932030403e-30,0.0,-0.008363298493872805
447.72,-0.007648102573806716,1.552209932030403e-30,0.0,0.005470298669288613
447.74,-0.007692360144652699,1.552209932030403e-30,0.0,-0.00221287854230118
447.76,-0.007625064328150201,1.552209932030403e-30,0.0,0.0033647908251279598
447.78,-0.00754277471117369,1.552209932030403e-30,0.0,0.004114480848829344
447.8,-0.007756321762343131,1.552209932030403e-30,0.0,-0.010677352558451448
447.82,-0.00750200360228046,1.552209932030403e-30,0.0,0.012715908003145125
447.84,-0.007698427068856727,1.552209932030403e-30,0.0,-0.009821173328822257
447.86,-0.007747350946760696,1.552209932030403e-30,0.0,-0.002446193895193756
447.88,-0.00778064202540049,1.552209932030403e-30,0.0,-0.0016645539319912071
447.9,-0.007626874858037121,1.552209932030403e-30,0.0,0.0076883583681754495
447.92,-0.0071496157678741816,1.552209932030403e-30,0.0,0.023862954508100873
447.94,-0.007382820489074261,1.552209932030403e-30,0.0,-0.0116602360600146
447.96,-0.007544954851710189,1.552209932030403e-30,0.0,-0.00810671813180376
447.98,-0.008291336596802134,1.552209932030403e-30,0.0,-0.03731908725452509
448.0,-0.008774338327897762,1.552209932030403e-30,0.0,-0.024150086554803413
448.02,-0.008437584557389759,1.552209932030403e-30,0.0,0.016837688525415485
448.04,-0.008927248887701513,1.552209932030403e-30,0.0,-0.024483216515540383
448.06,-0.009378496882710743,1.552209932030403e-30,0.0,-0.02256239975048197
448.08,-0.00973472098901586,1.552209932030403e-30,0.0,-0.01781120531527203
448.1,-0.009413659743441263,1.552209932030403e-30,0.0,0.016053062278698786
448.12,-0.009505762017847164,1.552209932030403e-30,0.0,-0.0046051137202992734
448.14,-0.009028876620331373,1.552209932030403e-30,0.0,0.023844269875811196
448.16,-0.009377974792378474,1.552209932030403e-30,0.0,-0.017454908602321368
448.18,-0.009100276003445885,1.552209932030403e-30,0.0,0.013884939446642125
448.2,-0.00887667796370816,1.552209932030403e-30,0.0,0.011179901986896446
448.22,-0.008888140095479722,1.552209932030403e-30,0.0,-0.000573106588577028
448.24,-0.009336286831344812,1.552209932030403e-30,0.0,-0.022407336793274803
448.26,-0.009203620186148318,1.552209932030403e-30,0.0,0.006633332259830738
448.28,-0.009078008223949089,1.552209932030403e-30,0.0,0.006280598109967196
448.3,-0.008462123428567302,1.552209932030403e-30,0.0,0.03079423976902981
448.32,-0.008222056411139302,1.552209932030403e-30,0.0,0.01200335087141092
448.34,-0.006644081864861116,1.552209932030403e-30,0.0,0.07889872731398101
448.36,-0.007289735784502576,1.552209932030403e-30,0.0,-0.03228269598201057
448.38,-0.007685280751368897,1.552209932030403e-30,0.0,-0.019777248343334008
448.4,-0.007339786620282804,1.552209932030403e-30,0.0,0.017274706554320333
448.42,-0.007223300182411643,1.552209932030403e-30,0.0,0.00582432189354678
448.44,-0.007382258154492273,1.552209932030403e-30,0.0,-0.007947898604038725
448.46,-0.007187070041696463,1.552209932030403e-30,0.0,0.009759405639799356
448.48,-0.0063110325955091735,1.552209932030403e-30,0.0,0.04380187230927986
448.5,-0.006794646213198965,1.552209932030403e-30,0.0,-0.02418068088451159
448.52,-0.006696943989784435,1.552209932030403e-30,0.0,0.004885111170730928
448.54,-0.006573311499647794,1.552209932030403e-30,0.0,0.006181624506820147
448.56,-0.007547503070477359,1.552209932030403e-30,0.0,-0.04870957854152258
448.58,-0.007271498198395859,1.552209932030403e-30,0.0,0.013800243604087553
448.6,-0.007416428935873563,1.552209932030403e-30,0.0,-0.00724653687387117
448.62,-0.007027890548157146,1.552209932030403e-30,0.0,0.019426919385838504
448.64,-0.00827116291521892,1.552209932030403e-30,0.0,-0.062163618353145225
448.66,-0.008502810279816678,1.552209932030403e-30,0.0,-0.011582368229865476
448.68,-0.008663783228619997,1.552209932030403e-30,0.0,-0.008048647440173275
448.7,-0.00881770014081608,1.552209932030403e-30,0.0,-0.0076958456098111605
448.72,-0.009076468844164761,1.552209932030403e-30,0.0,-0.012938435167409059
448.74,-0.009303971379886762,1.552209932030403e-30,0.0,-0.011375126786110355
448.76,-0.008912177493295084,1.552209932030403e-30,0.0,0.019589694329601705
448.78,-0.008352835887116772,1.552209932030403e-30,0.0,0.027967080308941062
448.8,-0.008422101518495756,1.552209932030403e-30,0.0,-0.0034632815689424872
448.82,-0.008389121346352276,1.552209932030403e-30,0.0,0.0016490086071755256
448.84,-0.007947740200367823,1.552209932030403e-30,0.0,0.022069057299242714
448.86,-0.007683222210001191,1.552209932030403e-30,0.0,0.013225899518306035
448.88,-0.00760094989285581,1.552209932030403e-30,0.0,0.00411361585727279
448.9,-0.007079490729850455,1.552209932030403e-30,0.0,0.026072958150291467
448.92,-0.00709735362233033,1.552209932030403e-30,0.0,-0.0008931446239920166
448.94,-0.0072666787045734225,1.552209932030403e-30,0.0,-0.00846625411216231
448.96,-0.007170023888451201,1.552209932030403e-30,0.0,0.00483274080611547
448.98,-0.006728484314192116,1.552209932030403e-30,0.0,0.022076978712911605
449.0,-0.0064375635360474585,1.552209932030403e-30,0.0,0.014546038907246085
449.02,-0.006667105541054783,1.552209932030403e-30,0.0,-0.011477100250376656
449.04,-0.007550870232318744,1.552209932030403e-30,0.0,-0.044188234563112674
449.06,-0.0069873769476727346,1.552209932030403e-30,0.0,0.028174664232326136
449.08,-0.006791590000244213,1.552209932030403e-30,0.0,0.009789347371434996
449.1,-0.006335148927872032,1.552209932030403e-30,0.0,0.02282205361856491
449.12,-0.006336198488716172,1.552209932030403e-30,0.0,-5.247804220702764e-05
449.14,-0.006165396025791667,1.552209932030403e-30,0.0,0.008540123146233033
449.16,-0.005452475751735312,1.552209932030403e-30,0.0,0.03564601370274883
449.18,-0.005486836878602943,1.552209932030403e-30,0.0,-0.0017180563433831062
449.2,-0.005427976846025057,1.552209932030403e-30,0.0,0.002943001628897015
449.22,-0.005547738982315327,1.552209932030403e-30,0.0,-0.005988106814501954
449.24,-0.005504070169469983,1.552209932030403e-30,0.0,0.0021834406422691875
449.26,-0.006012243575877734,1.552209932030403e-30,0.0,-0.02540867032041064
449.28,-0.006068701161094446,1.552209932030403e-30,0.0,-0.002822879260838156
449.3,-0.006102328682253631,1.552209932030403e-30,0.0,-0.0016813760579559925
449.32,-0.005901366876278523,1.552209932030403e-30,0.0,0.010048090298764564
449.34,-0.006289495631016513,1.552209932030403e-30,0.0,-0.01940643773691719
449.36,-0.006476517442778714,1.552209932030403e-30,0.0,-0.009351090588091977
449.38,-0.006540002525800088,1.552209932030403e-30,0.0,-0.0031742541510715715
449.4,-0.006055470814070721,1.552209932030403e-30,0.0,0.024226585586490372
449.42,-0.0058873801971982154,1.552209932030403e-30,0.0,0.008404530843609015
449.44,-0.005666662336180838,1.552209932030403e-30,0.0,0.011035893050878914
449.46,-0.005844295813704253,1.552209932030403e-30,0.0,-0.008881673876178834
449.48,-0.006126522524748892,1.552209932030403e-30,0.0,-0.01411133555220468
449.5,-0.00497793880137795,1.552209932030403e-30,0.0,0.05742918616859931
449.52,-0.005885689297933846,1.552209932030403e-30,0.0,-0.04538752482783613
449.54,-0.0061075876686474415,1.552209932030403e-30,0.0,-0.011094918535658312
449.56,-0.0065149496687370535,1.552209932030403e-30,0.0,-0.020368100004499127
449.58,-0.006251295070660362,1.552209932030403e-30,0.0,0.013182729903846578
449.6,-0.006545508908968407,1.552209932030403e-30,0.0,-0.014710691915373815
449.62,-0.006639047106306483,1.552209932030403e-30,0.0,-0.004676909866908075
449.64,-0.00640313741527304,1.552209932030403e-30,0.0,0.01179548455168291
449.66,-0.005795953751991259,1.552209932030403e-30,0.0,0.03035918316403036
449.68,-0.006360072543277729,1.552209932030403e-30,0.0,-0.028205939564349147
449.7,-0.006254906364913391,1.552209932030403e-30,0.0,0.005258308918221642
449.72,-0.005688309790051672,1.552209932030403e-30,0.0,0.028329828743031204
449.74,-0.005292987235052865,1.552209932030403e-30,0.0,0.01976612774995836
449.76,-0.005527130194501252,1.552209932030403e-30,0.0,-0.011707147972429983
449.78,-0.005040065004908119,1.552209932030403e-30,0.0,0.024353259479678778
449.8,-0.005639466115998101,1.552209932030403e-30,0.0,-0.029970055554441162
449.82,-0.006280178338820895,1.552209932030403e-30,0.0,-0.032035611141168825
449.84,-0.005797149733817366,1.552209932030403e-30,0.0,0.024151430250198416
449.86,-0.005076908813003857,1.552209932030403e-30,0.0,0.03601204604060587
449.88,-0.005265284277435676,1.552209932030403e-30,0.0,-0.009418773221599553
449.9,-0.005641598313728433,1.552209932030403e-30,0.0,-0.018815701814654976
449.92,-0.005645761651124362,1.552209932030403e-30,0.0,-0.0002081668697960412
449.94,-0.005183406961290483,1.552209932030403e-30,0.0,0.023117734491714975
449.96,-0.005515842840550172,1.552209932030403e-30,0.0,-0.01662179396299956
449.98,-0.005633784945609845,1.552209932030403e-30,0.0,-0.0058971052529722635
450.0,-0.005761054590315256,1.552209932030403e-30,0.0,-0.006363482235276305
450.02,-0.005627840390489114,1.552209932030403e-30,0.0,0.006660709991313103
450.04,-0.005801014722086297,1.552209932030403e-30,0.0,-0.008658716579842409
450.06,-0.005741001871517596,1.552209932030403e-30,0.0,0.0030006425284378035
450.08,-0.005320658525378703,1.552209932030403e-30,0.0,0.021017167306963746
450.1,-0.005746846480956252,1.552209932030403e-30,0.0,-0.021309397778836274
450.12,-0.00635241628380571,1.552209932030403e-30,0.0,-0.030278490142500433
450.14,-0.006086464355960549,1.552209932030403e-30,0.0,0.013297596392270145
450.16,-0.006042988717632215,1.552209932030403e-30,0.0,0.0021737819164125145
450.18,-0.0062484698563084655,1.552209932030403e-30,0.0,-0.01027405693382186
450.2,-0.005903088272067081,1.552209932030403e-30,0.0,0.01726907921208496
450.22,-0.0062880786326216095,1.552209932030403e-30,0.0,-0.019249518027689254
450.24,-0.006029336314994215,1.552209932030403e-30,0.0,0.012937115881381467
450.26,-0.006491968237820606,1.552209932030403e-30,0.0,-0.023131596141340575
450.28,-0.006408771461438646,1.552209932030403e-30,0.0,0.00415983881910179
450.3,-0.006010827189953445,1.552209932030403e-30,0.0,0.019897213574221577
450.32,-0.005635643214447497,1.552209932030403e-30,0.0,0.01875919877531446
450.34,-0.0057502211516998365,1.552209932030403e-30,0.0,-0.0057288968626222
450.36,-0.005603018942876361,1.552209932030403e-30,0.0,0.007360110441159579
450.38,-0.005803843784676285,1.552209932030403e-30,0.0,-0.010041242090005344
450.4,-0.00514224775827456,1.552209932030403e-30,0.0,0.033079801320116335
450.42,-0.005322601295914485,1.552209932030403e-30,0.0,-0.009017676881978832
450.44,-0.005213001715238946,1.552209932030403e-30,0.0,0.005479979033781924
450.46,-0.005612954899825859,1.552209932030403e-30,0.0,-0.01999765922936381
450.48,-0.005547727362157768,1.552209932030403e-30,0.0,0.0032613768833982437
450.5,-0.006017456138269404,1.552209932030403e-30,0.0,-0.023486438805603155
450.52,-0.006012435798853778,1.552209932030403e-30,0.0,0.0002510169707814999
450.54,-0.006076129142980507,1.552209932030403e-30,0.0,-0.0031846672063302957
450.56,-0.006036233888066752,1.552209932030403e-30,0.0,0.0019947627456895615
450.58,-0.00627827706880318,1.552209932030403e-30,0.0,-0.012102159036832403
450.6,-0.0064085760872246425,1.552209932030403e-30,0.0,-0.006514950921060529
450.62,-0.006082692295827716,1.552209932030403e-30,0.0,0.01629418956986112
450.64,-0.00579448282700631,1.552209932030403e-30,0.0,0.014410473441083444
450.66,-0.0054674641071224,1.552209932030403e-30,0.0,0.016350935994163866
450.68,-0.004828326893042997,1.552209932030403e-30,0.0,0.03195686070399921
450.7,-0.005599587921936977,1.552209932030403e-30,0.0,-0.03856305144473405
450.72,-0.005374490203650189,1.552209932030403e-30,0.0,0.011254885914317671
450.74,-0.005239615785459676,1.552209932030403e-30,0.0,0.00674372090953176
450.76,-0.005635911955803815,1.552209932030403e-30,0.0,-0.019814808517224954
450.78,-0.006172804135255845,1.552209932030403e-30,0.0,-0.026844608972625923
450.8,-0.00653780765500274,1.552209932030403e-30,0.0,-0.018250175987309464
450.82,-0.006197902783631376,1.552209932030403e-30,0.0,0.016995243568583677
450.84,-0.006607923919577469,1.552209932030403e-30,0.0,-0.020501056797323305
450.86,-0.007041038222163243,1.552209932030403e-30,0.0,-0.021655715129246876
450.88,-0.007970819048364657,1.552209932030403e-30,0.0,-0.046489041310112944
450.9,-0.007822145863966552,1.552209932030403e-30,0.0,0.007433659219911955
450.92,-0.007916866445733417,1.552209932030403e-30,0.0,-0.004736029088334075
450.94,-0.007724192038547056,1.552209932030403e-30,0.0,0.00963372035932684
450.96,-0.008294644013789163,1.552209932030403e-30,0.0,-0.028522598762131285
450.98,-0.008570955420112587,1.552209932030403e-30,0.0,-0.013815570316144504
451.0,-0.008160133850289693,1.552209932030403e-30,0.0,0.02054107849116338
451.02,-0.00819102113720725,1.552209932030403e-30,0.0,-0.001544364345879254
451.04,-0.008765728322052968,1.552209932030403e-30,0.0,-0.02873535924223038
451.06,-0.00817598197574651,1.552209932030403e-30,0.0,0.029487317315349714
451.08,-0.008159092876973034,1.552209932030403e-30,0.0,0.0008444549386745443
451.1,-0.008382315563048474,1.552209932030403e-30,0.0,-0.011161134303750406
451.12,-0.008616051781907963,1.552209932030403e-30,0.0,-0.011686810942985123
451.14,-0.007866453377181802,1.552209932030403e-30,0.0,0.03747992023634216
451.16,-0.008389608290485398,1.552209932030403e-30,0.0,-0.0261577456651292
451.18,-0.008101312011869978,1.552209932030403e-30,0.0,0.014414813930784061
451.2,-0.007856873377752092,1.552209932030403e-30,0.0,0.012221931705905395
451.22,-0.007447868019238554,1.552209932030403e-30,0.0,0.020450267925637363
451.24,-0.008051099087086473,1.552209932030403e-30,0.0,-0.03016155339242331
451.26,-0.007814028577235217,1.552209932030403e-30,0.0,0.011853525492573583
451.28,-0.008251926251923327,1.552209932030403e-30,0.0,-0.02189488373442541
451.3,-0.008058954814396354,1.552209932030403e-30,0.0,0.009648571876329965
451.32,-0.008119160262080623,1.552209932030403e-30,0.0,-0.003010272384216212
451.34,-0.008138589154674185,1.552209932030403e-30,0.0,-0.0009714446296789552
451.36,-0.007274175473377673,1.552209932030403e-30,0.0,0.04322068406474208
451.38,-0.008018329282402715,1.552209932030403e-30,0.0,-0.03720769045128592
451.4,-0.008426591947339787,1.552209932030403e-30,0.0,-0.02041313324687215
451.42,-0.008567431708268045,1.552209932030403e-30,0.0,-0.007041988046399257
451.44,-0.008596723859133326,1.552209932030403e-30,0.0,-0.0014646075432653584
451.46,-0.008789466180107437,1.552209932030403e-30,0.0,-0.00963711604871434
451.48,-0.0080935511451715,1.552209932030403e-30,0.0,0.034795751746729546
451.5,-0.00785544923588973,1.552209932030403e-30,0.0,0.011905095464099331
451.52,-0.008537100485706195,1.552209932030403e-30,0.0,-0.03408256249085425
451.54,-0.008253721209676464,1.552209932030403e-30,0.0,0.014168963801459147
451.56,-0.007700676128895502,1.552209932030403e-30,0.0,0.027652254039073235
451.58,-0.007584598440444841,1.552209932030403e-30,0.0,0.0058038844225383425
451.6,-0.0075705270803411145,1.552209932030403e-30,0.0,0.0007035680051849525
451.62,-0.007840541144378632,1.552209932030403e-30,0.0,-0.013500703201888158
451.64,-0.00751092888117722,1.552209932030403e-30,0.0,0.016480613160085596
451.66,-0.006753684361018675,1.552209932030403e-30,0.0,0.03786222600785405
451.68,-0.006914738673582034,1.552209932030403e-30,0.0,-0.008052715628175283
451.7,-0.006289924532662489,1.552209932030403e-30,0.0,0.031240707046005657
451.72,-0.00607410237868764,1.552209932030403e-30,0.0,0.010791107698721594
451.74,-0.006771339928252105,1.552209932030403e-30,0.0,-0.03486187747825497
451.76,-0.007107316098238395,1.552209932030403e-30,0.0,-0.016798808499329788
451.78,-0.006849964897307931,1.552209932030403e-30,0.0,0.0128675600465349
451.8,-0.007122512524615427,1.552209932030403e-30,0.0,-0.013627381365348426
451.82,-0.007606817223909037,1.552209932030403e-30,0.0,-0.024215234964702556
451.84,-0.008006622458146484,1.552209932030403e-30,0.0,-0.01999026171189053
451.86,-0.007443763742796066,1.552209932030403e-30,0.0,0.028142935767466508
451.88,-0.00769007320301876,1.552209932030403e-30,0.0,-0.012315473011145916
451.9,-0.007571810418438318,1.552209932030403e-30,0.0,0.005913139229027483
451.92,-0.008397015614159098,1.552209932030403e-30,0.0,-0.04126025978595925
451.94,-0.008392823634353596,1.552209932030403e-30,0.0,0.00020959899027524873
451.96,-0.008280417464303162,1.552209932030403e-30,0.0,0.005620308502526831
451.98,-0.008664102159596806,1.552209932030403e-30,0.0,-0.01918423476464511
452.0,-0.009045481785922578,1.552209932030403e-30,0.0,-0.019068981316305897
452.02,-0.009273490933874409,1.552209932030403e-30,0.0,-0.011400457397601902
452.04,-0.00983804769528234,1.552209932030403e-30,0.0,-0.02822783807034201
452.06,-0.009531579669041244,1.552209932030403e-30,0.0,0.01532340131206867
452.08,-0.009200961542836414,1.552209932030403e-30,0.0,0.016530906310256582
452.1,-0.009385296269125681,1.552209932030403e-30,0.0,-0.009216736314445537
452.12,-0.00909565090783713,1.552209932030403e-30,0.0,0.014482268064440742
452.14,-0.00973786366855581,1.552209932030403e-30,0.0,-0.03211063803596321
452.16,-0.009254241437275853,1.552209932030403e-30,0.0,0.02418111156395118
452.18,-0.00996005014964946,1.552209932030403e-30,0.0,-0.03529043561871242
452.2,-0.010666229079375426,1.552209932030403e-30,0.0,-0.035308946486330386
452.22,-0.010472356370992851,1.552209932030403e-30,0.0,0.009693635419109937
452.24,-0.010899186775775812,1.552209932030403e-30,0.0,-0.0213415202391674
452.26,-0.011304841216990403,1.552209932030403e-30,0.0,-0.020282722060747962
452.28,-0.011807442733302543,1.552209932030403e-30,0.0,-0.025130075815629926
452.3,-0.012088038267552835,1.552209932030403e-30,0.0,-0.014029776712487445
452.32,-0.012179483775752183,1.552209932030403e-30,0.0,-0.004572275409971589
452.34,-0.012307228968992742,1.552209932030403e-30,0.0,-0.006387259662033763
452.36,-0.01244552669731732,1.552209932030403e-30,0.0,-0.006914886416215524
452.38,-0.012926682685509613,1.552209932030403e-30,0.0,-0.024057799409636527
452.4,-0.012587161489311249,1.552209932030403e-30,0.0,0.016976059809933636
452.42,-0.012774624399781678,1.552209932030403e-30,0.0,-0.009373145523503329
452.44,-0.012921707498731675,1.552209932030403e-30,0.0,-0.007354154947506483
452.46,-0.013276730608872564,1.552209932030403e-30,0.0,-0.017751155507060575
452.48,-0.0135864417190675,1.552209932030403e-30,0.0,-0.015485555509716857
452.5,-0.014237320901730946,1.552209932030403e-30,0.0,-0.03254395913320192
452.52,-0.015187974279524646,1.552209932030403e-30,0.0,-0.047532668889728215
452.54,-0.014967771691361778,1.552209932030403e-30,0.0,0.011010129408122179
452.56,-0.014971757100420773,1.552209932030403e-30,0.0,-0.00019927045294988963
452.58,-0.014960031927413122,1.552209932030403e-30,0.0,0.0005862586503830175
452.6,-0.015298860798128191,1.552209932030403e-30,0.0,-0.016941443535720715
452.62,-0.01580791169248421,1.552209932030403e-30,0.0,-0.025452544717824044
452.64,-0.015666744984428427,1.552209932030403e-30,0.0,0.007058335402795491
452.66,-0.01593168603270043,1.552209932030403e-30,0.0,-0.013247052413574585
452.68,-0.015352292179721326,1.552209932030403e-30,0.0,0.02896969264898148
452.7,-0.015928872838341768,1.552209932030403e-30,0.0,-0.028829032931048312
452.72,-0.01566895081777591,1.552209932030403e-30,0.0,0.012996101028267716
452.74,-0.01606198010512705,1.552209932030403e-30,0.0,-0.019651464367574884
452.76,-0.01644163077095637,1.552209932030403e-30,0.0,-0.0189825332914833
452.78,-0.01681786523420805,1.552209932030403e-30,0.0,-0.018811723162601098
452.8,-0.017123992119642287,1.552209932030403e-30,0.0,-0.015306344271682218
452.82,-0.01690010912633559,1.552209932030403e-30,0.0,0.01119414966534495
452.84,-0.01748382948460381,1.552209932030403e-30,0.0,-0.029186017913437487
452.86,-0.017945011361741064,1.552209932030403e-30,0.0,-0.023059093856818102
452.88,-0.017512407049995463,1.552209932030403e-30,0.0,0.02163021558729974
452.9,-0.017505809737682045,1.552209932030403e-30,0.0,0.000329865615671172
452.92,-0.017236212291135485,1.552209932030403e-30,0.0,0.013479872327301889
452.94,-0.016879101542359935,1.552209932030403e-30,0.0,0.01785553743879368
452.96,-0.016557815777095447,1.552209932030403e-30,0.0,0.01606428826323895
452.98,-0.016085638946536678,1.552209932030403e-30,0.0,0.02360884152789287
453.0,-0.015476403293261899,1.552209932030403e-30,0.0,0.03046178266376666
453.02,-0.016048230257095238,1.552209932030403e-30,0.0,-0.02859134819169296
453.04,-0.016072723296155424,1.552209932030403e-30,0.0,-0.0012246519530068987
453.06,-0.016187617956217454,1.552209932030403e-30,0.0,-0.005744733003106696
453.08,-0.01713990581978579,1.552209932030403e-30,0.0,-0.047614393178460064
453.1,-0.016901987207882583,1.552209932030403e-30,0.0,0.011895930595137223
453.12,-0.016677310886399257,1.552209932030403e-30,0.0,0.011233816074176511
453.14,-0.016755967665506143,1.552209932030403e-30,0.0,-0.003932838955347881
453.16,-0.016991559080519095,1.552209932030403e-30,0.0,-0.011779570750624819
453.18,-0.016924723886457858,1.552209932030403e-30,0.0,0.003341759703064933
453.2,-0.01764274754591681,1.552209932030403e-30,0.0,-0.03590118297298014
453.22,-0.018161067682646952,1.552209932030403e-30,0.0,-0.02591600683645704
453.24,-0.017914515403529046,1.552209932030403e-30,0.0,0.012327613955906452
453.26,-0.017663123628837672,1.552209932030403e-30,0.0,0.012569588734580034
453.28,-0.01723626343699339,1.552209932030403e-30,0.0,0.02134300959223348
453.3,-0.017048043079497657,1.552209932030403e-30,0.0,0.00941101787476846
453.32,-0.016445369014721774,1.552209932030403e-30,0.0,0.03013370323882166
453.34,-0.016183372742805006,1.552209932030403e-30,0.0,0.01309981359585026
453.36,-0.01606492780159415,1.552209932030403e-30,0.0,0.005922247060531436
453.38,-0.016090275284043366,1.552209932030403e-30,0.0,-0.001267374122462072
453.4,-0.015695771369148837,1.552209932030403e-30,0.0,0.01972519574474441
453.42,-0.015090802071262427,1.552209932030403e-30,0.0,0.030248464894262056
453.44,-0.015364082481112248,1.552209932030403e-30,0.0,-0.013664020492503497
453.46,-0.014749026888474761,1.552209932030403e-30,0.0,0.030752779631902354
453.48,-0.014743207643471833,1.552209932030403e-30,0.0,0.0002909622501458515
453.5,-0.014692907300808857,1.552209932030403e-30,0.0,0.0025150171331511095
453.52,-0.01489913840876093,1.552209932030403e-30,0.0,-0.010311555397613026
453.54,-0.015821126727139333,1.552209932030403e-30,0.0,-0.046099415918831016
453.56,-0.016893186398747748,1.552209932030403e-30,0.0,-0.053602983580469464
453.58,-0.016700828478022692,1.552209932030403e-30,0.0,0.009617896036261541
453.6,-0.016286504262363763,1.552209932030403e-30,0.0,0.020716210782906332
453.62,-0.01636977697093594,1.552209932030403e-30,0.0,-0.004163635428612576
453.64,-0.015728948110760678,1.552209932030403e-30,0.0,0.03204144300879218
453.66,-0.015318030005046517,1.552209932030403e-30,0.0,0.020545905285668357
453.68,-0.015099468765167452,1.552209932030403e-30,0.0,0.010928061993963243
453.7,-0.014457170527336768,1.552209932030403e-30,0.0,0.032114911891563416
453.72,-0.014329873818713134,1.552209932030403e-30,0.0,0.00636483543116938
453.74,-0.014481350316431928,1.552209932030403e-30,0.0,-0.0075738248859466275
453.76,-0.014427040664879123,1.552209932030403e-30,0.0,0.002715482577642731
453.78,-0.014637275934807133,1.552209932030403e-30,0.0,-0.010511763496410094
453.8,-0.015031752750208781,1.552209932030403e-30,0.0,-0.01972384077004432
453.82,-0.014708008836037526,1.552209932030403e-30,0.0,0.016187195708577518
453.84,-0.014414184664405904,1.552209932030403e-30,0.0,0.014691208581594492
453.86,-0.01464212381309087,1.552209932030403e-30,0.0,-0.011396957434226298
453.88,-0.013942220812480328,1.552209932030403e-30,0.0,0.03499515003055901
453.9,-0.014187867654092747,1.552209932030403e-30,0.0,-0.01228234208063212
453.92,-0.01351203232290743,1.552209932030403e-30,0.0,0.033791766559200485
453.94,-0.013453295467254406,1.552209932030403e-30,0.0,0.002936842782653924
453.96,-0.012928087553239726,1.552209932030403e-30,0.0,0.026260395700757836
453.98,-0.012289497143252451,1.552209932030403e-30,0.0,0.03192952049930203
454.0,-0.011994765527712992,1.552209932030403e-30,0.0,0.01473658077698635
454.02,-0.011854553260644234,1.552209932030403e-30,0.0,0.00701061335344428
454.04,-0.012209771353616955,1.552209932030403e-30,0.0,-0.01776090464860169
454.06,-0.012693908305698309,1.552209932030403e-30,0.0,-0.02420684760408971
454.08,-0.013008277313387091,1.552209932030403e-30,0.0,-0.015718450384453405
454.1,-0.012892042740896654,1.552209932030403e-30,0.0,0.005811728624510571
454.12,-0.013111659514265073,1.552209932030403e-30,0.0,-0.010980838668430895
454.14,-0.012975993836839526,1.552209932030403e-30,0.0,0.006783283871283514
454.16,-0.013596100865673963,1.552209932030403e-30,0.0,-0.031005351441661864
454.18,-0.013664793261285765,1.552209932030403e-30,0.0,-0.0034346197805932483
454.2,-0.0138804600070893,1.552209932030403e-30,0.0,-0.010783337290186558
454.22,-0.013883156638173197,1.552209932030403e-30,0.0,-0.00013483155419454892
454.24,-0.014446463906308426,1.552209932030403e-30,0.0,-0.028165363406787023
454.26,-0.014513423008720454,1.552209932030403e-30,0.0,-0.003347955120604441
454.28,-0.013898661191366466,1.552209932030403e-30,0.0,0.03073809086772735
454.3,-0.013967570213899523,1.552209932030403e-30,0.0,-0.003445451126646184
454.32,-0.013511331804447975,1.552209932030403e-30,0.0,0.02281192047259813
454.34,-0.013451125733860552,1.552209932030403e-30,0.0,0.0030103035293739034
454.36,-0.013341776963573585,1.552209932030403e-30,0.0,0.005467438514337736
454.38,-0.013485614988590505,1.552209932030403e-30,0.0,-0.007191901250852501
454.4,-0.013545513671975684,1.552209932030403e-30,0.0,-0.0029949341692616584
454.42,-0.013308570329192068,1.552209932030403e-30,0.0,0.011847167139157892
454.44,-0.013793966407170628,1.552209932030403e-30,0.0,-0.0242698038989501
454.46,-0.01332061125815606,1.552209932030403e-30,0.0,0.023667757450749952
454.48,-0.013625303458854664,1.552209932030403e-30,0.0,-0.015234610034900738
454.5,-0.013926575994726038,1.552209932030403e-30,0.0,-0.015063626793582387
454.52,-0.014364884907972353,1.552209932030403e-30,0.0,-0.021915445662335668
454.54,-0.014705480918308396,1.552209932030403e-30,0.0,-0.0170298005167692
454.56,-0.014585267396282764,1.552209932030403e-30,0.0,0.00601067610128707
454.58,-0.014232970075127095,1.552209932030403e-30,0.0,0.017614866057799505
454.6,-0.013959721248465949,1.552209932030403e-30,0.0,0.013662441333030888
454.62,-0.013366057509954694,1.552209932030403e-30,0.0,0.029683186925589772
454.64,-0.013697238239339857,1.552209932030403e-30,0.0,-0.016559036469273255
454.66,-0.013108303962668521,1.552209932030403e-30,0.0,0.029446713833509938
454.68,-0.01367147400622723,1.552209932030403e-30,0.0,-0.02815850217796105
454.7,-0.013950835987044078,1.552209932030403e-30,0.0,-0.013968099040855114
454.72,-0.013920870372541437,1.552209932030403e-30,0.0,0.0014982807251291896
454.74,-0.01400146530964037,1.552209932030403e-30,0.0,-0.004029746854950346
454.76,-0.014272433415938897,1.552209932030403e-30,0.0,-0.01354840531493872
454.78,-0.013810562427927265,1.552209932030403e-30,0.0,0.023093549400602625
454.8,-0.013300639906741527,1.552209932030403e-30,0.0,0.025496126059237595
454.82,-0.013556924691130116,1.552209932030403e-30,0.0,-0.012814239219441121
454.84,-0.013875278243478213,1.552209932030403e-30,0.0,-0.01591767761741931
454.86,-0.014341069189137084,1.552209932030403e-30,0.0,-0.023289547282898542
454.88,-0.014087587208532273,1.552209932030403e-30,0.0,0.01267409903025203
454.9,-0.014028228843014063,1.552209932030403e-30,0.0,0.0029679182759132327
454.92,-0.013460213908162176,1.552209932030403e-30,0.0,0.02840074674253943
454.94,-0.013419248125123349,1.552209932030403e-30,0.0,0.002048289151943196
454.96,-0.012979481767883314,1.552209932030403e-30,0.0,0.021988317862021815
454.98,-0.012329079250779758,1.552209932030403e-30,0.0,0.032520125855114906
455.0,-0.011509071359687933,1.552209932030403e-30,0.0,0.041000394554628554
455.02,-0.012071966736970165,1.552209932030403e-30,0.0,-0.028144768864137186
455.04,-0.012508524695130054,1.552209932030403e-30,0.0,-0.021827897907952257
455.06,-0.012976970201964245,1.552209932030403e-30,0.0,-0.02342227534173085
455.08,-0.01277557911262897,1.552209932030403e-30,0.0,0.01006955446677284
455.1,-0.012997953042095514,1.552209932030403e-30,0.0,-0.011118696473305661
455.12,-0.012658778266638755,1.552209932030403e-30,0.0,0.01695873877285335
455.14,-0.012382165022812095,1.552209932030403e-30,0.0,0.013830662191345624
455.16,-0.01225713107748871,1.552209932030403e-30,0.0,0.006251697266157098
455.18,-0.01206131596863283,1.552209932030403e-30,0.0,0.009790755442802997
455.2,-0.012162402775445245,1.552209932030403e-30,0.0,-0.005054340340625374
455.22,-0.012240492181910189,1.552209932030403e-30,0.0,-0.003904470323239644
455.24,-0.012421222315829103,1.552209932030403e-30,0.0,-0.00903650669595396
455.26,-0.012478944748757503,1.552209932030403e-30,0.0,-0.0028861216464226144
455.28,-0.012409557655619878,1.552209932030403e-30,0.0,0.0034693546568844297
455.3,-0.012103747085323704,1.552209932030403e-30,0.0,0.015290528514779115
455.32,-0.011878885342100898,1.552209932030403e-30,0.0,0.011243087161150528
455.34,-0.01211766733592792,1.552209932030403e-30,0.0,-0.011939099691361903
455.36,-0.011976980008394832,1.552209932030403e-30,0.0,0.007034366376640815
455.38,-0.01188823160395341,1.552209932030403e-30,0.0,0.004437420222075126
455.4,-0.012071964412966924,1.552209932030403e-30,0.0,-0.009186640450684036
455.42,-0.011565229994603727,1.552209932030403e-30,0.0,0.02533672091811088
455.44,-0.011612800579754874,1.552209932030403e-30,0.0,-0.00237852925755953
455.46,-0.010953499302501776,1.552209932030403e-30,0.0,0.03296506386268489
455.48,-0.011040971572979773,1.552209932030403e-30,0.0,-0.004373613523891436
455.5,-0.010801577403889116,1.552209932030403e-30,0.0,0.011969708454543733
455.52,-0.010237691647572818,1.552209932030403e-30,0.0,0.028194287815840498
455.54,-0.010362475399578751,1.552209932030403e-30,0.0,-0.006239187600284575
455.56,-0.010437265331693216,1.552209932030403e-30,0.0,-0.003739496605726596
455.58,-0.010868974620868572,1.552209932030403e-30,0.0,-0.021585464458787448
455.6,-0.011262927876136452,1.552209932030403e-30,0.0,-0.019697662763355925
455.62,-0.011089688330930055,1.552209932030403e-30,0.0,0.008661977260327799
455.64,-0.010981860917965852,1.552209932030403e-30,0.0,0.005391370648215024
455.66,-0.01148252043230298,1.552209932030403e-30,0.0,-0.025032975716807952
455.68,-0.011714185705226832,1.552209932030403e-30,0.0,-0.011583263646203157
455.7,-0.011447433759974836,1.552209932030403e-30,0.0,0.01333759726261195
455.72,-0.011523140132969517,1.552209932030403e-30,0.0,-0.0037853186497267223
455.74,-0.011351508346929308,1.552209932030403e-30,0.0,0.008581589302018256
455.76,-0.011947833231789735,1.552209932030403e-30,0.0,-0.02981624424304848
455.78,-0.011976302138331538,1.552209932030403e-30,0.0,-0.0014234453270915005
455.8,-0.011306122844318141,1.552209932030403e-30,0.0,0.03350896470060504
455.82,-0.010375954112069385,1.552209932030403e-30,0.0,0.046508436612480164
455.84,-0.010447896479932607,1.552209932030403e-30,0.0,-0.0035971183931644488
455.86,-0.010437814803414072,1.552209932030403e-30,0.0,0.0005040838259258528
455.88,-0.010798886781507644,1.552209932030403e-30,0.0,-0.018053598904695056
455.9,-0.010426703593904406,1.552209932030403e-30,0.0,0.01860915938017882
455.92,-0.010901825884965423,1.552209932030403e-30,0.0,-0.0237561145530049
455.94,-0.010545958947231841,1.552209932030403e-30,0.0,0.01779334688669525
455.96,-0.01073482407270891,1.552209932030403e-30,0.0,-0.009443256273862076
455.98,-0.010957489405475902,1.552209932030403e-30,0.0,-0.011133266638328088
456.0,-0.01050491724371797,1.552209932030403e-30,0.0,0.02262860808791717
456.02,-0.011132048590649165,1.552209932030403e-30,0.0,-0.0313565673465883
456.04,-0.011614492524539352,1.552209932030403e-30,0.0,-0.02412219669446272
456.06,-0.011891601691108039,1.552209932030403e-30,0.0,-0.01385545832844693
456.08,-0.01179412523484692,1.552209932030403e-30,0.0,0.004873822813060356
456.1,-0.012956018418570225,1.552209932030403e-30,0.0,-0.05809465918605293
456.12,-0.012553932088387761,1.552209932030403e-30,0.0,0.020104316509141466
456.14,-0.01153154456493427,1.552209932030403e-30,0.0,0.05111937617272098
456.16,-0.010881450499858432,1.552209932030403e-30,0.0,0.032504703253729145
456.18,-0.010830592684909879,1.552209932030403e-30,0.0,0.002542890747429961
456.2,-0.011244512935175394,1.552209932030403e-30,0.0,-0.02069601251329454
456.22,-0.010968482141205134,1.552209932030403e-30,0.0,0.01380153969848626
456.24,-0.011748690688023356,1.552209932030403e-30,0.0,-0.03901042734094656
456.26,-0.012269001124975793,1.552209932030403e-30,0.0,-0.026015521847645544
456.28,-0.012020147425772423,1.552209932030403e-30,0.0,0.012442684960179827
456.3,-0.012546845122185273,1.552209932030403e-30,0.0,-0.02633488482059167
456.32,-0.012478434205995469,1.552209932030403e-30,0.0,0.003420545809493351
456.34,-0.012795271093413644,1.552209932030403e-30,0.0,-0.015841844370923123
456.36,-0.01290965352061559,1.552209932030403e-30,0.0,-0.005719121360086308
456.38,-0.012709910479439486,1.552209932030403e-30,0.0,0.00998715205881432
456.4,-0.01297825097461857,1.552209932030403e-30,0.0,-0.013417024758966395
456.42,-0.01308371962579476,1.552209932030403e-30,0.0,-0.005273432558799294
456.44,-0.013528988446436753,1.552209932030403e-30,0.0,-0.022263441032119823
456.46,-0.013518597157332234,1.552209932030403e-30,0.0,0.0005195644552263788
456.48,-0.013499255189496013,1.552209932030403e-30,0.0,0.0009670983918092368
456.5,-0.01335417357644314,1.552209932030403e-30,0.0,0.007254080652650189
456.52,-0.013516154122140956,1.552209932030403e-30,0.0,-0.008099027284898176
456.54,-0.013498938913933398,1.552209932030403e-30,0.0,0.0008607604103762333
456.56,-0.01272401753793059,1.552209932030403e-30,0.0,0.03874606880017567
456.58,-0.01271704165523005,1.552209932030403e-30,0.0,0.00034879413502735836
456.6,-0.012444443648381492,1.552209932030403e-30,0.0,0.013629900342401517
456.62,-0.012175017822003661,1.552209932030403e-30,0.0,0.013471291318903771
456.64,-0.012542185610482188,1.552209932030403e-30,0.0,-0.01835838942394302
456.66,-0.012870280355163815,1.552209932030403e-30,0.0,-0.01640473723404958
456.68,-0.013259629513611699,1.552209932030403e-30,0.0,-0.019467457922411887
456.7,-0.01294548959762338,1.552209932030403e-30,0.0,0.01570699579943015
456.72,-0.012697550221501536,1.552209932030403e-30,0.0,0.0123969688060683
456.74,-0.012752355701788497,1.552209932030403e-30,0.0,-0.0027402740143505776
456.76,-0.012911576095926823,1.552209932030403e-30,0.0,-0.00796101970692358
456.78,-0.013435362447541293,1.552209932030403e-30,0.0,-0.026189317580747364
456.8,-0.01330222937852085,1.552209932030403e-30,0.0,0.006656653451009284
456.82,-0.013178363029741395,1.552209932030403e-30,0.0,0.006193317438978354
456.84,-0.013228502911152087,1.552209932030403e-30,0.0,-0.002506994070536876
456.86,-0.01289239926967145,1.552209932030403e-30,0.0,0.016805182073999364
456.88,-0.012457366273964368,1.552209932030403e-30,0.0,0.02175164978537395
456.9,-0.012793671847121846,1.552209932030403e-30,0.0,-0.016815278657889187
456.92,-0.012743716985708068,1.552209932030403e-30,0.0,0.0024977430706840833
456.94,-0.012833632939504066,1.552209932030403e-30,0.0,-0.004495797689803996
456.96,-0.013242643661333814,1.552209932030403e-30,0.0,-0.020450536091506027
456.98,-0.01334042265337537,1.552209932030403e-30,0.0,-0.004888949602068385
457.0,-0.013332173353895497,1.552209932030403e-30,0.0,0.0004124649739940542
457.02,-0.013821946947685843,1.552209932030403e-30,0.0,-0.024488679689539553
457.04,-0.013800370306712809,1.552209932030403e-30,0.0,0.0010788320486496002
457.06,-0.013739258138703109,1.552209932030403e-30,0.0,0.0030556084004877827
457.08,-0.013830503587627004,1.552209932030403e-30,0.0,-0.004562272446198849
457.1,-0.014545913831257253,1.552209932030403e-30,0.0,-0.03577051218144335
457.12,-0.015239255740769436,1.552209932030403e-30,0.0,-0.03466709547564071
457.14,-0.014948400441474037,1.552209932030403e-30,0.0,0.014542764964783166
457.16,-0.015042141760327893,1.552209932030403e-30,0.0,-0.004687065942683734
457.18,-0.015167433007542488,1.552209932030403e-30,0.0,-0.006264562360735469
457.2,-0.015109718487328432,1.552209932030403e-30,0.0,0.002885726010705459
457.22,-0.01429952278947449,1.552209932030403e-30,0.0,0.04050978489261881
457.24,-0.01438400237664008,1.552209932030403e-30,0.0,-0.004223979358283348
457.26,-0.014815876693024211,1.552209932030403e-30,0.0,-0.021593715819226183
457.28,-0.014622334923244187,1.552209932030403e-30,0.0,0.009677088489010006
457.3,-0.014460952985206615,1.552209932030403e-30,0.0,0.008069096901862994
457.32,-0.014796520264266227,1.552209932030403e-30,0.0,-0.01677836395299589
457.34,-0.014834585249529202,1.552209932030403e-30,0.0,-0.0019032492631504694
457.36,-0.014647229109673799,1.552209932030403e-30,0.0,0.009367806992752059
457.38,-0.0143016460597441,1.552209932030403e-30,0.0,0.017279152496500652
457.4,-0.013835739734726824,1.552209932030403e-30,0.0,0.023295316250884927
457.42,-0.014173236246536254,1.552209932030403e-30,0.0,-0.016874825590438864
457.44,-0.01468997601311519,1.552209932030403e-30,0.0,-0.025836988328970287
457.46,-0.014935919642985098,1.552209932030403e-30,0.0,-0.012297181493506623
457.48,-0.015820050135940192,1.552209932030403e-30,0.0,-0.04420652464766918
457.5,-0.015136190663762822,1.552209932030403e-30,0.0,0.03419297360889958
457.52,-0.01469790727370941,1.552209932030403e-30,0.0,0.021914169502690446
457.54,-0.014511340850811403,1.552209932030403e-30,0.0,0.009328321144882343
457.56,-0.014100291114499643,1.552209932030403e-30,0.0,0.020552486815606667
457.58,-0.014185234321009741,1.552209932030403e-30,0.0,-0.0042471603255087535
457.6,-0.01435407782530173,1.552209932030403e-30,0.0,-0.008442175214583118
457.62,-0.014797200365956581,1.552209932030403e-30,0.0,-0.02215612703276269
457.64,-0.014511692254353649,1.552209932030403e-30,0.0,0.014275405580159542
457.66,-0.014620089260509523,1.552209932030403e-30,0.0,-0.005419850307783219
457.68,-0.014735297613068679,1.552209932030403e-30,0.0,-0.005760417627962995
457.7,-0.014526856686351276,1.552209932030403e-30,0.0,0.010422046335879643
457.72,-0.014217420459701932,1.552209932030403e-30,0.0,0.015471811332437215
457.74,-0.013928403766079133,1.552209932030403e-30,0.0,0.01445083468115311
457.76,-0.01323843476403076,1.552209932030403e-30,0.0,0.034498450102450014
457.78,-0.013595462197542893,1.552209932030403e-30,0.0,-0.017851371675622847
457.8,-0.013332885999026016,1.552209932030403e-30,0.0,0.013128809925818457
457.82,-0.013166958458669943,1.552209932030403e-30,0.0,0.008296377017811172
457.84,-0.012972007121406401,1.552209932030403e-30,0.0,0.009747566863185978
457.86,-0.01329148871653984,1.552209932030403e-30,0.0,-0.015974079756641085
457.88,-0.013103079852419264,1.552209932030403e-30,0.0,0.009420443206037361
457.9,-0.013182897974837932,1.552209932030403e-30,0.0,-0.003990906120937023
457.92,-0.01412458566183049,1.552209932030403e-30,0.0,-0.04708438434953692
457.94,-0.014725915268562314,1.552209932030403e-30,0.0,-0.030066480336618545
457.96,-0.014754771695805266,1.552209932030403e-30,0.0,-0.0014428213621489213
457.98,-0.014719691038715737,1.552209932030403e-30,0.0,0.001754032854473049
458.0,-0.014369477986716719,1.552209932030403e-30,0.0,0.01751065259996685
458.02,-0.014744678495862565,1.552209932030403e-30,0.0,-0.01876002545730934
458.04,-0.01458932160805663,1.552209932030403e-30,0.0,0.007767844390281769
458.06,-0.01508856828745434,1.552209932030403e-30,0.0,-0.02496233396990819
458.08,-0.016198240623337756,1.552209932030403e-30,0.0,-0.05548361679422132
458.1,-0.015922331231909434,1.552209932030403e-30,0.0,0.013795469571389449
458.12,-0.01606205526879526,1.552209932030403e-30,0.0,-0.006986201844297673
458.14,-0.0162076407416278,1.552209932030403e-30,0.0,-0.007279273641633727
458.16,-0.01725885978172944,1.552209932030403e-30,0.0,-0.05256095200498043
458.18,-0.017291347093418764,1.552209932030403e-30,0.0,-0.0016243655844677147
458.2,-0.01675431754757424,1.552209932030403e-30,0.0,0.02685147729225065
458.22,-0.0166919671208672,1.552209932030403e-30,0.0,0.003117521335346017
458.24,-0.01694232161003502,1.552209932030403e-30,0.0,-0.012517724458402315
458.26,-0.017111992639217605,1.552209932030403e-30,0.0,-0.008483551459137106
458.28,-0.01765522800626711,1.552209932030403e-30,0.0,-0.02716176835249987
458.3,-0.017523960243791974,1.552209932030403e-30,0.0,0.006563388123744073
458.32,-0.017005635077128677,1.552209932030403e-30,0.0,0.02591625833318847
458.34,-0.01630974404933264,1.552209932030403e-30,0.0,0.034794551389833416
458.36,-0.016102682250140693,1.552209932030403e-30,0.0,0.010353089959577297
458.38,-0.016454104990926727,1.552209932030403e-30,0.0,-0.01757113703931759
458.4,-0.016209860230897596,1.552209932030403e-30,0.0,0.012212238001467703
458.42,-0.016778581349459396,1.552209932030403e-30,0.0,-0.02843605592803504
458.44,-0.017556337410382015,1.552209932030403e-30,0.0,-0.038887803046166375
458.46,-0.01788194282368206,1.552209932030403e-30,0.0,-0.0162802706650171
458.48,-0.01820875685569799,1.552209932030403e-30,0.0,-0.0163407016007649
458.5,-0.01819329037006184,1.552209932030403e-30,0.0,0.0007733242818083033
458.52,-0.01781735026486287,1.552209932030403e-30,0.0,0.01879700525996557
458.54,-0.018821038426955893,1.552209932030403e-30,0.0,-0.05018440810455416
458.56,-0.017822343101126504,1.552209932030403e-30,0.0,0.049934766291514804
458.58,-0.016803443101714503,1.552209932030403e-30,0.0,0.050944999970646346
458.6,-0.017293081088395505,1.552209932030403e-30,0.0,-0.024481899334002733
458.62,-0.0180943107807489,1.552209932030403e-30,0.0,-0.04006148461770609
458.64,-0.01816247259242064,1.552209932030403e-30,0.0,-0.0034080905835902095
458.66,-0.01843739101830016,1.552209932030403e-30,0.0,-0.01374592129394946
458.68,-0.018613124164165343,1.552209932030403e-30,0.0,-0.008786657293267074
458.7,-0.018954254690016388,1.552209932030403e-30,0.0,-0.0170565262925678
458.72,-0.019354622932559688,1.552209932030403e-30,0.0,-0.020018412127126354
458.74,-0.020035269431520494,1.552209932030403e-30,0.0,-0.03403232494807121
458.76,-0.02048530411322494,1.552209932030403e-30,0.0,-0.02250173408524274
458.78,-0.019549446990965374,1.552209932030403e-30,0.0,0.04679285611302083
458.8,-0.020687230674172698,1.552209932030403e-30,0.0,-0.05688918416025622
458.82,-0.020949746067028763,1.552209932030403e-30,0.0,-0.013125769642815196
458.84,-0.021966390414541345,1.552209932030403e-30,0.0,-0.05083221737567526
458.86,-0.02159163336301095,1.552209932030403e-30,0.0,0.018737852576483558
458.88,-0.021466219906184733,1.552209932030403e-30,0.0,0.00627067284131659
458.9,-0.021579604677853526,1.552209932030403e-30,0.0,-0.005669238583444834
458.92,-0.021457409359942076,1.552209932030403e-30,0.0,0.006109765895560602
458.94,-0.021116332665655456,1.552209932030403e-30,0.0,0.017053834714346523
458.96,-0.0214917429128021,1.552209932030403e-30,0.0,-0.018770512357349185
458.98,-0.02121585903130914,1.552209932030403e-30,0.0,0.013794194074621374
459.0,-0.021675846492097514,1.552209932030403e-30,0.0,-0.022999373039439663
459.02,-0.021003759492569395,1.552209932030403e-30,0.0,0.03360434997643647
459.04,-0.021089718179830876,1.552209932030403e-30,0.0,-0.004297934363065663
459.06,-0.021350605329175917,1.552209932030403e-30,0.0,-0.013044357467263906
459.08,-0.021615703723123127,1.552209932030403e-30,0.0,-0.013254919697372585
459.1,-0.021042544418691102,1.552209932030403e-30,0.0,0.028657965221545817
459.12,-0.02130739447876956,1.552209932030403e-30,0.0,-0.013242503003934918
459.14,-0.021283780745999778,1.552209932030403e-30,0.0,0.0011806866384901859
459.16,-0.020500474093913586,1.552209932030403e-30,0.0,0.03916533260423385
459.18,-0.019942692637786127,1.552209932030403e-30,0.0,0.027889072806398227
459.2,-0.01951943544649866,1.552209932030403e-30,0.0,0.02116285956439261
459.22,-0.0194396084267374,1.552209932030403e-30,0.0,0.003991350988055229
459.24,-0.018647019320213048,1.552209932030403e-30,0.0,0.03962945532625364
459.26,-0.018917233245928946,1.552209932030403e-30,0.0,-0.013510696285807252
459.28,-0.018518518404620356,1.552209932030403e-30,0.0,0.019935742065447553
459.3,-0.018147733294269216,1.552209932030403e-30,0.0,0.018539255517521083
459.32,-0.01825780987471603,1.552209932030403e-30,0.0,-0.005503829022345669
459.34,-0.01880606777718516,1.552209932030403e-30,0.0,-0.027412895123481468
459.36,-0.01894958214890153,1.552209932030403e-30,0.0,-0.007175718585804568
459.38,-0.019375974264864263,1.552209932030403e-30,0.0,-0.021319605798156102
459.4,-0.019401891991358094,1.552209932030403e-30,0.0,-0.0012958863246926953
459.42,-0.01929268457274044,1.552209932030403e-30,0.0,0.005460370930872249
459.44,-0.018465652119601106,1.552209932030403e-30,0.0,0.04135162265700431
459.46,-0.018228354023904117,1.552209932030403e-30,0.0,0.011864904784860178
459.48,-0.018535684183020526,1.552209932030403e-30,0.0,-0.015366507955790783
459.5,-0.019028843132817937,1.552209932030403e-30,0.0,-0.024657947489892994
459.52,-0.018808264141386,1.552209932030403e-30,0.0,0.011028949571606977
459.54,-0.018645114740230145,1.552209932030403e-30,0.0,0.008157470057776891
459.56,-0.019347384279280292,1.552209932030403e-30,0.0,-0.03511347695253935
459.58,-0.018655600023395082,1.552209932030403e-30,0.0,0.03458921279429186
459.6,-0.019180480777237066,1.552209932030403e-30,0.0,-0.026244037692048545
459.62,-0.019186369452134606,1.552209932030403e-30,0.0,-0.00029443374487730055
459.64,-0.018497890380777558,1.552209932030403e-30,0.0,0.03442395356788373
459.66,-0.01792720605485506,1.552209932030403e-30,0.0,0.028534216296069816
459.68,-0.018115443788589928,1.552209932030403e-30,0.0,-0.009411886686751983
459.7,-0.017936065681023464,1.552209932030403e-30,0.0,0.008968905378331254
459.72,-0.017851989159344637,1.552209932030403e-30,0.0,0.004203826083933172
459.74,-0.017717040460925374,1.552209932030403e-30,0.0,0.006747434920969202
459.76,-0.01719602225221492,1.552209932030403e-30,0.0,0.02605091043554629
459.78,-0.017072339935159414,1.552209932030403e-30,0.0,0.006184115852780977
459.8,-0.017788720294214806,1.552209932030403e-30,0.0,-0.03581901795270032
459.82,-0.017423268379437317,1.552209932030403e-30,0.0,0.018272595738891066
459.84,-0.017673063709491846,1.552209932030403e-30,0.0,-0.012489766502737901
459.86,-0.01761681568936091,1.552209932030403e-30,0.0,0.0028124010065414557
459.88,-0.01786050013605083,1.552209932030403e-30,0.0,-0.012184222334507116
459.9,-0.017305500734748923,1.552209932030403e-30,0.0,0.027749970065120665
459.92,-0.016793289786524185,1.552209932030403e-30,0.0,0.025610547411187436
459.94,-0.017114922555564117,1.552209932030403e-30,0.0,-0.016081638452011153
459.96,-0.017391860549046487,1.552209932030403e-30,0.0,-0.013846899674131129
459.98,-0.017698753738268996,1.552209932030403e-30,0.0,-0.015344659461095825
460.0,-0.017740160542269335,1.552209932030403e-30,0.0,-0.002070340200018853
460.02,-0.01723401796969858,1.552209932030403e-30,0.0,0.02530712862856088
460.04,-0.016744795080365325,1.552209932030403e-30,0.0,0.024461144466615445
460.06,-0.017380410469197107,1.552209932030403e-30,0.0,-0.03178076944161794
460.08,-0.01736039383090656,1.552209932030403e-30,0.0,0.001000831914528222
460.1,-0.016910437303292298,1.552209932030403e-30,0.0,0.022497826380669723
460.12,-0.01712095778604518,1.552209932030403e-30,0.0,-0.010526024137653713
460.14,-0.01585774245316713,1.552209932030403e-30,0.0,0.06316076664395996
460.16,-0.01603054457361848,1.552209932030403e-30,0.0,-0.00864010602255088
460.18,-0.016260183881654164,1.552209932030403e-30,0.0,-0.011481965401794596
460.2,-0.016897046753919346,1.552209932030403e-30,0.0,-0.03184314361328815
460.22,-0.01724337629909381,1.552209932030403e-30,0.0,-0.01731647725868972
460.24,-0.01762600891734617,1.552209932030403e-30,0.0,-0.019131630912635342
460.26,-0.017975768938120786,1.552209932030403e-30,0.0,-0.017488001038746728
460.28,-0.018021359972871524,1.552209932030403e-30,0.0,-0.0022795517375389747
460.3,-0.018472024960882582,1.552209932030403e-30,0.0,-0.02253324940050943
460.32,-0.01902591893670952,1.552209932030403e-30,0.0,-0.02769469879137206
460.34,-0.019250183493625034,1.552209932030403e-30,0.0,-0.011213227845786053
460.36,-0.01955474922080842,1.552209932030403e-30,0.0,-0.01522828635913991
460.38,-0.019710653784767933,1.552209932030403e-30,0.0,-0.007795228197982785
460.4,-0.018965965804548686,1.552209932030403e-30,0.0,0.03723439901099625
460.42,-0.018402041511588918,1.552209932030403e-30,0.0,0.02819621464793395
460.44,-0.01883129428707084,1.552209932030403e-30,0.0,-0.02146263877411561
460.46,-0.01870336497902502,1.552209932030403e-30,0.0,0.006396465402296915
460.48,-0.01848338934679626,1.552209932030403e-30,0.0,0.010998781611416666
460.5,-0.01835816777551269,1.552209932030403e-30,0.0,0.006261078564184266
460.52,-0.018712503485250463,1.552209932030403e-30,0.0,-0.01771678548690471
460.54,-0.019229588277852507,1.552209932030403e-30,0.0,-0.02585423963005224
460.56,-0.019456666057368226,1.552209932030403e-30,0.0,-0.011353888975796214
460.58,-0.019687691842377272,1.552209932030403e-30,0.0,-0.011551289250462924
460.6,-0.020022731969734014,1.552209932030403e-30,0.0,-0.016752006367804634
460.62,-0.020664256320921972,1.552209932030403e-30,0.0,-0.03207621755942714
460.64,-0.01983501402630053,1.552209932030403e-30,0.0,0.041462114731109855
460.66,-0.02002428965053351,1.552209932030403e-30,0.0,-0.009463781211630705
460.68,-0.020018000794921612,1.552209932030403e-30,0.0,0.00031444278059519776
460.7,-0.02041409442416965,1.552209932030403e-30,0.0,-0.019804681462419923
460.72,-0.020709386842345277,1.552209932030403e-30,0.0,-0.014764620908752675
460.74,-0.021027961451043943,1.552209932030403e-30,0.0,-0.015928730434947844
460.76,-0.021247860518352913,1.552209932030403e-30,0.0,-0.010994953365458566
460.78,-0.021124965532188438,1.552209932030403e-30,0.0,0.006144749308229257
460.8,-0.020596822400189712,1.552209932030403e-30,0.0,0.026407156599885268
460.82,-0.020825150758734354,1.552209932030403e-30,0.0,-0.011416417927242396
460.84,-0.02034651444920232,1.552209932030403e-30,0.0,0.023931815476623455
460.86,-0.019883825740806892,1.552209932030403e-30,0.0,0.023134435419726717
460.88,-0.020266968277484306,1.552209932030403e-30,0.0,-0.019157126833888146
460.9,-0.019922143071003918,1.552209932030403e-30,0.0,0.01724126032403518
460.92,-0.02091896045099113,1.552209932030403e-30,0.0,-0.04984086899926426
460.94,-0.021042299969637,1.552209932030403e-30,0.0,-0.006166975932299028
460.96,-0.021134590663087795,1.552209932030403e-30,0.0,-0.004614534672543997
460.98,-0.021000393356345366,1.552209932030403e-30,0.0,0.006709865337108477
461.0,-0.020547542175896275,1.552209932030403e-30,0.0,0.02264255902247511
461.02,-0.02082413297145299,1.552209932030403e-30,0.0,-0.013829539777848223
461.04,-0.02059825179516111,1.552209932030403e-30,0.0,0.011294058814572232
461.06,-0.020948488289002292,1.552209932030403e-30,0.0,-0.017511824692075156
461.08,-0.021175634197727264,1.552209932030403e-30,0.0,-0.011357295436259005
461.1,-0.021299176532065364,1.552209932030403e-30,0.0,-0.006177116716893044
461.12,-0.02156102142529911,1.552209932030403e-30,0.0,-0.01309224466169937
461.14,-0.021689423127733233,1.552209932030403e-30,0.0,-0.00642008512171185
461.16,-0.021138726460544814,1.552209932030403e-30,0.0,0.027534833359367655
461.18,-0.02147305590756405,1.552209932030403e-30,0.0,-0.016716472350976893
461.2,-0.021203329521116476,1.552209932030403e-30,0.0,0.013486319322390994
461.22,-0.02096877253232517,1.552209932030403e-30,0.0,0.011727849439542566
461.24,-0.02094861692325749,1.552209932030403e-30,0.0,0.0010077804533849023
461.26,-0.020685298651109508,1.552209932030403e-30,0.0,0.013165913607411144
461.28,-0.021019621707848272,1.552209932030403e-30,0.0,-0.016716152836953324
461.3,-0.0208600958425037,1.552209932030403e-30,0.0,0.007976293267213105
461.32,-0.02101654701597717,1.552209932030403e-30,0.0,-0.007822558673680584
461.34,-0.021398429351994368,1.552209932030403e-30,0.0,-0.019094116800877154
461.36,-0.02170814378778077,1.552209932030403e-30,0.0,-0.015485721789290174
461.38,-0.021185212844520435,1.552209932030403e-30,0.0,0.026146547163040493
461.4,-0.021294590869802985,1.552209932030403e-30,0.0,-0.005468901264132472
461.42,-0.02057606420993756,1.552209932030403e-30,0.0,0.035926332993201825
461.44,-0.020514280681462625,1.552209932030403e-30,0.0,0.003089176423749429
461.46,-0.020572657107174003,1.552209932030403e-30,0.0,-0.0029188212855714934
461.48,-0.02059445000921777,1.552209932030403e-30,0.0,-0.0010896451021861755
461.5,-0.020916330824462013,1.552209932030403e-30,0.0,-0.016094040762226786
461.52,-0.02162519122447865,1.552209932030403e-30,0.0,-0.03544302000086407
461.54,-0.02156850904322401,1.552209932030403e-30,0.0,0.002834109062726538
461.56,-0.021796274137489826,1.552209932030403e-30,0.0,-0.011388254713301054
461.58,-0.022196318867545247,1.552209932030403e-30,0.0,-0.02000223650278922
461.6,-0.02219768085893606,1.552209932030403e-30,0.0,-6.809956954039031e-05
461.62,-0.021762564240113486,1.552209932030403e-30,0.0,0.02175583094114838
461.64,-0.021253491533157712,1.552209932030403e-30,0.0,0.02545363534781187
461.66,-0.021108848639755536,1.552209932030403e-30,0.0,0.00723214467009486
461.68,-0.020920151777071187,1.552209932030403e-30,0.0,0.009434843134226094
461.7,-0.021022809049398485,1.552209932030403e-30,0.0,-0.005132863616369536
461.72,-0.021320779109801763,1.552209932030403e-30,0.0,-0.014898503020135154
461.74,-0.021482134781337234,1.552209932030403e-30,0.0,-0.008067783576780984
461.76,-0.02172629949958524,1.552209932030403e-30,0.0,-0.012208235912411262
461.78,-0.02199948639791307,1.552209932030403e-30,0.0,-0.013659344916403986
461.8,-0.02129328050791921,1.552209932030403e-30,0.0,0.03531029449962469
461.82,-0.020891309234757023,1.552209932030403e-30,0.0,0.020098563658127674
461.84,-0.019762152521117682,1.552209932030403e-30,0.0,0.0564578356820185
461.86,-0.019496832656579022,1.552209932030403e-30,0.0,0.013265993226907254
461.88,-0.01978024225866914,1.552209932030403e-30,0.0,-0.014170480104518856
461.9,-0.020231196660180726,1.552209932030403e-30,0.0,-0.02254772007559974
461.92,-0.020456727293101568,1.552209932030403e-30,0.0,-0.011276531646020311
461.94,-0.02076636408240639,1.552209932030403e-30,0.0,-0.015481839465255203
461.96,-0.020372399572585152,1.552209932030403e-30,0.0,0.01969822549107982
461.98,-0.02048193526227333,1.552209932030403e-30,0.0,-0.0054767844843983575
462.0,-0.02068761440234517,1.552209932030403e-30,0.0,-0.010283957003601327
462.02,-0.02026122129509368,1.552209932030403e-30,0.0,0.02131965536259395
462.04,-0.02016968994310795,1.552209932030403e-30,0.0,0.004576567599277754
462.06,-0.02079286048371415,1.552209932030403e-30,0.0,-0.031158527030338324
462.08,-0.021576574108924714,1.552209932030403e-30,0.0,-0.03918568126056386
462.1,-0.02143925200518261,1.552209932030403e-30,0.0,0.0068661051870918645
462.12,-0.02130522010147442,1.552209932030403e-30,0.0,0.006701595185415608
462.14,-0.021797736199781894,1.552209932030403e-30,0.0,-0.02462580491539613
462.16,-0.02173093037747955,1.552209932030403e-30,0.0,0.0033402911151106883
462.18,-0.022042968192505112,1.552209932030403e-30,0.0,-0.015601890751292223
462.2,-0.021967031384347618,1.552209932030403e-30,0.0,0.003796840407878218
462.22,-0.022343245737062683,1.552209932030403e-30,0.0,-0.01881071763571691
462.24,-0.022007910421923,1.552209932030403e-30,0.0,0.01676676575699945
462.26,-0.021644225021280123,1.552209932030403e-30,0.0,0.01818427003216028
462.28,-0.021634349450684365,1.552209932030403e-30,0.0,0.0004937785297883182
462.3,-0.02212312158569255,1.552209932030403e-30,0.0,-0.024438606750361986
462.32,-0.02299710378773715,1.552209932030403e-30,0.0,-0.04369911010226986
462.34,-0.022495925999914415,1.552209932030403e-30,0.0,0.025058889391159585
462.36,-0.02206609970704871,1.552209932030403e-30,0.0,0.02149131464324369
462.38,-0.021462645829169943,1.552209932030403e-30,0.0,0.030172693893965718
462.4,-0.021820757056780982,1.552209932030403e-30,0.0,-0.017905561380568154
462.42,-0.021652075081634685,1.552209932030403e-30,0.0,0.008434098757298504
462.44,-0.02095529303591653,1.552209932030403e-30,0.0,0.034839102285939366
462.46,-0.020730717693565076,1.552209932030403e-30,0.0,0.0112287671175829
462.48,-0.020906607362225434,1.552209932030403e-30,0.0,-0.008794483433000903
462.5,-0.020968337197513412,1.552209932030403e-30,0.0,-0.003086491764401711
462.52,-0.020979092856504334,1.552209932030403e-30,0.0,-0.0005377829495465564
462.54,-0.021179889870007972,1.552209932030403e-30,0.0,-0.01003985067516256
462.56,-0.021024701521614633,1.552209932030403e-30,0.0,0.007759417419673952
462.58,-0.021691631652102035,1.552209932030403e-30,0.0,-0.03334650652440039
462.6,-0.021749606493023065,1.552209932030403e-30,0.0,-0.0028987420460458995
462.62,-0.022729498610974987,1.552209932030403e-30,0.0,-0.048994605897640646
462.64,-0.02286041400063125,1.552209932030403e-30,0.0,-0.0065457694828192445
462.66,-0.023083795594370852,1.552209932030403e-30,0.0,-0.011169079686958482
462.68,-0.023306019272853046,1.552209932030403e-30,0.0,-0.011111183924119914
462.7,-0.023439929516032534,1.552209932030403e-30,0.0,-0.006695512158980552
462.72,-0.02367057688073843,1.552209932030403e-30,0.0,-0.011532368235272419
462.74,-0.023734170252483283,1.552209932030403e-30,0.0,-0.00317966858724557
462.76,-0.0228517711768255,1.552209932030403e-30,0.0,0.044119953782929294
462.78,-0.02278358893520466,1.552209932030403e-30,0.0,0.0034091120810450675
462.8,-0.022169636271108222,1.552209932030403e-30,0.0,0.030697633204762577
462.82,-0.021479354845589823,1.552209932030403e-30,0.0,0.03451407127595127
462.84,-0.021016335769344585,1.552209932030403e-30,0.0,0.023150953812282986
462.86,-0.021849487403181336,1.552209932030403e-30,0.0,-0.04165758169175714
462.88,-0.022092762846792464,1.552209932030403e-30,0.0,-0.012163772180567503
462.9,-0.022005199403289856,1.552209932030403e-30,0.0,0.00437817217513442
462.92,-0.02121876399593989,1.552209932030403e-30,0.0,0.03932177036742232
462.94,-0.02057062536947006,1.552209932030403e-30,0.0,0.032406931323521036
462.96,-0.020584254388838166,1.552209932030403e-30,0.0,-0.0006814509684058609
462.98,-0.020920679369715107,1.552209932030403e-30,0.0,-0.016821249043814532
463.0,-0.021248077039841523,1.552209932030403e-30,0.0,-0.016369883506335624
463.02,-0.021472531991143618,1.552209932030403e-30,0.0,-0.011222747565115019
463.04,-0.021108057013129462,1.552209932030403e-30,0.0,0.018223748900672646
463.06,-0.02128357647766318,1.552209932030403e-30,0.0,-0.008775973226693799
463.08,-0.020711755130502052,1.552209932030403e-30,0.0,0.02859106735808238
463.1,-0.020815518773177877,1.552209932030403e-30,0.0,-0.005188182133781186
463.12,-0.019800884044261627,1.552209932030403e-30,0.0,0.050731736445858724
463.14,-0.019688993257477316,1.552209932030403e-30,0.0,0.00559453933922062
463.16,-0.020148827461158186,1.552209932030403e-30,0.0,-0.022991710183999127
463.18,-0.020658818291671478,1.552209932030403e-30,0.0,-0.0254995415256878
463.2,-0.02153386438905925,1.552209932030403e-30,0.0,-0.04375230486942844
463.22,-0.02116077469032737,1.552209932030403e-30,0.0,0.01865448493655794
463.24,-0.02116543527233563,1.552209932030403e-30,0.0,-0.00023302910041330657
463.26,-0.021281192121385385,1.552209932030403e-30,0.0,-0.005787842452493077
463.28,-0.02176235060150246,1.552209932030403e-30,0.0,-0.024057924005875468
463.3,-0.021862040010195045,1.552209932030403e-30,0.0,-0.004984470434619699
463.32,-0.02210735496756057,1.552209932030403e-30,0.0,-0.01226574786828733
463.34,-0.022002132026935114,1.552209932030403e-30,0.0,0.0052611470312775785
463.36,-0.022264832030827214,1.552209932030403e-30,0.0,-0.013135000194579662
463.38,-0.022076202109205405,1.552209932030403e-30,0.0,0.009431496081098978
463.4,-0.022286042982072256,1.552209932030403e-30,0.0,-0.010492043643352137
463.42,-0.02199858060242383,1.552209932030403e-30,0.0,0.014373118982393445
463.44,-0.022157224453549312,1.552209932030403e-30,0.0,-0.007932192556281257
463.46,-0.02197179717946444,1.552209932030403e-30,0.0,0.009271363704252009
463.48,-0.022128526761622927,1.552209932030403e-30,0.0,-0.007836479107909227
463.5,-0.02251872901035802,1.552209932030403e-30,0.0,-0.019510112436772472
463.52,-0.021893902293730776,1.552209932030403e-30,0.0,0.031241335831390694
463.54,-0.021349677091372383,1.552209932030403e-30,0.0,0.027211260117867026
463.56,-0.021213311585686213,1.552209932030403e-30,0.0,0.006818275284314648
463.58,-0.021415147022828023,1.552209932030403e-30,0.0,-0.010091771857099663
463.6,-0.02239877009686757,1.552209932030403e-30,0.0,-0.04918115370188234
463.62,-0.022233783567889864,1.552209932030403e-30,0.0,0.00824932644889287
463.64,-0.02231015585808438,1.552209932030403e-30,0.0,-0.0038186145097293188
463.66,-0.02315852439020728,1.552209932030403e-30,0.0,-0.04241842660606299
463.68,-0.02285508462524377,1.552209932030403e-30,0.0,0.015171988248189192
463.7,-0.02404850450273043,1.552209932030403e-30,0.0,-0.059670993874387124
463.72,-0.02435386072678679,1.552209932030403e-30,0.0,-0.015267811202788485
463.74,-0.0247897722201466,1.552209932030403e-30,0.0,-0.021795574668010343
463.76,-0.024643458551774446,1.552209932030403e-30,0.0,0.007315683418614326
463.78,-0.024305061621845907,1.552209932030403e-30,0.0,0.01691984649644225
463.8,-0.023712155123200667,1.552209932030403e-30,0.0,0.02964532493220479
463.82,-0.02298608699871164,1.552209932030403e-30,0.0,0.03630340622448436
463.84,-0.023474651738234504,1.552209932030403e-30,0.0,-0.024428236976165366
463.86,-0.023983610130214546,1.552209932030403e-30,0.0,-0.025447919598952984
463.88,-0.023707910946640046,1.552209932030403e-30,0.0,0.013784959178737606
463.9,-0.023807263470468288,1.552209932030403e-30,0.0,-0.004967626191416682
463.92,-0.023192477950028424,1.552209932030403e-30,0.0,0.030739276021933853
463.94,-0.02300401348325536,1.552209932030403e-30,0.0,0.009423223338661685
463.96,-0.02283245529637116,1.552209932030403e-30,0.0,0.008577909344217797
463.98,-0.02321712427130786,1.552209932030403e-30,0.0,-0.01923344874679789
464.0,-0.023023847229600707,1.552209932030403e-30,0.0,0.009663852085366473
464.02,-0.02280781996620977,1.552209932030403e-30,0.0,0.010801363169556691
464.04,-0.022993835389391683,1.552209932030403e-30,0.0,-0.00930077115907767
464.06,-0.02287499759475679,1.552209932030403e-30,0.0,0.005941889731749987
464.08,-0.0225254739881,1.552209932030403e-30,0.0,0.017476180332855466
464.1,-0.022772829041168473,1.552209932030403e-30,0.0,-0.012367752653399813
464.12,-0.02236351794258036,1.552209932030403e-30,0.0,0.02046555492942422
464.14,-0.02226260933649633,1.552209932030403e-30,0.0,0.005045430304206089
464.16,-0.021998120389079435,1.552209932030403e-30,0.0,0.013224447370819258
464.18,-0.02210932274170504,1.552209932030403e-30,0.0,-0.0055601176312852175
464.2,-0.02176016706575192,1.552209932030403e-30,0.0,0.01745778379767172
464.22,-0.02208683735897359,1.552209932030403e-30,0.0,-0.016333514661051835
464.24,-0.02159803626377825,1.552209932030403e-30,0.0,0.024440054759789213
464.26,-0.021690072968767446,1.552209932030403e-30,0.0,-0.004601835249463972
464.28,-0.020946661951655288,1.552209932030403e-30,0.0,0.03717055085564175
464.3,-0.021290759651111588,1.552209932030403e-30,0.0,-0.017204884972781727
464.32,-0.02109340886245259,1.552209932030403e-30,0.0,0.009867539432958858
464.34,-0.020930942226152573,1.552209932030403e-30,0.0,0.008123331815008177
464.36,-0.021107537714750203,1.552209932030403e-30,0.0,-0.008829774429864382
464.38,-0.02172725652858357,1.552209932030403e-30,0.0,-0.030985940691696485
464.4,-0.021515623410971196,1.552209932030403e-30,0.0,0.010581655880628404
464.42,-0.02197596508208069,1.552209932030403e-30,0.0,-0.023017083555430196
464.44,-0.022693712175005397,1.552209932030403e-30,0.0,-0.03588735464626804
464.46,-0.02324981610564885,1.552209932030403e-30,0.0,-0.027805196532197995
464.48,-0.023226628225584647,1.552209932030403e-30,0.0,0.0011593940032079027
464.5,-0.023523551798835814,1.552209932030403e-30,0.0,-0.01484617866257178
464.52,-0.02374964951260593,1.552209932030403e-30,0.0,-0.011304885688516187
464.54,-0.023185721755515053,1.552209932030403e-30,0.0,0.028196387854489385
464.56,-0.023249844590785697,1.552209932030403e-30,0.0,-0.003206141763535179
464.58,-0.022906159007180554,1.552209932030403e-30,0.0,0.017184279180272707
464.6,-0.02268459794704,1.552209932030403e-30,0.0,0.011078053007006374
464.62,-0.02323675658902636,1.552209932030403e-30,0.0,-0.027607932099343202
464.64,-0.02342919287592008,1.552209932030403e-30,0.0,-0.009621814344694769
464.66,-0.023053077303726258,1.552209932030403e-30,0.0,0.018805778609654846
464.68,-0.023085083841521928,1.552209932030403e-30,0.0,-0.0016003268897849983
464.7,-0.023592849483790163,1.552209932030403e-30,0.0,-0.02538828211343483
464.72,-0.02348803144003933,1.552209932030403e-30,0.0,0.005240902187531508
464.74,-0.02358317954031612,1.552209932030403e-30,0.0,-0.004757405013843841
464.76,-0.023331691266549725,1.552209932030403e-30,0.0,0.012574413688331166
464.78,-0.0229166979576819,1.552209932030403e-30,0.0,0.020749665443410253
464.8,-0.022414852349031688,1.552209932030403e-30,0.0,0.02509228043246197
464.82,-0.022311692577957665,1.552209932030403e-30,0.0,0.005157988553705798
464.84,-0.02237069985038046,1.552209932030403e-30,0.0,-0.00295036362114255
464.86,-0.02227172898965796,1.552209932030403e-30,0.0,0.004948543036115502
464.88,-0.022249415256310967,1.552209932030403e-30,0.0,0.0011156866673507609
464.9,-0.02191091911746429,1.552209932030403e-30,0.0,0.0169248069423492
464.92,-0.022429984548533607,1.552209932030403e-30,0.0,-0.02595327155341577
464.94,-0.0224173151694375,1.552209932030403e-30,0.0,0.0006334689548060379
464.96,-0.02160952284967133,1.552209932030403e-30,0.0,0.04038961598834528
464.98,-0.022017738390886984,1.552209932030403e-30,0.0,-0.020410777060743263
465.0,-0.022314357652470817,1.552209932030403e-30,0.0,-0.014830963079205046
465.02,-0.02205371313817753,1.552209932030403e-30,0.0,0.013032225714676144
465.04,-0.022608702245970766,1.552209932030403e-30,0.0,-0.027749455389608102
465.06,-0.02224082026983814,1.552209932030403e-30,0.0,0.018394098806648086
465.08,-0.022525647083562746,1.552209932030403e-30,0.0,-0.014241340686243328
465.1,-0.022103293895121223,1.552209932030403e-30,0.0,0.0211176594220353
465.12,-0.022004189172608872,1.552209932030403e-30,0.0,0.004955236125622055
465.14,-0.022088518343193368,1.552209932030403e-30,0.0,-0.004216458529228574
465.16,-0.022251550338597208,1.552209932030403e-30,0.0,-0.008151599770176168
465.18,-0.022134965050449807,1.552209932030403e-30,0.0,0.005829264407375269
465.2,-0.021572176684697256,1.552209932030403e-30,0.0,0.02813941828765322
465.22,-0.02059283506694143,1.552209932030403e-30,0.0,0.048967080887696655
465.24,-0.02139429870556147,1.552209932030403e-30,0.0,-0.04007318193103842
465.26,-0.021676220805828098,1.552209932030403e-30,0.0,-0.014096105013344289
465.28,-0.02133244707261053,1.552209932030403e-30,0.0,0.01718868666089412
465.3,-0.021536245537875916,1.552209932030403e-30,0.0,-0.010189923263249561
465.32,-0.021767172774692176,1.552209932030403e-30,0.0,-0.01154636184082352
465.34,-0.021601162689653203,1.552209932030403e-30,0.0,0.00830050425195614
465.36,-0.021771110773248597,1.552209932030403e-30,0.0,-0.00849740417975326
465.38,-0.021976276718387117,1.552209932030403e-30,0.0,-0.010258297256935263
465.4,-0.021326516445710205,1.552209932030403e-30,0.0,0.032488013633875164
465.42,-0.021391412673522604,1.552209932030403e-30,0.0,-0.003244811390613742
465.44,-0.021364701682468908,1.552209932030403e-30,0.0,0.0013355495526860175
465.46,-0.021356993304207744,1.552209932030403e-30,0.0,0.0003854189130585683
465.48,-0.021591788465108938,1.552209932030403e-30,0.0,-0.011739758045037072
465.5,-0.0210222031686214,1.552209932030403e-30,0.0,0.028479264824402738
465.52,-0.021094503606150426,1.552209932030403e-30,0.0,-0.0036150218764545066
465.54,-0.02123663288521055,1.552209932030403e-30,0.0,-0.007106463952992453
465.56,-0.021610518641139553,1.552209932030403e-30,0.0,-0.018694287796467222
465.58,-0.02173498425382234,1.552209932030403e-30,0.0,-0.00622328063414506
465.6,-0.021642398345606165,1.552209932030403e-30,0.0,0.004629295410799765
465.62,-0.021942218091986012,1.552209932030403e-30,0.0,-0.014990987319005942
465.64,-0.02153476533568594,1.552209932030403e-30,0.0,0.02037263781502199
465.66,-0.02168140138409212,1.552209932030403e-30,0.0,-0.007331802420294701
465.68,-0.022224404710765498,1.552209932030403e-30,0.0,-0.027150166333693684
465.7,-0.021968799238465134,1.552209932030403e-30,0.0,0.012780273615029914
465.72,-0.021779101764971245,1.552209932030403e-30,0.0,0.009484873674676056
465.74,-0.02196639341772519,1.552209932030403e-30,0.0,-0.009364582637705687
465.76,-0.02221141748227691,1.552209932030403e-30,0.0,-0.012251203227597296
465.78,-0.021895563935669538,1.552209932030403e-30,0.0,0.015792677330383014
465.8,-0.02135713598743821,1.552209932030403e-30,0.0,0.026921397411514433
465.82,-0.02085506317975635,1.552209932030403e-30,0.0,0.02510364038411585
465.84,-0.020845893274764583,1.552209932030403e-30,0.0,0.0004584952495886922
465.86,-0.02066413870733645,1.552209932030403e-30,0.0,0.009087728371389239
465.88,-0.020656540589927046,1.552209932030403e-30,0.0,0.0003799058704705487
465.9,-0.020657685761586133,1.552209932030403e-30,0.0,-5.725858295440634e-05
465.92,-0.02051854133181613,1.552209932030403e-30,0.0,0.006957221488486551
465.94,-0.020950903415515823,1.552209932030403e-30,0.0,-0.021618104185004254
465.96,-0.02034274726214513,1.552209932030403e-30,0.0,0.03040780766856235
465.98,-0.020060441288312636,1.552209932030403e-30,0.0,0.014115298691597476
466.0,-0.01969083104529859,1.552209932030403e-30,0.0,0.018480512150719178
466.02,-0.019646298325967336,1.552209932030403e-30,0.0,0.0022266359665647933
466.04,-0.01950001445574089,1.552209932030403e-30,0.0,0.007314193511308234
466.06,-0.020378054764437395,1.552209932030403e-30,0.0,-0.04390201543486517
466.08,-0.020120180223299713,1.552209932030403e-30,0.0,0.01289372705689584
466.1,-0.019919708804076633,1.552209932030403e-30,0.0,0.010023570961134627
466.12,-0.019887707218814346,1.552209932030403e-30,0.0,0.0016000792631158645
466.14,-0.01985630668987177,1.552209932030403e-30,0.0,0.001570026447130074
466.16,-0.01966035724339302,1.552209932030403e-30,0.0,0.009797472323918673
466.18,-0.01987098950886302,1.552209932030403e-30,0.0,-0.010531613273509505
466.2,-0.020073124410547795,1.552209932030403e-30,0.0,-0.010106745084248019
466.22,-0.0194693022087256,1.552209932030403e-30,0.0,0.03019111009105139
466.24,-0.01979403050389031,1.552209932030403e-30,0.0,-0.016236414758250238
466.26,-0.019951623099688523,1.552209932030403e-30,0.0,-0.00787962978991783
466.28,-0.019659858812154648,1.552209932030403e-30,0.0,0.01458821437670697
466.3,-0.01912476166582376,1.552209932030403e-30,0.0,0.026754857316492648
466.32,-0.019071000754363188,1.552209932030403e-30,0.0,0.002688045573031164
466.34,-0.0196995354874627,1.552209932030403e-30,0.0,-0.03142673665500421
466.36,-0.020060865007994814,1.552209932030403e-30,0.0,-0.018066476026570872
466.38,-0.020014409670795586,1.552209932030403e-30,0.0,0.002322766859963556
466.4,-0.019607092565776307,1.552209932030403e-30,0.0,0.020365855250982536
466.42,-0.019928982123710182,1.552209932030403e-30,0.0,-0.01609447789666261
466.44,-0.019596540042216518,1.552209932030403e-30,0.0,0.01662210407469836
466.46,-0.020130597336282564,1.552209932030403e-30,0.0,-0.026702864703326622
466.48,-0.01982243064487096,1.552209932030403e-30,0.0,0.015408334570550405
466.5,-0.019917343215023694,1.552209932030403e-30,0.0,-0.004745628507640985
466.52,-0.019204363391236302,1.552209932030403e-30,0.0,0.03564899118940202
466.54,-0.019105759778629244,1.552209932030403e-30,0.0,0.004930180630343324
466.56,-0.01895523356251864,1.552209932030403e-30,0.0,0.007526310805536971
466.58,-0.018814615578781595,1.552209932030403e-30,0.0,0.007030899186858645
466.6,-0.018454229974955175,1.552209932030403e-30,0.0,0.01801928019128612
466.62,-0.018919997779273074,1.552209932030403e-30,0.0,-0.023288390215916124
466.64,-0.018044169925056308,1.552209932030403e-30,0.0,0.04379139271087818
466.66,-0.01825565584462042,1.552209932030403e-30,0.0,-0.010574295978185247
466.68,-0.018711458025347277,1.552209932030403e-30,0.0,-0.02279010903636353
466.7,-0.019348117519624466,1.552209932030403e-30,0.0,-0.03183297471388845
466.72,-0.019565300675630476,1.552209932030403e-30,0.0,-0.010859157800279483
466.74,-0.01981892725433109,1.552209932030403e-30,0.0,-0.01268132893504229
466.76,-0.019725746919738153,1.552209932030403e-30,0.0,0.004659016729651114
466.78,-0.019550065786355767,1.552209932030403e-30,0.0,0.008784056669127278
466.8,-0.019699148350136704,1.552209932030403e-30,0.0,-0.0074541281890324095
466.82,-0.019844559084448196,1.552209932030403e-30,0.0,-0.007270536715581147
466.84,-0.01972301175238385,1.552209932030403e-30,0.0,0.006077366603222847
466.86,-0.019791497359255603,1.552209932030403e-30,0.0,-0.003424280343581064
466.88,-0.019732141189966173,1.552209932030403e-30,0.0,0.0029678084644741845
466.9,-0.020172598263204673,1.552209932030403e-30,0.0,-0.02202285366194498
466.92,-0.0207622328561577,1.552209932030403e-30,0.0,-0.029481729647594306
466.94,-0.02083157738133006,1.552209932030403e-30,0.0,-0.0034672262586213243
466.96,-0.020516012596482447,1.552209932030403e-30,0.0,0.01577823924239506
466.98,-0.02010189211481843,1.552209932030403e-30,0.0,0.02070602408316093
467.0,-0.020651608861885152,1.552209932030403e-30,0.0,-0.02748583735336114
467.02,-0.020773273048798693,1.552209932030403e-30,0.0,-0.006083209345682601
467.04,-0.020665750471550694,1.552209932030403e-30,0.0,0.005376128862389553
467.06,-0.021157375757397786,1.552209932030403e-30,0.0,-0.024581264292376864
467.08,-0.021280793562062496,1.552209932030403e-30,0.0,-0.006170890233241116
467.1,-0.021366233273780656,1.552209932030403e-30,0.0,-0.004271985585899714
467.12,-0.02145955486772044,1.552209932030403e-30,0.0,-0.004666079696993461
467.14,-0.021220812993164515,1.552209932030403e-30,0.0,0.01193709372780708
467.16,-0.020943461084322483,1.552209932030403e-30,0.0,0.013867595442074783
467.18,-0.02017201400940109,1.552209932030403e-30,0.0,0.03857235374610475
467.2,-0.020200331070900895,1.552209932030403e-30,0.0,-0.0014158530749916155
467.22,-0.020550300944221903,1.552209932030403e-30,0.0,-0.017498493666016534
467.24,-0.021526089570977777,1.552209932030403e-30,0.0,-0.04878943133783802
467.26,-0.022418273332646697,1.552209932030403e-30,0.0,-0.04460918808348655
467.28,-0.022320477098062032,1.552209932030403e-30,0.0,0.0048898117292377075
467.3,-0.022238516580805404,1.552209932030403e-30,0.0,0.004098025862823573
467.32,-0.022023423792795854,1.552209932030403e-30,0.0,0.010754639400487336
467.34,-0.02205746429844197,1.552209932030403e-30,0.0,-0.0017020252823073672
467.36,-0.021699524331167185,1.552209932030403e-30,0.0,0.017896998363704678
467.38,-0.02148491535426633,1.552209932030403e-30,0.0,0.010730448845052613
467.4,-0.02197577509344193,1.552209932030403e-30,0.0,-0.02454298695880249
467.42,-0.022329026561762992,1.552209932030403e-30,0.0,-0.01766257341601896
467.44,-0.022038779392972347,1.552209932030403e-30,0.0,0.014512358439545537
467.46,-0.02209654381303582,1.552209932030403e-30,0.0,-0.0028882210031762486
467.48,-0.021912697078800458,1.552209932030403e-30,0.0,0.009192336711750224
467.5,-0.021604954631417626,1.552209932030403e-30,0.0,0.015387122369155655
467.52,-0.02157781608170766,1.552209932030403e-30,0.0,0.0013569274854995372
467.54,-0.02123547807322654,1.552209932030403e-30,0.0,0.017116900424022845
467.56,-0.022058869020393022,1.552209932030403e-30,0.0,-0.041169547358361404
467.58,-0.021844396146443908,1.552209932030403e-30,0.0,0.010723643697465488
467.6,-0.022481996984392832,1.552209932030403e-30,0.0,-0.03188004189738464
467.62,-0.02314553517210516,1.552209932030403e-30,0.0,-0.033176909385646526
467.64,-0.02368504390665029,1.552209932030403e-30,0.0,-0.02697543672728105
467.66,-0.023465435231946875,1.552209932030403e-30,0.0,0.010980433735149474
467.68,-0.023828619356754115,1.552209932030403e-30,0.0,-0.018159206240378464
467.7,-0.023924476243411742,1.552209932030403e-30,0.0,-0.004792844332885782
467.72,-0.024607602293167077,1.552209932030403e-30,0.0,-0.03415630248770069
467.74,-0.024689965020580115,1.552209932030403e-30,0.0,-0.004118136370655714
467.76,-0.025344084802686035,1.552209932030403e-30,0.0,-0.03270598910532566
467.78,-0.02505425929131396,1.552209932030403e-30,0.0,0.014491275568616775
467.8,-0.025539730198234842,1.552209932030403e-30,0.0,-0.024273545345997124
467.82,-0.024791367941789714,1.552209932030403e-30,0.0,0.0374181128222904
467.84,-0.024349863369002876,1.552209932030403e-30,0.0,0.022075228639361896
467.86,-0.024813784493986378,1.552209932030403e-30,0.0,-0.02319605624913022
467.88,-0.025486681904007925,1.552209932030403e-30,0.0,-0.03364487050110788
467.9,-0.02595240586422148,1.552209932030403e-30,0.0,-0.023286198010698898
467.92,-0.0265280857978721,1.552209932030403e-30,0.0,-0.02878399668247549
467.94,-0.026385034052740786,1.552209932030403e-30,0.0,0.007152587256572307
467.96,-0.025924418459179605,1.552209932030403e-30,0.0,0.02303077967807997
467.98,-0.025900564549015626,1.552209932030403e-30,0.0,0.0011926955081966919
468.0,-0.026069140123501863,1.552209932030403e-30,0.0,-0.00842877872431945
468.02,-0.02606222986301992,1.552209932030403e-30,0.0,0.0003455130240975734
468.04,-0.025420893730907505,1.552209932030403e-30,0.0,0.03206680660555876
468.06,-0.025403217605611313,1.552209932030403e-30,0.0,0.000883806264810306
468.08,-0.025436922850494537,1.552209932030403e-30,0.0,-0.0016852622441627246
468.1,-0.02544464181318294,1.552209932030403e-30,0.0,-0.0003859481344194507
468.12,-0.025173118782758273,1.552209932030403e-30,0.0,0.01357615152124575
468.14,-0.025326204875401374,1.552209932030403e-30,0.0,-0.007654304632162065
468.16,-0.02542267930903073,1.552209932030403e-30,0.0,-0.004823721681458526
468.18,-0.02565397176237801,1.552209932030403e-30,0.0,-0.011564622667374314
468.2,-0.026746783902932073,1.552209932030403e-30,0.0,-0.05464060702775286
468.22,-0.026748740371866912,1.552209932030403e-30,0.0,-9.782344674179941e-05
468.24,-0.026861493047703616,1.552209932030403e-30,0.0,-0.005637633791840358
468.26,-0.02668662232820535,1.552209932030403e-30,0.0,0.008743535974921245
468.28,-0.026741244647041595,1.552209932030403e-30,0.0,-0.0027311159418147903
468.3,-0.0259044076428819,1.552209932030403e-30,0.0,0.041841850207903875
468.32,-0.02602543652766399,1.552209932030403e-30,0.0,-0.006051444239110082
468.34,-0.025600619371088762,1.552209932030403e-30,0.0,0.021240857828780716
468.36,-0.025343019264065715,1.552209932030403e-30,0.0,0.012880005351127481
468.38,-0.0254205490057852,1.552209932030403e-30,0.0,-0.003876487085977741
468.4,-0.025162071028026388,1.552209932030403e-30,0.0,0.012923898887952333
468.42,-0.025085161454938824,1.552209932030403e-30,0.0,0.0038454786543708095
468.44,-0.024971273716194804,1.552209932030403e-30,0.0,0.005694386937206153
468.46,-0.024575035248665906,1.552209932030403e-30,0.0,0.0198119233764629
468.48,-0.024577682455962032,1.552209932030403e-30,0.0,-0.00013236036480598237
468.5,-0.02442784009305887,1.552209932030403e-30,0.0,0.007492118145164976
468.52,-0.024596391691641534,1.552209932030403e-30,0.0,-0.008427579929140862
468.54,-0.024752450578010288,1.552209932030403e-30,0.0,-0.007802944318422563
468.56,-0.02478230218231357,1.552209932030403e-30,0.0,-0.0014925802151653665
468.58,-0.0248796156738687,1.552209932030403e-30,0.0,-0.0048656745777609514
468.6,-0.025325160151440054,1.552209932030403e-30,0.0,-0.0222772238785246
468.62,-0.024922728487721747,1.552209932030403e-30,0.0,0.020121583185933628
468.64,-0.025758510914542683,1.552209932030403e-30,0.0,-0.04178912134108482
468.66,-0.025927182765581234,1.552209932030403e-30,0.0,-0.008433592551911288
468.68,-0.02639551870669702,1.552209932030403e-30,0.0,-0.023416797055810536
468.7,-0.02568613985832421,1.552209932030403e-30,0.0,0.03546894241867266
468.72,-0.025373727703543274,1.552209932030403e-30,0.0,0.015620607739016683
468.74,-0.02502907941946831,1.552209932030403e-30,0.0,0.0172324142037639
468.76,-0.025125389418880296,1.552209932030403e-30,0.0,-0.00481549997060369
468.78,-0.024846671610668822,1.552209932030403e-30,0.0,0.013935890410586444
468.8,-0.02495139469112235,1.552209932030403e-30,0.0,-0.005236154022666236
468.82,-0.025230491230120906,1.552209932030403e-30,0.0,-0.013954826949940548
468.84,-0.025937631594466024,1.552209932030403e-30,0.0,-0.035357018217288004
468.86,-0.026469535042922418,1.552209932030403e-30,0.0,-0.026595172422768376
468.88,-0.02691424444951718,1.552209932030403e-30,0.0,-0.02223547032975839
468.9,-0.026860867431243225,1.552209932030403e-30,0.0,0.002668850913700222
468.92,-0.026466558476664633,1.552209932030403e-30,0.0,0.019715447728891448
468.94,-0.026779775087450997,1.552209932030403e-30,0.0,-0.015660830539332486
468.96,-0.026176329396675628,1.552209932030403e-30,0.0,0.030172284538795884
468.98,-0.025941541844190216,1.552209932030403e-30,0.0,0.011739377624247975
469.0,-0.025958097031113587,1.552209932030403e-30,0.0,-0.0008277593461692305
469.02,-0.026071388914852243,1.552209932030403e-30,0.0,-0.005664594186937928
469.04,-0.025631811309985535,1.552209932030403e-30,0.0,0.02197888024329301
469.06,-0.025839291552426813,1.552209932030403e-30,0.0,-0.010374012122073364
469.08,-0.025658505388594228,1.552209932030403e-30,0.0,0.009039308191637483
469.1,-0.025850641477087637,1.552209932030403e-30,0.0,-0.009606804424651907
469.12,-0.02560507750222932,1.552209932030403e-30,0.0,0.012278198742927016
469.14,-0.02520945369252061,1.552209932030403e-30,0.0,0.01978119048545354
469.16,-0.025633948191238525,1.552209932030403e-30,0.0,-0.02122472493585481
469.18,-0.02543954115068861,1.552209932030403e-30,0.0,0.009720352027504587
469.2,-0.026060820787589097,1.552209932030403e-30,0.0,-0.03106398184505258
469.22,-0.026124647955891814,1.552209932030403e-30,0.0,-0.0031913584151296577
469.24,-0.026051102230112203,1.552209932030403e-30,0.0,0.003677286288983908
469.26,-0.02630100982620581,1.552209932030403e-30,0.0,-0.012495379804691634
469.28,-0.02644716846541855,1.552209932030403e-30,0.0,-0.0073079319606437826
469.3,-0.02675832819599126,1.552209932030403e-30,0.0,-0.015557986528605277
469.32,-0.026915496512182335,1.552209932030403e-30,0.0,-0.007858415809560903
469.34,-0.026977352820060564,1.552209932030403e-30,0.0,-0.003092815393914188
469.36,-0.02711433126617346,1.552209932030403e-30,0.0,-0.006848922305631538
469.38,-0.02723698936995759,1.552209932030403e-30,0.0,-0.006132905189211948
469.4,-0.027244294544145523,1.552209932030403e-30,0.0,-0.00036525870939700065
469.42,-0.02820667508949438,1.552209932030403e-30,0.0,-0.048119027267349894
469.44,-0.02849628453867444,1.552209932030403e-30,0.0,-0.014480472459016106
469.46,-0.028223774006848414,1.552209932030403e-30,0.0,0.013625526591313625
469.48,-0.028499223291761445,1.552209932030403e-30,0.0,-0.013772464245625006
469.5,-0.02841247103314267,1.552209932030403e-30,0.0,0.00433761293094272
469.52,-0.027927820148181452,1.552209932030403e-30,0.0,0.024232544248082966
469.54,-0.027708973689729768,1.552209932030403e-30,0.0,0.010942322922563103
469.56,-0.027621347543546896,1.552209932030403e-30,0.0,0.004381307309147562
469.58,-0.02698392915699018,1.552209932030403e-30,0.0,0.031870919327864664
469.6,-0.027344258609222592,1.552209932030403e-30,0.0,-0.018016472611585718
469.62,-0.027060368115758893,1.552209932030403e-30,0.0,0.01419452467319791
469.64,-0.02747655988333456,1.552209932030403e-30,0.0,-0.02080958837880226
469.66,-0.027361995928528084,1.552209932030403e-30,0.0,0.00572819774031273
469.68,-0.028152259510311074,1.552209932030403e-30,0.0,-0.039513179089185425
469.7,-0.02703665200827741,1.552209932030403e-30,0.0,0.05578037510173378
469.72,-0.026889875941324713,1.552209932030403e-30,0.0,0.007338803347620643
469.74,-0.027037850509466454,1.552209932030403e-30,0.0,-0.007398728407093795
469.76,-0.026933160972646943,1.552209932030403e-30,0.0,0.005234476840980241
469.78,-0.026599110547812915,1.552209932030403e-30,0.0,0.01670252124171658
469.8,-0.02654288303123928,1.552209932030403e-30,0.0,0.002811375828676364
469.82,-0.026500417789240505,1.552209932030403e-30,0.0,0.0021232620999405492
469.84,-0.02638533589719239,1.552209932030403e-30,0.0,0.005754094602411034
469.86,-0.026614345152440686,1.552209932030403e-30,0.0,-0.011450462762392762
469.88,-0.026260727349902358,1.552209932030403e-30,0.0,0.017680890126932542
469.9,-0.02555679737855235,1.552209932030403e-30,0.0,0.03519649856753247
469.92,-0.025739782391567923,1.552209932030403e-30,0.0,-0.009149250650761123
469.94,-0.02553627591000726,1.552209932030403e-30,0.0,0.010175324078042329
469.96,-0.02647621248292177,1.552209932030403e-30,0.0,-0.04699682864576831
469.98,-0.027001429861408053,1.552209932030403e-30,0.0,-0.026260868924263263
470.0,-0.027478487700114736,1.552209932030403e-30,0.0,-0.023852891935355874
470.02,-0.02748936067465538,1.552209932030403e-30,0.0,-0.0005436487270327183
470.04,-0.027521134552479752,1.552209932030403e-30,0.0,-0.0015886938912154417
470.06,-0.027953343018190836,1.552209932030403e-30,0.0,-0.021610423285573936
470.08,-0.02857677946792244,1.552209932030403e-30,0.0,-0.03117182248660848
470.1,-0.028727846214421836,1.552209932030403e-30,0.0,-0.007553337324955245
470.12,-0.028728942657087368,1.552209932030403e-30,0.0,-5.4822133276598285e-05
470.14,-0.028794665958752876,1.552209932030403e-30,0.0,-0.003286165083278368
470.16,-0.029215135417171315,1.552209932030403e-30,0.0,-0.021023472920881373
470.18,-0.029206045841928773,1.552209932030403e-30,0.0,0.0004544787621274993
470.2,-0.030201412881199204,1.552209932030403e-30,0.0,-0.04976835196356688
470.22,-0.030110831858845208,1.552209932030403e-30,0.0,0.004529051117691008
470.24,-0.030069703698657982,1.552209932030403e-30,0.0,0.0020564080093631487
470.26,-0.029248362851103743,1.552209932030403e-30,0.0,0.04106704237774936
470.28,-0.029438608180133996,1.552209932030403e-30,0.0,-0.009512266451521225
470.3,-0.030229595627899196,1.552209932030403e-30,0.0,-0.039549372388183526
470.32,-0.030259517189684514,1.552209932030403e-30,0.0,-0.001496078089267322
470.34,-0.03045234441161779,1.552209932030403e-30,0.0,-0.009641361096672638
470.36,-0.03109408458967071,1.552209932030403e-30,0.0,-0.03208700890258383
470.38,-0.03166909510847464,1.552209932030403e-30,0.0,-0.028750525940222565
470.4,-0.031997062186368226,1.552209932030403e-30,0.0,-0.016398353894694344
470.42,-0.03230941178494707,1.552209932030403e-30,0.0,-0.015617479928911975
470.44,-0.031957950550281666,1.552209932030403e-30,0.0,0.01757306173328608
470.46,-0.03269591732173,1.552209932030403e-30,0.0,-0.036898338572450166
470.48,-0.03205319363898552,1.552209932030403e-30,0.0,0.032136184137162
470.5,-0.03230231095139567,1.552209932030403e-30,0.0,-0.012455865620518827
470.52,-0.031981016057460426,1.552209932030403e-30,0.0,0.01606474469677703
470.54,-0.032705037683363684,1.552209932030403e-30,0.0,-0.03620108129509278
470.56,-0.03280933592250537,1.552209932030403e-30,0.0,-0.00521491195708906
470.58,-0.03269147249481253,1.552209932030403e-30,0.0,0.005893171384647529
470.6,-0.032203868094854975,1.552209932030403e-30,0.0,0.024380219997830823
470.62,-0.031588066074356776,1.552209932030403e-30,0.0,0.030790101024937868
470.64,-0.03220130533955497,1.552209932030403e-30,0.0,-0.030661963259937294
470.66,-0.032053129033500743,1.552209932030403e-30,0.0,0.007408815302696841
470.68,-0.032407555497210125,1.552209932030403e-30,0.0,-0.01772132318548502
470.7,-0.032546206833615775,1.552209932030403e-30,0.0,-0.006932566820288839
470.72,-0.032972278297475184,1.552209932030403e-30,0.0,-0.021303573192929432
470.74,-0.032548606159114715,1.552209932030403e-30,0.0,0.021183606918042688
470.76,-0.032417494731959665,1.552209932030403e-30,0.0,0.006555571357758431
470.78,-0.032692220688663655,1.552209932030403e-30,0.0,-0.01373629783521192
470.8,-0.03309637258903213,1.552209932030403e-30,0.0,-0.020207595018384598
470.82,-0.03290448601526201,1.552209932030403e-30,0.0,0.009594328688514748
470.84,-0.032720445486889224,1.552209932030403e-30,0.0,0.00920202641864786
470.86,-0.0325114455743813,1.552209932030403e-30,0.0,0.010449995625376162
470.88,-0.03239234840242328,1.552209932030403e-30,0.0,0.00595485859790668
470.9,-0.03280327229330057,1.552209932030403e-30,0.0,-0.020546194543883362
470.92,-0.0331207934110945,1.552209932030403e-30,0.0,-0.015876055889665834
470.94,-0.03335957402079478,1.552209932030403e-30,0.0,-0.011939030485024706
470.96,-0.03349443152818704,1.552209932030403e-30,0.0,-0.006742875369619188
470.98,-0.033451258724740814,1.552209932030403e-30,0.0,0.002158640172307114
471.0,-0.03345691810444622,1.552209932030403e-30,0.0,-0.00028296898527044165
471.02,-0.032999046059859684,1.552209932030403e-30,0.0,0.022893602229347474
471.04,-0.03275693554938807,1.552209932030403e-30,0.0,0.012105525523557339
471.06,-0.03234994607675938,1.552209932030403e-30,0.0,0.02034947363145313
471.08,-0.03202279905019069,1.552209932030403e-30,0.0,0.0163573513284495
471.1,-0.03240270453393847,1.552209932030403e-30,0.0,-0.018995274187352022
471.12,-0.03185961632099594,1.552209932030403e-30,0.0,0.027154410647151257
471.14,-0.03185738040547113,1.552209932030403e-30,0.0,0.00011179577624074055
471.16,-0.03145131638719979,1.552209932030403e-30,0.0,0.020303200913527605
471.18,-0.03171112417538906,1.552209932030403e-30,0.0,-0.012990389409475191
471.2,-0.031242908817419368,1.552209932030403e-30,0.0,0.02341076789850581
471.22,-0.030485005739803478,1.552209932030403e-30,0.0,0.03789515388072125
471.24,-0.030440734741775666,1.552209932030403e-30,0.0,0.002213549901392642
471.26,-0.03013491407488253,1.552209932030403e-30,0.0,0.015291033344670637
471.28,-0.03069977157833912,1.552209932030403e-30,0.0,-0.028242875172855147
471.3,-0.030755163315061958,1.552209932030403e-30,0.0,-0.002769586836136436
471.32,-0.029836042344424503,1.552209932030403e-30,0.0,0.04595604853191449
471.34,-0.030103755309505726,1.552209932030403e-30,0.0,-0.013385648254073375
471.36,-0.030061695623991067,1.552209932030403e-30,0.0,0.0021029842757288473
471.38,-0.03063859605085398,1.552209932030403e-30,0.0,-0.028845021343171996
471.4,-0.03085836483889647,1.552209932030403e-30,0.0,-0.010988439402134453
471.42,-0.030288299250832318,1.552209932030403e-30,0.0,0.028503279403152473
471.44,-0.0299079040015138,1.552209932030403e-30,0.0,0.01901976246594332
471.46,-0.02969353654829251,1.552209932030403e-30,0.0,0.010718372661074017
471.48,-0.029196833389822513,1.552209932030403e-30,0.0,0.024835157923452013
471.5,-0.02865282320671224,1.552209932030403e-30,0.0,0.027200509155538472
471.52,-0.028373036839436854,1.552209932030403e-30,0.0,0.013989318363781977
471.54,-0.028366114381418648,1.552209932030403e-30,0.0,0.0003461229009096594
471.56,-0.028713178255315577,1.552209932030403e-30,0.0,-0.017353193694862174
471.58,-0.02950736121205562,1.552209932030403e-30,0.0,-0.039709147837038286
471.6,-0.029004974996878232,1.552209932030403e-30,0.0,0.025119310758820818
471.62,-0.02945880448774792,1.552209932030403e-30,0.0,-0.022691474543504956
471.64,-0.029288508051227992,1.552209932030403e-30,0.0,0.008514821826004123
471.66,-0.029388621757142457,1.552209932030403e-30,0.0,-0.005005685295713517
471.68,-0.029093224743880427,1.552209932030403e-30,0.0,0.014769850663114845
471.7,-0.02965853957522902,1.552209932030403e-30,0.0,-0.02826574156745533
471.72,-0.029160009234635152,1.552209932030403e-30,0.0,0.02492651702964516
471.74,-0.03002941090387886,1.552209932030403e-30,0.0,-0.043470083462225
471.76,-0.03023925013943759,1.552209932030403e-30,0.0,-0.010491961777945933
471.78,-0.029016303675993834,1.552209932030403e-30,0.0,0.0611473231722433
471.8,-0.029314280476568682,1.552209932030403e-30,0.0,-0.014898840028713577
471.82,-0.030238517055221226,1.552209932030403e-30,0.0,-0.04621182893266922
471.84,-0.02959393993943557,1.552209932030403e-30,0.0,0.03222885578931201
471.86,-0.02966055429070597,1.552209932030403e-30,0.0,-0.003330717563513434
471.88,-0.0299464264569447,1.552209932030403e-30,0.0,-0.014293608311949537
471.9,-0.029446334973951986,1.552209932030403e-30,0.0,0.025004574149658416
471.92,-0.029785648212263892,1.552209932030403e-30,0.0,-0.016965661915562466
471.94,-0.029434025646537923,1.552209932030403e-30,0.0,0.017581128286314397
471.96,-0.02963318038348013,1.552209932030403e-30,0.0,-0.009957736847119534
471.98,-0.029642564259947882,1.552209932030403e-30,0.0,-0.0004691938233865533
472.0,-0.029536271326645883,1.552209932030403e-30,0.0,0.005314646665104724
472.02,-0.029947159089393095,1.552209932030403e-30,0.0,-0.02054438813737932
472.04,-0.029814412164841705,1.552209932030403e-30,0.0,0.0066373462275566555
472.06,-0.02923153990007658,1.552209932030403e-30,0.0,0.029143613238282687
472.08,-0.029857986377188256,1.552209932030403e-30,0.0,-0.0313223238556123
472.1,-0.030193070969845182,1.552209932030403e-30,0.0,-0.01675422963281391
472.12,-0.029936618020880632,1.552209932030403e-30,0.0,0.012822647448239233
472.14,-0.03000694515311345,1.552209932030403e-30,0.0,-0.0035163566116440483
472.16,-0.030220382693131303,1.552209932030403e-30,0.0,-0.010671877000871988
472.18,-0.029685847065834374,1.552209932030403e-30,0.0,0.02672678136487083
472.2,-0.02993240795514429,1.552209932030403e-30,0.0,-0.012328044465507107
472.22,-0.02960306319586682,1.552209932030403e-30,0.0,0.01646723796384165
472.24,-0.02948763318260029,1.552209932030403e-30,0.0,0.00577150066333179
472.26,-0.02936120987839422,1.552209932030403e-30,0.0,0.006321165210309357
472.28,-0.02919185150407702,1.552209932030403e-30,0.0,0.008467918715867783
472.3,-0.028564102945998864,1.552209932030403e-30,0.0,0.031387427903847256
472.32,-0.028867246958569296,1.552209932030403e-30,0.0,-0.015157200628535468
472.34,-0.028555479012103493,1.552209932030403e-30,0.0,0.015588397323304241
472.36,-0.028240912913711766,1.552209932030403e-30,0.0,0.0157283049195559
472.38,-0.028008084928260277,1.552209932030403e-30,0.0,0.011641399272585012
472.4,-0.02772178090920442,1.552209932030403e-30,0.0,0.014315200952805727
472.42,-0.027308202528758863,1.552209932030403e-30,0.0,0.020678919022237882
472.44,-0.027263847472680874,1.552209932030403e-30,0.0,0.0022177528039014583
472.46,-0.02713411378110045,1.552209932030403e-30,0.0,0.006486684579027087
472.48,-0.026817025329649163,1.552209932030403e-30,0.0,0.015854422572533604
472.5,-0.02645005628015911,1.552209932030403e-30,0.0,0.018348452474519324
472.52,-0.026398538214045753,1.552209932030403e-30,0.0,0.002575903305670326
472.54,-0.02654220328240558,1.552209932030403e-30,0.0,-0.0071832534179773365
472.56,-0.026386246874137403,1.552209932030403e-30,0.0,0.007797820413415831
472.58,-0.02607371297728992,1.552209932030403e-30,0.0,0.01562669484238834
472.6,-0.025998705535088127,1.552209932030403e-30,0.0,0.0037503721100825126
472.62,-0.02531416782662113,1.552209932030403e-30,0.0,0.03422688542338086
472.64,-0.02546402967174367,1.552209932030403e-30,0.0,-0.007493092256133732
472.66,-0.025396659650252465,1.552209932030403e-30,0.0,0.003368501074553759
472.68,-0.02513984702934619,1.552209932030403e-30,0.0,0.012840631045325518
472.7,-0.02550270253627516,1.552209932030403e-30,0.0,-0.01814277534646492
472.72,-0.02573516301036236,1.552209932030403e-30,0.0,-0.011623023704337552
472.74,-0.026235473463564543,1.552209932030403e-30,0.0,-0.025015522660131996
472.76,-0.026168587178447396,1.552209932030403e-30,0.0,0.0033443142558603214
472.78,-0.02672884948503904,1.552209932030403e-30,0.0,-0.02801311532960756
472.8,-0.026275112799859328,1.552209932030403e-30,0.0,0.022686834258941743
472.82,-0.025964367406047476,1.552209932030403e-30,0.0,0.015537269690606724
472.84,-0.025225216298033305,1.552209932030403e-30,0.0,0.03695755540074209
472.86,-0.02547760232010788,1.552209932030403e-30,0.0,-0.012619301103704423
472.88,-0.025502285110080132,1.552209932030403e-30,0.0,-0.0012341394986138065
472.9,-0.02552854277236058,1.552209932030403e-30,0.0,-0.001312883114023615
472.92,-0.02530514081263773,1.552209932030403e-30,0.0,0.011170097986120793
472.94,-0.025390536922703835,1.552209932030403e-30,0.0,-0.004269805503309056
472.96,-0.02532622381869345,1.552209932030403e-30,0.0,0.0032156552005221666
472.98,-0.024722272963303354,1.552209932030403e-30,0.0,0.03019754276944662
473.0,-0.02488524970758062,1.552209932030403e-30,0.0,-0.008148837213870701
473.02,-0.024403131557123734,1.552209932030403e-30,0.0,0.02410590752286633
473.04,-0.024289769157917883,1.552209932030403e-30,0.0,0.005668119960281572
473.06,-0.024206707153982376,1.552209932030403e-30,0.0,0.004153100196779162
473.08,-0.023007059167115936,1.552209932030403e-30,0.0,0.05998239934337654
473.1,-0.023059692057543362,1.552209932030403e-30,0.0,-0.002631644521366198
473.12,-0.022935284779978832,1.552209932030403e-30,0.0,0.006220363878232219
473.14,-0.02187717815703556,1.552209932030403e-30,0.0,0.05290533114721172
473.16,-0.02248713423121335,1.552209932030403e-30,0.0,-0.030497803708830658
473.18,-0.021976669889243693,1.552209932030403e-30,0.0,0.02552321709850606
473.2,-0.022190523507823738,1.552209932030403e-30,0.0,-0.010692680929011938
473.22,-0.02225511314402201,1.552209932030403e-30,0.0,-0.0032294818099073887
473.24,-0.022299541783418364,1.552209932030403e-30,0.0,-0.0022214319698196706
473.26,-0.022533487176415568,1.552209932030403e-30,0.0,-0.011697269649870843
473.28,-0.022696122815813603,1.552209932030403e-30,0.0,-0.008131781969909144
473.3,-0.022852604582271584,1.552209932030403e-30,0.0,-0.007824088322883815
473.32,-0.022814734354303316,1.552209932030403e-30,0.0,0.0018935113984152056
473.34,-0.022939567349412087,1.552209932030403e-30,0.0,-0.006241649755444314
473.36,-0.022200413733715278,1.552209932030403e-30,0.0,0.03695768078476905
473.38,-0.02212006899084379,1.552209932030403e-30,0.0,0.004017237143578169
473.4,-0.021690474237746258,1.552209932030403e-30,0.0,0.02147973765489606
473.42,-0.021944624424541696,1.552209932030403e-30,0.0,-0.012707509339747333
473.44,-0.021762846271365877,1.552209932030403e-30,0.0,0.009088907658799238
473.46,-0.021693307137404017,1.552209932030403e-30,0.0,0.003476956698096143
473.48,-0.02183264058562272,1.552209932030403e-30,0.0,-0.006966672410921723
473.5,-0.02164879498744868,1.552209932030403e-30,0.0,0.009192279908710374
473.52,-0.021677072503055943,1.552209932030403e-30,0.0,-0.001413875780364423
473.54,-0.021572340908880962,1.552209932030403e-30,0.0,0.0052365797087388765
473.56,-0.021680345765186407,1.552209932030403e-30,0.0,-0.0054002428152772446
473.58,-0.021290323034413534,1.552209932030403e-30,0.0,0.019501136538661437
473.6,-0.021085387836018883,1.552209932030403e-30,0.0,0.010246759919712837
473.62,-0.02113410576476173,1.552209932030403e-30,0.0,-0.002435896437144636
473.64,-0.020609527630442933,1.552209932030403e-30,0.0,0.02622890671596364
473.66,-0.020283441585120555,1.552209932030403e-30,0.0,0.01630430226608739
473.68,-0.020437066246771673,1.552209932030403e-30,0.0,-0.0076812330825628
473.7,-0.020535949967236403,1.552209932030403e-30,0.0,-0.004944186023241095
473.72,-0.020160897696805555,1.552209932030403e-30,0.0,0.01875261352150626
473.74,-0.019957946277092506,1.552209932030403e-30,0.0,0.01014757098566167
473.76,-0.01978994767973499,1.552209932030403e-30,0.0,0.008399929867883394
473.78,-0.02023429879986897,1.552209932030403e-30,0.0,-0.022217556006719215
473.8,-0.019743526816799837,1.552209932030403e-30,0.0,0.024538599153409276
473.82,-0.019642806710590842,1.552209932030403e-30,0.0,0.0050360053104544136
473.84,-0.01973310298962545,1.552209932030403e-30,0.0,-0.004514813951734445
473.86,-0.019353710975624952,1.552209932030403e-30,0.0,0.018969600699988164
473.88,-0.019366965415309672,1.552209932030403e-30,0.0,-0.0006627219842366388
473.9,-0.01914090989292344,1.552209932030403e-30,0.0,0.011302776119321907
473.92,-0.01902701814207688,1.552209932030403e-30,0.0,0.005694587542317062
473.94,-0.018668729532339126,1.552209932030403e-30,0.0,0.017914430486904113
473.96,-0.018804500311880093,1.552209932030403e-30,0.0,-0.00678853897705449
473.98,-0.018792245921850314,1.552209932030403e-30,0.0,0.0006127195014877025
474.0,-0.018964380547416435,1.552209932030403e-30,0.0,-0.00860673127831383
474.02,-0.01809142439689246,1.552209932030403e-30,0.0,0.04364780752623828
474.04,-0.01895143554239816,1.552209932030403e-30,0.0,-0.04300055727520182
474.06,-0.01961920716573381,1.552209932030403e-30,0.0,-0.033388581166813
474.08,-0.018953359219383504,1.552209932030403e-30,0.0,0.03329239731754569
474.1,-0.019071304610790922,1.552209932030403e-30,0.0,-0.005897269570359465
474.12,-0.018523545340194725,1.552209932030403e-30,0.0,0.027387963529834757
474.14,-0.018939826634799886,1.552209932030403e-30,0.0,-0.020814064730277023
474.16,-0.019276610862015327,1.552209932030403e-30,0.0,-0.016839211360739542
474.18,-0.01968056509703302,1.552209932030403e-30,0.0,-0.020197711750903072
474.2,-0.0195822376954405,1.552209932030403e-30,0.0,0.004916370079630615
474.22,-0.019531527735934442,1.552209932030403e-30,0.0,0.002535497975297914
474.24,-0.019233435837202745,1.552209932030403e-30,0.0,0.014904594936598355
474.26,-0.019171853813905997,1.552209932030403e-30,0.0,0.00307910116484022
474.28,-0.018497285036169465,1.552209932030403e-30,0.0,0.03372843888685718
474.3,-0.017815506233474103,1.552209932030403e-30,0.0,0.034088940134702206
474.32,-0.017904241389227152,1.552209932030403e-30,0.0,-0.00443675778765651
474.34,-0.017308462423790097,1.552209932030403e-30,0.0,0.029788948271879816
474.36,-0.01699795462806282,1.552209932030403e-30,0.0,0.01552538978633379
474.38,-0.01667243302827417,1.552209932030403e-30,0.0,0.016276079989447186
474.4,-0.015854699078764415,1.552209932030403e-30,0.0,0.04088669747552508
474.42,-0.01609360454884736,1.552209932030403e-30,0.0,-0.01194527350412413
474.44,-0.016359884007736886,1.552209932030403e-30,0.0,-0.013313972944488352
474.46,-0.017105425677683025,1.552209932030403e-30,0.0,-0.03727708349734087
474.48,-0.01697098021162222,1.552209932030403e-30,0.0,0.006722273303027231
474.5,-0.017188299293117805,1.552209932030403e-30,0.0,-0.010865954074789182
474.52,-0.017662533700063904,1.552209932030403e-30,0.0,-0.023711720347326576
474.54,-0.01819394175664521,1.552209932030403e-30,0.0,-0.026570402829013965
474.56,-0.0183078828215734,1.552209932030403e-30,0.0,-0.005697053246414629
474.58,-0.018320320840393655,1.552209932030403e-30,0.0,-0.0006219009410133416
474.6,-0.017709551227609498,1.552209932030403e-30,0.0,0.030538480639148845
474.62,-0.01747590150746062,1.552209932030403e-30,0.0,0.01168248600745445
474.64,-0.017835061808215095,1.552209932030403e-30,0.0,-0.017958015037739992
474.66,-0.017120178003519462,1.552209932030403e-30,0.0,0.03574419023471255
474.68,-0.01736287943123471,1.552209932030403e-30,0.0,-0.012135071385773417
474.7,-0.017302319811005416,1.552209932030403e-30,0.0,0.0030279810114674727
474.72,-0.016624358200273408,1.552209932030403e-30,0.0,0.03389808053653496
474.74,-0.01714614138945784,1.552209932030403e-30,0.0,-0.02608915945924537
474.76,-0.016960805030209757,1.552209932030403e-30,0.0,0.009266817962412598
474.78,-0.017585105813396156,1.552209932030403e-30,0.0,-0.031215039159348278
474.8,-0.017602692951621514,1.552209932030403e-30,0.0,-0.000879356911266263
474.82,-0.01797315756199639,1.552209932030403e-30,0.0,-0.0185232305187607
474.84,-0.01801071215195719,1.552209932030403e-30,0.0,-0.0018777294980417349
474.86,-0.018444288663493364,1.552209932030403e-30,0.0,-0.021678825576766654
474.88,-0.018702607397650686,1.552209932030403e-30,0.0,-0.012915936707877827
474.9,-0.01838085853452202,1.552209932030403e-30,0.0,0.01608744315644795
474.92,-0.018575716664859222,1.552209932030403e-30,0.0,-0.009742906516841333
474.94,-0.018321175945216917,1.552209932030403e-30,0.0,0.012727035982126818
474.96,-0.017626997670811023,1.552209932030403e-30,0.0,0.034708913720326286
474.98,-0.016792256849764015,1.552209932030403e-30,0.0,0.041737041052269754
475.0,-0.017145307432551132,1.552209932030403e-30,0.0,-0.01765252913937186
475.02,-0.016922820386605905,1.552209932030403e-30,0.0,0.01112435229727148
475.04,-0.01666679493593322,1.552209932030403e-30,0.0,0.012801272533609506
475.06,-0.016610034163784648,1.552209932030403e-30,0.0,0.002838038607431171
475.08,-0.016741405354656857,1.552209932030403e-30,0.0,-0.006568559543616408
475.1,-0.016316448034026924,1.552209932030403e-30,0.0,0.02124786603145555
475.12,-0.016119842897947864,1.552209932030403e-30,0.0,0.009830256803962009
475.14,-0.016110282284507855,1.552209932030403e-30,0.0,0.0004780306720009425
475.16,-0.016134251132555406,1.552209932030403e-30,0.0,-0.001198442402375344
475.18,-0.016644455856235075,1.552209932030403e-30,0.0,-0.025510236184006663
475.2,-0.01624373667113253,1.552209932030403e-30,0.0,0.0200359592551454
475.22,-0.016446159517324237,1.552209932030403e-30,0.0,-0.01012114230956576
475.24,-0.01647471043590112,1.552209932030403e-30,0.0,-0.0014275459288454518
475.26,-0.01626082393903844,1.552209932030403e-30,0.0,0.010694324843143673
475.28,-0.016504447623261316,1.552209932030403e-30,0.0,-0.012181184211154845
475.3,-0.016439129620633132,1.552209932030403e-30,0.0,0.0032659001314029306
475.32,-0.015960834268093037,1.552209932030403e-30,0.0,0.023914767627026438
475.34,-0.015538087948930943,1.552209932030403e-30,0.0,0.021137315958123952
475.36,-0.01499944406096661,1.552209932030403e-30,0.0,0.026932194398164678
475.38,-0.014984422682873172,1.552209932030403e-30,0.0,0.0007510689046725313
475.4,-0.01472129868194097,1.552209932030403e-30,0.0,0.01315620004662206
475.42,-0.015023689683431539,1.552209932030403e-30,0.0,-0.015119550074499196
475.44,-0.01471299921023597,1.552209932030403e-30,0.0,0.015534523659792542
475.46,-0.014345253221261508,1.552209932030403e-30,0.0,0.018387299448739826
475.48,-0.01485391676394114,1.552209932030403e-30,0.0,-0.025433177133932415
475.5,-0.015164575512113216,1.552209932030403e-30,0.0,-0.01553293740861795
475.52,-0.015385845730942248,1.552209932030403e-30,0.0,-0.011063510941461708
475.54,-0.014917884197772343,1.552209932030403e-30,0.0,0.02339807665845001
475.56,-0.01479006879098392,1.552209932030403e-30,0.0,0.006390770339426922
475.58,-0.015461684877454421,1.552209932030403e-30,0.0,-0.0335808043235556
475.6,-0.015558075299552764,1.552209932030403e-30,0.0,-0.004819521104907773
475.62,-0.01529914320965038,1.552209932030403e-30,0.0,0.012946604495130996
475.64,-0.015512722776160516,1.552209932030403e-30,0.0,-0.010678978325516482
475.66,-0.01431084565579609,1.552209932030403e-30,0.0,0.06009385601810514
475.68,-0.014614529309140957,1.552209932030403e-30,0.0,-0.015184182667257143
475.7,-0.015023268658157979,1.552209932030403e-30,0.0,-0.020436967450869682
475.72,-0.014575323434438328,1.552209932030403e-30,0.0,0.02239726118593921
475.74,-0.01448213715329713,1.552209932030403e-30,0.0,0.0046593140570641975
475.76,-0.014601474916323572,1.552209932030403e-30,0.0,-0.005966888151327552
475.78,-0.014587549058829837,1.552209932030403e-30,0.0,0.0006962928746873923
475.8,-0.014279138005383994,1.552209932030403e-30,0.0,0.015420552672262356
475.82,-0.013767394485535725,1.552209932030403e-30,0.0,0.02558717599243671
475.84,-0.013991163748527954,1.552209932030403e-30,0.0,-0.011188463149621653
475.86,-0.01436759723113602,1.552209932030403e-30,0.0,-0.018821674130366912
475.88,-0.015344023578563798,1.552209932030403e-30,0.0,-0.04882131737143328
475.9,-0.015551663442031197,1.552209932030403e-30,0.0,-0.010381993173379357
475.92,-0.015439598536615005,1.552209932030403e-30,0.0,0.005603245270798792
475.94,-0.015954536823546278,1.552209932030403e-30,0.0,-0.025746914346587137
475.96,-0.01537071982665289,1.552209932030403e-30,0.0,0.02919084984469598
475.98,-0.015300044079556398,1.552209932030403e-30,0.0,0.00353378735481771
476.0,-0.015821588552211024,1.552209932030403e-30,0.0,-0.026077223632755026
476.02,-0.015282814072893822,1.552209932030403e-30,0.0,0.02693872396588461
476.04,-0.014854310631720094,1.552209932030403e-30,0.0,0.021425172058645008
476.06,-0.014916149329014956,1.552209932030403e-30,0.0,-0.003091934864745928
476.08,-0.014601290547726908,1.552209932030403e-30,0.0,0.015742939064416702
476.1,-0.014469172675839732,1.552209932030403e-30,0.0,0.006605893594346014
476.12,-0.01462857325739111,1.552209932030403e-30,0.0,-0.007970029077576216
476.14,-0.014866791153881521,1.552209932030403e-30,0.0,-0.011910894824531369
476.16,-0.014899581869052306,1.552209932030403e-30,0.0,-0.0016395357585361203
476.18,-0.014382881780388454,1.552209932030403e-30,0.0,0.025835004433216152
476.2,-0.013849594346603343,1.552209932030403e-30,0.0,0.026664371689279782
476.22,-0.013643419711896957,1.552209932030403e-30,0.0,0.010308731735299401
476.24,-0.013609220714784718,1.552209932030403e-30,0.0,0.0017099498556135398
476.26,-0.013470247486138853,1.552209932030403e-30,0.0,0.006948661432299564
476.28,-0.01356054946080106,1.552209932030403e-30,0.0,-0.0045150987331145235
476.3,-0.01377812597143231,1.552209932030403e-30,0.0,-0.010878825531541432
476.32,-0.01352368369468274,1.552209932030403e-30,0.0,0.012722113837490084
476.34,-0.013705494401936188,1.552209932030403e-30,0.0,-0.009090535362680698
476.36,-0.013843134081219448,1.552209932030403e-30,0.0,-0.006881983964149724
476.38,-0.01314290354140213,1.552209932030403e-30,0.0,0.03501152699089773
476.4,-0.012589185351628578,1.552209932030403e-30,0.0,0.02768590948870285
476.42,-0.012452572686873444,1.552209932030403e-30,0.0,0.006830633237743542
476.44,-0.01201709805586244,1.552209932030403e-30,0.0,0.02177373155057003
476.46,-0.012008482484439942,1.552209932030403e-30,0.0,0.00043077857112531353
476.48,-0.012146801534887466,1.552209932030403e-30,0.0,-0.006915952522362882
476.5,-0.012614381809232455,1.552209932030403e-30,0.0,-0.023379013717270684
476.52,-0.012366727841317114,1.552209932030403e-30,0.0,0.012382698395778258
476.54,-0.012098117451024697,1.552209932030403e-30,0.0,0.013430519514594905
476.56,-0.011028817776022624,1.552209932030403e-30,0.0,0.05346498375015224
476.58,-0.010780073297740802,1.552209932030403e-30,0.0,0.01243722391410242
476.6,-0.010185350017682952,1.552209932030403e-30,0.0,0.02973616400283507
476.62,-0.01030913077108872,1.552209932030403e-30,0.0,-0.006189037670294098
476.64,-0.010556832798972056,1.552209932030403e-30,0.0,-0.012385101394178002
476.66,-0.01085261908211421,1.552209932030403e-30,0.0,-0.014789314157079157
476.68,-0.010903402160367245,1.552209932030403e-30,0.0,-0.002539153912654081
476.7,-0.011010549193479009,1.552209932030403e-30,0.0,-0.005357351655593038
476.72,-0.01058855832494594,1.552209932030403e-30,0.0,0.02109954342661263
476.74,-0.01068883548768687,1.552209932030403e-30,0.0,-0.00501385813705109
476.76,-0.010872474652939336,1.552209932030403e-30,0.0,-0.009181958262631641
476.78,-0.01131463731676014,1.552209932030403e-30,0.0,-0.02210813319106029
476.8,-0.010978644295897622,1.552209932030403e-30,0.0,0.016799651043093396
476.82,-0.011763545980352074,1.552209932030403e-30,0.0,-0.03924508422275829
476.84,-0.011675474445537848,1.552209932030403e-30,0.0,0.004403576740715283
476.86,-0.011984596845118886,1.552209932030403e-30,0.0,-0.015456119979022085
476.88,-0.011792202400464974,1.552209932030403e-30,0.0,0.009619722232704351
476.9,-0.012923471775428179,1.552209932030403e-30,0.0,-0.056563468748211665
476.92,-0.013073936023096179,1.552209932030403e-30,0.0,-0.00752321238338551
476.94,-0.01332130809176339,1.552209932030403e-30,0.0,-0.01236860343337184
476.96,-0.012779801164137594,1.552209932030403e-30,0.0,0.027075346381314445
476.98,-0.012570561508965385,1.552209932030403e-30,0.0,0.010461982758590269
477.0,-0.012381852501006953,1.552209932030403e-30,0.0,0.009435450397930149
477.02,-0.012941656494429046,1.552209932030403e-30,0.0,-0.02799019967113003
477.04,-0.013043035781992366,1.552209932030403e-30,0.0,-0.005068964378156259
477.06,-0.01349037440287671,1.552209932030403e-30,0.0,-0.02236693104423754
477.08,-0.013755730019968021,1.552209932030403e-30,0.0,-0.01326778085457763
477.1,-0.013996155705202512,1.552209932030403e-30,0.0,-0.012021284261701294
477.12,-0.01429552428038669,1.552209932030403e-30,0.0,-0.014968428759222512
477.14,-0.015246773288217618,1.552209932030403e-30,0.0,-0.04756245039158965
477.16,-0.014828333864969677,1.552209932030403e-30,0.0,0.02092197116235664
477.18,-0.015592453719425156,1.552209932030403e-30,0.0,-0.03820599272280874
477.2,-0.01578708141475304,1.552209932030403e-30,0.0,-0.009731384766402961
477.22,-0.01568963745230639,1.552209932030403e-30,0.0,0.004872198122323109
477.24,-0.015354872157039056,1.552209932030403e-30,0.0,0.016738264763381933
477.26,-0.015343959251789203,1.552209932030403e-30,0.0,0.0005456452624930976
477.28,-0.015645849373959204,1.552209932030403e-30,0.0,-0.015094506108513817
477.3,-0.015686418988475493,1.552209932030403e-30,0.0,-0.0020284807258105354
477.32,-0.015586067845010633,1.552209932030403e-30,0.0,0.005017557173247579
477.34,-0.015870837490952402,1.552209932030403e-30,0.0,-0.014238482297101469
477.36,-0.015941306300601754,1.552209932030403e-30,0.0,-0.0035234404824607823
477.38,-0.016259466217953853,1.552209932030403e-30,0.0,-0.01590799586761941
477.4,-0.017016556525351206,1.552209932030403e-30,0.0,-0.03785451536990206
477.42,-0.01664978973624811,1.552209932030403e-30,0.0,0.018338339455119416
477.44,-0.016381307987539846,1.552209932030403e-30,0.0,0.013424087435425301
477.46,-0.016756086210177077,1.552209932030403e-30,0.0,-0.018738911131878526
477.48,-0.0175250608636207,1.552209932030403e-30,0.0,-0.0384487326721069
477.5,-0.01765119730597332,1.552209932030403e-30,0.0,-0.006306822117636667
477.52,-0.018076314545920343,1.552209932030403e-30,0.0,-0.021255861997370437
477.54,-0.018317779917461727,1.552209932030403e-30,0.0,-0.012073268577045888
477.56,-0.018392468059135213,1.552209932030403e-30,0.0,-0.0037344070836776893
477.58,-0.018362780168637165,1.552209932030403e-30,0.0,0.0014843945249036759
477.6,-0.01826309558625503,1.552209932030403e-30,0.0,0.0049842291190970835
477.62,-0.018057906263078294,1.552209932030403e-30,0.0,0.010259466158846224
477.64,-0.017691475340160828,1.552209932030403e-30,0.0,0.018321546145889944
477.66,-0.01799089585389303,1.552209932030403e-30,0.0,-0.014971025686581109
477.68,-0.017788157820152486,1.552209932030403e-30,0.0,0.010136901687036388
477.7,-0.017260625330248296,1.552209932030403e-30,0.0,0.02637662449523362
477.72,-0.01674420649910514,1.552209932030403e-30,0.0,0.025820941557107943
477.74,-0.017138798181852852,1.552209932030403e-30,0.0,-0.019729584137403555
477.76,-0.01710611168444667,1.552209932030403e-30,0.0,0.0016343248703105536
477.78,-0.016628004351196376,1.552209932030403e-30,0.0,0.023905366662536447
477.8,-0.017403903671950435,1.552209932030403e-30,0.0,-0.038794966037628026
477.82,-0.01731305173840761,1.552209932030403e-30,0.0,0.004542596677145465
477.84,-0.017390473008525677,1.552209932030403e-30,0.0,-0.0038710635059068864
477.86,-0.017476589490572375,1.552209932030403e-30,0.0,-0.004305824102326683
477.88,-0.017662028021489744,1.552209932030403e-30,0.0,-0.009271926545876826
477.9,-0.017641527759231425,1.552209932030403e-30,0.0,0.0010250131129168867
477.92,-0.017611215319804197,1.552209932030403e-30,0.0,0.0015156219713584871
477.94,-0.017426371041171364,1.552209932030403e-30,0.0,0.009242213931649963
477.96,-0.017995035112090368,1.552209932030403e-30,0.0,-0.028433203545975987
477.98,-0.01820539065105657,1.552209932030403e-30,0.0,-0.010517776948289783
478.0,-0.018170284930542038,1.552209932030403e-30,0.0,0.0017552860257282685
478.02,-0.018827131011169597,1.552209932030403e-30,0.0,-0.03284230403140781
478.04,-0.018745826213200357,1.552209932030403e-30,0.0,0.004065239898454088
478.06,-0.018596657956227274,1.552209932030403e-30,0.0,0.007458412848661011
478.08,-0.019028684329474604,1.552209932030403e-30,0.0,-0.0216013186623862
478.1,-0.01899889002194405,1.552209932030403e-30,0.0,0.0014897153765247523
478.12,-0.018580195878771143,1.552209932030403e-30,0.0,0.02093470715866446
478.14,-0.01900408846170659,1.552209932030403e-30,0.0,-0.0211946291467915
478.16,-0.01937791492454713,1.552209932030403e-30,0.0,-0.018691323141990932
478.18,-0.019663325766239022,1.552209932030403e-30,0.0,-0.014270542084607653
478.2,-0.019217330226991593,1.552209932030403e-30,0.0,0.022299776962391663
478.22,-0.02007100109545743,1.552209932030403e-30,0.0,-0.0426835434232094
478.24,-0.02104746118133301,1.552209932030403e-30,0.0,-0.048823004293823344
478.26,-0.021651853505168413,1.552209932030403e-30,0.0,-0.030219616191797617
478.28,-0.021545010875177528,1.552209932030403e-30,0.0,0.005342131499549097
478.3,-0.0219651268721459,1.552209932030403e-30,0.0,-0.021005799848377978
478.32,-0.022577982083373735,1.552209932030403e-30,0.0,-0.03064276056141972
478.34,-0.022807564013162154,1.552209932030403e-30,0.0,-0.01147909648943142
478.36,-0.022754381077967414,1.552209932030403e-30,0.0,0.00265914675973186
478.38,-0.022133452576870966,1.552209932030403e-30,0.0,0.03104642505485062
478.4,-0.021904137930112127,1.552209932030403e-30,0.0,0.01146573233795236
478.42,-0.021741433214060288,1.552209932030403e-30,0.0,0.008135235802576187
478.44,-0.02149811869541988,1.552209932030403e-30,0.0,0.01216572593203145
478.46,-0.02062244286872647,1.552209932030403e-30,0.0,0.04378379133471029
478.48,-0.019900794618154152,1.552209932030403e-30,0.0,0.03608241252854624
478.5,-0.02083833068775227,1.552209932030403e-30,0.0,-0.04687680347994861
478.52,-0.020820093267155122,1.552209932030403e-30,0.0,0.0009118710298582234
478.54,-0.02040674462306352,1.552209932030403e-30,0.0,0.020667432204540294
478.56,-0.02013055072497506,1.552209932030403e-30,0.0,0.01380969490443542
478.58,-0.020353006895125293,1.552209932030403e-30,0.0,-0.011122808507521769
478.6,-0.019905238341772786,1.552209932030403e-30,0.0,0.022388427667582013
478.62,-0.019947063016490886,1.552209932030403e-30,0.0,-0.0020912337359068386
478.64,-0.01989872528558735,1.552209932030403e-30,0.0,0.0024168865451789975
478.66,-0.019733585026570306,1.552209932030403e-30,0.0,0.008257012950836261
478.68,-0.019243140653434843,1.552209932030403e-30,0.0,0.024522218656795377
478.7,-0.019406999775512253,1.552209932030403e-30,0.0,-0.008192956103877902
478.72,-0.019388760165441478,1.552209932030403e-30,0.0,0.000911980503536903
478.74,-0.019489571427272707,1.552209932030403e-30,0.0,-0.005040563091566034
478.76,-0.0198920225769713,1.552209932030403e-30,0.0,-0.02012255748494791
478.78,-0.020128500152952488,1.552209932030403e-30,0.0,-0.01182387879907025
478.8,-0.02019847730906901,1.552209932030403e-30,0.0,-0.0034988578058193515
478.82,-0.02047586456348338,1.552209932030403e-30,0.0,-0.013869362720731183
478.84,-0.02039187104098081,1.552209932030403e-30,0.0,0.0041996761251323
478.86,-0.020357144790485653,1.552209932030403e-30,0.0,0.0017363125247545786
478.88,-0.020768300871442873,1.552209932030403e-30,0.0,-0.02055780404787961
478.9,-0.02060943424512913,1.552209932030403e-30,0.0,0.007943331315694361
478.92,-0.020239094783460344,1.552209932030403e-30,0.0,0.01851697308340354
478.94,-0.020780287565054012,1.552209932030403e-30,0.0,-0.02705963907970802
478.96,-0.020605906649351937,1.552209932030403e-30,0.0,0.008719045785111722
478.98,-0.0205616046083633,1.552209932030403e-30,0.0,0.002215102049427486
479.0,-0.02077447387719335,1.552209932030403e-30,0.0,-0.010643463441512164
479.02,-0.020410269832370816,1.552209932030403e-30,0.0,0.01821020224114323
479.04,-0.020607887646776884,1.552209932030403e-30,0.0,-0.009880890720284217
479.06,-0.02047167265419909,1.552209932030403e-30,0.0,0.0068107496288959115
479.08,-0.02096152933617528,1.552209932030403e-30,0.0,-0.0244928340988319
479.1,-0.02001858272274526,1.552209932030403e-30,0.0,0.04714733067141004
479.12,-0.020334189066792727,1.552209932030403e-30,0.0,-0.0157803172023877
479.14,-0.019920908825222718,1.552209932030403e-30,0.0,0.020664012078519273
479.16,-0.02009340633348204,1.552209932030403e-30,0.0,-0.008624875412949446
479.18,-0.019592727931693078,1.552209932030403e-30,0.0,0.025033920089470817
479.2,-0.019077005828928257,1.552209932030403e-30,0.0,0.02578610513826447
479.22,-0.019415334464641283,1.552209932030403e-30,0.0,-0.016916431785618653
479.24,-0.018813310852130966,1.552209932030403e-30,0.0,0.030101180625543233
479.26,-0.01863911201736034,1.552209932030403e-30,0.0,0.00870994173853911
479.28,-0.01868808557875299,1.552209932030403e-30,0.0,-0.0024486780696347096
479.3,-0.018700632359941162,1.552209932030403e-30,0.0,-0.0006273390594073702
479.32,-0.018366836182297595,1.552209932030403e-30,0.0,0.016689808882193517
479.34,-0.018851087941070172,1.552209932030403e-30,0.0,-0.024212587938650977
479.36,-0.018842098852690232,1.552209932030403e-30,0.0,0.0004494544189961558
479.38,-0.019454501807123877,1.552209932030403e-30,0.0,-0.03062014772171006
479.4,-0.018963445463439556,1.552209932030403e-30,0.0,0.02455281718423838
479.42,-0.019234920740358853,1.552209932030403e-30,0.0,-0.013573763845938587
479.44,-0.019355285060603092,1.552209932030403e-30,0.0,-0.006018216012217415
479.46,-0.0191101707979919,1.552209932030403e-30,0.0,0.012255713130570728
479.48,-0.018693662405997936,1.552209932030403e-30,0.0,0.020825419599657936
479.5,-0.018702291426472152,1.552209932030403e-30,0.0,-0.000431451023711232
479.52,-0.018660387286820533,1.552209932030403e-30,0.0,0.0020952069825828264
479.54,-0.018747779478645348,1.552209932030403e-30,0.0,-0.004369609591232229
479.56,-0.01895236817663221,1.552209932030403e-30,0.0,-0.01022943489935242
479.58,-0.018448047038898137,1.552209932030403e-30,0.0,0.02521605688672653
479.6,-0.018604036025104752,1.552209932030403e-30,0.0,-0.0077994493103156785
479.62,-0.019238035229444086,1.552209932030403e-30,0.0,-0.03169996021699544
479.64,-0.019240958710998457,1.552209932030403e-30,0.0,-0.0001461740777186589
479.66,-0.01894337611623538,1.552209932030403e-30,0.0,0.01487912973812506
479.68,-0.018872053483606103,1.552209932030403e-30,0.0,0.0035661316314671444
479.7,-0.018943084999309124,1.552209932030403e-30,0.0,-0.003551575785154327
479.72,-0.019635225067739334,1.552209932030403e-30,0.0,-0.03460700342144358
479.74,-0.01921572051571444,1.552209932030403e-30,0.0,0.020975227601263788
479.76,-0.01945628151701567,1.552209932030403e-30,0.0,-0.012028050065072397
479.78,-0.019889962672284673,1.552209932030403e-30,0.0,-0.021684057763469863
479.8,-0.018855041422040194,1.552209932030403e-30,0.0,0.05174606251212388
479.82,-0.018515401089653282,1.552209932030403e-30,0.0,0.016982016619361082
479.84,-0.018024641836959107,1.552209932030403e-30,0.0,0.0245379626347311
479.86,-0.01809435935785509,1.552209932030403e-30,0.0,-0.003485876044792448
479.88,-0.01864802990148614,1.552209932030403e-30,0.0,-0.027683527181577662
479.9,-0.018760025250980358,1.552209932030403e-30,0.0,-0.005599767474715947
479.92,-0.018581729857929448,1.552209932030403e-30,0.0,0.008914769652528314
479.94,-0.01858021867639806,1.552209932030403e-30,0.0,7.55590765693473e-05
479.96,-0.018643271887260913,1.552209932030403e-30,0.0,-0.0031526605431454143
479.98,-0.018297974460003724,1.552209932030403e-30,0.0,0.017264871362826176
480.0,-0.0179867465394127,1.552209932030403e-30,0.0,0.015561396029565362
480.02,-0.01809445398166391,1.552209932030403e-30,0.0,-0.005385372112565316
480.04,-0.01734454931736006,1.552209932030403e-30,0.0,0.037495233215120015
480.06,-0.01739712921783574,1.552209932030403e-30,0.0,-0.0026289950237864857
480.08,-0.017723013692285065,1.552209932030403e-30,0.0,-0.016294223722481124
480.1,-0.01742610583428387,1.552209932030403e-30,0.0,0.014845392900031135
480.12,-0.017760589365953938,1.552209932030403e-30,0.0,-0.01672417658351866
480.14,-0.01770271718716079,1.552209932030403e-30,0.0,0.002893608939659932
480.16,-0.01835675709161023,1.552209932030403e-30,0.0,-0.03270199522240885
480.18,-0.01799400291290254,1.552209932030403e-30,0.0,0.018137708935400974
480.2,-0.01823902159356619,1.552209932030403e-30,0.0,-0.012250934033193564
480.22,-0.017620968618599003,1.552209932030403e-30,0.0,0.030902648748299604
480.24,-0.01691027748835279,1.552209932030403e-30,0.0,0.035534556512343024
480.26,-0.01750070791352037,1.552209932030403e-30,0.0,-0.029521521258405882
480.28,-0.017340291454822358,1.552209932030403e-30,0.0,0.008020822934907966
480.3,-0.01770527396502624,1.552209932030403e-30,0.0,-0.01824912551015887
480.32,-0.01806111530261067,1.552209932030403e-30,0.0,-0.017792066879237595
480.34,-0.018661725683651906,1.552209932030403e-30,0.0,-0.030030519052089286
480.36,-0.01832716051296339,1.552209932030403e-30,0.0,0.01672825853439349
480.38,-0.018385381553445032,1.552209932030403e-30,0.0,-0.0029110520240848686
480.4,-0.018378998679017464,1.552209932030403e-30,0.0,0.000319143721378595
480.42,-0.018225074008721802,1.552209932030403e-30,0.0,0.0076962335147682534
480.44,-0.018673128159756403,1.552209932030403e-30,0.0,-0.02240270755175049
480.46,-0.01852955311142844,1.552209932030403e-30,0.0,0.007178752416404694
480.48,-0.01869736609328561,1.552209932030403e-30,0.0,-0.008390649092842282
480.5,-0.018894038552296308,1.552209932030403e-30,0.0,-0.009833622950543944
480.52,-0.018468636355676717,1.552209932030403e-30,0.0,0.021270109830998828
480.54,-0.01892520391191622,1.552209932030403e-30,0.0,-0.02282837781193103
480.56,-0.01895552631544149,1.552209932030403e-30,0.0,-0.00151612017626471
480.58,-0.019568010317399083,1.552209932030403e-30,0.0,-0.030624200097907547
480.6,-0.019224254238098933,1.552209932030403e-30,0.0,0.017187803964974335
480.62,-0.0190941348427061,1.552209932030403e-30,0.0,0.006505969769647523
480.64,-0.018830872104701305,1.552209932030403e-30,0.0,0.013163136900251794
480.66,-0.019392668151887803,1.552209932030403e-30,0.0,-0.028089802359270544
480.68,-0.019341946203781653,1.552209932030403e-30,0.0,0.0025360974053098085
480.7,-0.01961259074978648,1.552209932030403e-30,0.0,-0.013532227300253635
480.72,-0.01956635151347106,1.552209932030403e-30,0.0,0.002311961815766446
480.74,-0.01993045569523799,1.552209932030403e-30,0.0,-0.0182052090883629
480.76,-0.02009398894715618,1.552209932030403e-30,0.0,-0.008176662595917001
480.78,-0.01956531068539218,1.552209932030403e-30,0.0,0.026433913088224032
480.8,-0.019956718460851935,1.552209932030403e-30,0.0,-0.01957038877294997
480.82,-0.02032775801645806,1.552209932030403e-30,0.0,-0.018551977780323012
480.84,-0.019901887080926963,1.552209932030403e-30,0.0,0.021293546776574183
480.86,-0.019549122272259252,1.552209932030403e-30,0.0,0.017638240433351514
480.88,-0.019493022172624427,1.552209932030403e-30,0.0,0.0028050049817437113
480.9,-0.01971883632070099,1.552209932030403e-30,0.0,-0.01129070740383836
480.92,-0.019134770752260135,1.552209932030403e-30,0.0,0.02920327842198625
480.94,-0.019721546315431156,1.552209932030403e-30,0.0,-0.029338778158577723
480.96,-0.01996064397383368,1.552209932030403e-30,0.0,-0.011954882920137102
480.98,-0.019897427489901903,1.552209932030403e-30,0.0,0.0031608241965827228
481.0,-0.01992288845953598,1.552209932030403e-30,0.0,-0.001273048481704978
481.02,-0.02021071161092667,1.552209932030403e-30,0.0,-0.01439115756954757
481.04,-0.01943004081094585,1.552209932030403e-30,0.0,0.03903353999896541
481.06,-0.019613854982030027,1.552209932030403e-30,0.0,-0.009190708554217213
481.08,-0.01961670976658006,1.552209932030403e-30,0.0,-0.00014273922750183377
481.1,-0.01952694657532753,1.552209932030403e-30,0.0,0.00448815956261784
481.12,-0.01910333895732533,1.552209932030403e-30,0.0,0.02118038090012922
481.14,-0.018982292737167235,1.552209932030403e-30,0.0,0.0060523110079102604
481.16,-0.01854931550250686,1.552209932030403e-30,0.0,0.021648861732976882
481.18,-0.01805923979193717,1.552209932030403e-30,0.0,0.024503785528506704
481.2,-0.017445366288034097,1.552209932030403e-30,0.0,0.030693675195181482
481.22,-0.017416397502045405,1.552209932030403e-30,0.0,0.0014484392994318306
481.24,-0.017847011521166415,1.552209932030403e-30,0.0,-0.021530700956069997
481.26,-0.01795156110226606,1.552209932030403e-30,0.0,-0.005227479054987002
481.28,-0.017340717438226478,1.552209932030403e-30,0.0,0.030542183202006946
481.3,-0.01700393808250309,1.552209932030403e-30,0.0,0.016838967786136763
481.32,-0.016937512619240435,1.552209932030403e-30,0.0,0.0033212731631357554
481.34,-0.01736415933751162,1.552209932030403e-30,0.0,-0.02133233591357867
481.36,-0.01708383645427023,1.552209932030403e-30,0.0,0.01401614416204237
481.38,-0.016862872070047892,1.552209932030403e-30,0.0,0.011048219211126998
481.4,-0.016881967023582668,1.552209932030403e-30,0.0,-0.0009547476767397337
481.42,-0.01710205613583069,1.552209932030403e-30,0.0,-0.011004455612379947
481.44,-0.01661007559269808,1.552209932030403e-30,0.0,0.024599027156652978
481.46,-0.016072333403585798,1.552209932030403e-30,0.0,0.02688710945563858
481.48,-0.016315460706650346,1.552209932030403e-30,0.0,-0.012156365153203928
481.5,-0.0167778379281273,1.552209932030403e-30,0.0,-0.023118861073868797
481.52,-0.017065147329429646,1.552209932030403e-30,0.0,-0.014365470065130248
481.54,-0.01645441816945502,1.552209932030403e-30,0.0,0.03053645799867226
481.56,-0.016506524481876752,1.552209932030403e-30,0.0,-0.002605315621088933
481.58,-0.01709226312726925,1.552209932030403e-30,0.0,-0.02928693226965164
481.6,-0.0172310003556466,1.552209932030403e-30,0.0,-0.0069368614188539506
481.62,-0.016850902076149407,1.552209932030403e-30,0.0,0.019004913974876844
481.64,-0.01676791757733267,1.552209932030403e-30,0.0,0.004149224940840619
481.66,-0.01723450414573672,1.552209932030403e-30,0.0,-0.023329328420157273
481.68,-0.017067120060031617,1.552209932030403e-30,0.0,0.008369204285262674
481.7,-0.016328679211621837,1.552209932030403e-30,0.0,0.036922042420522654
481.72,-0.017302407482581193,1.552209932030403e-30,0.0,-0.04868641354787366
481.74,-0.016621639198861598,1.552209932030403e-30,0.0,0.03403841418601069
481.76,-0.016312948183514114,1.552209932030403e-30,0.0,0.015434550767388215
481.78,-0.01620703754169936,1.552209932030403e-30,0.0,0.005295532090742488
481.8,-0.016601818710052403,1.552209932030403e-30,0.0,-0.01973905841761406
481.82,-0.016607527545787093,1.552209932030403e-30,0.0,-0.00028544178673469426
481.84,-0.01672669579593055,1.552209932030403e-30,0.0,-0.005958412507178319
481.86,-0.017361190635280157,1.552209932030403e-30,0.0,-0.031724741967419055
481.88,-0.01762795448134457,1.552209932030403e-30,0.0,-0.013338192303232712
481.9,-0.01783280096739143,1.552209932030403e-30,0.0,-0.010242324302352262
481.92,-0.018108068906882872,1.552209932030403e-30,0.0,-0.013763396974545521
481.94,-0.018202060866287142,1.552209932030403e-30,0.0,-0.004699597970217817
481.96,-0.019004214067461528,1.552209932030403e-30,0.0,-0.04010766005875576
481.98,-0.018930329796761524,1.552209932030403e-30,0.0,0.0036942135349930104
482.0,-0.019081425406885903,1.552209932030403e-30,0.0,-0.007554780506225755
482.02,-0.018862378968095183,1.552209932030403e-30,0.0,0.010952321939545954
482.04,-0.019087227446052908,1.552209932030403e-30,0.0,-0.011242423897864527
482.06,-0.01871063342579791,1.552209932030403e-30,0.0,0.018829701012766997
482.08,-0.018450336347231193,1.552209932030403e-30,0.0,0.013014853928347843
482.1,-0.018381964945482974,1.552209932030403e-30,0.0,0.0034185700874042645
482.12,-0.01767016136475406,1.552209932030403e-30,0.0,0.03559017903647805
482.14,-0.017893595315090296,1.552209932030403e-30,0.0,-0.01117169751682196
482.16,-0.01833005321742182,1.552209932030403e-30,0.0,-0.02182289511653396
482.18,-0.01866855810843109,1.552209932030403e-30,0.0,-0.01692524455047882
482.2,-0.018472634203002297,1.552209932030403e-30,0.0,0.009796195271448488
482.22,-0.018675631284793534,1.552209932030403e-30,0.0,-0.010149854089542285
482.24,-0.018967647923200125,1.552209932030403e-30,0.0,-0.014600831920342788
482.26,-0.018869357146641993,1.552209932030403e-30,0.0,0.0049145388279109555
482.28,-0.019057699530328383,1.552209932030403e-30,0.0,-0.009417119184328101
482.3,-0.01898730839142819,1.552209932030403e-30,0.0,0.0035195569450028113
482.32,-0.01898010850705716,1.552209932030403e-30,0.0,0.0003599942185517986
482.34,-0.018766410716649747,1.552209932030403e-30,0.0,0.010684889520380299
482.36,-0.018681181672910475,1.552209932030403e-30,0.0,0.004261452186955409
482.38,-0.018753936053997892,1.552209932030403e-30,0.0,-0.003637719054374147
482.4,-0.018883792578108943,1.552209932030403e-30,0.0,-0.006492826205558411
482.42,-0.018325892446489092,1.552209932030403e-30,0.0,0.02789500658093857
482.44,-0.01814482876458897,1.552209932030403e-30,0.0,0.009053184095014244
482.46,-0.017780086589180046,1.552209932030403e-30,0.0,0.018237108770462834
482.48,-0.01727344963637287,1.552209932030403e-30,0.0,0.025331847640309726
482.5,-0.01707568214034536,1.552209932030403e-30,0.0,0.009888374801384592
482.52,-0.01701719289043956,1.552209932030403e-30,0.0,0.0029244624952926004
482.54,-0.016965644001164765,1.552209932030403e-30,0.0,0.0025774444637346712
482.56,-0.01636943721349426,1.552209932030403e-30,0.0,0.029810339383552244
482.58,-0.01666211217616201,1.552209932030403e-30,0.0,-0.014633748133400718
482.6,-0.016757406072896615,1.552209932030403e-30,0.0,-0.004764694836721132
482.62,-0.01657954811902965,1.552209932030403e-30,0.0,0.008892897693356267
482.64,-0.016880730385664372,1.552209932030403e-30,0.0,-0.015059113331749809
482.66,-0.01766690393570212,1.552209932030403e-30,0.0,-0.03930867750181143
482.68,-0.017152606772269197,1.552209932030403e-30,0.0,0.02571485817166955
482.7,-0.017424503593204948,1.552209932030403e-30,0.0,-0.013594841046799828
482.72,-0.017883871056120618,1.552209932030403e-30,0.0,-0.02296837314573914
482.74,-0.01759216767524819,1.552209932030403e-30,0.0,0.014585169043634591
482.76,-0.01701034272313656,1.552209932030403e-30,0.0,0.029091247605607943
482.78,-0.01676376659828811,1.552209932030403e-30,0.0,0.012328806242433725
482.8,-0.016429681712713157,1.552209932030403e-30,0.0,0.01670424427871534
482.82,-0.01627853593433237,1.552209932030403e-30,0.0,0.007557288919046311
482.84,-0.016342631958132476,1.552209932030403e-30,0.0,-0.003204801190008359
482.86,-0.016599425677948816,1.552209932030403e-30,0.0,-0.012839685990792146
482.88,-0.016923618026172184,1.552209932030403e-30,0.0,-0.016209617411183076
482.9,-0.016902097588305312,1.552209932030403e-30,0.0,0.0010760218933445205
482.92,-0.01820122970127415,1.552209932030403e-30,0.0,-0.06495660564831632
482.94,-0.017682351840485937,1.552209932030403e-30,0.0,0.025943893039434295
482.96,-0.01771436551334036,1.552209932030403e-30,0.0,-0.001600683642722572
482.98,-0.017336832437728,1.552209932030403e-30,0.0,0.018876653780581457
483.0,-0.01732718787052448,1.552209932030403e-30,0.0,0.00048222836017647677
483.02,-0.01783556453363136,1.552209932030403e-30,0.0,-0.025418833155367093
483.04,-0.01832258828773115,1.552209932030403e-30,0.0,-0.02435118770494237
483.06,-0.01828803600794839,1.552209932030403e-30,0.0,0.0017276139891395405
483.08,-0.01760252342089012,1.552209932030403e-30,0.0,0.03427562935294469
483.1,-0.017259135940425406,1.552209932030403e-30,0.0,0.017169374023202434
483.12,-0.017072344237926824,1.552209932030403e-30,0.0,0.009339585124937544
483.14,-0.01722354070702285,1.552209932030403e-30,0.0,-0.0075598234548080795
483.16,-0.017944730971466424,1.552209932030403e-30,0.0,-0.036059513222108985
483.18,-0.017645518906959833,1.552209932030403e-30,0.0,0.01496060322534309
483.2,-0.01676912021680231,1.552209932030403e-30,0.0,0.0438199345079159
483.22,-0.016624620658933557,1.552209932030403e-30,0.0,0.007224977893423765
483.24,-0.01638520307812929,1.552209932030403e-30,0.0,0.011970879040224223
483.26,-0.016472882580450536,1.552209932030403e-30,0.0,-0.004383975116066427
483.28,-0.01611401754420355,1.552209932030403e-30,0.0,0.017943251812365474
483.3,-0.01621696858728286,1.552209932030403e-30,0.0,-0.005147552153955377
483.32,-0.015502012000735916,1.552209932030403e-30,0.0,0.03574782932737969
483.34,-0.01599522359490566,1.552209932030403e-30,0.0,-0.02466057970850959
483.36,-0.01656281143267553,1.552209932030403e-30,0.0,-0.02837939188843884
483.38,-0.017058152154619293,1.552209932030403e-30,0.0,-0.024767036097210707
483.4,-0.01632040467635422,1.552209932030403e-30,0.0,0.036887373913287225
483.42,-0.015911074793358328,1.552209932030403e-30,0.0,0.020466494149755023
483.44,-0.015976584454559305,1.552209932030403e-30,0.0,-0.0032754830600518516
483.46,-0.01574602082515227,1.552209932030403e-30,0.0,0.011528181470362232
483.48,-0.015004429560531227,1.552209932030403e-30,0.0,0.03707956323098047
483.5,-0.014922554795631456,1.552209932030403e-30,0.0,0.004093738244992295
483.52,-0.014969699144057772,1.552209932030403e-30,0.0,-0.0023572174213179493
483.54,-0.015569669998989035,1.552209932030403e-30,0.0,-0.029998542746505198
483.56,-0.01594272525358538,1.552209932030403e-30,0.0,-0.01865276272983423
483.58,-0.016306280897624304,1.552209932030403e-30,0.0,-0.018177782201962672
483.6,-0.016965044773536272,1.552209932030403e-30,0.0,-0.03293819379553476
483.62,-0.01724251491559988,1.552209932030403e-30,0.0,-0.01387350710319305
483.64,-0.01767907963084698,1.552209932030403e-30,0.0,-0.02182823576237472
483.66,-0.017263160779634384,1.552209932030403e-30,0.0,0.02079594256058956
483.68,-0.017351646574613296,1.552209932030403e-30,0.0,-0.004424289748949596
483.7,-0.016823892577862532,1.552209932030403e-30,0.0,0.0263876998375622
483.72,-0.016665696012272295,1.552209932030403e-30,0.0,0.007909828279496638
483.74,-0.017106162973514236,1.552209932030403e-30,0.0,-0.022023348062117042
483.76,-0.017284218610871416,1.552209932030403e-30,0.0,-0.008902781867867063
483.78,-0.01721560177738787,1.552209932030403e-30,0.0,0.0034308416741803934
483.8,-0.017224302276556386,1.552209932030403e-30,0.0,-0.00043502495842490926
483.82,-0.016724394134251738,1.552209932030403e-30,0.0,0.024995407115255126
483.84,-0.01689806816658224,1.552209932030403e-30,0.0,-0.008683701616532938
483.86,-0.016749354666423414,1.552209932030403e-30,0.0,0.007435675007926988
483.88,-0.016540274255564567,1.552209932030403e-30,0.0,0.010454020542951943
483.9,-0.016156612436790934,1.552209932030403e-30,0.0,0.019183090938699156
483.92,-0.015646065275684618,1.552209932030403e-30,0.0,0.025527358055266385
483.94,-0.016146786879774375,1.552209932030403e-30,0.0,-0.025036080204510647
483.96,-0.016841663040583165,1.552209932030403e-30,0.0,-0.03474380804047113
483.98,-0.017173053284298148,1.552209932030403e-30,0.0,-0.016569512185717113
484.0,-0.017440367894113074,1.552209932030403e-30,0.0,-0.013365730490758404
484.02,-0.017303592902894346,1.552209932030403e-30,0.0,0.0068387495609426455
484.04,-0.01813785792258089,1.552209932030403e-30,0.0,-0.04171325098424664
484.06,-0.018177256815779762,1.552209932030403e-30,0.0,-0.001969944659945324
484.08,-0.018067832013740102,1.552209932030403e-30,0.0,0.005471240101987938
484.1,-0.017823691058874103,1.552209932030403e-30,0.0,0.012207047743276392
484.12,-0.017584940973861873,1.552209932030403e-30,0.0,0.011937504250622295
484.14,-0.018251140794894607,1.552209932030403e-30,0.0,-0.03330999105166706
484.16,-0.01831876876126833,1.552209932030403e-30,0.0,-0.0033813983186794694
484.18,-0.018247274712294665,1.552209932030403e-30,0.0,0.00357470244868644
484.2,-0.017252714045755225,1.552209932030403e-30,0.0,0.049728033327017224
484.22,-0.017511089475743286,1.552209932030403e-30,0.0,-0.012918771499378024
484.24,-0.017661173894032805,1.552209932030403e-30,0.0,-0.007504220914482815
484.26,-0.0176019467630477,1.552209932030403e-30,0.0,0.00296135654925777
484.28,-0.01735287575033404,1.552209932030403e-30,0.0,0.012453550635694394
484.3,-0.01679847803913087,1.552209932030403e-30,0.0,0.027719885560105045
484.32,-0.015845890094610546,1.552209932030403e-30,0.0,0.04762939722605959
484.34,-0.015597782389243961,1.552209932030403e-30,0.0,0.012405385268340561
484.36,-0.015710569409680884,1.552209932030403e-30,0.0,-0.0056393510218352835
484.38,-0.014901675442768481,1.552209932030403e-30,0.0,0.040444698345656914
484.4,-0.015764122791264108,1.552209932030403e-30,0.0,-0.04312236742482066
484.42,-0.015747496921400428,1.552209932030403e-30,0.0,0.0008312934931824427
484.44,-0.015447939553011956,1.552209932030403e-30,0.0,0.014977868419437212
484.46,-0.015137422510078675,1.552209932030403e-30,0.0,0.015525852146678213
484.48,-0.015120853959290423,1.552209932030403e-30,0.0,0.0008284275394109984
484.5,-0.01555896518359285,1.552209932030403e-30,0.0,-0.021905561215141242
484.52,-0.015951167861926543,1.552209932030403e-30,0.0,-0.019610133916702403
484.54,-0.01567049175251304,1.552209932030403e-30,0.0,0.014033805470648067
484.56,-0.015449483774980129,1.552209932030403e-30,0.0,0.011050398876655595
484.58,-0.015322495803804346,1.552209932030403e-30,0.0,0.006349398558794882
484.6,-0.015102064943147578,1.552209932030403e-30,0.0,0.011021543032817096
484.62,-0.014549086004230561,1.552209932030403e-30,0.0,0.027648946945875965
484.64,-0.015167694335314405,1.552209932030403e-30,0.0,-0.030930416554220304
484.68,-0.0156463660158393,1.552209932030403e-30,0.0,-0.011966792013116258
484.7,-0.01569036013298467,1.552209932030403e-30,0.0,-0.0021997058572703725
484.72,-0.015782996584400466,1.552209932030403e-30,0.0,-0.0046318225707808755
484.74,-0.014843278129396289,1.552209932030403e-30,0.0,0.046985922750251596
484.76,-0.014784105833747618,1.552209932030403e-30,0.0,0.0029586147824361758
484.78,-0.014999602744055547,1.552209932030403e-30,0.0,-0.010774845515406207
484.8,-0.015237984808339933,1.552209932030403e-30,0.0,-0.011919103214196263
484.82,-0.015730199573420773,1.552209932030403e-30,0.0,-0.02461073825406431
484.84,-0.015178195988103974,1.552209932030403e-30,0.0,0.02760017926586508
484.86,-0.014932382590088387,1.552209932030403e-30,0.0,0.012290669900755558
484.88,-0.01503970459747394,1.552209932030403e-30,0.0,-0.005366100369282457
484.9,-0.015221129695287283,1.552209932030403e-30,0.0,-0.009071254890675446
484.92,-0.015035631092662581,1.552209932030403e-30,0.0,0.00927493013121714
484.94,-0.01541828565148986,1.552209932030403e-30,0.0,-0.019132727941381378
484.96,-0.015973096060150214,1.552209932030403e-30,0.0,-0.02774052043304287
485.0,-0.01695847574072386,1.552209932030403e-30,0.0,-0.024634492014328605
485.02,-0.017202439569540255,1.552209932030403e-30,0.0,-0.012198191440830751
485.04,-0.01662915331611751,1.552209932030403e-30,0.0,0.02866431267108185
485.06,-0.016157982586117784,1.552209932030403e-30,0.0,0.02355853650000775
485.08,-0.016225700680612715,1.552209932030403e-30,0.0,-0.0033859047247496404
485.1,-0.015725015663471,1.552209932030403e-30,0.0,0.025034250857037414
485.12,-0.015284825775204207,1.552209932030403e-30,0.0,0.022009494413359598
485.14,-0.015341367823607515,1.552209932030403e-30,0.0,-0.002827102420167996
485.16,-0.015566524023072074,1.552209932030403e-30,0.0,-0.01125780997320615
485.18,-0.015286310635622746,1.552209932030403e-30,0.0,0.014010669372479155
485.2,-0.015662004277206674,1.552209932030403e-30,0.0,-0.018784682079213494
485.22,-0.015637624205266865,1.552209932030403e-30,0.0,0.001219003596988159
485.24,-0.015810986713506284,1.552209932030403e-30,0.0,-0.008668125411978813
485.26,-0.015905786302258737,1.552209932030403e-30,0.0,-0.004739979437627015
485.28,-0.015610410284238145,1.552209932030403e-30,0.0,0.014768800901043062
485.3,-0.015499080110582354,1.552209932030403e-30,0.0,0.005566508682778757
485.34,-0.014275955509972916,1.552209932030403e-30,0.0,0.030578115015263762
485.36,-0.014336116668415092,1.552209932030403e-30,0.0,-0.0030080579221030005
485.38,-0.014487995468957543,1.552209932030403e-30,0.0,-0.007593940027129486
485.4,-0.014551815582690154,1.552209932030403e-30,0.0,-0.0031910056866334417
485.42,-0.014979171947615734,1.552209932030403e-30,0.0,-0.02136781824623765
485.44,-0.015243766482454565,1.552209932030403e-30,0.0,-0.013229726741953567
485.46,-0.014307331046610356,1.552209932030403e-30,0.0,0.046821771792253
485.48,-0.01435745518981089,1.552209932030403e-30,0.0,-0.0025062071600219183
485.5,-0.01449734527119854,1.552209932030403e-30,0.0,-0.0069945040693887486
485.52,-0.013982962062979339,1.552209932030403e-30,0.0,0.025719160410983398
485.54,-0.014100769807072951,1.552209932030403e-30,0.0,-0.005890387204669271
485.56,-0.013994494683044752,1.552209932030403e-30,0.0,0.0053137562014147315
485.58,-0.013970522568613945,1.552209932030403e-30,0.0,0.0011986057215414656
485.6,-0.013615965760399014,1.552209932030403e-30,0.0,0.017727840410712327
485.62,-0.0140146267238372,1.552209932030403e-30,0.0,-0.019933048171927457
485.66,-0.013542072104721707,1.552209932030403e-30,0.0,0.011813865477881274
485.68,-0.01246843501730934,1.552209932030403e-30,0.0,0.05368185437066719
485.7,-0.012103984865327641,1.552209932030403e-30,0.0,0.018222507599101514
485.72,-0.013175527020133712,1.552209932030403e-30,0.0,-0.05357710774020002
485.74,-0.013315433255910817,1.552209932030403e-30,0.0,-0.006995311788861607
485.76,-0.013485197056090251,1.552209932030403e-30,0.0,-0.008488190008979437
485.78,-0.013264540730547107,1.552209932030403e-30,0.0,0.011032816277167233
485.8,-0.013589399450718579,1.552209932030403e-30,0.0,-0.016242936008542236
485.82,-0.013191814213016954,1.552209932030403e-30,0.0,0.019879261885099343
485.84,-0.012435047922146315,1.552209932030403e-30,0.0,0.03783831454356636
485.86,-0.012303383508992677,1.552209932030403e-30,0.0,0.006583220657669154
485.88,-0.012397567525723395,1.552209932030403e-30,0.0,-0.0047092008365401975
485.9,-0.012676311730288157,1.552209932030403e-30,0.0,-0.01393721022825076
485.92,-0.011976058783521707,1.552209932030403e-30,0.0,0.03501264733825485
485.94,-0.011624424582245522,1.552209932030403e-30,0.0,0.01758171006382528
485.96,-0.011190063253820349,1.552209932030403e-30,0.0,0.021718066421278433
486.0,-0.01231307074662629,1.552209932030403e-30,0.0,-0.028075187320134157
486.02,-0.012071976804771081,1.552209932030403e-30,0.0,0.012054697092771358
486.04,-0.011939492396121219,1.552209932030403e-30,0.0,0.006624220432480366
486.06,-0.012661172014223003,1.552209932030403e-30,0.0,-0.03608398090512206
486.08,-0.012852633526502797,1.552209932030403e-30,0.0,-0.00957307561399836
486.1,-0.013787355578808645,1.552209932030403e-30,0.0,-0.046736102615202064
486.12,-0.013576633584744598,1.552209932030403e-30,0.0,0.010536099703211952
486.14,-0.012872260581422424,1.552209932030403e-30,0.0,0.035218650166140716
486.16,-0.013651554736718112,1.552209932030403e-30,0.0,-0.03896470776470911
486.18,-0.013415801500004067,1.552209932030403e-30,0.0,0.01178766183571297
486.2,-0.012940132890226465,1.552209932030403e-30,0.0,0.023783430488901757
486.22,-0.012267431777316474,1.552209932030403e-30,0.0,0.0336350556454346
486.24,-0.01218348618282784,1.552209932030403e-30,0.0,0.004197279724435491
486.26,-0.011790207957532342,1.552209932030403e-30,0.0,0.01966391126479275
486.3,-0.011212075371612049,1.552209932030403e-30,0.0,0.014453314647999933
486.32,-0.01085136145141601,1.552209932030403e-30,0.0,0.01803569600981825
486.34,-0.010679725145458514,1.552209932030403e-30,0.0,0.008581815297882645
486.36,-0.011023862642496206,1.552209932030403e-30,0.0,-0.01720687485185133
486.38,-0.010788585956823324,1.552209932030403e-30,0.0,0.011763834283654828
486.4,-0.011031831063097382,1.552209932030403e-30,0.0,-0.012162255313713977
486.42,-0.010887798414705465,1.552209932030403e-30,0.0,0.007201632419581907
486.44,-0.010576097602929605,1.552209932030403e-30,0.0,0.015585040588807133
486.46,-0.01026914165197686,1.552209932030403e-30,0.0,0.015347797547651167
486.48,-0.009859653160827497,1.552209932030403e-30,0.0,0.02047442455742866
486.5,-0.010193572600032504,1.552209932030403e-30,0.0,-0.01669597196026561
486.52,-0.010225998330990263,1.552209932030403e-30,0.0,-0.001621286547889413
486.54,-0.011009519718392341,1.552209932030403e-30,0.0,-0.03917606937002821
486.56,-0.01074289310340872,1.552209932030403e-30,0.0,0.013331330749193104
486.6,-0.010166026746393395,1.552209932030403e-30,0.0,0.014421658925375776
486.62,-0.010438277715761016,1.552209932030403e-30,0.0,-0.013612548468393436
486.64,-0.010321107968399296,1.552209932030403e-30,0.0,0.005858487368091283
486.66,-0.010934779085321726,1.552209932030403e-30,0.0,-0.030683555846062197
486.68,-0.010685775675694039,1.552209932030403e-30,0.0,0.01245017048139567
486.7,-0.010761421448564347,1.552209932030403e-30,0.0,-0.0037822886435188705
486.72,-0.010478291796162123,1.552209932030403e-30,0.0,0.01415648262008381
486.74,-0.010491626764280629,1.552209932030403e-30,0.0,-0.0006667484059258792
486.76,-0.010736853789510248,1.552209932030403e-30,0.0,-0.012261351261492128
486.78,-0.01067288263375944,1.552209932030403e-30,0.0,0.0031985577875433126
486.8,-0.010276158956350102,1.552209932030403e-30,0.0,0.019836183870428566
486.82,-0.010335387062340528,1.552209932030403e-30,0.0,-0.002961405299523968
486.86,-0.009105979915523917,1.552209932030403e-30,0.0,0.03073517867039954
486.88,-0.008948207938732786,1.552209932030403e-30,0.0,0.007888598839563749
486.9,-0.008593370879866159,1.552209932030403e-30,0.0,0.01774185294334747
486.92,-0.008493459694582232,1.552209932030403e-30,0.0,0.004995559264186697
486.94,-0.008734673839198237,1.552209932030403e-30,0.0,-0.012060707230811199
486.96,-0.008254705749128262,1.552209932030403e-30,0.0,0.023998404503520546
486.98,-0.00832616541379111,1.552209932030403e-30,0.0,-0.0035729832331355417
487.0,-0.008137298401972843,1.552209932030403e-30,0.0,0.009443350590921946
487.02,-0.008464512166009236,1.552209932030403e-30,0.0,-0.01636068820183449
487.04,-0.008489656293321693,1.552209932030403e-30,0.0,-0.0012572063656204225
487.06,-0.009139409916899448,1.552209932030403e-30,0.0,-0.0324876811789173
487.1,-0.008739814492746021,1.552209932030403e-30,0.0,0.009989885603830557
487.12,-0.009426110553881605,1.552209932030403e-30,0.0,-0.034314803056810395
487.14,-0.009190096928067088,1.552209932030403e-30,0.0,0.011800681290736527
487.16,-0.009077694555290458,1.552209932030403e-30,0.0,0.005620118638820617
487.18,-0.008490547315637413,1.552209932030403e-30,0.0,0.029357361982678958
487.2,-0.008770733063382644,1.552209932030403e-30,0.0,-0.014009287387274251
487.22,-0.008809887358955264,1.552209932030403e-30,0.0,-0.001957714778627221
487.24,-0.008783540756936836,1.552209932030403e-30,0.0,0.0013173301009226396
487.26,-0.009177567221842271,1.552209932030403e-30,0.0,-0.0197013232452897
487.28,-0.009921620967213777,1.552209932030403e-30,0.0,-0.03720268726860908
487.3,-0.010210923725074698,1.552209932030403e-30,0.0,-0.014465137893018162
487.32,-0.010501104396425489,1.552209932030403e-30,0.0,-0.014509033567552688
487.36,-0.010229617420753694,1.552209932030403e-30,0.0,0.006787174391791379
487.38,-0.010101017928001778,1.552209932030403e-30,0.0,0.0064299746376016344
487.4,-0.009708605342522705,1.552209932030403e-30,0.0,0.01962062927397152
487.42,-0.008967463835316257,1.552209932030403e-30,0.0,0.037057075360250734
487.44,-0.008706402084737693,1.552209932030403e-30,0.0,0.013053087528940062
487.46,-0.009233583490019534,1.552209932030403e-30,0.0,-0.026359070264115988
487.48,-0.008626152765622496,1.552209932030403e-30,0.0,0.030371536219793174
487.5,-0.009409871020506494,1.552209932030403e-30,0.0,-0.03918591274423556
487.52,-0.009479533463168033,1.552209932030403e-30,0.0,-0.003483122133080108
487.54,-0.009271605762271531,1.552209932030403e-30,0.0,0.01039638504480505
487.58,-0.010339988497119017,1.552209932030403e-30,0.0,-0.026709568371211474
487.6,-0.010262999788471356,1.552209932030403e-30,0.0,0.0038494354323756453
487.62,-0.009507493848365274,1.552209932030403e-30,0.0,0.037775297005338444
487.64,-0.00896393402682318,1.552209932030403e-30,0.0,0.027177991077129395
487.66,-0.009172886763251772,1.552209932030403e-30,0.0,-0.0104476368214094
487.68,-0.009265174462694098,1.552209932030403e-30,0.0,-0.004614384972120426
487.7,-0.008706705322545805,1.552209932030403e-30,0.0,0.02792345700744006
487.72,-0.008565584510714127,1.552209932030403e-30,0.0,0.007056040591570262
487.74,-0.00824354751200538,1.552209932030403e-30,0.0,0.016101849935451967
487.76,-0.008086006210585276,1.552209932030403e-30,0.0,0.007877065071012284
487.78,-0.007405092459620535,1.552209932030403e-30,0.0,0.034045687548268075
487.82,-0.007348441085135799,1.552209932030403e-30,0.0,0.0014162843621176502
487.84,-0.00740179176668837,1.552209932030403e-30,0.0,-0.0026675340776309638
487.86,-0.007693762308511602,1.552209932030403e-30,0.0,-0.014598527091133382
487.88,-0.007007900094348325,1.552209932030403e-30,0.0,0.03429311070819505
487.9,-0.006141919141737379,1.552209932030403e-30,0.0,0.043299047630586715
487.92,-0.005558971444634995,1.552209932030403e-30,0.0,0.029147384855062866
487.94,-0.006895232434059656,1.552209932030403e-30,0.0,-0.06681304947129381
487.96,-0.006386977377993345,1.552209932030403e-30,0.0,0.025412752803338642
487.98,-0.006327138912378232,1.552209932030403e-30,0.0,0.0029919232807498774
488.0,-0.006475432901406385,1.552209932030403e-30,0.0,-0.007414699451414355
488.04,-0.005849179394678688,1.552209932030403e-30,0.0,0.015656337668184424
488.06,-0.0058331624294914,1.552209932030403e-30,0.0,0.0008008482593650908
488.08,-0.00583613455119737,1.552209932030403e-30,0.0,-0.00014860608529860327
488.1,-0.005997872992806628,1.552209932030403e-30,0.0,-0.008086922080447315
488.12,-0.006556470259853465,1.552209932030403e-30,0.0,-0.02792986335236723
488.14,-0.006620478901720813,1.552209932030403e-30,0.0,-0.003200432093370325
488.16,-0.0065714370591377505,1.552209932030403e-30,0.0,0.0024520921291483885
488.18,-0.006431613605859514,1.552209932030403e-30,0.0,0.006991172663918195
488.2,-0.006531307011437624,1.552209932030403e-30,0.0,-0.004984670278910074
488.24,-0.005795649990072466,1.552209932030403e-30,0.0,0.018391425534119554
488.26,-0.005939268659460246,1.552209932030403e-30,0.0,-0.007180933469395526
488.28,-0.006255613379528063,1.552209932030403e-30,0.0,-0.01581723600340521
488.3,-0.005876572897052842,1.552209932030403e-30,0.0,0.018952024123724428
488.32,-0.006071880967887941,1.552209932030403e-30,0.0,-0.009765403541763827
488.34,-0.006160277426129024,1.552209932030403e-30,0.0,-0.0044198229120582
488.36,-0.006186943961229111,1.552209932030403e-30,0.0,-0.0013333267550017882
488.38,-0.005783459341220145,1.552209932030403e-30,0.0,0.02017423100046667
488.4,-0.005789149755211433,1.552209932030403e-30,0.0,-0.00028452069956464023
488.42,-0.005506607853944726,1.552209932030403e-30,0.0,0.014127095063308046
488.44,-0.005344694814912946,1.552209932030403e-30,0.0,0.008095651951596356
488.48,-0.005417729965939923,1.552209932030403e-30,0.0,-0.0018258787756735072
488.5,-0.005508327173460356,1.552209932030403e-30,0.0,-0.004529860376025741
488.52,-0.005484170751973606,1.552209932030403e-30,0.0,0.0012078210743385802
488.54,-0.0052921117819648795,1.552209932030403e-30,0.0,0.009602948500417745
488.56,-0.005446123598605223,1.552209932030403e-30,0.0,-0.007700590832024202
488.58,-0.005617192182168884,1.552209932030403e-30,0.0,-0.00855342917819082
488.6,-0.005977869160637622,1.552209932030403e-30,0.0,-0.018033848923402044
488.62,-0.006701164350077631,1.552209932030403e-30,0.0,-0.036164759472033306
488.64,-0.007106792584000481,1.552209932030403e-30,0.0,-0.02028141169616095
488.66,-0.007092751382907119,1.552209932030403e-30,0.0,0.0007020600546667292
488.7,-0.006166547971987161,1.552209932030403e-30,0.0,0.023155085273019987
488.72,-0.0061623360841083176,1.552209932030403e-30,0.0,0.00021059439394177385
488.74,-0.006085106704992338,1.552209932030403e-30,0.0,0.0038614689558025134
488.76,-0.006556735305118175,1.552209932030403e-30,0.0,-0.023581430006313294
488.78,-0.007250079206913005,1.552209932030403e-30,0.0,-0.034667195089773055
488.8,-0.0071812880640567175,1.552209932030403e-30,0.0,0.0034395571428077394
488.82,-0.006918053844403358,1.552209932030403e-30,0.0,0.01316171098267993
488.84,-0.006626240024114783,1.552209932030403e-30,0.0,0.01459069101444204
488.86,-0.006946590906663426,1.552209932030403e-30,0.0,-0.01601754412740115
488.9,-0.0073803855882862476,1.552209932030403e-30,0.0,-0.010844867040580401
488.92,-0.007474246403464567,1.552209932030403e-30,0.0,-0.004693040758906876
488.94,-0.007339515153588812,1.552209932030403e-30,0.0,0.0067365624937938415
488.96,-0.007092549728330843,1.552209932030403e-30,0.0,0.012348271262909691
488.98,-0.006483450389039457,1.552209932030403e-30,0.0,0.030454966964510412
489.0,-0.006440271602353743,1.552209932030403e-30,0.0,0.0021589393342876387
489.02,-0.006056494759042523,1.552209932030403e-30,0.0,0.019188842165578476
489.04,-0.006353706428883437,1.552209932030403e-30,0.0,-0.01486058349201699
489.06,-0.006677972473159601,1.552209932030403e-30,0.0,-0.016213302213822913
489.08,-0.006123553010093586,1.552209932030403e-30,0.0,0.027720973153325973
489.12,-0.005949809451373368,1.552209932030403e-30,0.0,0.004343588968003223
489.14,-0.006219197753589468,1.552209932030403e-30,0.0,-0.013469415110817234
489.16,-0.005836406014097259,1.552209932030403e-30,0.0,0.019139586974573467
489.18,-0.006021097622035559,1.552209932030403e-30,0.0,-0.009234580396923429
489.2,-0.005870634106080398,1.552209932030403e-30,0.0,0.007523175797764871
489.22,-0.005695323136364367,1.552209932030403e-30,0.0,0.008765548485784633
489.24,-0.005309175814605772,1.552209932030403e-30,0.0,0.01930736608794733
489.26,-0.0042082909516603295,1.552209932030403e-30,0.0,0.055044243147322196
489.28,-0.004084297254996375,1.552209932030403e-30,0.0,0.006199684833203354
489.32,-0.004650830476959227,1.552209932030403e-30,0.0,-0.014163330549064053
489.34,-0.004389617908776207,1.552209932030403e-30,0.0,0.013060628409162896
489.36,-0.004432287561332899,1.552209932030403e-30,0.0,-0.0021334826278304334
489.38,-0.004276986260298113,1.552209932030403e-30,0.0,0.007765065051746335
489.4,-0.003826786833566338,1.552209932030403e-30,0.0,0.02250997133660922
489.42,-0.0031447541947491457,1.552209932030403e-30,0.0,0.0341016319407937
489.44,-0.0027448185037638392,1.552209932030403e-30,0.0,0.0199967845492835
489.46,-0.0025113136032242976,1.552209932030403e-30,0.0,0.011675245026987696
489.48,-0.0020615534373734225,1.552209932030403e-30,0.0,0.022488008292500288
489.52,-0.0021438791942926245,1.552209932030403e-30,0.0,-0.002058143922981926
489.54,-0.0025050731013225164,1.552209932030403e-30,0.0,-0.01805969535145968
489.56,-0.0023097454814841657,1.552209932030403e-30,0.0,0.009766380991926414
489.58,-0.0020543766286355587,1.552209932030403e-30,0.0,0.012768442642441952
489.6,-0.0018167853643355407,1.552209932030403e-30,0.0,0.011879563214977936
489.62,-0.002008744696042331,1.552209932030403e-30,0.0,-0.009597966585348235
489.64,-0.0019977888956936116,1.552209932030403e-30,0.0,0.0005477900174364552
489.66,-0.002372570593434277,1.552209932030403e-30,0.0,-0.01873908488699705
489.68,-0.0021311014183151454,1.552209932030403e-30,0.0,0.012073458755967575
489.72,-0.0030437969574126566,1.552209932030403e-30,0.0,-0.022817388477426107
489.74,-0.0035848727026621917,1.552209932030403e-30,0.0,-0.027053787262501353
489.76,-0.003297379760454542,1.552209932030403e-30,0.0,0.014374647110395575
489.78,-0.0028097862560338446,1.552209932030403e-30,0.0,0.024379675221057037
489.8,-0.003148521699028824,1.552209932030403e-30,0.0,-0.01693677214971624
489.82,-0.0033669354041662106,1.552209932030403e-30,0.0,-0.010920685256879262
489.84,-0.003679697106853529,1.552209932030403e-30,0.0,-0.015638085134380145
489.86,-0.00401263622543468,1.552209932030403e-30,0.0,-0.016646955929025372
489.9,-0.003377841022711383,1.552209932030403e-30,0.0,0.015869880068096844
489.92,-0.0034511639443668596,1.552209932030403e-30,0.0,-0.003666146082766734
489.94,-0.0032392937653884556,1.552209932030403e-30,0.0,0.010593508948929839
489.96,-0.004041882161247286,1.552209932030403e-30,0.0,-0.040129419792978
489.98,-0.004039176797904326,1.552209932030403e-30,0.0,0.00013526816714769002
490.0,-0.004272328151200716,1.552209932030403e-30,0.0,-0.01165756766483009
490.02,-0.0048083508188088205,1.552209932030403e-30,0.0,-0.026801133380429595
490.04,-0.0048371016619040245,1.552209932030403e-30,0.0,-0.0014375421547574156
490.06,-0.0041518615909088615,1.552209932030403e-30,0.0,0.03426200354978929
490.1,-0.004468784690315584,1.552209932030403e-30,0.0,-0.00792307748516402
490.12,-0.005165920938494927,1.552209932030403e-30,0.0,-0.03485681240899884
490.14,-0.005299924383100127,1.552209932030403e-30,0.0,-0.006700172230266139
490.16,-0.005126244888884133,1.552209932030403e-30,0.0,0.008683974710782898
490.18,-0.004971135333533372,1.552209932030403e-30,0.0,0.007755477767545133
490.2,-0.005305805698295367,1.552209932030403e-30,0.0,-0.016733518238114975
490.22,-0.005025887483491632,1.552209932030403e-30,0.0,0.013995910740159713
490.26,-0.004946765802964242,1.552209932030403e-30,0.0,0.0019780420131865575
490.28,-0.00525743149520857,1.552209932030403e-30,0.0,-0.01553328461223058
490.3,-0.004853669184912923,1.552209932030403e-30,0.0,0.020188115514743327
490.32,-0.005259961066792657,1.552209932030403e-30,0.0,-0.02031459409400518
490.34,-0.005318940387691201,1.552209932030403e-30,0.0,-0.0029489660449298636
490.36,-0.005824786710753629,1.552209932030403e-30,0.0,-0.02529231615307253
490.38,-0.005530423716055107,1.552209932030403e-30,0.0,0.014718149734939494
490.42,-0.00470005733747215,1.552209932030403e-30,0.0,0.020759159464563304
490.44,-0.004706161610463933,1.552209932030403e-30,0.0,-0.0003052136495894428
490.46,-0.004214140405763325,1.552209932030403e-30,0.0,0.024601060235052787
490.48,-0.003998072508273339,1.552209932030403e-30,0.0,0.010803394874478378
490.5,-0.004860052322814742,1.552209932030403e-30,0.0,-0.04309899072710935
490.52,-0.00492752007259654,1.552209932030403e-30,0.0,-0.003373387489092965
490.54,-0.005362975201364122,1.552209932030403e-30,0.0,-0.02177275643833703
490.56,-0.004746556476103788,1.552209932030403e-30,0.0,0.030820936263044732
490.6,-0.004834574125355023,1.552209932030403e-30,0.0,-0.002200441231279736
490.62,-0.004719957100228003,1.552209932030403e-30,0.0,0.005730851256356161
490.64,-0.0058051818449162285,1.552209932030403e-30,0.0,-0.05426123723446061
490.66,-0.005703918837619687,1.552209932030403e-30,0.0,0.005063150364817317
490.68,-0.0060026586616292255,1.552209932030403e-30,0.0,-0.014936991200490501
490.7,-0.006270974470533377,1.552209932030403e-30,0.0,-0.013415790445219787
490.72,-0.006392451632897765,1.552209932030403e-30,0.0,-0.006073858118207654
490.74,-0.0062159780463369035,1.552209932030403e-30,0.0,0.0088236793280511
490.78,-0.005978432603666979,1.552209932030403e-30,0.0,0.005938636066753523
490.8,-0.005645818056090124,1.552209932030403e-30,0.0,0.016630727378810602
490.82,-0.0061891480677285825,1.552209932030403e-30,0.0,-0.027166500581947608
490.84,-0.006163161874373817,1.552209932030403e-30,0.0,0.0012993096677394746
490.86,-0.005990246805093146,1.552209932030403e-30,0.0,0.008645753464016828
490.88,-0.005487846754562935,1.552209932030403e-30,0.0,0.025120002526533396
490.9,-0.005488779701253083,1.552209932030403e-30,0.0,-4.66473345074806e-05
490.94,-0.004463024031846665,1.552209932030403e-30,0.0,0.02564389173514734
490.96,-0.004714934483612108,1.552209932030403e-30,0.0,-0.012595522588283595
490.98,-0.005337107663734561,1.552209932030403e-30,0.0,-0.031108659006062522
491.0,-0.00610598696918419,1.552209932030403e-30,0.0,-0.03844396527251642
491.02,-0.006001062031682901,1.552209932030403e-30,0.0,0.0052462468750692414
491.04,-0.006512386201137433,1.552209932030403e-30,0.0,-0.025566208472677206
491.06,-0.006364684625348217,1.552209932030403e-30,0.0,0.007385078789467563
491.1,-0.006106091048643625,1.552209932030403e-30,0.0,0.006464839417611497
491.12,-0.006059517082999167,1.552209932030403e-30,0.0,0.002328698282225029
491.14,-0.006361268037687422,1.552209932030403e-30,0.0,-0.015087547734426495
491.16,-0.006551105615712743,1.552209932030403e-30,0.0,-0.009491878901247678
491.18,-0.0058971533427699336,1.552209932030403e-30,0.0,0.0326976136471702
491.2,-0.006110034522494677,1.552209932030403e-30,0.0,-0.010644058986246844
491.22,-0.005742249788384736,1.552209932030403e-30,0.0,0.018389236705461522
491.26,-0.005337179430967129,1.552209932030403e-30,0.0,0.010126758935449363
491.28,-0.005609539791286792,1.552209932030403e-30,0.0,-0.01361801801599555
491.3,-0.0059257017595765946,1.552209932030403e-30,0.0,-0.015808098414459577
491.32,-0.006108724227051563,1.552209932030403e-30,0.0,-0.009151123373756715
491.34,-0.00683717999531595,1.552209932030403e-30,0.0,-0.03642278841325247
491.36,-0.0068140124978033545,1.552209932030403e-30,0.0,0.0011583748756275498
491.4,-0.006906216700308314,1.552209932030403e-30,0.0,-0.0023051050626260836
491.42,-0.006465536419310539,1.552209932030403e-30,0.0,0.022034014049846177
491.44,-0.006344889183792572,1.552209932030403e-30,0.0,0.006032361775903819
491.46,-0.006276645513331289,1.552209932030403e-30,0.0,0.0034121835230672332
491.48,-0.006708742953597039,1.552209932030403e-30,0.0,-0.021604872013245745
491.5,-0.006821143766094366,1.552209932030403e-30,0.0,-0.005620040624871426
491.52,-0.0070351212990552,1.552209932030403e-30,0.0,-0.010698876648051447
491.56,-0.007014005689698035,1.552209932030403e-30,0.0,0.000527890233928859
491.58,-0.006050706125459231,1.552209932030403e-30,0.0,0.04816497821198401
491.6,-0.006382984292518176,1.552209932030403e-30,0.0,-0.01661390835291513
491.62,-0.00653326433796784,1.552209932030403e-30,0.0,-0.007514002272490054
491.64,-0.006591550966760023,1.552209932030403e-30,0.0,-0.002914331439611804
491.66,-0.007326955464393013,1.552209932030403e-30,0.0,-0.03677022488157849
491.68,-0.007654081430405599,1.552209932030403e-30,0.0,-0.01635629830064419
491.72,-0.008271507250221511,1.552209932030403e-30,0.0,-0.015435645495389916
491.74,-0.008433322895073512,1.552209932030403e-30,0.0,-0.008090782242607423
491.76,-0.008907163242849667,1.552209932030403e-30,0.0,-0.02369201738882933
491.78,-0.008809866622736908,1.552209932030403e-30,0.0,0.0048648310056422965
491.8,-0.00876210893207559,1.552209932030403e-30,0.0,0.0023878845330612955
491.82,-0.008408607385684427,1.552209932030403e-30,0.0,0.01767507731957417
491.86,-0.007879304974643741,1.552209932030403e-30,0.0,0.013232560276010386
491.88,-0.008367075141560851,1.552209932030403e-30,0.0,-0.024388508345877753
491.9,-0.00819815428098152,1.552209932030403e-30,0.0,0.008446043028974247
491.92,-0.007670619389734138,1.552209932030403e-30,0.0,0.026376744562318123
491.94,-0.007796789572766724,1.552209932030403e-30,0.0,-0.006308509151635032
491.96,-0.008149979975860595,1.552209932030403e-30,0.0,-0.017659520154709615
492.0,-0.008899725260696378,1.552209932030403e-30,0.0,-0.018743632120884972
492.02,-0.008778417414441063,1.552209932030403e-30,0.0,0.00606539231277128
492.04,-0.00820335439486124,1.552209932030403e-30,0.0,0.02875315097893555
492.06,-0.007614330851439584,1.552209932030403e-30,0.0,0.02945117717110963
492.08,-0.007861832477697492,1.552209932030403e-30,0.0,-0.012375081312906685
492.1,-0.008000122215587912,1.552209932030403e-30,0.0,-0.0069144868945076226
492.14,-0.009146430665045672,1.552209932030403e-30,0.0,-0.02865771123647006
492.16,-0.008889641053715137,1.552209932030403e-30,0.0,0.012839480566501962
492.18,-0.008855006149999867,1.552209932030403e-30,0.0,0.0017317451857650505
492.2,-0.0090838946153037,1.552209932030403e-30,0.0,-0.01144442326520205
492.22,-0.009216871655056066,1.552209932030403e-30,0.0,-0.006648851987605445
492.24,-0.008888221270802275,1.552209932030403e-30,0.0,0.016432519212704534
492.28,-0.010274112464637015,1.552209932030403e-30,0.0,-0.03464727984589999
492.3,-0.010801945206522596,1.552209932030403e-30,0.0,-0.026391637094228086
492.32,-0.011280214976057122,1.552209932030403e-30,0.0,-0.02391348847674804
492.34,-0.010603546387602126,1.552209932030403e-30,0.0,0.03383342942278063
492.36,-0.010676171926754565,1.552209932030403e-30,0.0,-0.0036312769576149206
492.38,-0.010563554415327137,1.552209932030403e-30,0.0,0.005630875571376573
492.42,-0.011807885125122795,1.552209932030403e-30,0.0,-0.031108267744875514
492.44,-0.011563416829657584,1.552209932030403e-30,0.0,0.012223414773271617
492.46,-0.011831493756152252,1.552209932030403e-30,0.0,-0.013403846324745568
492.48,-0.012247793446945026,1.552209932030403e-30,0.0,-0.020814984539598468
492.5,-0.012397087213356828,1.552209932030403e-30,0.0,-0.007464688320596911
492.52,-0.012749978926965258,1.552209932030403e-30,0.0,-0.017644585680437537
492.54,-0.012840841157011253,1.552209932030403e-30,0.0,-0.004543111502290973
492.58,-0.012220169120790398,1.552209932030403e-30,0.0,0.015516800905535501
492.6,-0.012839242550812882,1.552209932030403e-30,0.0,-0.030953671501064397
492.62,-0.012675363329179082,1.552209932030403e-30,0.0,0.008193961081697463
492.64,-0.01291093790266402,1.552209932030403e-30,0.0,-0.011778728674257638
492.66,-0.012893361841648267,1.552209932030403e-30,0.0,0.0008788030507859422
492.68,-0.012801460546685234,1.552209932030403e-30,0.0,0.0045950647481558205
492.72,-0.011292518608736127,1.552209932030403e-30,0.0,0.03772354844870839
492.74,-0.012165677257180927,1.552209932030403e-30,0.0,-0.04365793242227975
492.76,-0.012788056797128446,1.552209932030403e-30,0.0,-0.03111897699740419
492.78,-0.01332478069427244,1.552209932030403e-30,0.0,-0.026836194857224067
492.8,-0.013794390400607119,1.552209932030403e-30,0.0,-0.02348048531668862
492.82,-0.013760212661076632,1.552209932030403e-30,0.0,0.0017088869765258875
492.86,-0.01350570979470263,1.552209932030403e-30,0.0,0.006362571659346782
492.88,-0.01361642637598458,1.552209932030403e-30,0.0,-0.005535829064102513
492.9,-0.013130075005728992,1.552209932030403e-30,0.0,0.02431756851280148
492.92,-0.013226490202598603,1.552209932030403e-30,0.0,-0.0048207598434713
492.94,-0.013713100597416877,1.552209932030403e-30,0.0,-0.024330519740935818
492.96,-0.014073850284907104,1.552209932030403e-30,0.0,-0.018037484374527752
493.0,-0.014171207762854661,1.552209932030403e-30,0.0,-0.0024339369486876886
493.02,-0.01420742278545198,1.552209932030403e-30,0.0,-0.00181075112986759
493.04,-0.014466281910008075,1.552209932030403e-30,0.0,-0.01294295622777973
493.06,-0.015109971485923033,1.552209932030403e-30,0.0,-0.032184478795777134
493.08,-0.015587333085621498,1.552209932030403e-30,0.0,-0.02386807998494498
493.1,-0.01488674157298466,1.552209932030403e-30,0.0,0.03502957563177418
493.14,-0.015059164477442048,1.552209932030403e-30,0.0,-0.0043105726114385946
493.16,-0.014337753761495113,1.552209932030403e-30,0.0,0.036070535797276974
493.18,-0.014419077457009462,1.552209932030403e-30,0.0,-0.004066184775721138
493.2,-0.014723547099464574,1.552209932030403e-30,0.0,-0.015223482122769439
493.22,-0.014639729280945242,1.552209932030403e-30,0.0,0.004190890925958527
493.26,-0.015312013710590808,1.552209932030403e-30,0.0,-0.016807110741154454
493.28,-0.015026826195571148,1.552209932030403e-30,0.0,0.014259375750995926
493.3,-0.014489156176840164,1.552209932030403e-30,0.0,0.02688350093649724
493.32,-0.014052270862151167,1.552209932030403e-30,0.0,0.021844265734469667
493.34,-0.014369702973886036,1.552209932030403e-30,0.0,-0.015871605586757855
493.36,-0.013915912429906233,1.552209932030403e-30,0.0,0.02268952719894627
493.4,-0.013089069093441319,1.552209932030403e-30,0.0,0.020671083411641637
493.42,-0.012820075916951395,1.552209932030403e-30,0.0,0.013449658824470205
493.44,-0.012935072696164793,1.552209932030403e-30,0.0,-0.005749838960675089
493.46,-0.013040984235363262,1.552209932030403e-30,0.0,-0.005295576959928301
493.48,-0.012942267444572168,1.552209932030403e-30,0.0,0.004935839539545156
493.5,-0.01240118956894766,1.552209932030403e-30,0.0,0.027053893781250032
493.54,-0.01283474032434497,1.552209932030403e-30,0.0,-0.010838768884927191
493.56,-0.012968113085173151,1.552209932030403e-30,0.0,-0.006668638041415096
493.58,-0.012990192341479558,1.552209932030403e-30,0.0,-0.0011039628153213237
493.6,-0.012384739255231722,1.552209932030403e-30,0.0,0.030272654312333263
493.62,-0.011932057797839526,1.552209932030403e-30,0.0,0.022634072869630376
493.64,-0.012395302963502957,1.552209932030403e-30,0.0,-0.023162258283192558
493.68,-0.013230673583218774,1.552209932030403e-30,0.0,-0.020884265492884736
493.7,-0.013435104849109892,1.552209932030403e-30,0.0,-0.010221563294565226
493.72,-0.01383383754594373,1.552209932030403e-30,0.0,-0.01993663484165333
493.74,-0.014494754844186192,1.552209932030403e-30,0.0,-0.03304586491215314
493.76,-0.0144203184194035,1.552209932030403e-30,0.0,0.003721821239137994
493.78,-0.014481923642074165,1.552209932030403e-30,0.0,-0.0030802611335360858
493.82,-0.013906918626174871,1.552209932030403e-30,0.0,0.014375125397475015
493.84,-0.013980828065310787,1.552209932030403e-30,0.0,-0.0036954719567991665
493.86,-0.013726099089950526,1.552209932030403e-30,0.0,0.012736448767988368
493.88,-0.01440959073026012,1.552209932030403e-30,0.0,-0.034174582015510775
493.9,-0.01388561136222854,1.552209932030403e-30,0.0,0.02619896840160282
493.94,-0.013659317924974827,1.552209932030403e-30,0.0,0.0056573359313399395
493.96,-0.0134385044515153,1.552209932030403e-30,0.0,0.011040673672986428
493.98,-0.013158747006737293,1.552209932030403e-30,0.0,0.013987872238873295
494.0,-0.013083825548477299,1.552209932030403e-30,0.0,0.0037460729130030968
494.02,-0.012989745248019982,1.552209932030403e-30,0.0,0.004704015022870151
494.04,-0.0129099972474431,1.552209932030403e-30,0.0,0.0039874000288364075
494.08,-0.012620446088319408,1.552209932030403e-30,0.0,0.0072387789780989
494.1,-0.01247342316769914,1.552209932030403e-30,0.0,0.0073511460309992095
494.12,-0.012481716859260165,1.552209932030403e-30,0.0,-0.00041468457805159164
494.14,-0.012358769921774091,1.552209932030403e-30,0.0,0.0061473468743092575
494.16,-0.012771099722212412,1.552209932030403e-30,0.0,-0.02061649002187617
494.18,-0.012856731485604334,1.552209932030403e-30,0.0,-0.004281588169600014
494.22,-0.013483053936419227,1.552209932030403e-30,0.0,-0.015658061270364287
494.24,-0.013328773727675252,1.552209932030403e-30,0.0,0.007714010437205805
494.26,-0.01314832158050771,1.552209932030403e-30,0.0,0.009022607358385233
494.28,-0.01401076107311926,1.552209932030403e-30,0.0,-0.043121974630616705
494.3,-0.0141907872767351,1.552209932030403e-30,0.0,-0.00900131018077456
494.34,-0.0153269159388433,1.552209932030403e-30,0.0,-0.02840321655273083
494.36,-0.015440600726662925,1.552209932030403e-30,0.0,-0.005684239390970275
494.38,-0.015541829246311124,1.552209932030403e-30,0.0,-0.005061425982414609
494.4,-0.01618268918096107,1.552209932030403e-30,0.0,-0.03204299673252643
494.42,-0.01641852155549648,1.552209932030403e-30,0.0,-0.011791618726747735
494.44,-0.015969874035058916,1.552209932030403e-30,0.0,0.02243237602189858
494.48,-0.015908673075093607,1.552209932030403e-30,0.0,0.0015300239991319635
494.5,-0.015737473640178308,1.552209932030403e-30,0.0,0.008559971745772721
494.52,-0.016060132675507436,1.552209932030403e-30,0.0,-0.016132951766471098
494.54,-0.015806711728416245,1.552209932030403e-30,0.0,0.012671047354535026
494.56,-0.015969956072067835,1.552209932030403e-30,0.0,-0.008162217182586952
494.6,-0.016409170734795222,1.552209932030403e-30,0.0,-0.010980366568179094
494.62,-0.016459756690514814,1.552209932030403e-30,0.0,-0.002529297785981978
494.64,-0.01609803930232587,1.552209932030403e-30,0.0,0.018085869409463554
494.66,-0.016107245338078342,1.552209932030403e-30,0.0,-0.0004603017876227749
494.68,-0.015422142573545322,1.552209932030403e-30,0.0,0.034255138226682164
494.72,-0.01508652448555271,1.552209932030403e-30,0.0,0.008390452199811042
494.74,-0.015307836641178175,1.552209932030403e-30,0.0,-0.01106560778128329
494.76,-0.015294517200567511,1.552209932030403e-30,0.0,0.0006659720305338047
494.78,-0.015125161371214356,1.552209932030403e-30,0.0,0.008467791467665471
494.8,-0.014827707646314997,1.552209932030403e-30,0.0,0.014872686244939221
494.82,-0.014940229843013445,1.552209932030403e-30,0.0,-0.005626109834927543
494.86,-0.014938124367073771,1.552209932030403e-30,0.0,5.2636898491791394e-05
494.88,-0.01560041983547769,1.552209932030403e-30,0.0,-0.033114773420226035
494.9,-0.015614368574226429,1.552209932030403e-30,0.0,-0.0006974369374375603
494.92,-0.015768944436548558,1.552209932030403e-30,0.0,-0.0077287931160915455
494.94,-0.015623579933762214,1.552209932030403e-30,0.0,0.007268225139323779
494.98,-0.014739854425050998,1.552209932030403e-30,0.0,0.022093137717769072
495.0,-0.015130594432997678,1.552209932030403e-30,0.0,-0.019537000397351744
495.02,-0.01504439706470617,1.552209932030403e-30,0.0,0.004309868414579292
495.04,-0.015172894738958083,1.552209932030403e-30,0.0,-0.006424883712583259
495.06,-0.015030038194790847,1.552209932030403e-30,0.0,0.007142827208368268
495.1,-0.015519705245776208,1.552209932030403e-30,0.0,-0.012241676274627751
495.12,-0.015985583593366694,1.552209932030403e-30,0.0,-0.0232939173795454
495.14,-0.015550430622079118,1.552209932030403e-30,0.0,0.02175764856439861
495.16,-0.015891171555493702,1.552209932030403e-30,0.0,-0.01703704667069627
495.18,-0.015373130246077636,1.552209932030403e-30,0.0,0.025902065470826893
495.22,-0.01714483705181419,1.552209932030403e-30,0.0,-0.044292670143391256
495.24,-0.018081470737174768,1.552209932030403e-30,0.0,-0.04683168426807143
495.26,-0.018404309999877445,1.552209932030403e-30,0.0,-0.016141963135148478
495.28,-0.0187258473048951,1.552209932030403e-30,0.0,-0.016076865250897247
495.3,-0.018733743149452045,1.552209932030403e-30,0.0,-0.0003947922278465587
495.34,-0.01924920341894469,1.552209932030403e-30,0.0,-0.012886506737327897
495.36,-0.01899999696460593,1.552209932030403e-30,0.0,0.012460322716913937
495.38,-0.019009301778886465,1.552209932030403e-30,0.0,-0.0004652407140271196
495.4,-0.019383287542145137,1.552209932030403e-30,0.0,-0.018699288162950658
495.42,-0.02019869427037059,1.552209932030403e-30,0.0,-0.04077033641119395
495.46,-0.020194489163225037,1.552209932030403e-30,0.0,0.00010512767863892134
495.48,-0.019831089296122414,1.552209932030403e-30,0.0,0.018169993355096017
495.5,-0.02033792800948947,1.552209932030403e-30,0.0,-0.025341935668375774
495.52,-0.020822995225952486,1.552209932030403e-30,0.0,-0.02425336082317285
495.54,-0.02016376270851762,1.552209932030403e-30,0.0,0.03296162587167958
495.58,-0.018536308407608955,1.552209932030403e-30,0.0,0.04068635752275367
495.6,-0.018763958246943584,1.552209932030403e-30,0.0,-0.01138249196670942
495.62,-0.018106430046495852,1.552209932030403e-30,0.0,0.03287641002241647
495.64,-0.01802729225866551,1.552209932030403e-30,0.0,0.003956889391520717
495.66,-0.018152459374765804,1.552209932030403e-30,0.0,-0.006258355805002713
495.7,-0.019124907562288598,1.552209932030403e-30,0.0,-0.024311204688091916
495.72,-0.01906576187152888,1.552209932030403e-30,0.0,0.002957284537980175
495.74,-0.01901656066561926,1.552209932030403e-30,0.0,0.0024600602954832546
495.76,-0.018908527824192205,1.552209932030403e-30,0.0,0.005401642071357647
495.78,-0.019737623640429858,1.552209932030403e-30,0.0,-0.04145479081192033
495.82,-0.01980921873275562,1.552209932030403e-30,0.0,-0.00178987730814311
495.84,-0.01986716078767008,1.552209932030403e-30,0.0,-0.0028971027457255815
495.86,-0.019747840103435492,1.552209932030403e-30,0.0,0.005966034211717799
495.88,-0.020526802069495764,1.552209932030403e-30,0.0,-0.03894809830304901
495.9,-0.019970114562824562,1.552209932030403e-30,0.0,0.02783437533358532
495.94,-0.02048548017457427,1.552209932030403e-30,0.0,-0.012884140293736102
495.96,-0.01960123918621898,1.552209932030403e-30,0.0,0.044212049417804614
495.98,-0.019505720800710898,1.552209932030403e-30,0.0,0.004775919275394977
496.0,-0.0197906183569666,1.552209932030403e-30,0.0,-0.014244877812798113
496.04,-0.02006184318935577,1.552209932030403e-30,0.0,-0.0067806208097257546
496.06,-0.019721805168137933,1.552209932030403e-30,0.0,0.01700190106090737
496.08,-0.01976327554712635,1.552209932030403e-30,0.0,-0.002073518949422889
496.1,-0.01964526514125855,1.552209932030403e-30,0.0,0.005900520293378658
496.12,-0.020046141485267132,1.552209932030403e-30,0.0,-0.020043817200447473
496.16,-0.02139399926450954,1.552209932030403e-30,0.0,-0.03369644448104299
496.18,-0.02170814893733292,1.552209932030403e-30,0.0,-0.015707483641183323
496.2,-0.02230709280241385,1.552209932030403e-30,0.0,-0.029947193254073766
496.22,-0.0218788471075653,1.552209932030403e-30,0.0,0.02141228474238608
496.24,-0.021197877693186845,1.552209932030403e-30,0.0,0.0340484707189537
496.28,-0.021180294015700082,1.552209932030403e-30,0.0,0.00043959193716946554
496.3,-0.020954637870151404,1.552209932030403e-30,0.0,0.01128280727741217
496.32,-0.021346784353272082,1.552209932030403e-30,0.0,-0.01960732415605167
496.34,-0.021685811390089977,1.552209932030403e-30,0.0,-0.016951351840910206
496.38,-0.02079845386243127,1.552209932030403e-30,0.0,0.022183938191456285
496.4,-0.02132508159967025,1.552209932030403e-30,0.0,-0.026331386861972925
496.42,-0.02151717845174056,1.552209932030403e-30,0.0,-0.009604842603496871
496.44,-0.021624612188721096,1.552209932030403e-30,0.0,-0.005371686849031725
496.46,-0.020909440747953523,1.552209932030403e-30,0.0,0.0357585720384112
496.5,-0.021540634337966488,1.552209932030403e-30,0.0,-0.015779839750316008
496.52,-0.021811868366655936,1.552209932030403e-30,0.0,-0.01356170143448473
496.54,-0.02268408389744528,1.552209932030403e-30,0.0,-0.04361077653938288
496.56,-0.022703024471690137,1.552209932030403e-30,0.0,-0.0009470287122437342
496.58,-0.022088272144425547,1.552209932030403e-30,0.0,0.030737616363257426
496.62,-0.02257382635099839,1.552209932030403e-30,0.0,-0.012138855164314812
496.64,-0.022103744994722233,1.552209932030403e-30,0.0,0.02350406781382917
496.66,-0.02179914322090967,1.552209932030403e-30,0.0,0.0152300886905987
496.68,-0.022250447772749524,1.552209932030403e-30,0.0,-0.02256522759201331
496.72,-0.020922350719951886,1.552209932030403e-30,0.0,0.03320242631992396
496.74,-0.021690113290007595,1.552209932030403e-30,0.0,-0.038388128502820335
496.76,-0.02161096537183908,1.552209932030403e-30,0.0,0.003957395908429379
496.78,-0.021873246377184137,1.552209932030403e-30,0.0,-0.013114050267264761
496.8,-0.021962191317826722,1.552209932030403e-30,0.0,-0.004447247032120616
496.84,-0.02267277924510289,1.552209932030403e-30,0.0,-0.01776469818192032
496.86,-0.0225386574573415,1.552209932030403e-30,0.0,0.006706089388056403
496.88,-0.022900121976670847,1.552209932030403e-30,0.0,-0.018073225966483676
496.9,-0.022455049088013563,1.552209932030403e-30,0.0,0.02225364443288439
496.94,-0.022946732239665285,1.552209932030403e-30,0.0,-0.012292078791286763
496.96,-0.02271708957771776,1.552209932030403e-30,0.0,0.011482133097386752
496.98,-0.022468271183407513,1.552209932030403e-30,0.0,0.012440919715488219
497.0,-0.022496617744071464,1.552209932030403e-30,0.0,-0.0014173280331987695
497.02,-0.023019907257887665,1.552209932030403e-30,0.0,-0.02616447569083378
497.06,-0.022201652365910894,1.552209932030403e-30,0.0,0.02045637229940885
497.08,-0.02210188671481972,1.552209932030403e-30,0.0,0.004988282554563255
497.1,-0.021954885341606414,1.552209932030403e-30,0.0,0.007350068660651067
497.12,-0.0218693538978183,1.552209932030403e-30,0.0,0.004276572189409506
497.14,-0.02159099652550582,1.552209932030403e-30,0.0,0.013917868615636627
497.18,-0.021608209348376796,1.552209932030403e-30,0.0,-0.0004303205717741746
497.2,-0.021913333516517162,1.552209932030403e-30,0.0,-0.015256208407032207
497.22,-0.021763351450989867,1.552209932030403e-30,0.0,0.007499103276350297
497.24,-0.020969787363530487,1.552209932030403e-30,0.0,0.039678204373005004
497.28,-0.02056621068610145,1.552209932030403e-30,0.0,0.010089416935735037
497.3,-0.020950921995745386,1.552209932030403e-30,0.0,-0.019235565482159583
497.32,-0.021150528642594393,1.552209932030403e-30,0.0,-0.009980332342459361
497.34,-0.021668511051318035,1.552209932030403e-30,0.0,-0.025899120436205663
497.38,-0.02295897524856185,1.552209932030403e-30,0.0,-0.03226160493107895
497.4,-0.023405218250682713,1.552209932030403e-30,0.0,-0.02231215010606334
497.42,-0.02340482948103705,1.552209932030403e-30,0.0,1.9438482283197376e-05
497.44,-0.024170385554199068,1.552209932030403e-30,0.0,-0.038277803658135746
497.48,-0.02445136488780687,1.552209932030403e-30,0.0,-0.007024483340191425
497.5,-0.02470281558615827,1.552209932030403e-30,0.0,-0.012572534917581544
497.52,-0.024958061361242123,1.552209932030403e-30,0.0,-0.01276228875420431
497.54,-0.025261717846910694,1.552209932030403e-30,0.0,-0.01518282428339916
497.56,-0.025318055121206745,1.552209932030403e-30,0.0,-0.0028168637148051506
497.6,-0.025259085594609286,1.552209932030403e-30,0.0,0.0014742381649357147
497.62,-0.02518914309181763,1.552209932030403e-30,0.0,0.003497125139586015
497.64,-0.025051135672982144,1.552209932030403e-30,0.0,0.006900370941780657
497.66,-0.024551569987792014,1.552209932030403e-30,0.0,0.024978284259458243
497.7,-0.025896150137877803,1.552209932030403e-30,0.0,-0.03361450375217533
497.72,-0.025894839322527813,1.552209932030403e-30,0.0,6.554076749942626e-05
497.74,-0.025996698972575605,1.552209932030403e-30,0.0,-0.005092982502394249
497.76,-0.026112207586340513,1.552209932030403e-30,0.0,-0.005775430688250657
497.8,-0.02596170568816767,1.552209932030403e-30,0.0,0.0037625474543191346
497.82,-0.025339611460512366,1.552209932030403e-30,0.0,0.03110471138279352
497.84,-0.024917281900811307,1.552209932030403e-30,0.0,0.0211164779850721
497.86,-0.025125259029597634,1.552209932030403e-30,0.0,-0.010398856439296222
497.9,-0.025000182938535214,1.552209932030403e-30,0.0,0.0031269022765633603
497.92,-0.025183554992081966,1.552209932030403e-30,0.0,-0.009168602677319938
497.94,-0.024764830019398054,1.552209932030403e-30,0.0,0.020936248634214595
497.96,-0.02473586841747868,1.552209932030403e-30,0.0,0.0014480800959700492
497.98,-0.024909654429632656,1.552209932030403e-30,0.0,-0.008689300607681883
498.02,-0.025010627771515696,1.552209932030403e-30,0.0,-0.0025243335470782843
498.04,-0.02516003103872062,1.552209932030403e-30,0.0,-0.0074701633602317795
498.06,-0.024771795552752114,1.552209932030403e-30,0.0,0.019411774298442992
498.08,-0.024240129931689922,1.552209932030403e-30,0.0,0.026583281053133793
498.12,-0.024871599535773933,1.552209932030403e-30,0.0,-0.015786740102092175
498.14,-0.024839936006541344,1.552209932030403e-30,0.0,0.0015831764616309632
498.16,-0.02515849619400592,1.552209932030403e-30,0.0,-0.015928009373198028
498.18,-0.025783733417815306,1.552209932030403e-30,0.0,-0.03126186119049775
498.22,-0.026124385363647466,1.552209932030403e-30,0.0,-0.008516298645799617
498.24,-0.025570709597962274,1.552209932030403e-30,0.0,0.027683788284284805
498.26,-0.025345916527312436,1.552209932030403e-30,0.0,0.01123965353250209
498.28,-0.026202416694704165,1.552209932030403e-30,0.0,-0.042825008369625384
498.32,-0.02543952684302278,1.552209932030403e-30,0.0,0.01907224629202483
498.34,-0.025438849515471738,1.552209932030403e-30,0.0,3.386637755214032e-05
498.36,-0.024361699220887482,1.552209932030403e-30,0.0,0.05385751472910872
498.38,-0.024773410139398766,1.552209932030403e-30,0.0,-0.020585545925582975
498.42,-0.024278459364100703,1.552209932030403e-30,0.0,0.01237376938244522
498.44,-0.024437365674199216,1.552209932030403e-30,0.0,-0.007945315504932837
498.46,-0.025006980765244,1.552209932030403e-30,0.0,-0.028480754552265217
498.48,-0.02531296557806916,1.552209932030403e-30,0.0,-0.015299240641228189
498.52,-0.027352436526621525,1.552209932030403e-30,0.0,-0.05098677371385552
498.54,-0.026974248438449873,1.552209932030403e-30,0.0,0.018909404408546136
498.56,-0.027418273261527112,1.552209932030403e-30,0.0,-0.02220124115388216
498.58,-0.02668295365220662,1.552209932030403e-30,0.0,0.03676598046605803
498.6,-0.027038854803599428,1.552209932030403e-30,0.0,-0.017795057569606
498.64,-0.0267550025846127,1.552209932030403e-30,0.0,0.007096305474674657
498.66,-0.026959704859778093,1.552209932030403e-30,0.0,-0.01023511375824995
498.68,-0.027493460499843775,1.552209932030403e-30,0.0,-0.026687782003308253
498.7,-0.027404713849639238,1.552209932030403e-30,0.0,0.004437332510230784
498.74,-0.028528324898150083,1.552209932030403e-30,0.0,-0.028090276212756782
498.76,-0.028423285410664627,1.552209932030403e-30,0.0,0.0052519743742775815
498.78,-0.02856044684598964,1.552209932030403e-30,0.0,-0.006858071766256896
498.8,-0.02876399167869801,1.552209932030403e-30,0.0,-0.01017724163539883
498.84,-0.02962420817745935,1.552209932030403e-30,0.0,-0.021505412469053048
498.86,-0.029810211000286965,1.552209932030403e-30,0.0,-0.00930014114136278
498.88,-0.029664360559132446,1.552209932030403e-30,0.0,0.007292522057732576
498.9,-0.029791942687425577,1.552209932030403e-30,0.0,-0.006379106414662272
498.94,-0.03149711015910762,1.552209932030403e-30,0.0,-0.04262918679202929
498.96,-0.032164880338191926,1.552209932030403e-30,0.0,-0.03338850895424565
498.98,-0.032184268156913796,1.552209932030403e-30,0.0,-0.0009693909360915197
499.0,-0.03174280698998317,1.552209932030403e-30,0.0,0.02207305834655149
499.04,-0.031496980203865856,1.552209932030403e-30,0.0,0.006145669652929646
499.06,-0.031881705954885826,1.552209932030403e-30,0.0,-0.019236287551015935
499.08,-0.032009736208503885,1.552209932030403e-30,0.0,-0.006401512680908614
499.1,-0.03235986887928447,1.552209932030403e-30,0.0,-0.0175066335389955
499.14,-0.03266543659940725,1.552209932030403e-30,0.0,-0.007639193003076524
499.16,-0.032434914750114584,1.552209932030403e-30,0.0,0.01152609246461105
499.18,-0.03204257725680957,1.552209932030403e-30,0.0,0.019616874665268617
499.2,-0.03238610901838975,1.552209932030403e-30,0.0,-0.01717658807902489
499.24,-0.032445757948425,1.552209932030403e-30,0.0,-0.0014912232508803127
499.26,-0.03247809868360207,1.552209932030403e-30,0.0,-0.0016170367588550683
499.28,-0.031676386160956076,1.552209932030403e-30,0.0,0.040085626132336176
499.32,-0.03195572377251191,1.552209932030403e-30,0.0,-0.006983440288892171
499.34,-0.031942127054169434,1.552209932030403e-30,0.0,0.000679835917124338
499.36,-0.03182519852221879,1.552209932030403e-30,0.0,0.005846426597520846
499.38,-0.03207287029699349,1.552209932030403e-30,0.0,-0.012383588738746133
499.42,-0.03135996049739402,1.552209932030403e-30,0.0,0.017822744989977598
499.44,-0.031237857966184474,1.552209932030403e-30,0.0,0.0061051265604828734
499.46,-0.031425743370432926,1.552209932030403e-30,0.0,-0.009394270212431015
499.48,-0.03167685982021517,1.552209932030403e-30,0.0,-0.01255582248908797
499.52,-0.03153036902681696,1.552209932030403e-30,0.0,0.0036622698349584788
499.54,-0.03235146466369565,1.552209932030403e-30,0.0,-0.041054781843855144
499.56,-0.03181771387410637,1.552209932030403e-30,0.0,0.026687539479488317
499.58,-0.032071578636309016,1.552209932030403e-30,0.0,-0.012693238110144025
499.62,-0.03145703163442712,1.552209932030403e-30,0.0,0.015363675047039596
499.64,-0.031172998289994952,1.552209932030403e-30,0.0,0.014201667221621266
499.66,-0.03067400358379511,1.552209932030403e-30,0.0,0.02494973530994377
499.68,-0.03033078307252722,1.552209932030403e-30,0.0,0.01716102556341009
499.72,-0.02983309482443873,1.552209932030403e-30,0.0,0.012442206202205883
499.74,-0.02998996453032768,1.552209932030403e-30,0.0,-0.007843485294454592
499.76,-0.030321547098552122,1.552209932030403e-30,0.0,-0.016579128411237275
499.78,-0.030312443839685496,1.552209932030403e-30,0.0,0.00045516294333178725
499.82,-0.030578431022543935,1.552209932030403e-30,0.0,-0.006649679571457602
499.84,-0.030403423938169385,1.552209932030403e-30,0.0,0.008750354218735547
499.86,-0.030008728055173944,1.552209932030403e-30,0.0,0.019734794149733996
499.88,-0.030453795357408595,1.552209932030403e-30,0.0,-0.022253365111752747
499.92,-0.030685126143104518,1.552209932030403e-30,0.0,-0.005783269642395158
499.94,-0.030336944976000143,1.552209932030403e-30,0.0,0.01740905835523465
499.96,-0.029713502157106515,1.552209932030403e-30,0.0,0.03117214094470972
499.98,-0.02986700328040554,1.552209932030403e-30,0.0,-0.007675056164936384
500.02,-0.03027156089783355,1.552209932030403e-30,0.0,-0.010113940435709469
500.04,-0.02963889607262301,1.552209932030403e-30,0.0,0.03163324126046589
500.06,-0.029177708737125482,1.552209932030403e-30,0.0,0.02305936677489727
500.1,-0.03082883154815544,1.552209932030403e-30,0.0,-0.041278070275727795
500.12,-0.031348296260843234,1.552209932030403e-30,0.0,-0.02597323563441353
500.14,-0.03165510043334066,1.552209932030403e-30,0.0,-0.015340208624885186
500.16,-0.031042706342734195,1.552209932030403e-30,0.0,0.03061970453026409
500.18,-0.03146313264716131,1.552209932030403e-30,0.0,-0.0210213152213749
500.22,-0.03074141553594121,1.552209932030403e-30,0.0,0.018042927780493236
500.24,-0.03001693935656319,1.552209932030403e-30,0.0,0.03622380896893382
500.26,-0.030377005353543006,1.552209932030403e-30,0.0,-0.01800329984900706
500.3,-0.029419679018441235,1.552209932030403e-30,0.0,0.023933158377532036
500.32,-0.030016776878602394,1.552209932030403e-30,0.0,-0.029854893008085172
500.34,-0.030197879048910768,1.552209932030403e-30,0.0,-0.00905510851542692
500.36,-0.02990385700811461,1.552209932030403e-30,0.0,0.014701102039779536
500.4,-0.03023419011089538,1.552209932030403e-30,0.0,-0.008258327569526786
500.42,-0.030067418952738165,1.552209932030403e-30,0.0,0.00833855790784461
500.44,-0.02955864029872122,1.552209932030403e-30,0.0,0.02543893270087042
500.46,-0.02932503662331035,1.552209932030403e-30,0.0,0.011680183770554025
500.5,-0.031046522488075826,1.552209932030403e-30,0.0,-0.0430371466191149
500.52,-0.031244345971545285,1.552209932030403e-30,0.0,-0.009891174173481869
500.54,-0.03138834346685434,1.552209932030403e-30,0.0,-0.007199874765438917
500.58,-0.031487960742021384,1.552209932030403e-30,0.0,-0.002490431879178326
500.6,-0.0316684935707093,1.552209932030403e-30,0.0,-0.009026641434378228
500.62,-0.031214250827307017,1.552209932030403e-30,0.0,0.022712137170134674
500.64,-0.03204834180422351,1.552209932030403e-30,0.0,-0.04170454884586233
500.68,-0.031780370063856096,1.552209932030403e-30,0.0,0.006699293509181818
500.7,-0.032008275865784724,1.552209932030403e-30,0.0,-0.011395290096441728
500.72,-0.03229715981803445,1.552209932030403e-30,0.0,-0.014444197612458548
500.74,-0.0322421386252245,1.552209932030403e-30,0.0,0.0027510596405000364
500.78,-0.03206146509739385,1.552209932030403e-30,0.0,0.004516838195770402
500.8,-0.03143143015197323,1.552209932030403e-30,0.0,0.031501747270969965
500.82,-0.03188762731873448,1.552209932030403e-30,0.0,-0.022809858338083088
500.86,-0.03314129601784357,1.552209932030403e-30,0.0,-0.031341717477711195
500.88,-0.03299909457211497,1.552209932030403e-30,0.0,0.007110072286436328
500.9,-0.03334316956953559,1.552209932030403e-30,0.0,-0.017203749871046673
500.92,-0.03287691840640077,1.552209932030403e-30,0.0,0.023312558156695876
500.96,-0.03343836553774952,1.552209932030403e-30,0.0,-0.014036178283731545
500.98,-0.03359781957108842,1.552209932030403e-30,0.0,-0.00797270166692948
501.0,-0.03363767609213762,1.552209932030403e-30,0.0,-0.001992826052461939
501.04,-0.03438149244507455,1.552209932030403e-30,0.0,-0.018595408823413716
501.06,-0.03453212425780407,1.552209932030403e-30,0.0,-0.007531590636482705
501.08,-0.03475111250925132,1.552209932030403e-30,0.0,-0.010949412572372563
501.1,-0.03445295224465694,1.552209932030403e-30,0.0,0.01490801322969008
501.14,-0.03522638650831813,1.552209932030403e-30,0.0,-0.019335856591547206
501.16,-0.03531412504293985,1.552209932030403e-30,0.0,-0.004386926731077553
501.18,-0.03494423153500683,1.552209932030403e-30,0.0,0.018494675396667788
501.2,-0.03436867818301944,1.552209932030403e-30,0.0,0.02877766759939569
501.24,-0.035116309059974954,1.552209932030403e-30,0.0,-0.018690771923878344
501.26,-0.035625382086099784,1.552209932030403e-30,0.0,-0.025453651306264678
501.28,-0.03603854830336872,1.552209932030403e-30,0.0,-0.020658310863465604
501.32,-0.03603196973416405,1.552209932030403e-30,0.0,0.00016446423011666202
501.34,-0.035893995421225726,1.552209932030403e-30,0.0,0.006898715646922455
501.38,-0.036356501786246824,1.552209932030403e-30,0.0,-0.011562659125521521
501.4,-0.03687475327934343,1.552209932030403e-30,0.0,-0.02591257465485374
501.42,-0.03684215789909303,1.552209932030403e-30,0.0,0.00162976901251658
501.44,-0.03711895197696353,1.552209932030403e-30,0.0,-0.013839703893537397
501.48,-0.03703035553009109,1.552209932030403e-30,0.0,0.0022149111718098137
501.5,-0.03740041247881273,1.552209932030403e-30,0.0,-0.018502847436098858
501.52,-0.037783347292871056,1.552209932030403e-30,0.0,-0.019146740702933596
501.56,-0.037886245591201344,1.552209932030403e-30,0.0,-0.002572457458255898
501.58,-0.03773919448290105,1.552209932030403e-30,0.0,0.00735255541502146
501.6,-0.03702631593648279,1.552209932030403e-30,0.0,0.03564392732084385
501.62,-0.036670030406577014,1.552209932030403e-30,0.0,0.017814276495305134
501.66,-0.03676840706593114,1.552209932030403e-30,0.0,-0.002459416483851845
501.68,-0.03606246723687031,1.552209932030403e-30,0.0,0.03529699145307353
501.7,-0.03735355201827633,1.552209932030403e-30,0.0,-0.06455423907035993
501.74,-0.03793762732668776,1.552209932030403e-30,0.0,-0.014601882710278345
501.76,-0.03778804783413533,1.552209932030403e-30,0.0,0.007478974627628534
501.78,-0.03823323311610218,1.552209932030403e-30,0.0,-0.022259264098362905
501.8,-0.03846373719005419,1.552209932030403e-30,0.0,-0.011525203697578416
501.84,-0.037461851265986494,1.552209932030403e-30,0.0,0.02504714810171525
501.86,-0.037562210612568786,1.552209932030403e-30,0.0,-0.005017967329105034
501.88,-0.037397701224479336,1.552209932030403e-30,0.0,0.008225469404480126
501.92,-0.03717082881000346,1.552209932030403e-30,0.0,0.005671810361893888
501.94,-0.037287383944245016,1.552209932030403e-30,0.0,-0.005827756712082909
501.96,-0.037524287261856734,1.552209932030403e-30,0.0,-0.011845165880596822
502.0,-0.036287030629885794,1.552209932030403e-30,0.0,0.030931415799257733
502.02,-0.036570070897025485,1.552209932030403e-30,0.0,-0.014152013356997473
502.04,-0.03625680995802625,1.552209932030403e-30,0.0,0.01566304694993149
502.08,-0.035234451576149246,1.552209932030403e-30,0.0,0.025558959546948246
502.1,-0.035677887367290106,1.552209932030403e-30,0.0,-0.022171789557000145
502.12,-0.03508961115206356,1.552209932030403e-30,0.0,0.029413810761353947
502.14,-0.034786580715133644,1.552209932030403e-30,0.0,0.0151515218465096
502.18,-0.0342902428264461,1.552209932030403e-30,0.0,0.012408447217182251
502.2,-0.03447070699304558,1.552209932030403e-30,0.0,-0.009023208329982477
502.22,-0.03452085423595228,1.552209932030403e-30,0.0,-0.00250736214533033
502.26,-0.03560509098127643,1.552209932030403e-30,0.0,-0.02710591863312834
502.28,-0.03580729389424081,1.552209932030403e-30,0.0,-0.010110145648228432
502.3,-0.03586115291360168,1.552209932030403e-30,0.0,-0.0026929509680382276
502.32,-0.03602906465830749,1.552209932030403e-30,0.0,-0.008395587235298162
502.36,-0.03522333033827304,1.552209932030403e-30,0.0,0.020143358000851003
502.38,-0.035190548454778786,1.552209932030403e-30,0.0,0.0016390941747142663
502.4,-0.03474759998868325,1.552209932030403e-30,0.0,0.02214742330479694
502.44,-0.03643243448350236,1.552209932030403e-30,0.0,-0.042120862370456306
502.46,-0.036215090429675495,1.552209932030403e-30,0.0,0.010867202691353238
502.48,-0.035523590083729024,1.552209932030403e-30,0.0,0.03457501729725675
502.52,-0.034999407459597884,1.552209932030403e-30,0.0,0.013104565603290383
502.54,-0.03480428094132367,1.552209932030403e-30,0.0,0.00975632591369169
502.56,-0.034295334791949905,1.552209932030403e-30,0.0,0.025447307468711357
502.6,-0.03443886998573186,1.552209932030403e-30,0.0,-0.003588379844547121
502.62,-0.03438183382521139,1.552209932030403e-30,0.0,0.0028518080260258776
502.64,-0.03509000440304125,1.552209932030403e-30,0.0,-0.0354085288915248
502.66,-0.035058219890240286,1.552209932030403e-30,0.0,0.001589225640045007
502.7,-0.035190709014465124,1.552209932030403e-30,0.0,-0.0033122281056240537
502.72,-0.03530121481485252,1.552209932030403e-30,0.0,-0.005525290019359292
502.74,-0.03556571418626089,1.552209932030403e-30,0.0,-0.01322496857043032
502.78,-0.035342168050733806,1.552209932030403e-30,0.0,0.005588653388182014
502.8,-0.0355991637704149,1.552209932030403e-30,0.0,-0.012849785984029923
502.82,-0.03584794436775933,1.552209932030403e-30,0.0,-0.012439029867232861
502.86,-0.035590101155340795,1.552209932030403e-30,0.0,0.00644608031046007
502.88,-0.035912919969676285,1.552209932030403e-30,0.0,-0.016140940716789256
502.9,-0.035347883564656415,1.552209932030403e-30,0.0,0.028251820251019348
502.94,-0.03571510360448885,1.552209932030403e-30,0.0,-0.009180500995806161
502.96,-0.03564177076783138,1.552209932030403e-30,0.0,0.003666641832877124
502.98,-0.035355892305661954,1.552209932030403e-30,0.0,0.014293923108443485
503.0,-0.03584426020589444,1.552209932030403e-30,0.0,-0.024418395011646516
503.04,-0.03531624894063212,1.552209932030403e-30,0.0,0.013200281631551267
503.06,-0.035466749121721326,1.552209932030403e-30,0.0,-0.0075250090544671765
503.08,-0.03567991747554925,1.552209932030403e-30,0.0,-0.010658417691405892
503.12,-0.03582225016083163,1.552209932030403e-30,0.0,-0.0035583171320576878
503.14,-0.03529355477879736,1.552209932030403e-30,0.0,0.026434769101737938
503.16,-0.03563114954795147,1.552209932030403e-30,0.0,-0.016879738457673016
503.2,-0.03594378486574047,1.552209932030403e-30,0.0,-0.00781588294473217
503.22,-0.03509487650695586,1.552209932030403e-30,0.0,0.042445417939148244
503.24,-0.034950875982239185,1.552209932030403e-30,0.0,0.007200026235840353
503.28,-0.035613802232285434,1.552209932030403e-30,0.0,-0.01657315625117132
503.3,-0.036472320582586766,1.552209932030403e-30,0.0,-0.04292591751498373
503.32,-0.03624891879134298,1.552209932030403e-30,0.0,0.011170089562199463
503.34,-0.03635815364617485,1.552209932030403e-30,0.0,-0.005461742741598368
503.38,-0.037459629337932676,1.552209932030403e-30,0.0,-0.02753689229393156
503.4,-0.03718137861141846,1.552209932030403e-30,0.0,0.013912536325723692
503.42,-0.03761073089996689,1.552209932030403e-30,0.0,-0.021467614427380072
503.46,-0.03703674579432632,1.552209932030403e-30,0.0,0.014349627641027232
503.48,-0.03730903673657401,1.552209932030403e-30,0.0,-0.013614547112357918
503.5,-0.03728305374463758,1.552209932030403e-30,0.0,0.0012991495968228321
503.54,-0.03788852388138839,1.552209932030403e-30,0.0,-0.01513675341876258
503.56,-0.03748690543624018,1.552209932030403e-30,0.0,0.020080922257428992
503.58,-0.037220063608955946,1.552209932030403e-30,0.0,0.013342091364223756
503.62,-0.03763202111571034,1.552209932030403e-30,0.0,-0.010298937668854518
503.64,-0.037823962257152746,1.552209932030403e-30,0.0,-0.009597057072129146
503.66,-0.03772835828956171,1.552209932030403e-30,0.0,0.004780198379542549
503.7,-0.03839674328357435,1.552209932030403e-30,0.0,-0.016709624850331072
503.72,-0.038718219694348806,1.552209932030403e-30,0.0,-0.01607382053869196
503.74,-0.03877659724983933,1.552209932030403e-30,0.0,-0.002918877774529048
503.76,-0.03847671360497758,1.552209932030403e-30,0.0,0.014994182243101338
503.8,-0.03683468407148718,1.552209932030403e-30,0.0,0.04105073833723896
503.82,-0.03732454073494421,1.552209932030403e-30,0.0,-0.024492833172874172
503.84,-0.03778739448874771,1.552209932030403e-30,0.0,-0.02314268769019591
503.88,-0.03794755035861528,1.552209932030403e-30,0.0,-0.004003896746687178
503.9,-0.038433031907794686,1.552209932030403e-30,0.0,-0.024274077458992478
503.92,-0.038198046756811266,1.552209932030403e-30,0.0,0.01174925754914832
503.96,-0.03941116250732965,1.552209932030403e-30,0.0,-0.030327893762987217
503.98,-0.039731125664612225,1.552209932030403e-30,0.0,-0.01599815786409769
504.0,-0.03930722581850294,1.552209932030403e-30,0.0,0.02119499230548337
504.04,-0.04028969263526823,1.552209932030403e-30,0.0,-0.024561670419119712
504.06,-0.03978932249154375,1.552209932030403e-30,0.0,0.02501850718624673
504.08,-0.04046924331746456,1.552209932030403e-30,0.0,-0.03399604129607102
504.12,-0.040852433010364994,1.552209932030403e-30,0.0,-0.0095797423225061
504.14,-0.040572645816663595,1.552209932030403e-30,0.0,0.013989359685082754
504.16,-0.04082434457979959,1.552209932030403e-30,0.0,-0.012584938156775504
504.2,-0.03957804913751849,1.552209932030403e-30,0.0,0.031157386057055883
504.22,-0.039468311281394004,1.552209932030403e-30,0.0,0.005486892806213405
504.24,-0.03970514360060261,1.552209932030403e-30,0.0,-0.011841615960440949
504.28,-0.03857333767567707,1.552209932030403e-30,0.0,0.028295148123164172
504.3,-0.0382613352662346,1.552209932030403e-30,0.0,0.015600120472093271
504.32,-0.03793000358437979,1.552209932030403e-30,0.0,0.016566584092755313
504.34,-0.03784871178063304,1.552209932030403e-30,0.0,0.004064590187341274
504.38,-0.03788110201000606,1.552209932030403e-30,0.0,-0.0008097557343251443
504.4,-0.03764588496346328,1.552209932030403e-30,0.0,0.011760852327149515
504.42,-0.036311402378939935,1.552209932030403e-30,0.0,0.0667241292260383
504.46,-0.03644282846922913,1.552209932030403e-30,0.0,-0.0032856522572329893
504.48,-0.03658107642732439,1.552209932030403e-30,0.0,-0.0069123979047495815
504.5,-0.03647821960791163,1.552209932030403e-30,0.0,0.005142840970642759
504.54,-0.03640568429980081,1.552209932030403e-30,0.0,0.0018133827027695686
504.56,-0.03660144480931727,1.552209932030403e-30,0.0,-0.009788025475832011
504.58,-0.03675112351144834,1.552209932030403e-30,0.0,-0.007483935106560409
504.62,-0.037908334338637426,1.552209932030403e-30,0.0,-0.028930270679712426
504.64,-0.03748861323237261,1.552209932030403e-30,0.0,0.02098605531325987
504.66,-0.037896451619209015,1.552209932030403e-30,0.0,-0.020391919341780675
504.7,-0.03641608160110823,1.552209932030403e-30,0.0,0.037009250452553315
504.72,-0.03602911010641655,1.552209932030403e-30,0.0,0.01934857473454642
504.74,-0.036346309539606526,1.552209932030403e-30,0.0,-0.015859971659513143
504.78,-0.036518837050177534,1.552209932030403e-30,0.0,-0.004313187764279186
504.8,-0.03604843021322231,1.552209932030403e-30,0.0,0.023520341847716
504.84,-0.035478032199852835,1.552209932030403e-30,0.0,0.014259950334249769
504.86,-0.03525164020367984,1.552209932030403e-30,0.0,0.011319599808627836
504.88,-0.03578213406803448,1.552209932030403e-30,0.0,-0.026524693217756162
504.92,-0.03577344259445374,1.552209932030403e-30,0.0,0.0002172868395185193
504.94,-0.0359269827162125,1.552209932030403e-30,0.0,-0.007677006087945312
504.96,-0.03643847436115843,1.552209932030403e-30,0.0,-0.025574582247319465
505.0,-0.03726637483140558,1.552209932030403e-30,0.0,-0.020697511756168265
505.02,-0.0370035896334955,1.552209932030403e-30,0.0,0.01313925989551581
505.04,-0.03645215323222156,1.552209932030403e-30,0.0,0.027571820063643542
505.08,-0.03557858127334167,1.552209932030403e-30,0.0,0.021839298972017286
505.1,-0.03514062977509033,1.552209932030403e-30,0.0,0.021897574912524462
505.12,-0.035310473650381584,1.552209932030403e-30,0.0,-0.008492193764570404
505.16,-0.036429919225310935,1.552209932030403e-30,0.0,-0.02798613937321947
505.18,-0.036613443346643716,1.552209932030403e-30,0.0,-0.00917620606664753
505.2,-0.03664210591611903,1.552209932030403e-30,0.0,-0.0014331284737668232
505.24,-0.03681507341654616,1.552209932030403e-30,0.0,-0.004324187510676099
505.26,-0.03712203064613793,1.552209932030403e-30,0.0,-0.015347861479602163
505.28,-0.03684168807209107,1.552209932030403e-30,0.0,0.014017128702355934
505.32,-0.03696137828865443,1.552209932030403e-30,0.0,-0.002992255414082519
505.34,-0.03706304973533505,1.552209932030403e-30,0.0,-0.005083572334035771
505.36,-0.03716176199268611,1.552209932030403e-30,0.0,-0.004935612867543379
505.4,-0.037892119819194485,1.552209932030403e-30,0.0,-0.01825894566272596
505.42,-0.038276094871625116,1.552209932030403e-30,0.0,-0.019198752621494532
505.44,-0.03826707987549546,1.552209932030403e-30,0.0,0.00045074980648305326
505.48,-0.0386296476985673,1.552209932030403e-30,0.0,-0.009064195576791204
505.5,-0.038557726220282564,1.552209932030403e-30,0.0,0.003596073914239865
505.54,-0.03976405658970071,1.552209932030403e-30,0.0,-0.03015825923543826
505.56,-0.03915359400647929,1.552209932030403e-30,0.0,0.030523129161098766
505.58,-0.03935529255717857,1.552209932030403e-30,0.0,-0.0100849275349732
505.62,-0.04014891193854377,1.552209932030403e-30,0.0,-0.019840484534119945
505.64,-0.03998958631198295,1.552209932030403e-30,0.0,0.007966281328048684
505.66,-0.03986576160581555,1.552209932030403e-30,0.0,0.006191235308357971
505.7,-0.04053393455822575,1.552209932030403e-30,0.0,-0.016704323810270136
505.72,-0.040596704983316606,1.552209932030403e-30,0.0,-0.0031385212545366153
505.74,-0.03935508871627601,1.552209932030403e-30,0.0,0.062080813352086484
505.78,-0.03839587676407847,1.552209932030403e-30,0.0,0.023980298804960293
505.8,-0.038947938792490894,1.552209932030403e-30,0.0,-0.02760310142056773
505.82,-0.03840734189581242,1.552209932030403e-30,0.0,0.02702984483394823
505.86,-0.03828380306919651,1.552209932030403e-30,0.0,0.0030884706653963386
505.88,-0.037932401676903066,1.552209932030403e-30,0.0,0.01757006961468806
505.92,-0.0387223127591165,1.552209932030403e-30,0.0,-0.01974777705532584
505.94,-0.038357210416132326,1.552209932030403e-30,0.0,0.018255117149225248
505.96,-0.03796360038599693,1.552209932030403e-30,0.0,0.019680501506787774
506.0,-0.03901616102517205,1.552209932030403e-30,0.0,-0.026314015979364575
506.02,-0.038755159166058956,1.552209932030403e-30,0.0,0.013050092955666772
506.04,-0.039238325925710416,1.552209932030403e-30,0.0,-0.02415833798252645
506.08,-0.04112600015286686,1.552209932030403e-30,0.0,-0.04719185567895403
506.1,-0.04169249703264141,1.552209932030403e-30,0.0,-0.02832484398867281
506.12,-0.041778214414239304,1.552209932030403e-30,0.0,-0.0042858690798984155
506.16,-0.04179118577050783,1.552209932030403e-30,0.0,-0.0003242839067130961
506.18,-0.04090683346735164,1.552209932030403e-30,0.0,0.04421761515784981
506.2,-0.041064565332205094,1.552209932030403e-30,0.0,-0.007886593242679835
506.24,-0.04034935472594992,1.552209932030403e-30,0.0,0.017880265156370236
506.26,-0.04028697686957338,1.552209932030403e-30,0.0,0.003118892818829929
506.28,-0.0402028337245621,1.552209932030403e-30,0.0,0.0042071572505680095
506.32,-0.039413374018707384,1.552209932030403e-30,0.0,0.019736492646357788
506.34,-0.03906250311970778,1.552209932030403e-30,0.0,0.017543544949996152
506.38,-0.03871344910416551,1.552209932030403e-30,0.0,0.008726350388552219
506.4,-0.038551798365550574,1.552209932030403e-30,0.0,0.008082536930753878
506.42,-0.03895609234008605,1.552209932030403e-30,0.0,-0.020214698726734627
506.46,-0.03932762892343956,1.552209932030403e-30,0.0,-0.009288414583846159
506.48,-0.039513787307591836,1.552209932030403e-30,0.0,-0.009307919207596086
506.5,-0.03948363369546185,1.552209932030403e-30,0.0,0.001507680606500488
506.54,-0.03949414865159856,1.552209932030403e-30,0.0,-0.00026287390341762657
506.56,-0.03876874843477828,1.552209932030403e-30,0.0,0.036270010841046765
506.6,-0.037883210030314494,1.552209932030403e-30,0.0,0.022138460111583425
506.62,-0.0381433556263551,1.552209932030403e-30,0.0,-0.01300727980204186
506.64,-0.039338219233974105,1.552209932030403e-30,0.0,-0.059743180381004714
506.68,-0.03957955297810188,1.552209932030403e-30,0.0,-0.0060333436031913944
506.7,-0.03954360270266891,1.552209932030403e-30,0.0,0.0017975137716499108
506.72,-0.03950486322402581,1.552209932030403e-30,0.0,0.001936973932151285
506.76,-0.03818555263723479,1.552209932030403e-30,0.0,0.0329827646698055
506.78,-0.03847261120320596,1.552209932030403e-30,0.0,-0.01435292829857177
506.8,-0.038125098121989866,1.552209932030403e-30,0.0,0.01737565406077121
506.84,-0.03897681636611545,1.552209932030403e-30,0.0,-0.02129295610315898
506.86,-0.03887833914129525,1.552209932030403e-30,0.0,0.004923861241000382
506.9,-0.03925028102005943,1.552209932030403e-30,0.0,-0.009298546969112887
506.92,-0.038728583846093366,1.552209932030403e-30,0.0,0.02608485869825299
506.94,-0.03942698658058826,1.552209932030403e-30,0.0,-0.03492013672477644
506.98,-0.03813460305210178,1.552209932030403e-30,0.0,0.03230958821214562
507.0,-0.03830046239817201,1.552209932030403e-30,0.0,-0.008292967303519081
507.04,-0.03946027631592588,1.552209932030403e-30,0.0,-0.028995347943831896
507.06,-0.03984467332536406,1.552209932030403e-30,0.0,-0.019219850471926602
507.1,-0.04132505136683832,1.552209932030403e-30,0.0,-0.0370094510368375
507.12,-0.04161698458024484,1.552209932030403e-30,0.0,-0.014596660670339406
507.14,-0.04186531622756089,1.552209932030403e-30,0.0,-0.012416582365813875
507.18,-0.04187831738667478,1.552209932030403e-30,0.0,-0.000325028977846981
507.2,-0.04200729263122113,1.552209932030403e-30,0.0,-0.006448762227323576
507.22,-0.04264676738513106,1.552209932030403e-30,0.0,-0.03197373769543465
507.26,-0.04106393884673193,1.552209932030403e-30,0.0,0.03957071346001435
507.28,-0.04105550577192537,1.552209932030403e-30,0.0,0.000421653740328352
507.32,-0.040983313089189045,1.552209932030403e-30,0.0,0.0018048170684072306
507.34,-0.04069075977611916,1.552209932030403e-30,0.0,0.014627665653507616
507.36,-0.04099063759028649,1.552209932030403e-30,0.0,-0.01499389070833744
507.4,-0.042752561977090396,1.552209932030403e-30,0.0,-0.0440481096701377
507.42,-0.04198413767025133,1.552209932030403e-30,0.0,0.03842121534187899
507.44,-0.04194716108574261,1.552209932030403e-30,0.0,0.0018488292254376253
507.48,-0.04235860072028442,1.552209932030403e-30,0.0,-0.010285990863539903
507.5,-0.041387063148804665,1.552209932030403e-30,0.0,0.048576878574031736
507.52,-0.040716098097609656,1.552209932030403e-30,0.0,0.03354825255978096
507.56,-0.039638956453263346,1.552209932030403e-30,0.0,0.026928541108643903
507.58,-0.04017951051823602,1.552209932030403e-30,0.0,-0.02702770324865817
507.6,-0.04027369939169366,1.552209932030403e-30,0.0,-0.004709443672872897
507.64,-0.040558637016043037,1.552209932030403e-30,0.0,-0.007123440608740886
507.66,-0.04171044600030782,1.552209932030403e-30,0.0,-0.057590449213127955
507.68,-0.04096903317109302,1.552209932030403e-30,0.0,0.03707064146077396
507.72,-0.04143189279353458,1.552209932030403e-30,0.0,-0.011571490561033205
507.74,-0.040822318601537365,1.552209932030403e-30,0.0,0.030478709599888517
507.78,-0.04035443619208987,1.552209932030403e-30,0.0,0.0116970602361979
507.8,-0.040591583582155054,1.552209932030403e-30,0.0,-0.011857369503236279
507.82,-0.04043868099241699,1.552209932030403e-30,0.0,0.007645129486910257
507.86,-0.04055188808362389,1.552209932030403e-30,0.0,-0.0028301772801710124
507.88,-0.04086602328193803,1.552209932030403e-30,0.0,-0.0157067599157215
507.9,-0.041082268768916595,1.552209932030403e-30,0.0,-0.010812274348938089
507.94,-0.042398980364020525,1.552209932030403e-30,0.0,-0.03291778987758142
507.96,-0.042187499933581396,1.552209932030403e-30,0.0,0.010574021521966077
508.0,-0.04272107764893843,1.552209932030403e-30,0.0,-0.013339442883919013
508.02,-0.04308205117473769,1.552209932030403e-30,0.0,-0.018048676289979537
508.04,-0.04292955198925071,1.552209932030403e-30,0.0,0.00762495927433414
508.08,-0.043835269029916316,1.552209932030403e-30,0.0,-0.02264292601666072
508.1,-0.04378794670629616,1.552209932030403e-30,0.0,0.0023661161810032824
508.12,-0.04410137773670379,1.552209932030403e-30,0.0,-0.01567155152039573
508.16,-0.04353008822417906,1.552209932030403e-30,0.0,0.014282237813110964
508.18,-0.04390978508570175,1.552209932030403e-30,0.0,-0.018984843076151985
508.22,-0.04324085672365416,1.552209932030403e-30,0.0,0.01672320905118131
508.24,-0.04318237113328237,1.552209932030403e-30,0.0,0.002924279518592066
508.26,-0.043022911401010624,1.552209932030403e-30,0.0,0.007972986613594512
508.3,-0.044543176953493156,1.552209932030403e-30,0.0,-0.038006638812043816
508.32,-0.04443459836389746,1.552209932030403e-30,0.0,0.005428929479789702
508.34,-0.045105388054944816,1.552209932030403e-30,0.0,-0.03353948455239848
508.38,-0.04501504964320251,1.552209932030403e-30,0.0,0.002258460293556652
508.4,-0.04501813874485753,1.552209932030403e-30,0.0,-0.00015445508275109055
508.44,-0.04489697551076785,1.552209932030403e-30,0.0,0.003029080852240347
508.46,-0.04426480770454503,1.552209932030403e-30,0.0,0.03160839031116985
508.48,-0.04453156969360661,1.552209932030403e-30,0.0,-0.013338099453053079
508.52,-0.04472764758022808,1.552209932030403e-30,0.0,-0.004901947165541284
508.54,-0.044403191175835605,1.552209932030403e-30,0.0,0.01622282021959273
508.58,-0.04529119611979555,1.552209932030403e-30,0.0,-0.022200123599018757
508.6,-0.04505455952932216,1.552209932030403e-30,0.0,0.011831829523646392
508.62,-0.04478144782424352,1.552209932030403e-30,0.0,0.01365558525394435
508.66,-0.04441130355152621,1.552209932030403e-30,0.0,0.009253606817927942
508.68,-0.04368982850814193,1.552209932030403e-30,0.0,0.03607375216924675
508.7,-0.044289096990691,1.552209932030403e-30,0.0,-0.029963424127480626
508.74,-0.04422183486400136,1.552209932030403e-30,0.0,0.0016815531672401834
508.76,-0.04448411598902168,1.552209932030403e-30,0.0,-0.013114056251028018
508.78,-0.04469714895233083,1.552209932030403e-30,0.0,-0.010651648165467001
508.82,-0.04475641157405791,1.552209932030403e-30,0.0,-0.001481565543176214
508.84,-0.04492435977763105,1.552209932030403e-30,0.0,-0.008397410178664492
508.88,-0.044827096434086194,1.552209932030403e-30,0.0,0.0024315835886201064
508.9,-0.04560291823610348,1.552209932030403e-30,0.0,-0.03879109010089956
508.92,-0.0456161587050977,1.552209932030403e-30,0.0,-0.0006620234497096242
508.96,-0.04526431736394597,1.552209932030403e-30,0.0,0.008796033528801274
508.98,-0.04571639896156056,1.552209932030403e-30,0.0,-0.022604079880685805
509.02,-0.04704448099928723,1.552209932030403e-30,0.0,-0.03320205094319688
509.04,-0.047104381620469926,1.552209932030403e-30,0.0,-0.002995031059129063
509.06,-0.047387372451574455,1.552209932030403e-30,0.0,-0.014149541555239311
509.1,-0.0469151675700208,1.552209932030403e-30,0.0,0.011805122038835325
509.12,-0.046915865101495285,1.552209932030403e-30,0.0,-3.487657372415627e-05
509.14,-0.046698395391050584,1.552209932030403e-30,0.0,0.01087348552224488
509.18,-0.04641379954186358,1.552209932030403e-30,0.0,0.007114896229671457
509.2,-0.04633336144405708,1.552209932030403e-30,0.0,0.004021904890328553
509.24,-0.04706891714838039,1.552209932030403e-30,0.0,-0.018388892608073516
509.26,-0.04748177016031387,1.552209932030403e-30,0.0,-0.020642650596692774
509.28,-0.04763129237521548,1.552209932030403e-30,0.0,-0.007476110745087148
509.32,-0.04692609314131832,1.552209932030403e-30,0.0,0.017629980847420016
509.34,-0.04721253087269585,1.552209932030403e-30,0.0,-0.01432188656888944
509.38,-0.04721816507310154,1.552209932030403e-30,0.0,-0.00014085501014210288
509.42,-0.04738218162852503,1.552209932030403e-30,0.0,-0.004100413885585256
509.44,-0.04703133497902702,1.552209932030403e-30,0.0,0.017542332474916735
509.48,-0.04759029777892099,1.552209932030403e-30,0.0,-0.013974069997342038
509.5,-0.047478925812297124,1.552209932030403e-30,0.0,0.005568598331198216
509.54,-0.04672985541700779,1.552209932030403e-30,0.0,0.018726759882223797
509.56,-0.04643379780337385,1.552209932030403e-30,0.0,0.01480288068171031
509.58,-0.046931712239537564,1.552209932030403e-30,0.0,-0.0248957218082083
509.62,-0.04787361612782861,1.552209932030403e-30,0.0,-0.023547597207264112
509.64,-0.04810078577144806,1.552209932030403e-30,0.0,-0.011358482180982725
509.68,-0.04803576217526886,1.552209932030403e-30,0.0,0.0016255899044791532
509.7,-0.04794657383995324,1.552209932030403e-30,0.0,0.004459416765784924
509.72,-0.04763521202155267,1.552209932030403e-30,0.0,0.015568090919998032
509.76,-0.04857482252827564,1.552209932030403e-30,0.0,-0.023490262668095636
509.78,-0.04889119226434842,1.552209932030403e-30,0.0,-0.01581848680365322
509.82,-0.05003299460304024,1.552209932030403e-30,0.0,-0.028545058467281007
509.84,-0.05077999691481477,1.552209932030403e-30,0.0,-0.037350115588760655
509.88,-0.05056939256676074,1.552209932030403e-30,0.0,0.00526510870134809
509.9,-0.050105930337288225,1.552209932030403e-30,0.0,0.0231731114736468
509.94,-0.04975391137260682,1.552209932030403e-30,0.0,0.00880047411703062
509.96,-0.049863534431649904,1.552209932030403e-30,0.0,-0.0054811529521591774
509.98,-0.049998622157526984,1.552209932030403e-30,0.0,-0.006754386293840956
510.02,-0.050519061352686884,1.552209932030403e-30,0.0,-0.013010979879009382
510.04,-0.05011440193267049,1.552209932030403e-30,0.0,0.02023297100078055
510.08,-0.050644576031869816,1.552209932030403e-30,0.0,-0.013254352479995207
510.1,-0.05065694094957441,1.552209932030403e-30,0.0,-0.0006182458852286586
510.14,-0.049708409987004244,1.552209932030403e-30,0.0,0.023713274064275768
510.16,-0.04959861401028214,1.552209932030403e-30,0.0,0.005489798836094415
510.2,-0.049896462741250126,1.552209932030403e-30,0.0,-0.007446218274206422
510.22,-0.050066971016117616,1.552209932030403e-30,0.0,-0.008525413743357914
510.26,-0.05007673891242753,1.552209932030403e-30,0.0,-0.0002441974077480928
510.3,-0.049768455958266594,1.552209932030403e-30,0.0,0.0077070738540194654
510.32,-0.04980042604198605,1.552209932030403e-30,0.0,-0.001598504185974282
510.36,-0.04757826998680751,1.552209932030403e-30,0.0,0.05555390137943499
510.38,-0.0474623816921995,1.552209932030403e-30,0.0,0.005794414730405812
510.4,-0.04721936443474405,1.552209932030403e-30,0.0,0.012150862872783287
510.44,-0.04769825714328395,1.552209932030403e-30,0.0,-0.01197231771349126
510.46,-0.047724100173084184,1.552209932030403e-30,0.0,-0.0012921514900130506
510.5,-0.047444439928119406,1.552209932030403e-30,0.0,0.006991506124115967
510.52,-0.047193411211111105,1.552209932030403e-30,0.0,0.012551435850426305
510.56,-0.048995041397808504,1.552209932030403e-30,0.0,-0.04504075466741201
510.58,-0.04877245560898033,1.552209932030403e-30,0.0,0.011129289441418973
510.6,-0.04870647037302089,1.552209932030403e-30,0.0,0.003299261797965681
510.64,-0.0486487293176048,1.552209932030403e-30,0.0,0.0014435263854034811
510.66,-0.04872940132351307,1.552209932030403e-30,0.0,-0.004033600295405766
510.7,-0.048718774626640704,1.552209932030403e-30,0.0,0.0002656674218093374
510.72,-0.04883602850168976,1.552209932030403e-30,0.0,-0.005862693752441591
510.74,-0.04835158263114411,1.552209932030403e-30,0.0,0.0242222935273044
510.78,-0.048286575338459446,1.552209932030403e-30,0.0,0.0016251823171182021
510.8,-0.048471693670293595,1.552209932030403e-30,0.0,-0.009255916591689648
510.84,-0.04922824885901161,1.552209932030403e-30,0.0,-0.018913879717967513
510.88,-0.048975557900585005,1.552209932030403e-30,0.0,0.006317273960661791
510.9,-0.04948996148085414,1.552209932030403e-30,0.0,-0.02572017901348029
510.94,-0.04896991602009227,1.552209932030403e-30,0.0,0.013001136519040014
510.96,-0.04892995185727687,1.552209932030403e-30,0.0,0.001998208140771835
511.0,-0.04884964989942252,1.552209932030403e-30,0.0,0.0020075489463576277
511.02,-0.04908128665779008,1.552209932030403e-30,0.0,-0.011581837918388875
511.06,-0.047024580295323214,1.552209932030403e-30,0.0,0.05141765906164536
511.1,-0.04757969439235655,1.552209932030403e-30,0.0,-0.013877852425826244
511.12,-0.04792238862697137,1.552209932030403e-30,0.0,-0.017134711730756553
511.16,-0.047988729574773424,1.552209932030403e-30,0.0,-0.001658523695050654
511.18,-0.04789209750408748,1.552209932030403e-30,0.0,0.004831603534301348
511.22,-0.04724517355527814,1.552209932030403e-30,0.0,0.016173098720225324
511.24,-0.047355867972849006,1.552209932030403e-30,0.0,-0.005534720878548336
511.28,-0.046465302064173146,1.552209932030403e-30,0.0,0.02226414771691677
511.32,-0.04737536750434156,1.552209932030403e-30,0.0,-0.022751636004198807
511.34,-0.04713855470995279,1.552209932030403e-30,0.0,0.011840639719449453
511.38,-0.04821768340044373,1.552209932030403e-30,0.0,-0.026978217262259685
511.4,-0.04771650712141895,1.552209932030403e-30,0.0,0.025058813951261943
511.44,-0.04560032345746458,1.552209932030403e-30,0.0,0.052904591598832165
511.46,-0.04540875327070931,1.552209932030403e-30,0.0,0.009578509337772158
511.5,-0.045622245462737056,1.552209932030403e-30,0.0,-0.005337304800690809
511.54,-0.04522522186684815,1.552209932030403e-30,0.0,0.009925589897217587
511.56,-0.04461745310673041,1.552209932030403e-30,0.0,0.03038843800591479
511.6,-0.044950954973719356,1.552209932030403e-30,0.0,-0.00833754667471941
511.62,-0.04477029154553106,1.552209932030403e-30,0.0,0.009033171409422964
511.66,-0.045019766097077196,1.552209932030403e-30,0.0,-0.006236863788650119
511.68,-0.0452320961824573,1.552209932030403e-30,0.0,-0.01061650426901462
511.72,-0.04596209323161862,1.552209932030403e-30,0.0,-0.018249926229023748
511.74,-0.046176319398791875,1.552209932030403e-30,0.0,-0.010711308358672424
511.78,-0.047273379384039096,1.552209932030403e-30,0.0,-0.027426499631205505
511.8,-0.04726358274036551,1.552209932030403e-30,0.0,0.0004898321836784619
511.84,-0.04691551710891796,1.552209932030403e-30,0.0,0.00870164078619667
511.88,-0.047056790357812524,1.552209932030403e-30,0.0,-0.0035318312223622307
511.9,-0.047483204417298384,1.552209932030403e-30,0.0,-0.021320702974312447
511.94,-0.04717354760740345,1.552209932030403e-30,0.0,0.0077414202473693695
511.96,-0.04679095958982275,1.552209932030403e-30,0.0,0.019129400879052138
512.0,-0.04804795030255158,1.552209932030403e-30,0.0,-0.03142476781820457
512.02,-0.04859636785168725,1.552209932030403e-30,0.0,-0.027420877456808414
512.06,-0.049101351252172326,1.552209932030403e-30,0.0,-0.012624585012138301
512.1,-0.048845121147523894,1.552209932030403e-30,0.0,0.0064057526161983526
512.12,-0.04898751887118125,1.552209932030403e-30,0.0,-0.007119886182874298
512.16,-0.0502663497454102,1.552209932030403e-30,0.0,-0.031970771855752735
512.18,-0.050126286950690886,1.552209932030403e-30,0.0,0.007003139735972005
512.22,-0.05014380483591661,1.552209932030403e-30,0.0,-0.00043794713064224393
512.24,-0.05026895949537763,1.552209932030403e-30,0.0,-0.006257732973056898
512.28,-0.049172097794706736,1.552209932030403e-30,0.0,0.02742154251679723
512.3,-0.048968306166875634,1.552209932030403e-30,0.0,0.0101895813915645
512.34,-0.04898139658599876,1.552209932030403e-30,0.0,-0.0003272604780775439
512.36,-0.048656394848621,1.552209932030403e-30,0.0,0.01625008686890284
512.4,-0.05072155083757521,1.552209932030403e-30,0.0,-0.051628899723902236
512.42,-0.05055056614118812,1.552209932030403e-30,0.0,0.008549234819362119
512.46,-0.050235276069076115,1.552209932030403e-30,0.0,0.007882251802784939
512.48,-0.05020533012803287,1.552209932030403e-30,0.0,0.0014972970521638371
512.52,-0.049944260001444085,1.552209932030403e-30,0.0,0.006526753164725598
512.54,-0.049996344658001284,1.552209932030403e-30,0.0,-0.0026042328278623214
512.58,-0.050129498553600646,1.552209932030403e-30,0.0,-0.0033288473899776364
512.6,-0.04975948702947275,1.552209932030403e-30,0.0,0.018500576206411837
512.64,-0.04921326245669152,1.552209932030403e-30,0.0,0.013655614319543126
512.66,-0.048870595737541954,1.552209932030403e-30,0.0,0.017133335957493664
512.7,-0.04775814871473971,1.552209932030403e-30,0.0,0.027811175570002268
512.74,-0.04852344887080784,1.552209932030403e-30,0.0,-0.019132503901720572
512.76,-0.04854615363867061,1.552209932030403e-30,0.0,-0.001135238393139467
512.8,-0.048805923891493054,1.552209932030403e-30,0.0,-0.006494256320567038
512.82,-0.04927409951426257,1.552209932030403e-30,0.0,-0.02340878113836418
512.86,-0.05024908637543686,1.552209932030403e-30,0.0,-0.02437467152937939
512.9,-0.05045530020121626,1.552209932030403e-30,0.0,-0.005155345644489666
512.94,-0.05009628102886308,1.552209932030403e-30,0.0,0.008975479308812128
512.96,-0.04922586945533553,1.552209932030403e-30,0.0,0.04352057867641701
513.0,-0.04840529258810361,1.552209932030403e-30,0.0,0.020514421680816634
513.02,-0.04801269309871043,1.552209932030403e-30,0.0,0.019629974469676976
513.04,-0.04777782134885177,1.552209932030403e-30,0.0,0.011743587492943592
513.08,-0.046536177918228866,1.552209932030403e-30,0.0,0.031041085765512594
513.1,-0.0463430089257691,1.552209932030403e-30,0.0,0.009658449622997086
513.14,-0.04731764369193113,1.552209932030403e-30,0.0,-0.024365869154072874
513.16,-0.048362668440527175,1.552209932030403e-30,0.0,-0.05225123742984991
513.2,-0.04936370198308908,1.552209932030403e-30,0.0,-0.02502583856399928
513.22,-0.04978450497698759,1.552209932030403e-30,0.0,-0.02104014969494451
513.26,-0.04967417952919199,1.552209932030403e-30,0.0,0.0027581361948925947
513.28,-0.049017136209961676,1.552209932030403e-30,0.0,0.03285216596154533
513.3,-0.048265821073505126,1.552209932030403e-30,0.0,0.03756575682286158
513.34,-0.04843687983023767,1.552209932030403e-30,0.0,-0.0042764689183054354
513.38,-0.04853912407058505,1.552209932030403e-30,0.0,-0.0025561060086867465
513.42,-0.04929018029558446,1.552209932030403e-30,0.0,-0.018776405625002462
513.44,-0.04944375819342383,1.552209932030403e-30,0.0,-0.007678894891931606
513.46,-0.04941866198756691,1.552209932030403e-30,0.0,0.0012548102928468749
513.5,-0.04979740122668128,1.552209932030403e-30,0.0,-0.009468480977867866
513.52,-0.04951004714683263,1.552209932030403e-30,0.0,0.014367703992445729
513.56,-0.04782923938788125,1.552209932030403e-30,0.0,0.0420201939738228
513.58,-0.04782404391929493,1.552209932030403e-30,0.0,0.0002597734293148462
513.62,-0.04720052063978697,1.552209932030403e-30,0.0,0.01558808198771321
513.64,-0.04741193936168108,1.552209932030403e-30,0.0,-0.010570936094715083
513.66,-0.04764877238723226,1.552209932030403e-30,0.0,-0.01184165127756954
513.7,-0.047424328044249786,1.552209932030403e-30,0.0,0.005611108574550951
513.72,-0.04717738169142462,1.552209932030403e-30,0.0,0.01234731764126925
513.76,-0.04713339127167422,1.552209932030403e-30,0.0,0.0010997604937611248
513.78,-0.046813363464830796,1.552209932030403e-30,0.0,0.016001390342185794
513.82,-0.04618879110239016,1.552209932030403e-30,0.0,0.015614309060985794
513.84,-0.046142596676568365,1.552209932030403e-30,0.0,0.002309721291091769
513.86,-0.0462914956435533,1.552209932030403e-30,0.0,-0.007444948349253518
513.9,-0.0441323046513551,1.552209932030403e-30,0.0,0.05397977480500416
513.92,-0.04380251800234068,1.552209932030403e-30,0.0,0.01648933245073583
513.96,-0.04400062640354575,1.552209932030403e-30,0.0,-0.004952710030117279
513.98,-0.04360125484340954,1.552209932030403e-30,0.0,0.019968578006828826
514.02,-0.04355580343354982,1.552209932030403e-30,0.0,0.0011362852464941245
514.04,-0.04397897073454148,1.552209932030403e-30,0.0,-0.021158365049602283
514.08,-0.044150211834436556,1.552209932030403e-30,0.0,-0.004281027497368632
514.1,-0.04349065423963683,1.552209932030403e-30,0.0,0.032977879740016425
514.12,-0.04330498615544583,1.552209932030403e-30,0.0,0.009283404209558251
514.16,-0.04340291527125444,1.552209932030403e-30,0.0,-0.0024482278952174634
514.18,-0.04366214476621206,1.552209932030403e-30,0.0,-0.012961474747892582
514.22,-0.04368812304508255,1.552209932030403e-30,0.0,-0.000649456971761101
514.24,-0.04393103131236076,1.552209932030403e-30,0.0,-0.012145413363921432
514.28,-0.045202349808226974,1.552209932030403e-30,0.0,-0.03178296239668433
514.3,-0.04511487101113376,1.552209932030403e-30,0.0,0.004373939854664483
514.32,-0.045312226672766076,1.552209932030403e-30,0.0,-0.009867783081568706
514.36,-0.04555289670254186,1.552209932030403e-30,0.0,-0.00601675074440001
514.38,-0.04558485388489867,1.552209932030403e-30,0.0,-0.0015978591178418423
514.42,-0.04544640804472441,1.552209932030403e-30,0.0,0.0034611460043595726
514.44,-0.04583349060943673,1.552209932030403e-30,0.0,-0.0193541282355232
514.48,-0.046416767612117056,1.552209932030403e-30,0.0,-0.014581925067021384
514.5,-0.04561338306718216,1.552209932030403e-30,0.0,0.04016922724678119
514.54,-0.04521335136031966,1.552209932030403e-30,0.0,0.010000792671571612
514.56,-0.04506306672955417,1.552209932030403e-30,0.0,0.007514231538281252
514.58,-0.045171420321050794,1.552209932030403e-30,0.0,-0.005417679574805053
514.62,-0.046335698902175204,1.552209932030403e-30,0.0,-0.02910696452813677
514.64,-0.04705565669504572,1.552209932030403e-30,0.0,-0.03599788964355842
514.68,-0.045898161269715486,1.552209932030403e-30,0.0,0.028937385633282166
514.7,-0.04641757930372261,1.552209932030403e-30,0.0,-0.025970901700232273
514.74,-0.04664060582013668,1.552209932030403e-30,0.0,-0.005575662910356888
514.76,-0.04704337719877182,1.552209932030403e-30,0.0,-0.020138568931775482
514.8,-0.047835914750877825,1.552209932030403e-30,0.0,-0.01981343880266814
514.82,-0.04788832187129135,1.552209932030403e-30,0.0,-0.0026203560206635953
514.86,-0.04921159843880603,1.552209932030403e-30,0.0,-0.033081914187897146
514.88,-0.049652822825403994,1.552209932030403e-30,0.0,-0.022061219329918474
514.92,-0.04849908212736165,1.552209932030403e-30,0.0,0.02884351745108482
514.94,-0.04808074541988429,1.552209932030403e-30,0.0,0.02091683537376822
514.98,-0.04780686812139158,1.552209932030403e-30,0.0,0.006846932462323943
515.0,-0.04794948954138361,1.552209932030403e-30,0.0,-0.00713107099960814
515.04,-0.047202118856894223,1.552209932030403e-30,0.0,0.018684267112251615
515.06,-0.047148898906779174,1.552209932030403e-30,0.0,0.00266099750575476
515.1,-0.047850105901509815,1.552209932030403e-30,0.0,-0.017530174868232086
515.12,-0.04769704174316025,1.552209932030403e-30,0.0,0.007653207917485016
515.16,-0.04856505688538905,1.552209932030403e-30,0.0,-0.021700378555739697
515.18,-0.04852257512948727,1.552209932030403e-30,0.0,0.0021240877950907153
515.2,-0.04850472628712057,1.552209932030403e-30,0.0,0.0008924421183309672
515.24,-0.04927975867928208,1.552209932030403e-30,0.0,-0.01937580980405537
515.26,-0.049589766092545826,1.552209932030403e-30,0.0,-0.015500370663201177
515.3,-0.050199029872368676,1.552209932030403e-30,0.0,-0.015231594495585189
515.32,-0.05011449867458538,1.552209932030403e-30,0.0,0.004226559889144751
515.36,-0.04996434680885484,1.552209932030403e-30,0.0,0.003753796643267042
515.38,-0.04995342300978671,1.552209932030403e-30,0.0,0.0005461899534069095
515.42,-0.050444948088531755,1.552209932030403e-30,0.0,-0.012288126968637226
515.44,-0.05055833285280171,1.552209932030403e-30,0.0,-0.005669238213470515
515.46,-0.051152706330163424,1.552209932030403e-30,0.0,-0.029718673868112652
515.5,-0.05071037528478624,1.552209932030403e-30,0.0,0.011058276134439675
515.52,-0.05070118892657378,1.552209932030403e-30,0.0,0.0004593179106234151
515.56,-0.05059099525913498,1.552209932030403e-30,0.0,0.002754841685972465
515.58,-0.05136761007477402,1.552209932030403e-30,0.0,-0.03883074078176681
515.62,-0.0503455544311818,1.552209932030403e-30,0.0,0.02555139108982886
515.64,-0.05038759873307465,1.552209932030403e-30,0.0,-0.0021022150946443394
515.68,-0.05151974723634866,1.552209932030403e-30,0.0,-0.028303712581875966
515.7,-0.05105632198662467,1.552209932030403e-30,0.0,0.02317126248608883
515.74,-0.051507191591292696,1.552209932030403e-30,0.0,-0.011271740116710914
515.76,-0.051110293457737,1.552209932030403e-30,0.0,0.01984490667780274
515.78,-0.0511801326324921,1.552209932030403e-30,0.0,-0.0034919587377579375
515.82,-0.050695787801394804,1.552209932030403e-30,0.0,0.01210862077740891
515.84,-0.04993387290233474,1.552209932030403e-30,0.0,0.03809574495303794
515.88,-0.05075492500287041,1.552209932030403e-30,0.0,-0.020526302513410474
515.9,-0.05067398459591071,1.552209932030403e-30,0.0,0.004047020347988825
515.94,-0.0498436451756151,1.552209932030403e-30,0.0,0.020758485507350218
515.96,-0.04983658161975579,1.552209932030403e-30,0.0,0.0003531777929655916
516.0,-0.05039817215038079,1.552209932030403e-30,0.0,-0.014039763265637634
516.02,-0.05032277557300691,1.552209932030403e-30,0.0,0.0037698288686973196
516.06,-0.0508183959311424,1.552209932030403e-30,0.0,-0.012390508953398407
516.08,-0.05122637856558337,1.552209932030403e-30,0.0,-0.02039913172195091
516.1,-0.0507739993234854,1.552209932030403e-30,0.0,0.02261896210491906
516.14,-0.051647547100701414,1.552209932030403e-30,0.0,-0.021838694430420327
516.16,-0.05168267745454656,1.552209932030403e-30,0.0,-0.0017565176922591452
516.2,-0.05244532339520654,1.552209932030403e-30,0.0,-0.019066148516462697
516.22,-0.052151618812174644,1.552209932030403e-30,0.0,0.014685229151608178
516.26,-0.05302421241022207,1.552209932030403e-30,0.0,-0.021814839951205492
516.28,-0.052648466920409635,1.552209932030403e-30,0.0,0.018787274490638977
516.32,-0.05353440173885242,1.552209932030403e-30,0.0,-0.02214837046102678
516.34,-0.05368564962969268,1.552209932030403e-30,0.0,-0.007562394542019988
516.38,-0.05382887852218174,1.552209932030403e-30,0.0,-0.0035807223122296134
516.4,-0.05345478049938303,1.552209932030403e-30,0.0,0.018704901139952476
516.42,-0.05324346981305834,1.552209932030403e-30,0.0,0.010565534316244041
516.46,-0.05194898855045559,1.552209932030403e-30,0.0,0.03236203156500604
516.48,-0.05213022854516624,1.552209932030403e-30,0.0,-0.009061999735540525
516.52,-0.0510556420079213,1.552209932030403e-30,0.0,0.026864663431147948
516.54,-0.05084720338072457,1.552209932030403e-30,0.0,0.010421931359846157
516.58,-0.05013460526476053,1.552209932030403e-30,0.0,0.017814952899066573
516.6,-0.05006912916490215,1.552209932030403e-30,0.0,0.003273804992921948
516.64,-0.05035651063305952,1.552209932030403e-30,0.0,-0.007184536703940858
516.66,-0.05024301766886273,1.552209932030403e-30,0.0,0.005674648209844801
516.7,-0.04999576217844087,1.552209932030403e-30,0.0,0.006181387260534462
516.72,-0.049928001777982074,1.552209932030403e-30,0.0,0.0033880200229428835
516.76,-0.05128701881937908,1.552209932030403e-30,0.0,-0.0339754260349561
516.78,-0.05133282473596481,1.552209932030403e-30,0.0,-0.0022902958292884057
516.82,-0.051732174944866066,1.552209932030403e-30,0.0,-0.009983755222512084
516.84,-0.052021669433995395,1.552209932030403e-30,0.0,-0.014474724456479569
516.86,-0.05125527320491499,1.552209932030403e-30,0.0,0.03831981145405486
516.9,-0.05264955813134411,1.552209932030403e-30,0.0,-0.03485712316075957
516.92,-0.05295992256571407,1.552209932030403e-30,0.0,-0.015518221718512377
516.96,-0.05423729745598143,1.552209932030403e-30,0.0,-0.03193437225662221
516.98,-0.05354700362068877,1.552209932030403e-30,0.0,0.03451469176466441
517.02,-0.05218936911692067,1.552209932030403e-30,0.0,0.033940862594233304
517.04,-0.05276453269506717,1.552209932030403e-30,0.0,-0.028758178907351387
517.08,-0.05207992347815559,1.552209932030403e-30,0.0,0.017115230422756526
517.1,-0.052576240104449834,1.552209932030403e-30,0.0,-0.02481583131473471
517.14,-0.0534781597718786,1.552209932030403e-30,0.0,-0.02254799168573965
517.16,-0.053468922894683794,1.552209932030403e-30,0.0,0.0004618438597407306
517.2,-0.053014074240365736,1.552209932030403e-30,0.0,0.011371216357929408
517.22,-0.05292853553820579,1.552209932030403e-30,0.0,0.004276935108000989
517.26,-0.0531673110107381,1.552209932030403e-30,0.0,-0.005969386813313067
517.28,-0.053269993899220894,1.552209932030403e-30,0.0,-0.0051341444241442945
517.32,-0.053143946709107014,1.552209932030403e-30,0.0,0.0031511797528409506
517.34,-0.05337874115018307,1.552209932030403e-30,0.0,-0.011739722053813484
517.36,-0.053364687505642674,1.552209932030403e-30,0.0,0.0007026822270203342
517.4,-0.05360934716925282,1.552209932030403e-30,0.0,-0.0061164915902592884
517.42,-0.05311261279618526,1.552209932030403e-30,0.0,0.024836718653400817
517.46,-0.0540372453862475,1.552209932030403e-30,0.0,-0.023115814751511202
517.48,-0.05343185966182028,1.552209932030403e-30,0.0,0.03026928622138867
517.52,-0.05345966523819145,1.552209932030403e-30,0.0,-0.0006951394092799915
517.54,-0.05355611592517065,1.552209932030403e-30,0.0,-0.0048225343489644405
517.58,-0.05325561017749853,1.552209932030403e-30,0.0,0.007512643691788362
517.6,-0.053542860609536,1.552209932030403e-30,0.0,-0.0143625216018865
517.64,-0.05474229727106433,1.552209932030403e-30,0.0,-0.029985916538235565
517.66,-0.05379434745157615,1.552209932030403e-30,0.0,0.047397490974452304
517.7,-0.05437570224550396,1.552209932030403e-30,0.0,-0.014533869848167118
517.72,-0.0539106711019266,1.552209932030403e-30,0.0,0.023251557178889434
517.76,-0.054463272791536475,1.552209932030403e-30,0.0,-0.013815042240259435
517.78,-0.054625705907187225,1.552209932030403e-30,0.0,-0.00812165578254482
517.82,-0.05421263307278623,1.552209932030403e-30,0.0,0.0103268208600048
517.84,-0.05472494005223937,1.552209932030403e-30,0.0,-0.025615348972680422
517.88,-0.05507651566899563,1.552209932030403e-30,0.0,-0.008789390418914345
517.9,-0.055298565403850405,1.552209932030403e-30,0.0,-0.011102486742748744
517.94,-0.05561143381893107,1.552209932030403e-30,0.0,-0.00782171037700157
517.96,-0.05619556924222624,1.552209932030403e-30,0.0,-0.029206771164785098
518.0,-0.057863034103295415,1.552209932030403e-30,0.0,-0.0416866215267673
518.02,-0.05768268499594739,1.552209932030403e-30,0.0,0.009017455367409175
518.06,-0.05790021281959048,1.552209932030403e-30,0.0,-0.0054381955910820425
518.08,-0.05814899319723875,1.552209932030403e-30,0.0,-0.012439018882354198
518.12,-0.058002106447212556,1.552209932030403e-30,0.0,0.003672168750658194
518.14,-0.05809147688975865,1.552209932030403e-30,0.0,-0.004468522127308697
518.18,-0.05642667190273448,1.552209932030403e-30,0.0,0.04162012467564203
518.2,-0.05615794552297097,1.552209932030403e-30,0.0,0.013436318988111276
518.24,-0.056458109645343924,1.552209932030403e-30,0.0,-0.0075041030593306435
518.26,-0.05592061554971572,1.552209932030403e-30,0.0,0.026874704781434722
518.3,-0.05821828766745663,1.552209932030403e-30,0.0,-0.057441802943575156
518.32,-0.05847800618296672,1.552209932030403e-30,0.0,-0.012985925775442107
518.36,-0.0582907364837242,1.552209932030403e-30,0.0,0.004681742481067046
518.38,-0.05845101493449382,1.552209932030403e-30,0.0,-0.008013922538488016
518.42,-0.058093236661736096,1.552209932030403e-30,0.0,0.008944456818951207
518.44,-0.058298536855304166,1.552209932030403e-30,0.0,-0.010265009678354586
518.48,-0.059311993801332244,1.552209932030403e-30,0.0,-0.025336423650725085
518.5,-0.05946337446165714,1.552209932030403e-30,0.0,-0.007569033016251784
518.54,-0.05935437892289467,1.552209932030403e-30,0.0,0.0027248884690643676
518.56,-0.059676491109309775,1.552209932030403e-30,0.0,-0.016105609320770063
518.6,-0.05867699580884678,1.552209932030403e-30,0.0,0.02498738251152664
518.62,-0.058391046180566376,1.552209932030403e-30,0.0,0.014297481414033078
518.66,-0.05947609958895241,1.552209932030403e-30,0.0,-0.02712633520967562
518.7,-0.05969991737702558,1.552209932030403e-30,0.0,-0.005595444701818515
518.72,-0.06003213530183621,1.552209932030403e-30,0.0,-0.01661089624054648
518.76,-0.061185262402145,1.552209932030403e-30,0.0,-0.028828177507746126
518.8,-0.06248434399147894,1.552209932030403e-30,0.0,-0.032477039733378
518.82,-0.06280755923389703,1.552209932030403e-30,0.0,-0.016160762120827253
518.86,-0.06328068803290632,1.552209932030403e-30,0.0,-0.011828219975243193
518.88,-0.06315688021722017,1.552209932030403e-30,0.0,0.006190390784312993
518.92,-0.063711698592987,1.552209932030403e-30,0.0,-0.013870459394183271
518.94,-0.06293885077851763,1.552209932030403e-30,0.0,0.03864239072328386
518.98,-0.06175821344782677,1.552209932030403e-30,0.0,0.029515933267298355
519.0,-0.06196466035238783,1.552209932030403e-30,0.0,-0.010322345228062572
519.04,-0.06088828995418662,1.552209932030403e-30,0.0,0.026909259955054773
519.06,-0.060721081811027915,1.552209932030403e-30,0.0,0.008360407157942574
519.1,-0.060207732749949325,1.552209932030403e-30,0.0,0.01283372652693999
519.12,-0.06029536513551374,1.552209932030403e-30,0.0,-0.004381619278224895
519.16,-0.059745449927070246,1.552209932030403e-30,0.0,0.013747880211099862
519.18,-0.05951220940950427,1.552209932030403e-30,0.0,0.011662025878309609
519.22,-0.06032501896152472,1.552209932030403e-30,0.0,-0.020320238800472065
519.24,-0.060369343683232775,1.552209932030403e-30,0.0,-0.002216236085404562
519.28,-0.05959088371733074,1.552209932030403e-30,0.0,0.01946149914756861
519.3,-0.0592365298011074,1.552209932030403e-30,0.0,0.017717695811183272
519.34,-0.058721847500534226,1.552209932030403e-30,0.0,0.012867057514304463
519.36,-0.058995154961066734,1.552209932030403e-30,0.0,-0.013665373026637988
519.4,-0.05753638540533196,1.552209932030403e-30,0.0,0.036469238893402645
519.42,-0.0572927810483146,1.552209932030403e-30,0.0,0.012180217850878925
519.46,-0.0563319562152067,1.552209932030403e-30,0.0,0.02402062082765119
519.48,-0.05690787842040468,1.552209932030403e-30,0.0,-0.02879611025992504
519.52,-0.058356475363197866,1.552209932030403e-30,0.0,-0.036214923569862605
519.54,-0.058352988311062316,1.552209932030403e-30,0.0,0.00017435260677755977
519.58,-0.05761842478516929,1.552209932030403e-30,0.0,0.018364088147290153
519.6,-0.057718808468879924,1.552209932030403e-30,0.0,-0.005019184185536193
519.64,-0.057746446379722295,1.552209932030403e-30,0.0,-0.0006909477710598397
519.66,-0.057509695706464976,1.552209932030403e-30,0.0,0.011837533662876727
519.7,-0.0586842935467982,1.552209932030403e-30,0.0,-0.029364946008273884
519.72,-0.05898176140256777,1.552209932030403e-30,0.0,-0.014873392788491945
519.76,-0.05983547357332054,1.552209932030403e-30,0.0,-0.021342804268838583
519.78,-0.059724595536663226,1.552209932030403e-30,0.0,0.005543901832870608
519.82,-0.059011689308479956,1.552209932030403e-30,0.0,0.017822655704547267
519.84,-0.059231214809110394,1.552209932030403e-30,0.0,-0.010976275031531731
519.88,-0.059901263740200224,1.552209932030403e-30,0.0,-0.016751223277260897
519.9,-0.05953920207309196,1.552209932030403e-30,0.0,0.01810308335542944
519.94,-0.059414110289605214,1.552209932030403e-30,0.0,0.0031272945871626172
519.96,-0.06013467948768003,1.552209932030403e-30,0.0,-0.03602845990377357
520.0,-0.060797336086086465,1.552209932030403e-30,0.0,-0.016566414960175968
520.02,-0.06071160655845682,1.552209932030403e-30,0.0,0.004286476381486325
520.06,-0.06176546910869979,1.552209932030403e-30,0.0,-0.02634656375609832
520.08,-0.06214469229391134,1.552209932030403e-30,0.0,-0.018961159260486943
520.12,-0.06294035130863661,1.552209932030403e-30,0.0,-0.01989147536814971
520.14,-0.06389201078485769,1.552209932030403e-30,0.0,-0.04758297381109773
520.18,-0.06412740024425721,1.552209932030403e-30,0.0,-0.005884736484993379
520.2,-0.06314486092140076,1.552209932030403e-30,0.0,0.04912696614258786
520.24,-0.06282307583975712,1.552209932030403e-30,0.0,0.008044627041098477
520.26,-0.06264887757525736,1.552209932030403e-30,0.0,0.008709913224995997
520.3,-0.06252899163472925,1.552209932030403e-30,0.0,0.002997148513205622
520.32,-0.06275430579397324,1.552209932030403e-30,0.0,-0.011265707962146121
520.36,-0.06315883544735892,1.552209932030403e-30,0.0,-0.010113241334651133
520.38,-0.06290901271242562,1.552209932030403e-30,0.0,0.012491136746676844
520.42,-0.06270274946220934,1.552209932030403e-30,0.0,0.0051565812554114476
520.44,-0.062584494947982,1.552209932030403e-30,0.0,0.005912725711338696
520.48,-0.06264325692014637,1.552209932030403e-30,0.0,-0.0014690493041105792
520.5,-0.0633536628890355,1.552209932030403e-30,0.0,-0.03552029844448865
520.54,-0.06271396406500036,1.552209932030403e-30,0.0,0.015992470600893077
520.56,-0.06227705618810161,1.552209932030403e-30,0.0,0.021845393844957487
520.6,-0.0618580786250277,1.552209932030403e-30,0.0,0.010474439076827448
520.62,-0.061633676806469403,1.552209932030403e-30,0.0,0.011220090927925164
520.66,-0.06241379365717506,1.552209932030403e-30,0.0,-0.019502921267659214
520.68,-0.06291806663244888,1.552209932030403e-30,0.0,-0.025213648763714246
520.72,-0.06280121625805697,1.552209932030403e-30,0.0,0.0029212593597921915
520.74,-0.06319732383480892,1.552209932030403e-30,0.0,-0.019805378837615222
520.78,-0.06353617824789953,1.552209932030403e-30,0.0,-0.008471360327273162
520.8,-0.06343316561802072,1.552209932030403e-30,0.0,0.005150631493945638
520.84,-0.06302732872385187,1.552209932030403e-30,0.0,0.010145922354201403
520.86,-0.06330425606205584,1.552209932030403e-30,0.0,-0.01384636691021063
520.9,-0.06376365592465177,1.552209932030403e-30,0.0,-0.011484996564908779
520.94,-0.06306509591152389,1.552209932030403e-30,0.0,0.0174640003281635
520.96,-0.06339821843196466,1.552209932030403e-30,0.0,-0.016656126022054168
521.0,-0.0632752085065105,1.552209932030403e-30,0.0,0.0030752481363567705
521.02,-0.06380992682098553,1.552209932030403e-30,0.0,-0.026735915723775733
521.06,-0.06343279117659231,1.552209932030403e-30,0.0,0.009428391109839002
521.08,-0.06406832201639846,1.552209932030403e-30,0.0,-0.03177654199015552
521.12,-0.06494010201883962,1.552209932030403e-30,0.0,-0.021794500061048785
521.14,-0.06515068212390471,1.552209932030403e-30,0.0,-0.01052900525326369
521.18,-0.0632709555706753,1.552209932030403e-30,0.0,0.046993163830777736
521.2,-0.06294515319160097,1.552209932030403e-30,0.0,0.016290118953638442
521.24,-0.06282225966829293,1.552209932030403e-30,0.0,0.0030723380827041625
521.26,-0.06269887043590096,1.552209932030403e-30,0.0,0.006169461619603909
521.3,-0.06204179179367533,1.552209932030403e-30,0.0,0.01642696605565565
521.32,-0.06158886278254049,1.552209932030403e-30,0.0,0.02264645055663379
521.36,-0.06191527972863157,1.552209932030403e-30,0.0,-0.008160423652284348
521.38,-0.0622649160641778,1.552209932030403e-30,0.0,-0.017481816777327387
521.42,-0.06203054700125367,1.552209932030403e-30,0.0,0.00585922657310863
521.44,-0.06126748740247321,1.552209932030403e-30,0.0,0.03815297993884077
521.48,-0.06190818373766518,1.552209932030403e-30,0.0,-0.01601740837981383
521.5,-0.06216854937275846,1.552209932030403e-30,0.0,-0.01301828175467607
521.54,-0.06433022044896877,1.552209932030403e-30,0.0,-0.05404177690530715
521.56,-0.06401491918072966,1.552209932030403e-30,0.0,0.015765063411970075
521.6,-0.06476077481243668,1.552209932030403e-30,0.0,-0.01864639079263952
521.62,-0.06503636410529744,1.552209932030403e-30,0.0,-0.013779464643050632
521.66,-0.0636474760667423,1.552209932030403e-30,0.0,0.03472220096390983
521.68,-0.0633133531190517,1.552209932030403e-30,0.0,0.01670614738454543
521.72,-0.06407265127990022,1.552209932030403e-30,0.0,-0.018982454021176154
521.74,-0.06465895118113225,1.552209932030403e-30,0.0,-0.02931499506162797
521.78,-0.0649278285364845,1.552209932030403e-30,0.0,-0.006721933883812376
521.8,-0.06507193386880294,1.552209932030403e-30,0.0,-0.007205266615928899
521.84,-0.0664132611894386,1.552209932030403e-30,0.0,-0.03353318301582684
521.88,-0.06610538179531963,1.552209932030403e-30,0.0,0.0076969848529813535
521.9,-0.06669725023565001,1.552209932030403e-30,0.0,-0.02959342201654618
521.94,-0.065577168850092,1.552209932030403e-30,0.0,0.028002034638896004
521.96,-0.06562337756946741,1.552209932030403e-30,0.0,-0.0023104359687730444
522.0,-0.06545479685754596,1.552209932030403e-30,0.0,0.004214517798040343
522.02,-0.0648912959757406,1.552209932030403e-30,0.0,0.02817504409029355
522.06,-0.06569767298294424,1.552209932030403e-30,0.0,-0.020159425180109273
522.08,-0.0666663904446859,1.552209932030403e-30,0.0,-0.04843587308685221
522.12,-0.06587298671994148,1.552209932030403e-30,0.0,0.019835093118628647
522.16,-0.06628127910389198,1.552209932030403e-30,0.0,-0.010207309598771697
522.18,-0.0659623549160748,1.552209932030403e-30,0.0,0.015946209390873628
522.22,-0.06625075701807852,1.552209932030403e-30,0.0,-0.007210052550078854
522.24,-0.06640973500664583,1.552209932030403e-30,0.0,-0.00794889942837312
522.28,-0.06653523477505707,1.552209932030403e-30,0.0,-0.003137494210283703
522.3,-0.06697433671071845,1.552209932030403e-30,0.0,-0.02195509678308873
522.34,-0.0679378409219961,1.552209932030403e-30,0.0,-0.02408760528189472
522.36,-0.06711326474116547,1.552209932030403e-30,0.0,0.04122880904156904
522.4,-0.06677109988028747,1.552209932030403e-30,0.0,0.008554121521957813
522.42,-0.06670290981355848,1.552209932030403e-30,0.0,0.0034095033364524665
522.46,-0.06710294435476477,1.552209932030403e-30,0.0,-0.010000863530138135
522.48,-0.06677036233739689,1.552209932030403e-30,0.0,0.016629100868408932
522.52,-0.06724626575155082,1.552209932030403e-30,0.0,-0.011897585353859272
522.56,-0.06685329254597801,1.552209932030403e-30,0.0,0.009824330139329157
522.58,-0.06696884703125432,1.552209932030403e-30,0.0,-0.005777724263788057
522.62,-0.06723647224206054,1.552209932030403e-30,0.0,-0.006690630270161823
522.64,-0.0672913362685503,1.552209932030403e-30,0.0,-0.0027432013244903645
522.68,-0.0664013062071039,1.552209932030403e-30,0.0,0.022250751536180214
522.7,-0.06570625747509869,1.552209932030403e-30,0.0,0.03475243660009477
522.74,-0.0656610445478572,1.552209932030403e-30,0.0,0.0011303231810381592
522.76,-0.06527367136896321,1.552209932030403e-30,0.0,0.019368658944717013
522.8,-0.06541567932300467,1.552209932030403e-30,0.0,-0.0035501988510396034
522.82,-0.06513947434686829,1.552209932030403e-30,0.0,0.013810248806752846
522.86,-0.06476955558667966,1.552209932030403e-30,0.0,0.009247969004724348
522.88,-0.06432517209370743,1.552209932030403e-30,0.0,0.022219174648631372
522.92,-0.06527687397496144,1.552209932030403e-30,0.0,-0.02379254703137198
522.96,-0.06521695619113946,1.552209932030403e-30,0.0,0.0014979445955466408
522.98,-0.0654346626879405,1.552209932030403e-30,0.0,-0.010885324840062152
523.02,-0.06445441378137974,1.552209932030403e-30,0.0,0.02450622266404122
523.04,-0.06430536163418896,1.552209932030403e-30,0.0,0.00745260735954621
523.08,-0.06540472768952572,1.552209932030403e-30,0.0,-0.02748415138336616
523.1,-0.06492826766097777,1.552209932030403e-30,0.0,0.023823001427419343
523.14,-0.06491591731536664,1.552209932030403e-30,0.0,0.0003087586402785159
523.16,-0.06479609088329469,1.552209932030403e-30,0.0,0.005991321603603158
523.2,-0.06492711757692915,1.552209932030403e-30,0.0,-0.0032756673408551795
523.22,-0.06512129672279424,1.552209932030403e-30,0.0,-0.00970895729326291
523.26,-0.0647493351039856,1.552209932030403e-30,0.0,0.00929904047022437
523.28,-0.06492453557846439,1.552209932030403e-30,0.0,-0.008760023723947345
523.32,-0.065262117851929,1.552209932030403e-30,0.0,-0.008439556836598822
523.34,-0.06533446301725408,1.552209932030403e-30,0.0,-0.003617258266257511
523.38,-0.06481858110920362,1.552209932030403e-30,0.0,0.012897047701273432
523.42,-0.06488087975149442,1.552209932030403e-30,0.0,-0.0015574660572717383
523.44,-0.06488639218248861,1.552209932030403e-30,0.0,-0.0002756215497076429
523.48,-0.06562061820389964,1.552209932030403e-30,0.0,-0.01835565053529247
523.5,-0.06551361620609802,1.552209932030403e-30,0.0,0.005350099890085473
523.54,-0.06517401288225465,1.552209932030403e-30,0.0,0.008490083096091977
523.56,-0.06560485424244102,1.552209932030403e-30,0.0,-0.021542068009338205
523.6,-0.06568221122817648,1.552209932030403e-30,0.0,-0.001933924643383073
523.62,-0.0654616587672166,1.552209932030403e-30,0.0,0.011027623048004016
523.66,-0.06630804185544344,1.552209932030403e-30,0.0,-0.021159577205690217
523.68,-0.06600724982114835,1.552209932030403e-30,0.0,0.015039601714768303
523.72,-0.06702884605219955,1.552209932030403e-30,0.0,-0.02553990577623083
523.74,-0.06687977015999108,1.552209932030403e-30,0.0,0.007453794610430619
523.78,-0.06775300986401157,1.552209932030403e-30,0.0,-0.02183099260053216
523.8,-0.06685850884766854,1.552209932030403e-30,0.0,0.044725050817192226
523.84,-0.06591761261567822,1.552209932030403e-30,0.0,0.023522405799712574
523.86,-0.06526777616090851,1.552209932030403e-30,0.0,0.032491822738515204
523.9,-0.06400221109156197,1.552209932030403e-30,0.0,0.03163912673369228
523.92,-0.0636550735362896,1.552209932030403e-30,0.0,0.017356877763633927
523.96,-0.062782375348779,1.552209932030403e-30,0.0,0.02181745468772316
523.98,-0.062390979104125645,1.552209932030403e-30,0.0,0.019569812232685304
524.02,-0.06282886969628466,1.552209932030403e-30,0.0,-0.010947264803985463
524.04,-0.06307389512066339,1.552209932030403e-30,0.0,-0.012251271218947441
524.08,-0.06353647281420492,1.552209932030403e-30,0.0,-0.011564442338515947
524.12,-0.06405462575340908,1.552209932030403e-30,0.0,-0.012953823480115643
524.14,-0.06399552780349144,1.552209932030403e-30,0.0,0.0029548974958849127
524.18,-0.06433915895680979,1.552209932030403e-30,0.0,-0.00859077883296665
524.2,-0.06413553006217562,1.552209932030403e-30,0.0,0.010181444731659684
524.24,-0.06525441168029789,1.552209932030403e-30,0.0,-0.027972040453081975
524.26,-0.06516755357248354,1.552209932030403e-30,0.0,0.004342905390721758
524.3,-0.0650437544471738,1.552209932030403e-30,0.0,0.003094978132746368
524.32,-0.06537398060325439,1.552209932030403e-30,0.0,-0.016511307803951252
524.36,-0.06411418937509648,1.552209932030403e-30,0.0,0.031494780703976266
524.38,-0.06415312827196998,1.552209932030403e-30,0.0,-0.0019469448436767486
524.42,-0.0645353905297726,1.552209932030403e-30,0.0,-0.009556556445074265
524.44,-0.06443508823630237,1.552209932030403e-30,0.0,0.005015114673487759
524.48,-0.06400261862992067,1.552209932030403e-30,0.0,0.010811740159552453
524.5,-0.06377058411734561,1.552209932030403e-30,0.0,0.011601725628763564
524.54,-0.06459468380057,1.552209932030403e-30,0.0,-0.0206024920806286
524.58,-0.06346236584484216,1.552209932030403e-30,0.0,0.028307948893141206
524.6,-0.06364771315107746,1.552209932030403e-30,0.0,-0.009267365311773872
524.64,-0.06375383098246806,1.552209932030403e-30,0.0,-0.0026529457847675256
524.66,-0.06355770660982832,1.552209932030403e-30,0.0,0.009806218631996048
524.7,-0.06232535831119954,1.552209932030403e-30,0.0,0.030808707465659783
524.72,-0.0626402392678394,1.552209932030403e-30,0.0,-0.01574404783200763
524.76,-0.06296446947144824,1.552209932030403e-30,0.0,-0.008105755090228244
524.78,-0.062324131929918716,1.552209932030403e-30,0.0,0.032016877076505176
524.82,-0.0613929879261118,1.552209932030403e-30,0.0,0.02327860009512782
524.84,-0.061395026107866915,1.552209932030403e-30,0.0,-0.00010190908775593342
524.88,-0.06221784500253724,1.552209932030403e-30,0.0,-0.020570472366776924
524.9,-0.06220825816533272,1.552209932030403e-30,0.0,0.0004793418602264494
524.94,-0.06376973907911515,1.552209932030403e-30,0.0,-0.03903702284448531
524.98,-0.06316860624583427,1.552209932030403e-30,0.0,0.015028320832035655
525.0,-0.06277039533069387,1.552209932030403e-30,0.0,0.01991054575703837
525.04,-0.06268685058863718,1.552209932030403e-30,0.0,0.0020886185514190692
525.06,-0.06322917671006713,1.552209932030403e-30,0.0,-0.027116306071521826
525.1,-0.0633666059955945,1.552209932030403e-30,0.0,-0.0034357321381777266
525.12,-0.06428977193142885,1.552209932030403e-30,0.0,-0.04615829679175937
525.16,-0.06439828182804909,1.552209932030403e-30,0.0,-0.0027127474155085748
525.18,-0.06408358803978818,1.552209932030403e-30,0.0,0.01573468941305994
525.22,-0.06457786723226255,1.552209932030403e-30,0.0,-0.012356979811835405
525.24,-0.0643585871304971,1.552209932030403e-30,0.0,0.010964005088282934
525.28,-0.06289123992878491,1.552209932030403e-30,0.0,0.036683680042838
525.3,-0.06302965685872904,1.552209932030403e-30,0.0,-0.0069208464972122805
525.34,-0.06306944492465237,1.552209932030403e-30,0.0,-0.0009947016480813156
525.38,-0.06238105625847566,1.552209932030403e-30,0.0,0.017209716654433466
525.4,-0.06184300270721342,1.552209932030403e-30,0.0,0.026902677563136357
525.44,-0.06150350519381271,1.552209932030403e-30,0.0,0.008487437835001405
525.46,-0.061773667676172477,1.552209932030403e-30,0.0,-0.013508124118000564
525.5,-0.06311545719162696,1.552209932030403e-30,0.0,-0.033544737886392575
525.52,-0.06295647137112054,1.552209932030403e-30,0.0,0.007949291025328247
525.56,-0.06209043494126478,1.552209932030403e-30,0.0,0.021650910746413607
525.58,-0.06189142795110753,1.552209932030403e-30,0.0,0.009950349507814973
525.62,-0.0601344118075269,1.552209932030403e-30,0.0,0.04392540358955577
525.64,-0.060260519034653744,1.552209932030403e-30,0.0,-0.006305361356347911
525.68,-0.06018715321364845,1.552209932030403e-30,0.0,0.0018341455251339334
525.7,-0.06004568804186334,1.552209932030403e-30,0.0,0.007073258589221995
525.74,-0.05973194326364534,1.552209932030403e-30,0.0,0.007843619455457213
525.78,-0.059695742003283966,1.552209932030403e-30,0.0,0.0009050315090350715
525.8,-0.059466193839189364,1.552209932030403e-30,0.0,0.011477408204740587
525.84,-0.05996872551936285,1.552209932030403e-30,0.0,-0.012563292004312974
525.86,-0.05951734971777856,1.552209932030403e-30,0.0,0.022568790079235113
525.9,-0.06028246215548394,1.552209932030403e-30,0.0,-0.019127810942651834
525.92,-0.060733839804141175,1.552209932030403e-30,0.0,-0.022568882432882385
525.96,-0.061544149837365676,1.552209932030403e-30,0.0,-0.020257750830573316
525.98,-0.06164587814738518,1.552209932030403e-30,0.0,-0.005086415500979927
526.02,-0.05931810065468744,1.552209932030403e-30,0.0,0.05819443731749648
526.06,-0.057683501095225624,1.552209932030403e-30,0.0,0.04086498898658266
526.08,-0.0577402370927246,1.552209932030403e-30,0.0,-0.002836799874935214
526.12,-0.05809957486433775,1.552209932030403e-30,0.0,-0.00898344429033686
526.14,-0.057288772539982394,1.552209932030403e-30,0.0,0.040540116217804435
526.18,-0.057394226781192076,1.552209932030403e-30,0.0,-0.00263635603024444
526.22,-0.057622169919842335,1.552209932030403e-30,0.0,-0.005698578466245388
526.24,-0.05767670526744681,1.552209932030403e-30,0.0,-0.0027267673802262226
526.28,-0.05636929131016042,1.552209932030403e-30,0.0,0.03268534893218939
526.3,-0.055904770378514955,1.552209932030403e-30,0.0,0.023226046582294376
526.34,-0.05635195072447671,1.552209932030403e-30,0.0,-0.011179508649022306
526.36,-0.05688929814013894,1.552209932030403e-30,0.0,-0.026867370783135863
526.4,-0.056118692999570396,1.552209932030403e-30,0.0,0.01926512851423104
526.42,-0.056190867847440186,1.552209932030403e-30,0.0,-0.0036087423934926307
526.46,-0.05711313406018221,1.552209932030403e-30,0.0,-0.023056655318506074
526.5,-0.057189251234487454,1.552209932030403e-30,0.0,-0.001902929357632868
526.52,-0.05748399064576,1.552209932030403e-30,0.0,-0.014736970563640569
526.56,-0.05835613206381856,1.552209932030403e-30,0.0,-0.021803535451483877
526.58,-0.05854876103995869,1.552209932030403e-30,0.0,-0.009631448806960288
526.62,-0.05891841520673633,1.552209932030403e-30,0.0,-0.009241354169449547
526.64,-0.05901131719235544,1.552209932030403e-30,0.0,-0.004645099280959545
526.68,-0.05987437462980379,1.552209932030403e-30,0.0,-0.021576435936228294
526.7,-0.060182297621747045,1.552209932030403e-30,0.0,-0.015396149597089575
526.74,-0.06138118924517404,1.552209932030403e-30,0.0,-0.029972290585702232
526.76,-0.06132480432665974,1.552209932030403e-30,0.0,0.002819245925717732
526.8,-0.06130901744143374,1.552209932030403e-30,0.0,0.0003946721306503671
526.84,-0.06053000640715388,1.552209932030403e-30,0.0,0.01947527585695878
526.86,-0.060384646602366414,1.552209932030403e-30,0.0,0.007267990239379641
526.9,-0.06124607911009963,1.552209932030403e-30,0.0,-0.021535812693350097
526.92,-0.06109477156257863,1.552209932030403e-30,0.0,0.007565377376057152
526.96,-0.06233747812398939,1.552209932030403e-30,0.0,-0.031067664035209074
526.98,-0.06191966297662991,1.552209932030403e-30,0.0,0.02089075736799308
527.02,-0.06401417350218255,1.552209932030403e-30,0.0,-0.052362763138863885
527.04,-0.0648152186419235,1.552209932030403e-30,0.0,-0.04005225698708368
527.08,-0.06406473430266382,1.552209932030403e-30,0.0,0.01876210848145567
527.12,-0.0630951446670453,1.552209932030403e-30,0.0,0.02423974089048513
527.14,-0.0632911689306213,1.552209932030403e-30,0.0,-0.009801213178808837
527.18,-0.06281960835156844,1.552209932030403e-30,0.0,0.011789014476332169
527.2,-0.06315398769188128,1.552209932030403e-30,0.0,-0.016718967015562306
527.24,-0.06386831289297872,1.552209932030403e-30,0.0,-0.017858130027452197
527.26,-0.06375844053166434,1.552209932030403e-30,0.0,0.005493618065723737
527.3,-0.06375337944894983,1.552209932030403e-30,0.0,0.00012652706786270661
527.34,-0.06425558320760075,1.552209932030403e-30,0.0,-0.012555093966248692
527.36,-0.06369571325063353,1.552209932030403e-30,0.0,0.027993497848386287
527.4,-0.06511466462984473,1.552209932030403e-30,0.0,-0.03547378448031248
527.42,-0.06466388284625164,1.552209932030403e-30,0.0,0.022539089179675058
527.46,-0.06379627971677367,1.552209932030403e-30,0.0,0.021690078236907606
527.48,-0.0635316136010954,1.552209932030403e-30,0.0,0.013233305783925498
527.52,-0.0645988559200979,1.552209932030403e-30,0.0,-0.026681057975086648
527.56,-0.06459653436117631,1.552209932030403e-30,0.0,5.803897303961317e-05
527.58,-0.06525429800310899,1.552209932030403e-30,0.0,-0.032888182096477134
527.62,-0.06603179467363907,1.552209932030403e-30,0.0,-0.0194374167632698
527.64,-0.06621633298371793,1.552209932030403e-30,0.0,-0.009226915503951785
527.68,-0.06559660634597708,1.552209932030403e-30,0.0,0.015493165943535258
527.7,-0.06589630901306251,1.552209932030403e-30,0.0,-0.01498513335419956
527.74,-0.0661502370752863,1.552209932030403e-30,0.0,-0.006348201555600648
527.78,-0.06605640155838548,1.552209932030403e-30,0.0,0.002345887922522783
527.8,-0.06671414625569427,1.552209932030403e-30,0.0,-0.032887234865469454
527.84,-0.06669022113682503,1.552209932030403e-30,0.0,0.0005981279717300234
527.88,-0.06724277914767045,1.552209932030403e-30,0.0,-0.013813950271148002
527.9,-0.06699335641659164,1.552209932030403e-30,0.0,0.012471136553951724
527.94,-0.06658406619662462,1.552209932030403e-30,0.0,0.010232255499155683
527.96,-0.06644837035238799,1.552209932030403e-30,0.0,0.00678479221183783
528.0,-0.06619938824236686,1.552209932030403e-30,0.0,0.006224552750533969
528.04,-0.0668110286793998,1.552209932030403e-30,0.0,-0.015291010925837178
528.06,-0.06629264944589686,1.552209932030403e-30,0.0,0.025918961675170455
528.1,-0.0668495335323405,1.552209932030403e-30,0.0,-0.013922102161063953
528.12,-0.06726473444319846,1.552209932030403e-30,0.0,-0.020760045542916973
528.16,-0.06721927336801553,1.552209932030403e-30,0.0,0.0011365268795740402
528.18,-0.06734166545053288,1.552209932030403e-30,0.0,-0.006119604125873443
528.22,-0.06662268148471076,1.552209932030403e-30,0.0,0.017974599145518272
528.26,-0.06680034788708014,1.552209932030403e-30,0.0,-0.004441660059238496
528.28,-0.0669881715231025,1.552209932030403e-30,0.0,-0.009391181801126828
528.32,-0.06708313168843326,1.552209932030403e-30,0.0,-0.002374004133264187
528.34,-0.06737127370043693,1.552209932030403e-30,0.0,-0.014407100600196301
528.38,-0.06769357841856315,1.552209932030403e-30,0.0,-0.008057617953162946
528.4,-0.06796686642562176,1.552209932030403e-30,0.0,-0.013664400352943057
528.44,-0.06724620496673425,1.552209932030403e-30,0.0,0.018016536472152973
528.46,-0.06707431432772776,1.552209932030403e-30,0.0,0.008594531950332844
528.5,-0.0672717839789523,1.552209932030403e-30,0.0,-0.004936741280617893
528.54,-0.06668567714292613,1.552209932030403e-30,0.0,0.014652670900667573
528.56,-0.06707640839148116,1.552209932030403e-30,0.0,-0.019536562427769414
528.6,-0.067041250899548,1.552209932030403e-30,0.0,0.0008789372983273293
528.62,-0.06675909832676265,1.552209932030403e-30,0.0,0.014107628639280815
528.66,-0.06728622492112232,1.552209932030403e-30,0.0,-0.013178164859003956
528.68,-0.06682110858565125,1.552209932030403e-30,0.0,0.02325581677357486
528.72,-0.06590013050422186,1.552209932030403e-30,0.0,0.023024452035690333
528.76,-0.0669334918792364,1.552209932030403e-30,0.0,-0.025834034375387047
528.78,-0.06764349967176637,1.552209932030403e-30,0.0,-0.035500389626530855
528.82,-0.06591416921768005,1.552209932030403e-30,0.0,0.04323326135207455
528.84,-0.06538576568288293,1.552209932030403e-30,0.0,0.026420176739880265
528.88,-0.06601564024686726,1.552209932030403e-30,0.0,-0.015746864099622712
528.92,-0.0650693599282561,1.552209932030403e-30,0.0,0.023657007965300403
528.94,-0.06486575472969576,1.552209932030403e-30,0.0,0.010180259927968578
528.98,-0.06488063214461695,1.552209932030403e-30,0.0,-0.0003719353730299788
529.0,-0.06494681239890697,1.552209932030403e-30,0.0,-0.003309012714504177
529.04,-0.0651287161179062,1.552209932030403e-30,0.0,-0.004547592974985077
529.06,-0.06473310733928797,1.552209932030403e-30,0.0,0.019780438930929428
529.1,-0.06514605956341397,1.552209932030403e-30,0.0,-0.010323805603130128
529.14,-0.06440750750725349,1.552209932030403e-30,0.0,0.018463801404029003
529.16,-0.06477285428760554,1.552209932030403e-30,0.0,-0.018267339017619295
529.2,-0.06602085676574139,1.552209932030403e-30,0.0,-0.031200061953335752
529.22,-0.06575767470036199,1.552209932030403e-30,0.0,0.013159103268981667
529.26,-0.06589596896820522,1.552209932030403e-30,0.0,-0.003457356696083867
529.28,-0.06603468583894645,1.552209932030403e-30,0.0,-0.00693584353706774
529.32,-0.06575998741492287,1.552209932030403e-30,0.0,0.006867460600576493
529.36,-0.06603759611481942,1.552209932030403e-30,0.0,-0.006940217497420256
529.38,-0.06564598226232958,1.552209932030403e-30,0.0,0.019580692624509552
529.42,-0.06508447244866644,1.552209932030403e-30,0.0,0.014037745341591124
529.44,-0.06464474958549775,1.552209932030403e-30,0.0,0.02198614315832969
529.48,-0.06552712306079443,1.552209932030403e-30,0.0,-0.022059336882437237
529.52,-0.06583955801604709,1.552209932030403e-30,0.0,-0.007810873881323574
529.54,-0.06597774999776285,1.552209932030403e-30,0.0,-0.006909599085793999
529.58,-0.06566098627154422,1.552209932030403e-30,0.0,0.007919093155450207
529.6,-0.06658655524013896,1.552209932030403e-30,0.0,-0.04627844842977885
529.64,-0.06638988979595901,1.552209932030403e-30,0.0,0.004916636104502963
529.68,-0.0672389633069512,1.552209932030403e-30,0.0,-0.02122683777482406
529.7,-0.06783168705544601,1.552209932030403e-30,0.0,-0.029636187424599364
529.74,-0.0670429562723194,1.552209932030403e-30,0.0,0.019718269578182956
529.76,-0.06706741527977755,1.552209932030403e-30,0.0,-0.0012229503729085515
529.8,-0.06707217659753768,1.552209932030403e-30,0.0,-0.0001190329440031901
529.84,-0.06809813649107316,1.552209932030403e-30,0.0,-0.025648997338337122
529.86,-0.06742217718838811,1.552209932030403e-30,0.0,0.03379796513428313
529.9,-0.06563695182096686,1.552209932030403e-30,0.0,0.04463063418557181
529.92,-0.066250922683646,1.552209932030403e-30,0.0,-0.030698543133985075
529.96,-0.0661084828276103,1.552209932030403e-30,0.0,0.0035609964008857364
529.98,-0.06686832096459971,1.552209932030403e-30,0.0,-0.03799190684950575
530.02,-0.0655396459265494,1.552209932030403e-30,0.0,0.033216875951288125
530.06,-0.0647957547146379,1.552209932030403e-30,0.0,0.018597280297804428
530.08,-0.06488062685732673,1.552209932030403e-30,0.0,-0.004243607134421581
530.12,-0.06385692366003294,1.552209932030403e-30,0.0,0.025592579932368156
530.14,-0.06423675771065235,1.552209932030403e-30,0.0,-0.018991702530987843
530.18,-0.06532891900254321,1.552209932030403e-30,0.0,-0.027304032297296596
530.22,-0.0658615681850497,1.552209932030403e-30,0.0,-0.013316229562636178
530.24,-0.06636638617684515,1.552209932030403e-30,0.0,-0.025240899589795553
530.28,-0.06560209740486088,1.552209932030403e-30,0.0,0.0191072192996242
530.32,-0.06497035626500854,1.552209932030403e-30,0.0,0.015793528496277992
530.34,-0.06393959998876392,1.552209932030403e-30,0.0,0.05153781381227783
530.38,-0.06263627541196652,1.552209932030403e-30,0.0,0.0325831144199647
530.4,-0.0627670440719858,1.552209932030403e-30,0.0,-0.006538433000969832
530.44,-0.06199670742953672,1.552209932030403e-30,0.0,0.019258416061189856
530.48,-0.061704366395476454,1.552209932030403e-30,0.0,0.007308525851513143
530.5,-0.06162461853265124,1.552209932030403e-30,0.0,0.0039873931412643514
530.54,-0.060716422629589546,1.552209932030403e-30,0.0,0.02270489757656305
530.56,-0.06090548524564102,1.552209932030403e-30,0.0,-0.009453130802582014
530.6,-0.06027385148279865,1.552209932030403e-30,0.0,0.015790844071028605
530.64,-0.05980744507822147,1.552209932030403e-30,0.0,0.01166016011444014
530.66,-0.05969674610056831,1.552209932030403e-30,0.0,0.005534948882662831
530.7,-0.0607398145879025,1.552209932030403e-30,0.0,-0.026076712183304304
530.74,-0.060834443943585274,1.552209932030403e-30,0.0,-0.0023657338920715166
530.76,-0.060565282562186164,1.552209932030403e-30,0.0,0.013458069069967708
530.8,-0.06083753961474227,1.552209932030403e-30,0.0,-0.0068064263139087046
530.84,-0.061873490332605245,1.552209932030403e-30,0.0,-0.02589876794652441
530.86,-0.061616474969957424,1.552209932030403e-30,0.0,0.01285076813240267
530.9,-0.06074225993921573,1.552209932030403e-30,0.0,0.021855375768562117
530.92,-0.06041502780308869,1.552209932030403e-30,0.0,0.016361606806367078
530.96,-0.0593837727656169,1.552209932030403e-30,0.0,0.02578137593674501
531.0,-0.059200466991626975,1.552209932030403e-30,0.0,0.004582644349752195
531.02,-0.0585993902854343,1.552209932030403e-30,0.0,0.030053835309660885
531.06,-0.05737448748633692,1.552209932030403e-30,0.0,0.030622569977462426
531.08,-0.05745829242362389,1.552209932030403e-30,0.0,-0.00419024686432861
531.12,-0.05654138822841053,1.552209932030403e-30,0.0,0.022922604880354674
531.16,-0.05490283257243346,1.552209932030403e-30,0.0,0.04096389139946409
531.18,-0.054898435258761875,1.552209932030403e-30,0.0,0.00021986568357951815
531.22,-0.05436464990614576,1.552209932030403e-30,0.0,0.013344633815377186
531.24,-0.054125416142637287,1.552209932030403e-30,0.0,0.011961688175434313
531.28,-0.05444026212099564,1.552209932030403e-30,0.0,-0.007871149458965982
531.3,-0.054838145012604374,1.552209932030403e-30,0.0,-0.019894144580454846
531.34,-0.05408712646035907,1.552209932030403e-30,0.0,0.018775463806096345
531.38,-0.05404697363363365,1.552209932030403e-30,0.0,0.001003820668136434
531.4,-0.05368585278592149,1.552209932030403e-30,0.0,0.018056042385624707
531.44,-0.05411491916982621,1.552209932030403e-30,0.0,-0.010726659597597395
531.46,-0.053778891853114436,1.552209932030403e-30,0.0,0.016801365835604307
531.5,-0.053617251965991215,1.552209932030403e-30,0.0,0.004040997178084118
531.54,-0.0551789166760837,1.552209932030403e-30,0.0,-0.039041617752347546
531.56,-0.05600097754567622,1.552209932030403e-30,0.0,-0.04110304347966338
531.6,-0.055082253543416206,1.552209932030403e-30,0.0,0.02296810005645603
531.64,-0.05415763742071044,1.552209932030403e-30,0.0,0.02311540306766513
531.66,-0.054068059797561,1.552209932030403e-30,0.0,0.00447888115747621
531.7,-0.053136020981663264,1.552209932030403e-30,0.0,0.02330097039739836
531.74,-0.05183977937208627,1.552209932030403e-30,0.0,0.03240604023945438
531.76,-0.05084928037898631,1.552209932030403e-30,0.0,0.049524949655043
531.8,-0.0510317562354946,1.552209932030403e-30,0.0,-0.004561896412711321
531.82,-0.05134006206534069,1.552209932030403e-30,0.0,-0.015415291492230877
531.86,-0.05104794761371901,1.552209932030403e-30,0.0,0.0073028612905487325
531.9,-0.04893160846737643,1.552209932030403e-30,0.0,0.05290847865861254
531.92,-0.04914488780001841,1.552209932030403e-30,0.0,-0.010663966632108566
531.96,-0.049310717623553685,1.552209932030403e-30,0.0,-0.004145745588373782
532.0,-0.04982833350865275,1.552209932030403e-30,0.0,-0.012940397127488366
532.02,-0.05019045220029503,1.552209932030403e-30,0.0,-0.0181059345821305
532.06,-0.050100470233730994,1.552209932030403e-30,0.0,0.0022495491641027986
532.08,-0.05076746624241876,1.552209932030403e-30,0.0,-0.03334980043422904
532.12,-0.04994689658314258,1.552209932030403e-30,0.0,0.02051424148192314
532.16,-0.05195988039539307,1.552209932030403e-30,0.0,-0.05032459530630803
532.18,-0.05178015759265461,1.552209932030403e-30,0.0,0.00898614013693108
532.22,-0.050969640873756536,1.552209932030403e-30,0.0,0.020262917972412798
532.24,-0.05129860632098728,1.552209932030403e-30,0.0,-0.01644827236155227
532.28,-0.05158264258225773,1.552209932030403e-30,0.0,-0.007100906531767774
532.32,-0.05123741806542378,1.552209932030403e-30,0.0,0.008630612920832247
532.34,-0.05052625317967577,1.552209932030403e-30,0.0,0.035558244287432886
532.38,-0.05000213774621835,1.552209932030403e-30,0.0,0.013102885836447198
532.4,-0.049083895295146014,1.552209932030403e-30,0.0,0.04591212255365879
532.44,-0.04947942268860491,1.552209932030403e-30,0.0,-0.009888184836453328
532.48,-0.05167579306464318,1.552209932030403e-30,0.0,-0.054909259401006556
532.5,-0.05238433588280419,1.552209932030403e-30,0.0,-0.03542714090808284
532.54,-0.053111522663169784,1.552209932030403e-30,0.0,-0.018179669509156504
532.58,-0.05257301999354497,1.552209932030403e-30,0.0,0.013462566740594461
532.6,-0.05277689597039958,1.552209932030403e-30,0.0,-0.010193798842739835
532.64,-0.0537504031734356,1.552209932030403e-30,0.0,-0.02433768007592282
532.66,-0.05370799216383512,1.552209932030403e-30,0.0,0.0021205504800258282
532.7,-0.05346663175884215,1.552209932030403e-30,0.0,0.006034010124812687
532.74,-0.053492457919394006,1.552209932030403e-30,0.0,-0.0006456540137969452
532.76,-0.054126632724110516,1.552209932030403e-30,0.0,-0.03170874023585445
532.8,-0.0539644738181419,1.552209932030403e-30,0.0,0.004053972649219142
532.84,-0.05305875595671189,1.552209932030403e-30,0.0,0.02264294653570655
532.86,-0.05325800257130007,1.552209932030403e-30,0.0,-0.009962330729418002
532.9,-0.05373492135922044,1.552209932030403e-30,0.0,-0.011922969698020187
532.94,-0.054099351153803064,1.552209932030403e-30,0.0,-0.009110744864547849
532.96,-0.05392451957408624,1.552209932030403e-30,0.0,0.008741578985849093
533.0,-0.05417247668783625,1.552209932030403e-30,0.0,-0.006198927843755859
533.04,-0.053236347239068386,1.552209932030403e-30,0.0,0.02340323621921788
533.06,-0.05329681432963438,1.552209932030403e-30,0.0,-0.0030233545283024606
533.1,-0.05311269830109511,1.552209932030403e-30,0.0,0.004602900713472892
533.14,-0.052898441660401106,1.552209932030403e-30,0.0,0.0053564160173548685
533.16,-0.053198398369936326,1.552209932030403e-30,0.0,-0.014997835476774477
533.2,-0.05332680985626285,1.552209932030403e-30,0.0,-0.0032102871581568848
533.24,-0.05295067012620094,1.552209932030403e-30,0.0,0.009403493251556322
533.26,-0.05320438697172792,1.552209932030403e-30,0.0,-0.01268584227636066
533.3,-0.05421879511557959,1.552209932030403e-30,0.0,-0.02536020359631476
533.34,-0.05342003135697785,1.552209932030403e-30,0.0,0.019969093965004927
533.36,-0.05291754221324346,1.552209932030403e-30,0.0,0.025124457186742066
533.4,-0.05341933763197868,1.552209932030403e-30,0.0,-0.012544885468391909
533.44,-0.05380499997130723,1.552209932030403e-30,0.0,-0.009641558483194965
533.46,-0.05370556534054198,1.552209932030403e-30,0.0,0.004971731538267014
533.5,-0.05278041695176286,1.552209932030403e-30,0.0,0.023128709719499034
533.54,-0.053786808939599376,1.552209932030403e-30,0.0,-0.025159799695935813
533.56,-0.05359033400061297,1.552209932030403e-30,0.0,0.009823746949329071
533.6,-0.05363137086772712,1.552209932030403e-30,0.0,-0.0010259216778516467
533.64,-0.054210656310634535,1.552209932030403e-30,0.0,-0.014482136072698569
533.66,-0.05336924319693731,1.552209932030403e-30,0.0,0.04207065568489945
533.7,-0.05340293779761948,1.552209932030403e-30,0.0,-0.000842365017052668
533.72,-0.05235511013233015,1.552209932030403e-30,0.0,0.052391383264514195
533.76,-0.052204491357857874,1.552209932030403e-30,0.0,0.003765469361810399
533.8,-0.0527960103011496,1.552209932030403e-30,0.0,-0.014787973582306583
533.82,-0.05275763628140759,1.552209932030403e-30,0.0,0.0019187009870916742
533.86,-0.05307255170879773,1.552209932030403e-30,0.0,-0.007872885684760658
533.9,-0.05237588948252373,1.552209932030403e-30,0.0,0.01741655565686577
533.92,-0.052784909447067915,1.552209932030403e-30,0.0,-0.020450998227227672
533.96,-0.05241579093142659,1.552209932030403e-30,0.0,0.009227962891015197
534.0,-0.05325757506921587,1.552209932030403e-30,0.0,-0.02104460344475109
534.02,-0.05327549538135685,1.552209932030403e-30,0.0,-0.0008960156070496626
534.06,-0.053328924049196744,1.552209932030403e-30,0.0,-0.0013357166959986082
534.1,-0.054713679723488506,1.552209932030403e-30,0.0,-0.03461889185722724
534.12,-0.05481902341501431,1.552209932030403e-30,0.0,-0.005267184576295087
534.16,-0.05511851656523476,1.552209932030403e-30,0.0,-0.007487328755518192
534.18,-0.05498736448631937,1.552209932030403e-30,0.0,0.0065576039457753785
534.22,-0.05531111680164875,1.552209932030403e-30,0.0,-0.00809380788321875
534.26,-0.05481638437165044,1.552209932030403e-30,0.0,0.012368310749968926
534.3,-0.05496072698621043,1.552209932030403e-30,0.0,-0.003608565364002854
534.32,-0.05393080465341781,1.552209932030403e-30,0.0,0.05149611663938493
534.36,-0.05510598357809702,1.552209932030403e-30,0.0,-0.029379473117006887
534.4,-0.055045281797523514,1.552209932030403e-30,0.0,0.0015175445143390095
534.42,-0.05506172225142045,1.552209932030403e-30,0.0,-0.0008220226948472957
534.46,-0.056385772089441996,1.552209932030403e-30,0.0,-0.03310124595047466
534.5,-0.05681072748465028,1.552209932030403e-30,0.0,-0.01062388488021662
534.52,-0.05627279929328351,1.552209932030403e-30,0.0,0.02689640956836294
534.56,-0.05721569249474029,1.552209932030403e-30,0.0,-0.023572330036440985
534.58,-0.057505143635501056,1.552209932030403e-30,0.0,-0.014472557037969378
534.62,-0.057276491310861585,1.552209932030403e-30,0.0,0.005716308115991972
534.66,-0.05680675478016194,1.552209932030403e-30,0.0,0.011743413267501722
534.68,-0.05668997187858026,1.552209932030403e-30,0.0,0.005839145079089406
534.72,-0.05745824340736857,1.552209932030403e-30,0.0,-0.01920678821967054
534.76,-0.05580202853266511,1.552209932030403e-30,0.0,0.04140537186762409
534.78,-0.055392701082720014,1.552209932030403e-30,0.0,0.02046637249727336
534.82,-0.05515166069410411,1.552209932030403e-30,0.0,0.006026009715385926
534.86,-0.056689630941069616,1.552209932030403e-30,0.0,-0.038449256174172594
534.88,-0.0567699153187364,1.552209932030403e-30,0.0,-0.004014218883342999
534.92,-0.05672704743551202,1.552209932030403e-30,0.0,0.0010716970806106585
534.94,-0.0573064834093865,1.552209932030403e-30,0.0,-0.02897179869358593
534.98,-0.05648628513697975,1.552209932030403e-30,0.0,0.020504956810187425
535.02,-0.056545600120243934,1.552209932030403e-30,0.0,-0.0014828745816059265
535.04,-0.05592772095845059,1.552209932030403e-30,0.0,0.03089395808969527
535.08,-0.0553632697512028,1.552209932030403e-30,0.0,0.014111280181167456
535.12,-0.05601572941335837,1.552209932030403e-30,0.0,-0.016311491553904017
535.14,-0.056011752545973396,1.552209932030403e-30,0.0,0.00019884336924871047
535.18,-0.05539657529144202,1.552209932030403e-30,0.0,0.015379431363298463
535.2,-0.054782835591722055,1.552209932030403e-30,0.0,0.030686984985851762
535.24,-0.055699720208300614,1.552209932030403e-30,0.0,-0.022922115414484835
535.28,-0.05424167292403524,1.552209932030403e-30,0.0,0.036451182106667514
535.3,-0.05425815275666408,1.552209932030403e-30,0.0,-0.0008239916314426287
535.34,-0.05446420486125009,1.552209932030403e-30,0.0,-0.005151302614640105
535.38,-0.05485961960010102,1.552209932030403e-30,0.0,-0.009885368471282456
535.4,-0.054382768592929155,1.552209932030403e-30,0.0,0.0238425503586152
535.44,-0.05366996695194287,1.552209932030403e-30,0.0,0.017820041024622653
535.48,-0.05260975779552405,1.552209932030403e-30,0.0,0.026505228910494626
535.52,-0.05286911665105067,1.552209932030403e-30,0.0,-0.006483971388171539
535.54,-0.05328124481700679,1.552209932030403e-30,0.0,-0.02060640829782456
535.58,-0.05362191585170415,1.552209932030403e-30,0.0,-0.008516775867417564
535.62,-0.05355829456349523,1.552209932030403e-30,0.0,0.0015905322052244284
535.64,-0.05260579467603813,1.552209932030403e-30,0.0,0.04762499437289809
535.68,-0.05277743384096054,1.552209932030403e-30,0.0,-0.004290979123064107
535.72,-0.05253684055482542,1.552209932030403e-30,0.0,0.006014832153366411
535.74,-0.05222415587156584,1.552209932030403e-30,0.0,0.015634234162993317
535.78,-0.052337936234839955,1.552209932030403e-30,0.0,-0.0028445090818553565
535.82,-0.05290530080251062,1.552209932030403e-30,0.0,-0.014184114191739235
535.86,-0.0536508097811414,1.552209932030403e-30,0.0,-0.018637724465786466
535.88,-0.05403258248258769,1.552209932030403e-30,0.0,-0.019088635072331644
535.92,-0.053754248924130686,1.552209932030403e-30,0.0,0.006958338961431376
535.94,-0.053372317749636335,1.552209932030403e-30,0.0,0.019096558724626247
535.98,-0.05288653317078458,1.552209932030403e-30,0.0,0.012144614471304938
536.02,-0.0533159557525855,1.552209932030403e-30,0.0,-0.010735564545032718
536.04,-0.05317392094639061,1.552209932030403e-30,0.0,0.007101740309750741
536.08,-0.05394339425507824,1.552209932030403e-30,0.0,-0.019236832717153558
536.12,-0.054061462808103006,1.552209932030403e-30,0.0,-0.002951713825621792
536.14,-0.054229258410316054,1.552209932030403e-30,0.0,-0.008389780110660015
536.18,-0.055455453287737204,1.552209932030403e-30,0.0,-0.03065487193555662
536.22,-0.054929179963730694,1.552209932030403e-30,0.0,0.013156833100137306
536.24,-0.05456467721564661,1.552209932030403e-30,0.0,0.018225137404220756
536.28,-0.05534447574027004,1.552209932030403e-30,0.0,-0.019494963115603354
536.3,-0.05575194703693042,1.552209932030403e-30,0.0,-0.020373564833037646
536.34,-0.05630327606041209,1.552209932030403e-30,0.0,-0.013783225587015073
536.38,-0.05544836884072388,1.552209932030403e-30,0.0,0.021372680492224853
536.4,-0.055894233800149344,1.552209932030403e-30,0.0,-0.02229324797129376
536.44,-0.05686864925541752,1.552209932030403e-30,0.0,-0.024360386381657287
536.48,-0.05661245169347245,1.552209932030403e-30,0.0,0.0064049390486327264
536.5,-0.0567270591134218,1.552209932030403e-30,0.0,-0.005730370997472886
536.54,-0.057070389299783794,1.552209932030403e-30,0.0,-0.00858325465905755
536.58,-0.05740493163328676,1.552209932030403e-30,0.0,-0.008363558337558037
536.6,-0.05729323990104114,1.552209932030403e-30,0.0,0.005584586612286264
536.64,-0.057292575670609934,1.552209932030403e-30,0.0,1.6605760780091036e-05
536.66,-0.05723363325525989,1.552209932030403e-30,0.0,0.0029471207675050466
536.7,-0.05638279552652103,1.552209932030403e-30,0.0,0.021270943218430403
536.74,-0.055315952861408134,1.552209932030403e-30,0.0,0.026671066627846556
536.76,-0.05539773111716947,1.552209932030403e-30,0.0,-0.00408891278807028
536.8,-0.055663385372979594,1.552209932030403e-30,0.0,-0.006641356395259188
536.84,-0.05614748654566372,1.552209932030403e-30,0.0,-0.01210252931707973
536.88,-0.05640425551590736,1.552209932030403e-30,0.0,-0.0064192242560968905
536.9,-0.05647020568064937,1.552209932030403e-30,0.0,-0.003297508237103701
536.94,-0.05642424790859911,1.552209932030403e-30,0.0,0.0011489443012543121
536.98,-0.05662305482377857,1.552209932030403e-30,0.0,-0.004970172879491071
537.0,-0.05694525300711067,1.552209932030403e-30,0.0,-0.016109909166619293
537.04,-0.05769583770638874,1.552209932030403e-30,0.0,-0.01876461748196886
537.08,-0.05734147409524543,1.552209932030403e-30,0.0,0.008859090278565535
537.1,-0.05815073096736258,1.552209932030403e-30,0.0,-0.040462843605893986
537.14,-0.05880274572993346,1.552209932030403e-30,0.0,-0.016300369064286814
537.18,-0.058883696323615724,1.552209932030403e-30,0.0,-0.0020237648420585314
537.2,-0.05881695709327567,1.552209932030403e-30,0.0,0.0033369615169867102
537.24,-0.058749645905540916,1.552209932030403e-30,0.0,0.0016827796933702986
537.28,-0.05901859100157283,1.552209932030403e-30,0.0,-0.006723627400803935
537.3,-0.05920396811346983,1.552209932030403e-30,0.0,-0.00926885559485871
537.34,-0.0602662235101089,1.552209932030403e-30,0.0,-0.0265563849159253
537.38,-0.059552452863421125,1.552209932030403e-30,0.0,0.017844266167210625
537.4,-0.059176052813575096,1.552209932030403e-30,0.0,0.018820002492318588
537.44,-0.058777485796883536,1.552209932030403e-30,0.0,0.009964175417269698
537.48,-0.05818387146132192,1.552209932030403e-30,0.0,0.014840358389053784
537.5,-0.057880288487252456,1.552209932030403e-30,0.0,0.01517914870348721
537.54,-0.055853497478284796,1.552209932030403e-30,0.0,0.05066977522423761
537.58,-0.05603593105571286,1.552209932030403e-30,0.0,-0.004560839435692914
537.6,-0.05638992626710331,1.552209932030403e-30,0.0,-0.01769976056953844
537.64,-0.05610131334788824,1.552209932030403e-30,0.0,0.007215322980383327
537.68,-0.05545392093102042,1.552209932030403e-30,0.0,0.016184810421710213
537.72,-0.054164696972767254,1.552209932030403e-30,0.0,0.03223059895626686
537.74,-0.05405884946717755,1.552209932030403e-30,0.0,0.005292375279490009
537.78,-0.052730392424859156,1.552209932030403e-30,0.0,0.03321142605799009
537.82,-0.052382430500427644,1.552209932030403e-30,0.0,0.008699048110770989
537.84,-0.05241117837981157,1.552209932030403e-30,0.0,-0.001437393969197257
537.88,-0.05315708402923669,1.552209932030403e-30,0.0,-0.01864764123564508
537.92,-0.05337010884792785,1.552209932030403e-30,0.0,-0.005325620467283873
537.94,-0.053280898459813354,1.552209932030403e-30,0.0,0.004460519405703439
537.98,-0.05145662704336944,1.552209932030403e-30,0.0,0.04560678541113934
538.02,-0.051733530218784615,1.552209932030403e-30,0.0,-0.00692257938538569
538.06,-0.051661532304953475,1.552209932030403e-30,0.0,0.0017999478457802157
538.08,-0.05200216309226258,1.552209932030403e-30,0.0,-0.017031539365373712
538.12,-0.051943834174307854,1.552209932030403e-30,0.0,0.0014582229488693877
538.16,-0.051588055728639955,1.552209932030403e-30,0.0,0.008894461141705496
538.18,-0.05165437539606728,1.552209932030403e-30,0.0,-0.0033159833713692194
538.22,-0.05040279885388774,1.552209932030403e-30,0.0,0.03128941355442803
538.26,-0.05152495322819201,1.552209932030403e-30,0.0,-0.028053859357632327
538.28,-0.05136952624345518,1.552209932030403e-30,0.0,0.007771349236848653
538.32,-0.05101190727574063,1.552209932030403e-30,0.0,0.008940474192846486
538.36,-0.05018675476840677,1.552209932030403e-30,0.0,0.0206288126833652
538.4,-0.049920552699084346,1.552209932030403e-30,0.0,0.006655051733066614
538.44,-0.05023667192863439,1.552209932030403e-30,0.0,-0.007902980738735766
538.46,-0.05078685201970439,1.552209932030403e-30,0.0,-0.027509004553525212
538.5,-0.049885484974900966,1.552209932030403e-30,0.0,0.022534176120106192
538.54,-0.050372260867363065,1.552209932030403e-30,0.0,-0.012169397311563484
538.56,-0.05033521316623745,1.552209932030403e-30,0.0,0.0018523850562823117
538.6,-0.05180766315680538,1.552209932030403e-30,0.0,-0.036811249764127044
538.64,-0.05264700482362456,1.552209932030403e-30,0.0,-0.02098354167049866
538.66,-0.05196154794644913,1.552209932030403e-30,0.0,0.034272843858802554
538.7,-0.05248515452125821,1.552209932030403e-30,0.0,-0.013090164370201605
538.74,-0.05456113898796603,1.552209932030403e-30,0.0,-0.051899611667742755
538.78,-0.05559815769399914,1.552209932030403e-30,0.0,-0.025925467650851266
538.8,-0.05566897549141766,1.552209932030403e-30,0.0,-0.0035408898709291025
538.84,-0.05467487812224209,1.552209932030403e-30,0.0,0.024852434229341212
538.88,-0.05537803229460076,1.552209932030403e-30,0.0,-0.01757885430898285
538.9,-0.05588579895263569,1.552209932030403e-30,0.0,-0.025388332901769547
538.94,-0.05687629634959699,1.552209932030403e-30,0.0,-0.024762434923984538
538.98,-0.05665572817519354,1.552209932030403e-30,0.0,0.005514204360091155
539.02,-0.056329405804350564,1.552209932030403e-30,0.0,0.008158059271081944
539.04,-0.056089594766674834,1.552209932030403e-30,0.0,0.011990551883797374
539.08,-0.056739006167646655,1.552209932030403e-30,0.0,-0.016235285024264218
539.12,-0.055873352239303016,1.552209932030403e-30,0.0,0.021641348208610686
539.14,-0.05576054647090968,1.552209932030403e-30,0.0,0.005640288419671866
539.18,-0.05532404490531703,1.552209932030403e-30,0.0,0.01091253913982615
539.22,-0.05581376649661768,1.552209932030403e-30,0.0,-0.012243039782492571
539.24,-0.05589334304863155,1.552209932030403e-30,0.0,-0.003978827600697056
539.28,-0.056473744131390335,1.552209932030403e-30,0.0,-0.014510027068982956
539.32,-0.056871679045448965,1.552209932030403e-30,0.0,-0.009948372851446485
539.36,-0.056286519988133166,1.552209932030403e-30,0.0,0.014628976432908232
539.38,-0.0565435465076504,1.552209932030403e-30,0.0,-0.0128513259758734
539.42,-0.05691137315120298,1.552209932030403e-30,0.0,-0.009195666088822878
539.46,-0.056999227427721955,1.552209932030403e-30,0.0,-0.0021963569129701526
539.5,-0.05688968425911688,1.552209932030403e-30,0.0,0.002738579215129388
539.52,-0.05710499588756325,1.552209932030403e-30,0.0,-0.010765581422328472
539.56,-0.05624208425863237,1.552209932030403e-30,0.0,0.021572790723291563
539.6,-0.05597507031640073,1.552209932030403e-30,0.0,0.006675348555778268
539.62,-0.05669278939826395,1.552209932030403e-30,0.0,-0.035885954093193895
539.66,-0.05727019937685762,1.552209932030403e-30,0.0,-0.014435249464854916
539.7,-0.058280474421318465,1.552209932030403e-30,0.0,-0.0252568761114722
539.74,-0.05933279073324117,1.552209932030403e-30,0.0,-0.02630790779809153
539.76,-0.05934235515202539,1.552209932030403e-30,0.0,-0.0004782209392113196
539.8,-0.05947795756095801,1.552209932030403e-30,0.0,-0.0033900602233184014
539.84,-0.05825283426018377,1.552209932030403e-30,0.0,0.030628082519296822
539.88,-0.057202887547480485,1.552209932030403e-30,0.0,0.0262486678176059
539.9,-0.05696660489894108,1.552209932030403e-30,0.0,0.011814132426980942
539.94,-0.05717948335367663,1.552209932030403e-30,0.0,-0.005321961368378611
539.98,-0.05785020401536747,1.552209932030403e-30,0.0,-0.016768016542286084
540.02,-0.05796085844762188,1.552209932030403e-30,0.0,-0.0027663608063629355
540.04,-0.05789328494781405,1.552209932030403e-30,0.0,0.0033786749903945063
540.08,-0.05924041109133367,1.552209932030403e-30,0.0,-0.03367815358792536
540.12,-0.0593430375381309,1.552209932030403e-30,0.0,-0.002565661169933096
540.14,-0.05963890815725539,1.552209932030403e-30,0.0,-0.01479353095623774
540.18,-0.06087293302505775,1.552209932030403e-30,0.0,-0.03085062169508725
540.22,-0.060052876213051276,1.552209932030403e-30,0.0,0.020501420300122256
540.26,-0.060514558730216626,1.552209932030403e-30,0.0,-0.011542062929144182
540.28,-0.06003618710068365,1.552209932030403e-30,0.0,0.02391858147667079
540.32,-0.0588896326152301,1.552209932030403e-30,0.0,0.02866386213628326
540.36,-0.0589562999249535,1.552209932030403e-30,0.0,-0.001666682743086542
540.4,-0.05858939774794682,1.552209932030403e-30,0.0,0.009172554425175332
540.42,-0.05871440011773217,1.552209932030403e-30,0.0,-0.006250118489273468
540.46,-0.05863029936421736,1.552209932030403e-30,0.0,0.002102518837866139
540.5,-0.058924507647350376,1.552209932030403e-30,0.0,-0.00735520707833206
540.52,-0.05862548547994555,1.552209932030403e-30,0.0,0.01495110837025497
540.56,-0.05860880167417332,1.552209932030403e-30,0.0,0.00041709514430598885
540.6,-0.0590583890728891,1.552209932030403e-30,0.0,-0.011239684967872777
540.62,-0.058822103903401236,1.552209932030403e-30,0.0,0.011814258474404024
540.66,-0.05762615986315811,1.552209932030403e-30,0.0,0.0298986010061053
540.7,-0.05817595552038509,1.552209932030403e-30,0.0,-0.013744891430647995
540.74,-0.05689535393062857,1.552209932030403e-30,0.0,0.03201503974394212
540.76,-0.05677317241778332,1.552209932030403e-30,0.0,0.006109075642267999
540.8,-0.05675385563275724,1.552209932030403e-30,0.0,0.00048291962565234217
540.84,-0.05643383030927448,1.552209932030403e-30,0.0,0.00800063308705366
540.88,-0.0550709044085576,1.552209932030403e-30,0.0,0.03407314751795287
540.9,-0.05538219022749111,1.552209932030403e-30,0.0,-0.015564290946689334
540.94,-0.055332132541822204,1.552209932030403e-30,0.0,0.001251442141720118
540.98,-0.0555802296188078,1.552209932030403e-30,0.0,-0.006202426924645511
541.0,-0.05523886965499145,1.552209932030403e-30,0.0,0.017067998190832642
541.04,-0.05663983663135396,1.552209932030403e-30,0.0,-0.03502417440909455
541.08,-0.057126484526784295,1.552209932030403e-30,0.0,-0.012166197385734871
541.12,-0.057520127099439,1.552209932030403e-30,0.0,-0.009841064316376697
541.14,-0.05798496848854704,1.552209932030403e-30,0.0,-0.023242069455423207
541.18,-0.05818407884908051,1.552209932030403e-30,0.0,-0.004977759013341142
541.22,-0.05760064317909221,1.552209932030403e-30,0.0,0.014585891749679112
541.24,-0.0566656972337367,1.552209932030403e-30,0.0,0.04674729726781835
541.28,-0.05571536232501823,1.552209932030403e-30,0.0,0.023758372717983322
541.32,-0.055177342759457855,1.552209932030403e-30,0.0,0.013450489138983435
541.36,-0.055366806740771185,1.552209932030403e-30,0.0,-0.00473659953283763
541.38,-0.05517065476813331,1.552209932030403e-30,0.0,0.009807598631902672
541.42,-0.05534336378723286,1.552209932030403e-30,0.0,-0.004317725477492644
541.46,-0.05557516040030503,1.552209932030403e-30,0.0,-0.005794915326792998
541.48,-0.056199202761644994,1.552209932030403e-30,0.0,-0.031202118067026482
541.52,-0.05447304854042329,1.552209932030403e-30,0.0,0.04315385553058186
541.56,-0.05455511508501056,1.552209932030403e-30,0.0,-0.0020516636146836824
541.6,-0.05465512078500342,1.552209932030403e-30,0.0,-0.0025001424998165878
541.62,-0.05523556695752911,1.552209932030403e-30,0.0,-0.029022308626311177
541.66,-0.05630178229533967,1.552209932030403e-30,0.0,-0.02665538344528819
541.7,-0.055751876066277614,1.552209932030403e-30,0.0,0.013747655726524846
541.74,-0.055413875882392875,1.552209932030403e-30,0.0,0.008450004597126207
541.76,-0.055735691960564306,1.552209932030403e-30,0.0,-0.016090803908586228
541.8,-0.05617311685245163,1.552209932030403e-30,0.0,-0.010935622297193104
541.84,-0.05565809288875141,1.552209932030403e-30,0.0,0.0128755990924806
541.86,-0.055896103937116866,1.552209932030403e-30,0.0,-0.01190055241828345
541.9,-0.057752172176975085,1.552209932030403e-30,0.0,-0.04640170599649775
541.94,-0.05919029236217252,1.552209932030403e-30,0.0,-0.03595300462986636
541.98,-0.05991873477999817,1.552209932030403e-30,0.0,-0.0182110604456578
542.0,-0.06033466982401579,1.552209932030403e-30,0.0,-0.02079675220089971
542.04,-0.06095937034649443,1.552209932030403e-30,0.0,-0.015617513061980262
542.08,-0.06077252492857794,1.552209932030403e-30,0.0,0.004671135447903301
542.1,-0.060662041511305415,1.552209932030403e-30,0.0,0.005524170863631272
542.14,-0.05888132518151273,1.552209932030403e-30,0.0,0.04451790824485766
542.18,-0.057757145750101546,1.552209932030403e-30,0.0,0.02810448578530503
542.22,-0.05829086089460174,1.552209932030403e-30,0.0,-0.013342878612479077
542.24,-0.05785973957300849,1.552209932030403e-30,0.0,0.021556066079682298
542.28,-0.05680754125966534,1.552209932030403e-30,0.0,0.026304957833602673
542.32,-0.056607621713834655,1.552209932030403e-30,0.0,0.004997988645757419
542.34,-0.0568565282215143,1.552209932030403e-30,0.0,-0.012445325383993634
542.38,-0.054306800585907165,1.552209932030403e-30,0.0,0.0637431908902365
542.42,-0.05444772417279418,1.552209932030403e-30,0.0,-0.0035230896721784436
542.46,-0.053799782001651454,1.552209932030403e-30,0.0,0.01619855427853679
542.48,-0.0539193400738582,1.552209932030403e-30,0.0,-0.005977903610342658
542.52,-0.05444163140224624,1.552209932030403e-30,0.0,-0.013057283209712906
542.56,-0.054116600148529884,1.552209932030403e-30,0.0,0.008125781342916362
542.6,-0.054650211959537044,1.552209932030403e-30,0.0,-0.013340295275153149
542.62,-0.054090197454230306,1.552209932030403e-30,0.0,0.02800072526536228
542.66,-0.053378787652103236,1.552209932030403e-30,0.0,0.017785245053192837
542.7,-0.05302865544365195,1.552209932030403e-30,0.0,0.00875330521126528
542.72,-0.05277801960377821,1.552209932030403e-30,0.0,0.012531791993698239
542.76,-0.05375891789035041,1.552209932030403e-30,0.0,-0.024522457164327247
542.8,-0.055551993723149624,1.552209932030403e-30,0.0,-0.04482689582002115
542.84,-0.05600332932051836,1.552209932030403e-30,0.0,-0.01128338993419661
542.86,-0.05482681372015677,1.552209932030403e-30,0.0,0.05882578001813291
542.9,-0.0559038998429283,1.552209932030403e-30,0.0,-0.026927153069312586
542.94,-0.05638751089173409,1.552209932030403e-30,0.0,-0.012090276220121524
542.98,-0.05722650915001024,1.552209932030403e-30,0.0,-0.020974956456922815
543.0,-0.0571698941732837,1.552209932030403e-30,0.0,0.0028307488363296376
543.04,-0.05734490425774068,1.552209932030403e-30,0.0,-0.0043752521114285466
543.08,-0.05666329862053292,1.552209932030403e-30,0.0,0.017040140930161127
543.12,-0.057077877017022376,1.552209932030403e-30,0.0,-0.010364459912245853
543.14,-0.05706473950697902,1.552209932030403e-30,0.0,0.000656875502168639
543.18,-0.05725045587180316,1.552209932030403e-30,0.0,-0.004642909120607883
543.22,-0.057375606507527904,1.552209932030403e-30,0.0,-0.0031287658931124667
543.24,-0.0575388340877636,1.552209932030403e-30,0.0,-0.008161379011792296
543.28,-0.057346579239106084,1.552209932030403e-30,0.0,0.004806371216442225
543.32,-0.057199491178471215,1.552209932030403e-30,0.0,0.0036772015158645973
543.36,-0.05701228501793928,1.552209932030403e-30,0.0,0.004680154013302718
543.38,-0.05692007074877464,1.552209932030403e-30,0.0,0.004610713458236067
543.42,-0.05650515877284868,1.552209932030403e-30,0.0,0.010372799398158564
543.46,-0.057069336641356064,1.552209932030403e-30,0.0,-0.014104446712657377
543.5,-0.0575996253177909,1.552209932030403e-30,0.0,-0.013257216910883008
543.52,-0.056982321658416324,1.552209932030403e-30,0.0,0.030865182968757014
543.56,-0.05689949061603519,1.552209932030403e-30,0.0,0.002070776059530229
543.6,-0.055561328520328614,1.552209932030403e-30,0.0,0.03345405239259975
543.62,-0.0557172998193874,1.552209932030403e-30,0.0,-0.007798564952946583
543.66,-0.056951969455976095,1.552209932030403e-30,0.0,-0.030866740914745356
543.7,-0.057799409126041014,1.552209932030403e-30,0.0,-0.021185991751582086
543.74,-0.05866964042252457,1.552209932030403e-30,0.0,-0.021755782412108796
543.76,-0.05901312348999465,1.552209932030403e-30,0.0,-0.017174153373519425
543.8,-0.05994650386082553,1.552209932030403e-30,0.0,-0.023334509270793093
543.84,-0.05965633424815863,1.552209932030403e-30,0.0,0.007254240316658378
543.88,-0.05942162866482907,1.552209932030403e-30,0.0,0.005867639583244413
543.9,-0.05932687128494172,1.552209932030403e-30,0.0,0.004737868994371866
543.94,-0.058596814644424434,1.552209932030403e-30,0.0,0.018251416012896867
543.98,-0.05975341861610523,1.552209932030403e-30,0.0,-0.028915099292046286
544.02,-0.06035435210543421,1.552209932030403e-30,0.0,-0.015023337233238185
544.04,-0.0603205005710845,1.552209932030403e-30,0.0,0.0016925767174870783
544.08,-0.06020864521339103,1.552209932030403e-30,0.0,0.002796383942331224
544.12,-0.060865808847118064,1.552209932030403e-30,0.0,-0.016429090843190705
544.16,-0.060336892735839066,1.552209932030403e-30,0.0,0.013222902781986946
544.18,-0.060238444799463324,1.552209932030403e-30,0.0,0.004922396818791556
544.22,-0.059457539084252664,1.552209932030403e-30,0.0,0.019522642880228813
544.26,-0.059086163459358014,1.552209932030403e-30,0.0,0.009284390622374657
544.3,-0.05927847861599882,1.552209932030403e-30,0.0,-0.004807878916024396
544.34,-0.058206049759236995,1.552209932030403e-30,0.0,0.02681072141899372
544.36,-0.0589766928832597,1.552209932030403e-30,0.0,-0.03853215620117008
544.4,-0.060011743584140964,1.552209932030403e-30,0.0,-0.02587626752205522
544.44,-0.06056393735336666,1.552209932030403e-30,0.0,-0.013804844230615721
544.48,-0.059406778474518133,1.552209932030403e-30,0.0,0.028928971971239493
544.5,-0.059736218639868326,1.552209932030403e-30,0.0,-0.016472008267524645
544.54,-0.05987904824288149,1.552209932030403e-30,0.0,-0.0035707400753322693
544.58,-0.059621025048937765,1.552209932030403e-30,0.0,0.006450579848580646
544.62,-0.05987989141211434,1.552209932030403e-30,0.0,-0.006471659079420354
544.64,-0.06081654742091235,1.552209932030403e-30,0.0,-0.04683280043994311
544.68,-0.06248762958076165,1.552209932030403e-30,0.0,-0.04177705399627045
544.72,-0.06288848034114931,1.552209932030403e-30,0.0,-0.010021269009672177
544.76,-0.06399486788692457,1.552209932030403e-30,0.0,-0.02765968864440669
544.78,-0.06386250441922467,1.552209932030403e-30,0.0,0.006618173385001154
544.82,-0.06415978337830694,1.552209932030403e-30,0.0,-0.0074319739770424675
544.86,-0.06519613901045122,1.552209932030403e-30,0.0,-0.0259088908036305
544.88,-0.06457600719593123,1.552209932030403e-30,0.0,0.031006590726027978
544.92,-0.06428837421681266,1.552209932030403e-30,0.0,0.007190824477971042
544.96,-0.0648730888060271,1.552209932030403e-30,0.0,-0.014617864730332868
545.0,-0.06348641668075009,1.552209932030403e-30,0.0,0.034666803131956796
545.02,-0.06352989568254376,1.552209932030403e-30,0.0,-0.002173950089685899
545.06,-0.06442825532995441,1.552209932030403e-30,0.0,-0.022458991185286662
545.1,-0.06517396255253508,1.552209932030403e-30,0.0,-0.018642680564480433
545.14,-0.06621511963206954,1.552209932030403e-30,0.0,-0.02602892698838521
545.16,-0.06637273238708039,1.552209932030403e-30,0.0,-0.007880637750549514
545.2,-0.06702187008778769,1.552209932030403e-30,0.0,-0.01622844251765126
545.24,-0.06851307211365819,1.552209932030403e-30,0.0,-0.03728005064679632
545.28,-0.06751547255174271,1.552209932030403e-30,0.0,0.024939989047909568
545.3,-0.06704519105339869,1.552209932030403e-30,0.0,0.02351407491722216
545.34,-0.06922188338602517,1.552209932030403e-30,0.0,-0.05441730831555682
545.38,-0.06858701801580051,1.552209932030403e-30,0.0,0.01587163425563071
545.4,-0.06802023045486738,1.552209932030403e-30,0.0,0.02833937804668264
545.44,-0.06661351215061824,1.552209932030403e-30,0.0,0.035167957606160434
545.48,-0.06786517637946467,1.552209932030403e-30,0.0,-0.03129160572118904
545.52,-0.06895406592112538,1.552209932030403e-30,0.0,-0.0272222385415425
545.54,-0.06855799123911867,1.552209932030403e-30,0.0,0.019803734100353878
545.58,-0.06771068901767259,1.552209932030403e-30,0.0,0.021182555536110873
545.62,-0.06830970122763969,1.552209932030403e-30,0.0,-0.01497530524919113
545.66,-0.06899930375974743,1.552209932030403e-30,0.0,-0.01724006330270918
545.7,-0.0694993653124647,1.552209932030403e-30,0.0,-0.012501538817907545
545.72,-0.06995375701020214,1.552209932030403e-30,0.0,-0.022719584886892467
545.76,-0.06899108265129877,1.552209932030403e-30,0.0,0.024066858972605826
545.8,-0.07002269280008565,1.552209932030403e-30,0.0,-0.025790253719695323
545.84,-0.06917959600566197,1.552209932030403e-30,0.0,0.02107741986055131
545.86,-0.06909745008318703,1.552209932030403e-30,0.0,0.0041072961237503345
545.9,-0.0686181367799742,1.552209932030403e-30,0.0,0.011982832580331662
545.94,-0.06903931662732089,1.552209932030403e-30,0.0,-0.010529496183646838
545.98,-0.07057349668733871,1.552209932030403e-30,0.0,-0.03835450150048036
546.0,-0.070786332071143,1.552209932030403e-30,0.0,-0.010641769190223988
546.04,-0.07057900013856865,1.552209932030403e-30,0.0,0.005183298314363465
546.08,-0.07155013785360496,1.552209932030403e-30,0.0,-0.024278442875861065
546.12,-0.0729642201278141,1.552209932030403e-30,0.0,-0.035352056855260786
546.14,-0.07303054904870156,1.552209932030403e-30,0.0,-0.0033164460443754016
546.18,-0.07206932400323816,1.552209932030403e-30,0.0,0.024030626136606732
546.22,-0.07142263917762132,1.552209932030403e-30,0.0,0.01616712064038983
546.26,-0.07168520834689039,1.552209932030403e-30,0.0,-0.0065642292317328625
546.28,-0.07167418698088036,1.552209932030403e-30,0.0,0.0005510683005020079
546.32,-0.06995826518937154,1.552209932030403e-30,0.0,0.04289804478763763
546.36,-0.07144489349223355,1.552209932030403e-30,0.0,-0.03716570757158423
546.4,-0.07173537164167972,1.552209932030403e-30,0.0,-0.007261953736160569
546.42,-0.07123099488621674,1.552209932030403e-30,0.0,0.025218837773171316
546.46,-0.0724103305740262,1.552209932030403e-30,0.0,-0.029483392195179387
546.5,-0.07245894239866907,1.552209932030403e-30,0.0,-0.001215295616073015
546.54,-0.0719193123791617,1.552209932030403e-30,0.0,0.0134907504876966
546.56,-0.07189921023955544,1.552209932030403e-30,0.0,0.0010051069803138346
546.6,-0.06996110751779709,1.552209932030403e-30,0.0,0.048452568043865114
546.64,-0.06897551841839719,1.552209932030403e-30,0.0,0.02463972748501987
546.68,-0.06873116063258226,1.552209932030403e-30,0.0,0.006108944645378893
546.72,-0.06840060567989237,1.552209932030403e-30,0.0,0.008263873817231255
546.74,-0.06889600436405173,1.552209932030403e-30,0.0,-0.02476993420799094
546.78,-0.06834126782422514,1.552209932030403e-30,0.0,0.013868413495677126
546.82,-0.06894468344697395,1.552209932030403e-30,0.0,-0.015085390568690871
546.86,-0.06820066514937266,1.552209932030403e-30,0.0,0.018600457440049133
546.88,-0.06813337432836747,1.552209932030403e-30,0.0,0.003364541050262439
546.92,-0.06814580307349308,1.552209932030403e-30,0.0,-0.00031071862814055186
546.96,-0.06815772810762909,1.552209932030403e-30,0.0,-0.00029812585339961817
547.0,-0.06920653141663743,1.552209932030403e-30,0.0,-0.026220082725232685
547.04,-0.06874871833008682,1.552209932030403e-30,0.0,0.011445327163775847
547.08,-0.06910560498891148,1.552209932030403e-30,0.0,-0.008922166470599449
547.12,-0.06885987832681575,1.552209932030403e-30,0.0,0.006143166552398751
547.16,-0.06906019016214351,1.552209932030403e-30,0.0,-0.005007795883198608
547.18,-0.06895489920545952,1.552209932030403e-30,0.0,0.005264547834204388
547.22,-0.06779702177981294,1.552209932030403e-30,0.0,0.028946935641108677
547.26,-0.06700203122667941,1.552209932030403e-30,0.0,0.019874763828356064
547.3,-0.06780088407529164,1.552209932030403e-30,0.0,-0.01997132121532366
547.34,-0.0684585349092807,1.552209932030403e-30,0.0,-0.016441270849694493
547.38,-0.06822726722815725,1.552209932030403e-30,0.0,0.005781692028091415
547.4,-0.06827904272092725,1.552209932030403e-30,0.0,-0.002588774638501981
547.44,-0.06929079774497707,1.552209932030403e-30,0.0,-0.02529387560119648
547.48,-0.07003711622602439,1.552209932030403e-30,0.0,-0.01865796202620015
547.52,-0.06989029465885307,1.552209932030403e-30,0.0,0.0036705391792861324
547.56,-0.06969762069586827,1.552209932030403e-30,0.0,0.00481684907462468
547.58,-0.06905386875114013,1.552209932030403e-30,0.0,0.03218759723625368
547.62,-0.06905126752394722,1.552209932030403e-30,0.0,6.503067982291018e-05
547.66,-0.0687800594544997,1.552209932030403e-30,0.0,0.006780201736194
547.7,-0.06750693852492949,1.552209932030403e-30,0.0,0.03182802323919392
547.74,-0.06867378634746064,1.552209932030403e-30,0.0,-0.029171195563305354
547.78,-0.06755846642529925,1.552209932030403e-30,0.0,0.02788299805406003
547.8,-0.06830112261907888,1.552209932030403e-30,0.0,-0.03713280968901524
547.84,-0.06772083086432677,1.552209932030403e-30,0.0,0.014507293868774527
547.88,-0.0671408967697236,1.552209932030403e-30,0.0,0.014498352365092577
547.92,-0.06632489442164251,1.552209932030403e-30,0.0,0.020400058702045594
547.96,-0.06724639325144646,1.552209932030403e-30,0.0,-0.02303747074505447
547.98,-0.06696664972923454,1.552209932030403e-30,0.0,0.013987176110609248
548.02,-0.06550089422217516,1.552209932030403e-30,0.0,0.03664388767651774
548.06,-0.06609643351606267,1.552209932030403e-30,0.0,-0.014888482347201575
548.1,-0.0658738744005988,1.552209932030403e-30,0.0,0.005563977886586095
548.12,-0.06538182587589705,1.552209932030403e-30,0.0,0.024602426235109946
548.16,-0.06549071636336075,1.552209932030403e-30,0.0,-0.002722262186594929
548.2,-0.06614415787248107,1.552209932030403e-30,0.0,-0.01633603772797653
548.24,-0.06567326993010701,1.552209932030403e-30,0.0,0.011772198559362224
548.28,-0.06511080235704185,1.552209932030403e-30,0.0,0.014061689326641915
548.3,-0.06629304505726338,1.552209932030403e-30,0.0,-0.05911213501113051
548.34,-0.06492653844062143,1.552209932030403e-30,0.0,0.03416266541598282
548.38,-0.06663222316260221,1.552209932030403e-30,0.0,-0.042642118049558156
548.42,-0.06690944615565317,1.552209932030403e-30,0.0,-0.0069305748262803325
548.46,-0.06601445736111786,1.552209932030403e-30,0.0,0.022374719863339533
548.48,-0.06638554163179618,1.552209932030403e-30,0.0,-0.018554213533932707
548.52,-0.06651603018650938,1.552209932030403e-30,0.0,-0.0032622138678329218
548.56,-0.06611527401187173,1.552209932030403e-30,0.0,0.010018904365950576
548.6,-0.06669581812119083,1.552209932030403e-30,0.0,-0.014513602732949304
548.62,-0.06645535571170877,1.552209932030403e-30,0.0,0.012023120474113426
548.66,-0.06708041694095165,1.552209932030403e-30,0.0,-0.015626530731086247
548.7,-0.0682954723335411,1.552209932030403e-30,0.0,-0.03037638481467741
548.74,-0.06842972852553393,1.552209932030403e-30,0.0,-0.0033564047998238494
548.76,-0.06900845665615919,1.552209932030403e-30,0.0,-0.02893640653128935
548.8,-0.07057256706632695,1.552209932030403e-30,0.0,-0.03910276025422948
548.84,-0.07066155234499744,1.552209932030403e-30,0.0,-0.0022246319667578516
548.88,-0.07018620953701896,1.552209932030403e-30,0.0,0.011883570199472965
548.9,-0.07025646733768835,1.552209932030403e-30,0.0,-0.0035128900334730206
548.94,-0.07063700997662117,1.552209932030403e-30,0.0,-0.009513565973302125
548.98,-0.07186822708892066,1.552209932030403e-30,0.0,-0.03078042780751498
549.02,-0.07062828596641212,1.552209932030403e-30,0.0,0.030998528062741768
549.06,-0.07074778748150236,1.552209932030403e-30,0.0,-0.0029875378772588057
549.08,-0.07075524154132569,1.552209932030403e-30,0.0,-0.0003727029911648174
549.12,-0.07123056467302734,1.552209932030403e-30,0.0,-0.011883078292552002
549.16,-0.0713607744344418,1.552209932030403e-30,0.0,-0.003255244035364432
549.2,-0.07172274450377396,1.552209932030403e-30,0.0,-0.009049251733286237
549.24,-0.07321333512001804,1.552209932030403e-30,0.0,-0.03726476540613587
549.26,-0.0730028954808017,1.552209932030403e-30,0.0,0.010521981960826671
549.3,-0.07306916113997856,1.552209932030403e-30,0.0,-0.0016566414794230038
549.34,-0.0724812256130428,1.552209932030403e-30,0.0,0.014698388173365995
549.38,-0.071186548182046,1.552209932030403e-30,0.0,0.03236693577494918
549.4,-0.07070267220409171,1.552209932030403e-30,0.0,0.02419379889773712
549.44,-0.07071953304830116,1.552209932030403e-30,0.0,-0.00042152110523531954
549.48,-0.07234280329334922,1.552209932030403e-30,0.0,-0.040581756126238454
549.52,-0.0718486626271447,1.552209932030403e-30,0.0,0.012353516655124122
549.56,-0.07350584665410127,1.552209932030403e-30,0.0,-0.041429600673951975
549.58,-0.07333758593518017,1.552209932030403e-30,0.0,0.008413035946015153
549.62,-0.07339602740103639,1.552209932030403e-30,0.0,-0.0014610366464068401
549.66,-0.07309957968596484,1.552209932030403e-30,0.0,0.007411192876795626
549.7,-0.07230618944714721,1.552209932030403e-30,0.0,0.019834755970402313
549.74,-0.07233589372430027,1.552209932030403e-30,0.0,-0.000742606928826974
549.76,-0.07206952138124054,1.552209932030403e-30,0.0,0.01331861715299889
549.8,-0.07281444665392878,1.552209932030403e-30,0.0,-0.018623131817223026
549.84,-0.07261021784582584,1.552209932030403e-30,0.0,0.005105720202563315
549.88,-0.07285095523087856,1.552209932030403e-30,0.0,-0.006018434626323544
549.9,-0.07265947476694956,1.552209932030403e-30,0.0,0.009574023196458552
549.94,-0.07248994596898481,1.552209932030403e-30,0.0,0.004238219949110632
549.98,-0.07297409393816377,1.552209932030403e-30,0.0,-0.012103699229485163
550.02,-0.07376977465584594,1.552209932030403e-30,0.0,-0.019892017942072196
550.04,-0.07435107682569836,1.552209932030403e-30,0.0,-0.029065108492647138
550.08,-0.07328990685208775,1.552209932030403e-30,0.0,0.026529249340214084
550.12,-0.07269143374909637,1.552209932030403e-30,0.0,0.014961827574798208
550.16,-0.07365373287899438,1.552209932030403e-30,0.0,-0.024057478247471994
550.2,-0.07369034809019893,1.552209932030403e-30,0.0,-0.0009153802801120286
550.22,-0.07326507885465212,1.552209932030403e-30,0.0,0.021263461777359948
550.26,-0.07223613143041613,1.552209932030403e-30,0.0,0.025723685605923263
550.3,-0.07218642314718109,1.552209932030403e-30,0.0,0.001242707080877286
550.34,-0.07298058896909172,1.552209932030403e-30,0.0,-0.019854145547727627
550.36,-0.07267585738932254,1.552209932030403e-30,0.0,0.015236578988472827
550.4,-0.07248567012331845,1.552209932030403e-30,0.0,0.004754681650106407
550.44,-0.07366021976931998,1.552209932030403e-30,0.0,-0.02936374114998134
550.48,-0.07423482994186455,1.552209932030403e-30,0.0,-0.01436525431362726
550.52,-0.07409027480192804,1.552209932030403e-30,0.0,0.003613878498415954
550.56,-0.07256699356889768,1.552209932030403e-30,0.0,0.03808203082579368
550.58,-0.0730688768379993,1.552209932030403e-30,0.0,-0.025094163454961408
550.62,-0.07248491083987336,1.552209932030403e-30,0.0,0.014599149953161502
550.66,-0.07336163564627482,1.552209932030403e-30,0.0,-0.02191812016005626
550.7,-0.07405415496602344,1.552209932030403e-30,0.0,-0.017312982993682183
550.72,-0.07363356007018027,1.552209932030403e-30,0.0,0.02102974479217777
550.76,-0.07288889371554313,1.552209932030403e-30,0.0,0.018616658865945115
550.8,-0.07188236928082875,1.552209932030403e-30,0.0,0.02516311086788245
550.84,-0.07116187487896936,1.552209932030403e-30,0.0,0.0180123600464499
550.86,-0.07172948144613023,1.552209932030403e-30,0.0,-0.02838032835806972
550.9,-0.07284343071706488,1.552209932030403e-30,0.0,-0.027848731773391658
550.94,-0.07326970779214377,1.552209932030403e-30,0.0,-0.010656926876951599
550.98,-0.07339621073649548,1.552209932030403e-30,0.0,-0.003162573608795481
551.02,-0.07243100502414844,1.552209932030403e-30,0.0,0.02413014280869793
551.06,-0.07208575421906505,1.552209932030403e-30,0.0,0.008631270127092656
551.08,-0.07208740876311351,1.552209932030403e-30,0.0,-8.27272024228669e-05
551.12,-0.07172376650046544,1.552209932030403e-30,0.0,0.009091056566209928
551.16,-0.06970276005224994,1.552209932030403e-30,0.0,0.050525161205433315
551.2,-0.07022464450582717,1.552209932030403e-30,0.0,-0.013047111339405441
551.24,-0.0705342542699339,1.552209932030403e-30,0.0,-0.007740244102675276
551.28,-0.07161305232737046,1.552209932030403e-30,0.0,-0.026969951435938604
551.3,-0.07142841757429774,1.552209932030403e-30,0.0,0.009231737653644203
551.34,-0.07152235526143928,1.552209932030403e-30,0.0,-0.002348442178533907
551.38,-0.07192995823109175,1.552209932030403e-30,0.0,-0.010190074241320792
551.42,-0.07114111587769466,1.552209932030403e-30,0.0,0.01972105883494497
551.46,-0.07113688119357839,1.552209932030403e-30,0.0,0.00010586710290651405
551.48,-0.07104988208947612,1.552209932030403e-30,0.0,0.0043499552051173
551.52,-0.07142630473624206,1.552209932030403e-30,0.0,-0.009410566169157086
551.56,-0.07092033908004466,1.552209932030403e-30,0.0,0.012649141404946523
551.6,-0.07011167268002917,1.552209932030403e-30,0.0,0.02021666000034826
551.64,-0.07089225479825381,1.552209932030403e-30,0.0,-0.019514552955633854
551.66,-0.07142563232913846,1.552209932030403e-30,0.0,-0.02666887654425657
551.7,-0.0713814750425422,1.552209932030403e-30,0.0,0.0011039321649040867
551.74,-0.07107168295947372,1.552209932030403e-30,0.0,0.007744802076719066
551.78,-0.07145588544898543,1.552209932030403e-30,0.0,-0.009605062237801549
551.82,-0.07231002459859832,1.552209932030403e-30,0.0,-0.021353478740280974
551.86,-0.0727826010144206,1.552209932030403e-30,0.0,-0.011814410395567734
551.88,-0.07308977190580165,1.552209932030403e-30,0.0,-0.015358544569066475
551.92,-0.07288552497102864,1.552209932030403e-30,0.0,0.0051061733693299974
551.96,-0.07227411093635124,1.552209932030403e-30,0.0,0.015285350866905672
552.0,-0.07251226076375865,1.552209932030403e-30,0.0,-0.005953745685190736
552.04,-0.07187028113170121,1.552209932030403e-30,0.0,0.016049490801450617
552.06,-0.07224278530272969,1.552209932030403e-30,0.0,-0.018625208551440755
552.1,-0.07218094909478101,1.552209932030403e-30,0.0,0.0015459051987139632
552.14,-0.0717088190364606,1.552209932030403e-30,0.0,0.011803251458020728
552.18,-0.07254023908477232,1.552209932030403e-30,0.0,-0.020785501207811953
552.22,-0.07337163200669697,1.552209932030403e-30,0.0,-0.02078482304807619
552.24,-0.0731030832967884,1.552209932030403e-30,0.0,0.013427435495440922
552.28,-0.07199972746314305,1.552209932030403e-30,0.0,0.027583895841158876
552.32,-0.0723623136891517,1.552209932030403e-30,0.0,-0.009064655650198773
552.36,-0.07233687219448867,1.552209932030403e-30,0.0,0.0006360373665765274
552.4,-0.07208279658233524,1.552209932030403e-30,0.0,0.006351890303841716
552.42,-0.0718866403911731,1.552209932030403e-30,0.0,0.009807809558116474
552.46,-0.07204888926402611,1.552209932030403e-30,0.0,-0.004056221821317521
552.5,-0.0721023815024835,1.552209932030403e-30,0.0,-0.0013373059614362384
552.54,-0.07132318796418116,1.552209932030403e-30,0.0,0.019479838457576244
552.58,-0.07141655357741285,1.552209932030403e-30,0.0,-0.0023341403307878027
552.6,-0.0718517813746105,1.552209932030403e-30,0.0,-0.021761389859902204
552.64,-0.07174318328776892,1.552209932030403e-30,0.0,0.0027149521710420218
552.68,-0.0723163146174145,1.552209932030403e-30,0.0,-0.014328283241152515
552.72,-0.07100154364820568,1.552209932030403e-30,0.0,0.032869274230156995
552.76,-0.07206814839799484,1.552209932030403e-30,0.0,-0.026665118744753115
552.8,-0.07238657800776296,1.552209932030403e-30,0.0,-0.007960740244210219
552.84,-0.07147430537963838,1.552209932030403e-30,0.0,0.02280681570307072
552.86,-0.0717281534226866,1.552209932030403e-30,0.0,-0.01269240215242277
552.9,-0.07263430003493222,1.552209932030403e-30,0.0,-0.022653665306161183
552.94,-0.07042365050094761,1.552209932030403e-30,0.0,0.05526623834950874
552.98,-0.06948269322689526,1.552209932030403e-30,0.0,0.023523931851329984
553.02,-0.0679766930622311,1.552209932030403e-30,0.0,0.03765000411663847
553.04,-0.06792710347578429,1.552209932030403e-30,0.0,0.002479479322342753
553.08,-0.06742490912841194,1.552209932030403e-30,0.0,0.012554858684284654
553.12,-0.0671379562603997,1.552209932030403e-30,0.0,0.007173821700312415
553.16,-0.06630097415192371,1.552209932030403e-30,0.0,0.020924552711918988
553.2,-0.06551647947360453,1.552209932030403e-30,0.0,0.019612366957941524
553.22,-0.06542196451394205,1.552209932030403e-30,0.0,0.004725747983127937
553.26,-0.06541791434429209,1.552209932030403e-30,0.0,0.00010125424124920586
553.3,-0.0646133272265207,1.552209932030403e-30,0.0,0.02011467794430293
553.34,-0.06581566484179889,1.552209932030403e-30,0.0,-0.030058440381896534
553.38,-0.06593488212990986,1.552209932030403e-30,0.0,-0.00298043220277701
553.42,-0.06631362266337196,1.552209932030403e-30,0.0,-0.009468513336561108
553.44,-0.06616642116281557,1.552209932030403e-30,0.0,0.007360075027783984
553.48,-0.06562526378056949,1.552209932030403e-30,0.0,0.013528934556164326
553.52,-0.0657834283421416,1.552209932030403e-30,0.0,-0.0039541140393064495
553.56,-0.06421795730654035,1.552209932030403e-30,0.0,0.03913677589006663
553.6,-0.06618185947044,1.552209932030403e-30,0.0,-0.04909755409739644
553.64,-0.06649064866734164,1.552209932030403e-30,0.0,-0.007719729922548018
553.68,-0.06587662132262885,1.552209932030403e-30,0.0,0.01535068361783368
553.72,-0.06535164822065036,1.552209932030403e-30,0.0,0.013124327549436822
553.76,-0.06499226620570935,1.552209932030403e-30,0.0,0.008984550373533476
553.8,-0.06312376323149164,1.552209932030403e-30,0.0,0.04671257435548507
553.84,-0.06294080963512015,1.552209932030403e-30,0.0,0.004573839909278477
553.88,-0.06215347962795776,1.552209932030403e-30,0.0,0.019683250179077644
553.92,-0.062139540343530204,1.552209932030403e-30,0.0,0.00034848211068927974
553.96,-0.061603133579685145,1.552209932030403e-30,0.0,0.013410169096100533
553.98,-0.06109372718946297,1.552209932030403e-30,0.0,0.025470319511131895
554.02,-0.06198113264178407,1.552209932030403e-30,0.0,-0.022185136308047845
554.06,-0.06095821613671141,1.552209932030403e-30,0.0,0.0255729126268399
554.1,-0.06219114813488816,1.552209932030403e-30,0.0,-0.03082329995435912
554.14,-0.061575678030024235,1.552209932030403e-30,0.0,0.015386752621611996
554.16,-0.06211812775391411,1.552209932030403e-30,0.0,-0.027122486194518437
554.2,-0.060356586883859094,1.552209932030403e-30,0.0,0.04403852175129018
554.24,-0.06020513259761164,1.552209932030403e-30,0.0,0.00378635715618965
554.28,-0.06091205418728038,1.552209932030403e-30,0.0,-0.017673039741734564
554.32,-0.06025160316799466,1.552209932030403e-30,0.0,0.01651127548211112
554.36,-0.060248273499205356,1.552209932030403e-30,0.0,8.324171973271162e-05
554.4,-0.05973297271385439,1.552209932030403e-30,0.0,0.012882519633785859
554.42,-0.058990886427135486,1.552209932030403e-30,0.0,0.03710431433597898
554.46,-0.059265218277356944,1.552209932030403e-30,0.0,-0.006858296255523182
554.5,-0.05979452027491335,1.552209932030403e-30,0.0,-0.013232549938922205
554.54,-0.05959328915750005,1.552209932030403e-30,0.0,0.005030777935337189
554.58,-0.06070783241730947,1.552209932030403e-30,0.0,-0.027863581495181703
554.62,-0.05989498732143279,1.552209932030403e-30,0.0,0.020321127396935458
554.64,-0.05918343217923916,1.552209932030403e-30,0.0,0.035577757109713906
554.68,-0.05831128043819543,1.552209932030403e-30,0.0,0.021803793526113044
554.72,-0.057910237974555176,1.552209932030403e-30,0.0,0.01002606159098693
554.76,-0.05921890039560789,1.552209932030403e-30,0.0,-0.03271656052634764
554.8,-0.05963550209711953,1.552209932030403e-30,0.0,-0.010415042537800326
554.84,-0.05935071190084175,1.552209932030403e-30,0.0,0.007119754906930776
554.88,-0.058790340412350484,1.552209932030403e-30,0.0,0.014009287212294295
554.92,-0.05970986689407868,1.552209932030403e-30,0.0,-0.022988162043225815
554.96,-0.05862541230351953,1.552209932030403e-30,0.0,0.027111364763926282
554.98,-0.059126336121544824,1.552209932030403e-30,0.0,-0.025046190901287436
555.02,-0.05895487198952757,1.552209932030403e-30,0.0,0.00428660330043521
555.06,-0.05914783488561577,1.552209932030403e-30,0.0,-0.004824072402209346
555.1,-0.05897671482909342,1.552209932030403e-30,0.0,0.0042780014130506085
555.14,-0.057336930142248006,1.552209932030403e-30,0.0,0.04099461717117264
555.16,-0.057162833400000244,1.552209932030403e-30,0.0,0.008704837112396181
555.2,-0.05536370958222517,1.552209932030403e-30,0.0,0.04497809544428992
555.24,-0.05528026285281427,1.552209932030403e-30,0.0,0.002086168235274378
555.28,-0.05534240628149953,1.552209932030403e-30,0.0,-0.0015535857171329673
555.32,-0.05618608407232388,1.552209932030403e-30,0.0,-0.02109194477056808
555.36,-0.054483172127829535,1.552209932030403e-30,0.0,0.042572798612397385
555.4,-0.05472482186639658,1.552209932030403e-30,0.0,-0.0060412434641815595
555.44,-0.05452231095451116,1.552209932030403e-30,0.0,0.005062772797125612
555.48,-0.05383572229529104,1.552209932030403e-30,0.0,0.017164716480518788
555.5,-0.054041893732627605,1.552209932030403e-30,0.0,-0.010308571866837769
555.54,-0.05313759337945654,1.552209932030403e-30,0.0,0.02260750882929721
555.58,-0.05286849019495666,1.552209932030403e-30,0.0,0.006727579612483936
555.62,-0.05376838354834307,1.552209932030403e-30,0.0,-0.02249733383468076
555.66,-0.05240843278479659,1.552209932030403e-30,0.0,0.03399876908869301
555.7,-0.05312404678814807,1.552209932030403e-30,0.0,-0.017890350083752418
555.72,-0.05300343898994504,1.552209932030403e-30,0.0,0.006030389910156965
555.76,-0.053683432950948726,1.552209932030403e-30,0.0,-0.016999849025107518
555.8,-0.05394548170218861,1.552209932030403e-30,0.0,-0.006551218781003017
555.84,-0.054412278942398966,1.552209932030403e-30,0.0,-0.01166993100523633
555.88,-0.0545048334970182,1.552209932030403e-30,0.0,-0.0023138638654830223
555.9,-0.05438201115084144,1.552209932030403e-30,0.0,0.006141117308843816
555.94,-0.053149244720010744,1.552209932030403e-30,0.0,0.030819160770707805
555.98,-0.05256414535596349,1.552209932030403e-30,0.0,0.014627484101194648
556.02,-0.05132427353119459,1.552209932030403e-30,0.0,0.030996795619250568
556.06,-0.05277981394792438,1.552209932030403e-30,0.0,-0.03638851041827774
556.1,-0.052389631518351534,1.552209932030403e-30,0.0,0.009754560739302255
556.12,-0.052280789117260425,1.552209932030403e-30,0.0,0.005442120054560574
556.16,-0.05202059839260017,1.552209932030403e-30,0.0,0.006504768116512293
556.2,-0.05260574419536152,1.552209932030403e-30,0.0,-0.014628645069005575
556.24,-0.05134165657514774,1.552209932030403e-30,0.0,0.031602190505373315
556.28,-0.05150966837318675,1.552209932030403e-30,0.0,-0.004200294950978995
556.32,-0.051593983392809184,1.552209932030403e-30,0.0,-0.0021078754905568546
556.36,-0.05024752852537737,1.552209932030403e-30,0.0,0.03366137168582581
556.4,-0.04971480043128305,1.552209932030403e-30,0.0,0.013318202352370205
556.42,-0.050117545689833634,1.552209932030403e-30,0.0,-0.02013726292754768
556.46,-0.050770373879879004,1.552209932030403e-30,0.0,-0.016320704751102755
556.5,-0.05124177460455107,1.552209932030403e-30,0.0,-0.011785018116812481
556.54,-0.05150082285062668,1.552209932030403e-30,0.0,-0.0064762061518960565
556.58,-0.052207864892803164,1.552209932030403e-30,0.0,-0.01767605105437789
556.62,-0.05280758615158107,1.552209932030403e-30,0.0,-0.014993031469461354
556.64,-0.05267040241588882,1.552209932030403e-30,0.0,0.0068591867846185955
556.68,-0.051636868058561006,1.552209932030403e-30,0.0,0.02583835893321895
556.72,-0.04884942172902324,1.552209932030403e-30,0.0,0.06968615823830937
556.76,-0.0495097638061471,1.552209932030403e-30,0.0,-0.016508551928111365
556.8,-0.04868084545151711,1.552209932030403e-30,0.0,0.02072295886576863
556.82,-0.048497221723852284,1.552209932030403e-30,0.0,0.009181186383197539
556.86,-0.047527527377968816,1.552209932030403e-30,0.0,0.024242358647108806
556.9,-0.04855768250591322,1.552209932030403e-30,0.0,-0.025753878198633538
556.94,-0.048950233981773776,1.552209932030403e-30,0.0,-0.009813786896494921
556.98,-0.049373049473134284,1.552209932030403e-30,0.0,-0.010570387284022285
557.02,-0.05003296481657198,1.552209932030403e-30,0.0,-0.016497883585957523
557.04,-0.04998716938316589,1.552209932030403e-30,0.0,0.002289771670306725
557.08,-0.05010402912936356,1.552209932030403e-30,0.0,-0.0029214936549360527
557.12,-0.05002276902075632,1.552209932030403e-30,0.0,0.0020315027151829356
557.16,-0.051238682661197174,1.552209932030403e-30,0.0,-0.030397841011049028
557.2,-0.05204213533519491,1.552209932030403e-30,0.0,-0.020086316849904508
557.24,-0.05184246667189006,1.552209932030403e-30,0.0,0.004991716582625762
557.26,-0.05221013619516408,1.552209932030403e-30,0.0,-0.018383476163717518
557.3,-0.05071062695679916,1.552209932030403e-30,0.0,0.03748773095915691
557.34,-0.05122610833762394,1.552209932030403e-30,0.0,-0.012887034520594644
557.38,-0.0524230279667511,1.552209932030403e-30,0.0,-0.029922990728206127
557.42,-0.053413703071301416,1.552209932030403e-30,0.0,-0.024766877613780477
557.46,-0.052967645645232,1.552209932030403e-30,0.0,0.011151435651713755
557.48,-0.0531477178340836,1.552209932030403e-30,0.0,-0.009003609442587983
557.52,-0.05314022334704527,1.552209932030403e-30,0.0,0.00018736217595850514
557.56,-0.053651598908241206,1.552209932030403e-30,0.0,-0.01278438902991005
557.6,-0.054180137530784406,1.552209932030403e-30,0.0,-0.013213465563554396
557.64,-0.054952030460914396,1.552209932030403e-30,0.0,-0.019297323253267346
557.66,-0.05534468755229852,1.552209932030403e-30,0.0,-0.01963285456922426
557.7,-0.056436454999487816,1.552209932030403e-30,0.0,-0.027294186179679502
557.74,-0.05672650291735828,1.552209932030403e-30,0.0,-0.007251197946768205
557.78,-0.056763462341752155,1.552209932030403e-30,0.0,-0.0009239856098477192
557.82,-0.05731281581962473,1.552209932030403e-30,0.0,-0.013733836946787868
557.86,-0.057930868712800315,1.552209932030403e-30,0.0,-0.01545132232940357
557.88,-0.057403930942598394,1.552209932030403e-30,0.0,0.026346888510120174
557.92,-0.056704071458455366,1.552209932030403e-30,0.0,0.01749648710359157
557.96,-0.05594421379452344,1.552209932030403e-30,0.0,0.018996441598261356
558.0,-0.0565748318426478,1.552209932030403e-30,0.0,-0.015765451203123258
558.04,-0.05695908305127059,1.552209932030403e-30,0.0,-0.009606280215578664
558.08,-0.0573302192832416,1.552209932030403e-30,0.0,-0.009278405799257282
558.12,-0.05744013301296433,1.552209932030403e-30,0.0,-0.002747843243070817
558.16,-0.05733529469665439,1.552209932030403e-30,0.0,0.0026209579077509106
558.18,-0.05711660503908853,1.552209932030403e-30,0.0,0.010934482878302731
558.22,-0.056747023902754344,1.552209932030403e-30,0.0,0.009239528408336849
558.26,-0.05706453271695917,1.552209932030403e-30,0.0,-0.007937720355127709
558.3,-0.05726074881367582,1.552209932030403e-30,0.0,-0.004905402417920852
558.34,-0.05764578149733232,1.552209932030403e-30,0.0,-0.00962581709139395
558.38,-0.05922576800166262,1.552209932030403e-30,0.0,-0.03949966260829344
558.42,-0.0589514981656045,1.552209932030403e-30,0.0,0.0068567459014591495
558.44,-0.05838370654279127,1.552209932030403e-30,0.0,0.02838958114052598
558.48,-0.05899794611381546,1.552209932030403e-30,0.0,-0.015355989275618698
558.52,-0.05912549123173741,1.552209932030403e-30,0.0,-0.003188627948051559
558.56,-0.0598435253180127,1.552209932030403e-30,0.0,-0.017950852156898678
558.6,-0.05978203321492455,1.552209932030403e-30,0.0,0.0015373025772009222
558.64,-0.060795677734332615,1.552209932030403e-30,0.0,-0.025341112985224706
558.66,-0.060692324095725,1.552209932030403e-30,0.0,0.005167681930385405
558.7,-0.059928865327729376,1.552209932030403e-30,0.0,0.019086469199853708
558.74,-0.0593931853632409,1.552209932030403e-30,0.0,0.013391999112224112
558.78,-0.060119835646177476,1.552209932030403e-30,0.0,-0.018166257073431075
558.82,-0.06177540498353962,1.552209932030403e-30,0.0,-0.04138923343397349
558.86,-0.06156660314351888,1.552209932030403e-30,0.0,0.0052200460005231465
558.9,-0.06185172990347607,1.552209932030403e-30,0.0,-0.007128168998936303
558.94,-0.06342733695714199,1.552209932030403e-30,0.0,-0.0393901763415718
558.98,-0.06476171707877316,1.552209932030403e-30,0.0,-0.03335950304080964
559.02,-0.06511793734639895,1.552209932030403e-30,0.0,-0.00890550669065279
559.04,-0.0649526656998082,1.552209932030403e-30,0.0,0.008263582329545011
559.08,-0.06493508659843601,1.552209932030403e-30,0.0,0.00043947753430379757
559.12,-0.0643328400494817,1.552209932030403e-30,0.0,0.015056163723871625
559.16,-0.0638102826436116,1.552209932030403e-30,0.0,0.013063935146764072
559.2,-0.06376988993454938,1.552209932030403e-30,0.0,0.0010098177265537686
559.24,-0.06353731133646923,1.552209932030403e-30,0.0,0.005814464952009046
559.26,-0.06338013623468228,1.552209932030403e-30,0.0,0.007858755089354819
559.3,-0.06360393376752749,1.552209932030403e-30,0.0,-0.0055949383211353985
559.34,-0.06402156444954417,1.552209932030403e-30,0.0,-0.010440767050396687
559.38,-0.06451968442819635,1.552209932030403e-30,0.0,-0.012452999466315657
559.42,-0.0651940798342625,1.552209932030403e-30,0.0,-0.016859885151669054
559.46,-0.06491404658464979,1.552209932030403e-30,0.0,0.007000831240304051
559.5,-0.06536013670470771,1.552209932030403e-30,0.0,-0.011152253001458265
559.54,-0.06528001090584684,1.552209932030403e-30,0.0,0.0020031449715234577
559.56,-0.0652150005479996,1.552209932030403e-30,0.0,0.0032505178923652625
559.6,-0.06373495247236648,1.552209932030403e-30,0.0,0.03700120189075647
559.64,-0.06342365479346768,1.552209932030403e-30,0.0,0.007782441972476977
559.68,-0.06330082766413143,1.552209932030403e-30,0.0,0.00307067823340868
559.72,-0.0638478214269484,1.552209932030403e-30,0.0,-0.013674844070398033
559.76,-0.06358331447992538,1.552209932030403e-30,0.0,0.006612673675581786
559.8,-0.06423231837159332,1.552209932030403e-30,0.0,-0.01622509729171326
559.82,-0.06414908047172335,1.552209932030403e-30,0.0,0.004161894993478551
559.86,-0.0648642875466701,1.552209932030403e-30,0.0,-0.017880176873685198
559.9,-0.06610981988640212,1.552209932030403e-30,0.0,-0.031138308493328527
559.94,-0.06710548238434834,1.552209932030403e-30,0.0,-0.024891562448607466
559.98,-0.06698470755125398,1.552209932030403e-30,0.0,0.0030193708273617333
560.02,-0.06810514977297312,1.552209932030403e-30,0.0,-0.028011055543004204
560.06,-0.06817849167968346,1.552209932030403e-30,0.0,-0.0018335476677601272
560.1,-0.06735193081703696,1.552209932030403e-30,0.0,0.020664021566122414
560.14,-0.06662702959751574,1.552209932030403e-30,0.0,0.018122530488046865
560.18,-0.0669061014591492,1.552209932030403e-30,0.0,-0.006976796540842987
560.22,-0.06805353362768875,1.552209932030403e-30,0.0,-0.028685804213433128
560.24,-0.06844548497386332,1.552209932030403e-30,0.0,-0.01959756730874672
560.28,-0.06888502213269483,1.552209932030403e-30,0.0,-0.010988428970797666
560.32,-0.06838119937749085,1.552209932030403e-30,0.0,0.012595568880075389
560.36,-0.06881454942397078,1.552209932030403e-30,0.0,-0.010833751162008264
560.4,-0.0676388327057352,1.552209932030403e-30,0.0,0.029392917955916236
560.44,-0.06584810587223677,1.552209932030403e-30,0.0,0.04476817083737425
560.48,-0.06573482357694296,1.552209932030403e-30,0.0,0.0028320573823476546
560.52,-0.06597361380677354,1.552209932030403e-30,0.0,-0.0059697557457697725
560.56,-0.06539626893943913,1.552209932030403e-30,0.0,0.014433621683373412
560.6,-0.06504028500047318,1.552209932030403e-30,0.0,0.008899598474131692
560.64,-0.06432266860183068,1.552209932030403e-30,0.0,0.01794040996607871
560.66,-0.0643230353816679,1.552209932030403e-30,0.0,-1.833899186148662e-05
560.7,-0.06363217146753546,1.552209932030403e-30,0.0,0.01727159785327791
560.74,-0.06357210448268652,1.552209932030403e-30,0.0,0.0015016746212246667
560.78,-0.0624668691131869,1.552209932030403e-30,0.0,0.0276308842375156
560.82,-0.06360168332540839,1.552209932030403e-30,0.0,-0.02837035530548247
560.86,-0.06476996584857427,1.552209932030403e-30,0.0,-0.02920706307917355
560.88,-0.06476828601328438,1.552209932030403e-30,0.0,8.399176449395266e-05
560.92,-0.06454879836888879,1.552209932030403e-30,0.0,0.005487191109894791
560.96,-0.06394032124941462,1.552209932030403e-30,0.0,0.01521192798682458
561.0,-0.06347152086084186,1.552209932030403e-30,0.0,0.011720009714329767
561.04,-0.06485577318296447,1.552209932030403e-30,0.0,-0.03460630805309655
561.08,-0.06420515883690911,1.552209932030403e-30,0.0,0.016265358651352466
561.12,-0.0647539152489358,1.552209932030403e-30,0.0,-0.013718910300679614
561.16,-0.06400138997405849,1.552209932030403e-30,0.0,0.018813131871949672
561.18,-0.06437705710138636,1.552209932030403e-30,0.0,-0.01878335636641057
561.22,-0.0641820334022223,1.552209932030403e-30,0.0,0.004875592479092149
561.26,-0.0636833670105013,1.552209932030403e-30,0.0,0.012466659793036223
561.3,-0.0625885327975878,1.552209932030403e-30,0.0,0.027370855322862146
561.34,-0.06268002979008098,1.552209932030403e-30,0.0,-0.0022874248123251734
561.38,-0.061932477298679164,1.552209932030403e-30,0.0,0.01868881228506254
561.42,-0.0609994637156718,1.552209932030403e-30,0.0,0.023325339575205155
561.46,-0.060976895769352356,1.552209932030403e-30,0.0,0.0005641986579850738
561.5,-0.06227710274363905,1.552209932030403e-30,0.0,-0.03250517435719686
561.54,-0.061098024313986636,1.552209932030403e-30,0.0,0.029476960741337082
561.56,-0.0610234318372108,1.552209932030403e-30,0.0,0.0037296238387954403
561.6,-0.06143560467551764,1.552209932030403e-30,0.0,-0.010304320957651231
561.64,-0.0615832871026418,1.552209932030403e-30,0.0,-0.0036920606781072987
561.68,-0.061472831050426,1.552209932030403e-30,0.0,0.0027614013053973725
561.72,-0.061909084631018345,1.552209932030403e-30,0.0,-0.010906339514787453
561.76,-0.06101418052742653,1.552209932030403e-30,0.0,0.02237260258981582
561.8,-0.06178551419004794,1.552209932030403e-30,0.0,-0.01928334156555284
561.84,-0.061093445176688584,1.552209932030403e-30,0.0,0.01730172533395058
561.88,-0.060205320389547824,1.552209932030403e-30,0.0,0.02220311967853921
561.92,-0.05947149132947537,1.552209932030403e-30,0.0,0.018345726501828072
561.94,-0.05994097694527289,1.552209932030403e-30,0.0,-0.023474280789763692
561.98,-0.059023330876540436,1.552209932030403e-30,0.0,0.022941151718332088
562.02,-0.05787332250541639,1.552209932030403e-30,0.0,0.028750209278127294
562.06,-0.05757970782914453,1.552209932030403e-30,0.0,0.0073403669068030225
562.1,-0.056936112771218024,1.552209932030403e-30,0.0,0.016089876448131594
562.14,-0.05603394533187334,1.552209932030403e-30,0.0,0.022554185983637613
562.18,-0.05556916254233464,1.552209932030403e-30,0.0,0.011619569738478195
562.22,-0.054485402650900794,1.552209932030403e-30,0.0,0.02709399728579377
562.26,-0.05394662823743711,1.552209932030403e-30,0.0,0.013469360336604418
562.3,-0.05251746585401477,1.552209932030403e-30,0.0,0.03572905958559102
562.32,-0.05281584116063304,1.552209932030403e-30,0.0,-0.014918765330842337
562.36,-0.05175729035444992,1.552209932030403e-30,0.0,0.02646377015460209
562.4,-0.05029667438795359,1.552209932030403e-30,0.0,0.03651539916244142
562.44,-0.05030780869019485,1.552209932030403e-30,0.0,-0.00027835755603078724
562.48,-0.051114240569967294,1.552209932030403e-30,0.0,-0.020160796994329423
562.52,-0.05055317608581681,1.552209932030403e-30,0.0,0.014026612103774849
562.56,-0.05053488209875503,1.552209932030403e-30,0.0,0.0004573496765448994
562.6,-0.051751822993905634,1.552209932030403e-30,0.0,-0.030423522378706273
562.62,-0.051942795468951405,1.552209932030403e-30,0.0,-0.009548623752297118
562.66,-0.05050467282376886,1.552209932030403e-30,0.0,0.03595306612959628
562.7,-0.04905834755043606,1.552209932030403e-30,0.0,0.03615813183325012
562.74,-0.048169041268047434,1.552209932030403e-30,0.0,0.022232657059735806
562.78,-0.047245721368495364,1.552209932030403e-30,0.0,0.023082997488822782
562.82,-0.048158812936775285,1.552209932030403e-30,0.0,-0.02282728920695387
562.86,-0.04828136662206242,1.552209932030403e-30,0.0,-0.0030638421321812085
562.9,-0.0480288600537645,1.552209932030403e-30,0.0,0.006312664207453731
562.92,-0.04830199595164965,1.552209932030403e-30,0.0,-0.013656794894269922
562.96,-0.04892977350981537,1.552209932030403e-30,0.0,-0.015694438954112832
563.0,-0.04833503271527709,1.552209932030403e-30,0.0,0.014868519863470686
563.04,-0.05006459423720895,1.552209932030403e-30,0.0,-0.04323903804833595
563.08,-0.05096385675433214,1.552209932030403e-30,0.0,-0.022481562928036342
563.12,-0.05180980811803579,1.552209932030403e-30,0.0,-0.021148784092610454
563.16,-0.050558850906882204,1.552209932030403e-30,0.0,0.03127393027886811
563.2,-0.050919341205385174,1.552209932030403e-30,0.0,-0.009012257462556772
563.24,-0.05026743849540216,1.552209932030403e-30,0.0,0.016297567749590177
563.28,-0.05043257240248798,1.552209932030403e-30,0.0,-0.004128347677149207
563.32,-0.05096335355929272,1.552209932030403e-30,0.0,-0.013269528920092696
563.36,-0.05019745157912349,1.552209932030403e-30,0.0,0.01914754950424821
563.4,-0.049700930073432945,1.552209932030403e-30,0.0,0.012413037642274949
563.44,-0.04983310420735766,1.552209932030403e-30,0.0,-0.0033043533481115386
563.48,-0.04907897686152793,1.552209932030403e-30,0.0,0.018853183645760555
563.52,-0.049280575506584864,1.552209932030403e-30,0.0,-0.005039966126427931
563.56,-0.04856607640340394,1.552209932030403e-30,0.0,0.017862477579539338
563.6,-0.04712854531042444,1.552209932030403e-30,0.0,0.03593827732441823
563.64,-0.04588399247418771,1.552209932030403e-30,0.0,0.031113820905946474
563.68,-0.04517590720626649,1.552209932030403e-30,0.0,0.01770213169804658
563.7,-0.04499215101207734,1.552209932030403e-30,0.0,0.009187809709413783
563.74,-0.04529329386378275,1.552209932030403e-30,0.0,-0.007528571292642081
563.78,-0.044893736783511,1.552209932030403e-30,0.0,0.009988927006802852
563.82,-0.044896928334378125,1.552209932030403e-30,0.0,-7.978877167783264e-05
563.86,-0.04565763730725052,1.552209932030403e-30,0.0,-0.019017724321827106
563.9,-0.044931615286613706,1.552209932030403e-30,0.0,0.018150550515936753
563.94,-0.04379914170491527,1.552209932030403e-30,0.0,0.028311839542406205
563.98,-0.04510266138655662,1.552209932030403e-30,0.0,-0.03258799204106341
564.02,-0.044888152110442274,1.552209932030403e-30,0.0,0.005362731902863661
564.06,-0.04420323374978302,1.552209932030403e-30,0.0,0.01712295901649682
564.1,-0.044226461312006644,1.552209932030403e-30,0.0,-0.0005806890555894029
564.14,-0.044729024838066726,1.552209932030403e-30,0.0,-0.012564088151513551
564.18,-0.04572243884498764,1.552209932030403e-30,0.0,-0.024835350173045417
564.22,-0.04642051951705442,1.552209932030403e-30,0.0,-0.01745201680163583
564.26,-0.04603701562001388,1.552209932030403e-30,0.0,0.009587597426022255
564.28,-0.04674846493569695,1.552209932030403e-30,0.0,-0.03557246578418573
564.32,-0.04642788197910839,1.552209932030403e-30,0.0,0.008014573914698541
564.36,-0.046227034548494625,1.552209932030403e-30,0.0,0.005021185765348717
564.4,-0.0463549140451299,1.552209932030403e-30,0.0,-0.0031969874158846814
564.44,-0.04529403592287354,1.552209932030403e-30,0.0,0.026521953056357787
564.48,-0.045212432978736165,1.552209932030403e-30,0.0,0.0020400736034361013
564.52,-0.046420036875462485,1.552209932030403e-30,0.0,-0.03019009741818547
564.56,-0.046222755089335835,1.552209932030403e-30,0.0,0.004932044653170771
564.6,-0.0447596654399736,1.552209932030403e-30,0.0,0.036577241233985036
564.64,-0.045073335957702285,1.552209932030403e-30,0.0,-0.007841762943224117
564.68,-0.045492743090025205,1.552209932030403e-30,0.0,-0.010485178308082509
564.72,-0.044702948467351025,1.552209932030403e-30,0.0,0.019744865566816365
564.76,-0.045307136741626876,1.552209932030403e-30,0.0,-0.015104706856909995
564.8,-0.04615478802950127,1.552209932030403e-30,0.0,-0.0211912821968791
564.82,-0.045890546833959545,1.552209932030403e-30,0.0,0.013212059777023222
564.86,-0.04649899743306677,1.552209932030403e-30,0.0,-0.01521126497769444
564.9,-0.04536900190322161,1.552209932030403e-30,0.0,0.028249888246154774
564.94,-0.045517611735298114,1.552209932030403e-30,0.0,-0.0037152458019054785
564.98,-0.04410898482982131,1.552209932030403e-30,0.0,0.03521567263695203
565.02,-0.04465813150794093,1.552209932030403e-30,0.0,-0.013728666953002915
565.06,-0.04537997906394542,1.552209932030403e-30,0.0,-0.018046188900128605
565.1,-0.0462548537656621,1.552209932030403e-30,0.0,-0.02187186754287485
565.14,-0.0453377738550973,1.552209932030403e-30,0.0,0.02292699776414082
565.18,-0.046417376595110395,1.552209932030403e-30,0.0,-0.026990068500351874
565.22,-0.04717048521137378,1.552209932030403e-30,0.0,-0.018827715406548266
565.26,-0.04645857703377743,1.552209932030403e-30,0.0,0.017797704439924834
565.3,-0.04655746027869245,1.552209932030403e-30,0.0,-0.0024720811228777853
565.34,-0.04638505854613936,1.552209932030403e-30,0.0,0.004310043313818848
565.38,-0.047779260930505336,1.552209932030403e-30,0.0,-0.034855059609181005
565.4,-0.04831690781975415,1.552209932030403e-30,0.0,-0.026882344462465426
565.44,-0.04779480361543178,1.552209932030403e-30,0.0,0.013052605108034092
565.48,-0.04486350899620217,1.552209932030403e-30,0.0,0.07328236548080673
565.52,-0.04440576303027123,1.552209932030403e-30,0.0,0.01144364914828403
565.56,-0.044418061424724764,1.552209932030403e-30,0.0,-0.0003074598613385463
565.6,-0.04432315261038498,1.552209932030403e-30,0.0,0.0023727203584898555
565.64,-0.04313517700741164,1.552209932030403e-30,0.0,0.029699390074360683
565.68,-0.043137992852434213,1.552209932030403e-30,0.0,-7.039612556447e-05
565.72,-0.043664809776465224,1.552209932030403e-30,0.0,-0.013170423100749847
565.76,-0.044640411143579306,1.552209932030403e-30,0.0,-0.02439003417787427
565.8,-0.043958976093290185,1.552209932030403e-30,0.0,0.01703587625724357
565.82,-0.04386878719565525,1.552209932030403e-30,0.0,0.004509444881725269
565.86,-0.04281471283889169,1.552209932030403e-30,0.0,0.02635185891911295
565.9,-0.04181783962980643,1.552209932030403e-30,0.0,0.02492183022715408
565.94,-0.04300433015824017,1.552209932030403e-30,0.0,-0.02966226321078624
565.98,-0.04186004132821436,1.552209932030403e-30,0.0,0.028607220750671344
566.02,-0.04394358849648076,1.552209932030403e-30,0.0,-0.05208867920670733
566.06,-0.043994613507511854,1.552209932030403e-30,0.0,-0.0012756252757786294
566.1,-0.04419390412784604,1.552209932030403e-30,0.0,-0.004982265508345001
566.14,-0.04411068157440341,1.552209932030403e-30,0.0,0.0020805638360675287
566.18,-0.0449371221725126,1.552209932030403e-30,0.0,-0.020661014952748427
566.22,-0.04541216843560923,1.552209932030403e-30,0.0,-0.01187615657739285
566.26,-0.044356761562415574,1.552209932030403e-30,0.0,0.02638517182986552
566.28,-0.045283779874133054,1.552209932030403e-30,0.0,-0.04635091558591628
566.32,-0.04459833720423976,1.552209932030403e-30,0.0,0.01713606674729921
566.36,-0.044137531581480836,1.552209932030403e-30,0.0,0.011520140568983546
566.4,-0.04296963757359945,1.552209932030403e-30,0.0,0.02919735019706121
566.44,-0.04412355441986177,1.552209932030403e-30,0.0,-0.02884792115650235
566.48,-0.04494633160740502,1.552209932030403e-30,0.0,-0.020569429688599945
566.52,-0.0446341505123138,1.552209932030403e-30,0.0,0.007804527377287705
566.56,-0.04530581176653902,1.552209932030403e-30,0.0,-0.016791531355645782
566.6,-0.04440703102217617,1.552209932030403e-30,0.0,0.022469518609027867
566.64,-0.04355075678967179,1.552209932030403e-30,0.0,0.021406855812629067
566.68,-0.04347203413783082,1.552209932030403e-30,0.0,0.0019680662960259603
566.72,-0.04315154241160795,1.552209932030403e-30,0.0,0.008012293155556403
566.76,-0.042763394842838635,1.552209932030403e-30,0.0,0.009703689219241708
566.8,-0.041744906096820425,1.552209932030403e-30,0.0,0.025462218650478353
566.84,-0.04144534462858517,1.552209932030403e-30,0.0,0.007489036705866906
566.88,-0.04102359333828106,1.552209932030403e-30,0.0,0.010543782257612447
566.9,-0.04086945935897814,1.552209932030403e-30,0.0,0.00770669896515289
566.94,-0.03974948343715252,1.552209932030403e-30,0.0,0.02799939804558657
566.98,-0.04033207380701566,1.552209932030403e-30,0.0,-0.014564759246591704
567.02,-0.04178963676008606,1.552209932030403e-30,0.0,-0.03643907382679318
567.06,-0.04082830964737793,1.552209932030403e-30,0.0,0.024033177817725133
567.1,-0.04014653079358654,1.552209932030403e-30,0.0,0.017044471344751688
567.14,-0.040033085192365245,1.552209932030403e-30,0.0,0.002836140030535095
567.18,-0.040464746469444965,1.552209932030403e-30,0.0,-0.010791531927002862
567.22,-0.04024050726642926,1.552209932030403e-30,0.0,0.0056059800753817
567.26,-0.041114791623881014,1.552209932030403e-30,0.0,-0.021857108936313624
567.3,-0.04232297603381427,1.552209932030403e-30,0.0,-0.030204610248358833
567.34,-0.04173869168089977,1.552209932030403e-30,0.0,0.014607108822834211
567.38,-0.042311158804044735,1.552209932030403e-30,0.0,-0.014311678078637214
567.42,-0.043261580641898806,1.552209932030403e-30,0.0,-0.023760545946373442
567.46,-0.04517057250704371,1.552209932030403e-30,0.0,-0.04772479662853042
567.5,-0.04599541109904491,1.552209932030403e-30,0.0,-0.020620964800048713
567.54,-0.04617111706288495,1.552209932030403e-30,0.0,-0.004392649096005098
567.58,-0.045554491574661474,1.552209932030403e-30,0.0,0.015415637205557236
567.62,-0.04636010638943931,1.552209932030403e-30,0.0,-0.02014037036946436
567.66,-0.045258528746597824,1.552209932030403e-30,0.0,0.02753944107106219
567.7,-0.04459937879387198,1.552209932030403e-30,0.0,0.016478748818114345
567.74,-0.04463065275657339,1.552209932030403e-30,0.0,-0.0007818490675360313
567.78,-0.04385462922622037,1.552209932030403e-30,0.0,0.019400588258843048
567.82,-0.04323129613644982,1.552209932030403e-30,0.0,0.015583327244233587
567.86,-0.043242187982583724,1.552209932030403e-30,0.0,-0.0002722961533478014
567.9,-0.0437375356162435,1.552209932030403e-30,0.0,-0.012383690841505724
567.94,-0.043711867722558854,1.552209932030403e-30,0.0,0.0006416973421148794
567.98,-0.04405883538163472,1.552209932030403e-30,0.0,-0.008674191476904583
568.02,-0.04364020575547466,1.552209932030403e-30,0.0,0.010465740654011044
568.06,-0.04393302050940117,1.552209932030403e-30,0.0,-0.0073203688481692855
568.1,-0.045225343968801436,1.552209932030403e-30,0.0,-0.0323080864849442
568.14,-0.045939582390624956,1.552209932030403e-30,0.0,-0.017855960545604226
568.18,-0.045981495221912375,1.552209932030403e-30,0.0,-0.0010478207821864453
568.22,-0.04779621951961643,1.552209932030403e-30,0.0,-0.04536810744251368
568.26,-0.04800159385659408,1.552209932030403e-30,0.0,-0.005134358424446032
568.3,-0.04777661910442021,1.552209932030403e-30,0.0,0.0056243688043520505
568.34,-0.04878118408795086,1.552209932030403e-30,0.0,-0.025114124588217778
568.38,-0.047513856542263214,1.552209932030403e-30,0.0,0.03168318864221991
568.42,-0.04795730149989914,1.552209932030403e-30,0.0,-0.011086123940908079
568.46,-0.04753454471635485,1.552209932030403e-30,0.0,0.010568919588586823
568.5,-0.04684461566933628,1.552209932030403e-30,0.0,0.017248226175479827
568.54,-0.046877591632909506,1.552209932030403e-30,0.0,-0.0008243990893314698
568.58,-0.0475434311704932,1.552209932030403e-30,0.0,-0.016645988439560246
568.62,-0.04784745664075118,1.552209932030403e-30,0.0,-0.007600636756456424
568.66,-0.04735845819461172,1.552209932030403e-30,0.0,0.012224961153497457
568.7,-0.0476622734122441,1.552209932030403e-30,0.0,-0.007595380440794762
568.74,-0.04763700764137175,1.552209932030403e-30,0.0,0.0006316442718092049
568.76,-0.046640863250880495,1.552209932030403e-30,0.0,0.04980721952460804
568.8,-0.04611279476603542,1.552209932030403e-30,0.0,0.013201712121138853
568.84,-0.04477457479947843,1.552209932030403e-30,0.0,0.033455499163860085
568.88,-0.04701567267666305,1.552209932030403e-30,0.0,-0.056027446929666394
568.92,-0.04575870240578243,1.552209932030403e-30,0.0,0.03142425677204427
568.96,-0.045955186643797497,1.552209932030403e-30,0.0,-0.00491210595036725
569.0,-0.04675406828874326,1.552209932030403e-30,0.0,-0.0199720411236622
569.04,-0.04621182985159167,1.552209932030403e-30,0.0,0.01355596092880214
569.08,-0.046738921073090196,1.552209932030403e-30,0.0,-0.013177280537437783
569.12,-0.04699219108169427,1.552209932030403e-30,0.0,-0.006331750215107721
569.16,-0.046019375733835584,1.552209932030403e-30,0.0,0.02432038369648934
569.2,-0.04589053475796866,1.552209932030403e-30,0.0,0.003221024396667002
569.24,-0.04796500998210124,1.552209932030403e-30,0.0,-0.05186188060336158
569.28,-0.048774688500387055,1.552209932030403e-30,0.0,-0.020241962957163833
569.32,-0.04773591931243461,1.552209932030403e-30,0.0,0.0259692296987609
569.36,-0.04698465435465121,1.552209932030403e-30,0.0,0.018781623944602
569.4,-0.046866255152429245,1.552209932030403e-30,0.0,0.002959980055551836
569.44,-0.04840786435627101,1.552209932030403e-30,0.0,-0.03854023009596957
569.48,-0.047620887161741655,1.552209932030403e-30,0.0,0.019674429863251665
569.52,-0.0469232144648402,1.552209932030403e-30,0.0,0.01744181742255222
569.56,-0.046600665188355886,1.552209932030403e-30,0.0,0.00806373191211512
569.6,-0.04698319325858716,1.552209932030403e-30,0.0,-0.009563201755763303
569.64,-0.04667802561944995,1.552209932030403e-30,0.0,0.007629190978437223
569.66,-0.04646580317741857,1.552209932030403e-30,0.0,0.010611122101578536
569.7,-0.047670732207012984,1.552209932030403e-30,0.0,-0.030123225739802126
569.74,-0.047711978884687124,1.552209932030403e-30,0.0,-0.0010311669418544556
569.78,-0.04884579746488747,1.552209932030403e-30,0.0,-0.028345464505034473
569.82,-0.04931337815366708,1.552209932030403e-30,0.0,-0.01168951721946761
569.86,-0.049499755619879855,1.552209932030403e-30,0.0,-0.004659436655323665
569.9,-0.050081276049174214,1.552209932030403e-30,0.0,-0.01453801073237212
569.94,-0.05045359608103545,1.552209932030403e-30,0.0,-0.009308000796512894
569.98,-0.049849201465993004,1.552209932030403e-30,0.0,0.015109865376074965
570.02,-0.04848468648490557,1.552209932030403e-30,0.0,0.03411287452721673
570.06,-0.04925798913729461,1.552209932030403e-30,0.0,-0.019332566309743494
570.1,-0.04774359398039081,1.552209932030403e-30,0.0,0.037859878922521836
570.14,-0.04772079856744504,1.552209932030403e-30,0.0,0.0005698853236448533
570.18,-0.04745835918559975,1.552209932030403e-30,0.0,0.00656098454613823
570.22,-0.04853816242683146,1.552209932030403e-30,0.0,-0.0269950810307407
570.26,-0.04872331406111004,1.552209932030403e-30,0.0,-0.004628790856968649
570.3,-0.048026092003607204,1.552209932030403e-30,0.0,0.017430551437586747
570.34,-0.04768650968056519,1.552209932030403e-30,0.0,0.00848955807603399
570.38,-0.04730961970839914,1.552209932030403e-30,0.0,0.009422249304159724
570.42,-0.04721375220872213,1.552209932030403e-30,0.0,0.0023966874919274625
570.46,-0.04695627392045041,1.552209932030403e-30,0.0,0.006436957206780552
570.5,-0.04779069811233001,1.552209932030403e-30,0.0,-0.02086060479700902
570.54,-0.048440897471065975,1.552209932030403e-30,0.0,-0.016254983968413884
570.58,-0.04875137975516883,1.552209932030403e-30,0.0,-0.007762057102556405
570.62,-0.04918898367075175,1.552209932030403e-30,0.0,-0.010940097889582993
570.66,-0.04998077290481056,1.552209932030403e-30,0.0,-0.01979473085148824
570.7,-0.050763273005193864,1.552209932030403e-30,0.0,-0.019562502509544808
570.74,-0.05113090460324683,1.552209932030403e-30,0.0,-0.009190789951332597
570.78,-0.05019850213330591,1.552209932030403e-30,0.0,0.023310061748544324
570.82,-0.04996342822902875,1.552209932030403e-30,0.0,0.00587684760691746
570.86,-0.04868155347128391,1.552209932030403e-30,0.0,0.032046868943650206
570.9,-0.04839207837086342,1.552209932030403e-30,0.0,0.007236877510518776
570.92,-0.0477186466944742,1.552209932030403e-30,0.0,0.03367158381949183
570.96,-0.04526700363623755,1.552209932030403e-30,0.0,0.06129107645579776
571.0,-0.04538912922701414,1.552209932030403e-30,0.0,-0.0030531397694174103
571.04,-0.046708058182703,1.552209932030403e-30,0.0,-0.032973223892251616
571.08,-0.04659220756820477,1.552209932030403e-30,0.0,0.00289626536245023
571.12,-0.04647068965479446,1.552209932030403e-30,0.0,0.0030379478352605973
571.16,-0.045012326540552906,1.552209932030403e-30,0.0,0.03645907785607198
571.2,-0.046610530009861546,1.552209932030403e-30,0.0,-0.0399550867326388
571.24,-0.04758608291044492,1.552209932030403e-30,0.0,-0.024388822514606556
571.28,-0.046165952015504344,1.552209932030403e-30,0.0,0.035503272373546724
571.32,-0.04539290926686981,1.552209932030403e-30,0.0,0.01932606871582593
571.36,-0.043362944164342,1.552209932030403e-30,0.0,0.05074912756324152
571.4,-0.04316956377118125,1.552209932030403e-30,0.0,0.004834509829023052
571.44,-0.04169777239877339,1.552209932030403e-30,0.0,0.036794784310125464
571.48,-0.04112741166577099,1.552209932030403e-30,0.0,0.014259018325073033
571.52,-0.04192600788018078,1.552209932030403e-30,0.0,-0.019964905360262793
571.56,-0.04276923111736685,1.552209932030403e-30,0.0,-0.02108058092967101
571.6,-0.04233916116774818,1.552209932030403e-30,0.0,0.010751748740446081
571.64,-0.041932277872587964,1.552209932030403e-30,0.0,0.010172082379014647
571.68,-0.04193674470936402,1.552209932030403e-30,0.0,-0.00011167091940149708
571.72,-0.041960107608434084,1.552209932030403e-30,0.0,-0.0005840724767505614
571.76,-0.04141165477676965,1.552209932030403e-30,0.0,0.013711320791623453
571.8,-0.04038118740659718,1.552209932030403e-30,0.0,0.02576168425433516
571.84,-0.0417054287695919,1.552209932030403e-30,0.0,-0.03310603407480397
571.88,-0.04190886227592237,1.552209932030403e-30,0.0,-0.005085837658266482
571.9,-0.041199952758624286,1.552209932030403e-30,0.0,0.03544547586493671
571.94,-0.04233681934024739,1.552209932030403e-30,0.0,-0.028421664540522723
571.98,-0.04244108585442573,1.552209932030403e-30,0.0,-0.0026066628544607474
572.02,-0.043367828401273976,1.552209932030403e-30,0.0,-0.023168563671227268
572.06,-0.04343405356519166,1.552209932030403e-30,0.0,-0.001655629097943543
572.12,-0.04278662667854485,1.552209932030403e-30,0.0,0.010790448110769423
572.16,-0.04190655535886847,1.552209932030403e-30,0.0,0.022001782991929734
572.2,-0.041251274706361196,1.552209932030403e-30,0.0,0.01638201631265005
572.24,-0.04208087187524395,1.552209932030403e-30,0.0,-0.02073992922208772
572.28,-0.04039713774362455,1.552209932030403e-30,0.0,0.04209335329052327
572.32,-0.040285759014973554,1.552209932030403e-30,0.0,0.0027844682162695804
572.36,-0.03828803953793678,1.552209932030403e-30,0.0,0.04994298692596473
572.4,-0.03819197445445978,1.552209932030403e-30,0.0,0.0024016270869272995
572.44,-0.037164157925889764,1.552209932030403e-30,0.0,0.025695413214200706
572.48,-0.03718452766889048,1.552209932030403e-30,0.0,-0.0005092435750183658
572.52,-0.03782769412400667,1.552209932030403e-30,0.0,-0.01607916137791926
572.56,-0.038011417069512075,1.552209932030403e-30,0.0,-0.0045930736376393255
572.6,-0.03656516381554299,1.552209932030403e-30,0.0,0.036156331349157196
572.64,-0.03644382127214033,1.552209932030403e-30,0.0,0.0030335635850691723
572.68,-0.03576574995737146,1.552209932030403e-30,0.0,0.016951782869237236
572.72,-0.03473580474237001,1.552209932030403e-30,0.0,0.02574863037498652
572.76,-0.0339951534778321,1.552209932030403e-30,0.0,0.01851628161346456
572.8,-0.03511884133471971,1.552209932030403e-30,0.0,-0.028092196422215686
572.84,-0.03427954122585936,1.552209932030403e-30,0.0,0.02098250272146803
572.9,-0.03498977760690228,1.552209932030403e-30,0.0,-0.011837273017392666
572.92,-0.03531073000688825,1.552209932030403e-30,0.0,-0.01604761999931331
572.96,-0.03415003989389484,1.552209932030403e-30,0.0,0.029017252824779162
573.0,-0.035172318580378205,1.552209932030403e-30,0.0,-0.02555696716210744
573.04,-0.03569542226957845,1.552209932030403e-30,0.0,-0.013077592230017905
573.08,-0.03667409294438855,1.552209932030403e-30,0.0,-0.02446676687020531
573.12,-0.0379318362146894,1.552209932030403e-30,0.0,-0.03144358175754979
573.16,-0.03794104379595324,1.552209932030403e-30,0.0,-0.00023018953159611804
573.2,-0.03758601651899397,1.552209932030403e-30,0.0,0.00887568192396453
573.24,-0.037470771096412774,1.552209932030403e-30,0.0,0.002881135564532622
573.28,-0.037104021033700654,1.552209932030403e-30,0.0,0.009168751567811335
573.32,-0.037862244968524375,1.552209932030403e-30,0.0,-0.01895559837055641
573.36,-0.03703301845385624,1.552209932030403e-30,0.0,0.020730662866722215
573.4,-0.03842428446264486,1.552209932030403e-30,0.0,-0.03478165021974733
573.44,-0.03748708408324422,1.552209932030403e-30,0.0,0.02343000948497072
573.48,-0.03617425698482013,1.552209932030403e-30,0.0,0.03282067746063205
573.52,-0.03606347486121174,1.552209932030403e-30,0.0,0.0027695530902122384
573.56,-0.036457094741649904,1.552209932030403e-30,0.0,-0.00984049701096299
573.6,-0.03767816349605067,1.552209932030403e-30,0.0,-0.030526718859960212
573.64,-0.038738060611983094,1.552209932030403e-30,0.0,-0.026497427898334664
573.68,-0.03947658111295416,1.552209932030403e-30,0.0,-0.018463012524293408
573.72,-0.03862367500903117,1.552209932030403e-30,0.0,0.021322652598033447
573.76,-0.03828683693085794,1.552209932030403e-30,0.0,0.008420951954338503
573.8,-0.03928848526640478,1.552209932030403e-30,0.0,-0.025041208388693878
573.84,-0.037573334930831,1.552209932030403e-30,0.0,0.04287875838926155
573.88,-0.03831923733236994,1.552209932030403e-30,0.0,-0.018647560038490437
573.92,-0.038626771460221934,1.552209932030403e-30,0.0,-0.007688353196306757
573.96,-0.037615927131731446,1.552209932030403e-30,0.0,0.02527110821221342
574.0,-0.03850909931534759,1.552209932030403e-30,0.0,-0.022329304590423944
574.04,-0.03817784833884502,1.552209932030403e-30,0.0,0.008281274412571753
574.08,-0.03912623904086465,1.552209932030403e-30,0.0,-0.023709767550444922
574.12,-0.03946711904429028,1.552209932030403e-30,0.0,-0.008522000085648575
574.16,-0.03997031802392776,1.552209932030403e-30,0.0,-0.012579974490948352
574.2,-0.03878989303110897,1.552209932030403e-30,0.0,0.029510624820412792
574.24,-0.03880260806350343,1.552209932030403e-30,0.0,-0.00031787580986181814
574.28,-0.03765940935630145,1.552209932030403e-30,0.0,0.028579967680075428
574.32,-0.0357560360007764,1.552209932030403e-30,0.0,0.04758433388803443
574.36,-0.0364763582155513,1.552209932030403e-30,0.0,-0.018008055369388855
574.4,-0.03743738951541834,1.552209932030403e-30,0.0,-0.024025782496697894
574.44,-0.03772685321553182,1.552209932030403e-30,0.0,-0.007236592502823025
574.48,-0.03713515310752709,1.552209932030403e-30,0.0,0.014792502700131731
574.52,-0.03678282170525694,1.552209932030403e-30,0.0,0.008808285056761707
574.56,-0.03568915358997797,1.552209932030403e-30,0.0,0.027341702881999184
574.6,-0.034870723718455635,1.552209932030403e-30,0.0,0.02046074678801879
574.64,-0.036457077391982964,1.552209932030403e-30,0.0,-0.03965884183821926
574.7,-0.037220340033033164,1.552209932030403e-30,0.0,-0.012721044017490761
574.74,-0.037260880760941945,1.552209932030403e-30,0.0,-0.0010135181977205072
574.78,-0.03763429220655832,1.552209932030403e-30,0.0,-0.00933528614041793
574.82,-0.03720547478256737,1.552209932030403e-30,0.0,0.01072043559975309
574.86,-0.03906916664812913,1.552209932030403e-30,0.0,-0.0465922966390865
574.9,-0.03866756912481847,1.552209932030403e-30,0.0,0.010039938082775758
574.94,-0.03803866659984629,1.552209932030403e-30,0.0,0.01572256312427408
574.98,-0.03890839246388614,1.552209932030403e-30,0.0,-0.021743146601016016
575.02,-0.03794900706836496,1.552209932030403e-30,0.0,0.02398463488805132
575.06,-0.03970188507225864,1.552209932030403e-30,0.0,-0.04382195009738198
575.1,-0.03954893390305778,1.552209932030403e-30,0.0,0.003823779230014141
575.14,-0.03884858714974581,1.552209932030403e-30,0.0,0.01750866883281519
575.18,-0.04023013419044807,1.552209932030403e-30,0.0,-0.03453867601758791
575.22,-0.03927501971339349,1.552209932030403e-30,0.0,0.023877861926318304
575.26,-0.03976511263803953,1.552209932030403e-30,0.0,-0.012252323116162055
575.3,-0.03946354881921187,1.552209932030403e-30,0.0,0.007539095470698179
575.34,-0.03955868842996294,1.552209932030403e-30,0.0,-0.0023784902687721756
575.38,-0.04086334999288252,1.552209932030403e-30,0.0,-0.03261653907301912
575.42,-0.042049674257963854,1.552209932030403e-30,0.0,-0.029658106627060348
575.46,-0.04185567840332714,1.552209932030403e-30,0.0,0.004849896365908406
575.5,-0.04279147915082073,1.552209932030403e-30,0.0,-0.02339501868736102
575.56,-0.044163802245346766,1.552209932030403e-30,0.0,-0.022872051575454667
575.6,-0.04383168035843285,1.552209932030403e-30,0.0,0.008303047172831802
575.64,-0.04127604088969634,1.552209932030403e-30,0.0,0.06389098671847092
575.68,-0.04200635074350133,1.552209932030403e-30,0.0,-0.018257746345141317
575.72,-0.04197980899822404,1.552209932030403e-30,0.0,0.0006635436319310045
575.76,-0.041666193120050835,1.552209932030403e-30,0.0,0.00784039695433726
575.8,-0.04117216889117094,1.552209932030403e-30,0.0,0.012350605722008698
575.84,-0.040145714039419834,1.552209932030403e-30,0.0,0.025661371293728023
575.88,-0.039501934918850845,1.552209932030403e-30,0.0,0.016094478014239365
575.92,-0.03940587802767849,1.552209932030403e-30,0.0,0.002401422279311031
575.96,-0.03912791154005377,1.552209932030403e-30,0.0,0.006949162190604679
576.0,-0.04008366170318241,1.552209932030403e-30,0.0,-0.02389375407823778
576.04,-0.04024392459628125,1.552209932030403e-30,0.0,-0.004006572327474588
576.08,-0.04040691344918445,1.552209932030403e-30,0.0,-0.004074721322572103
576.12,-0.04082972904438165,1.552209932030403e-30,0.0,-0.010570389879939782
576.16,-0.04244020048464226,1.552209932030403e-30,0.0,-0.04026178600655183
576.2,-0.04262060451877893,1.552209932030403e-30,0.0,-0.004510100853408003
576.24,-0.0445000576686528,1.552209932030403e-30,0.0,-0.04698632874688963
576.28,-0.04485765905335815,1.552209932030403e-30,0.0,-0.008940034617641953
576.32,-0.04714709101217589,1.552209932030403e-30,0.0,-0.057235798970332805
576.36,-0.04741403497858654,1.552209932030403e-30,0.0,-0.006673599160272314
576.4,-0.04707551707726771,1.552209932030403e-30,0.0,0.00846294753297839
576.44,-0.04820366990635136,1.552209932030403e-30,0.0,-0.02820382072703675
576.48,-0.04714231392882232,1.552209932030403e-30,0.0,0.026533899438250005
576.52,-0.04846723561789075,1.552209932030403e-30,0.0,-0.033123042226740756
576.56,-0.0478237104120487,1.552209932030403e-30,0.0,0.016088130146065895
576.6,-0.048182086470122676,1.552209932030403e-30,0.0,-0.008959401451832175
576.64,-0.047810926408613785,1.552209932030403e-30,0.0,0.00927900153773079
576.68,-0.04760050132582314,1.552209932030403e-30,0.0,0.005260627069770809
576.72,-0.048572588712411734,1.552209932030403e-30,0.0,-0.024302184664667808
576.76,-0.048023076905389823,1.552209932030403e-30,0.0,0.013737795175560182
576.8,-0.04717214174225447,1.552209932030403e-30,0.0,0.0212733790784033
576.84,-0.04845702653301499,1.552209932030403e-30,0.0,-0.032122119768950866
576.88,-0.04981537766831425,1.552209932030403e-30,0.0,-0.03395877838251247
