time,x,y,yaw
25.6,2.958662713966009e-14,1.5977875002781242e-30,-9.491973407443386e-16
25.62,2.958662704173045e-14,1.5977875932218534e-30,-9.492064554230505e-16
25.64,2.958662357615834e-14,1.5977908827580754e-30,-9.492059957000322e-16
25.66,2.958662314810674e-14,1.5977912890676844e-30,-9.492112588501296e-16
25.68,2.958662620116644e-14,1.5977883910718196e-30,-9.492051952960094e-16
25.7,2.958662759953404e-14,1.5977870637333873e-30,-9.492041086200596e-16
25.72,2.958662733243188e-14,1.5977873172614917e-30,-9.492061053714196e-16
25.74,2.9586632339518524e-14,1.5977825644948947e-30,-9.492078441370381e-16
25.76,2.9586633484441915e-14,1.5977814777106088e-30,-9.492150864677548e-16
25.78,2.95866355512742e-14,1.597779515819198e-30,-9.492224293443e-16
25.8,2.958663747207099e-14,1.5977776925477614e-30,-9.492151642370391e-16
25.82,2.958664041072521e-14,1.5977749031328225e-30,-9.492163506040867e-16
25.84,2.958664432524633e-14,1.5977711873866636e-30,-9.492186184401289e-16
25.86,2.95866492724934e-14,1.59776649136658e-30,-9.492165025507824e-16
25.88,2.9586653594347124e-14,1.5977623889433558e-30,-9.492279653647608e-16
25.9,2.958665722103117e-14,1.597758946421263e-30,-9.492162506375187e-16
25.92,2.958666033210575e-14,1.5977559933248443e-30,-9.492200454306574e-16
25.94,2.9586665306329814e-14,1.597751271716899e-30,-9.492156997467765e-16
25.96,2.958666856518689e-14,1.5977481783696252e-30,-9.491980999521517e-16
25.98,2.958667192191294e-14,1.5977449921634216e-30,-9.492027698109274e-16
26.0,2.958667464201851e-14,1.5977424102537084e-30,-9.491999997026662e-16
26.02,2.9586676595005585e-14,1.59774055647441e-30,-9.492004704610754e-16
26.04,2.958668132129508e-14,1.5977360702842607e-30,-9.491971353002833e-16
26.06,2.958668338151465e-14,1.5977341147254014e-30,-9.491983191149872e-16
26.08,2.958668615609407e-14,1.597731481142035e-30,-9.491802746468855e-16
26.1,2.958669000620613e-14,1.5977278266909128e-30,-9.491773597997191e-16
26.12,2.9586695772193447e-14,1.597722353812248e-30,-9.491659400845094e-16
26.14,2.9586698051336586e-14,1.5977201905213473e-30,-9.491552908683157e-16
26.16,2.958669842328887e-14,1.59771983747295e-30,-9.491672465967768e-16
26.18,2.9586704026193215e-14,1.5977145193910922e-30,-9.491629344282668e-16
26.2,2.9586706176450265e-14,1.597712478444309e-30,-9.49165179678669e-16
26.22,2.9586710559176886e-14,1.597708318546765e-30,-9.491525883861022e-16
26.24,2.958671223885735e-14,1.597706724284704e-30,-9.491429575573566e-16
26.26,2.958671259024864e-14,1.5977063907503838e-30,-9.491267978945155e-16
26.28,2.958671655151812e-14,1.5977026310061947e-30,-9.491224966959842e-16
26.3,2.9586719817118326e-14,1.5976995315540666e-30,-9.491165949676383e-16
26.32,2.958672609999491e-14,1.597693568371609e-30,-9.491069715545166e-16
26.34,2.958672844620936e-14,1.5976913415905268e-30,-9.490934538352516e-16
26.36,2.958673052423465e-14,1.5976893693466417e-30,-9.490978238810505e-16
26.38,2.958673735066244e-14,1.597682890376021e-30,-9.491135948760205e-16
26.4,2.958673932756804e-14,1.5976810140746084e-30,-9.491142100577748e-16
26.42,2.9586742745844556e-14,1.5976777697682562e-30,-9.491037594290782e-16
26.44,2.9586740557699237e-14,1.5976798465398602e-30,-9.490997487323301e-16
26.46,2.958674255967351e-14,1.5976779464641338e-30,-9.49102154752285e-16
26.48,2.9586744659848784e-14,1.5976759531909282e-30,-9.490978542249796e-16
26.5,2.958674791508711e-14,1.5976728636399684e-30,-9.49107632540501e-16
26.52,2.958674983969438e-14,1.5976710369711818e-30,-9.49105971421578e-16
26.54,2.9586749279273675e-14,1.597671568876831e-30,-9.491020550800725e-16
26.56,2.9586752325493856e-14,1.5976686777056056e-30,-9.491015636951595e-16
26.58,2.9586756516874054e-14,1.597664699677416e-30,-9.490963556907623e-16
26.6,2.9586754905759496e-14,1.5976662287870988e-30,-9.491016489248907e-16
26.62,2.958676184213528e-14,1.5976596455413966e-30,-9.490786286060783e-16
26.64,2.958676651370187e-14,1.5976552118757236e-30,-9.49077194692333e-16
26.66,2.9586766328438444e-14,1.5976553877097024e-30,-9.490751591501421e-16
26.68,2.9586770079059657e-14,1.5976518280828458e-30,-9.490744563225177e-16
26.7,2.9586772925589285e-14,1.597649126503382e-30,-9.490788315512274e-16
26.72,2.958677715306682e-14,1.5976451142884708e-30,-9.4908530644161e-16
26.74,2.9586780794629374e-14,1.5976416581379622e-30,-9.490883386017647e-16
26.76,2.9586779564463213e-14,1.597642825673215e-30,-9.490811765771986e-16
26.78,2.9586788445041705e-14,1.5976343973195055e-30,-9.490827211124512e-16
26.8,2.958679129720946e-14,1.5976316903615498e-30,-9.49102310517604e-16
26.82,2.958679309489671e-14,1.5976299841703593e-30,-9.490887552306527e-16
26.84,2.9586793206959356e-14,1.597629877808743e-30,-9.490931607695125e-16
26.86,2.958679463512301e-14,1.597628522356461e-30,-9.49097040114893e-16
26.88,2.9586796194845185e-14,1.5976270420341548e-30,-9.490996278842826e-16
26.9,2.9586796699867455e-14,1.59762656271168e-30,-9.490902688105143e-16
26.92,2.9586801725629e-14,1.597621792780049e-30,-9.490989418909025e-16
26.94,2.9586807315066543e-14,1.597616487890277e-30,-9.490910226573391e-16
26.96,2.958680792707256e-14,1.5976159070523487e-30,-9.490927989720583e-16
26.98,2.958680996885482e-14,1.5976139692138004e-30,-9.490905587465108e-16
27.0,2.9586809778623425e-14,1.5976141497512858e-30,-9.490850742715784e-16
27.02,2.958681463287358e-14,1.597609542684908e-30,-9.49078063933668e-16
27.04,2.9586818003729174e-14,1.5976063434757315e-30,-9.490853396111127e-16
27.06,2.958681914716825e-14,1.5976052582553395e-30,-9.490908710464142e-16
27.08,2.958682378394118e-14,1.5976008575399093e-30,-9.490871126962512e-16
27.1,2.9586824517188046e-14,1.5976001616200672e-30,-9.490862560698907e-16
27.12,2.9586829461326223e-14,1.5975954692062208e-30,-9.490724526312012e-16
27.14,2.958683128548871e-14,1.597593737944993e-30,-9.490695952393305e-16
27.16,2.958683833490382e-14,1.597587047511022e-30,-9.490807963964139e-16
27.18,2.958684002904405e-14,1.5975854396249083e-30,-9.490865713737764e-16
27.2,2.958684317377073e-14,1.5975824550343448e-30,-9.490764761555849e-16
27.22,2.9586848110155694e-14,1.5975777700170096e-30,-9.49081475563181e-16
27.24,2.958684866608419e-14,1.597577242405184e-30,-9.490757806243558e-16
27.26,2.958684864426113e-14,1.597577263138567e-30,-9.490898078531023e-16
27.28,2.9586853796743224e-14,1.597572372949138e-30,-9.490925843354542e-16
27.3,2.958685749122199e-14,1.597568866564869e-30,-9.49081833631595e-16
27.32,2.958686154787092e-14,1.5975650164938797e-30,-9.490744603412749e-16
27.34,2.9586865798656714e-14,1.597560982164112e-30,-9.49076110313341e-16
27.36,2.9586872901610994e-14,1.5975542409754437e-30,-9.490649999466063e-16
27.38,2.958687457863125e-14,1.5975526493719935e-30,-9.490599684125236e-16
27.4,2.958687405305343e-14,1.5975531481766033e-30,-9.490560927688099e-16
27.42,2.958687218932136e-14,1.597554916962704e-30,-9.490512503884103e-16
27.44,2.958688032455543e-14,1.5975471962345228e-30,-9.490441009022204e-16
27.46,2.958688494140376e-14,1.5975428146488766e-30,-9.490450472304593e-16
27.48,2.958688362721391e-14,1.5975440618709776e-30,-9.490383859690687e-16
27.5,2.958688597687263e-14,1.5975418319422243e-30,-9.490484138191228e-16
27.52,2.958689075536228e-14,1.597537296895871e-30,-9.490586505773254e-16
27.54,2.958689519328948e-14,1.5975330850539724e-30,-9.490553836166667e-16
27.56,2.958689319844007e-14,1.5975349782652925e-30,-9.49044477268058e-16
27.58,2.9586893060795346e-14,1.597535108892501e-30,-9.49039573157352e-16
27.6,2.958689288103959e-14,1.59753527948679e-30,-9.49048184884257e-16
27.62,2.958689271623833e-14,1.5975354358862e-30,-9.490397205336717e-16
27.64,2.9586893542125164e-14,1.5975346520845336e-30,-9.490310061192755e-16
27.66,2.958689292215162e-14,1.5975352404572396e-30,-9.49038356939366e-16
27.68,2.9586894640190406e-14,1.597533609973412e-30,-9.49037105679153e-16
27.7,2.958689414468606e-14,1.5975340802227474e-30,-9.490370941418415e-16
27.72,2.958689683481154e-14,1.597531527187609e-30,-9.4904642272896e-16
27.74,2.958690016454823e-14,1.597528367094085e-30,-9.490512297158843e-16
27.76,2.958689679969872e-14,1.597531560465434e-30,-9.490312475212516e-16
27.78,2.958689651048843e-14,1.597531834949081e-30,-9.490439260788109e-16
27.8,2.958690334487979e-14,1.5975253488273318e-30,-9.490368064204142e-16
27.82,2.958690478031319e-14,1.5975239865452763e-30,-9.490349839815343e-16
27.84,2.958690708578216e-14,1.597521798568869e-30,-9.49038021403833e-16
27.86,2.9586911835455774e-14,1.5975172909498647e-30,-9.49038131289396e-16
27.88,2.958691606297039e-14,1.597513278823103e-30,-9.490510184707353e-16
27.9,2.958691788364371e-14,1.597511550920062e-30,-9.490437791465095e-16
27.92,2.9586922682598743e-14,1.5975069965267673e-30,-9.490371593567674e-16
27.94,2.95869240178086e-14,1.597505729362167e-30,-9.490325761026129e-16
27.96,2.9586928236888235e-14,1.5975017253181446e-30,-9.490290400493351e-16
27.98,2.958693792799298e-14,1.597492528169043e-30,-9.490259286904328e-16
28.0,2.958694251742129e-14,1.597488172655398e-30,-9.49031866400602e-16
28.02,2.958694218729436e-14,1.597488485949527e-30,-9.490244782704356e-16
28.04,2.9586947541183286e-14,1.5974834049973456e-30,-9.490199764878475e-16
28.06,2.9586948328073724e-14,1.597482658236834e-30,-9.49017437963794e-16
28.08,2.958694861661016e-14,1.597482384407621e-30,-9.490136470929822e-16
28.1,2.95869490047077e-14,1.5974820160957057e-30,-9.490144117442038e-16
28.12,2.958695256861351e-14,1.5974786339215945e-30,-9.49006553902983e-16
28.14,2.958695260775214e-14,1.597478596779166e-30,-9.489965334167247e-16
28.16,2.958695432383777e-14,1.5974769682308685e-30,-9.489895005221728e-16
28.18,2.958695237983511e-14,1.597478813086836e-30,-9.489945381872825e-16
28.2,2.958695358078549e-14,1.5974776733920512e-30,-9.490007766507507e-16
28.22,2.95869579338038e-14,1.5974735423655993e-30,-9.490062019397686e-16
28.24,2.958695695059354e-14,1.5974744754584617e-30,-9.489959545339475e-16
28.26,2.958695944815363e-14,1.5974721052825033e-30,-9.489963308671578e-16
28.28,2.9586963453908205e-14,1.597468303825937e-30,-9.490129613595634e-16
28.3,2.958696680180771e-14,1.5974651266208008e-30,-9.490272081916453e-16
28.32,2.958697237999391e-14,1.5974598327281355e-30,-9.490351288932473e-16
28.34,2.958697522552091e-14,1.597457132230733e-30,-9.490312203726667e-16
28.36,2.958697835340757e-14,1.597454163754227e-30,-9.490433499669234e-16
28.38,2.958698293502443e-14,1.5974498156236994e-30,-9.490388099091038e-16
28.4,2.958698667141941e-14,1.597446269633149e-30,-9.490333229416865e-16
28.42,2.958698903857456e-14,1.5974440231355905e-30,-9.490301014873684e-16
28.44,2.958699071073407e-14,1.597442436197443e-30,-9.490330274856358e-16
28.46,2.9586993939408965e-14,1.5974393720911523e-30,-9.490292078390399e-16
28.48,2.9586994335396963e-14,1.597438996282805e-30,-9.490206429922453e-16
28.5,2.958699516623808e-14,1.5974382078079848e-30,-9.490156776727647e-16
28.52,2.958700208274775e-14,1.5974316439324712e-30,-9.490191590381813e-16
28.54,2.9587002059636054e-14,1.597431665854322e-30,-9.490215521140805e-16
28.56,2.958700480004078e-14,1.5974290651364785e-30,-9.49029639005104e-16
28.58,2.958700570409936e-14,1.59742820716284e-30,-9.490213772288085e-16
28.6,2.958700802714951e-14,1.597426002520614e-30,-9.490208790864971e-16
28.62,2.958700445195035e-14,1.5974293954480085e-30,-9.490184484451994e-16
28.64,2.9587010456302415e-14,1.5974236971810433e-30,-9.490168865111936e-16
28.66,2.9587014849411355e-14,1.5974195280233513e-30,-9.49029121513139e-16
28.68,2.958702493599277e-14,1.597409955586306e-30,-9.49024495871437e-16
28.7,2.958702300627488e-14,1.5974117869364023e-30,-9.490217758229478e-16
28.72,2.958702692172955e-14,1.5974080711051285e-30,-9.49009928596293e-16
28.74,2.958702892058079e-14,1.597406174162947e-30,-9.490199535757454e-16
28.76,2.9587027208618004e-14,1.5974077988412036e-30,-9.49014792860688e-16
28.78,2.958702513127484e-14,1.597409770260685e-30,-9.49025291994927e-16
28.8,2.958702646246309e-14,1.5974085069246097e-30,-9.490363553185255e-16
28.82,2.958702875177945e-14,1.5974063342845313e-30,-9.490466333781877e-16
28.84,2.9587028787806023e-14,1.5974063000951535e-30,-9.490479517953444e-16
28.86,2.958703267214065e-14,1.5974026137034645e-30,-9.490369414030032e-16
28.88,2.958703165821492e-14,1.5974035759590268e-30,-9.490435426983905e-16
28.9,2.958703696491875e-14,1.5973985396438457e-30,-9.490518348441585e-16
28.92,2.9587040286578e-14,1.5973953872068034e-30,-9.49060220597045e-16
28.94,2.9587046953614157e-14,1.59738905979313e-30,-9.490574658115234e-16
28.96,2.958704902369181e-14,1.597387095166187e-30,-9.49041882318283e-16
28.98,2.958705132124228e-14,1.5973849146776997e-30,-9.490477656357197e-16
29.0,2.9587059501256327e-14,1.5973771514246732e-30,-9.490565126639292e-16
29.02,2.958706466746227e-14,1.5973722484023602e-30,-9.490551523441063e-16
29.04,2.958706678260495e-14,1.59737024101842e-30,-9.4905100563996e-16
29.06,2.958706795366663e-14,1.5973691296207743e-30,-9.490417100410166e-16
29.08,2.958706924079215e-14,1.5973679081030564e-30,-9.490489964604278e-16
29.1,2.958707401450551e-14,1.5973633776503704e-30,-9.490442010803767e-16
29.12,2.958707793340194e-14,1.5973596584270204e-30,-9.49045720854106e-16
29.14,2.9587076273917156e-14,1.5973612333551824e-30,-9.490452277222446e-16
29.16,2.958707430111271e-14,1.597363105614488e-30,-9.490366092608026e-16
29.18,2.958707093362284e-14,1.5973663014819182e-30,-9.49039581361537e-16
29.2,2.958707405843206e-14,1.597363335888493e-30,-9.490500255285478e-16
29.22,2.958707445131705e-14,1.597362963033204e-30,-9.490580229153657e-16
29.24,2.958707372786915e-14,1.5973636496178243e-30,-9.490588527391514e-16
29.26,2.958707252813527e-14,1.5973647882293255e-30,-9.490511140581471e-16
29.28,2.958707814637022e-14,1.5973594562042464e-30,-9.490583920301201e-16
29.3,2.9587080412534746e-14,1.597357305486411e-30,-9.49051102848197e-16
29.32,2.958708764823231e-14,1.5973504384574252e-30,-9.490480416983665e-16
29.34,2.9587097533423316e-14,1.597341056935303e-30,-9.490439308901998e-16
29.36,2.958710175171357e-14,1.5973370536054954e-30,-9.490393934154737e-16
29.38,2.9587104619198856e-14,1.597334332246317e-30,-9.490424708237906e-16
29.4,2.9587108710511777e-14,1.5973304493640017e-30,-9.490543981472165e-16
29.42,2.958711296252407e-14,1.5973264140123837e-30,-9.490480220001153e-16
29.44,2.958711608754044e-14,1.597323448227829e-30,-9.490449348093237e-16
29.46,2.958712022104021e-14,1.5973195253358644e-30,-9.490543821821075e-16
29.48,2.958712272478351e-14,1.5973171491529626e-30,-9.490417102445428e-16
29.5,2.9587125475858603e-14,1.597314538258154e-30,-9.490500587154054e-16
29.52,2.958713093886522e-14,1.5973093536569115e-30,-9.490209887094642e-16
29.54,2.9587136788822297e-14,1.597303801931625e-30,-9.490119027779797e-16
29.56,2.9587139568291225e-14,1.5973011641608855e-30,-9.490262621635365e-16
29.58,2.95871409198399e-14,1.5972998815054075e-30,-9.490229962207292e-16
29.6,2.958714133064885e-14,1.5972994916363912e-30,-9.490179268771428e-16
29.62,2.9587143910239645e-14,1.5972970435637186e-30,-9.490129370901314e-16
29.64,2.958714432198952e-14,1.5972966527912894e-30,-9.490235794549578e-16
29.66,2.9587151599086397e-14,1.5972897466040502e-30,-9.490311551546484e-16
29.68,2.9587152674173585e-14,1.5972887263084362e-30,-9.490387957076038e-16
29.7,2.9587155281294235e-14,1.597286252057209e-30,-9.490270505195865e-16
29.72,2.9587155770714243e-14,1.5972857875796427e-30,-9.49032773372523e-16
29.74,2.958716020480336e-14,1.597281579510431e-30,-9.490235056508039e-16
29.76,2.958716031651687e-14,1.5972814734846493e-30,-9.490200680278822e-16
29.78,2.9587163883454e-14,1.5972780884188596e-30,-9.490148229590448e-16
29.8,2.9587166895391076e-14,1.5972752300442173e-30,-9.49016694923133e-16
29.82,2.9587169247487364e-14,1.597272997891596e-30,-9.490098360662694e-16
29.84,2.958716976720111e-14,1.597272504680857e-30,-9.490158933955513e-16
29.86,2.9587177491000836e-14,1.597265174645317e-30,-9.490224331243524e-16
29.88,2.958718021760698e-14,1.5972625870447914e-30,-9.490165150214472e-16
29.9,2.9587177287284727e-14,1.5972653679867953e-30,-9.490242551678237e-16
29.92,2.958717729646091e-14,1.5972653592979485e-30,-9.490116076115671e-16
29.94,2.9587177206980315e-14,1.5972654442034864e-30,-9.489971743713378e-16
29.96,2.9587183212426224e-14,1.5972597450776145e-30,-9.489926721051147e-16
29.98,2.9587186813062645e-14,1.5972563281242157e-30,-9.489913062013084e-16
30.0,2.958719118711369e-14,1.5972521771796598e-30,-9.489915748976352e-16
30.02,2.9587195394092716e-14,1.5972481847416134e-30,-9.490024398298788e-16
30.04,2.9587198354846867e-14,1.597245374975227e-30,-9.490109328679904e-16
30.06,2.9587202766091807e-14,1.5972411886307305e-30,-9.490182713747196e-16
30.08,2.958720953600517e-14,1.5972347638930824e-30,-9.490108565040776e-16
30.1,2.958721339375104e-14,1.5972311028594726e-30,-9.490015973226613e-16
30.12,2.9587214021998024e-14,1.59723050665528e-30,-9.489901185339024e-16
30.14,2.958721884241095e-14,1.5972259320623554e-30,-9.490107164118313e-16
30.16,2.9587225125783383e-14,1.5972199690501046e-30,-9.49015403227393e-16
30.18,2.958722557456044e-14,1.5972195431522184e-30,-9.490202313496366e-16
30.2,2.958722555993033e-14,1.5972195570335398e-30,-9.49010195617947e-16
30.22,2.958722635390693e-14,1.5972188035370977e-30,-9.490182228016664e-16
30.24,2.958723159140521e-14,1.5972138330646637e-30,-9.490110141439035e-16
30.26,2.9587227820402055e-14,1.597217411758981e-30,-9.490012467680053e-16
30.28,2.958722891826104e-14,1.5972163698910913e-30,-9.489929415565866e-16
30.3,2.9587229805072215e-14,1.5972155283158373e-30,-9.489813150873707e-16
30.32,2.958723773510727e-14,1.5972080028556422e-30,-9.489853644119236e-16
30.34,2.958724471069867e-14,1.5972013831104338e-30,-9.489879466159311e-16
30.36,2.9587245542586016e-14,1.5972005936599952e-30,-9.489969565012086e-16
30.38,2.958724875479878e-14,1.597197545280772e-30,-9.489954946437538e-16
30.4,2.9587250883521266e-14,1.5971955251223153e-30,-9.490009961393858e-16
30.42,2.9587255536612494e-14,1.5971911093563903e-30,-9.489981629928079e-16
30.44,2.9587256944308085e-14,1.597189773449025e-30,-9.49004259714932e-16
30.46,2.9587261957982584e-14,1.597185015480841e-30,-9.489946290961812e-16
30.48,2.958726028564034e-14,1.5971866025289595e-30,-9.49000120375528e-16
30.5,2.958726572788275e-14,1.597181437830803e-30,-9.490052216478966e-16
30.52,2.958726728042147e-14,1.5971799644487707e-30,-9.490139436118021e-16
30.54,2.958726619553535e-14,1.5971809940171606e-30,-9.490061669978217e-16
30.56,2.9587266544708395e-14,1.597180662657024e-30,-9.489898747080565e-16
30.58,2.958726992266614e-14,1.5971774570320253e-30,-9.48985874132804e-16
30.6,2.95872742567727e-14,1.59717334401919e-30,-9.48982733717362e-16
30.62,2.958727799543388e-14,1.5971697961048955e-30,-9.489826943384039e-16
30.64,2.958728039328998e-14,1.597167520597595e-30,-9.489697626768584e-16
30.66,2.958728647722103e-14,1.5971617471260363e-30,-9.489764740280923e-16
30.68,2.958729046904671e-14,1.597157959017652e-30,-9.48953416757773e-16
30.7,2.9587293127581425e-14,1.5971554361731915e-30,-9.489637466137267e-16
30.72,2.958729561000356e-14,1.597153080448997e-30,-9.489660600224368e-16
30.74,2.958730233400836e-14,1.5971466996147604e-30,-9.489675228971593e-16
30.76,2.958730182529477e-14,1.5971471823612927e-30,-9.489646189701471e-16
30.78,2.958730345696943e-14,1.5971456339740872e-30,-9.48981335223424e-16
30.8,2.958730990156241e-14,1.597139518148791e-30,-9.48993282314584e-16
30.82,2.958731045904342e-14,1.597138989121427e-30,-9.489948702467316e-16
30.84,2.958730987794876e-14,1.597139540577288e-30,-9.489809331133631e-16
30.86,2.9587316361534594e-14,1.5971333878230818e-30,-9.489712949859187e-16
30.88,2.958732070786335e-14,1.5971292632760578e-30,-9.489753368897517e-16
30.9,2.958732516311842e-14,1.5971250353617288e-30,-9.489698761872532e-16
30.92,2.958732606408305e-14,1.597124180368905e-30,-9.489842274617106e-16
30.94,2.95873234798407e-14,1.5971266327676196e-30,-9.489851368022969e-16
30.96,2.958732954532104e-14,1.5971208767015738e-30,-9.489902761180033e-16
30.98,2.958732753956452e-14,1.597122780159937e-30,-9.489930930250748e-16
31.0,2.95873309348816e-14,1.597119557996277e-30,-9.490007328182152e-16
31.02,2.958733168356815e-14,1.5971188474909008e-30,-9.490030997896184e-16
31.04,2.958733440834629e-14,1.5971162616475655e-30,-9.490040271847537e-16
31.06,2.958733392638057e-14,1.597116719039791e-30,-9.490124716301854e-16
31.08,2.958733474935478e-14,1.597115938024846e-30,-9.490112844346602e-16
31.1,2.958733515141189e-14,1.5971155564575273e-30,-9.490161260501487e-16
31.12,2.9587336594763544e-14,1.5971141867034818e-30,-9.490029221294335e-16
31.14,2.9587340230848257e-14,1.597110736026485e-30,-9.49012149280478e-16
31.16,2.958734247668696e-14,1.5971086046988895e-30,-9.490059930253722e-16
31.18,2.9587338623262836e-14,1.5971122616274497e-30,-9.490047011089406e-16
31.2,2.958734403286713e-14,1.5971071278842646e-30,-9.490085203359257e-16
31.22,2.958734581637312e-14,1.597105435333431e-30,-9.490049024617108e-16
31.24,2.958734856802316e-14,1.597102824017157e-30,-9.48997104317113e-16
31.26,2.958735010797799e-14,1.5971013626075995e-30,-9.489957651733776e-16
31.28,2.9587353076465165e-14,1.5970985455176504e-30,-9.48992839741607e-16
31.3,2.958734955828246e-14,1.597101884233516e-30,-9.489869899937516e-16
31.32,2.9587354128792915e-14,1.5970975468776647e-30,-9.489843618113807e-16
31.34,2.9587358618821715e-14,1.597093285938272e-30,-9.489805250397978e-16
31.36,2.958736282816058e-14,1.5970892913583727e-30,-9.489798948994896e-16
31.38,2.958736535362637e-14,1.5970868947435556e-30,-9.48978101215773e-16
31.4,2.958736795903734e-14,1.5970844222723595e-30,-9.489613825863997e-16
31.42,2.9587369087923916e-14,1.5970833510177088e-30,-9.489475996783359e-16
31.44,2.95873704082336e-14,1.597082098115512e-30,-9.489497331301084e-16
31.46,2.9587374129735884e-14,1.5970785665799953e-30,-9.489377915235669e-16
31.48,2.9587373969720126e-14,1.59707871842006e-30,-9.489240246018955e-16
31.5,2.958738114595321e-14,1.5970719087135426e-30,-9.489225393590537e-16
31.52,2.9587387421052413e-14,1.5970659541508784e-30,-9.48923827013822e-16
31.54,2.958738843944725e-14,1.5970649877689795e-30,-9.489227894114103e-16
31.56,2.9587392200515435e-14,1.5970614188363247e-30,-9.489112591354515e-16
31.58,2.958739127001096e-14,1.5970623018018624e-30,-9.489150979565897e-16
31.6,2.958739403335366e-14,1.5970596796564474e-30,-9.489084263972511e-16
31.62,2.958739947582352e-14,1.597054515226398e-30,-9.489060099898913e-16
31.64,2.9587404958380554e-14,1.597049312846935e-30,-9.48895892781776e-16
31.66,2.958740616664286e-14,1.5970481663393176e-30,-9.488912569386195e-16
31.68,2.958740810441573e-14,1.5970463276088663e-30,-9.488908153182235e-16
31.7,2.958740851974948e-14,1.597045933503261e-30,-9.48892298323493e-16
31.72,2.95874057530869e-14,1.5970485587741975e-30,-9.488921622834517e-16
31.74,2.9587411320664936e-14,1.597043275764899e-30,-9.488680000564354e-16
31.76,2.958741372547574e-14,1.5970409939354073e-30,-9.488620926062448e-16
31.78,2.958741623982938e-14,1.5970386081704172e-30,-9.488586362389783e-16
31.8,2.9587418093172375e-14,1.5970368496016125e-30,-9.488543800288372e-16
31.82,2.958742157269196e-14,1.5970335480531745e-30,-9.488545586377851e-16
31.84,2.9587423575996843e-14,1.5970316472128317e-30,-9.488553093667792e-16
31.86,2.9587427016338085e-14,1.5970283828259195e-30,-9.488623067814757e-16
31.88,2.9587426558541e-14,1.5970288172214982e-30,-9.488462915113403e-16
31.9,2.958743310934668e-14,1.597022601459117e-30,-9.488679075730808e-16
31.92,2.9587442062811084e-14,1.5970141058024798e-30,-9.488722580617557e-16
31.94,2.958744267828131e-14,1.5970135218082062e-30,-9.488647125418322e-16
31.96,2.9587447772047126e-14,1.5970086885001436e-30,-9.488681725135936e-16
31.98,2.9587448055734735e-14,1.5970084193273487e-30,-9.488541259301606e-16
32.0,2.958744975166417e-14,1.5970068101331113e-30,-9.48858104983268e-16
32.02,2.9587449806195273e-14,1.597006758387341e-30,-9.488456448241065e-16
32.04,2.95874509353009e-14,1.5970056870372817e-30,-9.488376505967239e-16
32.06,2.958745630267512e-14,1.597000594232704e-30,-9.48852932347418e-16
32.08,2.958745844567551e-14,1.5969985608263878e-30,-9.48868976979824e-16
32.1,2.9587462336478856e-14,1.596994868950757e-30,-9.48874968041035e-16
32.12,2.9587464925405135e-14,1.5969924123755216e-30,-9.488754024766751e-16
32.14,2.958746383696381e-14,1.5969934451621325e-30,-9.488576776564006e-16
32.16,2.958747071195052e-14,1.596986921741827e-30,-9.488595748885082e-16
32.18,2.958747474555035e-14,1.596983094439728e-30,-9.488616370074071e-16
32.2,2.9587477486210673e-14,1.596980493931803e-30,-9.48871367768784e-16
32.22,2.9587480348634265e-14,1.5969777778713807e-30,-9.488632940228968e-16
32.24,2.9587478295075835e-14,1.59697972641689e-30,-9.488624885961965e-16
32.26,2.958748435269199e-14,1.596973978494416e-30,-9.488757791651253e-16
32.28,2.958748891773995e-14,1.596969646820283e-30,-9.488841733745535e-16
32.3,2.95874901276185e-14,1.5969684987964898e-30,-9.488703705995957e-16
32.32,2.958749269627837e-14,1.596966061484479e-30,-9.48860960049135e-16
32.34,2.9587494011501226e-14,1.5969648135157782e-30,-9.488673813010782e-16
32.36,2.9587493693163394e-14,1.596965115573355e-30,-9.488582899010521e-16
32.38,2.958749725014029e-14,1.5969617404793695e-30,-9.488612801571048e-16
32.4,2.958750017660668e-14,1.5969589636798127e-30,-9.488616590029002e-16
32.42,2.958750049507025e-14,1.5969586614994093e-30,-9.488612271021384e-16
32.44,2.958750342658994e-14,1.5969558798886828e-30,-9.488652116976721e-16
32.46,2.95875036738415e-14,1.596955645278342e-30,-9.488718792782487e-16
32.48,2.9587511349120715e-14,1.596948362416032e-30,-9.488747634955238e-16
32.5,2.958751494258924e-14,1.5969449526760678e-30,-9.48870408237254e-16
32.52,2.9587513159112755e-14,1.5969466449510358e-30,-9.488629126596884e-16
32.54,2.958751843811093e-14,1.5969416359007216e-30,-9.488622315586028e-16
32.56,2.9587520031812433e-14,1.596940123695787e-30,-9.488612203721924e-16
32.58,2.9587519575734495e-14,1.5969405564570253e-30,-9.488641278096356e-16
32.6,2.958751883205742e-14,1.596941262114675e-30,-9.488495181851881e-16
32.62,2.958751885791107e-14,1.5969412375795494e-30,-9.488593784691163e-16
32.64,2.958752531252396e-14,1.5969351130797967e-30,-9.48861467108872e-16
32.66,2.958752707563909e-14,1.5969334401222823e-30,-9.48863804275501e-16
32.68,2.958753101078908e-14,1.596929706208159e-30,-9.488531872135617e-16
32.7,2.958753496501673e-14,1.5969259542236925e-30,-9.488509339519772e-16
32.72,2.958753358159325e-14,1.5969272668952075e-30,-9.488552556809134e-16
32.74,2.958753840205147e-14,1.596922692963069e-30,-9.488635849108748e-16
32.76,2.958753954636168e-14,1.596921607170651e-30,-9.488631738307555e-16
32.78,2.95875423816743e-14,1.5969189168699688e-30,-9.488509732526647e-16
32.8,2.958754805789057e-14,1.596913530987112e-30,-9.488465378275728e-16
32.82,2.958755315477366e-14,1.596908694791502e-30,-9.48862707228665e-16
32.84,2.958755662793713e-14,1.5969053992400776e-30,-9.488650335060316e-16
32.86,2.958756429424117e-14,1.5968981249306424e-30,-9.488689559423395e-16
32.88,2.9587565646293665e-14,1.5968968419889747e-30,-9.48872025484514e-16
32.9,2.95875660418591e-14,1.5968964666471975e-30,-9.488743459479915e-16
32.92,2.958756996132052e-14,1.5968927475712483e-30,-9.488743575740815e-16
32.94,2.95875708464862e-14,1.596891907661385e-30,-9.488691455198145e-16
32.96,2.958757406645273e-14,1.5968888523204016e-30,-9.488695196766365e-16
32.98,2.958757111420966e-14,1.5968916536244762e-30,-9.488660979785446e-16
33.0,2.958757718426436e-14,1.596885893980941e-30,-9.488617633359554e-16
33.02,2.9587579458416125e-14,1.5968837361182078e-30,-9.488666482994295e-16
33.04,2.958758273865143e-14,1.5968806236265876e-30,-9.488595383100535e-16
33.06,2.958758721835342e-14,1.5968763730029296e-30,-9.488573037041775e-16
33.08,2.9587588658125066e-14,1.59687500686708e-30,-9.488574637812997e-16
33.1,2.95875920018041e-14,1.5968718342252797e-30,-9.488433179506609e-16
33.12,2.958759458704848e-14,1.5968693812569933e-30,-9.48834067824437e-16
33.14,2.958759348044615e-14,1.596870431222429e-30,-9.488185370088033e-16
33.16,2.95875982085211e-14,1.5968659450969963e-30,-9.488238132230999e-16
33.18,2.958759832997462e-14,1.5968658298613933e-30,-9.48817213539671e-16
33.2,2.9587599105540766e-14,1.596865093994294e-30,-9.488261299287438e-16
33.22,2.9587603485576564e-14,1.5968609381086298e-30,-9.488251715667473e-16
33.24,2.958760494087865e-14,1.5968595572824676e-30,-9.488190118295149e-16
33.26,2.958761164922143e-14,1.5968531922731217e-30,-9.488236136449196e-16
33.28,2.9587610045502814e-14,1.596854713911322e-30,-9.48818902351493e-16
33.3,2.958761080620532e-14,1.5968539921515316e-30,-9.488155110026315e-16
33.32,2.9587614944001904e-14,1.5968500661692994e-30,-9.488031291677022e-16
33.34,2.958761262486823e-14,1.5968522665684685e-30,-9.487984641585436e-16
33.36,2.958761440878333e-14,1.5968505740004403e-30,-9.487864192143e-16
33.38,2.9587618644956965e-14,1.5968465547648974e-30,-9.487967491447854e-16
33.4,2.9587625193239306e-14,1.596840341822054e-30,-9.487869929453107e-16
33.42,2.958763169184939e-14,1.596834176064283e-30,-9.487792201415285e-16
33.44,2.958763310653051e-14,1.596832833850642e-30,-9.487772716522211e-16
33.46,2.958763209822871e-14,1.596833790505776e-30,-9.487752451988755e-16
33.48,2.958763365633676e-14,1.596832312203205e-30,-9.487764106215556e-16
33.5,2.958764047827406e-14,1.596825839698312e-30,-9.487829666665245e-16
33.52,2.958763823169584e-14,1.5968279712105805e-30,-9.487686656614237e-16
33.54,2.958764189550229e-14,1.5968244951172462e-30,-9.487585983234382e-16
33.56,2.9587641090902176e-14,1.596825258498819e-30,-9.487627255720815e-16
33.58,2.958764531568795e-14,1.596821250185017e-30,-9.4877398715225e-16
33.6,2.958764967400353e-14,1.5968171151313494e-30,-9.48772776102344e-16
33.62,2.958765277892245e-14,1.596814169308224e-30,-9.487581277883397e-16
33.64,2.958765444706468e-14,1.5968125866473315e-30,-9.487530546351232e-16
33.66,2.958766157212804e-14,1.596805826754312e-30,-9.487607827185384e-16
33.68,2.958766659813971e-14,1.5968010582433974e-30,-9.487758378455084e-16
33.7,2.958766825351811e-14,1.5967994876590364e-30,-9.487851595149636e-16
33.72,2.9587670194443743e-14,1.5967976461419998e-30,-9.487929239903784e-16
33.74,2.958767159498626e-14,1.596796317320586e-30,-9.487918584879128e-16
33.76,2.9587674068726325e-14,1.5967939702209573e-30,-9.48803194221527e-16
33.78,2.958767808277407e-14,1.5967901616723586e-30,-9.488108989088424e-16
33.8,2.958767922335472e-14,1.5967890794869444e-30,-9.488081557504206e-16
33.82,2.9587679745409044e-14,1.5967885841636185e-30,-9.48812187225402e-16
33.84,2.958768111359457e-14,1.5967872860122658e-30,-9.488178059594275e-16
33.86,2.958768159609505e-14,1.5967868282079955e-30,-9.488142958543724e-16
33.88,2.958768170493302e-14,1.596786724945131e-30,-9.48808544487522e-16
33.9,2.958768409058898e-14,1.5967844614326924e-30,-9.488049843511886e-16
33.92,2.9587688033061757e-14,1.5967807207908527e-30,-9.488063798811396e-16
33.94,2.958768845633354e-14,1.596780319166988e-30,-9.488023190079312e-16
33.96,2.958769020836812e-14,1.596778656831927e-30,-9.488018705328389e-16
33.98,2.9587691161959274e-14,1.5967777520667993e-30,-9.48818285986053e-16
34.0,2.958769661834934e-14,1.5967725749555517e-30,-9.488179602628136e-16
34.02,2.95876998484578e-14,1.5967695101766427e-30,-9.48818029694422e-16
34.04,2.9587704787103285e-14,1.596764824282299e-30,-9.488272642439563e-16
34.06,2.9587709215349e-14,1.5967606226474445e-30,-9.488221980775546e-16
34.08,2.958771001558558e-14,1.5967598633606283e-30,-9.488273326200845e-16
34.1,2.958770807004635e-14,1.596761709335897e-30,-9.488172368405553e-16
34.12,2.9587709796917497e-14,1.5967600708287167e-30,-9.488117702318078e-16
34.14,2.9587708880604304e-14,1.5967609402320402e-30,-9.488219864518905e-16
34.16,2.958770998866669e-14,1.596759888859236e-30,-9.488295691722697e-16
34.18,2.958771099493014e-14,1.596758934080587e-30,-9.488333478585726e-16
34.2,2.9587713076443043e-14,1.5967569590844275e-30,-9.488273139445914e-16
34.22,2.9587714337007587e-14,1.5967557630223e-30,-9.48824680641251e-16
34.24,2.9587716210325663e-14,1.5967539855728947e-30,-9.488239170466771e-16
34.26,2.958771534416197e-14,1.5967548073959735e-30,-9.488123681615842e-16
34.28,2.958771722422819e-14,1.596753023558971e-30,-9.487993677056407e-16
34.3,2.9587719909029914e-14,1.5967504762101095e-30,-9.488059079104247e-16
34.32,2.958772204920495e-14,1.5967484455943126e-30,-9.488011966460125e-16
34.34,2.958772487658246e-14,1.596745762979244e-30,-9.488025965782648e-16
34.36,2.9587729500366674e-14,1.5967413759280538e-30,-9.488016359404836e-16
34.38,2.95877312219765e-14,1.5967397424879863e-30,-9.487824210721945e-16
34.4,2.9587738358950493e-14,1.5967329710300422e-30,-9.487834219582586e-16
34.42,2.9587741314343753e-14,1.5967301670023598e-30,-9.487934309293881e-16
34.44,2.9587744922090644e-14,1.5967267440006156e-30,-9.487868976349942e-16
34.46,2.958774452104164e-14,1.5967271245124243e-30,-9.48784039703653e-16
34.48,2.9587750820957527e-14,1.5967211472536324e-30,-9.487734344757317e-16
34.5,2.958775301246426e-14,1.5967190680027275e-30,-9.487832384004707e-16
34.52,2.958775551791398e-14,1.5967166908559692e-30,-9.487983904791244e-16
34.54,2.958776244177706e-14,1.5967101215186584e-30,-9.487921229204307e-16
34.56,2.9587761668985434e-14,1.5967108547381653e-30,-9.487888067276097e-16
34.58,2.958776542456607e-14,1.5967072915055435e-30,-9.487889340250527e-16
34.6,2.958776165967506e-14,1.5967108635811216e-30,-9.487915127082635e-16
34.62,2.958776352518398e-14,1.5967090936033204e-30,-9.487943718350445e-16
34.64,2.9587767965629306e-14,1.5967048805294e-30,-9.48791958405035e-16
34.66,2.958776855854809e-14,1.5967043179754824e-30,-9.487966904584723e-16
34.68,2.9587772050843916e-14,1.5967010044871046e-30,-9.487982947392573e-16
34.7,2.9587772667491506e-14,1.5967004194204874e-30,-9.488048074448865e-16
34.72,2.9587777123868094e-14,1.596696191167014e-30,-9.488153703887273e-16
34.74,2.958778073103991e-14,1.5966927686089984e-30,-9.488189545990288e-16
34.76,2.9587780475807386e-14,1.596693010787179e-30,-9.488109595041358e-16
34.78,2.958778381681791e-14,1.5966898408033204e-30,-9.488098659707444e-16
34.8,2.958778873575332e-14,1.596685173689761e-30,-9.48823148027012e-16
34.82,2.9587789909909835e-14,1.5966840596386357e-30,-9.488090837543515e-16
34.84,2.9587786091668614e-14,1.596687682411185e-30,-9.48796555823771e-16
34.86,2.9587788453383086e-14,1.5966854416322003e-30,-9.487946021890395e-16
34.88,2.958779427940886e-14,1.5966799139503468e-30,-9.487919683041666e-16
34.9,2.958779864874258e-14,1.5966757683724876e-30,-9.487816792885832e-16
34.92,2.9587795620483533e-14,1.5966786415269445e-30,-9.48781758260202e-16
34.94,2.9587797692850187e-14,1.596676675311996e-30,-9.48782279563233e-16
34.96,2.958779953578512e-14,1.5966749267818126e-30,-9.48780078729581e-16
34.98,2.958780307732859e-14,1.5966715666317675e-30,-9.487845645914414e-16
35.0,2.9587800578000514e-14,1.5966739379388446e-30,-9.48779067922313e-16
35.02,2.9587801620262096e-14,1.596672949057861e-30,-9.487791700199887e-16
35.04,2.958780001333337e-14,1.596674473687062e-30,-9.487822108825255e-16
35.06,2.9587805652505857e-14,1.5966691233605604e-30,-9.487769508017913e-16
35.08,2.9587810788741106e-14,1.5966642502264464e-30,-9.487759559365344e-16
35.1,2.9587809106801657e-14,1.5966658460147203e-30,-9.487736427042294e-16
35.12,2.958780970836071e-14,1.596665275274793e-30,-9.487697984736353e-16
35.14,2.9587808028943995e-14,1.5966668686343262e-30,-9.487637638798768e-16
35.16,2.958781812286865e-14,1.596657291806342e-30,-9.48778992477281e-16
35.18,2.9587821351291093e-14,1.596654228729312e-30,-9.487768885644682e-16
35.2,2.958782836083763e-14,1.5966475782221127e-30,-9.487736419910675e-16
35.22,2.958782932106091e-14,1.5966466672038024e-30,-9.487616791654457e-16
35.24,2.95878285999547e-14,1.5966473513656693e-30,-9.487636266747196e-16
35.26,2.9587831523015136e-14,1.5966445780456186e-30,-9.48762816757334e-16
35.28,2.958783294627867e-14,1.5966432276942158e-30,-9.48767206936709e-16
35.3,2.958783480480592e-14,1.5966414644054917e-30,-9.487671786065683e-16
35.32,2.9587838704745646e-14,1.5966377642632427e-30,-9.487738262773211e-16
35.34,2.9587838362367606e-14,1.596638089120334e-30,-9.487845803943764e-16
35.36,2.958784384846413e-14,1.5966328839951585e-30,-9.487922061865294e-16
35.38,2.958784587431946e-14,1.5966309618843287e-30,-9.487822503812486e-16
35.4,2.958784947213394e-14,1.5966275483573635e-30,-9.487759261080154e-16
35.42,2.9587853441630467e-14,1.5966237821946348e-30,-9.48777989220895e-16
35.44,2.9587853320843575e-14,1.5966238967971455e-30,-9.48777767645849e-16
35.46,2.95878545701097e-14,1.596622711516179e-30,-9.487656453340248e-16
35.48,2.958785312556904e-14,1.5966240820467702e-30,-9.487700697876235e-16
35.5,2.9587859773153496e-14,1.5966177750122124e-30,-9.487698547288684e-16
35.52,2.958786655683943e-14,1.596611338852919e-30,-9.487675777798577e-16
35.54,2.958787143156874e-14,1.5966067138562353e-30,-9.48771983810178e-16
35.56,2.958787151580692e-14,1.5966066339133753e-30,-9.487564121297193e-16
35.58,2.9587877306530156e-14,1.596601139948387e-30,-9.48749082597119e-16
35.6,2.958788359130899e-14,1.5965951773231015e-30,-9.487359541016038e-16
35.62,2.958788145924498e-14,1.596597200079307e-30,-9.487205901080582e-16
35.64,2.958788427843568e-14,1.5965945254551148e-30,-9.48720939330265e-16
35.66,2.9587884471583314e-14,1.5965943422186966e-30,-9.487144393243655e-16
35.68,2.95878888983559e-14,1.5965901425053553e-30,-9.487029535321784e-16
35.7,2.9587889402421094e-14,1.596589664297738e-30,-9.48704536214788e-16
35.72,2.9587891189372634e-14,1.5965879690410226e-30,-9.486951268044522e-16
35.74,2.958789397380377e-14,1.5965853274737993e-30,-9.486911755192801e-16
35.76,2.958789570717578e-14,1.5965836830360844e-30,-9.48676747331689e-16
35.78,2.958789886736099e-14,1.596580685024222e-30,-9.486879217316203e-16
35.8,2.9587900991863464e-14,1.596578669528276e-30,-9.486849895902879e-16
35.82,2.958790510171378e-14,1.596574770604372e-30,-9.486679243434161e-16
35.84,2.9587905689086354e-14,1.596574213384035e-30,-9.48664414604708e-16
35.86,2.958790875986832e-14,1.5965713002488763e-30,-9.486607058460176e-16
35.88,2.958791615629771e-14,1.5965642835790514e-30,-9.486521143178173e-16
35.9,2.958791439876522e-14,1.5965659508738803e-30,-9.486554061891888e-16
35.92,2.958791918784456e-14,1.5965614076802215e-30,-9.486486008595196e-16
35.94,2.958792092543413e-14,1.596559759325726e-30,-9.486335380445479e-16
35.96,2.958792242570131e-14,1.5965583361327964e-30,-9.486341808152765e-16
35.98,2.958792761740076e-14,1.5965534110963424e-30,-9.486419230854086e-16
36.0,2.9587934203207947e-14,1.5965471635488542e-30,-9.486356152807828e-16
36.02,2.9587938080515665e-14,1.5965434854177794e-30,-9.486300080967853e-16
36.04,2.9587938325972903e-14,1.5965432525539996e-30,-9.486341794148749e-16
36.06,2.958794272445672e-14,1.5965390800120067e-30,-9.486445268023945e-16
36.08,2.9587941572501976e-14,1.5965401727989066e-30,-9.486303835132762e-16
36.1,2.958794704217166e-14,1.5965349841169366e-30,-9.486304258211014e-16
36.12,2.9587949324802383e-14,1.5965328187501444e-30,-9.486323024580702e-16
36.14,2.9587946913541905e-14,1.5965351061580783e-30,-9.48648205418615e-16
36.16,2.9587945064529504e-14,1.5965368602207093e-30,-9.486482392695515e-16
36.18,2.958794596521192e-14,1.596536005790323e-30,-9.486417987050786e-16
36.2,2.958794842036395e-14,1.5965336767299987e-30,-9.486448968670005e-16
36.22,2.9587952327524906e-14,1.5965299702205862e-30,-9.486462215612023e-16
36.24,2.958795711271705e-14,1.5965254307955018e-30,-9.486381036565856e-16
36.26,2.958795613850346e-14,1.5965263549330882e-30,-9.48652641831834e-16
36.28,2.958795787594076e-14,1.596524706700433e-30,-9.486524537158659e-16
36.3,2.958796129484138e-14,1.5965214633163368e-30,-9.486623187927078e-16
36.32,2.9587960115450126e-14,1.5965225821510087e-30,-9.486540396872997e-16
36.34,2.958796410217689e-14,1.5965188001035606e-30,-9.486658567312685e-16
36.36,2.9587974341739816e-14,1.5965090861638504e-30,-9.486692947712294e-16
36.38,2.9587981100665184e-14,1.5965026741882927e-30,-9.486645316584293e-16
36.4,2.95879844342844e-14,1.5964995116676338e-30,-9.48678493308869e-16
36.42,2.958798370538014e-14,1.5965002031592852e-30,-9.486814475987019e-16
36.44,2.958798262286567e-14,1.596501230105879e-30,-9.486926527925127e-16
36.46,2.9587984533917684e-14,1.5964994170992238e-30,-9.486970167976881e-16
36.48,2.9587984618579725e-14,1.5964993367885114e-30,-9.48703006339411e-16
36.5,2.958798565316181e-14,1.5964983552782916e-30,-9.487012303597367e-16
36.52,2.9587986190422585e-14,1.596497845580127e-30,-9.486980470666438e-16
36.54,2.9587990062904474e-14,1.5964941717726026e-30,-9.486913409021072e-16
36.56,2.958799362836972e-14,1.59649078922323e-30,-9.487060628781917e-16
36.58,2.958799892530407e-14,1.5964857639816787e-30,-9.487068767264396e-16
36.6,2.958799933511737e-14,1.5964853751919967e-30,-9.487082462739472e-16
36.62,2.958800055761158e-14,1.596484215402746e-30,-9.486993940001755e-16
36.64,2.9588004472138486e-14,1.59648050170515e-30,-9.486997369297493e-16
36.66,2.958801093234244e-14,1.5964743729260356e-30,-9.487040928313353e-16
36.68,2.9588012909900196e-14,1.596472496817576e-30,-9.486994133849334e-16
36.7,2.9588016869209627e-14,1.596468740627953e-30,-9.487042014495617e-16
36.72,2.9588022539433493e-14,1.5964633612871058e-30,-9.48705674569063e-16
36.74,2.958802586562947e-14,1.596460205683057e-30,-9.487172586626432e-16
36.76,2.958802921090907e-14,1.596457031972922e-30,-9.487044671313513e-16
36.78,2.9588031730640753e-14,1.596454641523754e-30,-9.486968172694112e-16
36.8,2.958803578327839e-14,1.5964507967926767e-30,-9.486982161129409e-16
36.82,2.958803472035701e-14,1.5964518051869858e-30,-9.48700664978456e-16
36.84,2.9588035287849636e-14,1.596451266820183e-30,-9.48682039027239e-16
36.86,2.9588041534862053e-14,1.5964453403839024e-30,-9.48690959612468e-16
36.88,2.958804458477778e-14,1.596442446956707e-30,-9.48686600508233e-16
36.9,2.9588048893552265e-14,1.5964383592809927e-30,-9.486879752556907e-16
36.92,2.9588050099117464e-14,1.596437215563807e-30,-9.487005311823926e-16
36.94,2.958805280660193e-14,1.5964346469783538e-30,-9.487061455622215e-16
36.96,2.9588055474649314e-14,1.596432115776985e-30,-9.487105113589158e-16
36.98,2.958805917159752e-14,1.5964286084759936e-30,-9.487060028008328e-16
37.0,2.958806043718983e-14,1.5964274077947907e-30,-9.487158950509826e-16
37.02,2.958806599369576e-14,1.5964221362564673e-30,-9.487103276605686e-16
37.04,2.95880709649777e-14,1.5964174198892937e-30,-9.487292854597253e-16
37.06,2.9588070239682976e-14,1.5964181079917076e-30,-9.48726067293127e-16
37.08,2.958807449562665e-14,1.5964140702739032e-30,-9.487331306976474e-16
37.1,2.958807526535238e-14,1.5964133400043566e-30,-9.487262877012583e-16
37.12,2.958807978020968e-14,1.5964090565992173e-30,-9.487402636135932e-16
37.14,2.9588080775318746e-14,1.596408112496864e-30,-9.487416306459755e-16
37.16,2.958808429027761e-14,1.596404777742504e-30,-9.487367440743454e-16
37.18,2.958809048407477e-14,1.5963989014709683e-30,-9.487344483544369e-16
37.2,2.9588095618459e-14,1.5963940303124686e-30,-9.487444812489093e-16
37.22,2.958810308233876e-14,1.59638694897339e-30,-9.487458664879804e-16
37.24,2.958810448328438e-14,1.5963856198320934e-30,-9.48742916536914e-16
37.26,2.9588104032425525e-14,1.596386047576674e-30,-9.487357517966785e-16
37.28,2.958810197835376e-14,1.596387996347997e-30,-9.487399106812316e-16
37.3,2.958810121317979e-14,1.59638872230829e-30,-9.48744937204596e-16
37.32,2.958810497339298e-14,1.5963851548259373e-30,-9.487438608614304e-16
37.34,2.958810458284082e-14,1.596385525365114e-30,-9.487327503200892e-16
37.36,2.9588104932270293e-14,1.5963851938368733e-30,-9.487249321999083e-16
37.38,2.958810806055188e-14,1.5963822259646395e-30,-9.48721551286083e-16
37.4,2.9588108401862485e-14,1.5963819021560992e-30,-9.48717480465875e-16
37.42,2.9588111017649263e-14,1.596379420512963e-30,-9.487211963514504e-16
37.44,2.9588114254078455e-14,1.596376350064504e-30,-9.487168224281004e-16
37.46,2.958811819283021e-14,1.5963726132829535e-30,-9.487246770287279e-16
37.48,2.9588121806092815e-14,1.5963691852755127e-30,-9.487318564629493e-16
37.5,2.958812440022193e-14,1.5963667241424183e-30,-9.48736983200158e-16
37.52,2.958812221356718e-14,1.5963687987042866e-30,-9.487363195381996e-16
37.54,2.958812943376582e-14,1.5963619486580256e-30,-9.487313650278488e-16
37.56,2.958812851829911e-14,1.5963628171874177e-30,-9.487425210389117e-16
37.58,2.958812871445106e-14,1.5963626310887778e-30,-9.487349567267753e-16
37.6,2.9588134182669336e-14,1.596357443196448e-30,-9.487371238236232e-16
37.62,2.958813398843286e-14,1.5963576274692466e-30,-9.487349208598417e-16
37.64,2.9588135228902915e-14,1.5963564505825156e-30,-9.487393586234486e-16
37.66,2.958813541160899e-14,1.596356277237481e-30,-9.487349238595168e-16
37.68,2.958814129393153e-14,1.596350696471663e-30,-9.487281918039658e-16
37.7,2.9588145171077976e-14,1.5963470181050382e-30,-9.48743720795327e-16
37.72,2.9588144677440484e-14,1.596347486442141e-30,-9.487414338731109e-16
37.74,2.958814808904351e-14,1.596344249732225e-30,-9.487278111829493e-16
37.76,2.958815250021055e-14,1.5963400646971458e-30,-9.487433136819474e-16
37.78,2.958815590614656e-14,1.5963368333036914e-30,-9.487595968077364e-16
37.8,2.9588159637462847e-14,1.59633329317338e-30,-9.487694570654902e-16
37.82,2.958815918495142e-14,1.5963337224877204e-30,-9.487658083056985e-16
37.84,2.9588163549994996e-14,1.5963295811634606e-30,-9.487483982245642e-16
37.86,2.9588166923404356e-14,1.596326380618214e-30,-9.487590644622306e-16
37.88,2.958817005689557e-14,1.5963234076768037e-30,-9.487674117691447e-16
37.9,2.958816884353816e-14,1.596324558865815e-30,-9.48768263568907e-16
37.92,2.9588169113847546e-14,1.596324302403623e-30,-9.48759887773228e-16
37.94,2.95881723106291e-14,1.59632126941866e-30,-9.487670142005561e-16
37.96,2.958817543268425e-14,1.5963183073150903e-30,-9.48763060668014e-16
37.98,2.958817816628916e-14,1.5963157137822922e-30,-9.48754346462098e-16
38.0,2.958817665944423e-14,1.5963171434177727e-30,-9.48758075959768e-16
38.02,2.9588175929449926e-14,1.596317836000777e-30,-9.487534739726756e-16
38.04,2.958818058007007e-14,1.5963134236712567e-30,-9.487676577192196e-16
38.06,2.9588182788279523e-14,1.5963113285999227e-30,-9.487653807966516e-16
38.08,2.9588180881694615e-14,1.5963131374990172e-30,-9.487644672333244e-16
38.1,2.958818174061202e-14,1.5963123225949127e-30,-9.487675556105944e-16
38.12,2.958817982694631e-14,1.5963141382075332e-30,-9.48758152121054e-16
38.14,2.958818150076837e-14,1.596312550141789e-30,-9.48764853407969e-16
38.16,2.958818251638487e-14,1.5963115865620314e-30,-9.487429848217553e-16
38.18,2.9588183587520715e-14,1.59631057032645e-30,-9.48744340640259e-16
38.2,2.9588187873146043e-14,1.596306504359368e-30,-9.48745994383727e-16
38.22,2.958818403996309e-14,1.5963101410570766e-30,-9.48736023173602e-16
38.24,2.958818641875604e-14,1.596307884215589e-30,-9.487305897345623e-16
38.26,2.958819146959845e-14,1.596303092355288e-30,-9.487214442573323e-16
38.28,2.958819866712037e-14,1.5962962638870253e-30,-9.487254173235377e-16
38.3,2.958820562794294e-14,1.5962896599625544e-30,-9.487261025403315e-16
38.32,2.958820525931273e-14,1.5962900096994767e-30,-9.48727024254564e-16
38.34,2.9588210492893935e-14,1.596285044435819e-30,-9.487266551156862e-16
38.36,2.958820814673836e-14,1.5962872702628635e-30,-9.487040825345232e-16
38.38,2.95882117964265e-14,1.596283807784867e-30,-9.487014650758012e-16
38.4,2.958821089558832e-14,1.5962846624094576e-30,-9.487068977186752e-16
38.42,2.958821478988529e-14,1.5962809678308936e-30,-9.487230778633904e-16
38.44,2.958821896965699e-14,1.5962770023784628e-30,-9.487273035387295e-16
38.46,2.958822176189572e-14,1.596274353319473e-30,-9.487288127463295e-16
38.48,2.958822456592273e-14,1.596271693033826e-30,-9.487435857599474e-16
38.5,2.958822551087703e-14,1.5962707965003645e-30,-9.487360892299112e-16
38.52,2.958822586628273e-14,1.5962704593037724e-30,-9.487432494632897e-16
38.54,2.958823290436281e-14,1.5962637819535292e-30,-9.487522497409514e-16
38.56,2.9588234813302655e-14,1.5962619708528935e-30,-9.487521482341797e-16
38.58,2.958823826361259e-14,1.596258697387115e-30,-9.48753414096492e-16
38.6,2.958824499396593e-14,1.596252311914762e-30,-9.48754920654892e-16
38.62,2.958824860388951e-14,1.5962488869724305e-30,-9.487639361154755e-16
38.64,2.958824656635695e-14,1.5962508200956653e-30,-9.487508911294068e-16
38.66,2.958824858376514e-14,1.5962489060830142e-30,-9.487454852829702e-16
38.68,2.958824885939385e-14,1.5962486445831944e-30,-9.487399047371331e-16
38.7,2.9588256514504456e-14,1.5962413818610177e-30,-9.487463184104896e-16
38.72,2.9588260172919965e-14,1.5962379109433053e-30,-9.487548812556758e-16
38.74,2.9588262236599303e-14,1.5962359530248447e-30,-9.487469746137524e-16
38.76,2.958826314317576e-14,1.5962350929176462e-30,-9.487484512314416e-16
38.78,2.958826758260206e-14,1.596230881032256e-30,-9.487433236788977e-16
38.8,2.9588266964061826e-14,1.5962314678544112e-30,-9.487448999927965e-16
38.82,2.9588268159329146e-14,1.5962303338444862e-30,-9.487507518018665e-16
38.84,2.958826735853191e-14,1.5962310935957495e-30,-9.48744743732783e-16
38.86,2.9588270993577175e-14,1.596227644851338e-30,-9.48746343938912e-16
38.88,2.958826807135008e-14,1.5962304173206565e-30,-9.487550007982375e-16
38.9,2.958827184763293e-14,1.596226834545625e-30,-9.487590703266699e-16
38.92,2.9588275090531354e-14,1.5962237577780904e-30,-9.487610940571517e-16
38.94,2.9588273585390156e-14,1.5962251857973483e-30,-9.487613003912472e-16
38.96,2.958827883794208e-14,1.5962202023790518e-30,-9.48764866434508e-16
38.98,2.958827991229555e-14,1.5962191830559988e-30,-9.487733450499546e-16
39.0,2.958828344505016e-14,1.5962158312778233e-30,-9.487657178384673e-16
39.02,2.9588286904305015e-14,1.596212549272067e-30,-9.487610673558194e-16
39.04,2.958829143712426e-14,1.596208248688713e-30,-9.487671005780011e-16
39.06,2.9588294223764745e-14,1.5962056048087093e-30,-9.48776925985095e-16
39.08,2.9588294062606874e-14,1.5962057576944113e-30,-9.487658529572137e-16
39.1,2.958829362395775e-14,1.59620617387324e-30,-9.487583286552662e-16
39.12,2.958829826180908e-14,1.596201773713381e-30,-9.487496395204857e-16
39.14,2.95882966641516e-14,1.5962032895066934e-30,-9.487749423936546e-16
39.16,2.958829798137182e-14,1.5962020397767057e-30,-9.487762515205226e-16
39.18,2.958830057330362e-14,1.596199580619621e-30,-9.487686422970045e-16
39.2,2.958830040873064e-14,1.5961997367595782e-30,-9.487346025053361e-16
39.22,2.95882968846584e-14,1.5962030801417202e-30,-9.487306491760677e-16
39.24,2.9588304302342156e-14,1.5961960427379764e-30,-9.48741745406131e-16
39.26,2.9588305797043796e-14,1.596194624671377e-30,-9.487278822529271e-16
39.28,2.958831391927593e-14,1.596186918869221e-30,-9.487333814627557e-16
39.3,2.958831697300692e-14,1.5961840216702338e-30,-9.487390614041045e-16
39.32,2.9588320660081296e-14,1.596180523589428e-30,-9.487336246011094e-16
39.34,2.958832315696346e-14,1.596178154723587e-30,-9.487266596474081e-16
39.36,2.9588324827958684e-14,1.5961765694085935e-30,-9.487219217134862e-16
39.38,2.958832758131957e-14,1.5961739572241657e-30,-9.48733603241738e-16
39.4,2.9588328433851626e-14,1.5961731484028088e-30,-9.48728631469801e-16
39.42,2.958833241515786e-14,1.5961693712152624e-30,-9.487386870652607e-16
39.44,2.9588333696931656e-14,1.5961681551392688e-30,-9.487449312752493e-16
39.46,2.9588335052326274e-14,1.5961668692231707e-30,-9.487400693547967e-16
39.48,2.958833614192212e-14,1.596165835472383e-30,-9.487318793728899e-16
39.5,2.958833697423801e-14,1.5961650458287026e-30,-9.487317501904953e-16
39.52,2.9588343046224755e-14,1.5961592851515556e-30,-9.487314442667969e-16
39.54,2.9588342730155567e-14,1.596159585020045e-30,-9.487346759734353e-16
39.56,2.95883424437569e-14,1.596159856730612e-30,-9.48727295556025e-16
39.58,2.9588343177874735e-14,1.5961591602504786e-30,-9.48723287517754e-16
39.6,2.9588345318549864e-14,1.5961571293194006e-30,-9.487265037893823e-16
39.62,2.9588352523528976e-14,1.5961502937127583e-30,-9.487411910734783e-16
39.64,2.958835483608421e-14,1.5961480996866685e-30,-9.487480986723848e-16
39.66,2.958836023596538e-14,1.59614297659656e-30,-9.487408770529588e-16
39.68,2.958836436230847e-14,1.5961390617856416e-30,-9.48741172863634e-16
39.7,2.958836985012677e-14,1.596133855275843e-30,-9.487398916040348e-16
39.72,2.958837368364447e-14,1.596130218239229e-30,-9.487508872421369e-16
39.74,2.9588376941477885e-14,1.596127127353737e-30,-9.48755884727421e-16
39.76,2.958837974970197e-14,1.5961244630658616e-30,-9.487503328465015e-16
39.78,2.958837889062522e-14,1.5961252781204165e-30,-9.487449622297094e-16
39.8,2.9588383112425324e-14,1.596121272706567e-30,-9.48754701070568e-16
39.82,2.9588392424357055e-14,1.5961124379707217e-30,-9.487504249372716e-16
39.84,2.9588395241373926e-14,1.596109765335098e-30,-9.487326058652687e-16
39.86,2.958839561540898e-14,1.5961094104686356e-30,-9.487144481185237e-16
39.88,2.958840095676908e-14,1.5961043430308517e-30,-9.487239176276754e-16
39.9,2.958840296137206e-14,1.596102441218131e-30,-9.48724130846586e-16
39.92,2.958840573384998e-14,1.5960998109026086e-30,-9.487215357937068e-16
39.94,2.958840366046217e-14,1.596101777961815e-30,-9.487195818070802e-16
39.96,2.9588406003670456e-14,1.5960995549072832e-30,-9.487278244859052e-16
39.98,2.958840803742962e-14,1.596097625414872e-30,-9.487263903164269e-16
40.0,2.9588410711720494e-14,1.5960950882335548e-30,-9.487316891438315e-16
40.02,2.958841361371269e-14,1.5960923350628633e-30,-9.487158892114713e-16
40.04,2.9588416816862575e-14,1.596089296201572e-30,-9.487121467305234e-16
40.06,2.9588421707952305e-14,1.5960846559749632e-30,-9.487063250892614e-16
40.08,2.958842745116933e-14,1.5960792073120425e-30,-9.487128301315645e-16
40.1,2.958842727082854e-14,1.5960793784072943e-30,-9.48736092803325e-16
40.12,2.9588431864398573e-14,1.596075020344627e-30,-9.48725696247746e-16
40.14,2.958843425283537e-14,1.596072754378279e-30,-9.487215961132932e-16
40.16,2.9588438256259856e-14,1.5960689562586126e-30,-9.487155474411287e-16
40.18,2.958843790665383e-14,1.5960692879371797e-30,-9.487297139390397e-16
40.2,2.9588442794909127e-14,1.596064650310364e-30,-9.487336221479098e-16
40.22,2.958844254456786e-14,1.596064887827328e-30,-9.487451814733559e-16
40.24,2.9588443610163065e-14,1.5960638768484366e-30,-9.487487221777418e-16
40.26,2.958844824976608e-14,1.5960594750437915e-30,-9.487399054210913e-16
40.28,2.958845103007057e-14,1.5960568372748344e-30,-9.48747935062144e-16
40.3,2.958844910639399e-14,1.59605866236422e-30,-9.487456221305053e-16
40.32,2.9588452027661645e-14,1.5960558908307767e-30,-9.487384267000465e-16
40.34,2.958845580774207e-14,1.5960523045115634e-30,-9.487475649823287e-16
40.36,2.9588460837573523e-14,1.596047532459671e-30,-9.487491862267628e-16
40.38,2.9588461742443215e-14,1.5960466739769915e-30,-9.487523766328883e-16
40.4,2.958846585001168e-14,1.596042776935667e-30,-9.487374947109323e-16
40.42,2.958847205969051e-14,1.596036885629945e-30,-9.487280090475028e-16
40.44,2.958847788077448e-14,1.596031363004707e-30,-9.487300194154224e-16
40.46,2.958848248043152e-14,1.5960269991477033e-30,-9.487319175931219e-16
40.48,2.958848598923712e-14,1.5960236702397083e-30,-9.487373970916672e-16
40.5,2.958848771807898e-14,1.5960220300289604e-30,-9.487284119560487e-16
40.52,2.95884914711558e-14,1.596018469344892e-30,-9.487304177405602e-16
40.54,2.958850000607574e-14,1.5960103719833412e-30,-9.487383178184194e-16
40.56,2.9588497316557836e-14,1.5960129236392438e-30,-9.487441883043866e-16
40.58,2.958849747527071e-14,1.596012773054661e-30,-9.487341162285814e-16
40.6,2.958849146066608e-14,1.5960184793252733e-30,-9.487443128695152e-16
40.62,2.95884910018935e-14,1.5960189145882123e-30,-9.487449213224594e-16
40.64,2.958849333734213e-14,1.5960166988444205e-30,-9.48739598243388e-16
40.66,2.9588493554743116e-14,1.5960164925753486e-30,-9.487351568740556e-16
40.68,2.958849386678312e-14,1.5960161965233e-30,-9.487305758025846e-16
40.7,2.958848809916153e-14,1.5960216684236073e-30,-9.487231619645614e-16
40.72,2.958849043301707e-14,1.5960194542351275e-30,-9.487255774820703e-16
40.74,2.958848992310659e-14,1.5960199379977435e-30,-9.4873628115237e-16
40.76,2.958849119017901e-14,1.5960187358941974e-30,-9.48731572150111e-16
40.78,2.958849384044313e-14,1.596016221517963e-30,-9.487182707564013e-16
40.8,2.958849936724206e-14,1.596010978154964e-30,-9.487142472995915e-16
40.82,2.9588503269326095e-14,1.596007276193791e-30,-9.487161782606777e-16
40.84,2.958850616344935e-14,1.596004530494855e-30,-9.487152013898745e-16
40.86,2.9588512239239494e-14,1.5959987662990037e-30,-9.487198197590205e-16
40.88,2.9588516954364787e-14,1.595994292941108e-30,-9.48727581250916e-16
40.9,2.958851985085396e-14,1.595991544954124e-30,-9.48733378010022e-16
40.92,2.9588518917217175e-14,1.595992430735628e-30,-9.487457088944606e-16
40.94,2.9588522873832475e-14,1.595988676919461e-30,-9.48745278419202e-16
40.96,2.9588525318752474e-14,1.5959863573104875e-30,-9.487456587709013e-16
40.98,2.958852658389813e-14,1.5959851569973805e-30,-9.487563283213418e-16
41.0,2.958853306160338e-14,1.595979011232593e-30,-9.487603835091823e-16
41.02,2.958853476665058e-14,1.595977393539256e-30,-9.487662929487539e-16
41.04,2.958853911953884e-14,1.5959732636934903e-30,-9.487564354120338e-16
41.06,2.958854196331912e-14,1.5959705656591045e-30,-9.48733048574403e-16
41.08,2.9588541681232725e-14,1.5959708332913942e-30,-9.487248311721803e-16
41.1,2.95885452336622e-14,1.595967463016528e-30,-9.487188755428936e-16
41.12,2.9588551982661934e-14,1.5959610601304483e-30,-9.48708305866551e-16
41.14,2.958855193318891e-14,1.59596110707265e-30,-9.48709943755114e-16
41.16,2.9588552845633204e-14,1.5959602414343365e-30,-9.487007945321988e-16
41.18,2.9588556367413176e-14,1.5959569002937655e-30,-9.487183049136683e-16
41.2,2.958855961091813e-14,1.595953823099793e-30,-9.487270867884988e-16
41.22,2.9588563646147464e-14,1.5959499947697774e-30,-9.487275860758733e-16
41.24,2.9588564147985954e-14,1.5959495186621988e-30,-9.487274146606743e-16
41.26,2.958856621108169e-14,1.5959475613576298e-30,-9.48727405118518e-16
41.28,2.958856799478363e-14,1.5959458691219332e-30,-9.487275925938523e-16
41.3,2.958857171994204e-14,1.595942334972296e-30,-9.487140902909805e-16
41.32,2.958856986717341e-14,1.5959440927201125e-30,-9.487156555051173e-16
41.34,2.958856955565082e-14,1.5959443882696114e-30,-9.487153910680555e-16
41.36,2.958857143273124e-14,1.595942607453641e-30,-9.487157323555364e-16
41.38,2.958857616229918e-14,1.595938120433088e-30,-9.487124483332836e-16
41.4,2.9588584977914683e-14,1.595929756909945e-30,-9.487161392974966e-16
41.42,2.958859175515554e-14,1.5959233272035217e-30,-9.487141753043114e-16
41.44,2.958859440296264e-14,1.595920815188915e-30,-9.487142250063823e-16
41.46,2.958859776364275e-14,1.5959176268838112e-30,-9.487077618260087e-16
41.48,2.958859691962734e-14,1.5959184275963636e-30,-9.487228313303157e-16
41.5,2.9588598241090184e-14,1.5959171739050877e-30,-9.487259616999612e-16
41.52,2.958860003901436e-14,1.5959154681704104e-30,-9.487163878802211e-16
41.54,2.95886008049071e-14,1.5959147415633598e-30,-9.48713415507724e-16
41.56,2.9588603041081146e-14,1.59591262007745e-30,-9.487071092855375e-16
41.58,2.958860709539916e-14,1.5959087737224895e-30,-9.487094252531704e-16
41.6,2.9588607353900945e-14,1.5959085284813756e-30,-9.487113648631698e-16
41.62,2.9588611098729364e-14,1.595904975735122e-30,-9.487023558777144e-16
41.64,2.9588612040142835e-14,1.5959040826213427e-30,-9.487079690685406e-16
41.66,2.958861457348292e-14,1.595901679205748e-30,-9.487182349371622e-16
41.68,2.958861376451251e-14,1.5959024467123685e-30,-9.487226255156536e-16
41.7,2.958861941159721e-14,1.595897089191289e-30,-9.487199809546055e-16
41.72,2.9588617347504304e-14,1.59589904744991e-30,-9.487263379269751e-16
41.74,2.9588621913396236e-14,1.5958947156363497e-30,-9.487378590777223e-16
41.76,2.9588623233716305e-14,1.595893463010653e-30,-9.48741675755882e-16
41.78,2.95886242923079e-14,1.5958924586832966e-30,-9.487377668993255e-16
41.8,2.958862341737422e-14,1.595893288757627e-30,-9.487313322256871e-16
41.82,2.95886257155581e-14,1.5958911084006464e-30,-9.487261678953118e-16
41.84,2.9588628296056176e-14,1.5958886602192166e-30,-9.487357120032528e-16
41.86,2.958863567435337e-14,1.5958816601730455e-30,-9.487331000325888e-16
41.88,2.958863908681206e-14,1.595878422644448e-30,-9.487338039560042e-16
41.9,2.9588641342351296e-14,1.595876282735092e-30,-9.487301335884603e-16
41.92,2.9588643186503765e-14,1.5958745331272216e-30,-9.48731249211456e-16
41.94,2.958864317528936e-14,1.5958745437661062e-30,-9.487291233850811e-16
41.96,2.958864882132014e-14,1.595869187217701e-30,-9.487271782144958e-16
41.98,2.958864957217654e-14,1.5958684748535014e-30,-9.487170363641329e-16
42.0,2.958865020628196e-14,1.59586787326409e-30,-9.487197353465492e-16
42.02,2.958865006949281e-14,1.595868003036057e-30,-9.487229930953951e-16
42.04,2.958865265925675e-14,1.595865546068162e-30,-9.487208924694502e-16
42.06,2.958865658044127e-14,1.5958618259806186e-30,-9.48716985709118e-16
42.08,2.958865390757011e-14,1.5958643617846602e-30,-9.487218148587267e-16
42.1,2.958865747683649e-14,1.595860975580568e-30,-9.487072836163822e-16
42.12,2.95886613994603e-14,1.5958572541475e-30,-9.487181449817754e-16
42.14,2.9588664188148606e-14,1.595854608455069e-30,-9.487243967957047e-16
42.16,2.958866444486245e-14,1.5958543648886327e-30,-9.487138563826938e-16
42.18,2.958866574776073e-14,1.5958531288187967e-30,-9.486941113215425e-16
42.2,2.95886668132951e-14,1.5958521179500316e-30,-9.486860194134267e-16
42.22,2.958866603044774e-14,1.595852860630908e-30,-9.486702515293296e-16
42.24,2.958866764590521e-14,1.5958513280777885e-30,-9.486705705788847e-16
42.26,2.958867007095888e-14,1.5958490275282103e-30,-9.486578400047997e-16
42.28,2.958867158374038e-14,1.5958475923947955e-30,-9.486596973849166e-16
42.3,2.958867515375818e-14,1.5958442057004202e-30,-9.486516721683323e-16
42.32,2.958867594427718e-14,1.5958434557760953e-30,-9.48657301396259e-16
42.34,2.958868029252736e-14,1.5958393307853133e-30,-9.48654665245746e-16
42.36,2.9588688521999156e-14,1.5958315239263273e-30,-9.4863984585468e-16
42.38,2.958869229473901e-14,1.5958279449693904e-30,-9.486317983725597e-16
42.4,2.958869629642226e-14,1.595824148812686e-30,-9.486422742874669e-16
42.42,2.958869976520913e-14,1.5958208581620512e-30,-9.486450501411756e-16
42.44,2.958870029509773e-14,1.5958203554901866e-30,-9.486488106835673e-16
42.46,2.9588703352045187e-14,1.595817455524102e-30,-9.486411872653334e-16
42.48,2.95887080007237e-14,1.5958130456012442e-30,-9.486485208457366e-16
42.5,2.95887093587954e-14,1.5958117572754347e-30,-9.486523533284879e-16
42.52,2.9588711201303774e-14,1.5958100093687187e-30,-9.486609626804481e-16
42.54,2.958871555455276e-14,1.5958058795905417e-30,-9.486575644310258e-16
42.56,2.9588717817929995e-14,1.595803732419788e-30,-9.486589487018806e-16
42.58,2.95887218094214e-14,1.5957999458619845e-30,-9.486500388954576e-16
42.6,2.958872278248592e-14,1.5957990227536234e-30,-9.486566009975372e-16
42.62,2.958872176389373e-14,1.5957999890476153e-30,-9.486549809238043e-16
42.64,2.9588720317078716e-14,1.5958013615699144e-30,-9.486555778961876e-16
42.66,2.958872370313124e-14,1.595798149399434e-30,-9.486420972547104e-16
42.68,2.9588729334657514e-14,1.5957928070901304e-30,-9.48646735771222e-16
42.7,2.9588730783576955e-14,1.5957914325756442e-30,-9.486454040550852e-16
42.72,2.958873385013887e-14,1.5957885235013243e-30,-9.486358051578198e-16
42.74,2.9588732568295905e-14,1.5957897395002545e-30,-9.48634104565717e-16
42.76,2.9588732744707254e-14,1.5957895721471288e-30,-9.486353935124817e-16
42.78,2.958873688248158e-14,1.5957856469111995e-30,-9.48636052738202e-16
42.8,2.9588739311962716e-14,1.5957833422141095e-30,-9.486307164911645e-16
42.82,2.9588745079926436e-14,1.5957778705839927e-30,-9.486201687331328e-16
42.84,2.9588748258899695e-14,1.5957748549408006e-30,-9.48614627398542e-16
42.86,2.9588752881289517e-14,1.5957704700856164e-30,-9.48627623302837e-16
42.88,2.958875477445762e-14,1.5957686741944697e-30,-9.486175478389846e-16
42.9,2.958875451865359e-14,1.5957689168578093e-30,-9.486092697418038e-16
42.92,2.958875229351174e-14,1.595771027641069e-30,-9.486047364233019e-16
42.94,2.9588754846572556e-14,1.5957686057856728e-30,-9.486102152890388e-16
42.96,2.958875876414622e-14,1.595764889529116e-30,-9.486257787694146e-16
42.98,2.958876507746821e-14,1.595758900557377e-30,-9.48626648538955e-16
43.0,2.9588766538944064e-14,1.595757514130228e-30,-9.486385082863155e-16
43.02,2.9588763794900593e-14,1.595760117238806e-30,-9.486371243822652e-16
43.04,2.958876680247522e-14,1.5957572641198077e-30,-9.486447900893443e-16
43.06,2.958876804988235e-14,1.5957560807728808e-30,-9.48649274444512e-16
43.08,2.9588767645654635e-14,1.59575646425123e-30,-9.486543702664829e-16
43.1,2.958876944369021e-14,1.595754758541036e-30,-9.486437967144035e-16
43.12,2.9588773225471104e-14,1.5957511709578366e-30,-9.486547970908144e-16
43.14,2.958877047009871e-14,1.595753784858806e-30,-9.48655606608074e-16
43.16,2.9588771425265035e-14,1.595752878732285e-30,-9.486627951433205e-16
43.18,2.958877508521416e-14,1.595749406655046e-30,-9.486659116254799e-16
43.2,2.958878068392695e-14,1.595744095299012e-30,-9.486823777984113e-16
43.22,2.958878329067049e-14,1.5957416223102583e-30,-9.486884679647384e-16
43.24,2.958878417090449e-14,1.595740787238468e-30,-9.486925056317415e-16
43.26,2.9588786710096616e-14,1.5957383783317106e-30,-9.486860016476795e-16
43.28,2.9588784937919153e-14,1.5957400595698634e-30,-9.486809384843608e-16
43.3,2.95887858763814e-14,1.595739169288923e-30,-9.486701367841309e-16
43.32,2.9588788204511736e-14,1.595736960632751e-30,-9.486840118840495e-16
43.34,2.958879031156361e-14,1.595734961698753e-30,-9.486923205463087e-16
43.36,2.958878920133011e-14,1.595736014962164e-30,-9.48696708294951e-16
43.38,2.958879561845101e-14,1.5957299271294626e-30,-9.486842110552248e-16
43.4,2.958879035785103e-14,1.5957349177936065e-30,-9.48686242505326e-16
43.42,2.958879234195928e-14,1.595733035491461e-30,-9.48684411885138e-16
43.44,2.9588795659199094e-14,1.5957298884870064e-30,-9.48687357525332e-16
43.46,2.958880426489845e-14,1.595721724353716e-30,-9.486853796602487e-16
43.48,2.9588803199746565e-14,1.5957227348263032e-30,-9.486730457385063e-16
43.5,2.9588808164546695e-14,1.595718024864902e-30,-9.486700516268328e-16
43.52,2.958881041049862e-14,1.5957158941926533e-30,-9.486762867475345e-16
43.54,2.958881943289359e-14,1.5957073348734377e-30,-9.48665505873406e-16
43.56,2.958881861279222e-14,1.5957081128767105e-30,-9.486676215035485e-16
43.58,2.9588818813353435e-14,1.5957079226079976e-30,-9.486682474101823e-16
43.6,2.9588824833425665e-14,1.5957022115798985e-30,-9.486690157750928e-16
43.62,2.9588828964410944e-14,1.595698292632398e-30,-9.486713683276175e-16
43.64,2.9588830372753665e-14,1.595696956583241e-30,-9.48675019306822e-16
43.66,2.958882620239106e-14,1.5957009129094957e-30,-9.486797147852124e-16
43.68,2.9588829647691854e-14,1.5956976444412775e-30,-9.486718284238616e-16
43.7,2.958883084555004e-14,1.5956965080702637e-30,-9.486705662987463e-16
43.72,2.958883317708292e-14,1.5956942962162235e-30,-9.486698820392351e-16
43.74,2.95888357709717e-14,1.5956918354637603e-30,-9.486717228688451e-16
43.76,2.958883455894194e-14,1.5956929852711282e-30,-9.486637702605963e-16
43.78,2.9588839562666e-14,1.595688238438399e-30,-9.486525942367791e-16
43.8,2.958883840942759e-14,1.5956893324528094e-30,-9.486522731485708e-16
43.82,2.958883721484877e-14,1.5956904656880174e-30,-9.486481052840511e-16
43.84,2.958883551408652e-14,1.5956920790920907e-30,-9.48631653086832e-16
43.86,2.958883611495004e-14,1.5956915090761824e-30,-9.48620782973776e-16
43.88,2.95888428214352e-14,1.595685147164189e-30,-9.4861855998364e-16
43.9,2.958884136698295e-14,1.5956865269136696e-30,-9.486282744618076e-16
43.92,2.9588848030996424e-14,1.5956802052349473e-30,-9.486280215692046e-16
43.94,2.958884929016595e-14,1.5956790107585892e-30,-9.486329670059826e-16
43.96,2.958884739751918e-14,1.5956808061953873e-30,-9.48625605826618e-16
43.98,2.9588850193696057e-14,1.5956781536391777e-30,-9.486416274861796e-16
44.0,2.958885441942751e-14,1.5956741449152854e-30,-9.486484396483467e-16
44.02,2.958885927178618e-14,1.5956695417624727e-30,-9.486370525882235e-16
44.04,2.9588861594270604e-14,1.595667338550667e-30,-9.486472023063065e-16
44.06,2.9588862082458955e-14,1.5956668754393335e-30,-9.486560955305104e-16
44.08,2.9588860297344975e-14,1.5956685689028303e-30,-9.486581248690044e-16
44.1,2.9588863585589776e-14,1.595665449488744e-30,-9.48663168678599e-16
44.12,2.95888602433494e-14,1.595668620145485e-30,-9.48653294248533e-16
44.14,2.95888609989505e-14,1.595667903338065e-30,-9.486557685714888e-16
44.16,2.9588863776373565e-14,1.5956652685146107e-30,-9.486540705891744e-16
44.18,2.9588864628131524e-14,1.5956644604967215e-30,-9.486463236124773e-16
44.2,2.958886997958075e-14,1.59565938388965e-30,-9.486444291540835e-16
44.22,2.958887017817128e-14,1.595659195493054e-30,-9.486459792449363e-16
44.24,2.9588869126496975e-14,1.595660193145875e-30,-9.486299503774421e-16
44.26,2.9588877566674063e-14,1.5956521865260484e-30,-9.486316971890475e-16
44.28,2.9588883346039076e-14,1.5956467040377018e-30,-9.486341555818723e-16
44.3,2.958888666707834e-14,1.5956435535816212e-30,-9.486284520774219e-16
44.32,2.958888687006087e-14,1.595643361024591e-30,-9.486214146234275e-16
44.34,2.958888902887596e-14,1.595641313122176e-30,-9.486252425792216e-16
44.36,2.958888951101657e-14,1.5956408557571744e-30,-9.486312564971881e-16
44.38,2.958889382812012e-14,1.59563676041399e-30,-9.48639588772768e-16
44.4,2.958889538668622e-14,1.595635281879268e-30,-9.486262354252312e-16
44.42,2.958889732453852e-14,1.5956334435856018e-30,-9.486278032191483e-16
44.44,2.958889393022295e-14,1.595636663514793e-30,-9.48632758556178e-16
44.46,2.958889647361411e-14,1.5956342507867207e-30,-9.486368508727982e-16
44.48,2.958890097496993e-14,1.595629980655469e-30,-9.486284469262864e-16
44.5,2.9588902731701393e-14,1.5956283141596423e-30,-9.48629626269632e-16
44.52,2.958891031308019e-14,1.5956211222951005e-30,-9.486138146547467e-16
44.54,2.958891565607848e-14,1.595616053842989e-30,-9.486253502310146e-16
44.56,2.958891827089631e-14,1.595613573341197e-30,-9.48623404282786e-16
44.58,2.958892015660128e-14,1.59561178453787e-30,-9.486068891808674e-16
44.6,2.958892123411723e-14,1.595610762403857e-30,-9.486080195996277e-16
44.62,2.9588918656438115e-14,1.595613207612663e-30,-9.486054320011842e-16
44.64,2.9588924877460203e-14,1.5956073063174565e-30,-9.486024691194254e-16
44.66,2.9588928163514616e-14,1.5956041891687186e-30,-9.485993889083173e-16
44.68,2.958893309628893e-14,1.595599509954996e-30,-9.48595928208958e-16
44.7,2.9588937133191735e-14,1.5955956805754456e-30,-9.485932873420508e-16
44.72,2.9588941536936343e-14,1.5955915032279964e-30,-9.485896448893283e-16
44.74,2.958894232881614e-14,1.5955907520580492e-30,-9.486028344007575e-16
44.76,2.958894316116302e-14,1.595589962473382e-30,-9.486038291875385e-16
44.78,2.9588943949455187e-14,1.5955892146872794e-30,-9.486090295660015e-16
44.8,2.9588947376531574e-14,1.5955859637234515e-30,-9.486131037820505e-16
44.82,2.9588951186009005e-14,1.595582350019499e-30,-9.486098579603239e-16
44.84,2.958895622456953e-14,1.5955775703863414e-30,-9.48621213940132e-16
44.86,2.958895944778054e-14,1.59557451277587e-30,-9.486214008845156e-16
44.88,2.958896146527864e-14,1.5955725989455804e-30,-9.486119347527614e-16
44.9,2.958896462382522e-14,1.5955696026928943e-30,-9.48620808851506e-16
44.92,2.9588970159538516e-14,1.5955643513932773e-30,-9.486255024312029e-16
44.94,2.958896924485152e-14,1.5955652190785714e-30,-9.486108403357511e-16
44.96,2.95889696888752e-14,1.5955647978818096e-30,-9.486140473448744e-16
44.98,2.958897134474074e-14,1.5955632271126296e-30,-9.486051994527517e-16
45.0,2.958896987546081e-14,1.5955646208861383e-30,-9.486030746292716e-16
45.02,2.958897206412164e-14,1.595562544701888e-30,-9.486062270666224e-16
45.04,2.9588972419932065e-14,1.595562207184797e-30,-9.48601258474852e-16
45.06,2.9588971974609223e-14,1.5955626296140147e-30,-9.485997110856112e-16
45.08,2.9588971659989425e-14,1.5955629280671442e-30,-9.48581509699649e-16
45.1,2.958897611301023e-14,1.595558704043374e-30,-9.485794631932382e-16
45.12,2.958898082758079e-14,1.5955542318787657e-30,-9.485823361940156e-16
45.14,2.9588983645352115e-14,1.595551559008184e-30,-9.485849837235e-16
45.16,2.95889901216653e-14,1.5955454157029833e-30,-9.485797891435118e-16
45.18,2.958899815060341e-14,1.5955377996539912e-30,-9.485746811044837e-16
45.2,2.95889981617517e-14,1.5955377890793277e-30,-9.485817314404504e-16
45.22,2.958900507871452e-14,1.595531227774087e-30,-9.485832961030156e-16
45.24,2.958900218064263e-14,1.5955339767995277e-30,-9.485726675901923e-16
45.26,2.9589004680258165e-14,1.5955316057282762e-30,-9.485780361236816e-16
45.28,2.958900878168888e-14,1.5955277152155647e-30,-9.485710849743835e-16
45.3,2.9589011804646654e-14,1.595524847735777e-30,-9.485645168154298e-16
45.32,2.95890153274557e-14,1.595521506147257e-30,-9.48553324051795e-16
45.34,2.95890207901762e-14,1.5955163245461016e-30,-9.485298593890758e-16
45.36,2.958902437581458e-14,1.5955129234410343e-30,-9.485412631104462e-16
45.38,2.958902815391226e-14,1.5955093397383437e-30,-9.485494478539537e-16
45.4,2.958903086125425e-14,1.595506771695159e-30,-9.48549954588191e-16
45.42,2.958903083094167e-14,1.5955068004362047e-30,-9.485345802476933e-16
45.44,2.958903370711605e-14,1.595504072293187e-30,-9.485266465993534e-16
45.46,2.958903596538697e-14,1.595501930242614e-30,-9.485382016969942e-16
45.48,2.95890391518977e-14,1.5954989077006917e-30,-9.485442259867303e-16
45.5,2.958904225819558e-14,1.5954959612474177e-30,-9.48546244405654e-16
45.52,2.958904577024338e-14,1.595492629903836e-30,-9.485422035340454e-16
45.54,2.9589051420868454e-14,1.5954872700696065e-30,-9.485383336784566e-16
45.56,2.958905095695805e-14,1.595487710113381e-30,-9.485379221983216e-16
45.58,2.958905593447891e-14,1.595482988730607e-30,-9.485451725478094e-16
45.6,2.958905321584564e-14,1.5954855674703667e-30,-9.485381366918106e-16
45.62,2.9589055914731075e-14,1.59548300744803e-30,-9.485567232743245e-16
45.64,2.9589059064751864e-14,1.595480019482789e-30,-9.485736513437122e-16
45.66,2.958906297760068e-14,1.595476307866375e-30,-9.485702095266853e-16
45.68,2.9589061023135386e-14,1.5954781617922024e-30,-9.485553355121607e-16
45.7,2.958906630199686e-14,1.5954731545100957e-30,-9.485525960908885e-16
45.72,2.9589067860566217e-14,1.595471676135803e-30,-9.485654815600683e-16
45.74,2.958907145628356e-14,1.5954682653769535e-30,-9.48564133620723e-16
45.76,2.958907557124368e-14,1.595464362081228e-30,-9.485674329267773e-16
45.78,2.958907339636582e-14,1.5954664250965366e-30,-9.485586588681858e-16
45.8,2.958907620869191e-14,1.5954637574336036e-30,-9.48562608106453e-16
45.82,2.958907815664573e-14,1.595461909680298e-30,-9.485670038644474e-16
45.84,2.9589086151930714e-14,1.5954543255337254e-30,-9.485834381552183e-16
45.86,2.958908829184157e-14,1.595452295652953e-30,-9.485966797208177e-16
45.88,2.958909255542313e-14,1.5954482512276587e-30,-9.485879934911436e-16
45.9,2.9589092249857e-14,1.5954485410795843e-30,-9.485903482471462e-16
45.92,2.9589097000447216e-14,1.595444034721769e-30,-9.485895518308625e-16
45.94,2.958909838260439e-14,1.5954427236191936e-30,-9.485844858975534e-16
45.96,2.9589099928407655e-14,1.5954412572899007e-30,-9.485953466545613e-16
45.98,2.9589099731845385e-14,1.5954414437574122e-30,-9.485872707648973e-16
46.0,2.9589103090539485e-14,1.595438257734668e-30,-9.485916843783322e-16
46.02,2.9589108320281945e-14,1.595433296829644e-30,-9.485929977649071e-16
46.04,2.9589112140395745e-14,1.5954296730939003e-30,-9.485918140911569e-16
46.06,2.958911573221578e-14,1.5954262659509966e-30,-9.48578940101907e-16
46.08,2.958911335159044e-14,1.5954285241711118e-30,-9.485856913473041e-16
46.1,2.9589112609228927e-14,1.5954292283610787e-30,-9.4858547564558e-16
46.12,2.958911646409784e-14,1.5954255716605804e-30,-9.485904647341813e-16
46.14,2.958911508165168e-14,1.5954268830297756e-30,-9.485882565955984e-16
46.16,2.958911858997799e-14,1.595423555107955e-30,-9.485730308998298e-16
46.18,2.958912230576545e-14,1.5954200304157815e-30,-9.48575021925306e-16
46.2,2.9589126084576374e-14,1.5954164458709193e-30,-9.485948493728499e-16
46.22,2.958912944491831e-14,1.5954132582875287e-30,-9.485870716665338e-16
46.24,2.9589134041226775e-14,1.5954088982774343e-30,-9.485951936582389e-16
46.26,2.958913543035374e-14,1.5954075805855756e-30,-9.485767969909113e-16
46.28,2.9589142135330887e-14,1.5954012204295936e-30,-9.485669853542838e-16
46.3,2.9589144429446587e-14,1.595399044320969e-30,-9.485653410417898e-16
46.32,2.958914813171418e-14,1.595395532500393e-30,-9.485626402050929e-16
46.34,2.9589150528955135e-14,1.595393258541929e-30,-9.485743039395141e-16
46.36,2.9589149711610835e-14,1.5953940338454657e-30,-9.485645250511692e-16
46.38,2.958915390543898e-14,1.5953900557394884e-30,-9.485583082081223e-16
46.4,2.95891570167888e-14,1.5953871044108153e-30,-9.48568844912493e-16
46.42,2.958916218662354e-14,1.5953822004412302e-30,-9.485777365030606e-16
46.44,2.9589163997864196e-14,1.595380482355966e-30,-9.485650759525295e-16
46.46,2.958916261082169e-14,1.5953817980556934e-30,-9.485702717810005e-16
46.48,2.958916115617435e-14,1.5953831778942733e-30,-9.485659224678546e-16
46.5,2.958916289876833e-14,1.595381524926859e-30,-9.48565678281231e-16
46.52,2.958916678299284e-14,1.5953778404934182e-30,-9.485648999097619e-16
46.54,2.958917067520708e-14,1.5953741484828496e-30,-9.485600249813243e-16
46.56,2.958916712589942e-14,1.595377515201989e-30,-9.485614254224235e-16
46.58,2.9589169824826154e-14,1.5953749550794662e-30,-9.485730500199406e-16
46.6,2.958917035678812e-14,1.595374450467831e-30,-9.485820806836881e-16
46.62,2.958917226701599e-14,1.595372638468531e-30,-9.485830828611807e-16
46.64,2.9589176610555186e-14,1.5953685182670356e-30,-9.48573045770489e-16
46.66,2.958917790509166e-14,1.5953672902948434e-30,-9.485848258685517e-16
46.68,2.958918472734981e-14,1.5953608187921367e-30,-9.485872007027209e-16
46.7,2.9589184537757213e-14,1.595360998633154e-30,-9.485807232383797e-16
46.72,2.9589190818671565e-14,1.5953550406223013e-30,-9.485840025400574e-16
46.74,2.958919142554954e-14,1.595354464943938e-30,-9.485871488234096e-16
46.76,2.9589203845674675e-14,1.5953426835227267e-30,-9.485688178400962e-16
46.78,2.9589205609615326e-14,1.5953410103182285e-30,-9.48565207761042e-16
46.8,2.9589206653092435e-14,1.5953400205211598e-30,-9.485694238944931e-16
46.82,2.958921028736343e-14,1.5953365731722738e-30,-9.485662617970198e-16
46.84,2.9589209831815606e-14,1.5953370052893714e-30,-9.485577156373462e-16
46.86,2.958921564075993e-14,1.59533149516065e-30,-9.485604172601745e-16
46.88,2.9589214886058413e-14,1.595332211050168e-30,-9.48569543174727e-16
46.9,2.958921863963161e-14,1.595328650528105e-30,-9.48573350644387e-16
46.92,2.9589219584909746e-14,1.595327753861356e-30,-9.485870484112298e-16
46.94,2.958922337558032e-14,1.595324158068872e-30,-9.485941873883726e-16
46.96,2.9589227003132255e-14,1.5953207169823958e-30,-9.486011470291588e-16
46.98,2.958923192241606e-14,1.5953160505323976e-30,-9.486059454765534e-16
47.0,2.9589232205331566e-14,1.5953157821588536e-30,-9.485974768610705e-16
47.02,2.958923490898839e-14,1.5953132174843723e-30,-9.486155910455279e-16
47.04,2.958924165192649e-14,1.5953068209977416e-30,-9.486195323719936e-16
47.06,2.958924603685303e-14,1.5953026613712673e-30,-9.486157804015854e-16
47.08,2.958924865107506e-14,1.5953001814775288e-30,-9.486131836374144e-16
47.1,2.9589247280766167e-14,1.5953014813512434e-30,-9.48598507272589e-16
47.12,2.958925287710959e-14,1.595296172699215e-30,-9.485946751391454e-16
47.14,2.9589255707378394e-14,1.595293487913092e-30,-9.486045499155529e-16
47.16,2.9589255855013946e-14,1.5952933478648448e-30,-9.486137886674912e-16
47.18,2.9589260040481234e-14,1.5952893775315947e-30,-9.485935648591836e-16
47.2,2.95892616291678e-14,1.5952878705114538e-30,-9.485691107340687e-16
47.22,2.9589266741292034e-14,1.595283021335464e-30,-9.485614029054145e-16
47.24,2.958927049099573e-14,1.595279464529125e-30,-9.485607891602075e-16
47.26,2.958927419160796e-14,1.595275954258063e-30,-9.485619970568154e-16
47.28,2.958927535329107e-14,1.5952748523311446e-30,-9.485565031280792e-16
47.3,2.958927847224259e-14,1.5952718938180098e-30,-9.485659929187028e-16
47.32,2.958927971260491e-14,1.595270717255779e-30,-9.48555314518805e-16
47.34,2.95892822913498e-14,1.5952682711664953e-30,-9.485591649878215e-16
47.36,2.95892815559175e-14,1.5952689687770724e-30,-9.485592370863161e-16
47.38,2.9589283534679464e-14,1.5952670918084108e-30,-9.485605443058131e-16
47.4,2.958928227821471e-14,1.5952682836337097e-30,-9.485477165936051e-16
47.42,2.958928997585373e-14,1.595260982077728e-30,-9.485481252278455e-16
47.44,2.958929490942933e-14,1.5952563023060843e-30,-9.485595292652335e-16
47.46,2.9589296778123534e-14,1.5952545297637856e-30,-9.485463654718688e-16
47.48,2.958929975019549e-14,1.595251710631512e-30,-9.485435933723492e-16
47.5,2.958930689068944e-14,1.59524493758332e-30,-9.485362367792483e-16
47.52,2.9589309699104414e-14,1.595242273700062e-30,-9.485390825971727e-16
47.54,2.9589314479056434e-14,1.5952377397344e-30,-9.48528091330559e-16
47.56,2.958931459394331e-14,1.5952376307621885e-30,-9.48535230273907e-16
47.58,2.958931523207557e-14,1.59523702548086e-30,-9.48529388238161e-16
47.6,2.958931562960548e-14,1.5952366484083352e-30,-9.48524047906528e-16
47.62,2.958931703837897e-14,1.59523531215547e-30,-9.485124546073828e-16
47.64,2.958932275855311e-14,1.595229886495371e-30,-9.485116967058445e-16
47.66,2.9589321803676034e-14,1.5952307921903464e-30,-9.484952522057146e-16
47.68,2.958932086041555e-14,1.5952316868626374e-30,-9.484979608395286e-16
47.7,2.9589326879634774e-14,1.595225977647274e-30,-9.484959345954834e-16
47.72,2.958933046828633e-14,1.5952225738290697e-30,-9.484972231353695e-16
47.74,2.9589327750839436e-14,1.5952251513015654e-30,-9.484880687391677e-16
47.76,2.958932944453551e-14,1.5952235448465848e-30,-9.48487990604688e-16
47.78,2.958933327416998e-14,1.5952199124889667e-30,-9.484888901200748e-16
47.8,2.9589335713132016e-14,1.5952175991645947e-30,-9.484872438317051e-16
47.82,2.9589336563551145e-14,1.5952167925495146e-30,-9.484893671251896e-16
47.84,2.958933763101376e-14,1.5952157800779885e-30,-9.484825638575238e-16
47.86,2.9589342861586177e-14,1.595210819023814e-30,-9.484719720683845e-16
47.88,2.958934808627529e-14,1.5952058635476053e-30,-9.484791581535237e-16
47.9,2.9589348525593365e-14,1.595205446859508e-30,-9.484825003988074e-16
47.92,2.9589346889910587e-14,1.595206998282615e-30,-9.484870369766144e-16
47.94,2.9589342620522534e-14,1.5952110477284846e-30,-9.484835021091523e-16
47.96,2.9589347187988546e-14,1.5952067155952557e-30,-9.484739313182437e-16
47.98,2.958934457760823e-14,1.59520919147262e-30,-9.484853374378774e-16
48.0,2.9589348680379253e-14,1.595205300029423e-30,-9.484966893080674e-16
48.02,2.958935360226122e-14,1.595200631641276e-30,-9.484933913456326e-16
48.04,2.958935613097202e-14,1.5951982331798215e-30,-9.484903472523632e-16
48.06,2.9589361364986855e-14,1.5951932687903597e-30,-9.48485456087338e-16
48.08,2.9589366496303916e-14,1.5951884018511848e-30,-9.484718417453286e-16
48.1,2.958936890227922e-14,1.595186119828367e-30,-9.484877190609835e-16
48.12,2.958936650570162e-14,1.5951883929603082e-30,-9.484956958289969e-16
48.14,2.958936888448533e-14,1.5951861366807217e-30,-9.484986948339114e-16
48.16,2.95893729711614e-14,1.595182260442989e-30,-9.485104634682317e-16
48.18,2.95893752127799e-14,1.5951801342467775e-30,-9.48517331631745e-16
48.2,2.95893713477543e-14,1.595183800269021e-30,-9.485146086577966e-16
48.22,2.958937394678102e-14,1.5951813350676667e-30,-9.48510586721248e-16
48.24,2.958937963725694e-14,1.5951759375869923e-30,-9.485097956445429e-16
48.26,2.958938313861465e-14,1.5951726165069802e-30,-9.485045521739377e-16
48.28,2.958938990024238e-14,1.595166203095603e-30,-9.485002384623368e-16
48.3,2.958939527380272e-14,1.5951611063022134e-30,-9.484866874000355e-16
48.32,2.958939488390677e-14,1.5951614761308572e-30,-9.485011733508304e-16
48.34,2.958939984911836e-14,1.595156766622943e-30,-9.48502869493174e-16
48.36,2.958940203728974e-14,1.595154691131668e-30,-9.484978109934906e-16
48.38,2.9589404911222266e-14,1.5951519652195277e-30,-9.485005891779677e-16
48.4,2.958940838481568e-14,1.5951486705216837e-30,-9.4850313512536e-16
48.42,2.958940713974617e-14,1.595149851476167e-30,-9.484832246266031e-16
48.44,2.958940810819255e-14,1.595148932916187e-30,-9.484868837787695e-16
48.46,2.9589410004857536e-14,1.5951471339451076e-30,-9.484962111018015e-16
48.48,2.958941099496227e-14,1.5951461948345125e-30,-9.485021997159816e-16
48.5,2.9589413603651866e-14,1.5951437205045286e-30,-9.484890139867617e-16
48.52,2.9589414366058554e-14,1.595142997363402e-30,-9.484969706379543e-16
48.54,2.9589423023000104e-14,1.5951347862269742e-30,-9.485116171317726e-16
48.56,2.958942210192518e-14,1.595135659879729e-30,-9.485083366296064e-16
48.58,2.958942184059232e-14,1.5951359077573965e-30,-9.485142289627608e-16
48.6,2.958942739448393e-14,1.5951306398189707e-30,-9.485133529588527e-16
48.62,2.9589434757393614e-14,1.595123656028348e-30,-9.485068143705078e-16
48.64,2.958944195083148e-14,1.5951168329662918e-30,-9.48507740020888e-16
48.66,2.958944294927114e-14,1.5951158859426845e-30,-9.484975200814838e-16
48.68,2.958944773860029e-14,1.5951113433192575e-30,-9.484812296854738e-16
48.7,2.9589445614443654e-14,1.595113358018097e-30,-9.484735084087449e-16
48.72,2.958944930050409e-14,1.595109861886358e-30,-9.484768938579366e-16
48.74,2.9589455595146537e-14,1.5951038915715364e-30,-9.484692719299872e-16
48.76,2.958945414376235e-14,1.5951052681578873e-30,-9.48464378974721e-16
48.78,2.9589454749476615e-14,1.595104693659298e-30,-9.484639525497583e-16
48.8,2.9589460030493575e-14,1.5950996848390998e-30,-9.484560477688524e-16
48.82,2.958946543767357e-14,1.5950945563572978e-30,-9.484546691848485e-16
48.84,2.958946631921506e-14,1.5950937202597696e-30,-9.484486812381867e-16
48.86,2.958946991173264e-14,1.5950903129858543e-30,-9.48435430353458e-16
48.88,2.958947576314319e-14,1.5950847633287528e-30,-9.484314660715185e-16
48.9,2.9589478099231743e-14,1.595082547698198e-30,-9.484350651398258e-16
48.92,2.958948478869427e-14,1.5950762031745746e-30,-9.484362711417633e-16
48.94,2.958949581437634e-14,1.595065745957571e-30,-9.484461052018724e-16
48.96,2.958949969045472e-14,1.595062069715867e-30,-9.484465171161175e-16
48.98,2.9589500202681734e-14,1.59506158389853e-30,-9.484403325931594e-16
49.0,2.958950184295641e-14,1.5950600281929478e-30,-9.484430100974333e-16
49.02,2.9589505180293804e-14,1.5950568629289774e-30,-9.484552603276602e-16
49.04,2.958950179674323e-14,1.5950600721144428e-30,-9.484706397874865e-16
49.06,2.9589503377782936e-14,1.59505857253846e-30,-9.484821788571618e-16
49.08,2.958950700960876e-14,1.5950551278130945e-30,-9.48476688670056e-16
49.1,2.958951225913812e-14,1.5950501487485384e-30,-9.4848621699603e-16
49.12,2.958950919290244e-14,1.5950530570826917e-30,-9.48495959110756e-16
49.14,2.958951279231547e-14,1.595049643054328e-30,-9.484991202952175e-16
49.16,2.958951407283703e-14,1.5950484284775318e-30,-9.48504137373424e-16
49.18,2.958951535829754e-14,1.595047209219084e-30,-9.484999855014816e-16
49.2,2.9589515590673495e-14,1.5950469888117432e-30,-9.48504027380355e-16
49.22,2.9589517114629254e-14,1.5950455433344028e-30,-9.485015137907591e-16
49.24,2.958951830997234e-14,1.5950444095578006e-30,-9.485035021672089e-16
49.26,2.9589514553128733e-14,1.595047972932602e-30,-9.485018488008162e-16
49.28,2.9589517955945667e-14,1.5950447453733286e-30,-9.484939628668545e-16
49.3,2.958951949918017e-14,1.5950432816192583e-30,-9.484989303394679e-16
49.32,2.9589523191252524e-14,1.5950397797143903e-30,-9.484884771549724e-16
49.34,2.9589523505067e-14,1.5950394820676173e-30,-9.48484011614437e-16
49.36,2.958952234617894e-14,1.5950405812535806e-30,-9.48473600727054e-16
49.38,2.958952739522402e-14,1.5950357924030426e-30,-9.484575521212029e-16
49.4,2.9589533248021875e-14,1.5950302412708632e-30,-9.484591594778512e-16
49.42,2.9589531892926646e-14,1.5950315265215393e-30,-9.484550182937906e-16
49.44,2.9589534014816996e-14,1.595029514004182e-30,-9.484455637145573e-16
49.46,2.958954006970375e-14,1.5950237712424146e-30,-9.484536037965627e-16
49.48,2.958954083131294e-14,1.595023048892064e-30,-9.484641869730134e-16
49.5,2.9589543424735854e-14,1.5950205891364902e-30,-9.48449290921754e-16
49.52,2.9589540266722276e-14,1.595023584346621e-30,-9.484337383070694e-16
49.54,2.9589540915727104e-14,1.5950229687849446e-30,-9.484492898866265e-16
49.56,2.958954527974339e-14,1.5950188296688604e-30,-9.484692788787947e-16
49.58,2.958954867474569e-14,1.595015609609422e-30,-9.484700239677016e-16
49.6,2.958954726241896e-14,1.59501694915276e-30,-9.484731769145461e-16
49.62,2.9589546011221076e-14,1.5950181358413955e-30,-9.484559158148582e-16
49.64,2.95895459516233e-14,1.595018192371624e-30,-9.484492522418685e-16
49.66,2.958955112056117e-14,1.5950132898709715e-30,-9.48450511721744e-16
49.68,2.95895543719556e-14,1.595010206064695e-30,-9.484551549836009e-16
49.7,2.9589552466973157e-14,1.5950120128573415e-30,-9.484530034100052e-16
49.72,2.958955688210233e-14,1.5950078252920888e-30,-9.484620372018544e-16
49.74,2.9589557263497365e-14,1.5950074635503826e-30,-9.48454855286129e-16
49.76,2.958956034756964e-14,1.5950045384167248e-30,-9.484679762959539e-16
49.78,2.958955731718146e-14,1.5950074126412973e-30,-9.484640362655393e-16
49.8,2.958955480780737e-14,1.5950097926751775e-30,-9.484477337267354e-16
49.82,2.9589553853001363e-14,1.5950106982460273e-30,-9.484503217876564e-16
49.84,2.958955729326058e-14,1.595007435350457e-30,-9.484454027531852e-16
49.86,2.9589556372609034e-14,1.5950083085308535e-30,-9.484393836420053e-16
49.88,2.9589556667768145e-14,1.5950080285911976e-30,-9.484369225758098e-16
49.9,2.958955466555725e-14,1.5950099275674506e-30,-9.484419135315975e-16
49.92,2.9589554362380436e-14,1.5950102151023214e-30,-9.484474671570987e-16
49.94,2.9589559405526476e-14,1.595005431928541e-30,-9.484469776621385e-16
49.96,2.958955978199052e-14,1.5950050748688886e-30,-9.484550463904128e-16
49.98,2.9589564038244235e-14,1.5950010380105003e-30,-9.484536199578772e-16
50.0,2.958956729812249e-14,1.5949979461780128e-30,-9.48447158981218e-16
50.02,2.9589566768569174e-14,1.5949984484420954e-30,-9.484585259133817e-16
50.04,2.9589570828321796e-14,1.5949945979323127e-30,-9.48463176087727e-16
50.06,2.9589574569326233e-14,1.5949910497248906e-30,-9.484669045086966e-16
50.08,2.9589579529896446e-14,1.5949863448018374e-30,-9.484655052131497e-16
50.1,2.9589575404557575e-14,1.5949902575382233e-30,-9.484702436810989e-16
50.12,2.958957798320268e-14,1.5949878117435394e-30,-9.484831239049059e-16
50.14,2.9589578577234885e-14,1.5949872483314662e-30,-9.484798206099765e-16
50.16,2.9589580120034555e-14,1.5949857850197932e-30,-9.484796939332092e-16
50.18,2.958957693311377e-14,1.594988807744799e-30,-9.48474274435582e-16
50.2,2.958957864998978e-14,1.5949871793302224e-30,-9.484867088700368e-16
50.22,2.958958140444277e-14,1.5949845667790517e-30,-9.484860152755717e-16
50.24,2.958958503726354e-14,1.594981121100803e-30,-9.484828479986743e-16
50.26,2.9589591247213225e-14,1.5949752311006578e-30,-9.484741903300407e-16
50.28,2.958959577050558e-14,1.5949709408799118e-30,-9.484796355819096e-16
50.3,2.9589599730004094e-14,1.5949671853139067e-30,-9.484963024629857e-16
50.32,2.958960430269074e-14,1.594962848143571e-30,-9.485025296790644e-16
50.34,2.958960177279171e-14,1.594965247739449e-30,-9.484869512723833e-16
50.36,2.958960157398111e-14,1.5949654363041306e-30,-9.484815591448532e-16
50.38,2.958960018761691e-14,1.5949667512436005e-30,-9.48479579662463e-16
50.4,2.958960413395778e-14,1.5949630082313807e-30,-9.48474016009956e-16
50.42,2.9589604597177965e-14,1.594962568871579e-30,-9.484626401174369e-16
50.44,2.958960311087732e-14,1.594963978569275e-30,-9.484572309296538e-16
50.46,2.958960101750541e-14,1.5949659640420953e-30,-9.484562881464454e-16
50.48,2.95896040142982e-14,1.5949631217118658e-30,-9.48456811613511e-16
50.5,2.9589606242533277e-14,1.594961008326145e-30,-9.48463440972846e-16
50.52,2.9589608798829745e-14,1.5949585837901525e-30,-9.4846308079415e-16
50.54,2.958960970093225e-14,1.594957728166248e-30,-9.484756054583574e-16
50.56,2.958961171074561e-14,1.594955821911276e-30,-9.484755397977723e-16
50.58,2.958961885563832e-14,1.594949045137868e-30,-9.484793506873023e-16
50.6,2.958962435079117e-14,1.594943833068025e-30,-9.48483667723305e-16
50.62,2.958962830808347e-14,1.5949400796257776e-30,-9.484843950310503e-16
50.64,2.958963503967589e-14,1.594933694870134e-30,-9.48470992335168e-16
50.66,2.958963505691814e-14,1.5949336785150025e-30,-9.484727613022789e-16
50.68,2.958963609312391e-14,1.5949326956993657e-30,-9.484730107713045e-16
50.7,2.9589640503833045e-14,1.594928512260501e-30,-9.484746635717998e-16
50.72,2.958964156837904e-14,1.5949275025673614e-30,-9.484707067189895e-16
50.74,2.958964148886407e-14,1.594927577990016e-30,-9.484638321171565e-16
50.76,2.9589646390784064e-14,1.5949229287480353e-30,-9.484489687591487e-16
50.78,2.9589645749185705e-14,1.5949235372864645e-30,-9.48461651297726e-16
50.8,2.958964716589742e-14,1.594922193600618e-30,-9.484840857545037e-16
50.82,2.958964407366879e-14,1.594925126519412e-30,-9.484786180432915e-16
50.84,2.9589646007928043e-14,1.594923291922494e-30,-9.484638043627263e-16
50.86,2.9589654431329884e-14,1.5949153026861355e-30,-9.484537730443191e-16
50.88,2.958966126162477e-14,1.5949088244177797e-30,-9.484694255375349e-16
50.9,2.958965774718073e-14,1.5949121577572262e-30,-9.484653765513402e-16
50.92,2.958966511598687e-14,1.5949051687176257e-30,-9.48459685571587e-16
50.94,2.958966903722711e-14,1.594901449600054e-30,-9.484543254285643e-16
50.96,2.9589676877726974e-14,1.5948940132810215e-30,-9.48449114892476e-16
50.98,2.958967491559889e-14,1.5948958742658545e-30,-9.48452255350895e-16
51.0,2.958967517332515e-14,1.5948956298460892e-30,-9.484338006886436e-16
51.02,2.958967768907571e-14,1.5948932438289148e-30,-9.484378658933294e-16
51.04,2.958968112638783e-14,1.594889983764544e-30,-9.484292025703302e-16
51.06,2.958968254749093e-14,1.5948886359446312e-30,-9.484092310357011e-16
51.08,2.9589686926138477e-14,1.5948844831703428e-30,-9.484104741261234e-16
51.1,2.9589691074244574e-14,1.5948805490869603e-30,-9.483910717814745e-16
51.12,2.9589692550667884e-14,1.5948791488679796e-30,-9.483870681379318e-16
51.14,2.958969345293687e-14,1.594878293168951e-30,-9.4838214335044e-16
51.16,2.9589694427514744e-14,1.594877368894073e-30,-9.483714234468976e-16
51.18,2.9589696551838844e-14,1.5948753542245448e-30,-9.483697351628707e-16
51.2,2.958969620801329e-14,1.5948756802950688e-30,-9.483726456474785e-16
51.22,2.958969796578234e-14,1.59487401327281e-30,-9.483792506460313e-16
51.24,2.958970488144501e-14,1.5948674545960265e-30,-9.483841894983135e-16
51.26,2.95897104991642e-14,1.5948621268579626e-30,-9.483780516634097e-16
51.28,2.9589709933472436e-14,1.5948626633407826e-30,-9.483667813192648e-16
51.3,2.9589707767844975e-14,1.594864717145533e-30,-9.483502381808825e-16
51.32,2.958970790542924e-14,1.594864586659755e-30,-9.483529673989015e-16
51.34,2.9589711652308235e-14,1.5948610332860994e-30,-9.483564683016891e-16
51.36,2.958971506909329e-14,1.5948577929646933e-30,-9.483574673566178e-16
51.38,2.958971299965429e-14,1.5948597555266753e-30,-9.48355324009311e-16
51.4,2.958971559588755e-14,1.594857293370661e-30,-9.483635807811202e-16
51.42,2.958971510148737e-14,1.5948577622402905e-30,-9.483646456207533e-16
51.44,2.958971876221118e-14,1.594854290518541e-30,-9.483681726351366e-16
51.46,2.958972061637482e-14,1.5948525320848906e-30,-9.483631362755602e-16
51.48,2.958972486810392e-14,1.5948484999019924e-30,-9.483621422721023e-16
51.5,2.95897255732492e-14,1.5948478311646696e-30,-9.483735309376995e-16
51.52,2.9589724043349954e-14,1.594849282071777e-30,-9.483774891708586e-16
51.54,2.958972848442134e-14,1.594845070280234e-30,-9.483660240568616e-16
51.56,2.958972413541088e-14,1.5948491947275137e-30,-9.483623366088067e-16
51.58,2.958972615779041e-14,1.5948472768039153e-30,-9.483409274286154e-16
51.6,2.9589727166368905e-14,1.5948463203235185e-30,-9.48335918225686e-16
51.62,2.9589731971966604e-14,1.594841762999195e-30,-9.483294477240048e-16
51.64,2.958973465390889e-14,1.5948392196211654e-30,-9.483251118551313e-16
51.66,2.95897408406348e-14,1.594833352563713e-30,-9.483318604973664e-16
51.68,2.9589743981594485e-14,1.5948303738870224e-30,-9.483357881266036e-16
51.7,2.958975129418927e-14,1.5948234390709203e-30,-9.483336382987255e-16
51.72,2.9589753068258156e-14,1.5948217566681455e-30,-9.483263342291354e-16
51.74,2.958975750683705e-14,1.594817547465913e-30,-9.48318016328747e-16
51.76,2.958975743227692e-14,1.59481761817562e-30,-9.483168174294448e-16
51.78,2.9589761808851564e-14,1.5948134678044595e-30,-9.483157258790762e-16
51.8,2.9589761699522744e-14,1.5948135714854557e-30,-9.483031184832708e-16
51.82,2.9589766275056355e-14,1.5948092325436597e-30,-9.483037611094644e-16
51.84,2.958976643016288e-14,1.594809085469108e-30,-9.483032444931981e-16
51.86,2.9589767425308173e-14,1.5948081417764293e-30,-9.482948727257584e-16
51.88,2.9589771452400035e-14,1.5948043229176395e-30,-9.48306402190358e-16
51.9,2.9589772877775444e-14,1.5948029712264454e-30,-9.483104611120349e-16
51.92,2.9589774767281426e-14,1.5948011793830666e-30,-9.483130054482892e-16
51.94,2.9589781389831114e-14,1.5947948991203552e-30,-9.48314607480584e-16
51.96,2.958978299880164e-14,1.5947933733090856e-30,-9.48314254729976e-16
51.98,2.958978805081522e-14,1.5947885824031882e-30,-9.483190659535882e-16
52.0,2.95897927158385e-14,1.5947841584559976e-30,-9.483216641389553e-16
52.02,2.9589794088891544e-14,1.5947828563877025e-30,-9.482968869871325e-16
52.04,2.958979755898755e-14,1.5947795657062345e-30,-9.482950178365326e-16
52.06,2.958980022071556e-14,1.594777041622872e-30,-9.482943628489833e-16
52.08,2.958980329662081e-14,1.5947741247523075e-30,-9.483026369225632e-16
52.1,0.0002999999996077825,-3.515402811298988e-17,-2.30878687258632e-13
52.12,0.0022999999994389913,-6.700444355568632e-16,-3.4046442184260437e-13
52.14,0.004299999999364458,-1.3937669015934293e-15,-3.8328064983622943e-13
52.16,0.006299999999289714,-2.203249488419775e-15,-4.262215610796903e-13
52.18,0.008299999999214793,-3.0987118011859245e-15,-4.69260050518675e-13
52.2,0.01029999999913972,-4.08035235730965e-15,-5.123939497488383e-13
52.22,0.012299999999064521,-5.148355688000704e-15,-5.556145851528004e-13
52.24,0.014299999998989222,-6.302848428072829e-15,-5.988872622610419e-13
52.26,0.016299999998913843,-7.543943768232833e-15,-6.422293283083224e-13
52.28,0.018299999998838405,-8.87173191410147e-15,-6.855887415903627e-13
52.3,0.020299999998762933,-1.0286303504980367e-14,-7.289568284897829e-13
52.32,0.022299999998687425,-1.1787550554333156e-14,-7.72324915389203e-13
52.34,0.024299999998611918,-1.3375616610527482e-14,-8.157016759060031e-13
52.36,0.026299999998536425,-1.505033297170533e-14,-8.590090474837641e-13
52.38,0.02829999999846098,-1.6811755582698825e-14,-9.024291760874636e-13
52.4,0.030299999998385597,-1.8659919571658375e-14,-9.457278740478447e-13
52.42,0.03229999999831029,-2.059465710408771e-14,-9.890178983908459e-13
52.44,0.0342999999982351,-2.2615897923686088e-14,-1.032247207412188e-12
52.46,0.036299999998160005,-2.472349241055374e-14,-1.0753550857902116e-12
52.48,0.03829999999808509,-2.691727229651353e-14,-1.118410922463956e-12
52.5,0.040299999998010344,-2.919702421057798e-14,-1.161345328494382e-12
52.52,0.04229999999793581,-3.156251223035442e-14,-1.20412360941197e-12
52.54,0.04429999999786152,-3.401346834106588e-14,-1.2467978069209994e-12
52.56,0.046299999998205214,-3.630869225430442e-14,-1.0590486851160296e-12
52.58,0.0482999999981396,-3.8438440027331274e-14,-1.0707060268745937e-12
52.6,0.05029999999807403,-4.059130385803654e-14,-1.0821725490508004e-12
52.62,0.052299999998008564,-4.27668370551252e-14,-1.0933268210013313e-12
52.64,0.05429999999794312,-4.496457904951432e-14,-1.1044290512475829e-12
52.66,0.05629999999787767,-4.718452550439523e-14,-1.1155312814938344e-12
52.68,0.05829999999781223,-4.9426676419767904e-14,-1.126633511740086e-12
52.7,0.06029999999774678,-5.169103179563236e-14,-1.1377357419863376e-12
52.72,0.062299999997681335,-5.39775916319886e-14,-1.1488379722325891e-12
52.74,0.06429999999761585,-5.6286355928836604e-14,-1.1599055080093212e-12
52.76,0.06629999999755043,-5.861692396505354e-14,-1.1705567101518188e-12
52.78,0.06829999999748504,-6.096859838180197e-14,-1.1811038288857577e-12
52.8,0.07029999999741965,-6.334136703601768e-14,-1.1916509476196967e-12
52.82,0.07229999999735426,-6.57352299277006e-14,-1.2021980663536357e-12
52.84,0.07429999999728887,-6.815018705685066e-14,-1.2127451850875747e-12
52.86,0.07629999999722349,-7.058624015819133e-14,-1.2233269982910332e-12
52.88,0.0782999999971581,-7.304338576227576e-14,-1.2338741170249722e-12
52.9,0.08029999999709271,-7.552162560382745e-14,-1.2444212357589112e-12
52.92,0.08229999999702732,-7.802095968284627e-14,-1.2549683544928502e-12
52.94,0.08429999999696193,-8.054138799933221e-14,-1.2655154732267892e-12
52.96,0.08629999999689654,-8.308291055328538e-14,-1.2760625919607282e-12
52.98,0.08829999999683115,-8.564552734470583e-14,-1.2866097106946671e-12
53.0,0.09029999999676576,-8.822923837359341e-14,-1.2971568294286061e-12
53.02,0.09229999999670037,-9.083404363994811e-14,-1.3077039481625451e-12
53.04,0.09429999999663498,-9.345994314377003e-14,-1.3182510668964841e-12
53.06,0.09629999999656959,-9.610693688505923e-14,-1.328798185630423e-12
53.08,0.0982999999965042,-9.877502486381556e-14,-1.339345304364362e-12
53.1,0.10029999999643882,-1.0146418626335735e-13,-1.349753645220223e-12
53.12,0.10229999999637365,-1.0417368556093099e-13,-1.3597456524418493e-12
53.14,0.10429999999630848,-1.069031688729472e-13,-1.3697376596634757e-12
53.16,0.10629999999624332,-1.0965263619940602e-13,-1.3797296668851022e-12
53.18,0.10829999999617815,-1.1242208754030747e-13,-1.3897216741067286e-12
53.2,0.11029999999611298,-1.1521152289565145e-13,-1.399713681328355e-12
53.22,0.11229999999604781,-1.1802094226543807e-13,-1.4097056885499814e-12
53.24,0.11429999999598264,-1.2085034564966729e-13,-1.4196976957716078e-12
53.26,0.11629999999591747,-1.2369973304833908e-13,-1.4296897029932342e-12
53.28,0.1182999999958523,-1.2656910446145353e-13,-1.4396817102148606e-12
53.3,0.12029999999578714,-1.2945845988901056e-13,-1.449673717436487e-12
53.32,0.12229999999572197,-1.3236779933101017e-13,-1.4596657246581134e-12
53.34,0.1242999999956568,-1.352971227874524e-13,-1.4696577318797398e-12
53.36,0.12629999999559155,-1.3824643372778419e-13,-1.4796497391013662e-12
53.38,0.12829999999552627,-1.4121572521311163e-13,-1.4896417463229927e-12
53.4,0.130299999995461,-1.4420500071288165e-13,-1.499633753544619e-12
53.42,0.1322999999953957,-1.472142602270943e-13,-1.5096257607662455e-12
53.44,0.13429999999533043,-1.5024350375574958e-13,-1.5196177679878719e-12
53.46,0.13629999999526515,-1.532927312988474e-13,-1.5296097752094983e-12
53.48,0.13829999999519987,-1.5636194285638785e-13,-1.5396017824311247e-12
53.5,0.1402999999951346,-1.5945113842837086e-13,-1.5495937896527511e-12
53.52,0.14229999999506932,-1.625603180147965e-13,-1.5595857968743775e-12
53.54,0.14429999999500404,-1.6568948161566477e-13,-1.569577804096004e-12
53.56,0.14629999999493876,-1.6883862923097562e-13,-1.5795698113176303e-12
53.58,0.14829999999487348,-1.720077608607291e-13,-1.5895618185392567e-12
53.6,0.15029999999480825,-1.7519687650492526e-13,-1.5995538257608831e-12
53.62,0.15229999999474297,-1.7840597616356392e-13,-1.6095458329825096e-12
53.64,0.1542999999946777,-1.8163505983664516e-13,-1.619537840204136e-12
53.66,0.15629999999461236,-1.8488411711582813e-13,-1.6294604584867233e-12
53.68,0.15829999999454683,-1.8815194757246711e-13,-1.6383422426837246e-12
53.7,0.16029999999448133,-1.914375415974996e-13,-1.6472240268807258e-12
53.72,0.16229999999441583,-1.947408991909255e-13,-1.656105811077727e-12
53.74,0.16429999999435033,-1.9806202035274475e-13,-1.6649875952747283e-12
53.76,0.16629999999428483,-2.014009050829575e-13,-1.6738693794717296e-12
53.78,0.16829999999421932,-2.047575533815637e-13,-1.6827511636687308e-12
53.8,0.17029999999415382,-2.0813196524856322e-13,-1.691632947865732e-12
53.82,0.17229999999408832,-2.1152414068395622e-13,-1.7005147320627333e-12
53.84,0.17429999999402282,-2.1493407968774265e-13,-1.7093965162597346e-12
53.86,0.17629999999395732,-2.183617822599224e-13,-1.7182783004567358e-12
53.88,0.17829999999389182,-2.2180724840049568e-13,-1.727160084653737e-12
53.9,0.18029999999382632,-2.2527047810946238e-13,-1.7360418688507383e-12
53.92,0.18229999999376081,-2.287514713868224e-13,-1.7449236530477396e-12
53.94,0.1842999999936953,-2.322502282325757e-13,-1.7538054372447408e-12
53.96,0.1862999999936298,-2.3576674864672263e-13,-1.762687221441742e-12
53.98,0.1882999999935643,-2.3930103262926313e-13,-1.7715690056387433e-12
54.0,0.1902999999934988,-2.428530801801971e-13,-1.7804507898357446e-12
54.02,0.1922999999934333,-2.4642289129952427e-13,-1.7893325740327458e-12
54.04,0.1942999999933678,-2.5001046598724475e-13,-1.798214358229747e-12
54.06,0.1962999999933023,-2.5361580424335857e-13,-1.8070961424267483e-12
54.08,0.1982999999932368,-2.5723890606786597e-13,-1.8159779266237496e-12
54.1,0.20029999999317133,-2.60879771460767e-13,-1.824859710820751e-12
54.12,0.20229999999310627,-2.645384281776379e-13,-1.833741495017752e-12
54.14,0.20429999999304121,-2.682148484629024e-13,-1.8426232792147534e-12
54.16,0.20629999999297616,-2.719090323165601e-13,-1.8515050634117546e-12
54.18,0.2082999999929111,-2.7562097973861077e-13,-1.860386847608756e-12
54.2,0.21029999999284604,-2.79350690729055e-13,-1.869268631805757e-12
54.22,0.21229999999278099,-2.830981652878928e-13,-1.8781504160027584e-12
54.24,0.21429999999271593,-2.8686340341512416e-13,-1.8870322001997596e-12
54.26,0.21629999999265087,-2.906464051107491e-13,-1.895913984396761e-12
54.28,0.2182999999925858,-2.944471703747675e-13,-1.904795768593762e-12
54.3,0.22029999999252076,-2.9826569920717883e-13,-1.9136775527907634e-12
54.32,0.2222999999924557,-3.0210199160798353e-13,-1.9225593369877646e-12
54.34,0.22429999999239064,-3.059560475771818e-13,-1.931441121184766e-12
54.36,0.22629999999232558,-3.0982786711477367e-13,-1.940322905381767e-12
54.38,0.22829999999226053,-3.137174502207591e-13,-1.9492046895787684e-12
54.4,0.23029999999219547,-3.1762479689513805e-13,-1.9580864737757696e-12
54.42,0.2322999999921304,-3.2154990713791005e-13,-1.966968257972771e-12
54.44,0.23429999999206536,-3.2549278094907524e-13,-1.975850042169772e-12
54.46,0.2362999999920003,-3.29453418328634e-13,-1.9847318263667734e-12
54.48,0.23829999999193524,-3.3343181927658635e-13,-1.9936136105637746e-12
54.5,0.24029999999187018,-3.374279837929323e-13,-2.002495394760776e-12
54.52,0.24229999999180513,-3.414419118776718e-13,-2.011377178957777e-12
54.54,0.24429999999174007,-3.454736035308046e-13,-2.0202589631547784e-12
54.56,0.246299999991675,-3.4952305875233036e-13,-2.0291407473517797e-12
54.58,0.24829999999160995,-3.535902775422496e-13,-2.038022531548781e-12
54.6,0.25029999999154495,-3.576752425533277e-13,-2.046834926806743e-12
54.62,0.25229999999148034,-3.6177784970215603e-13,-2.0557167110037443e-12
54.64,0.2542999999914157,-3.6589822041937757e-13,-2.0645984952007456e-12
54.66,0.2562999999913511,-3.7003635470499254e-13,-2.073480279397747e-12
54.68,0.2582999999912865,-3.741922525590011e-13,-2.082362063594748e-12
54.7,0.2602999999912219,-3.783659139814032e-13,-2.0912438477917494e-12
54.72,0.2622999999911573,-3.8255733897219864e-13,-2.1001256319887506e-12
54.74,0.26429999999109266,-3.8676652753138754e-13,-2.109007416185752e-12
54.76,0.26629999999102805,-3.909934796589697e-13,-2.117889200382753e-12
54.78,0.26829999999096343,-3.952381953549452e-13,-2.1267709845797544e-12
54.8,0.2702999999908988,-3.9950067461931426e-13,-2.1356527687767556e-12
54.82,0.2722999999908342,-4.037809174520769e-13,-2.144534552973757e-12
54.84,0.2742999999907696,-4.080789238532329e-13,-2.153416337170758e-12
54.86,0.276299999990705,-4.1239469382278226e-13,-2.1622981213677594e-12
54.88,0.27829999999064026,-4.1672798449943826e-13,-2.170763571930526e-12
54.9,0.28029999999057503,-4.2107744279888946e-13,-2.178396355224824e-12
54.92,0.28229999999050953,-4.254409523584952e-13,-2.185057693372575e-12
54.94,0.28429999999044403,-4.2981778459439604e-13,-2.191719031520326e-12
54.96,0.28629999999037853,-4.3420793950659193e-13,-2.198380369668077e-12
54.98,0.288299999990313,-4.3861141709508286e-13,-2.205041707815828e-12
55.0,0.2902999999902475,-4.4302821735986887e-13,-2.211703045963579e-12
55.02,0.292299999990182,-4.4745834030094987e-13,-2.2183643841113298e-12
55.04,0.2942999999901165,-4.5190178591832595e-13,-2.2250257222590807e-12
55.06,0.296299999990051,-4.563585542119971e-13,-2.2316870604068317e-12
55.08,0.2982999999899855,-4.608286451819633e-13,-2.2383483985545826e-12
55.1,0.30029999998991996,-4.653120727060124e-13,-2.2450097367023335e-12
55.12,0.30229999998985446,-4.6980886453972e-13,-2.2516710748500845e-12
55.14,0.30429999998978896,-4.743189790497229e-13,-2.2583324129978354e-12
55.16,0.30629999998972346,-4.788424162360205e-13,-2.2649937511455863e-12
55.18,0.30829999998965796,-4.833791760986134e-13,-2.2716550892933373e-12
55.2,0.31029999998959246,-4.879292586375013e-13,-2.2783164274410882e-12
55.22,0.31229999998952696,-4.924926638526842e-13,-2.284977765588839e-12
55.24,0.31429999998946145,-4.970693917441621e-13,-2.29163910373659e-12
55.26,0.31629999998939595,-5.016594423119352e-13,-2.298300441884341e-12
55.28,0.31829999998933045,-5.062628155560033e-13,-2.304961780032092e-12
55.3,0.32029999998926495,-5.108795114763665e-13,-2.311623118179843e-12
55.32,0.32229999998919945,-5.155095300730249e-13,-2.318284456327594e-12
55.34,0.32429999998913395,-5.201528713459781e-13,-2.324945794475345e-12
55.36,0.32629999998906845,-5.248095352952266e-13,-2.3316071326230957e-12
55.38,0.32829999998900294,-5.294795219207701e-13,-2.3382684707708467e-12
55.4,0.33029999998893744,-5.341628312226087e-13,-2.3449298089185976e-12
55.42,0.33229999998887194,-5.388594632007421e-13,-2.3515911470663486e-12
55.44,0.33429999998880644,-5.435694178551708e-13,-2.3582524852140995e-12
55.46,0.33629999998874094,-5.482926951858946e-13,-2.3649138233618504e-12
55.48,0.33829999998867544,-5.530292951929133e-13,-2.3715751615096014e-12
55.5,0.34029999998860994,-5.577792178762273e-13,-2.3782364996573523e-12
55.52,0.34229999998854443,-5.625424632358362e-13,-2.3848978378051033e-12
55.54,0.34429999998847893,-5.673190312717401e-13,-2.391559175952854e-12
55.56,0.34629999998841343,-5.721089219839392e-13,-2.398220514100605e-12
55.58,0.34829999998834793,-5.769121353724333e-13,-2.404881852248356e-12
55.6,0.35029999998828243,-5.817286714372225e-13,-2.411543190396107e-12
55.62,0.3522999999882169,-5.865585301783066e-13,-2.418204528543858e-12
55.64,0.3542999999881514,-5.914017115956861e-13,-2.424865866691609e-12
55.66,0.3562999999880859,-5.962582156893603e-13,-2.43152720483936e-12
55.68,0.3582999999880204,-6.011280424593298e-13,-2.4381885429871108e-12
55.7,0.3602999999879549,-6.060111919055944e-13,-2.4448498811348617e-12
55.72,0.3622999999878894,-6.109076640281539e-13,-2.4515112192826126e-12
55.74,0.3642999999878239,-6.158174588270085e-13,-2.4581725574303636e-12
55.76,0.3662999999877584,-6.207405763021584e-13,-2.4648338955781145e-12
55.78,0.3682999999876929,-6.256770164536031e-13,-2.4714952337258655e-12
55.8,0.3702999999876274,-6.306267792813428e-13,-2.4781565718736164e-12
55.82,0.3722999999875619,-6.355898647853779e-13,-2.4848179100213673e-12
55.84,0.3742999999874964,-6.405662729657077e-13,-2.4914792481691183e-12
55.86,0.3762999999874309,-6.455560038223329e-13,-2.4981405863168692e-12
55.88,0.3782999999873654,-6.50559057355253e-13,-2.50480192446462e-12
55.9,0.3802999999872999,-6.555754335644682e-13,-2.511463262612371e-12
55.92,0.3822999999872344,-6.606051324499783e-13,-2.518124600760122e-12
55.94,0.3842999999871689,-6.656481540117836e-13,-2.524785938907873e-12
55.96,0.3862999999871034,-6.707044982498841e-13,-2.531447277055624e-12
55.98,0.3882999999870379,-6.757741651642794e-13,-2.538108615203375e-12
56.0,0.3902999999869724,-6.8085715475497e-13,-2.544769953351126e-12
56.02,0.3922999999869069,-6.859534670219555e-13,-2.5514312914988767e-12
56.04,0.3942999999868414,-6.910631019652361e-13,-2.5580926296466277e-12
56.06,0.3962999999867759,-6.961860595848118e-13,-2.5647539677943786e-12
56.08,0.3982999999867104,-7.013223398806826e-13,-2.5714153059421296e-12
56.1,0.400299999986645,-7.064719706084241e-13,-2.5783541998460368e-12
56.12,0.4022999999865804,-7.116375607921451e-13,-2.587235984043038e-12
56.14,0.4042999999865158,-7.168209145442596e-13,-2.5961177682400393e-12
56.16,0.40629999998645117,-7.220220318647676e-13,-2.6049995524370405e-12
56.18,0.40829999998638655,-7.27240912753669e-13,-2.6138813366340418e-12
56.2,0.41029999998632194,-7.324775572109637e-13,-2.622763120831043e-12
56.22,0.4122999999862573,-7.377319652366519e-13,-2.6316449050280443e-12
56.24,0.4142999999861927,-7.430041368307334e-13,-2.6405266892250455e-12
56.26,0.4162999999861281,-7.482940719932084e-13,-2.649408473422047e-12
56.28,0.4182999999860635,-7.536017707240769e-13,-2.658290257619048e-12
56.3,0.4202999999859989,-7.589272330233388e-13,-2.6671720418160493e-12
56.32,0.42229999998593426,-7.642704588909941e-13,-2.6760538260130506e-12
56.34,0.42429999998586965,-7.696314483270428e-13,-2.684935610210052e-12
56.36,0.42629999998580503,-7.75010201331485e-13,-2.693817394407053e-12
56.38,0.4282999999857404,-7.804067179043205e-13,-2.7026991786040543e-12
56.4,0.4302999999856758,-7.858209980455496e-13,-2.7115809628010556e-12
56.42,0.4322999999856112,-7.91253041755172e-13,-2.720462746998057e-12
56.44,0.4342999999855466,-7.967028490331878e-13,-2.729344531195058e-12
56.46,0.43629999998548197,-8.021704198795971e-13,-2.7382263153920593e-12
56.48,0.43829999998541735,-8.076557542943997e-13,-2.7471080995890606e-12
56.5,0.44029999998535274,-8.131588522775959e-13,-2.755989883786062e-12
56.52,0.44229999998528813,-8.186797138291854e-13,-2.764871667983063e-12
56.54,0.4442999999852235,-8.242183389491684e-13,-2.7737534521800643e-12
56.56,0.4462999999851589,-8.297747276375448e-13,-2.7826352363770656e-12
56.58,0.4482999999850943,-8.353488798943145e-13,-2.791517020574067e-12
56.6,0.4502999999850297,-8.409407957194777e-13,-2.800398804771068e-12
56.62,0.45229999998496506,-8.465504751130344e-13,-2.8092805889680693e-12
56.64,0.45429999998490045,-8.521779180749845e-13,-2.8181623731650706e-12
56.66,0.45629999998483584,-8.578231246053281e-13,-2.827044157362072e-12
56.68,0.4582999999847712,-8.63486094704065e-13,-2.835925941559073e-12
56.7,0.4602999999847066,-8.691668283711953e-13,-2.8448077257560744e-12
56.72,0.462299999984642,-8.74865325606719e-13,-2.8536895099530756e-12
56.74,0.4642999999845774,-8.805815864106362e-13,-2.862571294150077e-12
56.76,0.46629999998451277,-8.863156107829469e-13,-2.871453078347078e-12
56.78,0.46829999998444816,-8.92067398723651e-13,-2.8803348625440794e-12
56.8,0.47029999998438354,-8.978369502327485e-13,-2.8892166467410806e-12
56.82,0.47229999998431893,-9.036242653102395e-13,-2.898098430938082e-12
56.84,0.4742999999842543,-9.094293439561238e-13,-2.906980215135083e-12
56.86,0.4762999999841897,-9.152521861704015e-13,-2.9158619993320844e-12
56.88,0.4782999999841251,-9.210927919530728e-13,-2.9247437835290856e-12
56.9,0.4802999999840605,-9.269511613041374e-13,-2.933625567726087e-12
56.92,0.48229999998399586,-9.328272942235955e-13,-2.942507351923088e-12
56.94,0.48429999998393125,-9.387211907114469e-13,-2.9513891361200894e-12
56.96,0.48629999998386664,-9.446328507676917e-13,-2.9602709203170906e-12
56.98,0.488299999983802,-9.505622743923299e-13,-2.969152704514092e-12
57.0,0.4902999999837374,-9.565094615853616e-13,-2.978034488711093e-12
57.02,0.4922999999836728,-9.62474412346787e-13,-2.9869162729080944e-12
57.04,0.4942999999836082,-9.684571266766057e-13,-2.9957980571050956e-12
57.06,0.49629999998354357,-9.744576045748176e-13,-3.004679841302097e-12
57.08,0.49829999998347896,-9.80475846041423e-13,-3.013561625499098e-12
57.1,0.5002999999834142,-9.865118718931036e-13,-3.0225821875741775e-12
57.12,0.5022999999833492,-9.92565918052252e-13,-3.0314639717711788e-12
57.14,0.5042999999832841,-9.98637727779794e-13,-3.04034575596818e-12
57.16,0.5062999999832191,-1.0047273010757292e-12,-3.0492275401651813e-12
57.18,0.508299999983154,-1.010834637940058e-12,-3.0581093243621826e-12
57.2,0.510299999983089,-1.0169597383727801e-12,-3.066991108559184e-12
57.22,0.5122999999830239,-1.0231026023738955e-12,-3.075872892756185e-12
57.24,0.5142999999829588,-1.0292632299434045e-12,-3.0847546769531863e-12
57.26,0.5162999999828938,-1.0354416210813068e-12,-3.0936364611501876e-12
57.28,0.5182999999828287,-1.0416377757876025e-12,-3.102518245347189e-12
57.3,0.5202999999827637,-1.0478516940622918e-12,-3.11140002954419e-12
57.32,0.5222999999826986,-1.0540833759053746e-12,-3.1202818137411913e-12
57.34,0.5242999999826335,-1.0603328213168507e-12,-3.1291635979381926e-12
57.36,0.5262999999825685,-1.0666000302967201e-12,-3.138045382135194e-12
57.38,0.5282999999825034,-1.0728850028449831e-12,-3.146927166332195e-12
57.4,0.5302999999824384,-1.0791877389616395e-12,-3.1558089505291963e-12
57.42,0.5322999999823733,-1.0855082386466893e-12,-3.1646907347261976e-12
57.44,0.5342999999823083,-1.0918465019001327e-12,-3.173572518923199e-12
57.46,0.5362999999822432,-1.0982025287219692e-12,-3.1824543031202e-12
57.48,0.5382999999821781,-1.1045763191121993e-12,-3.1913360873172013e-12
57.5,0.5402999999821131,-1.1109678730708226e-12,-3.2002178715142026e-12
57.52,0.542299999982048,-1.1173771905978395e-12,-3.209099655711204e-12
57.54,0.544299999981983,-1.1238042716932497e-12,-3.217981439908205e-12
57.56,0.5462999999819179,-1.1302491163570536e-12,-3.2268632241052063e-12
57.58,0.5482999999818529,-1.136711724589251e-12,-3.2357450083022076e-12
57.6,0.5502999999817878,-1.1431920963898416e-12,-3.244626792499209e-12
57.62,0.5522999999817227,-1.1496902317588256e-12,-3.25350857669621e-12
57.64,0.5542999999816577,-1.156206130696203e-12,-3.2623903608932114e-12
57.66,0.5562999999815926,-1.1627397932019739e-12,-3.2712721450902126e-12
57.68,0.5582999999815276,-1.1692912192761382e-12,-3.280153929287214e-12
57.7,0.5602999999814625,-1.175860408918696e-12,-3.289035713484215e-12
57.72,0.5622999999813975,-1.1824473621296472e-12,-3.2979174976812164e-12
57.74,0.5642999999813324,-1.1890520789089919e-12,-3.3067992818782176e-12
57.76,0.5662999999812673,-1.1956745592567297e-12,-3.315681066075219e-12
57.78,0.5682999999812023,-1.2023148031728612e-12,-3.32456285027222e-12
57.8,0.5702999999811372,-1.2089728106573862e-12,-3.3334446344692214e-12
57.82,0.5722999999810722,-1.2156485817103044e-12,-3.3423264186662226e-12
57.84,0.5742999999810071,-1.2223421163316161e-12,-3.351208202863224e-12
57.86,0.5762999999809421,-1.2290534145213213e-12,-3.360089987060225e-12
57.88,0.578299999980877,-1.2357824762794198e-12,-3.3689717712572264e-12
57.9,0.5802999999808119,-1.2425293016059117e-12,-3.3778535554542276e-12
57.92,0.5822999999807469,-1.2492938905007972e-12,-3.386735339651229e-12
57.94,0.5842999999806818,-1.2560762429640763e-12,-3.39561712384823e-12
57.96,0.5862999999806168,-1.2628763589957486e-12,-3.4044989080452314e-12
57.98,0.5882999999805517,-1.2696942385958144e-12,-3.4133806922422326e-12
58.0,0.5902999999804867,-1.2765298817642734e-12,-3.422262476439234e-12
58.02,0.5922999999804216,-1.2833832885011258e-12,-3.431144260636235e-12
58.04,0.5942999999803565,-1.2902544588063718e-12,-3.4400260448332364e-12
58.06,0.5962999999802915,-1.2971433926800112e-12,-3.4489078290302377e-12
58.08,0.5982999999802264,-1.304050090122044e-12,-3.457789613227239e-12
58.1,0.6002999999801615,-1.310974509499107e-12,-3.466393841668084e-12
58.12,0.6022999999800964,-1.317916289988717e-12,-3.475275625865085e-12
58.14,0.6042999999800314,-1.3248758340467202e-12,-3.4841574100620864e-12
58.16,0.6062999999799663,-1.331853141673117e-12,-3.4930391942590876e-12
58.18,0.6082999999799013,-1.338848212867907e-12,-3.501920978456089e-12
58.2,0.6102999999798362,-1.3458610476310905e-12,-3.51080276265309e-12
58.22,0.6122999999797711,-1.3528916459626676e-12,-3.5196845468500914e-12
58.24,0.6142999999797061,-1.359940007862638e-12,-3.5285663310470926e-12
58.26,0.616299999979641,-1.3670061333310019e-12,-3.537448115244094e-12
58.28,0.618299999979576,-1.374090022367759e-12,-3.546329899441095e-12
58.3,0.6202999999795109,-1.3811916749729099e-12,-3.5552116836380964e-12
58.32,0.6222999999794459,-1.3883110911464539e-12,-3.5640934678350976e-12
58.34,0.6242999999793808,-1.3954482708883912e-12,-3.572975252032099e-12
58.36,0.6262999999793157,-1.4026032141987222e-12,-3.5818570362291e-12
58.38,0.6282999999792507,-1.4097759210774465e-12,-3.5907388204261014e-12
58.4,0.6302999999791856,-1.4169663915245642e-12,-3.5996206046231027e-12
58.42,0.6322999999791206,-1.4241746255400753e-12,-3.608502388820104e-12
58.44,0.6342999999790555,-1.4314006231239797e-12,-3.617384173017105e-12
58.46,0.6362999999789904,-1.4386443842762778e-12,-3.6262659572141064e-12
58.48,0.6382999999789254,-1.4459059089969692e-12,-3.6351477414111077e-12
58.5,0.6402999999788603,-1.4531851972860542e-12,-3.644029525608109e-12
58.52,0.6422999999787953,-1.4604822491435326e-12,-3.65291130980511e-12
58.54,0.6442999999787302,-1.4677970645694043e-12,-3.6617930940021114e-12
58.56,0.6462999999786652,-1.4751296435636695e-12,-3.670674878199113e-12
58.58,0.6482999999786001,-1.482479986126328e-12,-3.679556662396114e-12
58.6,0.650299999978535,-1.4898480922573801e-12,-3.688438446593115e-12
58.62,0.65229999997847,-1.4972339619568256e-12,-3.6973202307901164e-12
58.64,0.6542999999784049,-1.5046375952246645e-12,-3.706202014987118e-12
58.66,0.6562999999783399,-1.5120589920608967e-12,-3.715083799184119e-12
58.68,0.6582999999782748,-1.5194981524655224e-12,-3.72396558338112e-12
58.7,0.6602999999782098,-1.5269550764385416e-12,-3.7328473675781214e-12
58.72,0.6622999999781447,-1.5344297639799542e-12,-3.741729151775123e-12
58.74,0.6642999999780796,-1.5419222150897603e-12,-3.750610935972124e-12
58.76,0.6662999999780146,-1.5494324297679597e-12,-3.759492720169125e-12
58.78,0.6682999999779495,-1.5569604080145526e-12,-3.7683745043661265e-12
58.8,0.6702999999778845,-1.5645061498295388e-12,-3.777256288563128e-12
58.82,0.6722999999778194,-1.5720696552129185e-12,-3.786138072760129e-12
58.84,0.6742999999777544,-1.5796509241646915e-12,-3.79501985695713e-12
58.86,0.6762999999776893,-1.5872499566848582e-12,-3.8039016411541315e-12
58.88,0.6782999999776242,-1.594866752773418e-12,-3.812783425351133e-12
58.9,0.6802999999775592,-1.6025013124303715e-12,-3.821665209548134e-12
58.92,0.6822999999774941,-1.6101536356557183e-12,-3.830546993745135e-12
58.94,0.6842999999774291,-1.6178237224494585e-12,-3.8394287779421365e-12
58.96,0.686299999977364,-1.6255115728115922e-12,-3.848310562139138e-12
58.98,0.688299999977299,-1.6332171867421194e-12,-3.857192346336139e-12
59.0,0.6902999999772339,-1.6409405642410397e-12,-3.86607413053314e-12
59.02,0.6922999999771688,-1.6486817053083536e-12,-3.8749559147301415e-12
59.04,0.6942999999771038,-1.6564406099440609e-12,-3.883837698927143e-12
59.06,0.6962999999770387,-1.6642172781481616e-12,-3.892719483124144e-12
59.08,0.6982999999769737,-1.6720117099206558e-12,-3.901601267321145e-12
59.1,0.7002999999769086,-1.6798239052615436e-12,-3.9104830515181465e-12
59.12,0.7022999999768436,-1.6876538641708249e-12,-3.919364835715148e-12
59.14,0.7042999999767785,-1.6955015866484993e-12,-3.928246619912149e-12
59.16,0.7062999999767134,-1.7033670726945672e-12,-3.93712840410915e-12
59.18,0.7082999999766484,-1.7112503223090284e-12,-3.9460101883061515e-12
59.2,0.7102999999765833,-1.7191513354918831e-12,-3.954891972503153e-12
59.22,0.7122999999765183,-1.7270701122431314e-12,-3.963773756700154e-12
59.24,0.7142999999764532,-1.735006652562773e-12,-3.972655540897155e-12
59.26,0.7162999999763882,-1.742960956450808e-12,-3.9815373250941565e-12
59.28,0.7182999999763231,-1.7509330239072365e-12,-3.990419109291158e-12
59.3,0.720299999976258,-1.7589228549320583e-12,-3.999300893488159e-12
59.32,0.722299999976193,-1.7669304495252735e-12,-4.00818267768516e-12
59.34,0.7242999999761279,-1.7749558076868823e-12,-4.0170644618821615e-12
59.36,0.7262999999760629,-1.7829989294168845e-12,-4.025946246079163e-12
59.38,0.7282999999759978,-1.79105981471528e-12,-4.034828030276164e-12
59.4,0.7302999999759328,-1.799138463582069e-12,-4.043709814473165e-12
59.42,0.7322999999758677,-1.8072348760172514e-12,-4.0525915986701665e-12
59.44,0.7342999999758026,-1.8153490520208273e-12,-4.061473382867168e-12
59.46,0.7362999999757376,-1.8234809915927968e-12,-4.070355167064169e-12
59.48,0.7382999999756725,-1.8316306947331596e-12,-4.07923695126117e-12
59.5,0.7402999999756075,-1.8397981614419157e-12,-4.0881187354581715e-12
59.52,0.7422999999755424,-1.8479833917190653e-12,-4.097000519655173e-12
59.54,0.7442999999754774,-1.8561863855646085e-12,-4.105882303852174e-12
59.56,0.7462999999754123,-1.8644071429785445e-12,-4.114764088049175e-12
59.58,0.7482999999753472,-1.8726456639608745e-12,-4.1236458722461765e-12
59.6,0.7502999999752822,-1.8809019485115976e-12,-4.132527656443178e-12
59.62,0.7522999999752171,-1.8891759966307148e-12,-4.141409440640179e-12
59.64,0.7542999999751521,-1.8974678083182243e-12,-4.15029122483718e-12
59.66,0.756299999975087,-1.905777383574128e-12,-4.1591730090341816e-12
59.68,0.758299999975022,-1.9141047223984245e-12,-4.168054793231183e-12
59.7,0.7602999999749569,-1.922449824791115e-12,-4.176936577428184e-12
59.72,0.7622999999748918,-1.930812690752199e-12,-4.185818361625185e-12
59.74,0.7642999999748268,-1.9391933202816764e-12,-4.1947001458221866e-12
59.76,0.7662999999747617,-1.9475917133795466e-12,-4.203581930019188e-12
59.78,0.7682999999746967,-1.9560078700458108e-12,-4.212463714216189e-12
59.8,0.7702999999746316,-1.964441790280468e-12,-4.22134549841319e-12
59.82,0.7722999999745666,-1.972893474083519e-12,-4.2302272826101916e-12
59.84,0.7742999999745015,-1.9813629214549636e-12,-4.239109066807193e-12
59.86,0.7762999999744364,-1.9898501323948013e-12,-4.247990851004194e-12
59.88,0.7782999999743714,-1.9983551069030326e-12,-4.256872635201195e-12
59.9,0.7802999999743063,-2.0068778449796575e-12,-4.2657544193981966e-12
59.92,0.7822999999742413,-2.0154183466246755e-12,-4.274636203595198e-12
59.94,0.7842999999741762,-2.0239766118380868e-12,-4.283517987792199e-12
59.96,0.7862999999741112,-2.032552640619892e-12,-4.2923997719892e-12
59.98,0.7882999999740461,-2.04114643297009e-12,-4.3012815561862016e-12
60.0,0.790299999973981,-2.049757988888682e-12,-4.310163340383203e-12
60.02,0.792299999973916,-2.058387308375667e-12,-4.319045124580204e-12
60.04,0.7942999999738509,-2.067034391431046e-12,-4.327926908777205e-12
60.06,0.7962999999737859,-2.0756992380548174e-12,-4.336808692974207e-12
60.08,0.7982999999737208,-2.0843818482469833e-12,-4.345690477171208e-12
60.1,0.8002999999736559,-2.093082166496391e-12,-4.3540171498558965e-12
60.12,0.8022999999735908,-2.101789867728915e-12,-4.3540171498558965e-12
60.14,0.8042999999735257,-2.1104975689614387e-12,-4.3540171498558965e-12
60.16,0.8062999999734607,-2.1192052701939626e-12,-4.3540171498558965e-12
60.18,0.8082999999733956,-2.1279129714264865e-12,-4.3540171498558965e-12
60.2,0.8102999999733306,-2.1366206726590104e-12,-4.3540171498558965e-12
60.22,0.8122999999732655,-2.1453283738915343e-12,-4.3540171498558965e-12
60.24,0.8142999999732005,-2.1540360751240582e-12,-4.3540171498558965e-12
60.26,0.8162999999731354,-2.162743776356582e-12,-4.3540171498558965e-12
60.28,0.8182999999730703,-2.171451477589106e-12,-4.3540171498558965e-12
60.3,0.8202999999730053,-2.18015917882163e-12,-4.3540171498558965e-12
60.32,0.8222999999729402,-2.188866880054154e-12,-4.3540171498558965e-12
60.34,0.8242999999728752,-2.1975745812866778e-12,-4.3540171498558965e-12
60.36,0.8262999999728101,-2.2062822825192017e-12,-4.3540171498558965e-12
60.38,0.8282999999727451,-2.2149899837517256e-12,-4.3540171498558965e-12
60.4,0.83029999997268,-2.2236976849842495e-12,-4.3540171498558965e-12
60.42,0.832299999972615,-2.2324053862167734e-12,-4.3540171498558965e-12
60.44,0.8342999999725499,-2.2411130874492973e-12,-4.3540171498558965e-12
60.46,0.8362999999724848,-2.2498207886818212e-12,-4.3540171498558965e-12
60.48,0.8382999999724198,-2.258528489914345e-12,-4.3540171498558965e-12
60.5,0.8402999999723547,-2.267236191146869e-12,-4.3540171498558965e-12
60.52,0.8422999999722897,-2.275943892379393e-12,-4.3540171498558965e-12
60.54,0.8442999999722246,-2.284651593611917e-12,-4.3540171498558965e-12
60.56,0.8462999999721595,-2.2933592948444408e-12,-4.3540171498558965e-12
60.58,0.8482999999720945,-2.3020669960769647e-12,-4.3540171498558965e-12
60.6,0.8502999999720294,-2.3107746973094886e-12,-4.3540171498558965e-12
60.62,0.8522999999719644,-2.3194823985420125e-12,-4.3540171498558965e-12
60.64,0.8542999999718993,-2.3281900997745364e-12,-4.3540171498558965e-12
60.66,0.8562999999718343,-2.3368978010070603e-12,-4.3540171498558965e-12
60.68,0.8582999999717692,-2.3456055022395842e-12,-4.3540171498558965e-12
60.7,0.8602999999717041,-2.354313203472108e-12,-4.3540171498558965e-12
60.72,0.8622999999716391,-2.363020904704632e-12,-4.3540171498558965e-12
60.74,0.864299999971574,-2.371728605937156e-12,-4.3540171498558965e-12
60.76,0.866299999971509,-2.38043630716968e-12,-4.3540171498558965e-12
60.78,0.8682999999714439,-2.3891440084022037e-12,-4.3540171498558965e-12
60.8,0.8702999999713789,-2.3978517096347276e-12,-4.3540171498558965e-12
60.82,0.8722999999713138,-2.4065594108672516e-12,-4.3540171498558965e-12
60.84,0.8742999999712487,-2.4152671120997755e-12,-4.3540171498558965e-12
60.86,0.8762999999711837,-2.4239748133322994e-12,-4.3540171498558965e-12
60.88,0.8782999999711186,-2.4326825145648233e-12,-4.3540171498558965e-12
60.9,0.8802999999710536,-2.441390215797347e-12,-4.3540171498558965e-12
60.92,0.8822999999709885,-2.450097917029871e-12,-4.3540171498558965e-12
60.94,0.8842999999709235,-2.458805618262395e-12,-4.3540171498558965e-12
60.96,0.8862999999708584,-2.467513319494919e-12,-4.3540171498558965e-12
60.98,0.8882999999707933,-2.476221020727443e-12,-4.3540171498558965e-12
61.0,0.8902999999707283,-2.4849287219599667e-12,-4.3540171498558965e-12
61.02,0.8922999999706632,-2.4936364231924906e-12,-4.3540171498558965e-12
61.04,0.8942999999705982,-2.5023441244250145e-12,-4.3540171498558965e-12
61.06,0.8962999999705331,-2.5110518256575384e-12,-4.3540171498558965e-12
61.08,0.898299999970468,-2.5197595268900623e-12,-4.3540171498558965e-12
61.1,0.900299999970403,-2.5284672281225863e-12,-4.3540171498558965e-12
61.12,0.9022999999703379,-2.53717492935511e-12,-4.3540171498558965e-12
61.14,0.9042999999702729,-2.545882630587634e-12,-4.3540171498558965e-12
61.16,0.9062999999702078,-2.554590331820158e-12,-4.3540171498558965e-12
61.18,0.9082999999701428,-2.563298033052682e-12,-4.3540171498558965e-12
61.2,0.9102999999700777,-2.5720057342852058e-12,-4.3540171498558965e-12
61.22,0.9122999999700127,-2.5807134355177297e-12,-4.3540171498558965e-12
61.24,0.9142999999699476,-2.5894211367502536e-12,-4.3540171498558965e-12
61.26,0.9162999999698825,-2.5981288379827775e-12,-4.3540171498558965e-12
61.28,0.9182999999698175,-2.6068365392153014e-12,-4.3540171498558965e-12
61.3,0.9202999999697524,-2.6155442404478253e-12,-4.3540171498558965e-12
61.32,0.9222999999696874,-2.6242519416803492e-12,-4.3540171498558965e-12
61.34,0.9242999999696223,-2.632959642912873e-12,-4.3540171498558965e-12
61.36,0.9262999999695573,-2.641667344145397e-12,-4.3540171498558965e-12
61.38,0.9282999999694922,-2.650375045377921e-12,-4.3540171498558965e-12
61.4,0.9302999999694271,-2.659082746610445e-12,-4.3540171498558965e-12
61.42,0.9322999999693621,-2.6677904478429688e-12,-4.3540171498558965e-12
61.44,0.934299999969297,-2.6764981490754927e-12,-4.3540171498558965e-12
61.46,0.936299999969232,-2.6852058503080166e-12,-4.3540171498558965e-12
61.48,0.9382999999691669,-2.6939135515405405e-12,-4.3540171498558965e-12
61.5,0.9402999999691019,-2.7026212527730644e-12,-4.3540171498558965e-12
61.52,0.9422999999690368,-2.7113289540055883e-12,-4.3540171498558965e-12
61.54,0.9442999999689717,-2.7200366552381122e-12,-4.3540171498558965e-12
61.56,0.9462999999689067,-2.728744356470636e-12,-4.3540171498558965e-12
61.58,0.9482999999688416,-2.73745205770316e-12,-4.3540171498558965e-12
61.6,0.9502999999687766,-2.746159758935684e-12,-4.3540171498558965e-12
61.62,0.9522999999687115,-2.754867460168208e-12,-4.3540171498558965e-12
61.64,0.9542999999686465,-2.7635751614007318e-12,-4.3540171498558965e-12
61.66,0.9562999999685814,-2.7722828626332557e-12,-4.3540171498558965e-12
61.68,0.9582999999685163,-2.7809905638657796e-12,-4.3540171498558965e-12
61.7,0.9602999999684513,-2.7896982650983035e-12,-4.3540171498558965e-12
61.72,0.9622999999683862,-2.7984059663308274e-12,-4.3540171498558965e-12
61.74,0.9642999999683212,-2.8071136675633513e-12,-4.3540171498558965e-12
61.76,0.9662999999682561,-2.815821368795875e-12,-4.3540171498558965e-12
61.78,0.968299999968191,-2.824529070028399e-12,-4.3540171498558965e-12
61.8,0.970299999968126,-2.833236771260923e-12,-4.3540171498558965e-12
61.82,0.9722999999680609,-2.841944472493447e-12,-4.3540171498558965e-12
61.84,0.9742999999679959,-2.850652173725971e-12,-4.3540171498558965e-12
61.86,0.9762999999679308,-2.8593598749584947e-12,-4.3540171498558965e-12
61.88,0.9782999999678658,-2.8680675761910186e-12,-4.3540171498558965e-12
61.9,0.9802999999678007,-2.8767752774235425e-12,-4.3540171498558965e-12
61.92,0.9822999999677356,-2.8854829786560665e-12,-4.3540171498558965e-12
61.94,0.9842999999676706,-2.8941906798885904e-12,-4.3540171498558965e-12
61.96,0.9862999999676055,-2.9028983811211143e-12,-4.3540171498558965e-12
61.98,0.9882999999675405,-2.911606082353638e-12,-4.3540171498558965e-12
62.0,0.9902999999674754,-2.920313783586162e-12,-4.3540171498558965e-12
62.02,0.9922999999674104,-2.929021484818686e-12,-4.3540171498558965e-12
62.04,0.9942999999673453,-2.93772918605121e-12,-4.3540171498558965e-12
62.06,0.9962999999672802,-2.946436887283734e-12,-4.3540171498558965e-12
62.08,0.9982999999672152,-2.9551445885162577e-12,-4.3540171498558965e-12
62.1,1.0002999999671502,-2.9638522481154182e-12,-4.35373959409974e-12
62.12,1.0022999999670852,-2.972559949347942e-12,-4.35373959409974e-12
62.14,1.0042999999670201,-2.981267650580466e-12,-4.35373959409974e-12
62.16,1.006299999966955,-2.98997535181299e-12,-4.35373959409974e-12
62.18,1.00829999996689,-2.998683053045514e-12,-4.35373959409974e-12
62.2,1.010299999966825,-3.0073907542780378e-12,-4.35373959409974e-12
62.22,1.01229999996676,-3.0160984555105617e-12,-4.35373959409974e-12
62.24,1.0142999999666948,-3.0248061567430856e-12,-4.35373959409974e-12
62.26,1.0162999999666298,-3.0335138579756095e-12,-4.35373959409974e-12
62.28,1.0182999999665647,-3.0422215592081334e-12,-4.35373959409974e-12
62.3,1.0202999999664997,-3.0509292604406573e-12,-4.35373959409974e-12
62.32,1.0222999999664346,-3.0596369616731812e-12,-4.35373959409974e-12
62.34,1.0242999999663696,-3.068344662905705e-12,-4.35373959409974e-12
62.36,1.0262999999663045,-3.077052364138229e-12,-4.35373959409974e-12
62.38,1.0282999999662394,-3.085760065370753e-12,-4.35373959409974e-12
62.4,1.0302999999661744,-3.094467766603277e-12,-4.35373959409974e-12
62.42,1.0322999999661093,-3.1031754678358008e-12,-4.35373959409974e-12
62.44,1.0342999999660443,-3.1118831690683247e-12,-4.35373959409974e-12
62.46,1.0362999999659792,-3.1205908703008486e-12,-4.35373959409974e-12
62.48,1.0382999999659142,-3.1292985715333725e-12,-4.35373959409974e-12
62.5,1.040299999965849,-3.1380062727658964e-12,-4.35373959409974e-12
62.52,1.042299999965784,-3.1467139739984203e-12,-4.35373959409974e-12
62.54,1.044299999965719,-3.155421675230944e-12,-4.35373959409974e-12
62.56,1.046299999965654,-3.164129376463468e-12,-4.35373959409974e-12
62.58,1.0482999999655889,-3.172837077695992e-12,-4.35373959409974e-12
62.6,1.0502999999655238,-3.181544778928516e-12,-4.35373959409974e-12
62.62,1.0522999999654588,-3.19025248016104e-12,-4.35373959409974e-12
62.64,1.0542999999653937,-3.1989601813935637e-12,-4.35373959409974e-12
62.66,1.0562999999653286,-3.2076678826260876e-12,-4.35373959409974e-12
62.68,1.0582999999652636,-3.2163755838586115e-12,-4.35373959409974e-12
62.7,1.0602999999651985,-3.2250832850911355e-12,-4.35373959409974e-12
62.72,1.0622999999651335,-3.2337909863236594e-12,-4.35373959409974e-12
62.74,1.0642999999650684,-3.2424986875561833e-12,-4.35373959409974e-12
62.76,1.0662999999650034,-3.251206388788707e-12,-4.35373959409974e-12
62.78,1.0682999999649383,-3.259914090021231e-12,-4.35373959409974e-12
62.8,1.0702999999648732,-3.268621791253755e-12,-4.35373959409974e-12
62.82,1.0722999999648082,-3.277329492486279e-12,-4.35373959409974e-12
62.84,1.0742999999647431,-3.286037193718803e-12,-4.35373959409974e-12
62.86,1.076299999964678,-3.2947448949513267e-12,-4.35373959409974e-12
62.88,1.078299999964613,-3.3034525961838506e-12,-4.35373959409974e-12
62.9,1.080299999964548,-3.3121602974163745e-12,-4.35373959409974e-12
62.92,1.082299999964483,-3.3208679986488984e-12,-4.35373959409974e-12
62.94,1.0842999999644178,-3.3295756998814223e-12,-4.35373959409974e-12
62.96,1.0862999999643528,-3.3382834011139463e-12,-4.35373959409974e-12
62.98,1.0882999999642877,-3.34699110234647e-12,-4.35373959409974e-12
63.0,1.0902999999642227,-3.355698803578994e-12,-4.35373959409974e-12
63.02,1.0922999999641576,-3.364406504811518e-12,-4.35373959409974e-12
63.04,1.0942999999640926,-3.373114206044042e-12,-4.35373959409974e-12
63.06,1.0962999999640275,-3.3818219072765658e-12,-4.35373959409974e-12
63.08,1.0982999999639624,-3.3905296085090897e-12,-4.35373959409974e-12
63.1,1.1002999999638974,-3.3992373097416136e-12,-4.35373959409974e-12
63.12,1.1022999999638323,-3.4079450109741375e-12,-4.35373959409974e-12
63.14,1.1042999999637673,-3.4166527122066614e-12,-4.35373959409974e-12
63.16,1.1062999999637022,-3.4253604134391853e-12,-4.35373959409974e-12
63.18,1.1082999999636372,-3.4340681146717092e-12,-4.35373959409974e-12
63.2,1.110299999963572,-3.442775815904233e-12,-4.35373959409974e-12
63.22,1.112299999963507,-3.451483517136757e-12,-4.35373959409974e-12
63.24,1.114299999963442,-3.460191218369281e-12,-4.35373959409974e-12
63.26,1.116299999963377,-3.468898919601805e-12,-4.35373959409974e-12
63.28,1.1182999999633119,-3.4776066208343288e-12,-4.35373959409974e-12
63.3,1.1202999999632468,-3.4863143220668527e-12,-4.35373959409974e-12
63.32,1.1222999999631817,-3.4950220232993766e-12,-4.35373959409974e-12
63.34,1.1242999999631167,-3.5037297245319005e-12,-4.35373959409974e-12
63.36,1.1262999999630516,-3.5124374257644244e-12,-4.35373959409974e-12
63.38,1.1282999999629866,-3.5211451269969483e-12,-4.35373959409974e-12
63.4,1.1302999999629215,-3.5298528282294722e-12,-4.35373959409974e-12
63.42,1.1322999999628565,-3.538560529461996e-12,-4.35373959409974e-12
63.44,1.1342999999627914,-3.54726823069452e-12,-4.35373959409974e-12
63.46,1.1362999999627263,-3.555975931927044e-12,-4.35373959409974e-12
63.48,1.1382999999626613,-3.564683633159568e-12,-4.35373959409974e-12
63.5,1.1402999999625962,-3.5733913343920917e-12,-4.35373959409974e-12
63.52,1.1422999999625312,-3.5820990356246157e-12,-4.35373959409974e-12
63.54,1.1442999999624661,-3.5908067368571396e-12,-4.35373959409974e-12
63.56,1.146299999962401,-3.5995144380896635e-12,-4.35373959409974e-12
63.58,1.148299999962336,-3.6082221393221874e-12,-4.35373959409974e-12
63.6,1.150299999962271,-3.6169298405547113e-12,-4.35373959409974e-12
63.62,1.152299999962206,-3.625637541787235e-12,-4.35373959409974e-12
63.64,1.1542999999621408,-3.634345243019759e-12,-4.35373959409974e-12
63.66,1.1562999999620758,-3.643052944252283e-12,-4.35373959409974e-12
63.68,1.1582999999620107,-3.6517606454848065e-12,-4.35373959409974e-12
63.7,1.1602999999619457,-3.6604683467173304e-12,-4.35373959409974e-12
63.72,1.1622999999618806,-3.669176047949854e-12,-4.35373959409974e-12
63.74,1.1642999999618155,-3.677883749182378e-12,-4.35373959409974e-12
63.76,1.1662999999617505,-3.686591450414902e-12,-4.35373959409974e-12
63.78,1.1682999999616854,-3.695299151647426e-12,-4.35373959409974e-12
63.8,1.1702999999616204,-3.70400685287995e-12,-4.35373959409974e-12
63.82,1.1722999999615553,-3.712714554112474e-12,-4.35373959409974e-12
63.84,1.1742999999614903,-3.721422255344998e-12,-4.35373959409974e-12
63.86,1.1762999999614252,-3.730129956577522e-12,-4.35373959409974e-12
63.88,1.1782999999613601,-3.7388376578100456e-12,-4.35373959409974e-12
63.9,1.180299999961295,-3.7475453590425695e-12,-4.35373959409974e-12
63.92,1.18229999996123,-3.756253060275093e-12,-4.35373959409974e-12
63.94,1.184299999961165,-3.764960761507617e-12,-4.35373959409974e-12
63.96,1.1862999999611,-3.773668462740141e-12,-4.35373959409974e-12
63.98,1.1882999999610349,-3.782376163972665e-12,-4.35373959409974e-12
64.0,1.1902999999609698,-3.791083865205189e-12,-4.35373959409974e-12
64.02,1.1922999999609047,-3.799791566437713e-12,-4.35373959409974e-12
64.04,1.1942999999608397,-3.808499267670237e-12,-4.35373959409974e-12
64.06,1.1962999999607746,-3.817206968902761e-12,-4.35373959409974e-12
64.08,1.1982999999607096,-3.825914670135285e-12,-4.35373959409974e-12
64.1,1.2002999999606443,-3.83462242687896e-12,-4.35373959409974e-12
64.12,1.2022999999605792,-3.843330128111484e-12,-4.35373959409974e-12
64.14,1.2042999999605142,-3.852037829344008e-12,-4.35373959409974e-12
64.16,1.2062999999604491,-3.860745530576532e-12,-4.35373959409974e-12
64.18,1.208299999960384,-3.869453231809056e-12,-4.35373959409974e-12
64.2,1.210299999960319,-3.8781609330415795e-12,-4.35373959409974e-12
64.22,1.212299999960254,-3.8868686342741034e-12,-4.35373959409974e-12
64.24,1.214299999960189,-3.895576335506627e-12,-4.35373959409974e-12
64.26,1.2162999999601238,-3.904284036739151e-12,-4.35373959409974e-12
64.28,1.2182999999600588,-3.912991737971675e-12,-4.35373959409974e-12
64.3,1.2202999999599937,-3.921699439204199e-12,-4.35373959409974e-12
64.32,1.2222999999599287,-3.930407140436723e-12,-4.35373959409974e-12
64.34,1.2242999999598636,-3.939114841669247e-12,-4.35373959409974e-12
64.36,1.2262999999597985,-3.947822542901771e-12,-4.35373959409974e-12
64.38,1.2282999999597335,-3.956530244134295e-12,-4.35373959409974e-12
64.4,1.2302999999596684,-3.965237945366819e-12,-4.35373959409974e-12
64.42,1.2322999999596034,-3.9739456465993425e-12,-4.35373959409974e-12
64.44,1.2342999999595383,-3.9826533478318664e-12,-4.35373959409974e-12
64.46,1.2362999999594733,-3.99136104906439e-12,-4.35373959409974e-12
64.48,1.2382999999594082,-4.000068750296914e-12,-4.35373959409974e-12
64.5,1.2402999999593431,-4.008776451529438e-12,-4.35373959409974e-12
64.52,1.242299999959278,-4.017484152761962e-12,-4.35373959409974e-12
64.54,1.244299999959213,-4.026191853994486e-12,-4.35373959409974e-12
64.56,1.246299999959148,-4.03489955522701e-12,-4.35373959409974e-12
64.58,1.248299999959083,-4.043607256459534e-12,-4.35373959409974e-12
64.6,1.2502999999590179,-4.052314957692058e-12,-4.35373959409974e-12
64.62,1.2522999999589528,-4.0610226589245816e-12,-4.35373959409974e-12
64.64,1.2542999999588877,-4.0697303601571055e-12,-4.35373959409974e-12
64.66,1.2562999999588227,-4.0784380613896294e-12,-4.35373959409974e-12
64.68,1.2582999999587576,-4.087145762622153e-12,-4.35373959409974e-12
64.7,1.2602999999586926,-4.095853463854677e-12,-4.35373959409974e-12
64.72,1.2622999999586275,-4.104561165087201e-12,-4.35373959409974e-12
64.74,1.2642999999585625,-4.113268866319725e-12,-4.35373959409974e-12
64.76,1.2662999999584974,-4.121976567552249e-12,-4.35373959409974e-12
64.78,1.2682999999584323,-4.130684268784773e-12,-4.35373959409974e-12
64.8,1.2702999999583673,-4.139391970017297e-12,-4.35373959409974e-12
64.82,1.2722999999583022,-4.148099671249821e-12,-4.35373959409974e-12
64.84,1.2742999999582372,-4.1568073724823446e-12,-4.35373959409974e-12
64.86,1.2762999999581721,-4.1655150737148685e-12,-4.35373959409974e-12
64.88,1.278299999958107,-4.174222774947392e-12,-4.35373959409974e-12
64.9,1.280299999958042,-4.182930476179916e-12,-4.35373959409974e-12
64.92,1.282299999957977,-4.19163817741244e-12,-4.35373959409974e-12
64.94,1.2842999999579119,-4.200345878644964e-12,-4.35373959409974e-12
64.96,1.2862999999578468,-4.209053579877488e-12,-4.35373959409974e-12
64.98,1.2882999999577818,-4.217761281110012e-12,-4.35373959409974e-12
65.0,1.2902999999577167,-4.226468982342536e-12,-4.35373959409974e-12
65.02,1.2922999999576517,-4.23517668357506e-12,-4.35373959409974e-12
65.04,1.2942999999575866,-4.243884384807584e-12,-4.35373959409974e-12
65.06,1.2962999999575215,-4.2525920860401076e-12,-4.35373959409974e-12
65.08,1.2982999999574565,-4.2612997872726315e-12,-4.35373959409974e-12
65.1,1.3002999999573914,-4.270007488505155e-12,-4.35373959409974e-12
65.12,1.3022999999573264,-4.278715189737679e-12,-4.35373959409974e-12
65.14,1.3042999999572613,-4.287422890970203e-12,-4.35373959409974e-12
65.16,1.3062999999571963,-4.296130592202727e-12,-4.35373959409974e-12
65.18,1.3082999999571312,-4.304838293435251e-12,-4.35373959409974e-12
65.2,1.3102999999570661,-4.313545994667775e-12,-4.35373959409974e-12
65.22,1.312299999957001,-4.322253695900299e-12,-4.35373959409974e-12
65.24,1.314299999956936,-4.330961397132823e-12,-4.35373959409974e-12
65.26,1.316299999956871,-4.339669098365347e-12,-4.35373959409974e-12
65.28,1.318299999956806,-4.3483767995978705e-12,-4.35373959409974e-12
65.3,1.3202999999567409,-4.3570845008303944e-12,-4.35373959409974e-12
65.32,1.3222999999566758,-4.365792202062918e-12,-4.35373959409974e-12
65.34,1.3242999999566107,-4.374499903295442e-12,-4.35373959409974e-12
65.36,1.3262999999565457,-4.383207604527966e-12,-4.35373959409974e-12
65.38,1.3282999999564806,-4.39191530576049e-12,-4.35373959409974e-12
65.4,1.3302999999564156,-4.400623006993014e-12,-4.35373959409974e-12
65.42,1.3322999999563505,-4.409330708225538e-12,-4.35373959409974e-12
65.44,1.3342999999562855,-4.418038409458062e-12,-4.35373959409974e-12
65.46,1.3362999999562204,-4.426746110690586e-12,-4.35373959409974e-12
65.48,1.3382999999561553,-4.43545381192311e-12,-4.35373959409974e-12
65.5,1.3402999999560903,-4.4441615131556335e-12,-4.35373959409974e-12
65.52,1.3422999999560252,-4.4528692143881574e-12,-4.35373959409974e-12
65.54,1.3442999999559602,-4.461576915620681e-12,-4.35373959409974e-12
65.56,1.346299999955895,-4.470284616853205e-12,-4.35373959409974e-12
65.58,1.34829999995583,-4.478992318085729e-12,-4.35373959409974e-12
65.6,1.350299999955765,-4.487700019318253e-12,-4.35373959409974e-12
65.62,1.3522999999557,-4.496407720550777e-12,-4.35373959409974e-12
65.64,1.3542999999556349,-4.505115421783301e-12,-4.35373959409974e-12
65.66,1.3562999999555698,-4.513823123015825e-12,-4.35373959409974e-12
65.68,1.3582999999555048,-4.522530824248349e-12,-4.35373959409974e-12
65.7,1.3602999999554397,-4.5312385254808726e-12,-4.35373959409974e-12
65.72,1.3622999999553747,-4.5399462267133965e-12,-4.35373959409974e-12
65.74,1.3642999999553096,-4.54865392794592e-12,-4.35373959409974e-12
65.76,1.3662999999552445,-4.557361629178444e-12,-4.35373959409974e-12
65.78,1.3682999999551795,-4.566069330410968e-12,-4.35373959409974e-12
65.8,1.3702999999551144,-4.574777031643492e-12,-4.35373959409974e-12
65.82,1.3722999999550494,-4.583484732876016e-12,-4.35373959409974e-12
65.84,1.3742999999549843,-4.59219243410854e-12,-4.35373959409974e-12
65.86,1.3762999999549193,-4.600900135341064e-12,-4.35373959409974e-12
65.88,1.3782999999548542,-4.609607836573588e-12,-4.35373959409974e-12
65.9,1.3802999999547891,-4.618315537806112e-12,-4.35373959409974e-12
65.92,1.382299999954724,-4.6270232390386356e-12,-4.35373959409974e-12
65.94,1.384299999954659,-4.6357309402711595e-12,-4.35373959409974e-12
65.96,1.386299999954594,-4.644438641503683e-12,-4.35373959409974e-12
65.98,1.388299999954529,-4.653146342736207e-12,-4.35373959409974e-12
66.0,1.3902999999544638,-4.661854043968731e-12,-4.35373959409974e-12
66.02,1.3922999999543988,-4.670561745201255e-12,-4.35373959409974e-12
66.04,1.3942999999543337,-4.679269446433779e-12,-4.35373959409974e-12
66.06,1.3962999999542687,-4.687977147666303e-12,-4.35373959409974e-12
66.08,1.3982999999542036,-4.696684848898827e-12,-4.35373959409974e-12
66.1,1.4002999999541386,-4.705392550131351e-12,-4.35373959409974e-12
66.12,1.4022999999540735,-4.714100251363875e-12,-4.35373959409974e-12
66.14,1.4042999999540084,-4.7228079525963985e-12,-4.35373959409974e-12
66.16,1.4062999999539434,-4.7315156538289225e-12,-4.35373959409974e-12
66.18,1.4082999999538783,-4.740223355061446e-12,-4.35373959409974e-12
66.2,1.4102999999538133,-4.74893105629397e-12,-4.35373959409974e-12
66.22,1.4122999999537482,-4.757638757526494e-12,-4.35373959409974e-12
66.24,1.4142999999536832,-4.766346458759018e-12,-4.35373959409974e-12
66.26,1.416299999953618,-4.775054159991542e-12,-4.35373959409974e-12
66.28,1.418299999953553,-4.783761861224066e-12,-4.35373959409974e-12
66.3,1.420299999953488,-4.79246956245659e-12,-4.35373959409974e-12
66.32,1.422299999953423,-4.801177263689114e-12,-4.35373959409974e-12
66.34,1.4242999999533579,-4.809884964921638e-12,-4.35373959409974e-12
66.36,1.4262999999532928,-4.8185926661541615e-12,-4.35373959409974e-12
66.38,1.4282999999532278,-4.8273003673866854e-12,-4.35373959409974e-12
66.4,1.4302999999531627,-4.836008068619209e-12,-4.35373959409974e-12
66.42,1.4322999999530976,-4.844715769851733e-12,-4.35373959409974e-12
66.44,1.4342999999530326,-4.853423471084257e-12,-4.35373959409974e-12
66.46,1.4362999999529675,-4.862131172316781e-12,-4.35373959409974e-12
66.48,1.4382999999529025,-4.870838873549305e-12,-4.35373959409974e-12
66.5,1.4402999999528374,-4.879546574781829e-12,-4.35373959409974e-12
66.52,1.4422999999527724,-4.888254276014353e-12,-4.35373959409974e-12
66.54,1.4442999999527073,-4.896961977246877e-12,-4.35373959409974e-12
66.56,1.4462999999526422,-4.905669678479401e-12,-4.35373959409974e-12
66.58,1.4482999999525772,-4.9143773797119245e-12,-4.35373959409974e-12
66.6,1.4502999999525121,-4.9230850809444484e-12,-4.35373959409974e-12
66.62,1.452299999952447,-4.931792782176972e-12,-4.35373959409974e-12
66.64,1.454299999952382,-4.940500483409496e-12,-4.35373959409974e-12
66.66,1.456299999952317,-4.94920818464202e-12,-4.35373959409974e-12
66.68,1.458299999952252,-4.957915885874544e-12,-4.35373959409974e-12
66.7,1.4602999999521868,-4.966623587107068e-12,-4.35373959409974e-12
66.72,1.4622999999521218,-4.975331288339592e-12,-4.35373959409974e-12
66.74,1.4642999999520567,-4.984038989572116e-12,-4.35373959409974e-12
66.76,1.4662999999519917,-4.99274669080464e-12,-4.35373959409974e-12
66.78,1.4682999999519266,-5.0014543920371636e-12,-4.35373959409974e-12
66.8,1.4702999999518616,-5.0101620932696875e-12,-4.35373959409974e-12
66.82,1.4722999999517965,-5.018869794502211e-12,-4.35373959409974e-12
66.84,1.4742999999517314,-5.027577495734735e-12,-4.35373959409974e-12
66.86,1.4762999999516664,-5.036285196967259e-12,-4.35373959409974e-12
66.88,1.4782999999516013,-5.044992898199783e-12,-4.35373959409974e-12
66.9,1.4802999999515363,-5.053700599432307e-12,-4.35373959409974e-12
66.92,1.4822999999514712,-5.062408300664831e-12,-4.35373959409974e-12
66.94,1.4842999999514062,-5.071116001897355e-12,-4.35373959409974e-12
66.96,1.486299999951341,-5.079823703129879e-12,-4.35373959409974e-12
66.98,1.488299999951276,-5.088531404362403e-12,-4.35373959409974e-12
67.0,1.490299999951211,-5.0972391055949266e-12,-4.35373959409974e-12
67.02,1.492299999951146,-5.1059468068274505e-12,-4.35373959409974e-12
67.04,1.4942999999510809,-5.114654508059974e-12,-4.35373959409974e-12
67.06,1.4962999999510158,-5.123362209292498e-12,-4.35373959409974e-12
67.08,1.4982999999509508,-5.132069910525022e-12,-4.35373959409974e-12
67.1,1.5002999999508857,-5.140777611757546e-12,-4.35373959409974e-12
67.12,1.5022999999508206,-5.14948531299007e-12,-4.35373959409974e-12
67.14,1.5042999999507556,-5.158193014222594e-12,-4.35373959409974e-12
67.16,1.5062999999506905,-5.166900715455118e-12,-4.35373959409974e-12
67.18,1.5082999999506255,-5.175608416687642e-12,-4.35373959409974e-12
67.2,1.5102999999505604,-5.184316117920166e-12,-4.35373959409974e-12
67.22,1.5122999999504954,-5.1930238191526895e-12,-4.35373959409974e-12
67.24,1.5142999999504303,-5.2017315203852134e-12,-4.35373959409974e-12
67.26,1.5162999999503652,-5.210439221617737e-12,-4.35373959409974e-12
67.28,1.5182999999503002,-5.219146922850261e-12,-4.35373959409974e-12
67.3,1.5202999999502351,-5.227854624082785e-12,-4.35373959409974e-12
67.32,1.52229999995017,-5.236562325315309e-12,-4.35373959409974e-12
67.34,1.524299999950105,-5.245270026547833e-12,-4.35373959409974e-12
67.36,1.52629999995004,-5.253977727780357e-12,-4.35373959409974e-12
67.38,1.528299999949975,-5.262685429012881e-12,-4.35373959409974e-12
67.4,1.5302999999499098,-5.271393130245405e-12,-4.35373959409974e-12
67.42,1.5322999999498448,-5.280100831477929e-12,-4.35373959409974e-12
67.44,1.5342999999497797,-5.2888085327104525e-12,-4.35373959409974e-12
67.46,1.5362999999497147,-5.2975162339429764e-12,-4.35373959409974e-12
67.48,1.5382999999496496,-5.3062239351755e-12,-4.35373959409974e-12
67.5,1.5402999999495846,-5.314931636408024e-12,-4.35373959409974e-12
67.52,1.5422999999495195,-5.323639337640548e-12,-4.35373959409974e-12
67.54,1.5442999999494544,-5.332347038873072e-12,-4.35373959409974e-12
67.56,1.5462999999493894,-5.341054740105596e-12,-4.35373959409974e-12
67.58,1.5482999999493243,-5.34976244133812e-12,-4.35373959409974e-12
67.6,1.5502999999492593,-5.358470142570644e-12,-4.35373959409974e-12
67.62,1.5522999999491942,-5.367177843803168e-12,-4.35373959409974e-12
67.64,1.5542999999491292,-5.3758855450356916e-12,-4.35373959409974e-12
67.66,1.556299999949064,-5.3845932462682155e-12,-4.35373959409974e-12
67.68,1.558299999948999,-5.3933009475007394e-12,-4.35373959409974e-12
67.7,1.560299999948934,-5.402008648733263e-12,-4.35373959409974e-12
67.72,1.562299999948869,-5.410716349965787e-12,-4.35373959409974e-12
67.74,1.5642999999488039,-5.419424051198311e-12,-4.35373959409974e-12
67.76,1.5662999999487388,-5.428131752430835e-12,-4.35373959409974e-12
67.78,1.5682999999486738,-5.436839453663359e-12,-4.35373959409974e-12
67.8,1.5702999999486087,-5.445547154895883e-12,-4.35373959409974e-12
67.82,1.5722999999485436,-5.454254856128407e-12,-4.35373959409974e-12
67.84,1.5742999999484786,-5.462962557360931e-12,-4.35373959409974e-12
67.86,1.5762999999484135,-5.4716702585934546e-12,-4.35373959409974e-12
67.88,1.5782999999483485,-5.4803779598259785e-12,-4.35373959409974e-12
67.9,1.5802999999482834,-5.489085661058502e-12,-4.35373959409974e-12
67.92,1.5822999999482183,-5.497793362291026e-12,-4.35373959409974e-12
67.94,1.5842999999481533,-5.50650106352355e-12,-4.35373959409974e-12
67.96,1.5862999999480882,-5.515208764756074e-12,-4.35373959409974e-12
67.98,1.5882999999480232,-5.523916465988598e-12,-4.35373959409974e-12
68.0,1.5902999999479581,-5.532624167221122e-12,-4.35373959409974e-12
68.02,1.592299999947893,-5.541331868453646e-12,-4.35373959409974e-12
68.04,1.594299999947828,-5.55003956968617e-12,-4.35373959409974e-12
68.06,1.596299999947763,-5.558747270918694e-12,-4.35373959409974e-12
68.08,1.598299999947698,-5.5674549721512176e-12,-4.35373959409974e-12
68.1,1.6002999999476328,-5.576163034206224e-12,-4.356515151661303e-12
68.12,1.6022999999475678,-5.584893828077656e-12,-4.374278720055306e-12
68.14,1.6042999999475027,-5.593660149085876e-12,-4.392042288449308e-12
68.16,1.6062999999474377,-5.602461997230881e-12,-4.409805856843311e-12
68.18,1.6082999999473726,-5.6112993725126745e-12,-4.427569425237313e-12
68.2,1.6102999999473075,-5.620172274931254e-12,-4.445332993631316e-12
68.22,1.6122999999472425,-5.629080704486622e-12,-4.463096562025318e-12
68.24,1.6142999999471774,-5.638024661178775e-12,-4.480860130419321e-12
68.26,1.6162999999471124,-5.647004145007716e-12,-4.498623698813323e-12
68.28,1.6182999999470473,-5.656019155973443e-12,-4.516387267207326e-12
68.3,1.6202999999469823,-5.665069694075957e-12,-4.534150835601328e-12
68.32,1.6222999999469172,-5.674155759315258e-12,-4.551914403995331e-12
68.34,1.6242999999468521,-5.683277351691345e-12,-4.569677972389333e-12
68.36,1.626299999946787,-5.69243447120422e-12,-4.587441540783336e-12
68.38,1.628299999946722,-5.701627117853881e-12,-4.605205109177338e-12
68.4,1.630299999946657,-5.71085529164033e-12,-4.622968677571341e-12
68.42,1.632299999946592,-5.7201189925635654e-12,-4.640732245965343e-12
68.44,1.6342999999465269,-5.729418220623588e-12,-4.658495814359346e-12
68.46,1.6362999999464618,-5.738752975820396e-12,-4.676259382753348e-12
68.48,1.6382999999463967,-5.748123258153993e-12,-4.694022951147351e-12
68.5,1.6402999999463317,-5.7575290676243745e-12,-4.711786519541353e-12
68.52,1.6422999999462666,-5.766970404231545e-12,-4.729550087935356e-12
68.54,1.6442999999462016,-5.776447267975501e-12,-4.747313656329358e-12
68.56,1.6462999999461365,-5.785959658856245e-12,-4.765077224723361e-12
68.58,1.6482999999460715,-5.795507576873774e-12,-4.782840793117363e-12
68.6,1.6502999999460064,-5.805091022028092e-12,-4.800604361511366e-12
68.62,1.6522999999459413,-5.814709994319195e-12,-4.818367929905368e-12
68.64,1.6542999999458763,-5.824364493747086e-12,-4.836131498299371e-12
68.66,1.6562999999458112,-5.8340545203117636e-12,-4.853895066693373e-12
68.68,1.6582999999457462,-5.843780074013229e-12,-4.871658635087376e-12
68.7,1.6602999999456811,-5.853541154851479e-12,-4.889422203481378e-12
68.72,1.662299999945616,-5.8633377628265185e-12,-4.907185771875381e-12
68.74,1.664299999945551,-5.873169897938343e-12,-4.924949340269383e-12
68.76,1.666299999945486,-5.883037560186954e-12,-4.942712908663386e-12
68.78,1.6682999999454209,-5.892940749572353e-12,-4.960476477057388e-12
68.8,1.6702999999453558,-5.902879466094538e-12,-4.978240045451391e-12
68.82,1.6722999999452908,-5.91285370975351e-12,-4.996003613845393e-12
68.84,1.6742999999452257,-5.92286348054927e-12,-5.013767182239396e-12
68.86,1.6762999999451607,-5.932908778481816e-12,-5.031530750633398e-12
68.88,1.6782999999450956,-5.942989603551149e-12,-5.049294319027401e-12
68.9,1.6802999999450305,-5.953105955757269e-12,-5.067057887421403e-12
68.92,1.6822999999449655,-5.963257835100175e-12,-5.084821455815406e-12
68.94,1.6842999999449004,-5.973445241579868e-12,-5.102585024209408e-12
68.96,1.6862999999448354,-5.983668175196348e-12,-5.120348592603411e-12
68.98,1.6882999999447703,-5.993926635949616e-12,-5.138112160997413e-12
69.0,1.6902999999447053,-6.0042206238396696e-12,-5.155875729391416e-12
69.02,1.6922999999446402,-6.014550138866511e-12,-5.173639297785418e-12
69.04,1.6942999999445751,-6.024915181030138e-12,-5.191402866179421e-12
69.06,1.69629999994451,-6.035315750330554e-12,-5.209166434573423e-12
69.08,1.698299999944445,-6.045751846767754e-12,-5.226930002967426e-12
69.1,1.70029999994438,-6.056223470341743e-12,-5.244693571361428e-12
69.12,1.702299999944315,-6.0667306210525175e-12,-5.262457139755431e-12
69.14,1.7042999999442499,-6.07727329890008e-12,-5.280220708149433e-12
69.16,1.7062999999441848,-6.087851503884429e-12,-5.297984276543436e-12
69.18,1.7082999999441197,-6.098465236005565e-12,-5.315747844937438e-12
69.2,1.7102999999440547,-6.109114495263487e-12,-5.333511413331441e-12
69.22,1.7122999999439896,-6.119799281658197e-12,-5.351274981725443e-12
69.24,1.7142999999439246,-6.130519595189692e-12,-5.369038550119446e-12
69.26,1.7162999999438595,-6.1412754358579755e-12,-5.386802118513448e-12
69.28,1.7182999999437945,-6.152066803663045e-12,-5.404565686907451e-12
69.3,1.7202999999437294,-6.162893698604902e-12,-5.4223292553014534e-12
69.32,1.7222999999436643,-6.173756120683546e-12,-5.440092823695456e-12
69.34,1.7242999999435993,-6.1846540698989765e-12,-5.4578563920894584e-12
69.36,1.7262999999435342,-6.195587546251194e-12,-5.475619960483461e-12
69.38,1.7282999999434692,-6.206556549740197e-12,-5.4933835288774634e-12
69.4,1.730299999943404,-6.217561080365988e-12,-5.511147097271466e-12
69.42,1.732299999943339,-6.228601138128566e-12,-5.5289106656654684e-12
69.44,1.734299999943274,-6.239676723027931e-12,-5.546674234059471e-12
69.46,1.736299999943209,-6.250787835064082e-12,-5.5644378024534734e-12
69.48,1.7382999999431439,-6.261934474237021e-12,-5.582201370847476e-12
69.5,1.7402999999430788,-6.273116640546746e-12,-5.5999649392414785e-12
69.52,1.7422999999430138,-6.284334333993259e-12,-5.617728507635481e-12
69.54,1.7442999999429487,-6.295587554576557e-12,-5.6354920760294835e-12
69.56,1.7462999999428837,-6.306876302296643e-12,-5.653255644423486e-12
69.58,1.7482999999428186,-6.318200577153515e-12,-5.6710192128174885e-12
69.6,1.7502999999427535,-6.329560379147175e-12,-5.688782781211491e-12
69.62,1.7522999999426885,-6.340955708277621e-12,-5.7065463496054935e-12
69.64,1.7542999999426234,-6.3523865645448545e-12,-5.724309917999496e-12
69.66,1.7562999999425584,-6.363852947948874e-12,-5.7420734863934985e-12
69.68,1.7582999999424933,-6.3753548584896804e-12,-5.759837054787501e-12
69.7,1.7602999999424283,-6.386892296167274e-12,-5.7776006231815035e-12
69.72,1.7622999999423632,-6.398465260981654e-12,-5.795364191575506e-12
69.74,1.7642999999422981,-6.4100737529328215e-12,-5.8131277599695085e-12
69.76,1.766299999942233,-6.421717772020776e-12,-5.830891328363511e-12
69.78,1.768299999942168,-6.4333973182455175e-12,-5.8486548967575135e-12
69.8,1.770299999942103,-6.445112391607045e-12,-5.866418465151516e-12
69.82,1.772299999942038,-6.4568629921053605e-12,-5.8841820335455185e-12
69.84,1.7742999999419728,-6.468649119740462e-12,-5.901945601939521e-12
69.86,1.7762999999419078,-6.4804707745123506e-12,-5.9197091703335235e-12
69.88,1.7782999999418427,-6.4923279564210255e-12,-5.937472738727526e-12
69.9,1.7802999999417777,-6.5042206654664885e-12,-5.9552363071215285e-12
69.92,1.7822999999417126,-6.516148901648737e-12,-5.972999875515531e-12
69.94,1.7842999999416476,-6.5281126649677735e-12,-5.9907634439095336e-12
69.96,1.7862999999415825,-6.5401119554235955e-12,-6.008527012303536e-12
69.98,1.7882999999415174,-6.552146773016206e-12,-6.0262905806975386e-12
70.0,1.7902999999414524,-6.564217117745602e-12,-6.044054149091541e-12
70.02,1.7922999999413873,-6.576322989611785e-12,-6.0618177174855436e-12
70.04,1.7942999999413223,-6.588464388614755e-12,-6.079581285879546e-12
70.06,1.7962999999412572,-6.600641314754513e-12,-6.0973448542735486e-12
70.08,1.7982999999411922,-6.612853768031057e-12,-6.115108422667551e-12
70.1,1.800299999941127,-6.625101748444389e-12,-6.1328719910615536e-12
70.12,1.802299999941062,-6.6373852559945055e-12,-6.150635559455556e-12
70.14,1.804299999940997,-6.64970429068141e-12,-6.168399127849559e-12
70.16,1.806299999940932,-6.662058852505101e-12,-6.186162696243561e-12
70.18,1.8082999999408669,-6.674448941465579e-12,-6.203926264637564e-12
70.2,1.8102999999408018,-6.686874557562845e-12,-6.221689833031566e-12
70.22,1.8122999999407368,-6.699335700796896e-12,-6.239453401425569e-12
70.24,1.8142999999406717,-6.711832371167735e-12,-6.257216969819571e-12
70.26,1.8162999999406066,-6.72436456867536e-12,-6.274980538213574e-12
70.28,1.8182999999405416,-6.736932293319772e-12,-6.292744106607576e-12
70.3,1.8202999999404765,-6.749535545100971e-12,-6.310507675001579e-12
70.32,1.8222999999404115,-6.762174324018958e-12,-6.328271243395581e-12
70.34,1.8242999999403464,-6.77484863007373e-12,-6.346034811789584e-12
70.36,1.8262999999402814,-6.787558463265291e-12,-6.363798380183586e-12
70.38,1.8282999999402163,-6.8003038235936364e-12,-6.381561948577589e-12
70.4,1.8302999999401512,-6.813084711058771e-12,-6.399325516971591e-12
70.42,1.8322999999400862,-6.825901125660691e-12,-6.417089085365594e-12
70.44,1.8342999999400211,-6.838753067399399e-12,-6.434852653759596e-12
70.46,1.836299999939956,-6.851640536274892e-12,-6.452616222153599e-12
70.48,1.838299999939891,-6.864563532287173e-12,-6.470379790547601e-12
70.5,1.840299999939826,-6.877522055436241e-12,-6.488143358941604e-12
70.52,1.842299999939761,-6.890516105722095e-12,-6.505906927335606e-12
70.54,1.8442999999396958,-6.903545683144737e-12,-6.523670495729609e-12
70.56,1.8462999999396308,-6.916610787704166e-12,-6.541434064123611e-12
70.58,1.8482999999395657,-6.92971141940038e-12,-6.559197632517614e-12
70.6,1.8502999999395007,-6.942847578233382e-12,-6.576961200911616e-12
70.62,1.8522999999394356,-6.9560192642031706e-12,-6.594724769305619e-12
70.64,1.8542999999393706,-6.9692264773097465e-12,-6.612488337699621e-12
70.66,1.8562999999393055,-6.98246921755311e-12,-6.630251906093624e-12
70.68,1.8582999999392404,-6.995747484933258e-12,-6.648015474487626e-12
70.7,1.8602999999391754,-7.009061279450196e-12,-6.665779042881629e-12
70.72,1.8622999999391103,-7.022410601103918e-12,-6.683542611275631e-12
70.74,1.8642999999390453,-7.035795449894429e-12,-6.701306179669634e-12
70.76,1.8662999999389802,-7.0492158258217245e-12,-6.719069748063636e-12
70.78,1.8682999999389152,-7.062671728885809e-12,-6.736833316457639e-12
70.8,1.87029999993885,-7.076163159086678e-12,-6.754596884851641e-12
70.82,1.872299999938785,-7.089690116424337e-12,-6.772360453245644e-12
70.84,1.87429999993872,-7.10325260089878e-12,-6.790124021639646e-12
70.86,1.876299999938655,-7.116850612510013e-12,-6.807887590033649e-12
70.88,1.8782999999385899,-7.130484151258029e-12,-6.825651158427651e-12
70.9,1.8802999999385248,-7.144153217142835e-12,-6.843414726821654e-12
70.92,1.8822999999384598,-7.157857810164425e-12,-6.861178295215656e-12
70.94,1.8842999999383947,-7.171597930322804e-12,-6.878941863609659e-12
70.96,1.8862999999383296,-7.185373577617968e-12,-6.896705432003661e-12
70.98,1.8882999999382646,-7.199184752049921e-12,-6.914469000397664e-12
71.0,1.8902999999381995,-7.2130314536186596e-12,-6.932232568791666e-12
71.02,1.8922999999381345,-7.226913682324186e-12,-6.949996137185669e-12
71.04,1.8942999999380694,-7.240831438166498e-12,-6.967759705579671e-12
71.06,1.8962999999380044,-7.254784721145597e-12,-6.985523273973674e-12
71.08,1.8982999999379393,-7.268773531261483e-12,-7.003286842367676e-12
71.1,1.9002999999378742,-7.282797868514154e-12,-7.021050410761679e-12
71.12,1.9022999999378092,-7.296857732903615e-12,-7.038813979155681e-12
71.14,1.9042999999377441,-7.310953124429871e-12,-7.056577547549684e-12
71.16,1.906299999937679,-7.325084043092903e-12,-7.074341115943686e-12
71.18,1.908299999937614,-7.339250488892717e-12,-7.092104684337689e-12
71.2,1.910299999937549,-7.353452461829326e-12,-7.109868252731691e-12
71.22,1.912299999937484,-7.367689961902729e-12,-7.127631821125694e-12
71.24,1.9142999999374188,-7.381962989112904e-12,-7.145395389519696e-12
71.26,1.9162999999373538,-7.396271543459867e-12,-7.163158957913699e-12
71.28,1.9182999999372887,-7.410615624943625e-12,-7.180922526307701e-12
71.3,1.9202999999372237,-7.424995233564175e-12,-7.198686094701704e-12
71.32,1.9222999999371586,-7.439410369321496e-12,-7.216449663095706e-12
71.34,1.9242999999370936,-7.453861032215607e-12,-7.234213231489709e-12
71.36,1.9262999999370285,-7.468347222246514e-12,-7.251976799883711e-12
71.38,1.9282999999369634,-7.482868939414211e-12,-7.269740368277714e-12
71.4,1.9302999999368984,-7.497426183718677e-12,-7.287503936671716e-12
71.42,1.9322999999368333,-7.512018955159937e-12,-7.305267505065719e-12
71.44,1.9342999999367683,-7.526647253737993e-12,-7.323031073459721e-12
71.46,1.9362999999367032,-7.541311079452835e-12,-7.340794641853724e-12
71.48,1.9382999999366382,-7.556010432304448e-12,-7.358558210247726e-12
71.5,1.940299999936573,-7.570745312292857e-12,-7.376321778641729e-12
71.52,1.942299999936508,-7.585515719418061e-12,-7.394085347035731e-12
71.54,1.944299999936443,-7.600321653680047e-12,-7.411848915429734e-12
71.56,1.946299999936378,-7.61516311507881e-12,-7.429612483823736e-12
71.58,1.9482999999363129,-7.630040103614367e-12,-7.447376052217739e-12
71.6,1.9502999999362478,-7.64495261928672e-12,-7.465139620611741e-12
71.62,1.9522999999361828,-7.65990066209585e-12,-7.482903189005744e-12
71.64,1.9542999999361177,-7.67488423204176e-12,-7.500666757399746e-12
71.66,1.9562999999360526,-7.689903329124466e-12,-7.518430325793749e-12
71.68,1.9582999999359876,-7.704957953343967e-12,-7.536193894187751e-12
71.7,1.9602999999359225,-7.720048104700241e-12,-7.553957462581754e-12
71.72,1.9622999999358575,-7.7351737831933e-12,-7.571721030975756e-12
71.74,1.9642999999357924,-7.750334988823155e-12,-7.589484599369759e-12
71.76,1.9662999999357273,-7.765531721589803e-12,-7.607248167763761e-12
71.78,1.9682999999356623,-7.780763981493221e-12,-7.625011736157764e-12
71.8,1.9702999999355972,-7.79603176853343e-12,-7.642775304551766e-12
71.82,1.9722999999355322,-7.811335082710433e-12,-7.660538872945769e-12
71.84,1.9742999999354671,-7.826673924024228e-12,-7.678302441339771e-12
71.86,1.976299999935402,-7.842048292474793e-12,-7.696066009733774e-12
71.88,1.978299999935337,-7.85745818806215e-12,-7.713829578127777e-12
71.9,1.980299999935272,-7.872903610786301e-12,-7.731593146521779e-12
71.92,1.982299999935207,-7.888384560647242e-12,-7.749356714915782e-12
71.94,1.9842999999351418,-7.903901037644954e-12,-7.767120283309784e-12
71.96,1.9862999999350768,-7.919453041779459e-12,-7.784883851703787e-12
71.98,1.9882999999350117,-7.93504057305076e-12,-7.802647420097789e-12
72.0,1.9902999999349467,-7.950663631458846e-12,-7.820410988491792e-12
72.02,1.9922999999348816,-7.966322217003705e-12,-7.838174556885794e-12
72.04,1.9942999999348165,-7.982016329685359e-12,-7.855938125279797e-12
72.06,1.9962999999347515,-7.997745969503808e-12,-7.873701693673799e-12
72.08,1.9982999999346864,-8.013511136459038e-12,-7.891465262067802e-12
72.1,2.0002999999346214,-8.029311886062198e-12,-7.909228830461804e-12
72.12,2.0022999999345563,-8.045148107291002e-12,-7.926992398855807e-12
72.14,2.0042999999344913,-8.06101985565659e-12,-7.944755967249809e-12
72.16,2.006299999934426,-8.076927131158966e-12,-7.962519535643812e-12
72.18,2.008299999934361,-8.09286993379813e-12,-7.980283104037814e-12
72.2,2.010299999934296,-8.108848263574081e-12,-7.998046672431817e-12
72.22,2.012299999934231,-8.124862120486815e-12,-8.015810240825819e-12
72.24,2.014299999934166,-8.140911504536338e-12,-8.033573809219822e-12
72.26,2.016299999934101,-8.156996415722649e-12,-8.051337377613824e-12
72.28,2.018299999934036,-8.173116854045749e-12,-8.069100946007827e-12
72.3,2.020299999933971,-8.189272819505631e-12,-8.086864514401829e-12
72.32,2.0222999999339057,-8.205464312102302e-12,-8.104628082795832e-12
72.34,2.0242999999338407,-8.22169133183576e-12,-8.122391651189834e-12
72.36,2.0262999999337756,-8.237953878706006e-12,-8.140155219583837e-12
72.38,2.0282999999337106,-8.254251952713035e-12,-8.157918787977839e-12
72.4,2.0302999999336455,-8.270585553856854e-12,-8.175682356371842e-12
72.42,2.0322999999335805,-8.286954682137459e-12,-8.193445924765844e-12
72.44,2.0342999999335154,-8.303359337554851e-12,-8.211209493159847e-12
72.46,2.0362999999334503,-8.31979952010903e-12,-8.228973061553849e-12
72.48,2.0382999999333853,-8.336275229799995e-12,-8.246736629947852e-12
72.5,2.0402999999333202,-8.352786466627749e-12,-8.264500198341854e-12
72.52,2.042299999933255,-8.369333230592288e-12,-8.282263766735857e-12
72.54,2.04429999993319,-8.385915521693613e-12,-8.300027335129859e-12
72.56,2.046299999933125,-8.402533339931727e-12,-8.317790903523862e-12
72.58,2.04829999993306,-8.419186685306628e-12,-8.335554471917864e-12
72.6,2.050299999932995,-8.435875557818315e-12,-8.353318040311867e-12
72.62,2.05229999993293,-8.452599957466789e-12,-8.371081608705869e-12
72.64,2.054299999932865,-8.46935988425205e-12,-8.388845177099872e-12
72.66,2.0562999999327998,-8.486155338174098e-12,-8.406608745493874e-12
72.68,2.0582999999327347,-8.50298631923293e-12,-8.424372313887877e-12
72.7,2.0602999999326697,-8.51985282742855e-12,-8.44213588228188e-12
72.72,2.0622999999326046,-8.536754862760958e-12,-8.459899450675882e-12
72.74,2.0642999999325395,-8.553692425230155e-12,-8.477663019069884e-12
72.76,2.0662999999324745,-8.570665514836136e-12,-8.495426587463887e-12
72.78,2.0682999999324094,-8.587674131578905e-12,-8.51319015585789e-12
72.8,2.0702999999323444,-8.60471827545846e-12,-8.530953724251892e-12
72.82,2.0722999999322793,-8.621797946474804e-12,-8.548717292645894e-12
72.84,2.0742999999322143,-8.638913144627932e-12,-8.566480861039897e-12
72.86,2.076299999932149,-8.656063869917847e-12,-8.5842444294339e-12
72.88,2.078299999932084,-8.673250122344549e-12,-8.602007997827902e-12
72.9,2.080299999932019,-8.69047190190804e-12,-8.619771566221904e-12
72.92,2.082299999931954,-8.707729208608316e-12,-8.637535134615907e-12
72.94,2.084299999931889,-8.72502204244538e-12,-8.65529870300991e-12
72.96,2.086299999931824,-8.74235040341923e-12,-8.673062271403912e-12
72.98,2.088299999931759,-8.759714291529868e-12,-8.690825839797914e-12
73.0,2.090299999931694,-8.777113706777292e-12,-8.708589408191917e-12
73.02,2.0922999999316287,-8.794548649161502e-12,-8.72635297658592e-12
73.04,2.0942999999315637,-8.8120191186825e-12,-8.744116544979922e-12
73.06,2.0962999999314986,-8.829525115340285e-12,-8.761880113373924e-12
73.08,2.0982999999314336,-8.847066639134857e-12,-8.779643681767927e-12
73.1,2.1002999999313685,-8.864643690066215e-12,-8.79740725016193e-12
73.12,2.1022999999313035,-8.88225626813436e-12,-8.815170818555932e-12
73.14,2.1042999999312384,-8.89990437333929e-12,-8.832934386949934e-12
73.16,2.1062999999311733,-8.917588005681009e-12,-8.850697955343937e-12
73.18,2.1082999999311083,-8.935307165159515e-12,-8.86846152373794e-12
73.2,2.1102999999310432,-8.953061851774809e-12,-8.886225092131942e-12
73.22,2.112299999930978,-8.970852065526888e-12,-8.903988660525944e-12
73.24,2.114299999930913,-8.988677806415755e-12,-8.921752228919947e-12
73.26,2.116299999930848,-9.006539074441407e-12,-8.93951579731395e-12
73.28,2.118299999930783,-9.024435869603848e-12,-8.957279365707952e-12
73.3,2.120299999930718,-9.042368191903074e-12,-8.975042934101954e-12
73.32,2.122299999930653,-9.060336041339087e-12,-8.992806502495957e-12
73.34,2.124299999930588,-9.078339417911886e-12,-9.01057007088996e-12
73.36,2.1262999999305228,-9.096378321621473e-12,-9.028333639283962e-12
73.38,2.1282999999304577,-9.114452752467848e-12,-9.046097207677964e-12
73.4,2.1302999999303927,-9.13256271045101e-12,-9.063860776071967e-12
73.42,2.1322999999303276,-9.150708195570957e-12,-9.08162434446597e-12
73.44,2.1342999999302625,-9.168889207827693e-12,-9.099387912859972e-12
73.46,2.1362999999301975,-9.187105747221215e-12,-9.117151481253974e-12
73.48,2.1382999999301324,-9.205357813751522e-12,-9.134915049647977e-12
73.5,2.1402999999300674,-9.223645407418617e-12,-9.15267861804198e-12
73.52,2.1422999999300023,-9.2419685282225e-12,-9.170442186435982e-12
73.54,2.1442999999299373,-9.26032717616317e-12,-9.188205754829984e-12
73.56,2.146299999929872,-9.278721351240625e-12,-9.205969323223987e-12
73.58,2.148299999929807,-9.297151053454866e-12,-9.22373289161799e-12
73.6,2.150299999929742,-9.315616282805895e-12,-9.241496460011992e-12
73.62,2.152299999929677,-9.334117039293713e-12,-9.259260028405994e-12
73.64,2.154299999929612,-9.352653322918316e-12,-9.277023596799997e-12
73.66,2.156299999929547,-9.371225133679706e-12,-9.294787165194e-12
73.68,2.158299999929482,-9.389832471577882e-12,-9.312550733588002e-12
73.7,2.160299999929417,-9.408475336612848e-12,-9.330314301982004e-12
73.72,2.1622999999293517,-9.427153728784596e-12,-9.348077870376007e-12
73.74,2.1642999999292867,-9.445867648093133e-12,-9.36584143877001e-12
73.76,2.1662999999292216,-9.464617094538458e-12,-9.383605007164012e-12
73.78,2.1682999999291566,-9.48340206812057e-12,-9.401368575558014e-12
73.8,2.1702999999290915,-9.502222568839465e-12,-9.419132143952017e-12
73.82,2.1722999999290264,-9.521078596695149e-12,-9.43689571234602e-12
73.84,2.1742999999289614,-9.53997015168762e-12,-9.454659280740022e-12
73.86,2.1762999999288963,-9.55889723381688e-12,-9.472422849134024e-12
73.88,2.1782999999288313,-9.577859843082925e-12,-9.490186417528027e-12
73.9,2.180299999928766,-9.596857979485758e-12,-9.50794998592203e-12
73.92,2.182299999928701,-9.615891643025378e-12,-9.525713554316032e-12
73.94,2.184299999928636,-9.634960833701783e-12,-9.543477122710034e-12
73.96,2.186299999928571,-9.654065551514975e-12,-9.561240691104037e-12
73.98,2.188299999928506,-9.673205796464955e-12,-9.57900425949804e-12
74.0,2.190299999928441,-9.692381568551722e-12,-9.596767827892042e-12
74.02,2.192299999928376,-9.711592867775274e-12,-9.614531396286045e-12
74.04,2.194299999928311,-9.730839694135613e-12,-9.632294964680047e-12
74.06,2.1962999999282458,-9.75012204763274e-12,-9.65005853307405e-12
74.08,2.1982999999281807,-9.769439928266655e-12,-9.667822101468052e-12
74.1,2.2002999999281156,-9.788793336037355e-12,-9.685585669862055e-12
74.12,2.2022999999280506,-9.808182270944842e-12,-9.703349238256057e-12
74.14,2.2042999999279855,-9.827606732989116e-12,-9.72111280665006e-12
74.16,2.2062999999279205,-9.84706672217018e-12,-9.738876375044062e-12
74.18,2.2082999999278554,-9.866562238488026e-12,-9.756639943438065e-12
74.2,2.2102999999277904,-9.88609328194266e-12,-9.774403511832067e-12
74.22,2.2122999999277253,-9.905659852534082e-12,-9.79216708022607e-12
74.24,2.2142999999276602,-9.925261950262292e-12,-9.809930648620072e-12
74.26,2.216299999927595,-9.944899575127284e-12,-9.827694217014075e-12
74.28,2.21829999992753,-9.964572727129065e-12,-9.845457785408077e-12
74.3,2.220299999927465,-9.984281406267635e-12,-9.86322135380208e-12
74.32,2.2222999999274,-1.0004025612542992e-11,-9.880984922196082e-12
74.34,2.224299999927335,-1.0023805345955133e-11,-9.898748490590085e-12
74.36,2.22629999992727,-1.0043620606504063e-11,-9.916512058984087e-12
74.38,2.228299999927205,-1.0063471394189781e-11,-9.93427562737809e-12
74.4,2.23029999992714,-1.0083357709012285e-11,-9.952039195772092e-12
74.42,2.2322999999270747,-1.0103279550971573e-11,-9.969802764166095e-12
74.44,2.2342999999270097,-1.012323692006765e-11,-9.987566332560097e-12
74.46,2.2362999999269446,-1.0143229816300515e-11,-1.00053299009541e-11
74.48,2.2382999999268796,-1.0163258239670164e-11,-1.0023093469348102e-11
74.5,2.2402999999268145,-1.01833221901766e-11,-1.0040857037742105e-11
74.52,2.2422999999267494,-1.0203421667819823e-11,-1.0058620606136107e-11
74.54,2.2442999999266844,-1.0223556672599837e-11,-1.007638417453011e-11
74.56,2.2462999999266193,-1.0243727204516635e-11,-1.0094147742924112e-11
74.58,2.2482999999265543,-1.0263933263570219e-11,-1.0111911311318115e-11
74.6,2.250299999926489,-1.0284174849760591e-11,-1.0129674879712117e-11
74.62,2.252299999926424,-1.0304451963087752e-11,-1.014743844810612e-11
74.64,2.254299999926359,-1.0324764603551694e-11,-1.0165202016500122e-11
74.66,2.256299999926294,-1.0345112771152425e-11,-1.0182965584894125e-11
74.68,2.258299999926229,-1.0365496465889946e-11,-1.0200729153288127e-11
74.7,2.260299999926164,-1.0385915687764254e-11,-1.021849272168213e-11
74.72,2.262299999926099,-1.0406370436775343e-11,-1.0236256290076132e-11
74.74,2.264299999926034,-1.0426860712923222e-11,-1.0254019858470135e-11
74.76,2.2662999999259688,-1.044738651620789e-11,-1.0271783426864137e-11
74.78,2.2682999999259037,-1.0467947846629346e-11,-1.028954699525814e-11
74.8,2.2702999999258386,-1.0488544704187583e-11,-1.0307310563652142e-11
74.82,2.2722999999257736,-1.050917708888261e-11,-1.0325074132046145e-11
74.84,2.2742999999257085,-1.0529845000714426e-11,-1.0342837700440147e-11
74.86,2.2762999999256435,-1.0550548439683029e-11,-1.036060126883415e-11
74.88,2.2782999999255784,-1.0571287405788413e-11,-1.0378364837228152e-11
74.9,2.2802999999255134,-1.0592061899030587e-11,-1.0396128405622155e-11
74.92,2.2822999999254483,-1.061287191940955e-11,-1.0413891974016157e-11
74.94,2.2842999999253832,-1.0633717466925298e-11,-1.043165554241016e-11
74.96,2.286299999925318,-1.065459854157783e-11,-1.0449419110804162e-11
74.98,2.288299999925253,-1.0675515143367152e-11,-1.0467182679198165e-11
75.0,2.290299999925188,-1.0696467272293264e-11,-1.0484946247592167e-11
75.02,2.292299999925123,-1.071745492835616e-11,-1.050270981598617e-11
75.04,2.294299999925058,-1.0738478111555841e-11,-1.0520473384380172e-11
75.06,2.296299999924993,-1.075953682189231e-11,-1.0538236952774175e-11
75.08,2.298299999924928,-1.078063105936557e-11,-1.0556000521168177e-11
75.1,2.300299999924863,-1.080176082397561e-11,-1.057376408956218e-11
75.12,2.3022999999247977,-1.0822926115722437e-11,-1.0591527657956182e-11
75.14,2.3042999999247327,-1.0844126934606055e-11,-1.0609291226350185e-11
75.16,2.3062999999246676,-1.0865363280626461e-11,-1.0627054794744187e-11
75.18,2.3082999999246026,-1.0886635153783649e-11,-1.064481836313819e-11
75.2,2.3102999999245375,-1.0907942554077625e-11,-1.0662581931532192e-11
75.22,2.3122999999244724,-1.0929285481508391e-11,-1.0680345499926195e-11
75.24,2.3142999999244074,-1.0950663936075945e-11,-1.0698109068320197e-11
75.26,2.3162999999243423,-1.0972077917780279e-11,-1.07158726367142e-11
75.28,2.3182999999242773,-1.0993527426621402e-11,-1.0733636205108202e-11
75.3,2.320299999924212,-1.1015012462599317e-11,-1.0751399773502205e-11
75.32,2.322299999924147,-1.1036533025714018e-11,-1.0769163341896207e-11
75.34,2.324299999924082,-1.1058089115965499e-11,-1.078692691029021e-11
75.36,2.326299999924017,-1.107968073335377e-11,-1.0804690478684212e-11
75.38,2.328299999923952,-1.1101307877878831e-11,-1.0822454047078215e-11
75.4,2.330299999923887,-1.1122970549540677e-11,-1.0840217615472217e-11
75.42,2.332299999923822,-1.1144668748339307e-11,-1.085798118386622e-11
75.44,2.334299999923757,-1.1166402474274726e-11,-1.0875744752260222e-11
75.46,2.3362999999236918,-1.1188171727346937e-11,-1.0893508320654225e-11
75.48,2.3382999999236267,-1.1209976507555932e-11,-1.0911271889048227e-11
75.5,2.3402999999235616,-1.1231816814901709e-11,-1.092903545744223e-11
75.52,2.3422999999234966,-1.1253692649384274e-11,-1.0946799025836232e-11
75.54,2.3442999999234315,-1.1275604011003632e-11,-1.0964562594230235e-11
75.56,2.3462999999233665,-1.1297550899759771e-11,-1.0982326162624237e-11
75.58,2.3482999999233014,-1.1319533315652695e-11,-1.100008973101824e-11
75.6,2.3502999999232363,-1.134155125868241e-11,-1.1017853299412242e-11
75.62,2.3522999999231713,-1.1363604728848914e-11,-1.1035616867806245e-11
75.64,2.3542999999231062,-1.1385693726152201e-11,-1.1053380436200247e-11
75.66,2.356299999923041,-1.1407818250592274e-11,-1.107114400459425e-11
75.68,2.358299999922976,-1.1429978302169137e-11,-1.1088907572988252e-11
75.7,2.360299999922911,-1.145217388088279e-11,-1.1106671141382255e-11
75.72,2.362299999922846,-1.1474404986733222e-11,-1.1124434709776257e-11
75.74,2.364299999922781,-1.1496671619720442e-11,-1.114219827817026e-11
75.76,2.366299999922716,-1.1518973779844453e-11,-1.1159961846564262e-11
75.78,2.368299999922651,-1.1541311467105252e-11,-1.1177725414958265e-11
75.8,2.3702999999225858,-1.1563684681502832e-11,-1.1195488983352267e-11
75.82,2.3722999999225207,-1.1586093423037199e-11,-1.121325255174627e-11
75.84,2.3742999999224557,-1.160853769170836e-11,-1.1231016120140272e-11
75.86,2.3762999999223906,-1.1631017487516304e-11,-1.1248779688534275e-11
75.88,2.3782999999223255,-1.165353281046103e-11,-1.1266543256928277e-11
75.9,2.3802999999222605,-1.1676083660542546e-11,-1.128430682532228e-11
75.92,2.3822999999221954,-1.1698670037760855e-11,-1.1302070393716282e-11
75.94,2.3842999999221304,-1.1721291942115948e-11,-1.1319833962110285e-11
75.96,2.3862999999220653,-1.1743949373607822e-11,-1.1337597530504287e-11
75.98,2.3882999999220003,-1.1766642332236484e-11,-1.135536109889829e-11
76.0,2.390299999921935,-1.178937081800194e-11,-1.1373124667292292e-11
76.02,2.39229999992187,-1.1812134830904177e-11,-1.1390888235686295e-11
76.04,2.394299999921805,-1.1834934370943198e-11,-1.1408651804080297e-11
76.06,2.39629999992174,-1.185776943811901e-11,-1.14264153724743e-11
76.08,2.398299999921675,-1.1880640032431613e-11,-1.1444178940868302e-11
76.1,2.40029999992161,-1.1903546042858695e-11,-1.1461942509262305e-11
76.12,2.402299999921545,-1.1926487691444866e-11,-1.1479706077656307e-11
76.14,2.40429999992148,-1.1949464867167828e-11,-1.149746964605031e-11
76.16,2.4062999999214147,-1.1972477570027573e-11,-1.1515233214444313e-11
76.18,2.4082999999213497,-1.1995525800024106e-11,-1.1532996782838315e-11
76.2,2.4102999999212846,-1.2018609557157425e-11,-1.1550760351232318e-11
76.22,2.4122999999212196,-1.2041728841427532e-11,-1.156852391962632e-11
76.24,2.4142999999211545,-1.2064883652834426e-11,-1.1586287488020323e-11
76.26,2.4162999999210895,-1.2088073991378106e-11,-1.1604051056414325e-11
76.28,2.4182999999210244,-1.2111299857058574e-11,-1.1621814624808328e-11
76.3,2.4202999999209593,-1.2134561249875828e-11,-1.163957819320233e-11
76.32,2.4222999999208943,-1.215785816982987e-11,-1.1657341761596333e-11
76.34,2.4242999999208292,-1.2181190616920694e-11,-1.1675105329990335e-11
76.36,2.426299999920764,-1.2204558591148311e-11,-1.1692868898384338e-11
76.38,2.428299999920699,-1.2227962092512712e-11,-1.171063246677834e-11
76.4,2.430299999920634,-1.22514011210139e-11,-1.1728396035172343e-11
76.42,2.432299999920569,-1.2274875676651873e-11,-1.1746159603566345e-11
76.44,2.434299999920504,-1.2298385759426638e-11,-1.1763923171960348e-11
76.46,2.436299999920439,-1.2321931369338186e-11,-1.178168674035435e-11
76.48,2.438299999920374,-1.2345512506386522e-11,-1.1799450308748353e-11
76.5,2.4402999999203088,-1.236912917057164e-11,-1.1817213877142355e-11
76.52,2.4422999999202437,-1.2392781361893552e-11,-1.1834977445536358e-11
76.54,2.4442999999201787,-1.2416469080352247e-11,-1.185274101393036e-11
76.56,2.4462999999201136,-1.244019232594773e-11,-1.1870504582324363e-11
76.58,2.4482999999200485,-1.2463951098679999e-11,-1.1888268150718365e-11
76.6,2.4502999999199835,-1.2487745398549058e-11,-1.1906031719112368e-11
76.62,2.4522999999199184,-1.2511575225554902e-11,-1.192379528750637e-11
76.64,2.4542999999198534,-1.2535440579697531e-11,-1.1941558855900373e-11
76.66,2.4562999999197883,-1.2559341460976948e-11,-1.1959322424294375e-11
76.68,2.4582999999197233,-1.2583277869393153e-11,-1.1977085992688378e-11
76.7,2.460299999919658,-1.2607249804946144e-11,-1.199484956108238e-11
76.72,2.462299999919593,-1.263125726763592e-11,-1.2012613129476383e-11
76.74,2.464299999919528,-1.2655300257462485e-11,-1.2030376697870385e-11
76.76,2.466299999919463,-1.2679378774425837e-11,-1.2048140266264388e-11
76.78,2.468299999919398,-1.2703492818525977e-11,-1.206590383465839e-11
76.8,2.470299999919333,-1.2727642389762899e-11,-1.2083667403052393e-11
76.82,2.472299999919268,-1.2751827488136612e-11,-1.2101430971446395e-11
76.84,2.474299999919203,-1.2776048113647112e-11,-1.2119194539840398e-11
76.86,2.4762999999191377,-1.2800304266294397e-11,-1.21369581082344e-11
76.88,2.4782999999190727,-1.2824595946078467e-11,-1.2154721676628403e-11
76.9,2.4802999999190076,-1.284892315299933e-11,-1.2172485245022405e-11
76.92,2.4822999999189426,-1.2873285887056976e-11,-1.2190248813416408e-11
76.94,2.4842999999188775,-1.289768414825141e-11,-1.220801238181041e-11
76.96,2.4862999999188125,-1.2922117936582627e-11,-1.2225775950204413e-11
76.98,2.4882999999187474,-1.2946587252050636e-11,-1.2243539518598415e-11
77.0,2.4902999999186823,-1.297109209465543e-11,-1.2261303086992418e-11
77.02,2.4922999999186173,-1.2995632464397009e-11,-1.227906665538642e-11
77.04,2.4942999999185522,-1.3020208361275373e-11,-1.2296830223780423e-11
77.06,2.496299999918487,-1.3044819785290531e-11,-1.2314593792174425e-11
77.08,2.498299999918422,-1.3069466736442473e-11,-1.2332357360568428e-11
77.1,2.500299999918357,-1.3094149214731199e-11,-1.235012092896243e-11
77.12,2.502299999918292,-1.3118867220156712e-11,-1.2367884497356433e-11
77.14,2.504299999918227,-1.3143620752719016e-11,-1.2385648065750435e-11
77.16,2.506299999918162,-1.3168409812418105e-11,-1.2403411634144438e-11
77.18,2.508299999918097,-1.3193234399253976e-11,-1.242117520253844e-11
77.2,2.5102999999180318,-1.3218094513226638e-11,-1.2438938770932443e-11
77.22,2.5122999999179667,-1.324299015433609e-11,-1.2456702339326445e-11
77.24,2.5142999999179017,-1.3267921322582327e-11,-1.2474465907720448e-11
77.26,2.5162999999178366,-1.3292888017965347e-11,-1.249222947611445e-11
77.28,2.5182999999177715,-1.3317890240485157e-11,-1.2509993044508453e-11
77.3,2.5202999999177065,-1.3342927990141755e-11,-1.2527756612902455e-11
77.32,2.5222999999176414,-1.3368001266935138e-11,-1.2545520181296458e-11
77.34,2.5242999999175764,-1.3393110070865305e-11,-1.256328374969046e-11
77.36,2.5262999999175113,-1.3418254401932264e-11,-1.2581047318084463e-11
77.38,2.5282999999174463,-1.3443434260136009e-11,-1.2598810886478465e-11
77.4,2.530299999917381,-1.3468649645476539e-11,-1.2616574454872468e-11
77.42,2.532299999917316,-1.3493900557953855e-11,-1.263433802326647e-11
77.44,2.534299999917251,-1.3519186997567963e-11,-1.2652101591660473e-11
77.46,2.536299999917186,-1.3544508964318854e-11,-1.2669865160054475e-11
77.48,2.538299999917121,-1.356986645820653e-11,-1.2687628728448478e-11
77.5,2.540299999917056,-1.3595259479230993e-11,-1.270539229684248e-11
77.52,2.542299999916991,-1.3620688027392248e-11,-1.2723155865236483e-11
77.54,2.544299999916926,-1.3646152102690288e-11,-1.2740919433630485e-11
77.56,2.5462999999168607,-1.3671651705125111e-11,-1.2758683002024488e-11
77.58,2.5482999999167957,-1.3697186834696722e-11,-1.277644657041849e-11
77.6,2.5502999999167306,-1.3722757491405124e-11,-1.2794210138812493e-11
77.62,2.5522999999166656,-1.374836367525031e-11,-1.2811973707206495e-11
77.64,2.5542999999166005,-1.377400538623228e-11,-1.2829737275600498e-11
77.66,2.5562999999165354,-1.3799682624351038e-11,-1.28475008439945e-11
77.68,2.5582999999164704,-1.3825395389606589e-11,-1.2865264412388503e-11
77.7,2.5602999999164053,-1.3851143681998923e-11,-1.2883027980782505e-11
77.72,2.5622999999163403,-1.3876927501528042e-11,-1.2900791549176508e-11
77.74,2.564299999916275,-1.3902746848193949e-11,-1.291855511757051e-11
77.76,2.56629999991621,-1.3928601721996645e-11,-1.2936318685964513e-11
77.78,2.568299999916145,-1.3954492122936125e-11,-1.2954082254358515e-11
77.8,2.57029999991608,-1.398041805101239e-11,-1.2971845822752518e-11
77.82,2.572299999916015,-1.4006379506225446e-11,-1.298960939114652e-11
77.84,2.57429999991595,-1.4032376488575289e-11,-1.3007372959540523e-11
77.86,2.576299999915885,-1.4058408998061916e-11,-1.3025136527934525e-11
77.88,2.57829999991582,-1.408447703468533e-11,-1.3042900096328528e-11
77.9,2.5802999999157548,-1.4110580598445535e-11,-1.306066366472253e-11
77.92,2.5822999999156897,-1.4136719689342525e-11,-1.3078427233116533e-11
77.94,2.5842999999156246,-1.4162894307376297e-11,-1.3096190801510535e-11
77.96,2.5862999999155596,-1.4189104452546858e-11,-1.3113954369904538e-11
77.98,2.5882999999154945,-1.421535012485421e-11,-1.313171793829854e-11
78.0,2.5902999999154295,-1.4241631324298347e-11,-1.3149481506692543e-11
78.02,2.5922999999153644,-1.4267948050879268e-11,-1.3167245075086545e-11
78.04,2.5942999999152994,-1.4294300304596978e-11,-1.3185008643480548e-11
78.06,2.5962999999152343,-1.4320688085451476e-11,-1.320277221187455e-11
78.08,2.5982999999151692,-1.434711139344276e-11,-1.3220535780268553e-11
78.1,2.600299999915104,-1.4373570228570829e-11,-1.3238299348662555e-11
78.12,2.602299999915039,-1.4400064590835686e-11,-1.3256062917056558e-11
78.14,2.604299999914974,-1.4426594480237333e-11,-1.327382648545056e-11
78.16,2.606299999914909,-1.4453159896775764e-11,-1.3291590053844563e-11
78.18,2.608299999914844,-1.447976084045098e-11,-1.3309353622238565e-11
78.2,2.610299999914779,-1.4506397311262986e-11,-1.3327117190632568e-11
78.22,2.612299999914714,-1.453306930921178e-11,-1.334488075902657e-11
78.24,2.614299999914649,-1.455977683429736e-11,-1.3362644327420573e-11
78.26,2.6162999999145837,-1.4586519886519727e-11,-1.3380407895814575e-11
78.28,2.6182999999145187,-1.461329846587888e-11,-1.3398171464208578e-11
78.3,2.6202999999144536,-1.4640112572374818e-11,-1.341593503260258e-11
78.32,2.6222999999143886,-1.4666962206007545e-11,-1.3433698600996583e-11
78.34,2.6242999999143235,-1.469384736677706e-11,-1.3451462169390586e-11
78.36,2.6262999999142584,-1.4720768054683355e-11,-1.3469225737784588e-11
78.38,2.6282999999141934,-1.4747724269726442e-11,-1.348698930617859e-11
78.4,2.6302999999141283,-1.4774716011906315e-11,-1.3504752874572593e-11
78.42,2.6322999999140633,-1.4801743281222976e-11,-1.3522516442966596e-11
78.44,2.634299999913998,-1.4828806077676422e-11,-1.3540280011360598e-11
78.46,2.636299999913933,-1.4855904401266654e-11,-1.35580435797546e-11
78.48,2.638299999913868,-1.488303825199368e-11,-1.3575807148148603e-11
78.5,2.640299999913803,-1.4910207629857485e-11,-1.3593570716542606e-11
78.52,2.642299999913738,-1.4937412534858077e-11,-1.3611334284936608e-11
78.54,2.644299999913673,-1.4964652966995458e-11,-1.362909785333061e-11
78.56,2.646299999913608,-1.4991928926269628e-11,-1.3646861421724613e-11
78.58,2.648299999913543,-1.5019240412680583e-11,-1.3664624990118616e-11
78.6,2.6502999999134778,-1.5046587426228324e-11,-1.3682388558512618e-11
78.62,2.6522999999134127,-1.5073969966912853e-11,-1.370015212690662e-11
78.64,2.6542999999133476,-1.510138803473417e-11,-1.3717915695300623e-11
78.66,2.6562999999132826,-1.5128841629692272e-11,-1.3735679263694626e-11
78.68,2.6582999999132175,-1.5156330751787158e-11,-1.3753442832088628e-11
78.7,2.6602999999131525,-1.5183855401018837e-11,-1.377120640048263e-11
78.72,2.6622999999130874,-1.52114155773873e-11,-1.3788969968876633e-11
78.74,2.6642999999130224,-1.5239011280892546e-11,-1.3806733537270636e-11
78.76,2.6662999999129573,-1.5266642511534584e-11,-1.3824497105664638e-11
78.78,2.6682999999128922,-1.5294309269313408e-11,-1.384226067405864e-11
78.8,2.670299999912827,-1.5322011554229017e-11,-1.3860024242452643e-11
78.82,2.672299999912762,-1.5349749366281412e-11,-1.3877787810846646e-11
78.84,2.674299999912697,-1.5377522705470595e-11,-1.3895551379240648e-11
78.86,2.676299999912632,-1.5405331571796564e-11,-1.391331494763465e-11
78.88,2.678299999912567,-1.5433175965259322e-11,-1.3931078516028653e-11
78.9,2.680299999912502,-1.5461055885858866e-11,-1.3948842084422656e-11
78.92,2.682299999912437,-1.5488971333595198e-11,-1.3966605652816658e-11
78.94,2.684299999912372,-1.551692230846832e-11,-1.398436922121066e-11
78.96,2.6862999999123067,-1.5544908810478222e-11,-1.4002132789604663e-11
78.98,2.6882999999122417,-1.557293083962491e-11,-1.4019896357998666e-11
79.0,2.6902999999121766,-1.560098839590839e-11,-1.4037659926392668e-11
79.02,2.6922999999121116,-1.5629081479328658e-11,-1.405542349478667e-11
79.04,2.6942999999120465,-1.565721008988571e-11,-1.4073187063180673e-11
79.06,2.6962999999119814,-1.568537422757955e-11,-1.4090950631574676e-11
79.08,2.6982999999119164,-1.5713573892410177e-11,-1.4108714199968678e-11
79.1,2.7002999999118513,-1.5741809084377592e-11,-1.412647776836268e-11
79.12,2.7022999999117863,-1.577007980348179e-11,-1.4144241336756683e-11
79.14,2.704299999911721,-1.5798386049722775e-11,-1.4162004905150686e-11
79.16,2.706299999911656,-1.582672782310055e-11,-1.4179768473544688e-11
79.18,2.708299999911591,-1.585510512361511e-11,-1.419753204193869e-11
79.2,2.710299999911526,-1.5883517951266457e-11,-1.4215295610332693e-11
79.22,2.712299999911461,-1.591196630605459e-11,-1.4233059178726696e-11
79.24,2.714299999911396,-1.5940450187979515e-11,-1.4250822747120698e-11
79.26,2.716299999911331,-1.596896959704122e-11,-1.42685863155147e-11
79.28,2.718299999911266,-1.5997524533239715e-11,-1.4286349883908703e-11
79.3,2.7202999999112008,-1.6026114996574996e-11,-1.4304113452302706e-11
79.32,2.7222999999111357,-1.6054740987047065e-11,-1.4321877020696708e-11
79.34,2.7242999999110706,-1.608340250465592e-11,-1.433964058909071e-11
79.36,2.7262999999110056,-1.611209954940156e-11,-1.4357404157484713e-11
79.38,2.7282999999109405,-1.614083212128399e-11,-1.4375167725878716e-11
79.4,2.7302999999108755,-1.616960022030321e-11,-1.4392931294272718e-11
79.42,2.7322999999108104,-1.619840384645921e-11,-1.441069486266672e-11
79.44,2.7342999999107453,-1.6227242999751998e-11,-1.4428458431060723e-11
79.46,2.7362999999106803,-1.6256117680181575e-11,-1.4446221999454726e-11
79.48,2.7382999999106152,-1.6285027887747938e-11,-1.4463985567848728e-11
79.5,2.74029999991055,-1.6313973622451087e-11,-1.448174913624273e-11
79.52,2.742299999910485,-1.6342954884291024e-11,-1.4499512704636733e-11
79.54,2.74429999991042,-1.637197167326775e-11,-1.4517276273030736e-11
79.56,2.746299999910355,-1.640102398938126e-11,-1.4535039841424738e-11
79.58,2.74829999991029,-1.6430111832631556e-11,-1.455280340981874e-11
79.6,2.750299999910225,-1.645923520301864e-11,-1.4570566978212743e-11
79.62,2.75229999991016,-1.6488394100542514e-11,-1.4588330546606746e-11
79.64,2.7542999999100948,-1.6517588525203168e-11,-1.4606094115000748e-11
79.66,2.7562999999100297,-1.654681847700061e-11,-1.462385768339475e-11
79.68,2.7582999999099647,-1.6576083955934845e-11,-1.4641621251788753e-11
79.7,2.7602999999098996,-1.6605384962005866e-11,-1.4659384820182756e-11
79.72,2.7622999999098345,-1.6634721495213665e-11,-1.4677148388576758e-11
79.74,2.7642999999097695,-1.6664093555558256e-11,-1.469491195697076e-11
79.76,2.7662999999097044,-1.6693501143039636e-11,-1.4712675525364763e-11
79.78,2.7682999999096394,-1.6722944257657802e-11,-1.4730439093758766e-11
79.8,2.7702999999095743,-1.6752422899412753e-11,-1.4748202662152768e-11
79.82,2.7722999999095093,-1.678193706830449e-11,-1.476596623054677e-11
79.84,2.774299999909444,-1.681148676433302e-11,-1.4783729798940773e-11
79.86,2.776299999909379,-1.6841071987498337e-11,-1.4801493367334776e-11
79.88,2.778299999909314,-1.6870692737800433e-11,-1.4819256935728778e-11
79.9,2.780299999909249,-1.6900349015239322e-11,-1.483702050412278e-11
79.92,2.782299999909184,-1.6930040819814996e-11,-1.4854784072516783e-11
79.94,2.784299999909119,-1.695976815152746e-11,-1.4872547640910786e-11
79.96,2.786299999909054,-1.6989531010376704e-11,-1.4890311209304788e-11
79.98,2.788299999908989,-1.701932939636274e-11,-1.490807477769879e-11
80.0,2.7902999999089237,-1.7049163309485565e-11,-1.4925838346092793e-11
80.02,2.7922999999088587,-1.707903274974517e-11,-1.4943601914486796e-11
80.04,2.7942999999087936,-1.7108937717141564e-11,-1.49613654828808e-11
80.06,2.7962999999087286,-1.7138878211674747e-11,-1.49791290512748e-11
80.08,2.7982999999086635,-1.7168854233344718e-11,-1.4996892619668803e-11
80.1,2.8002999999085985,-1.719886578215147e-11,-1.5014656188062806e-11
80.12,2.8022999999085334,-1.7228912858095008e-11,-1.503241975645681e-11
80.14,2.8042999999084683,-1.725899546117534e-11,-1.505018332485081e-11
80.16,2.8062999999084033,-1.728911359139246e-11,-1.5067946893244813e-11
80.18,2.8082999999083382,-1.7319267248746356e-11,-1.5085710461638816e-11
80.2,2.810299999908273,-1.7349456433237047e-11,-1.510347403003282e-11
80.22,2.812299999908208,-1.7379681144864524e-11,-1.512123759842682e-11
80.24,2.814299999908143,-1.740994138362879e-11,-1.5139001166820823e-11
80.26,2.816299999908078,-1.7440237149529835e-11,-1.5156764735214826e-11
80.28,2.818299999908013,-1.747056844256767e-11,-1.517452830360883e-11
80.3,2.820299999907948,-1.75009352627423e-11,-1.519229187200283e-11
80.32,2.822299999907883,-1.753133761005371e-11,-1.5210055440396833e-11
80.34,2.8242999999078178,-1.7561775484501905e-11,-1.5227819008790836e-11
80.36,2.8262999999077527,-1.759224888608689e-11,-1.524558257718484e-11
80.38,2.8282999999076877,-1.7622757814808664e-11,-1.526334614557884e-11
80.4,2.8302999999076226,-1.765330227066722e-11,-1.5281109713972843e-11
80.42,2.8322999999075575,-1.7683882253662563e-11,-1.5298873282366846e-11
80.44,2.8342999999074925,-1.7714497763794694e-11,-1.531663685076085e-11
80.46,2.8362999999074274,-1.7745148801063616e-11,-1.533440041915485e-11
80.48,2.8382999999073624,-1.7775835365469318e-11,-1.5352163987548854e-11
80.5,2.8402999999072973,-1.780655745701181e-11,-1.5369927555942856e-11
80.52,2.8422999999072323,-1.7837315075691092e-11,-1.538769112433686e-11
80.54,2.844299999907167,-1.786810822150716e-11,-1.540545469273086e-11
80.56,2.846299999907102,-1.789893689446001e-11,-1.5423218261124864e-11
80.58,2.848299999907037,-1.792980109454965e-11,-1.5440981829518866e-11
80.6,2.850299999906972,-1.7960700821776078e-11,-1.545874539791287e-11
80.62,2.852299999906907,-1.7991636076139295e-11,-1.547650896630687e-11
80.64,2.854299999906842,-1.8022606857639288e-11,-1.5494272534700874e-11
80.66,2.856299999906777,-1.8053613166276076e-11,-1.5512036103094876e-11
80.68,2.858299999906712,-1.8084655002049653e-11,-1.552979967148888e-11
80.7,2.8602999999066467,-1.8115732364960018e-11,-1.554756323988288e-11
80.72,2.8622999999065817,-1.814684525500716e-11,-1.5565326808276884e-11
80.74,2.8642999999065166,-1.8177993672191093e-11,-1.5583090376670886e-11
80.76,2.8662999999064516,-1.820917761651182e-11,-1.560085394506489e-11
80.78,2.8682999999063865,-1.824039708796933e-11,-1.561861751345889e-11
80.8,2.8702999999063215,-1.827165208656362e-11,-1.5636381081852894e-11
80.82,2.8722999999062564,-1.8302942612294705e-11,-1.5654144650246896e-11
80.84,2.8742999999061913,-1.8334268665162576e-11,-1.56719082186409e-11
80.86,2.8762999999061263,-1.8365630245167233e-11,-1.56896717870349e-11
80.88,2.8782999999060612,-1.839702735230867e-11,-1.5707435355428904e-11
80.9,2.880299999905996,-1.8428459986586902e-11,-1.5725198923822906e-11
80.92,2.882299999905931,-1.8459928148001922e-11,-1.574296249221691e-11
80.94,2.884299999905866,-1.849143183655372e-11,-1.576072606061091e-11
80.96,2.886299999905801,-1.8522971052242308e-11,-1.5778489629004914e-11
80.98,2.888299999905736,-1.8554545795067687e-11,-1.5796253197398916e-11
81.0,2.890299999905671,-1.8586156065029855e-11,-1.581401676579292e-11
81.02,2.892299999905606,-1.86178018621288e-11,-1.583178033418692e-11
81.04,2.8942999999055408,-1.8649483186364536e-11,-1.5849543902580924e-11
81.06,2.8962999999054757,-1.868120003773706e-11,-1.5867307470974926e-11
81.08,2.8982999999054107,-1.8712952416246374e-11,-1.588507103936893e-11
81.1,2.9002999999053456,-1.8744740321892467e-11,-1.590283460776293e-11
81.12,2.9022999999052805,-1.877656375467535e-11,-1.5920598176156934e-11
81.14,2.9042999999052155,-1.8808422714595028e-11,-1.5938361744550936e-11
81.16,2.9062999999051504,-1.8840317201651487e-11,-1.595612531294494e-11
81.18,2.9082999999050854,-1.887224721584473e-11,-1.597388888133894e-11
81.2,2.9102999999050203,-1.8904212757174762e-11,-1.5991652449732944e-11
81.22,2.9122999999049552,-1.8936213825641584e-11,-1.6009416018126946e-11
81.24,2.91429999990489,-1.896825042124519e-11,-1.602717958652095e-11
81.26,2.916299999904825,-1.9000322543985576e-11,-1.604494315491495e-11
81.28,2.91829999990476,-1.9032430193862758e-11,-1.6062706723308954e-11
81.3,2.920299999904695,-1.906457337087673e-11,-1.6080470291702956e-11
81.32,2.92229999990463,-1.9096752075027482e-11,-1.609823386009696e-11
81.34,2.924299999904565,-1.9128966306315017e-11,-1.611599742849096e-11
81.36,2.9262999999045,-1.9161216064739345e-11,-1.6133760996884964e-11
81.38,2.928299999904435,-1.9193501350300464e-11,-1.6151524565278966e-11
81.4,2.9302999999043697,-1.922582216299836e-11,-1.616928813367297e-11
81.42,2.9322999999043047,-1.9258178502833044e-11,-1.618705170206697e-11
81.44,2.9342999999042396,-1.9290570369804523e-11,-1.6204815270460974e-11
81.46,2.9362999999041746,-1.9322997763912788e-11,-1.6222578838854976e-11
81.48,2.9382999999041095,-1.9355460685157832e-11,-1.624034240724898e-11
81.5,2.9402999999040444,-1.9387959133539665e-11,-1.625810597564298e-11
81.52,2.9422999999039794,-1.942049310905829e-11,-1.6275869544036984e-11
81.54,2.9442999999039143,-1.94530626117137e-11,-1.6293633112430986e-11
81.56,2.9462999999038493,-1.948566764150589e-11,-1.631139668082499e-11
81.58,2.948299999903784,-1.951830819843487e-11,-1.632916024921899e-11
81.6,2.950299999903719,-1.9550984282500644e-11,-1.6346923817612994e-11
81.62,2.952299999903654,-1.9583695893703203e-11,-1.6364687386006996e-11
81.64,2.954299999903589,-1.961644303204254e-11,-1.6382450954401e-11
81.66,2.956299999903524,-1.9649225697518672e-11,-1.6400214522795e-11
81.68,2.958299999903459,-1.968204389013159e-11,-1.6417978091189004e-11
81.7,2.960299999903394,-1.9714897609881295e-11,-1.6435741659583006e-11
81.72,2.962299999903329,-1.974778685676778e-11,-1.645350522797701e-11
81.74,2.9642999999032638,-1.9780711630791057e-11,-1.647126879637101e-11
81.76,2.9662999999031987,-1.9813671931951128e-11,-1.6489032364765014e-11
81.78,2.9682999999031336,-1.9846667760247975e-11,-1.6506795933159016e-11
81.8,2.9702999999030686,-1.987969911568161e-11,-1.652455950155302e-11
81.82,2.9722999999030035,-1.9912765998252038e-11,-1.654232306994702e-11
81.84,2.9742999999029385,-1.994586840795925e-11,-1.6560086638341024e-11
81.86,2.9762999999028734,-1.9979006344803246e-11,-1.6577850206735026e-11
81.88,2.9782999999028084,-2.0012179808784027e-11,-1.659561377512903e-11
81.9,2.9802999999027433,-2.0045388799901603e-11,-1.661337734352303e-11
81.92,2.9822999999026782,-2.0078633318155965e-11,-1.6631140911917034e-11
81.94,2.984299999902613,-2.0111913363547105e-11,-1.6648904480311036e-11
81.96,2.986299999902548,-2.0145228936075035e-11,-1.666666804870504e-11
81.98,2.988299999902483,-2.0178580035739756e-11,-1.668443161709904e-11
82.0,2.990299999902418,-2.0211966662541263e-11,-1.6702195185493044e-11
82.02,2.992299999902353,-2.024538881647955e-11,-1.6719958753887046e-11
82.04,2.994299999902288,-2.0278846497554628e-11,-1.673772232228105e-11
82.06,2.996299999902223,-2.03123397057665e-11,-1.675548589067505e-11
82.08,2.998299999902158,-2.0345868441115157e-11,-1.6773249459069054e-11
82.1,3.0002999999020927,-2.0379432703600595e-11,-1.6791013027463056e-11
82.12,3.0022999999020277,-2.0413032493222822e-11,-1.680877659585706e-11
82.14,3.0042999999019626,-2.044666780998184e-11,-1.682654016425106e-11
82.16,3.0062999999018976,-2.0480338653877642e-11,-1.6844303732645064e-11
82.18,3.0082999999018325,-2.0514045024910225e-11,-1.6862067301039066e-11
82.2,3.0102999999017674,-2.05477869230796e-11,-1.687983086943307e-11
82.22,3.0122999999017024,-2.0581564348385768e-11,-1.689759443782707e-11
82.24,3.0142999999016373,-2.0615377300828715e-11,-1.6915358006221074e-11
82.26,3.0162999999015723,-2.0649225780408447e-11,-1.6933121574615076e-11
82.28,3.018299999901507,-2.068310978712497e-11,-1.695088514300908e-11
82.3,3.020299999901442,-2.071702932097828e-11,-1.696864871140308e-11
82.32,3.022299999901377,-2.0750984381968376e-11,-1.6986412279797084e-11
82.34,3.024299999901312,-2.0784974970095254e-11,-1.7004175848191086e-11
82.36,3.026299999901247,-2.0819001085358926e-11,-1.702193941658509e-11
82.38,3.028299999901182,-2.0853062727759388e-11,-1.703970298497909e-11
82.4,3.030299999901117,-2.0887159897296626e-11,-1.7057466553373094e-11
82.42,3.032299999901052,-2.0921292593970655e-11,-1.7075230121767096e-11
82.44,3.0342999999009868,-2.0955460817781476e-11,-1.70929936901611e-11
82.46,3.0362999999009217,-2.098966456872908e-11,-1.71107572585551e-11
82.48,3.0382999999008566,-2.1023903846813466e-11,-1.7128520826949104e-11
82.5,3.0402999999007916,-2.105817865203464e-11,-1.7146284395343106e-11
82.52,3.0422999999007265,-2.109248898439261e-11,-1.716404796373711e-11
82.54,3.0442999999006615,-2.1126834843887364e-11,-1.718181153213111e-11
82.56,3.0462999999005964,-2.11612162305189e-11,-1.7199575100525114e-11
82.58,3.0482999999005314,-2.1195633144287222e-11,-1.7217338668919116e-11
82.6,3.0502999999004663,-2.1230085585192334e-11,-1.723510223731312e-11
82.62,3.0522999999004012,-2.1264573553234236e-11,-1.725286580570712e-11
82.64,3.054299999900336,-2.1299097048412916e-11,-1.7270629374101124e-11
82.66,3.056299999900271,-2.1333656070728388e-11,-1.7288392942495127e-11
82.68,3.058299999900206,-2.136825062018065e-11,-1.730615651088913e-11
82.7,3.060299999900141,-2.1402880696769692e-11,-1.732392007928313e-11
82.72,3.062299999900076,-2.1437546300495524e-11,-1.7341683647677134e-11
82.74,3.064299999900011,-2.1472247431358145e-11,-1.7359447216071137e-11
82.76,3.066299999899946,-2.1506984089357552e-11,-1.737721078446514e-11
82.78,3.068299999899881,-2.1541756274493744e-11,-1.739497435285914e-11
82.8,3.0702999998998157,-2.157656398676672e-11,-1.7412737921253144e-11
82.82,3.0722999998997507,-2.161140722617649e-11,-1.7430501489647147e-11
82.84,3.0742999998996856,-2.164628599272305e-11,-1.744826505804115e-11
82.86,3.0762999998996206,-2.1681200286406386e-11,-1.746602862643515e-11
82.88,3.0782999998995555,-2.1716150107226513e-11,-1.7483792194829154e-11
82.9,3.0802999998994904,-2.175113545518343e-11,-1.7501555763223157e-11
82.92,3.0822999998994254,-2.178615633027713e-11,-1.751931933161716e-11
82.94,3.0842999998993603,-2.1821212732507617e-11,-1.753708290001116e-11
82.96,3.0862999998992953,-2.185630466187489e-11,-1.7554846468405164e-11
82.98,3.08829999989923,-2.1891432118378956e-11,-1.7572610036799167e-11
83.0,3.090299999899165,-2.1926595102019805e-11,-1.759037360519317e-11
83.02,3.0922999998991,-2.1961793612797436e-11,-1.760813717358717e-11
83.04,3.094299999899035,-2.199702765071186e-11,-1.7625900741981174e-11
83.06,3.09629999989897,-2.2032297215763072e-11,-1.7643664310375177e-11
83.08,3.098299999898905,-2.206760230795107e-11,-1.766142787876918e-11
83.1,3.10029999989884,-2.210294292727585e-11,-1.767919144716318e-11
83.12,3.102299999898775,-2.213831907373742e-11,-1.7696955015557184e-11
83.14,3.1042999998987097,-2.217373074733578e-11,-1.7714718583951187e-11
83.16,3.1062999998986447,-2.2209177948070923e-11,-1.773248215234519e-11
83.18,3.1082999998985796,-2.2244660675942852e-11,-1.7750245720739192e-11
83.2,3.1102999998985146,-2.228017893095157e-11,-1.7768009289133194e-11
83.22,3.1122999998984495,-2.2315732713097073e-11,-1.7785772857527197e-11
83.24,3.1142999998983845,-2.2351322022379365e-11,-1.78035364259212e-11
83.26,3.1162999998983194,-2.238694685879844e-11,-1.7821299994315202e-11
83.28,3.1182999998982543,-2.2422607222354305e-11,-1.7839063562709204e-11
83.3,3.1202999998981893,-2.2458303113046957e-11,-1.7856827131103207e-11
83.32,3.1222999998981242,-2.249403453087639e-11,-1.787459069949721e-11
83.34,3.124299999898059,-2.2529801475842617e-11,-1.7892354267891212e-11
83.36,3.126299999897994,-2.256560394794563e-11,-1.7910117836285214e-11
83.38,3.128299999897929,-2.260144194718543e-11,-1.7927881404679217e-11
83.4,3.130299999897864,-2.2637315473562012e-11,-1.794564497307322e-11
83.42,3.132299999897799,-2.2673224527075384e-11,-1.7963408541467222e-11
83.44,3.134299999897734,-2.2709169107725544e-11,-1.7981172109861224e-11
83.46,3.136299999897669,-2.2745149215512493e-11,-1.7998935678255227e-11
83.48,3.1382999998976038,-2.278116485043622e-11,-1.801669924664923e-11
83.5,3.1402999998975387,-2.281721601249674e-11,-1.8034462815043232e-11
83.52,3.1422999998974737,-2.2853302701694047e-11,-1.8052226383437234e-11
83.54,3.1442999998974086,-2.2889424918028142e-11,-1.8069989951831237e-11
83.56,3.1462999998973435,-2.2925582661499022e-11,-1.808775352022524e-11
83.58,3.1482999998972785,-2.2961775932106687e-11,-1.8105517088619242e-11
83.6,3.1502999998972134,-2.2998004729851145e-11,-1.8123280657013244e-11
83.62,3.1522999998971484,-2.3034269054732385e-11,-1.8141044225407247e-11
83.64,3.1542999998970833,-2.307056890675041e-11,-1.815880779380125e-11
83.66,3.1562999998970183,-2.3106904285905228e-11,-1.8176571362195252e-11
83.68,3.158299999896953,-2.314327519219683e-11,-1.8194334930589254e-11
83.7,3.160299999896888,-2.317968162562522e-11,-1.8212098498983257e-11
83.72,3.162299999896823,-2.3216123586190394e-11,-1.822986206737726e-11
83.74,3.164299999896758,-2.3252601073892357e-11,-1.8247625635771262e-11
83.76,3.166299999896693,-2.328911408873111e-11,-1.8265389204165264e-11
83.78,3.168299999896628,-2.332566263070664e-11,-1.8283152772559267e-11
83.8,3.170299999896563,-2.3362246699818962e-11,-1.830091634095327e-11
83.82,3.172299999896498,-2.339886629606807e-11,-1.8318679909347272e-11
83.84,3.1742999998964327,-2.3435521419453968e-11,-1.8336443477741274e-11
83.86,3.1762999998963677,-2.347221206997665e-11,-1.8354207046135277e-11
83.88,3.1782999998963026,-2.350893824763612e-11,-1.837197061452928e-11
83.9,3.1802999998962376,-2.3545699952432376e-11,-1.8389734182923282e-11
83.92,3.1822999998961725,-2.3582497184365422e-11,-1.8407497751317284e-11
83.94,3.1842999998961075,-2.361932994343525e-11,-1.8425261319711287e-11
83.96,3.1862999998960424,-2.3656198229641867e-11,-1.844302488810529e-11
83.98,3.1882999998959773,-2.369310204298527e-11,-1.8460788456499292e-11
84.0,3.1902999998959123,-2.3730041383465464e-11,-1.8478552024893294e-11
84.02,3.1922999998958472,-2.376701625108244e-11,-1.8496315593287297e-11
84.04,3.194299999895782,-2.3804026645836206e-11,-1.85140791616813e-11
84.06,3.196299999895717,-2.3841072567726757e-11,-1.8531842730075302e-11
84.08,3.198299999895652,-2.3878154016754097e-11,-1.8549606298469304e-11
84.1,3.200299999895588,-2.391527065985132e-11,-1.8565149420814057e-11
84.12,3.20229999989553,-2.3952400070513365e-11,-1.8565149420814057e-11
84.14,3.204299999895472,-2.398952948117541e-11,-1.8565149420814057e-11
84.16,3.206299999895414,-2.4026658891837456e-11,-1.8565149420814057e-11
84.18,3.208299999895356,-2.4063788302499502e-11,-1.8565149420814057e-11
84.2,3.210299999895298,-2.4100917713161548e-11,-1.8565149420814057e-11
84.22,3.21229999989524,-2.4138047123823594e-11,-1.8565149420814057e-11
84.24,3.2142999998951822,-2.417517653448564e-11,-1.8565149420814057e-11
84.26,3.2162999998951243,-2.4212305945147685e-11,-1.8565149420814057e-11
84.28,3.2182999998950663,-2.424943535580973e-11,-1.8565149420814057e-11
84.3,3.2202999998950084,-2.4286564766471777e-11,-1.8565149420814057e-11
84.32,3.2222999998949504,-2.4323694177133823e-11,-1.8565149420814057e-11
84.34,3.2242999998948925,-2.436082358779587e-11,-1.8565149420814057e-11
84.36,3.2262999998948345,-2.4397952998457914e-11,-1.8565149420814057e-11
84.38,3.2282999998947766,-2.443508240911996e-11,-1.8565149420814057e-11
84.4,3.2302999998947186,-2.4472211819782006e-11,-1.8565149420814057e-11
84.42,3.2322999998946607,-2.4509341230444052e-11,-1.8565149420814057e-11
84.44,3.2342999998946027,-2.4546470641106098e-11,-1.8565149420814057e-11
84.46,3.2362999998945448,-2.4583600051768143e-11,-1.8565149420814057e-11
84.48,3.238299999894487,-2.462072946243019e-11,-1.8565149420814057e-11
84.5,3.240299999894429,-2.4657858873092235e-11,-1.8565149420814057e-11
84.52,3.242299999894371,-2.469498828375428e-11,-1.8565149420814057e-11
84.54,3.244299999894313,-2.4732117694416327e-11,-1.8565149420814057e-11
84.56,3.246299999894255,-2.4769247105078372e-11,-1.8565149420814057e-11
84.58,3.248299999894197,-2.4806376515740418e-11,-1.8565149420814057e-11
84.6,3.250299999894139,-2.4843505926402464e-11,-1.8565149420814057e-11
84.62,3.252299999894081,-2.488063533706451e-11,-1.8565149420814057e-11
84.64,3.254299999894023,-2.4917764747726556e-11,-1.8565149420814057e-11
84.66,3.2562999998939652,-2.49548941583886e-11,-1.8565149420814057e-11
84.68,3.2582999998939073,-2.4992023569050647e-11,-1.8565149420814057e-11
84.7,3.2602999998938493,-2.5029152979712693e-11,-1.8565149420814057e-11
84.72,3.2622999998937914,-2.506628239037474e-11,-1.8565149420814057e-11
84.74,3.2642999998937334,-2.5103411801036785e-11,-1.8565149420814057e-11
84.76,3.2662999998936755,-2.514054121169883e-11,-1.8565149420814057e-11
84.78,3.2682999998936175,-2.5177670622360876e-11,-1.8565149420814057e-11
84.8,3.2702999998935596,-2.5214800033022922e-11,-1.8565149420814057e-11
84.82,3.2722999998935016,-2.5251929443684968e-11,-1.8565149420814057e-11
84.84,3.2742999998934437,-2.5289058854347014e-11,-1.8565149420814057e-11
84.86,3.2762999998933857,-2.532618826500906e-11,-1.8565149420814057e-11
84.88,3.2782999998933278,-2.5363317675671105e-11,-1.8565149420814057e-11
84.9,3.28029999989327,-2.540044708633315e-11,-1.8565149420814057e-11
84.92,3.282299999893212,-2.5437576496995197e-11,-1.8565149420814057e-11
84.94,3.284299999893154,-2.5474705907657243e-11,-1.8565149420814057e-11
84.96,3.286299999893096,-2.551183531831929e-11,-1.8565149420814057e-11
84.98,3.288299999893038,-2.5548964728981334e-11,-1.8565149420814057e-11
85.0,3.29029999989298,-2.558609413964338e-11,-1.8565149420814057e-11
85.02,3.292299999892922,-2.5623223550305426e-11,-1.8565149420814057e-11
85.04,3.294299999892864,-2.5660352960967472e-11,-1.8565149420814057e-11
85.06,3.296299999892806,-2.5697482371629518e-11,-1.8565149420814057e-11
85.08,3.2982999998927482,-2.5734611782291563e-11,-1.8565149420814057e-11
85.1,3.3002999998926903,-2.577174119295361e-11,-1.8565149420814057e-11
85.12,3.3022999998926323,-2.5808870603615655e-11,-1.8565149420814057e-11
85.14,3.3042999998925744,-2.58460000142777e-11,-1.8565149420814057e-11
85.16,3.3062999998925164,-2.5883129424939747e-11,-1.8565149420814057e-11
85.18,3.3082999998924585,-2.5920258835601792e-11,-1.8565149420814057e-11
85.2,3.3102999998924005,-2.5957388246263838e-11,-1.8565149420814057e-11
85.22,3.3122999998923426,-2.5994517656925884e-11,-1.8565149420814057e-11
85.24,3.3142999998922846,-2.603164706758793e-11,-1.8565149420814057e-11
85.26,3.3162999998922267,-2.6068776478249976e-11,-1.8565149420814057e-11
85.28,3.3182999998921687,-2.610590588891202e-11,-1.8565149420814057e-11
85.3,3.3202999998921108,-2.6143035299574067e-11,-1.8565149420814057e-11
85.32,3.322299999892053,-2.6180164710236113e-11,-1.8565149420814057e-11
85.34,3.324299999891995,-2.621729412089816e-11,-1.8565149420814057e-11
85.36,3.326299999891937,-2.6254423531560205e-11,-1.8565149420814057e-11
85.38,3.328299999891879,-2.629155294222225e-11,-1.8565149420814057e-11
85.4,3.330299999891821,-2.6328682352884296e-11,-1.8565149420814057e-11
85.42,3.332299999891763,-2.6365811763546342e-11,-1.8565149420814057e-11
85.44,3.334299999891705,-2.6402941174208388e-11,-1.8565149420814057e-11
85.46,3.336299999891647,-2.6440070584870434e-11,-1.8565149420814057e-11
85.48,3.338299999891589,-2.647719999553248e-11,-1.8565149420814057e-11
85.5,3.3402999998915313,-2.6514329406194525e-11,-1.8565149420814057e-11
85.52,3.3422999998914733,-2.655145881685657e-11,-1.8565149420814057e-11
85.54,3.3442999998914154,-2.6588588227518617e-11,-1.8565149420814057e-11
85.56,3.3462999998913574,-2.6625717638180663e-11,-1.8565149420814057e-11
85.58,3.3482999998912994,-2.666284704884271e-11,-1.8565149420814057e-11
85.6,3.3502999998912415,-2.6699976459504754e-11,-1.8565149420814057e-11
85.62,3.3522999998911835,-2.67371058701668e-11,-1.8565149420814057e-11
85.64,3.3542999998911256,-2.6774235280828846e-11,-1.8565149420814057e-11
85.66,3.3562999998910676,-2.6811364691490892e-11,-1.8565149420814057e-11
85.68,3.3582999998910097,-2.6848494102152937e-11,-1.8565149420814057e-11
85.7,3.3602999998909517,-2.6885623512814983e-11,-1.8565149420814057e-11
85.72,3.362299999890894,-2.692275292347703e-11,-1.8565149420814057e-11
85.74,3.364299999890836,-2.6959882334139075e-11,-1.8565149420814057e-11
85.76,3.366299999890778,-2.699701174480112e-11,-1.8565149420814057e-11
85.78,3.36829999989072,-2.7034141155463166e-11,-1.8565149420814057e-11
85.8,3.370299999890662,-2.7071270566125212e-11,-1.8565149420814057e-11
85.82,3.372299999890604,-2.7108399976787258e-11,-1.8565149420814057e-11
85.84,3.374299999890546,-2.7145529387449304e-11,-1.8565149420814057e-11
85.86,3.376299999890488,-2.718265879811135e-11,-1.8565149420814057e-11
85.88,3.37829999989043,-2.7219788208773395e-11,-1.8565149420814057e-11
85.9,3.380299999890372,-2.725691761943544e-11,-1.8565149420814057e-11
85.92,3.3822999998903143,-2.7294047030097487e-11,-1.8565149420814057e-11
85.94,3.3842999998902563,-2.7331176440759533e-11,-1.8565149420814057e-11
85.96,3.3862999998901984,-2.736830585142158e-11,-1.8565149420814057e-11
85.98,3.3882999998901404,-2.7405435262083625e-11,-1.8565149420814057e-11
86.0,3.3902999998900825,-2.744256467274567e-11,-1.8565149420814057e-11
86.02,3.3922999998900245,-2.7479694083407716e-11,-1.8565149420814057e-11
86.04,3.3942999998899666,-2.7516823494069762e-11,-1.8565149420814057e-11
86.06,3.3962999998899086,-2.7553952904731808e-11,-1.8565149420814057e-11
86.08,3.3982999998898507,-2.7591082315393854e-11,-1.8565149420814057e-11
86.1,3.4002999998897927,-2.76282117260559e-11,-1.8565149420814057e-11
86.12,3.4022999998897347,-2.7665341136717945e-11,-1.8565149420814057e-11
86.14,3.404299999889677,-2.770247054737999e-11,-1.8565149420814057e-11
86.16,3.406299999889619,-2.7739599958042037e-11,-1.8565149420814057e-11
86.18,3.408299999889561,-2.7776729368704083e-11,-1.8565149420814057e-11
86.2,3.410299999889503,-2.7813858779366128e-11,-1.8565149420814057e-11
86.22,3.412299999889445,-2.7850988190028174e-11,-1.8565149420814057e-11
86.24,3.414299999889387,-2.788811760069022e-11,-1.8565149420814057e-11
86.26,3.416299999889329,-2.7925247011352266e-11,-1.8565149420814057e-11
86.28,3.418299999889271,-2.796237642201431e-11,-1.8565149420814057e-11
86.3,3.420299999889213,-2.7999505832676357e-11,-1.8565149420814057e-11
86.32,3.4222999998891552,-2.8036635243338403e-11,-1.8565149420814057e-11
86.34,3.4242999998890973,-2.807376465400045e-11,-1.8565149420814057e-11
86.36,3.4262999998890393,-2.8110894064662495e-11,-1.8565149420814057e-11
86.38,3.4282999998889814,-2.814802347532454e-11,-1.8565149420814057e-11
86.4,3.4302999998889234,-2.8185152885986586e-11,-1.8565149420814057e-11
86.42,3.4322999998888655,-2.8222282296648632e-11,-1.8565149420814057e-11
86.44,3.4342999998888075,-2.8259411707310678e-11,-1.8565149420814057e-11
86.46,3.4362999998887496,-2.8296541117972724e-11,-1.8565149420814057e-11
86.48,3.4382999998886916,-2.833367052863477e-11,-1.8565149420814057e-11
86.5,3.4402999998886337,-2.8370799939296815e-11,-1.8565149420814057e-11
86.52,3.4422999998885757,-2.840792934995886e-11,-1.8565149420814057e-11
86.54,3.4442999998885178,-2.8445058760620907e-11,-1.8565149420814057e-11
86.56,3.44629999988846,-2.8482188171282953e-11,-1.8565149420814057e-11
86.58,3.448299999888402,-2.8519317581945e-11,-1.8565149420814057e-11
86.6,3.450299999888344,-2.8556446992607044e-11,-1.8565149420814057e-11
86.62,3.452299999888286,-2.859357640326909e-11,-1.8565149420814057e-11
86.64,3.454299999888228,-2.8630705813931136e-11,-1.8565149420814057e-11
86.66,3.45629999988817,-2.8667835224593182e-11,-1.8565149420814057e-11
86.68,3.458299999888112,-2.8704964635255228e-11,-1.8565149420814057e-11
86.7,3.460299999888054,-2.8742094045917273e-11,-1.8565149420814057e-11
86.72,3.462299999887996,-2.877922345657932e-11,-1.8565149420814057e-11
86.74,3.4642999998879382,-2.8816352867241365e-11,-1.8565149420814057e-11
86.76,3.4662999998878803,-2.885348227790341e-11,-1.8565149420814057e-11
86.78,3.4682999998878223,-2.8890611688565457e-11,-1.8565149420814057e-11
86.8,3.4702999998877644,-2.8927741099227502e-11,-1.8565149420814057e-11
86.82,3.4722999998877064,-2.8964870509889548e-11,-1.8565149420814057e-11
86.84,3.4742999998876485,-2.9001999920551594e-11,-1.8565149420814057e-11
86.86,3.4762999998875905,-2.903912933121364e-11,-1.8565149420814057e-11
86.88,3.4782999998875326,-2.9076258741875686e-11,-1.8565149420814057e-11
86.9,3.4802999998874746,-2.911338815253773e-11,-1.8565149420814057e-11
86.92,3.4822999998874167,-2.915051756319976e-11,-1.8565149420814057e-11
86.94,3.4842999998873587,-2.9187646973861794e-11,-1.8565149420814057e-11
86.96,3.4862999998873008,-2.922477638452383e-11,-1.8565149420814057e-11
86.98,3.488299999887243,-2.926190579518586e-11,-1.8565149420814057e-11
87.0,3.490299999887185,-2.929903520584789e-11,-1.8565149420814057e-11
87.02,3.492299999887127,-2.9336164616509926e-11,-1.8565149420814057e-11
87.04,3.494299999887069,-2.937329402717196e-11,-1.8565149420814057e-11
87.06,3.496299999887011,-2.941042343783399e-11,-1.8565149420814057e-11
87.08,3.498299999886953,-2.9447552848496024e-11,-1.8565149420814057e-11
87.1,3.500299999886895,-2.948468225915806e-11,-1.8565149420814057e-11
87.12,3.502299999886837,-2.952181166982009e-11,-1.8565149420814057e-11
87.14,3.504299999886779,-2.955894108048212e-11,-1.8565149420814057e-11
87.16,3.5062999998867213,-2.9596070491144156e-11,-1.8565149420814057e-11
87.18,3.5082999998866633,-2.963319990180619e-11,-1.8565149420814057e-11
87.2,3.5102999998866053,-2.967032931246822e-11,-1.8565149420814057e-11
87.22,3.5122999998865474,-2.9707458723130254e-11,-1.8565149420814057e-11
87.24,3.5142999998864894,-2.974458813379229e-11,-1.8565149420814057e-11
87.26,3.5162999998864315,-2.978171754445432e-11,-1.8565149420814057e-11
87.28,3.5182999998863735,-2.981884695511635e-11,-1.8565149420814057e-11
87.3,3.5202999998863156,-2.9855976365778386e-11,-1.8565149420814057e-11
87.32,3.5222999998862576,-2.989310577644042e-11,-1.8565149420814057e-11
87.34,3.5242999998861997,-2.993023518710245e-11,-1.8565149420814057e-11
87.36,3.5262999998861417,-2.9967364597764484e-11,-1.8565149420814057e-11
87.38,3.528299999886084,-3.000449400842652e-11,-1.8565149420814057e-11
87.4,3.530299999886026,-3.004162341908855e-11,-1.8565149420814057e-11
87.42,3.532299999885968,-3.007875282975058e-11,-1.8565149420814057e-11
87.44,3.53429999988591,-3.0115882240412616e-11,-1.8565149420814057e-11
87.46,3.536299999885852,-3.015301165107465e-11,-1.8565149420814057e-11
87.48,3.538299999885794,-3.019014106173668e-11,-1.8565149420814057e-11
87.5,3.540299999885736,-3.0227270472398715e-11,-1.8565149420814057e-11
87.52,3.542299999885678,-3.026439988306075e-11,-1.8565149420814057e-11
87.54,3.54429999988562,-3.030152929372278e-11,-1.8565149420814057e-11
87.56,3.546299999885562,-3.0338658704384813e-11,-1.8565149420814057e-11
87.58,3.5482999998855043,-3.0375788115046846e-11,-1.8565149420814057e-11
87.6,3.5502999998854463,-3.041291752570888e-11,-1.8565149420814057e-11
87.62,3.5522999998853884,-3.045004693637091e-11,-1.8565149420814057e-11
87.64,3.5542999998853304,-3.0487176347032945e-11,-1.8565149420814057e-11
87.66,3.5562999998852725,-3.052430575769498e-11,-1.8565149420814057e-11
87.68,3.5582999998852145,-3.056143516835701e-11,-1.8565149420814057e-11
87.7,3.5602999998851566,-3.0598564579019043e-11,-1.8565149420814057e-11
87.72,3.5622999998850986,-3.0635693989681076e-11,-1.8565149420814057e-11
87.74,3.5642999998850406,-3.067282340034311e-11,-1.8565149420814057e-11
87.76,3.5662999998849827,-3.070995281100514e-11,-1.8565149420814057e-11
87.78,3.5682999998849247,-3.0747082221667175e-11,-1.8565149420814057e-11
87.8,3.570299999884867,-3.078421163232921e-11,-1.8565149420814057e-11
87.82,3.572299999884809,-3.082134104299124e-11,-1.8565149420814057e-11
87.84,3.574299999884751,-3.0858470453653274e-11,-1.8565149420814057e-11
87.86,3.576299999884693,-3.0895599864315306e-11,-1.8565149420814057e-11
87.88,3.578299999884635,-3.093272927497734e-11,-1.8565149420814057e-11
87.9,3.580299999884577,-3.096985868563937e-11,-1.8565149420814057e-11
87.92,3.582299999884519,-3.1006988096301405e-11,-1.8565149420814057e-11
87.94,3.584299999884461,-3.104411750696344e-11,-1.8565149420814057e-11
87.96,3.586299999884403,-3.108124691762547e-11,-1.8565149420814057e-11
87.98,3.5882999998843452,-3.1118376328287504e-11,-1.8565149420814057e-11
88.0,3.5902999998842873,-3.1155505738949537e-11,-1.8565149420814057e-11
88.02,3.5922999998842293,-3.119263514961157e-11,-1.8565149420814057e-11
88.04,3.5942999998841714,-3.12297645602736e-11,-1.8565149420814057e-11
88.06,3.5962999998841134,-3.1266893970935635e-11,-1.8565149420814057e-11
88.08,3.5982999998840555,-3.130402338159767e-11,-1.8565149420814057e-11
88.1,3.6002999998839975,-3.13411527922597e-11,-1.8565149420814057e-11
88.12,3.6022999998839396,-3.1378282202921734e-11,-1.8565149420814057e-11
88.14,3.6042999998838816,-3.141541161358377e-11,-1.8565149420814057e-11
88.16,3.6062999998838237,-3.14525410242458e-11,-1.8565149420814057e-11
88.18,3.6082999998837657,-3.148967043490783e-11,-1.8565149420814057e-11
88.2,3.6102999998837078,-3.1526799845569865e-11,-1.8565149420814057e-11
88.22,3.61229999988365,-3.15639292562319e-11,-1.8565149420814057e-11
88.24,3.614299999883592,-3.160105866689393e-11,-1.8565149420814057e-11
88.26,3.616299999883534,-3.1638188077555964e-11,-1.8565149420814057e-11
88.28,3.618299999883476,-3.1675317488218e-11,-1.8565149420814057e-11
88.3,3.620299999883418,-3.171244689888003e-11,-1.8565149420814057e-11
88.32,3.62229999988336,-3.174957630954206e-11,-1.8565149420814057e-11
88.34,3.624299999883302,-3.1786705720204096e-11,-1.8565149420814057e-11
88.36,3.626299999883244,-3.182383513086613e-11,-1.8565149420814057e-11
88.38,3.628299999883186,-3.186096454152816e-11,-1.8565149420814057e-11
88.4,3.6302999998831282,-3.1898093952190194e-11,-1.8565149420814057e-11
88.42,3.6322999998830703,-3.193522336285223e-11,-1.8565149420814057e-11
88.44,3.6342999998830123,-3.197235277351426e-11,-1.8565149420814057e-11
88.46,3.6362999998829544,-3.200948218417629e-11,-1.8565149420814057e-11
88.48,3.6382999998828964,-3.2046611594838326e-11,-1.8565149420814057e-11
88.5,3.6402999998828385,-3.208374100550036e-11,-1.8565149420814057e-11
88.52,3.6422999998827805,-3.212087041616239e-11,-1.8565149420814057e-11
88.54,3.6442999998827226,-3.2157999826824424e-11,-1.8565149420814057e-11
88.56,3.6462999998826646,-3.219512923748646e-11,-1.8565149420814057e-11
88.58,3.6482999998826067,-3.223225864814849e-11,-1.8565149420814057e-11
88.6,3.6502999998825487,-3.226938805881052e-11,-1.8565149420814057e-11
88.62,3.6522999998824908,-3.2306517469472556e-11,-1.8565149420814057e-11
88.64,3.654299999882433,-3.234364688013459e-11,-1.8565149420814057e-11
88.66,3.656299999882375,-3.238077629079662e-11,-1.8565149420814057e-11
88.68,3.658299999882317,-3.2417905701458655e-11,-1.8565149420814057e-11
88.7,3.660299999882259,-3.245503511212069e-11,-1.8565149420814057e-11
88.72,3.662299999882201,-3.249216452278272e-11,-1.8565149420814057e-11
88.74,3.664299999882143,-3.252929393344475e-11,-1.8565149420814057e-11
88.76,3.666299999882085,-3.2566423344106786e-11,-1.8565149420814057e-11
88.78,3.668299999882027,-3.260355275476882e-11,-1.8565149420814057e-11
88.8,3.670299999881969,-3.264068216543085e-11,-1.8565149420814057e-11
88.82,3.6722999998819112,-3.2677811576092885e-11,-1.8565149420814057e-11
88.84,3.6742999998818533,-3.271494098675492e-11,-1.8565149420814057e-11
88.86,3.6762999998817953,-3.275207039741695e-11,-1.8565149420814057e-11
88.88,3.6782999998817374,-3.2789199808078983e-11,-1.8565149420814057e-11
88.9,3.6802999998816794,-3.2826329218741016e-11,-1.8565149420814057e-11
88.92,3.6822999998816215,-3.286345862940305e-11,-1.8565149420814057e-11
88.94,3.6842999998815635,-3.290058804006508e-11,-1.8565149420814057e-11
88.96,3.6862999998815056,-3.2937717450727115e-11,-1.8565149420814057e-11
88.98,3.6882999998814476,-3.297484686138915e-11,-1.8565149420814057e-11
89.0,3.6902999998813897,-3.301197627205118e-11,-1.8565149420814057e-11
89.02,3.6922999998813317,-3.3049105682713213e-11,-1.8565149420814057e-11
89.04,3.6942999998812738,-3.3086235093375246e-11,-1.8565149420814057e-11
89.06,3.696299999881216,-3.312336450403728e-11,-1.8565149420814057e-11
89.08,3.698299999881158,-3.316049391469931e-11,-1.8565149420814057e-11
89.1,3.7002999998811,-3.3197623325361345e-11,-1.8565149420814057e-11
89.12,3.702299999881042,-3.323475273602338e-11,-1.8565149420814057e-11
89.14,3.704299999880984,-3.327188214668541e-11,-1.8565149420814057e-11
89.16,3.706299999880926,-3.3309011557347444e-11,-1.8565149420814057e-11
89.18,3.708299999880868,-3.3346140968009477e-11,-1.8565149420814057e-11
89.2,3.71029999988081,-3.338327037867151e-11,-1.8565149420814057e-11
89.22,3.712299999880752,-3.342039978933354e-11,-1.8565149420814057e-11
89.24,3.7142999998806943,-3.3457529199995575e-11,-1.8565149420814057e-11
89.26,3.7162999998806363,-3.349465861065761e-11,-1.8565149420814057e-11
89.28,3.7182999998805784,-3.353178802131964e-11,-1.8565149420814057e-11
89.3,3.7202999998805204,-3.3568917431981674e-11,-1.8565149420814057e-11
89.32,3.7222999998804625,-3.3606046842643707e-11,-1.8565149420814057e-11
89.34,3.7242999998804045,-3.364317625330574e-11,-1.8565149420814057e-11
89.36,3.7262999998803465,-3.368030566396777e-11,-1.8565149420814057e-11
89.38,3.7282999998802886,-3.3717435074629805e-11,-1.8565149420814057e-11
89.4,3.7302999998802306,-3.375456448529184e-11,-1.8565149420814057e-11
89.42,3.7322999998801727,-3.379169389595387e-11,-1.8565149420814057e-11
89.44,3.7342999998801147,-3.3828823306615904e-11,-1.8565149420814057e-11
89.46,3.736299999880057,-3.386595271727794e-11,-1.8565149420814057e-11
89.48,3.738299999879999,-3.390308212793997e-11,-1.8565149420814057e-11
89.5,3.740299999879941,-3.3940211538602e-11,-1.8565149420814057e-11
89.52,3.742299999879883,-3.3977340949264035e-11,-1.8565149420814057e-11
89.54,3.744299999879825,-3.401447035992607e-11,-1.8565149420814057e-11
89.56,3.746299999879767,-3.40515997705881e-11,-1.8565149420814057e-11
89.58,3.748299999879709,-3.4088729181250134e-11,-1.8565149420814057e-11
89.6,3.750299999879651,-3.412585859191217e-11,-1.8565149420814057e-11
89.62,3.752299999879593,-3.41629880025742e-11,-1.8565149420814057e-11
89.64,3.754299999879535,-3.420011741323623e-11,-1.8565149420814057e-11
89.66,3.7562999998794773,-3.4237246823898266e-11,-1.8565149420814057e-11
89.68,3.7582999998794193,-3.42743762345603e-11,-1.8565149420814057e-11
89.7,3.7602999998793614,-3.431150564522233e-11,-1.8565149420814057e-11
89.72,3.7622999998793034,-3.4348635055884364e-11,-1.8565149420814057e-11
89.74,3.7642999998792455,-3.43857644665464e-11,-1.8565149420814057e-11
89.76,3.7662999998791875,-3.442289387720843e-11,-1.8565149420814057e-11
89.78,3.7682999998791296,-3.446002328787046e-11,-1.8565149420814057e-11
89.8,3.7702999998790716,-3.4497152698532496e-11,-1.8565149420814057e-11
89.82,3.7722999998790137,-3.453428210919453e-11,-1.8565149420814057e-11
89.84,3.7742999998789557,-3.457141151985656e-11,-1.8565149420814057e-11
89.86,3.7762999998788978,-3.4608540930518594e-11,-1.8565149420814057e-11
89.88,3.77829999987884,-3.464567034118063e-11,-1.8565149420814057e-11
89.9,3.780299999878782,-3.468279975184266e-11,-1.8565149420814057e-11
89.92,3.782299999878724,-3.471992916250469e-11,-1.8565149420814057e-11
89.94,3.784299999878666,-3.4757058573166726e-11,-1.8565149420814057e-11
89.96,3.786299999878608,-3.479418798382876e-11,-1.8565149420814057e-11
89.98,3.78829999987855,-3.483131739449079e-11,-1.8565149420814057e-11
90.0,3.790299999878492,-3.4868446805152825e-11,-1.8565149420814057e-11
90.02,3.792299999878434,-3.490557621581486e-11,-1.8565149420814057e-11
90.04,3.794299999878376,-3.494270562647689e-11,-1.8565149420814057e-11
90.06,3.7962999998783182,-3.497983503713892e-11,-1.8565149420814057e-11
90.08,3.7982999998782603,-3.5016964447800956e-11,-1.8565149420814057e-11
90.1,3.8002999998782023,-3.505409385846299e-11,-1.8565149420814057e-11
90.12,3.8022999998781444,-3.509122326912502e-11,-1.8565149420814057e-11
90.14,3.8042999998780864,-3.5128352679787055e-11,-1.8565149420814057e-11
90.16,3.8062999998780285,-3.516548209044909e-11,-1.8565149420814057e-11
90.18,3.8082999998779705,-3.520261150111112e-11,-1.8565149420814057e-11
90.2,3.8102999998779126,-3.5239740911773153e-11,-1.8565149420814057e-11
90.22,3.8122999998778546,-3.5276870322435186e-11,-1.8565149420814057e-11
90.24,3.8142999998777967,-3.531399973309722e-11,-1.8565149420814057e-11
90.26,3.8162999998777387,-3.535112914375925e-11,-1.8565149420814057e-11
90.28,3.8182999998776808,-3.5388258554421285e-11,-1.8565149420814057e-11
90.3,3.820299999877623,-3.542538796508332e-11,-1.8565149420814057e-11
90.32,3.822299999877565,-3.546251737574535e-11,-1.8565149420814057e-11
90.34,3.824299999877507,-3.5499646786407384e-11,-1.8565149420814057e-11
90.36,3.826299999877449,-3.5536776197069416e-11,-1.8565149420814057e-11
90.38,3.828299999877391,-3.557390560773145e-11,-1.8565149420814057e-11
90.4,3.830299999877333,-3.561103501839348e-11,-1.8565149420814057e-11
90.42,3.832299999877275,-3.5648164429055515e-11,-1.8565149420814057e-11
90.44,3.834299999877217,-3.568529383971755e-11,-1.8565149420814057e-11
90.46,3.836299999877159,-3.572242325037958e-11,-1.8565149420814057e-11
90.48,3.8382999998771012,-3.5759552661041614e-11,-1.8565149420814057e-11
90.5,3.8402999998770433,-3.5796682071703647e-11,-1.8565149420814057e-11
90.52,3.8422999998769853,-3.583381148236568e-11,-1.8565149420814057e-11
90.54,3.8442999998769274,-3.587094089302771e-11,-1.8565149420814057e-11
90.56,3.8462999998768694,-3.5908070303689745e-11,-1.8565149420814057e-11
90.58,3.8482999998768115,-3.594519971435178e-11,-1.8565149420814057e-11
90.6,3.8502999998767535,-3.598232912501381e-11,-1.8565149420814057e-11
90.62,3.8522999998766956,-3.6019458535675844e-11,-1.8565149420814057e-11
90.64,3.8542999998766376,-3.6056587946337877e-11,-1.8565149420814057e-11
90.66,3.8562999998765797,-3.609371735699991e-11,-1.8565149420814057e-11
90.68,3.8582999998765217,-3.613084676766194e-11,-1.8565149420814057e-11
90.7,3.8602999998764638,-3.6167976178323975e-11,-1.8565149420814057e-11
90.72,3.862299999876406,-3.620510558898601e-11,-1.8565149420814057e-11
90.74,3.864299999876348,-3.624223499964804e-11,-1.8565149420814057e-11
90.76,3.86629999987629,-3.6279364410310074e-11,-1.8565149420814057e-11
90.78,3.868299999876232,-3.631649382097211e-11,-1.8565149420814057e-11
90.8,3.870299999876174,-3.635362323163414e-11,-1.8565149420814057e-11
90.82,3.872299999876116,-3.639075264229617e-11,-1.8565149420814057e-11
90.84,3.874299999876058,-3.6427882052958206e-11,-1.8565149420814057e-11
90.86,3.876299999876,-3.646501146362024e-11,-1.8565149420814057e-11
90.88,3.878299999875942,-3.650214087428227e-11,-1.8565149420814057e-11
90.9,3.8802999998758843,-3.6539270284944304e-11,-1.8565149420814057e-11
90.92,3.8822999998758263,-3.657639969560634e-11,-1.8565149420814057e-11
90.94,3.8842999998757683,-3.661352910626837e-11,-1.8565149420814057e-11
90.96,3.8862999998757104,-3.66506585169304e-11,-1.8565149420814057e-11
90.98,3.8882999998756524,-3.6687787927592436e-11,-1.8565149420814057e-11
91.0,3.8902999998755945,-3.672491733825447e-11,-1.8565149420814057e-11
91.02,3.8922999998755365,-3.67620467489165e-11,-1.8565149420814057e-11
91.04,3.8942999998754786,-3.6799176159578534e-11,-1.8565149420814057e-11
91.06,3.8962999998754206,-3.683630557024057e-11,-1.8565149420814057e-11
91.08,3.8982999998753627,-3.68734349809026e-11,-1.8565149420814057e-11
91.1,3.9002999998753047,-3.691056439156463e-11,-1.8565149420814057e-11
91.12,3.902299999875247,-3.6947693802226666e-11,-1.8565149420814057e-11
91.14,3.904299999875189,-3.69848232128887e-11,-1.8565149420814057e-11
91.16,3.906299999875131,-3.702195262355073e-11,-1.8565149420814057e-11
91.18,3.908299999875073,-3.7059082034212764e-11,-1.8565149420814057e-11
91.2,3.910299999875015,-3.70962114448748e-11,-1.8565149420814057e-11
91.22,3.912299999874957,-3.713334085553683e-11,-1.8565149420814057e-11
91.24,3.914299999874899,-3.717047026619886e-11,-1.8565149420814057e-11
91.26,3.916299999874841,-3.7207599676860896e-11,-1.8565149420814057e-11
91.28,3.918299999874783,-3.724472908752293e-11,-1.8565149420814057e-11
91.3,3.920299999874725,-3.728185849818496e-11,-1.8565149420814057e-11
91.32,3.9222999998746673,-3.7318987908846995e-11,-1.8565149420814057e-11
91.34,3.9242999998746093,-3.735611731950903e-11,-1.8565149420814057e-11
91.36,3.9262999998745514,-3.739324673017106e-11,-1.8565149420814057e-11
91.38,3.9282999998744934,-3.7430376140833093e-11,-1.8565149420814057e-11
91.4,3.9302999998744355,-3.7467505551495126e-11,-1.8565149420814057e-11
91.42,3.9322999998743775,-3.750463496215716e-11,-1.8565149420814057e-11
91.44,3.9342999998743196,-3.754176437281919e-11,-1.8565149420814057e-11
91.46,3.9362999998742616,-3.7578893783481225e-11,-1.8565149420814057e-11
91.48,3.9382999998742036,-3.761602319414326e-11,-1.8565149420814057e-11
91.5,3.9402999998741457,-3.765315260480529e-11,-1.8565149420814057e-11
91.52,3.9422999998740877,-3.7690282015467323e-11,-1.8565149420814057e-11
91.54,3.94429999987403,-3.7727411426129356e-11,-1.8565149420814057e-11
91.56,3.946299999873972,-3.776454083679139e-11,-1.8565149420814057e-11
91.58,3.948299999873914,-3.780167024745342e-11,-1.8565149420814057e-11
91.6,3.950299999873856,-3.7838799658115455e-11,-1.8565149420814057e-11
91.62,3.952299999873798,-3.787592906877749e-11,-1.8565149420814057e-11
91.64,3.95429999987374,-3.791305847943952e-11,-1.8565149420814057e-11
91.66,3.956299999873682,-3.7950187890101554e-11,-1.8565149420814057e-11
91.68,3.958299999873624,-3.7987317300763586e-11,-1.8565149420814057e-11
91.7,3.960299999873566,-3.802444671142562e-11,-1.8565149420814057e-11
91.72,3.9622999998735082,-3.806157612208765e-11,-1.8565149420814057e-11
91.74,3.9642999998734503,-3.8098705532749685e-11,-1.8565149420814057e-11
91.76,3.9662999998733923,-3.813583494341172e-11,-1.8565149420814057e-11
91.78,3.9682999998733344,-3.817296435407375e-11,-1.8565149420814057e-11
91.8,3.9702999998732764,-3.8210093764735784e-11,-1.8565149420814057e-11
91.82,3.9722999998732185,-3.8247223175397817e-11,-1.8565149420814057e-11
91.84,3.9742999998731605,-3.828435258605985e-11,-1.8565149420814057e-11
91.86,3.9762999998731026,-3.832148199672188e-11,-1.8565149420814057e-11
91.88,3.9782999998730446,-3.8358611407383915e-11,-1.8565149420814057e-11
91.9,3.9802999998729867,-3.839574081804595e-11,-1.8565149420814057e-11
91.92,3.9822999998729287,-3.843287022870798e-11,-1.8565149420814057e-11
91.94,3.9842999998728708,-3.8469999639370014e-11,-1.8565149420814057e-11
91.96,3.986299999872813,-3.8507129050032047e-11,-1.8565149420814057e-11
91.98,3.988299999872755,-3.854425846069408e-11,-1.8565149420814057e-11
92.0,3.990299999872697,-3.858138787135611e-11,-1.8565149420814057e-11
92.02,3.992299999872639,-3.8618517282018145e-11,-1.8565149420814057e-11
92.04,3.994299999872581,-3.865564669268018e-11,-1.8565149420814057e-11
92.06,3.996299999872523,-3.869277610334221e-11,-1.8565149420814057e-11
92.08,3.998299999872465,-3.8729905514004244e-11,-1.8565149420814057e-11
92.1,4.000299999872407,-3.876703503568858e-11,-1.8565149420814057e-11
92.12,4.002299999872346,-3.880416444635061e-11,-1.8565149420814057e-11
92.14,4.004299999872284,-3.8841293857012644e-11,-1.8565149420814057e-11
92.16,4.006299999872223,-3.887842326767468e-11,-1.8565149420814057e-11
92.18,4.008299999872161,-3.891555267833671e-11,-1.8565149420814057e-11
92.2,4.0102999998721,-3.895268208899874e-11,-1.8565149420814057e-11
92.22,4.012299999872038,-3.8989811499660775e-11,-1.8565149420814057e-11
92.24,4.014299999871977,-3.902694091032281e-11,-1.8565149420814057e-11
92.26,4.016299999871915,-3.906407032098484e-11,-1.8565149420814057e-11
92.28,4.018299999871854,-3.9101199731646874e-11,-1.8565149420814057e-11
92.3,4.020299999871792,-3.913832914230891e-11,-1.8565149420814057e-11
92.32,4.022299999871731,-3.917545855297094e-11,-1.8565149420814057e-11
92.34,4.024299999871669,-3.921258796363297e-11,-1.8565149420814057e-11
92.36,4.026299999871608,-3.9249717374295006e-11,-1.8565149420814057e-11
92.38,4.028299999871546,-3.928684678495704e-11,-1.8565149420814057e-11
92.4,4.030299999871485,-3.932397619561907e-11,-1.8565149420814057e-11
92.42,4.032299999871423,-3.9361105606281104e-11,-1.8565149420814057e-11
92.44,4.034299999871362,-3.939823501694314e-11,-1.8565149420814057e-11
92.46,4.0362999998713,-3.943536442760517e-11,-1.8565149420814057e-11
92.48,4.0382999998712386,-3.94724938382672e-11,-1.8565149420814057e-11
92.5,4.040299999871177,-3.9509623248929236e-11,-1.8565149420814057e-11
92.52,4.0422999998711155,-3.954675265959127e-11,-1.8565149420814057e-11
92.54,4.044299999871054,-3.95838820702533e-11,-1.8565149420814057e-11
92.56,4.0462999998709925,-3.9621011480915334e-11,-1.8565149420814057e-11
92.58,4.048299999870931,-3.965814089157737e-11,-1.8565149420814057e-11
92.6,4.0502999998708695,-3.96952703022394e-11,-1.8565149420814057e-11
92.62,4.052299999870808,-3.973239971290143e-11,-1.8565149420814057e-11
92.64,4.0542999998707465,-3.9769529123563466e-11,-1.8565149420814057e-11
92.66,4.056299999870685,-3.98066585342255e-11,-1.8565149420814057e-11
92.68,4.0582999998706235,-3.984378794488753e-11,-1.8565149420814057e-11
92.7,4.060299999870562,-3.9880917355549565e-11,-1.8565149420814057e-11
92.72,4.0622999998705005,-3.99180467662116e-11,-1.8565149420814057e-11
92.74,4.064299999870439,-3.995517617687363e-11,-1.8565149420814057e-11
92.76,4.0662999998703775,-3.999230558753566e-11,-1.8565149420814057e-11
92.78,4.068299999870316,-4.0029434998197696e-11,-1.8565149420814057e-11
92.8,4.0702999998702545,-4.006656440885973e-11,-1.8565149420814057e-11
92.82,4.072299999870193,-4.010369381952176e-11,-1.8565149420814057e-11
92.84,4.0742999998701315,-4.0140823230183795e-11,-1.8565149420814057e-11
92.86,4.07629999987007,-4.017795264084583e-11,-1.8565149420814057e-11
92.88,4.0782999998700085,-4.021508205150786e-11,-1.8565149420814057e-11
92.9,4.080299999869947,-4.0252211462169893e-11,-1.8565149420814057e-11
92.92,4.0822999998698855,-4.0289340872831926e-11,-1.8565149420814057e-11
92.94,4.084299999869824,-4.032647028349396e-11,-1.8565149420814057e-11
92.96,4.0862999998697624,-4.036359969415599e-11,-1.8565149420814057e-11
92.98,4.088299999869701,-4.0400729104818025e-11,-1.8565149420814057e-11
93.0,4.090299999869639,-4.043785851548006e-11,-1.8565149420814057e-11
93.02,4.092299999869578,-4.047498792614209e-11,-1.8565149420814057e-11
93.04,4.094299999869516,-4.0512117336804124e-11,-1.8565149420814057e-11
93.06,4.096299999869455,-4.0549246747466156e-11,-1.8565149420814057e-11
93.08,4.098299999869393,-4.058637615812819e-11,-1.8565149420814057e-11
93.1,4.100299999869332,-4.062350556879022e-11,-1.8565149420814057e-11
93.12,4.10229999986927,-4.0660634979452255e-11,-1.8565149420814057e-11
93.14,4.104299999869209,-4.069776439011429e-11,-1.8565149420814057e-11
93.16,4.106299999869147,-4.073489380077632e-11,-1.8565149420814057e-11
93.18,4.108299999869086,-4.0772023211438354e-11,-1.8565149420814057e-11
93.2,4.110299999869024,-4.0809152622100387e-11,-1.8565149420814057e-11
93.22,4.112299999868963,-4.084628203276242e-11,-1.8565149420814057e-11
93.24,4.114299999868901,-4.088341144342445e-11,-1.8565149420814057e-11
93.26,4.11629999986884,-4.0920540854086485e-11,-1.8565149420814057e-11
93.28,4.118299999868778,-4.095767026474852e-11,-1.8565149420814057e-11
93.3,4.120299999868717,-4.099479967541055e-11,-1.8565149420814057e-11
93.32,4.122299999868655,-4.1031929086072584e-11,-1.8565149420814057e-11
93.34,4.124299999868594,-4.1069058496734617e-11,-1.8565149420814057e-11
93.36,4.126299999868532,-4.110618790739665e-11,-1.8565149420814057e-11
93.38,4.128299999868471,-4.114331731805868e-11,-1.8565149420814057e-11
93.4,4.130299999868409,-4.1180446728720715e-11,-1.8565149420814057e-11
93.42,4.132299999868348,-4.121757613938275e-11,-1.8565149420814057e-11
93.44,4.134299999868286,-4.125470555004478e-11,-1.8565149420814057e-11
93.46,4.136299999868225,-4.1291834960706814e-11,-1.8565149420814057e-11
93.48,4.138299999868163,-4.132896437136885e-11,-1.8565149420814057e-11
93.5,4.140299999868102,-4.136609378203088e-11,-1.8565149420814057e-11
93.52,4.14229999986804,-4.140322319269291e-11,-1.8565149420814057e-11
93.54,4.144299999867979,-4.1440352603354946e-11,-1.8565149420814057e-11
93.56,4.146299999867917,-4.147748201401698e-11,-1.8565149420814057e-11
93.58,4.148299999867856,-4.151461142467901e-11,-1.8565149420814057e-11
93.6,4.150299999867794,-4.1551740835341044e-11,-1.8565149420814057e-11
93.62,4.152299999867733,-4.158887024600308e-11,-1.8565149420814057e-11
93.64,4.154299999867671,-4.162599965666511e-11,-1.8565149420814057e-11
93.66,4.15629999986761,-4.166312906732714e-11,-1.8565149420814057e-11
93.68,4.158299999867548,-4.1700258477989176e-11,-1.8565149420814057e-11
93.7,4.160299999867487,-4.173738788865121e-11,-1.8565149420814057e-11
93.72,4.162299999867425,-4.177451729931324e-11,-1.8565149420814057e-11
93.74,4.164299999867364,-4.1811646709975274e-11,-1.8565149420814057e-11
93.76,4.166299999867302,-4.184877612063731e-11,-1.8565149420814057e-11
93.78,4.168299999867241,-4.188590553129934e-11,-1.8565149420814057e-11
93.8,4.170299999867179,-4.192303494196137e-11,-1.8565149420814057e-11
93.82,4.172299999867118,-4.1960164352623406e-11,-1.8565149420814057e-11
93.84,4.174299999867056,-4.199729376328544e-11,-1.8565149420814057e-11
93.86,4.176299999866995,-4.203442317394747e-11,-1.8565149420814057e-11
93.88,4.178299999866933,-4.2071552584609504e-11,-1.8565149420814057e-11
93.9,4.180299999866872,-4.210868199527154e-11,-1.8565149420814057e-11
93.92,4.18229999986681,-4.214581140593357e-11,-1.8565149420814057e-11
93.94,4.184299999866749,-4.21829408165956e-11,-1.8565149420814057e-11
93.96,4.186299999866687,-4.2220070227257636e-11,-1.8565149420814057e-11
93.98,4.188299999866626,-4.225719963791967e-11,-1.8565149420814057e-11
94.0,4.190299999866564,-4.22943290485817e-11,-1.8565149420814057e-11
94.02,4.192299999866503,-4.2331458459243735e-11,-1.8565149420814057e-11
94.04,4.194299999866441,-4.236858786990577e-11,-1.8565149420814057e-11
94.06,4.19629999986638,-4.24057172805678e-11,-1.8565149420814057e-11
94.08,4.198299999866318,-4.2442846691229833e-11,-1.8565149420814057e-11
94.1,4.200299999866257,-4.2479976101891866e-11,-1.8565149420814057e-11
94.12,4.202299999866195,-4.25171055125539e-11,-1.8565149420814057e-11
94.14,4.204299999866134,-4.255423492321593e-11,-1.8565149420814057e-11
94.16,4.206299999866072,-4.2591364333877965e-11,-1.8565149420814057e-11
94.18,4.208299999866011,-4.262849374454e-11,-1.8565149420814057e-11
94.2,4.210299999865949,-4.266562315520203e-11,-1.8565149420814057e-11
94.22,4.212299999865888,-4.2702752565864063e-11,-1.8565149420814057e-11
94.24,4.214299999865826,-4.2739881976526096e-11,-1.8565149420814057e-11
94.26,4.216299999865765,-4.277701138718813e-11,-1.8565149420814057e-11
94.28,4.218299999865703,-4.281414079785016e-11,-1.8565149420814057e-11
94.3,4.220299999865642,-4.2851270208512195e-11,-1.8565149420814057e-11
94.32,4.22229999986558,-4.288839961917423e-11,-1.8565149420814057e-11
94.34,4.224299999865519,-4.292552902983626e-11,-1.8565149420814057e-11
94.36,4.226299999865457,-4.2962658440498294e-11,-1.8565149420814057e-11
94.38,4.228299999865396,-4.2999787851160326e-11,-1.8565149420814057e-11
94.4,4.230299999865334,-4.303691726182236e-11,-1.8565149420814057e-11
94.42,4.232299999865273,-4.307404667248439e-11,-1.8565149420814057e-11
94.44,4.234299999865211,-4.3111176083146425e-11,-1.8565149420814057e-11
94.46,4.23629999986515,-4.314830549380846e-11,-1.8565149420814057e-11
94.48,4.238299999865088,-4.318543490447049e-11,-1.8565149420814057e-11
94.5,4.240299999865027,-4.3222564315132524e-11,-1.8565149420814057e-11
94.52,4.242299999864965,-4.3259693725794557e-11,-1.8565149420814057e-11
94.54,4.244299999864904,-4.329682313645659e-11,-1.8565149420814057e-11
94.56,4.246299999864842,-4.333395254711862e-11,-1.8565149420814057e-11
94.58,4.248299999864781,-4.3371081957780655e-11,-1.8565149420814057e-11
94.6,4.250299999864719,-4.340821136844269e-11,-1.8565149420814057e-11
94.62,4.252299999864658,-4.344534077910472e-11,-1.8565149420814057e-11
94.64,4.254299999864596,-4.3482470189766754e-11,-1.8565149420814057e-11
94.66,4.2562999998645346,-4.3519599600428787e-11,-1.8565149420814057e-11
94.68,4.258299999864473,-4.355672901109082e-11,-1.8565149420814057e-11
94.7,4.2602999998644115,-4.359385842175285e-11,-1.8565149420814057e-11
94.72,4.26229999986435,-4.3630987832414885e-11,-1.8565149420814057e-11
94.74,4.2642999998642885,-4.366811724307692e-11,-1.8565149420814057e-11
94.76,4.266299999864227,-4.370524665373895e-11,-1.8565149420814057e-11
94.78,4.2682999998641655,-4.3742376064400984e-11,-1.8565149420814057e-11
94.8,4.270299999864104,-4.377950547506302e-11,-1.8565149420814057e-11
94.82,4.2722999998640425,-4.381663488572505e-11,-1.8565149420814057e-11
94.84,4.274299999863981,-4.385376429638708e-11,-1.8565149420814057e-11
94.86,4.2762999998639195,-4.3890893707049116e-11,-1.8565149420814057e-11
94.88,4.278299999863858,-4.392802311771115e-11,-1.8565149420814057e-11
94.9,4.2802999998637965,-4.396515252837318e-11,-1.8565149420814057e-11
94.92,4.282299999863735,-4.4002281939035214e-11,-1.8565149420814057e-11
94.94,4.2842999998636735,-4.403941134969725e-11,-1.8565149420814057e-11
94.96,4.286299999863612,-4.407654076035928e-11,-1.8565149420814057e-11
94.98,4.2882999998635505,-4.411367017102131e-11,-1.8565149420814057e-11
95.0,4.290299999863489,-4.4150799581683346e-11,-1.8565149420814057e-11
95.02,4.2922999998634275,-4.418792899234538e-11,-1.8565149420814057e-11
95.04,4.294299999863366,-4.422505840300741e-11,-1.8565149420814057e-11
95.06,4.2962999998633045,-4.4262187813669444e-11,-1.8565149420814057e-11
95.08,4.298299999863243,-4.429931722433148e-11,-1.8565149420814057e-11
95.1,4.3002999998631815,-4.433644663499351e-11,-1.8565149420814057e-11
95.12,4.30229999986312,-4.437357604565554e-11,-1.8565149420814057e-11
95.14,4.3042999998630584,-4.4410705456317576e-11,-1.8565149420814057e-11
95.16,4.306299999862997,-4.444783486697961e-11,-1.8565149420814057e-11
95.18,4.308299999862935,-4.448496427764164e-11,-1.8565149420814057e-11
95.2,4.310299999862874,-4.4522093688303675e-11,-1.8565149420814057e-11
95.22,4.312299999862812,-4.455922309896571e-11,-1.8565149420814057e-11
95.24,4.314299999862751,-4.459635250962774e-11,-1.8565149420814057e-11
95.26,4.316299999862689,-4.463348192028977e-11,-1.8565149420814057e-11
95.28,4.318299999862628,-4.4670611330951806e-11,-1.8565149420814057e-11
95.3,4.320299999862566,-4.470774074161384e-11,-1.8565149420814057e-11
95.32,4.322299999862505,-4.474487015227587e-11,-1.8565149420814057e-11
95.34,4.324299999862443,-4.4781999562937905e-11,-1.8565149420814057e-11
95.36,4.326299999862382,-4.481912897359994e-11,-1.8565149420814057e-11
95.38,4.32829999986232,-4.485625838426197e-11,-1.8565149420814057e-11
95.4,4.330299999862259,-4.4893387794924003e-11,-1.8565149420814057e-11
95.42,4.332299999862197,-4.4930517205586036e-11,-1.8565149420814057e-11
95.44,4.334299999862136,-4.496764661624807e-11,-1.8565149420814057e-11
95.46,4.336299999862074,-4.50047760269101e-11,-1.8565149420814057e-11
95.48,4.338299999862013,-4.5041905437572135e-11,-1.8565149420814057e-11
95.5,4.340299999861951,-4.507903484823417e-11,-1.8565149420814057e-11
95.52,4.34229999986189,-4.51161642588962e-11,-1.8565149420814057e-11
95.54,4.344299999861828,-4.5153293669558233e-11,-1.8565149420814057e-11
95.56,4.346299999861767,-4.5190423080220266e-11,-1.8565149420814057e-11
95.58,4.348299999861705,-4.52275524908823e-11,-1.8565149420814057e-11
95.6,4.350299999861644,-4.526468190154433e-11,-1.8565149420814057e-11
95.62,4.352299999861582,-4.5301811312206365e-11,-1.8565149420814057e-11
95.64,4.354299999861521,-4.53389407228684e-11,-1.8565149420814057e-11
95.66,4.356299999861459,-4.537607013353043e-11,-1.8565149420814057e-11
95.68,4.358299999861398,-4.5413199544192464e-11,-1.8565149420814057e-11
95.7,4.360299999861336,-4.5450328954854496e-11,-1.8565149420814057e-11
95.72,4.362299999861275,-4.548745836551653e-11,-1.8565149420814057e-11
95.74,4.364299999861213,-4.552458777617856e-11,-1.8565149420814057e-11
95.76,4.366299999861152,-4.5561717186840595e-11,-1.8565149420814057e-11
95.78,4.36829999986109,-4.559884659750263e-11,-1.8565149420814057e-11
95.8,4.370299999861029,-4.563597600816466e-11,-1.8565149420814057e-11
95.82,4.372299999860967,-4.5673105418826694e-11,-1.8565149420814057e-11
95.84,4.374299999860906,-4.5710234829488727e-11,-1.8565149420814057e-11
95.86,4.376299999860844,-4.574736424015076e-11,-1.8565149420814057e-11
95.88,4.378299999860783,-4.578449365081279e-11,-1.8565149420814057e-11
95.9,4.380299999860721,-4.5821623061474825e-11,-1.8565149420814057e-11
95.92,4.38229999986066,-4.585875247213686e-11,-1.8565149420814057e-11
95.94,4.384299999860598,-4.589588188279889e-11,-1.8565149420814057e-11
95.96,4.386299999860537,-4.5933011293460924e-11,-1.8565149420814057e-11
95.98,4.388299999860475,-4.597014070412296e-11,-1.8565149420814057e-11
96.0,4.390299999860414,-4.600727011478499e-11,-1.8565149420814057e-11
96.02,4.392299999860352,-4.604439952544702e-11,-1.8565149420814057e-11
96.04,4.394299999860291,-4.6081528936109055e-11,-1.8565149420814057e-11
96.06,4.396299999860229,-4.611865834677109e-11,-1.8565149420814057e-11
96.08,4.398299999860168,-4.615578775743312e-11,-1.8565149420814057e-11
96.1,4.400299999860106,-4.6192917168095154e-11,-1.8565149420814057e-11
96.12,4.402299999860045,-4.623004657875719e-11,-1.8565149420814057e-11
96.14,4.404299999859983,-4.626717598941922e-11,-1.8565149420814057e-11
96.16,4.406299999859922,-4.630430540008125e-11,-1.8565149420814057e-11
96.18,4.40829999985986,-4.6341434810743286e-11,-1.8565149420814057e-11
96.2,4.410299999859799,-4.637856422140532e-11,-1.8565149420814057e-11
96.22,4.412299999859737,-4.641569363206735e-11,-1.8565149420814057e-11
96.24,4.414299999859676,-4.6452823042729384e-11,-1.8565149420814057e-11
96.26,4.416299999859614,-4.648995245339142e-11,-1.8565149420814057e-11
96.28,4.418299999859553,-4.652708186405345e-11,-1.8565149420814057e-11
96.3,4.420299999859491,-4.656421127471548e-11,-1.8565149420814057e-11
96.32,4.42229999985943,-4.6601340685377516e-11,-1.8565149420814057e-11
96.34,4.424299999859368,-4.663847009603955e-11,-1.8565149420814057e-11
96.36,4.426299999859307,-4.667559950670158e-11,-1.8565149420814057e-11
96.38,4.428299999859245,-4.6712728917363614e-11,-1.8565149420814057e-11
96.4,4.430299999859184,-4.674985832802565e-11,-1.8565149420814057e-11
96.42,4.432299999859122,-4.678698773868768e-11,-1.8565149420814057e-11
96.44,4.434299999859061,-4.682411714934971e-11,-1.8565149420814057e-11
96.46,4.436299999858999,-4.6861246560011746e-11,-1.8565149420814057e-11
96.48,4.438299999858938,-4.689837597067378e-11,-1.8565149420814057e-11
96.5,4.440299999858876,-4.693550538133581e-11,-1.8565149420814057e-11
96.52,4.442299999858815,-4.6972634791997845e-11,-1.8565149420814057e-11
96.54,4.444299999858753,-4.700976420265988e-11,-1.8565149420814057e-11
96.56,4.446299999858692,-4.704689361332191e-11,-1.8565149420814057e-11
96.58,4.44829999985863,-4.708402302398394e-11,-1.8565149420814057e-11
96.6,4.450299999858569,-4.7121152434645976e-11,-1.8565149420814057e-11
96.62,4.452299999858507,-4.715828184530801e-11,-1.8565149420814057e-11
96.64,4.454299999858446,-4.719541125597004e-11,-1.8565149420814057e-11
96.66,4.456299999858384,-4.7232540666632075e-11,-1.8565149420814057e-11
96.68,4.458299999858323,-4.726967007729411e-11,-1.8565149420814057e-11
96.7,4.460299999858261,-4.730679948795614e-11,-1.8565149420814057e-11
96.72,4.4622999998582,-4.7343928898618173e-11,-1.8565149420814057e-11
96.74,4.464299999858138,-4.7381058309280206e-11,-1.8565149420814057e-11
96.76,4.466299999858077,-4.741818771994224e-11,-1.8565149420814057e-11
96.78,4.468299999858015,-4.745531713060427e-11,-1.8565149420814057e-11
96.8,4.470299999857954,-4.7492446541266305e-11,-1.8565149420814057e-11
96.82,4.472299999857892,-4.752957595192834e-11,-1.8565149420814057e-11
96.84,4.474299999857831,-4.756670536259037e-11,-1.8565149420814057e-11
96.86,4.476299999857769,-4.7603834773252404e-11,-1.8565149420814057e-11
96.88,4.4782999998577075,-4.7640964183914436e-11,-1.8565149420814057e-11
96.9,4.480299999857646,-4.767809359457647e-11,-1.8565149420814057e-11
96.92,4.4822999998575845,-4.77152230052385e-11,-1.8565149420814057e-11
96.94,4.484299999857523,-4.7752352415900535e-11,-1.8565149420814057e-11
96.96,4.4862999998574615,-4.778948182656257e-11,-1.8565149420814057e-11
96.98,4.4882999998574,-4.78266112372246e-11,-1.8565149420814057e-11
97.0,4.4902999998573385,-4.7863740647886634e-11,-1.8565149420814057e-11
97.02,4.492299999857277,-4.7900870058548667e-11,-1.8565149420814057e-11
97.04,4.4942999998572155,-4.79379994692107e-11,-1.8565149420814057e-11
97.06,4.496299999857154,-4.797512887987273e-11,-1.8565149420814057e-11
97.08,4.4982999998570925,-4.8012258290534765e-11,-1.8565149420814057e-11
97.1,4.500299999857031,-4.80493877011968e-11,-1.8565149420814057e-11
97.12,4.5022999998569695,-4.808651711185883e-11,-1.8565149420814057e-11
97.14,4.504299999856908,-4.8123646522520864e-11,-1.8565149420814057e-11
97.16,4.5062999998568465,-4.8160775933182897e-11,-1.8565149420814057e-11
97.18,4.508299999856785,-4.819790534384493e-11,-1.8565149420814057e-11
97.2,4.5102999998567235,-4.823503475450696e-11,-1.8565149420814057e-11
97.22,4.512299999856662,-4.8272164165168995e-11,-1.8565149420814057e-11
97.24,4.5142999998566005,-4.830929357583103e-11,-1.8565149420814057e-11
97.26,4.516299999856539,-4.834642298649306e-11,-1.8565149420814057e-11
97.28,4.5182999998564775,-4.8383552397155094e-11,-1.8565149420814057e-11
97.3,4.520299999856416,-4.842068180781713e-11,-1.8565149420814057e-11
97.32,4.5222999998563544,-4.845781121847916e-11,-1.8565149420814057e-11
97.34,4.524299999856293,-4.849494062914119e-11,-1.8565149420814057e-11
97.36,4.526299999856231,-4.8532070039803225e-11,-1.8565149420814057e-11
97.38,4.52829999985617,-4.856919945046526e-11,-1.8565149420814057e-11
97.4,4.530299999856108,-4.860632886112729e-11,-1.8565149420814057e-11
97.42,4.532299999856047,-4.8643458271789324e-11,-1.8565149420814057e-11
97.44,4.534299999855985,-4.868058768245136e-11,-1.8565149420814057e-11
97.46,4.536299999855924,-4.871771709311339e-11,-1.8565149420814057e-11
97.48,4.538299999855862,-4.875484650377542e-11,-1.8565149420814057e-11
97.5,4.540299999855801,-4.8791975914437456e-11,-1.8565149420814057e-11
97.52,4.542299999855739,-4.882910532509949e-11,-1.8565149420814057e-11
97.54,4.544299999855678,-4.886623473576152e-11,-1.8565149420814057e-11
97.56,4.546299999855616,-4.8903364146423554e-11,-1.8565149420814057e-11
97.58,4.548299999855555,-4.894049355708559e-11,-1.8565149420814057e-11
97.6,4.550299999855493,-4.897762296774762e-11,-1.8565149420814057e-11
97.62,4.552299999855432,-4.901475237840965e-11,-1.8565149420814057e-11
97.64,4.55429999985537,-4.9051881789071686e-11,-1.8565149420814057e-11
97.66,4.556299999855309,-4.908901119973372e-11,-1.8565149420814057e-11
97.68,4.558299999855247,-4.912614061039575e-11,-1.8565149420814057e-11
97.7,4.560299999855186,-4.9163270021057784e-11,-1.8565149420814057e-11
97.72,4.562299999855124,-4.920039943171982e-11,-1.8565149420814057e-11
97.74,4.564299999855063,-4.923752884238185e-11,-1.8565149420814057e-11
97.76,4.566299999855001,-4.927465825304388e-11,-1.8565149420814057e-11
97.78,4.56829999985494,-4.9311787663705916e-11,-1.8565149420814057e-11
97.8,4.570299999854878,-4.934891707436795e-11,-1.8565149420814057e-11
97.82,4.572299999854817,-4.938604648502998e-11,-1.8565149420814057e-11
97.84,4.574299999854755,-4.9423175895692015e-11,-1.8565149420814057e-11
97.86,4.576299999854694,-4.946030530635405e-11,-1.8565149420814057e-11
97.88,4.578299999854632,-4.949743471701608e-11,-1.8565149420814057e-11
97.9,4.580299999854571,-4.953456412767811e-11,-1.8565149420814057e-11
97.92,4.582299999854509,-4.9571693538340146e-11,-1.8565149420814057e-11
97.94,4.584299999854448,-4.960882294900218e-11,-1.8565149420814057e-11
97.96,4.586299999854386,-4.964595235966421e-11,-1.8565149420814057e-11
97.98,4.588299999854325,-4.9683081770326245e-11,-1.8565149420814057e-11
98.0,4.590299999854263,-4.972021118098828e-11,-1.8565149420814057e-11
98.02,4.592299999854202,-4.975734059165031e-11,-1.8565149420814057e-11
98.04,4.59429999985414,-4.9794470002312343e-11,-1.8565149420814057e-11
98.06,4.596299999854079,-4.9831599412974376e-11,-1.8565149420814057e-11
98.08,4.598299999854017,-4.986872882363641e-11,-1.8565149420814057e-11
98.1,4.600299999853956,-4.990585823429844e-11,-1.8565149420814057e-11
98.12,4.602299999853894,-4.9942987644960475e-11,-1.8565149420814057e-11
98.14,4.604299999853833,-4.998011705562251e-11,-1.8565149420814057e-11
98.16,4.606299999853771,-5.001724646628454e-11,-1.8565149420814057e-11
98.18,4.60829999985371,-5.0054375876946574e-11,-1.8565149420814057e-11
98.2,4.610299999853648,-5.0091505287608606e-11,-1.8565149420814057e-11
98.22,4.612299999853587,-5.012863469827064e-11,-1.8565149420814057e-11
98.24,4.614299999853525,-5.016576410893267e-11,-1.8565149420814057e-11
98.26,4.616299999853464,-5.0202893519594705e-11,-1.8565149420814057e-11
98.28,4.618299999853402,-5.024002293025674e-11,-1.8565149420814057e-11
98.3,4.620299999853341,-5.027715234091877e-11,-1.8565149420814057e-11
98.32,4.622299999853279,-5.0314281751580804e-11,-1.8565149420814057e-11
98.34,4.624299999853218,-5.0351411162242837e-11,-1.8565149420814057e-11
98.36,4.626299999853156,-5.038854057290487e-11,-1.8565149420814057e-11
98.38,4.628299999853095,-5.04256699835669e-11,-1.8565149420814057e-11
98.4,4.630299999853033,-5.0462799394228935e-11,-1.8565149420814057e-11
98.42,4.632299999852972,-5.049992880489097e-11,-1.8565149420814057e-11
98.44,4.63429999985291,-5.0537058215553e-11,-1.8565149420814057e-11
98.46,4.636299999852849,-5.0574187626215034e-11,-1.8565149420814057e-11
98.48,4.638299999852787,-5.0611317036877067e-11,-1.8565149420814057e-11
98.5,4.640299999852726,-5.06484464475391e-11,-1.8565149420814057e-11
98.52,4.642299999852664,-5.068557585820113e-11,-1.8565149420814057e-11
98.54,4.644299999852603,-5.0722705268863165e-11,-1.8565149420814057e-11
98.56,4.646299999852541,-5.07598346795252e-11,-1.8565149420814057e-11
98.58,4.64829999985248,-5.079696409018723e-11,-1.8565149420814057e-11
98.6,4.650299999852418,-5.0834093500849264e-11,-1.8565149420814057e-11
98.62,4.652299999852357,-5.08712229115113e-11,-1.8565149420814057e-11
98.64,4.654299999852295,-5.090835232217333e-11,-1.8565149420814057e-11
98.66,4.656299999852234,-5.094548173283536e-11,-1.8565149420814057e-11
98.68,4.658299999852172,-5.0982611143497396e-11,-1.8565149420814057e-11
98.7,4.660299999852111,-5.101974055415943e-11,-1.8565149420814057e-11
98.72,4.662299999852049,-5.105686996482146e-11,-1.8565149420814057e-11
98.74,4.664299999851988,-5.1093999375483494e-11,-1.8565149420814057e-11
98.76,4.666299999851926,-5.113112878614553e-11,-1.8565149420814057e-11
98.78,4.668299999851865,-5.116825819680756e-11,-1.8565149420814057e-11
98.8,4.670299999851803,-5.120538760746959e-11,-1.8565149420814057e-11
98.82,4.672299999851742,-5.1242517018131626e-11,-1.8565149420814057e-11
98.84,4.67429999985168,-5.127964642879366e-11,-1.8565149420814057e-11
98.86,4.676299999851619,-5.131677583945569e-11,-1.8565149420814057e-11
98.88,4.678299999851557,-5.1353905250117724e-11,-1.8565149420814057e-11
98.9,4.680299999851496,-5.139103466077976e-11,-1.8565149420814057e-11
98.92,4.682299999851434,-5.142816407144179e-11,-1.8565149420814057e-11
98.94,4.684299999851373,-5.146529348210382e-11,-1.8565149420814057e-11
98.96,4.686299999851311,-5.1502422892765856e-11,-1.8565149420814057e-11
98.98,4.68829999985125,-5.153955230342789e-11,-1.8565149420814057e-11
99.0,4.690299999851188,-5.157668171408992e-11,-1.8565149420814057e-11
99.02,4.692299999851127,-5.1613811124751954e-11,-1.8565149420814057e-11
99.04,4.694299999851065,-5.165094053541399e-11,-1.8565149420814057e-11
99.06,4.6962999998510035,-5.168806994607602e-11,-1.8565149420814057e-11
99.08,4.698299999850942,-5.172519935673805e-11,-1.8565149420814057e-11
99.1,4.7002999998508805,-5.1762328767400086e-11,-1.8565149420814057e-11
99.12,4.702299999850819,-5.179945817806212e-11,-1.8565149420814057e-11
99.14,4.7042999998507575,-5.183658758872415e-11,-1.8565149420814057e-11
99.16,4.706299999850696,-5.1873716999386185e-11,-1.8565149420814057e-11
99.18,4.7082999998506345,-5.191084641004822e-11,-1.8565149420814057e-11
99.2,4.710299999850573,-5.194797582071025e-11,-1.8565149420814057e-11
99.22,4.7122999998505115,-5.1985105231372283e-11,-1.8565149420814057e-11
99.24,4.71429999985045,-5.2022234642034316e-11,-1.8565149420814057e-11
99.26,4.7162999998503885,-5.205936405269635e-11,-1.8565149420814057e-11
99.28,4.718299999850327,-5.209649346335838e-11,-1.8565149420814057e-11
99.3,4.7202999998502655,-5.2133622874020415e-11,-1.8565149420814057e-11
99.32,4.722299999850204,-5.217075228468245e-11,-1.8565149420814057e-11
99.34,4.7242999998501425,-5.220788169534448e-11,-1.8565149420814057e-11
99.36,4.726299999850081,-5.2245011106006513e-11,-1.8565149420814057e-11
99.38,4.7282999998500195,-5.2282140516668546e-11,-1.8565149420814057e-11
99.4,4.730299999849958,-5.231926992733058e-11,-1.8565149420814057e-11
99.42,4.7322999998498965,-5.235639933799261e-11,-1.8565149420814057e-11
99.44,4.734299999849835,-5.2393528748654645e-11,-1.8565149420814057e-11
99.46,4.7362999998497735,-5.243065815931668e-11,-1.8565149420814057e-11
99.48,4.738299999849712,-5.246778756997871e-11,-1.8565149420814057e-11
99.5,4.7402999998496504,-5.2504916980640744e-11,-1.8565149420814057e-11
99.52,4.742299999849589,-5.2542046391302776e-11,-1.8565149420814057e-11
99.54,4.744299999849527,-5.257917580196481e-11,-1.8565149420814057e-11
99.56,4.746299999849466,-5.261630521262684e-11,-1.8565149420814057e-11
99.58,4.748299999849404,-5.2653434623288875e-11,-1.8565149420814057e-11
99.6,4.750299999849343,-5.269056403395091e-11,-1.8565149420814057e-11
99.62,4.752299999849281,-5.272769344461294e-11,-1.8565149420814057e-11
99.64,4.75429999984922,-5.2764822855274974e-11,-1.8565149420814057e-11
99.66,4.756299999849158,-5.2801952265937007e-11,-1.8565149420814057e-11
99.68,4.758299999849097,-5.283908167659904e-11,-1.8565149420814057e-11
99.7,4.760299999849035,-5.287621108726107e-11,-1.8565149420814057e-11
99.72,4.762299999848974,-5.2913340497923105e-11,-1.8565149420814057e-11
99.74,4.764299999848912,-5.295046990858514e-11,-1.8565149420814057e-11
99.76,4.766299999848851,-5.298759931924717e-11,-1.8565149420814057e-11
99.78,4.768299999848789,-5.3024728729909204e-11,-1.8565149420814057e-11
99.8,4.770299999848728,-5.306185814057124e-11,-1.8565149420814057e-11
99.82,4.772299999848666,-5.309898755123327e-11,-1.8565149420814057e-11
99.84,4.774299999848605,-5.31361169618953e-11,-1.8565149420814057e-11
99.86,4.776299999848543,-5.3173246372557335e-11,-1.8565149420814057e-11
99.88,4.778299999848482,-5.321037578321937e-11,-1.8565149420814057e-11
99.9,4.78029999984842,-5.32475051938814e-11,-1.8565149420814057e-11
99.92,4.782299999848359,-5.3284634604543434e-11,-1.8565149420814057e-11
99.94,4.784299999848297,-5.332176401520547e-11,-1.8565149420814057e-11
99.96,4.786299999848236,-5.33588934258675e-11,-1.8565149420814057e-11
99.98,4.788299999848174,-5.339602283652953e-11,-1.8565149420814057e-11
100.0,4.790299999848113,-5.3433152247191566e-11,-1.8565149420814057e-11
100.02,4.792299999848051,-5.34702816578536e-11,-1.8565149420814057e-11
100.04,4.79429999984799,-5.350741106851563e-11,-1.8565149420814057e-11
100.06,4.796299999847928,-5.3544540479177664e-11,-1.8565149420814057e-11
100.08,4.798299999847867,-5.35816698898397e-11,-1.8565149420814057e-11
100.1,4.800299999847806,-5.361879907845713e-11,-1.8565149420814057e-11
100.12,4.802299999847745,-5.365592848911916e-11,-1.8565149420814057e-11
100.14,4.804299999847683,-5.369305789978119e-11,-1.8565149420814057e-11
100.16,4.806299999847622,-5.3730187310443226e-11,-1.8565149420814057e-11
100.18,4.80829999984756,-5.376731672110526e-11,-1.8565149420814057e-11
100.2,4.810299999847499,-5.380444613176729e-11,-1.8565149420814057e-11
100.22,4.812299999847437,-5.3841575542429325e-11,-1.8565149420814057e-11
100.24,4.814299999847376,-5.387870495309136e-11,-1.8565149420814057e-11
100.26,4.816299999847314,-5.391583436375339e-11,-1.8565149420814057e-11
100.28,4.818299999847253,-5.3952963774415423e-11,-1.8565149420814057e-11
100.3,4.820299999847191,-5.3990093185077456e-11,-1.8565149420814057e-11
100.32,4.82229999984713,-5.402722259573949e-11,-1.8565149420814057e-11
100.34,4.824299999847068,-5.406435200640152e-11,-1.8565149420814057e-11
100.36,4.826299999847007,-5.4101481417063555e-11,-1.8565149420814057e-11
100.38,4.828299999846945,-5.413861082772559e-11,-1.8565149420814057e-11
100.4,4.830299999846884,-5.417574023838762e-11,-1.8565149420814057e-11
100.42,4.832299999846822,-5.4212869649049653e-11,-1.8565149420814057e-11
100.44,4.834299999846761,-5.4249999059711686e-11,-1.8565149420814057e-11
100.46,4.836299999846699,-5.428712847037372e-11,-1.8565149420814057e-11
100.48,4.838299999846638,-5.432425788103575e-11,-1.8565149420814057e-11
100.5,4.840299999846576,-5.4361387291697785e-11,-1.8565149420814057e-11
100.52,4.842299999846515,-5.439851670235982e-11,-1.8565149420814057e-11
100.54,4.844299999846453,-5.443564611302185e-11,-1.8565149420814057e-11
100.56,4.846299999846392,-5.4472775523683884e-11,-1.8565149420814057e-11
100.58,4.84829999984633,-5.4509904934345917e-11,-1.8565149420814057e-11
100.6,4.850299999846269,-5.454703434500795e-11,-1.8565149420814057e-11
100.62,4.852299999846207,-5.458416375566998e-11,-1.8565149420814057e-11
100.64,4.854299999846146,-5.4621293166332015e-11,-1.8565149420814057e-11
100.66,4.856299999846084,-5.465842257699405e-11,-1.8565149420814057e-11
100.68,4.858299999846023,-5.469555198765608e-11,-1.8565149420814057e-11
100.7,4.860299999845961,-5.4732681398318114e-11,-1.8565149420814057e-11
100.72,4.8622999998459,-5.4769810808980147e-11,-1.8565149420814057e-11
100.74,4.864299999845838,-5.480694021964218e-11,-1.8565149420814057e-11
100.76,4.8662999998457765,-5.484406963030421e-11,-1.8565149420814057e-11
100.78,4.868299999845715,-5.4881199040966245e-11,-1.8565149420814057e-11
100.8,4.8702999998456535,-5.491832845162828e-11,-1.8565149420814057e-11
100.82,4.872299999845592,-5.495545786229031e-11,-1.8565149420814057e-11
100.84,4.8742999998455305,-5.4992587272952344e-11,-1.8565149420814057e-11
100.86,4.876299999845469,-5.502971668361438e-11,-1.8565149420814057e-11
100.88,4.8782999998454075,-5.506684609427641e-11,-1.8565149420814057e-11
100.9,4.880299999845346,-5.510397550493844e-11,-1.8565149420814057e-11
100.92,4.8822999998452845,-5.5141104915600475e-11,-1.8565149420814057e-11
100.94,4.884299999845223,-5.517823432626251e-11,-1.8565149420814057e-11
100.96,4.8862999998451615,-5.521536373692454e-11,-1.8565149420814057e-11
100.98,4.8882999998451,-5.5252493147586574e-11,-1.8565149420814057e-11
101.0,4.8902999998450385,-5.528962255824861e-11,-1.8565149420814057e-11
101.02,4.892299999844977,-5.532675196891064e-11,-1.8565149420814057e-11
101.04,4.8942999998449155,-5.536388137957267e-11,-1.8565149420814057e-11
101.06,4.896299999844854,-5.5401010790234706e-11,-1.8565149420814057e-11
101.08,4.8982999998447925,-5.543814020089674e-11,-1.8565149420814057e-11
101.1,4.900299999844731,-5.547526961155877e-11,-1.8565149420814057e-11
101.12,4.9022999998446695,-5.5512399022220804e-11,-1.8565149420814057e-11
101.14,4.904299999844608,-5.554952843288284e-11,-1.8565149420814057e-11
101.16,4.9062999998445465,-5.558665784354487e-11,-1.8565149420814057e-11
101.18,4.908299999844485,-5.56237872542069e-11,-1.8565149420814057e-11
101.2,4.9102999998444234,-5.5660916664868936e-11,-1.8565149420814057e-11
101.22,4.912299999844362,-5.569804607553097e-11,-1.8565149420814057e-11
101.24,4.9142999998443,-5.5735175486193e-11,-1.8565149420814057e-11
101.26,4.916299999844239,-5.5772304896855034e-11,-1.8565149420814057e-11
101.28,4.918299999844177,-5.580943430751707e-11,-1.8565149420814057e-11
101.3,4.920299999844116,-5.58465637181791e-11,-1.8565149420814057e-11
101.32,4.922299999844054,-5.588369312884113e-11,-1.8565149420814057e-11
101.34,4.924299999843993,-5.5920822539503166e-11,-1.8565149420814057e-11
101.36,4.926299999843931,-5.59579519501652e-11,-1.8565149420814057e-11
101.38,4.92829999984387,-5.599508136082723e-11,-1.8565149420814057e-11
101.4,4.930299999843808,-5.6032210771489265e-11,-1.8565149420814057e-11
101.42,4.932299999843747,-5.60693401821513e-11,-1.8565149420814057e-11
101.44,4.934299999843685,-5.610646959281333e-11,-1.8565149420814057e-11
101.46,4.936299999843624,-5.614359900347536e-11,-1.8565149420814057e-11
101.48,4.938299999843562,-5.6180728414137396e-11,-1.8565149420814057e-11
101.5,4.940299999843501,-5.621785782479943e-11,-1.8565149420814057e-11
101.52,4.942299999843439,-5.625498723546146e-11,-1.8565149420814057e-11
101.54,4.944299999843378,-5.6292116646123495e-11,-1.8565149420814057e-11
101.56,4.946299999843316,-5.632924605678553e-11,-1.8565149420814057e-11
101.58,4.948299999843255,-5.636637546744756e-11,-1.8565149420814057e-11
101.6,4.950299999843193,-5.6403504878109593e-11,-1.8565149420814057e-11
101.62,4.952299999843132,-5.6440634288771626e-11,-1.8565149420814057e-11
101.64,4.95429999984307,-5.647776369943366e-11,-1.8565149420814057e-11
101.66,4.956299999843009,-5.651489311009569e-11,-1.8565149420814057e-11
101.68,4.958299999842947,-5.6552022520757725e-11,-1.8565149420814057e-11
101.7,4.960299999842886,-5.658915193141976e-11,-1.8565149420814057e-11
101.72,4.962299999842824,-5.662628134208179e-11,-1.8565149420814057e-11
101.74,4.964299999842763,-5.6663410752743824e-11,-1.8565149420814057e-11
101.76,4.966299999842701,-5.6700540163405856e-11,-1.8565149420814057e-11
101.78,4.96829999984264,-5.673766957406789e-11,-1.8565149420814057e-11
101.8,4.970299999842578,-5.677479898472992e-11,-1.8565149420814057e-11
101.82,4.972299999842517,-5.6811928395391955e-11,-1.8565149420814057e-11
101.84,4.974299999842455,-5.684905780605399e-11,-1.8565149420814057e-11
101.86,4.976299999842394,-5.688618721671602e-11,-1.8565149420814057e-11
101.88,4.978299999842332,-5.6923316627378054e-11,-1.8565149420814057e-11
101.9,4.980299999842271,-5.6960446038040087e-11,-1.8565149420814057e-11
101.92,4.982299999842209,-5.699757544870212e-11,-1.8565149420814057e-11
101.94,4.984299999842148,-5.703470485936415e-11,-1.8565149420814057e-11
101.96,4.986299999842086,-5.7071834270026185e-11,-1.8565149420814057e-11
101.98,4.988299999842025,-5.710896368068822e-11,-1.8565149420814057e-11
102.0,4.990299999841963,-5.714609309135025e-11,-1.8565149420814057e-11
102.02,4.992299999841902,-5.7183222502012284e-11,-1.8565149420814057e-11
102.04,4.99429999984184,-5.7220351912674317e-11,-1.8565149420814057e-11
102.06,4.996299999841779,-5.725748132333635e-11,-1.8565149420814057e-11
102.08,4.998299999841717,-5.729461073399838e-11,-1.8565149420814057e-11
102.1,5.000299999841656,-5.7331740144660415e-11,-1.8565149420814057e-11
102.12,5.002299999841594,-5.736886955532245e-11,-1.8565149420814057e-11
102.14,5.004299999841533,-5.740599896598448e-11,-1.8565149420814057e-11
102.16,5.006299999841471,-5.7443128376646514e-11,-1.8565149420814057e-11
102.18,5.00829999984141,-5.748025778730855e-11,-1.8565149420814057e-11
102.2,5.010299999841348,-5.751738719797058e-11,-1.8565149420814057e-11
102.22,5.012299999841287,-5.755451660863261e-11,-1.8565149420814057e-11
102.24,5.014299999841225,-5.7591646019294646e-11,-1.8565149420814057e-11
102.26,5.016299999841164,-5.762877542995668e-11,-1.8565149420814057e-11
102.28,5.018299999841102,-5.766590484061871e-11,-1.8565149420814057e-11
102.3,5.020299999841041,-5.7703034251280744e-11,-1.8565149420814057e-11
102.32,5.022299999840979,-5.774016366194278e-11,-1.8565149420814057e-11
102.34,5.024299999840918,-5.777729307260481e-11,-1.8565149420814057e-11
102.36,5.026299999840856,-5.781442248326684e-11,-1.8565149420814057e-11
102.38,5.028299999840795,-5.7851551893928876e-11,-1.8565149420814057e-11
102.4,5.030299999840733,-5.788868130459091e-11,-1.8565149420814057e-11
102.42,5.032299999840672,-5.792581071525294e-11,-1.8565149420814057e-11
102.44,5.03429999984061,-5.7962940125914974e-11,-1.8565149420814057e-11
102.46,5.036299999840549,-5.800006953657701e-11,-1.8565149420814057e-11
102.48,5.038299999840487,-5.803719894723904e-11,-1.8565149420814057e-11
102.5,5.040299999840426,-5.807432835790107e-11,-1.8565149420814057e-11
102.52,5.042299999840364,-5.8111457768563106e-11,-1.8565149420814057e-11
102.54,5.044299999840303,-5.814858717922514e-11,-1.8565149420814057e-11
102.56,5.046299999840241,-5.818571658988717e-11,-1.8565149420814057e-11
102.58,5.04829999984018,-5.82228460005492e-11,-1.8565149420814057e-11
102.6,5.050299999840118,-5.825997541121126e-11,-1.8565149420814057e-11
102.62,5.052299999840057,-5.829710482187332e-11,-1.8565149420814057e-11
102.64,5.054299999839995,-5.833423423253538e-11,-1.8565149420814057e-11
102.66,5.056299999839934,-5.837136364319744e-11,-1.8565149420814057e-11
102.68,5.058299999839872,-5.84084930538595e-11,-1.8565149420814057e-11
102.7,5.060299999839811,-5.844562246452156e-11,-1.8565149420814057e-11
102.72,5.062299999839749,-5.848275187518362e-11,-1.8565149420814057e-11
102.74,5.064299999839688,-5.851988128584567e-11,-1.8565149420814057e-11
102.76,5.066299999839626,-5.855701069650773e-11,-1.8565149420814057e-11
102.78,5.068299999839565,-5.859414010716979e-11,-1.8565149420814057e-11
102.8,5.070299999839503,-5.863126951783185e-11,-1.8565149420814057e-11
102.82,5.072299999839442,-5.866839892849391e-11,-1.8565149420814057e-11
102.84,5.07429999983938,-5.870552833915597e-11,-1.8565149420814057e-11
102.86,5.076299999839319,-5.874265774981803e-11,-1.8565149420814057e-11
102.88,5.078299999839257,-5.877978716048009e-11,-1.8565149420814057e-11
102.9,5.080299999839196,-5.881691657114214e-11,-1.8565149420814057e-11
102.92,5.082299999839134,-5.88540459818042e-11,-1.8565149420814057e-11
102.94,5.0842999998390725,-5.889117539246626e-11,-1.8565149420814057e-11
102.96,5.086299999839011,-5.892830480312832e-11,-1.8565149420814057e-11
102.98,5.0882999998389495,-5.896543421379038e-11,-1.8565149420814057e-11
103.0,5.090299999838888,-5.900256362445244e-11,-1.8565149420814057e-11
103.02,5.0922999998388265,-5.90396930351145e-11,-1.8565149420814057e-11
103.04,5.094299999838765,-5.907682244577656e-11,-1.8565149420814057e-11
103.06,5.0962999998387035,-5.911395185643861e-11,-1.8565149420814057e-11
103.08,5.098299999838642,-5.915108126710067e-11,-1.8565149420814057e-11
103.1,5.1002999998385805,-5.918821067776273e-11,-1.8565149420814057e-11
103.12,5.102299999838519,-5.922534008842479e-11,-1.8565149420814057e-11
103.14,5.1042999998384575,-5.926246949908685e-11,-1.8565149420814057e-11
103.16,5.106299999838396,-5.929959890974891e-11,-1.8565149420814057e-11
103.18,5.1082999998383345,-5.933672832041097e-11,-1.8565149420814057e-11
103.2,5.110299999838273,-5.937385773107303e-11,-1.8565149420814057e-11
103.22,5.1122999998382115,-5.941098714173508e-11,-1.8565149420814057e-11
103.24,5.11429999983815,-5.944811655239714e-11,-1.8565149420814057e-11
103.26,5.1162999998380885,-5.94852459630592e-11,-1.8565149420814057e-11
103.28,5.118299999838027,-5.952237537372126e-11,-1.8565149420814057e-11
103.3,5.1202999998379655,-5.955950478438332e-11,-1.8565149420814057e-11
103.32,5.122299999837904,-5.959663419504538e-11,-1.8565149420814057e-11
103.34,5.1242999998378425,-5.963376360570744e-11,-1.8565149420814057e-11
103.36,5.126299999837781,-5.96708930163695e-11,-1.8565149420814057e-11
103.38,5.1282999998377194,-5.970802242703155e-11,-1.8565149420814057e-11
103.4,5.130299999837658,-5.974515183769361e-11,-1.8565149420814057e-11
103.42,5.132299999837596,-5.978228124835567e-11,-1.8565149420814057e-11
103.44,5.134299999837535,-5.981941065901773e-11,-1.8565149420814057e-11
103.46,5.136299999837473,-5.985654006967979e-11,-1.8565149420814057e-11
103.48,5.138299999837412,-5.989366948034185e-11,-1.8565149420814057e-11
103.5,5.14029999983735,-5.99307988910039e-11,-1.8565149420814057e-11
103.52,5.142299999837289,-5.996792830166596e-11,-1.8565149420814057e-11
103.54,5.144299999837227,-6.000505771232802e-11,-1.8565149420814057e-11
103.56,5.146299999837166,-6.004218712299008e-11,-1.8565149420814057e-11
103.58,5.148299999837104,-6.007931653365214e-11,-1.8565149420814057e-11
103.6,5.150299999837043,-6.01164459443142e-11,-1.8565149420814057e-11
103.62,5.152299999836981,-6.015357535497626e-11,-1.8565149420814057e-11
103.64,5.15429999983692,-6.019070476563832e-11,-1.8565149420814057e-11
103.66,5.156299999836858,-6.022783417630038e-11,-1.8565149420814057e-11
103.68,5.158299999836797,-6.026496358696243e-11,-1.8565149420814057e-11
103.7,5.160299999836735,-6.030209299762449e-11,-1.8565149420814057e-11
103.72,5.162299999836674,-6.033922240828655e-11,-1.8565149420814057e-11
103.74,5.164299999836612,-6.037635181894861e-11,-1.8565149420814057e-11
103.76,5.166299999836551,-6.041348122961067e-11,-1.8565149420814057e-11
103.78,5.168299999836489,-6.045061064027273e-11,-1.8565149420814057e-11
103.8,5.170299999836428,-6.048774005093479e-11,-1.8565149420814057e-11
103.82,5.172299999836366,-6.052486946159685e-11,-1.8565149420814057e-11
103.84,5.174299999836305,-6.05619988722589e-11,-1.8565149420814057e-11
103.86,5.176299999836243,-6.059912828292096e-11,-1.8565149420814057e-11
103.88,5.178299999836182,-6.063625769358302e-11,-1.8565149420814057e-11
103.9,5.18029999983612,-6.067338710424508e-11,-1.8565149420814057e-11
103.92,5.182299999836059,-6.071051651490714e-11,-1.8565149420814057e-11
103.94,5.184299999835997,-6.07476459255692e-11,-1.8565149420814057e-11
103.96,5.186299999835936,-6.078477533623126e-11,-1.8565149420814057e-11
103.98,5.188299999835874,-6.082190474689332e-11,-1.8565149420814057e-11
104.0,5.190299999835813,-6.085903415755537e-11,-1.8565149420814057e-11
104.02,5.192299999835751,-6.089616356821743e-11,-1.8565149420814057e-11
104.04,5.19429999983569,-6.093329297887949e-11,-1.8565149420814057e-11
104.06,5.196299999835628,-6.097042238954155e-11,-1.8565149420814057e-11
104.08,5.198299999835567,-6.100755180020361e-11,-1.8565149420814057e-11
104.1,5.200299999835505,-6.104468121086567e-11,-1.8565149420814057e-11
104.12,5.202299999835444,-6.108181062152773e-11,-1.8565149420814057e-11
104.14,5.204299999835382,-6.111894003218979e-11,-1.8565149420814057e-11
104.16,5.206299999835321,-6.115606944285184e-11,-1.8565149420814057e-11
104.18,5.208299999835259,-6.11931988535139e-11,-1.8565149420814057e-11
104.2,5.210299999835198,-6.123032826417596e-11,-1.8565149420814057e-11
104.22,5.212299999835136,-6.126745767483802e-11,-1.8565149420814057e-11
104.24,5.214299999835075,-6.130458708550008e-11,-1.8565149420814057e-11
104.26,5.216299999835013,-6.134171649616214e-11,-1.8565149420814057e-11
104.28,5.218299999834952,-6.13788459068242e-11,-1.8565149420814057e-11
104.3,5.22029999983489,-6.141597531748626e-11,-1.8565149420814057e-11
104.32,5.222299999834829,-6.145310472814831e-11,-1.8565149420814057e-11
104.34,5.224299999834767,-6.149023413881037e-11,-1.8565149420814057e-11
104.36,5.226299999834706,-6.152736354947243e-11,-1.8565149420814057e-11
104.38,5.228299999834644,-6.156449296013449e-11,-1.8565149420814057e-11
104.4,5.230299999834583,-6.160162237079655e-11,-1.8565149420814057e-11
104.42,5.232299999834521,-6.163875178145861e-11,-1.8565149420814057e-11
104.44,5.23429999983446,-6.167588119212067e-11,-1.8565149420814057e-11
104.46,5.236299999834398,-6.171301060278272e-11,-1.8565149420814057e-11
104.48,5.238299999834337,-6.175014001344478e-11,-1.8565149420814057e-11
104.5,5.240299999834275,-6.178726942410684e-11,-1.8565149420814057e-11
104.52,5.242299999834214,-6.18243988347689e-11,-1.8565149420814057e-11
104.54,5.244299999834152,-6.186152824543096e-11,-1.8565149420814057e-11
104.56,5.246299999834091,-6.189865765609302e-11,-1.8565149420814057e-11
104.58,5.248299999834029,-6.193578706675508e-11,-1.8565149420814057e-11
104.6,5.250299999833968,-6.197291647741714e-11,-1.8565149420814057e-11
104.62,5.252299999833906,-6.20100458880792e-11,-1.8565149420814057e-11
104.64,5.254299999833845,-6.204717529874125e-11,-1.8565149420814057e-11
104.66,5.256299999833783,-6.208430470940331e-11,-1.8565149420814057e-11
104.68,5.258299999833722,-6.212143412006537e-11,-1.8565149420814057e-11
104.7,5.26029999983366,-6.215856353072743e-11,-1.8565149420814057e-11
104.72,5.262299999833599,-6.219569294138949e-11,-1.8565149420814057e-11
104.74,5.264299999833537,-6.223282235205155e-11,-1.8565149420814057e-11
104.76,5.266299999833476,-6.22699517627136e-11,-1.8565149420814057e-11
104.78,5.268299999833414,-6.230708117337566e-11,-1.8565149420814057e-11
104.8,5.270299999833353,-6.234421058403772e-11,-1.8565149420814057e-11
104.82,5.272299999833291,-6.238133999469978e-11,-1.8565149420814057e-11
104.84,5.27429999983323,-6.241846940536184e-11,-1.8565149420814057e-11
104.86,5.276299999833168,-6.24555988160239e-11,-1.8565149420814057e-11
104.88,5.278299999833107,-6.249272822668596e-11,-1.8565149420814057e-11
104.9,5.280299999833045,-6.252985763734802e-11,-1.8565149420814057e-11
104.92,5.282299999832984,-6.256698704801008e-11,-1.8565149420814057e-11
104.94,5.284299999832922,-6.260411645867213e-11,-1.8565149420814057e-11
104.96,5.286299999832861,-6.264124586933419e-11,-1.8565149420814057e-11
104.98,5.288299999832799,-6.267837527999625e-11,-1.8565149420814057e-11
105.0,5.290299999832738,-6.271550469065831e-11,-1.8565149420814057e-11
105.02,5.292299999832676,-6.275263410132037e-11,-1.8565149420814057e-11
105.04,5.294299999832615,-6.278976351198243e-11,-1.8565149420814057e-11
105.06,5.296299999832553,-6.282689292264449e-11,-1.8565149420814057e-11
105.08,5.298299999832492,-6.286402233330655e-11,-1.8565149420814057e-11
105.1,5.30029999983243,-6.29011517439686e-11,-1.8565149420814057e-11
105.12,5.3022999998323685,-6.293828115463066e-11,-1.8565149420814057e-11
105.14,5.304299999832307,-6.297541056529272e-11,-1.8565149420814057e-11
105.16,5.3062999998322455,-6.301253997595478e-11,-1.8565149420814057e-11
105.18,5.308299999832184,-6.304966938661684e-11,-1.8565149420814057e-11
105.2,5.3102999998321225,-6.30867987972789e-11,-1.8565149420814057e-11
105.22,5.312299999832061,-6.312392820794096e-11,-1.8565149420814057e-11
105.24,5.3142999998319995,-6.316105761860302e-11,-1.8565149420814057e-11
105.26,5.316299999831938,-6.319818702926507e-11,-1.8565149420814057e-11
105.28,5.3182999998318765,-6.323531643992713e-11,-1.8565149420814057e-11
105.3,5.320299999831815,-6.327244585058919e-11,-1.8565149420814057e-11
105.32,5.3222999998317535,-6.330957526125125e-11,-1.8565149420814057e-11
105.34,5.324299999831692,-6.334670467191331e-11,-1.8565149420814057e-11
105.36,5.3262999998316305,-6.338383408257537e-11,-1.8565149420814057e-11
105.38,5.328299999831569,-6.342096349323743e-11,-1.8565149420814057e-11
105.4,5.3302999998315075,-6.345809290389949e-11,-1.8565149420814057e-11
105.42,5.332299999831446,-6.349522231456154e-11,-1.8565149420814057e-11
105.44,5.3342999998313845,-6.35323517252236e-11,-1.8565149420814057e-11
105.46,5.336299999831323,-6.356948113588566e-11,-1.8565149420814057e-11
105.48,5.3382999998312615,-6.360661054654772e-11,-1.8565149420814057e-11
105.5,5.3402999998312,-6.364373995720978e-11,-1.8565149420814057e-11
105.52,5.3422999998311385,-6.368086936787184e-11,-1.8565149420814057e-11
105.54,5.344299999831077,-6.37179987785339e-11,-1.8565149420814057e-11
105.56,5.3462999998310154,-6.375512818919596e-11,-1.8565149420814057e-11
105.58,5.348299999830954,-6.379225759985801e-11,-1.8565149420814057e-11
105.6,5.350299999830892,-6.382938701052007e-11,-1.8565149420814057e-11
105.62,5.352299999830831,-6.386651642118213e-11,-1.8565149420814057e-11
105.64,5.354299999830769,-6.390364583184419e-11,-1.8565149420814057e-11
105.66,5.356299999830708,-6.394077524250625e-11,-1.8565149420814057e-11
105.68,5.358299999830646,-6.397790465316831e-11,-1.8565149420814057e-11
105.7,5.360299999830585,-6.401503406383037e-11,-1.8565149420814057e-11
105.72,5.362299999830523,-6.405216347449242e-11,-1.8565149420814057e-11
105.74,5.364299999830462,-6.408929288515448e-11,-1.8565149420814057e-11
105.76,5.3662999998304,-6.412642229581654e-11,-1.8565149420814057e-11
105.78,5.368299999830339,-6.41635517064786e-11,-1.8565149420814057e-11
105.8,5.370299999830277,-6.420068111714066e-11,-1.8565149420814057e-11
105.82,5.372299999830216,-6.423781052780272e-11,-1.8565149420814057e-11
105.84,5.374299999830154,-6.427493993846478e-11,-1.8565149420814057e-11
105.86,5.376299999830093,-6.431206934912684e-11,-1.8565149420814057e-11
105.88,5.378299999830031,-6.43491987597889e-11,-1.8565149420814057e-11
105.9,5.38029999982997,-6.438632817045095e-11,-1.8565149420814057e-11
105.92,5.382299999829908,-6.442345758111301e-11,-1.8565149420814057e-11
105.94,5.384299999829847,-6.446058699177507e-11,-1.8565149420814057e-11
105.96,5.386299999829785,-6.449771640243713e-11,-1.8565149420814057e-11
105.98,5.388299999829724,-6.453484581309919e-11,-1.8565149420814057e-11
106.0,5.390299999829662,-6.457197522376125e-11,-1.8565149420814057e-11
106.02,5.392299999829601,-6.46091046344233e-11,-1.8565149420814057e-11
106.04,5.394299999829539,-6.464623404508536e-11,-1.8565149420814057e-11
106.06,5.396299999829478,-6.468336345574742e-11,-1.8565149420814057e-11
106.08,5.398299999829416,-6.472049286640948e-11,-1.8565149420814057e-11
106.1,5.400299999829355,-6.475762227707154e-11,-1.8565149420814057e-11
106.12,5.402299999829293,-6.47947516877336e-11,-1.8565149420814057e-11
106.14,5.404299999829232,-6.483188109839566e-11,-1.8565149420814057e-11
106.16,5.40629999982917,-6.486901050905772e-11,-1.8565149420814057e-11
106.18,5.408299999829109,-6.490613991971978e-11,-1.8565149420814057e-11
106.2,5.410299999829047,-6.494326933038183e-11,-1.8565149420814057e-11
106.22,5.412299999828986,-6.498039874104389e-11,-1.8565149420814057e-11
106.24,5.414299999828924,-6.501752815170595e-11,-1.8565149420814057e-11
106.26,5.416299999828863,-6.505465756236801e-11,-1.8565149420814057e-11
106.28,5.418299999828801,-6.509178697303007e-11,-1.8565149420814057e-11
106.3,5.42029999982874,-6.512891638369213e-11,-1.8565149420814057e-11
106.32,5.422299999828678,-6.516604579435419e-11,-1.8565149420814057e-11
106.34,5.424299999828617,-6.520317520501625e-11,-1.8565149420814057e-11
106.36,5.426299999828555,-6.52403046156783e-11,-1.8565149420814057e-11
106.38,5.428299999828494,-6.527743402634036e-11,-1.8565149420814057e-11
106.4,5.430299999828432,-6.531456343700242e-11,-1.8565149420814057e-11
106.42,5.432299999828371,-6.535169284766448e-11,-1.8565149420814057e-11
106.44,5.434299999828309,-6.538882225832654e-11,-1.8565149420814057e-11
106.46,5.436299999828248,-6.54259516689886e-11,-1.8565149420814057e-11
106.48,5.438299999828186,-6.546308107965066e-11,-1.8565149420814057e-11
106.5,5.440299999828125,-6.550021049031272e-11,-1.8565149420814057e-11
106.52,5.442299999828063,-6.553733990097477e-11,-1.8565149420814057e-11
106.54,5.444299999828002,-6.557446931163683e-11,-1.8565149420814057e-11
106.56,5.44629999982794,-6.561159872229889e-11,-1.8565149420814057e-11
106.58,5.448299999827879,-6.564872813296095e-11,-1.8565149420814057e-11
106.6,5.450299999827817,-6.568585754362301e-11,-1.8565149420814057e-11
106.62,5.452299999827756,-6.572298695428507e-11,-1.8565149420814057e-11
106.64,5.454299999827694,-6.576011636494713e-11,-1.8565149420814057e-11
106.66,5.456299999827633,-6.579724577560919e-11,-1.8565149420814057e-11
106.68,5.458299999827571,-6.583437518627124e-11,-1.8565149420814057e-11
106.7,5.46029999982751,-6.58715045969333e-11,-1.8565149420814057e-11
106.72,5.462299999827448,-6.590863400759536e-11,-1.8565149420814057e-11
106.74,5.464299999827387,-6.594576341825742e-11,-1.8565149420814057e-11
106.76,5.466299999827325,-6.598289282891948e-11,-1.8565149420814057e-11
106.78,5.468299999827264,-6.602002223958154e-11,-1.8565149420814057e-11
106.8,5.470299999827202,-6.60571516502436e-11,-1.8565149420814057e-11
106.82,5.472299999827141,-6.609428106090565e-11,-1.8565149420814057e-11
106.84,5.474299999827079,-6.613141047156771e-11,-1.8565149420814057e-11
106.86,5.476299999827018,-6.616853988222977e-11,-1.8565149420814057e-11
106.88,5.478299999826956,-6.620566929289183e-11,-1.8565149420814057e-11
106.9,5.480299999826895,-6.624279870355389e-11,-1.8565149420814057e-11
106.92,5.482299999826833,-6.627992811421595e-11,-1.8565149420814057e-11
106.94,5.484299999826772,-6.631705752487801e-11,-1.8565149420814057e-11
106.96,5.48629999982671,-6.635418693554007e-11,-1.8565149420814057e-11
106.98,5.488299999826649,-6.639131634620212e-11,-1.8565149420814057e-11
107.0,5.490299999826587,-6.642844575686418e-11,-1.8565149420814057e-11
107.02,5.492299999826526,-6.646557516752624e-11,-1.8565149420814057e-11
107.04,5.494299999826464,-6.65027045781883e-11,-1.8565149420814057e-11
107.06,5.496299999826403,-6.653983398885036e-11,-1.8565149420814057e-11
107.08,5.498299999826341,-6.657696339951242e-11,-1.8565149420814057e-11
107.1,5.50029999982628,-6.661409281017448e-11,-1.8565149420814057e-11
107.12,5.502299999826218,-6.665122222083654e-11,-1.8565149420814057e-11
107.14,5.504299999826157,-6.66883516314986e-11,-1.8565149420814057e-11
107.16,5.506299999826095,-6.672548104216065e-11,-1.8565149420814057e-11
107.18,5.508299999826034,-6.676261045282271e-11,-1.8565149420814057e-11
107.2,5.510299999825972,-6.679973986348477e-11,-1.8565149420814057e-11
107.22,5.512299999825911,-6.683686927414683e-11,-1.8565149420814057e-11
107.24,5.514299999825849,-6.687399868480889e-11,-1.8565149420814057e-11
107.26,5.516299999825788,-6.691112809547095e-11,-1.8565149420814057e-11
107.28,5.518299999825726,-6.6948257506133e-11,-1.8565149420814057e-11
107.3,5.5202999998256645,-6.698538691679506e-11,-1.8565149420814057e-11
107.32,5.522299999825603,-6.702251632745712e-11,-1.8565149420814057e-11
107.34,5.5242999998255415,-6.705964573811918e-11,-1.8565149420814057e-11
107.36,5.52629999982548,-6.709677514878124e-11,-1.8565149420814057e-11
107.38,5.5282999998254185,-6.71339045594433e-11,-1.8565149420814057e-11
107.4,5.530299999825357,-6.717103397010536e-11,-1.8565149420814057e-11
107.42,5.5322999998252955,-6.720816338076742e-11,-1.8565149420814057e-11
107.44,5.534299999825234,-6.724529279142948e-11,-1.8565149420814057e-11
107.46,5.5362999998251725,-6.728242220209153e-11,-1.8565149420814057e-11
107.48,5.538299999825111,-6.731955161275359e-11,-1.8565149420814057e-11
107.5,5.5402999998250495,-6.735668102341565e-11,-1.8565149420814057e-11
107.52,5.542299999824988,-6.739381043407771e-11,-1.8565149420814057e-11
107.54,5.5442999998249265,-6.743093984473977e-11,-1.8565149420814057e-11
107.56,5.546299999824865,-6.746806925540183e-11,-1.8565149420814057e-11
107.58,5.5482999998248035,-6.750519866606389e-11,-1.8565149420814057e-11
107.6,5.550299999824742,-6.754232807672595e-11,-1.8565149420814057e-11
107.62,5.5522999998246805,-6.7579457487388e-11,-1.8565149420814057e-11
107.64,5.554299999824619,-6.761658689805006e-11,-1.8565149420814057e-11
107.66,5.5562999998245575,-6.765371630871212e-11,-1.8565149420814057e-11
107.68,5.558299999824496,-6.769084571937418e-11,-1.8565149420814057e-11
107.7,5.5602999998244345,-6.772797513003624e-11,-1.8565149420814057e-11
107.72,5.562299999824373,-6.77651045406983e-11,-1.8565149420814057e-11
107.74,5.5642999998243114,-6.780223395136036e-11,-1.8565149420814057e-11
107.76,5.56629999982425,-6.783936336202242e-11,-1.8565149420814057e-11
107.78,5.568299999824188,-6.787649277268447e-11,-1.8565149420814057e-11
107.8,5.570299999824127,-6.791362218334653e-11,-1.8565149420814057e-11
107.82,5.572299999824065,-6.795075159400859e-11,-1.8565149420814057e-11
107.84,5.574299999824004,-6.798788100467065e-11,-1.8565149420814057e-11
107.86,5.576299999823942,-6.802501041533271e-11,-1.8565149420814057e-11
107.88,5.578299999823881,-6.806213982599477e-11,-1.8565149420814057e-11
107.9,5.580299999823819,-6.809926923665683e-11,-1.8565149420814057e-11
107.92,5.582299999823758,-6.813639864731889e-11,-1.8565149420814057e-11
107.94,5.584299999823696,-6.817352805798094e-11,-1.8565149420814057e-11
107.96,5.586299999823635,-6.8210657468643e-11,-1.8565149420814057e-11
107.98,5.588299999823573,-6.824778687930506e-11,-1.8565149420814057e-11
108.0,5.590299999823512,-6.828491628996712e-11,-1.8565149420814057e-11
108.02,5.59229999982345,-6.832204570062918e-11,-1.8565149420814057e-11
108.04,5.594299999823389,-6.835917511129124e-11,-1.8565149420814057e-11
108.06,5.596299999823327,-6.83963045219533e-11,-1.8565149420814057e-11
108.08,5.598299999823266,-6.843343393261535e-11,-1.8565149420814057e-11
108.1,5.600299999823204,-6.847056334327741e-11,-1.8565149420814057e-11
108.12,5.602299999823143,-6.850769275393947e-11,-1.8565149420814057e-11
108.14,5.604299999823081,-6.854482216460153e-11,-1.8565149420814057e-11
108.16,5.60629999982302,-6.858195157526359e-11,-1.8565149420814057e-11
108.18,5.608299999822958,-6.861908098592565e-11,-1.8565149420814057e-11
108.2,5.610299999822897,-6.865621039658771e-11,-1.8565149420814057e-11
108.22,5.612299999822835,-6.869333980724977e-11,-1.8565149420814057e-11
108.24,5.614299999822774,-6.873046921791182e-11,-1.8565149420814057e-11
108.26,5.616299999822712,-6.876759862857388e-11,-1.8565149420814057e-11
108.28,5.618299999822651,-6.880472803923594e-11,-1.8565149420814057e-11
108.3,5.620299999822589,-6.8841857449898e-11,-1.8565149420814057e-11
108.32,5.622299999822528,-6.887898686056006e-11,-1.8565149420814057e-11
108.34,5.624299999822466,-6.891611627122212e-11,-1.8565149420814057e-11
108.36,5.626299999822405,-6.895324568188418e-11,-1.8565149420814057e-11
108.38,5.628299999822343,-6.899037509254624e-11,-1.8565149420814057e-11
108.4,5.630299999822282,-6.90275045032083e-11,-1.8565149420814057e-11
108.42,5.63229999982222,-6.906463391387035e-11,-1.8565149420814057e-11
108.44,5.634299999822159,-6.910176332453241e-11,-1.8565149420814057e-11
108.46,5.636299999822097,-6.913889273519447e-11,-1.8565149420814057e-11
108.48,5.638299999822036,-6.917602214585653e-11,-1.8565149420814057e-11
108.5,5.640299999821974,-6.921315155651859e-11,-1.8565149420814057e-11
108.52,5.642299999821913,-6.925028096718065e-11,-1.8565149420814057e-11
108.54,5.644299999821851,-6.92874103778427e-11,-1.8565149420814057e-11
108.56,5.64629999982179,-6.932453978850476e-11,-1.8565149420814057e-11
108.58,5.648299999821728,-6.936166919916682e-11,-1.8565149420814057e-11
108.6,5.650299999821667,-6.939879860982888e-11,-1.8565149420814057e-11
108.62,5.652299999821605,-6.943592802049094e-11,-1.8565149420814057e-11
108.64,5.654299999821544,-6.9473057431153e-11,-1.8565149420814057e-11
108.66,5.656299999821482,-6.951018684181506e-11,-1.8565149420814057e-11
108.68,5.658299999821421,-6.954731625247712e-11,-1.8565149420814057e-11
108.7,5.660299999821359,-6.958444566313918e-11,-1.8565149420814057e-11
108.72,5.662299999821298,-6.962157507380123e-11,-1.8565149420814057e-11
108.74,5.664299999821236,-6.965870448446329e-11,-1.8565149420814057e-11
108.76,5.666299999821175,-6.969583389512535e-11,-1.8565149420814057e-11
108.78,5.668299999821113,-6.973296330578741e-11,-1.8565149420814057e-11
108.8,5.670299999821052,-6.977009271644947e-11,-1.8565149420814057e-11
108.82,5.67229999982099,-6.980722212711153e-11,-1.8565149420814057e-11
108.84,5.674299999820929,-6.984435153777359e-11,-1.8565149420814057e-11
108.86,5.676299999820867,-6.988148094843565e-11,-1.8565149420814057e-11
108.88,5.678299999820806,-6.99186103590977e-11,-1.8565149420814057e-11
108.9,5.680299999820744,-6.995573976975976e-11,-1.8565149420814057e-11
108.92,5.682299999820683,-6.999286918042182e-11,-1.8565149420814057e-11
108.94,5.684299999820621,-7.002999859108388e-11,-1.8565149420814057e-11
108.96,5.68629999982056,-7.006712800174594e-11,-1.8565149420814057e-11
108.98,5.688299999820498,-7.0104257412408e-11,-1.8565149420814057e-11
109.0,5.690299999820437,-7.014138682307006e-11,-1.8565149420814057e-11
109.02,5.692299999820375,-7.017851623373212e-11,-1.8565149420814057e-11
109.04,5.694299999820314,-7.021564564439417e-11,-1.8565149420814057e-11
109.06,5.696299999820252,-7.025277505505623e-11,-1.8565149420814057e-11
109.08,5.698299999820191,-7.028990446571829e-11,-1.8565149420814057e-11
109.1,5.700299999820129,-7.032703387638035e-11,-1.8565149420814057e-11
109.12,5.702299999820068,-7.036416328704241e-11,-1.8565149420814057e-11
109.14,5.704299999820006,-7.040129269770447e-11,-1.8565149420814057e-11
109.16,5.706299999819945,-7.043842210836653e-11,-1.8565149420814057e-11
109.18,5.708299999819883,-7.047555151902858e-11,-1.8565149420814057e-11
109.2,5.710299999819822,-7.051268092969064e-11,-1.8565149420814057e-11
109.22,5.71229999981976,-7.05498103403527e-11,-1.8565149420814057e-11
109.24,5.714299999819699,-7.058693975101476e-11,-1.8565149420814057e-11
109.26,5.716299999819637,-7.062406916167682e-11,-1.8565149420814057e-11
109.28,5.718299999819576,-7.066119857233888e-11,-1.8565149420814057e-11
109.3,5.720299999819514,-7.069832798300094e-11,-1.8565149420814057e-11
109.32,5.722299999819453,-7.0735457393663e-11,-1.8565149420814057e-11
109.34,5.724299999819391,-7.077258680432505e-11,-1.8565149420814057e-11
109.36,5.72629999981933,-7.080971621498711e-11,-1.8565149420814057e-11
109.38,5.728299999819268,-7.084684562564917e-11,-1.8565149420814057e-11
109.4,5.730299999819207,-7.088397503631123e-11,-1.8565149420814057e-11
109.42,5.732299999819145,-7.092110444697329e-11,-1.8565149420814057e-11
109.44,5.734299999819084,-7.095823385763535e-11,-1.8565149420814057e-11
109.46,5.736299999819022,-7.099536326829741e-11,-1.8565149420814057e-11
109.48,5.7382999998189606,-7.103249267895947e-11,-1.8565149420814057e-11
109.5,5.740299999818899,-7.106962208962152e-11,-1.8565149420814057e-11
109.52,5.7422999998188375,-7.110675150028358e-11,-1.8565149420814057e-11
109.54,5.744299999818776,-7.114388091094564e-11,-1.8565149420814057e-11
109.56,5.7462999998187145,-7.11810103216077e-11,-1.8565149420814057e-11
109.58,5.748299999818653,-7.121813973226976e-11,-1.8565149420814057e-11
109.6,5.7502999998185915,-7.125526914293182e-11,-1.8565149420814057e-11
109.62,5.75229999981853,-7.129239855359388e-11,-1.8565149420814057e-11
109.64,5.7542999998184685,-7.132952796425594e-11,-1.8565149420814057e-11
109.66,5.756299999818407,-7.1366657374918e-11,-1.8565149420814057e-11
109.68,5.7582999998183455,-7.140378678558005e-11,-1.8565149420814057e-11
109.7,5.760299999818284,-7.144091619624211e-11,-1.8565149420814057e-11
109.72,5.7622999998182225,-7.147804560690417e-11,-1.8565149420814057e-11
109.74,5.764299999818161,-7.151517501756623e-11,-1.8565149420814057e-11
109.76,5.7662999998180995,-7.155230442822829e-11,-1.8565149420814057e-11
109.78,5.768299999818038,-7.158943383889035e-11,-1.8565149420814057e-11
109.8,5.7702999998179765,-7.16265632495524e-11,-1.8565149420814057e-11
109.82,5.772299999817915,-7.166369266021446e-11,-1.8565149420814057e-11
109.84,5.7742999998178535,-7.170082207087652e-11,-1.8565149420814057e-11
109.86,5.776299999817792,-7.173795148153858e-11,-1.8565149420814057e-11
109.88,5.7782999998177305,-7.177508089220064e-11,-1.8565149420814057e-11
109.9,5.780299999817669,-7.18122103028627e-11,-1.8565149420814057e-11
109.92,5.7822999998176074,-7.184933971352476e-11,-1.8565149420814057e-11
109.94,5.784299999817546,-7.188646912418682e-11,-1.8565149420814057e-11
109.96,5.786299999817484,-7.192359853484888e-11,-1.8565149420814057e-11
109.98,5.788299999817423,-7.196072794551093e-11,-1.8565149420814057e-11
110.0,5.790299999817361,-7.199785735617299e-11,-1.8565149420814057e-11
110.02,5.7922999998173,-7.203498676683505e-11,-1.8565149420814057e-11
110.04,5.794299999817238,-7.207211617749711e-11,-1.8565149420814057e-11
110.06,5.796299999817177,-7.210924558815917e-11,-1.8565149420814057e-11
110.08,5.798299999817115,-7.214637499882123e-11,-1.8565149420814057e-11
110.1,5.800299999817054,-7.218350440948329e-11,-1.8565149420814057e-11
110.12,5.802299999816992,-7.222063382014535e-11,-1.8565149420814057e-11
110.14,5.804299999816931,-7.22577632308074e-11,-1.8565149420814057e-11
110.16,5.806299999816869,-7.229489264146946e-11,-1.8565149420814057e-11
110.18,5.808299999816808,-7.233202205213152e-11,-1.8565149420814057e-11
110.2,5.810299999816746,-7.236915146279358e-11,-1.8565149420814057e-11
110.22,5.812299999816685,-7.240628087345564e-11,-1.8565149420814057e-11
110.24,5.814299999816623,-7.24434102841177e-11,-1.8565149420814057e-11
110.26,5.816299999816562,-7.248053969477976e-11,-1.8565149420814057e-11
110.28,5.8182999998165,-7.251766910544182e-11,-1.8565149420814057e-11
110.3,5.820299999816439,-7.255479851610387e-11,-1.8565149420814057e-11
110.32,5.822299999816377,-7.259192792676593e-11,-1.8565149420814057e-11
110.34,5.824299999816316,-7.262905733742799e-11,-1.8565149420814057e-11
110.36,5.826299999816254,-7.266618674809005e-11,-1.8565149420814057e-11
110.38,5.828299999816193,-7.270331615875211e-11,-1.8565149420814057e-11
110.4,5.830299999816131,-7.274044556941417e-11,-1.8565149420814057e-11
110.42,5.83229999981607,-7.277757498007623e-11,-1.8565149420814057e-11
110.44,5.834299999816008,-7.281470439073828e-11,-1.8565149420814057e-11
110.46,5.836299999815947,-7.285183380140034e-11,-1.8565149420814057e-11
110.48,5.838299999815885,-7.28889632120624e-11,-1.8565149420814057e-11
110.5,5.840299999815824,-7.292609262272446e-11,-1.8565149420814057e-11
110.52,5.842299999815762,-7.296322203338652e-11,-1.8565149420814057e-11
110.54,5.844299999815701,-7.300035144404858e-11,-1.8565149420814057e-11
110.56,5.846299999815639,-7.303748085471064e-11,-1.8565149420814057e-11
110.58,5.848299999815578,-7.30746102653727e-11,-1.8565149420814057e-11
110.6,5.850299999815516,-7.311173967603475e-11,-1.8565149420814057e-11
110.62,5.852299999815455,-7.314886908669681e-11,-1.8565149420814057e-11
110.64,5.854299999815393,-7.318599849735887e-11,-1.8565149420814057e-11
110.66,5.856299999815332,-7.322312790802093e-11,-1.8565149420814057e-11
110.68,5.85829999981527,-7.326025731868299e-11,-1.8565149420814057e-11
110.7,5.860299999815209,-7.329738672934505e-11,-1.8565149420814057e-11
110.72,5.862299999815147,-7.333451614000711e-11,-1.8565149420814057e-11
110.74,5.864299999815086,-7.337164555066917e-11,-1.8565149420814057e-11
110.76,5.866299999815024,-7.340877496133122e-11,-1.8565149420814057e-11
110.78,5.868299999814963,-7.344590437199328e-11,-1.8565149420814057e-11
110.8,5.870299999814901,-7.348303378265534e-11,-1.8565149420814057e-11
110.82,5.87229999981484,-7.35201631933174e-11,-1.8565149420814057e-11
110.84,5.874299999814778,-7.355729260397946e-11,-1.8565149420814057e-11
110.86,5.876299999814717,-7.359442201464152e-11,-1.8565149420814057e-11
110.88,5.878299999814655,-7.363155142530358e-11,-1.8565149420814057e-11
110.9,5.880299999814594,-7.366868083596564e-11,-1.8565149420814057e-11
110.92,5.882299999814532,-7.37058102466277e-11,-1.8565149420814057e-11
110.94,5.884299999814471,-7.374293965728975e-11,-1.8565149420814057e-11
110.96,5.886299999814409,-7.378006906795181e-11,-1.8565149420814057e-11
110.98,5.888299999814348,-7.381719847861387e-11,-1.8565149420814057e-11
111.0,5.890299999814286,-7.385432788927593e-11,-1.8565149420814057e-11
111.02,5.892299999814225,-7.389145729993799e-11,-1.8565149420814057e-11
111.04,5.894299999814163,-7.392858671060005e-11,-1.8565149420814057e-11
111.06,5.896299999814102,-7.39657161212621e-11,-1.8565149420814057e-11
111.08,5.89829999981404,-7.400284553192416e-11,-1.8565149420814057e-11
111.1,5.900299999813979,-7.403997494258622e-11,-1.8565149420814057e-11
111.12,5.902299999813917,-7.407710435324828e-11,-1.8565149420814057e-11
111.14,5.904299999813856,-7.411423376391034e-11,-1.8565149420814057e-11
111.16,5.906299999813794,-7.41513631745724e-11,-1.8565149420814057e-11
111.18,5.908299999813733,-7.418849258523446e-11,-1.8565149420814057e-11
111.2,5.910299999813671,-7.422562199589652e-11,-1.8565149420814057e-11
111.22,5.91229999981361,-7.426275140655858e-11,-1.8565149420814057e-11
111.24,5.914299999813548,-7.429988081722063e-11,-1.8565149420814057e-11
111.26,5.916299999813487,-7.433701022788269e-11,-1.8565149420814057e-11
111.28,5.918299999813425,-7.437413963854475e-11,-1.8565149420814057e-11
111.3,5.920299999813364,-7.441126904920681e-11,-1.8565149420814057e-11
111.32,5.922299999813302,-7.444839845986887e-11,-1.8565149420814057e-11
111.34,5.924299999813241,-7.448552787053093e-11,-1.8565149420814057e-11
111.36,5.926299999813179,-7.452265728119299e-11,-1.8565149420814057e-11
111.38,5.928299999813118,-7.455978669185505e-11,-1.8565149420814057e-11
111.4,5.930299999813056,-7.45969161025171e-11,-1.8565149420814057e-11
111.42,5.932299999812995,-7.463404551317916e-11,-1.8565149420814057e-11
111.44,5.934299999812933,-7.467117492384122e-11,-1.8565149420814057e-11
111.46,5.936299999812872,-7.470830433450328e-11,-1.8565149420814057e-11
111.48,5.93829999981281,-7.474543374516534e-11,-1.8565149420814057e-11
111.5,5.940299999812749,-7.47825631558274e-11,-1.8565149420814057e-11
111.52,5.942299999812687,-7.481969256648946e-11,-1.8565149420814057e-11
111.54,5.944299999812626,-7.485682197715151e-11,-1.8565149420814057e-11
111.56,5.946299999812564,-7.489395138781357e-11,-1.8565149420814057e-11
111.58,5.948299999812503,-7.493108079847563e-11,-1.8565149420814057e-11
111.6,5.950299999812441,-7.496821020913769e-11,-1.8565149420814057e-11
111.62,5.95229999981238,-7.500533961979975e-11,-1.8565149420814057e-11
111.64,5.954299999812318,-7.504246903046181e-11,-1.8565149420814057e-11
111.66,5.9562999998122566,-7.507959844112387e-11,-1.8565149420814057e-11
111.68,5.958299999812195,-7.511672785178593e-11,-1.8565149420814057e-11
111.7,5.9602999998121335,-7.515385726244798e-11,-1.8565149420814057e-11
111.72,5.962299999812072,-7.519098667311004e-11,-1.8565149420814057e-11
111.74,5.9642999998120105,-7.52281160837721e-11,-1.8565149420814057e-11
111.76,5.966299999811949,-7.526524549443416e-11,-1.8565149420814057e-11
111.78,5.9682999998118875,-7.530237490509622e-11,-1.8565149420814057e-11
111.8,5.970299999811826,-7.533950431575828e-11,-1.8565149420814057e-11
111.82,5.9722999998117645,-7.537663372642034e-11,-1.8565149420814057e-11
111.84,5.974299999811703,-7.54137631370824e-11,-1.8565149420814057e-11
111.86,5.9762999998116415,-7.545089254774445e-11,-1.8565149420814057e-11
111.88,5.97829999981158,-7.548802195840651e-11,-1.8565149420814057e-11
111.9,5.9802999998115185,-7.552515136906857e-11,-1.8565149420814057e-11
111.92,5.982299999811457,-7.556228077973063e-11,-1.8565149420814057e-11
111.94,5.9842999998113955,-7.559941019039269e-11,-1.8565149420814057e-11
111.96,5.986299999811334,-7.563653960105475e-11,-1.8565149420814057e-11
111.98,5.9882999998112725,-7.567366901171681e-11,-1.8565149420814057e-11
112.0,5.990299999811211,-7.571079842237887e-11,-1.8565149420814057e-11
112.02,5.9922999998111495,-7.574792783304092e-11,-1.8565149420814057e-11
112.04,5.994299999811088,-7.578505724370298e-11,-1.8565149420814057e-11
112.06,5.9962999998110265,-7.582218665436504e-11,-1.8565149420814057e-11
112.08,5.998299999810965,-7.58593160650271e-11,-1.8565149420814057e-11
112.1,6.0002999998109035,-7.589644547568916e-11,-1.8565149420814057e-11
112.12,6.002299999810842,-7.593357488635122e-11,-1.8565149420814057e-11
112.14,6.00429999981078,-7.597070429701328e-11,-1.8565149420814057e-11
112.16,6.006299999810719,-7.600783370767534e-11,-1.8565149420814057e-11
112.18,6.008299999810657,-7.60449631183374e-11,-1.8565149420814057e-11
112.2,6.010299999810596,-7.608209252899945e-11,-1.8565149420814057e-11
112.22,6.012299999810534,-7.611922193966151e-11,-1.8565149420814057e-11
112.24,6.014299999810473,-7.615635135032357e-11,-1.8565149420814057e-11
112.26,6.016299999810411,-7.619348076098563e-11,-1.8565149420814057e-11
112.28,6.01829999981035,-7.623061017164769e-11,-1.8565149420814057e-11
112.3,6.020299999810288,-7.626773958230975e-11,-1.8565149420814057e-11
112.32,6.022299999810227,-7.63048689929718e-11,-1.8565149420814057e-11
112.34,6.024299999810165,-7.634199840363386e-11,-1.8565149420814057e-11
112.36,6.026299999810104,-7.637912781429592e-11,-1.8565149420814057e-11
112.38,6.028299999810042,-7.641625722495798e-11,-1.8565149420814057e-11
112.4,6.030299999809981,-7.645338663562004e-11,-1.8565149420814057e-11
112.42,6.032299999809919,-7.64905160462821e-11,-1.8565149420814057e-11
112.44,6.034299999809858,-7.652764545694416e-11,-1.8565149420814057e-11
112.46,6.036299999809796,-7.656477486760622e-11,-1.8565149420814057e-11
112.48,6.038299999809735,-7.660190427826828e-11,-1.8565149420814057e-11
112.5,6.040299999809673,-7.663903368893033e-11,-1.8565149420814057e-11
112.52,6.042299999809612,-7.667616309959239e-11,-1.8565149420814057e-11
112.54,6.04429999980955,-7.671329251025445e-11,-1.8565149420814057e-11
112.56,6.046299999809489,-7.675042192091651e-11,-1.8565149420814057e-11
112.58,6.048299999809427,-7.678755133157857e-11,-1.8565149420814057e-11
112.6,6.050299999809366,-7.682468074224063e-11,-1.8565149420814057e-11
112.62,6.052299999809304,-7.686181015290269e-11,-1.8565149420814057e-11
112.64,6.054299999809243,-7.689893956356475e-11,-1.8565149420814057e-11
112.66,6.056299999809181,-7.69360689742268e-11,-1.8565149420814057e-11
112.68,6.05829999980912,-7.697319838488886e-11,-1.8565149420814057e-11
112.7,6.060299999809058,-7.701032779555092e-11,-1.8565149420814057e-11
112.72,6.062299999808997,-7.704745720621298e-11,-1.8565149420814057e-11
112.74,6.064299999808935,-7.708458661687504e-11,-1.8565149420814057e-11
112.76,6.066299999808874,-7.71217160275371e-11,-1.8565149420814057e-11
112.78,6.068299999808812,-7.715884543819916e-11,-1.8565149420814057e-11
112.8,6.070299999808751,-7.719597484886121e-11,-1.8565149420814057e-11
112.82,6.072299999808689,-7.723310425952327e-11,-1.8565149420814057e-11
112.84,6.074299999808628,-7.727023367018533e-11,-1.8565149420814057e-11
112.86,6.076299999808566,-7.730736308084739e-11,-1.8565149420814057e-11
112.88,6.078299999808505,-7.734449249150945e-11,-1.8565149420814057e-11
112.9,6.080299999808443,-7.738162190217151e-11,-1.8565149420814057e-11
112.92,6.082299999808382,-7.741875131283357e-11,-1.8565149420814057e-11
112.94,6.08429999980832,-7.745588072349563e-11,-1.8565149420814057e-11
112.96,6.086299999808259,-7.749301013415768e-11,-1.8565149420814057e-11
112.98,6.088299999808197,-7.753013954481974e-11,-1.8565149420814057e-11
113.0,6.090299999808136,-7.75672689554818e-11,-1.8565149420814057e-11
113.02,6.092299999808074,-7.760439836614386e-11,-1.8565149420814057e-11
113.04,6.094299999808013,-7.764152777680592e-11,-1.8565149420814057e-11
113.06,6.096299999807951,-7.767865718746798e-11,-1.8565149420814057e-11
113.08,6.09829999980789,-7.771578659813004e-11,-1.8565149420814057e-11
113.1,6.100299999807828,-7.77529160087921e-11,-1.8565149420814057e-11
113.12,6.102299999807767,-7.779004541945415e-11,-1.8565149420814057e-11
113.14,6.104299999807705,-7.782717483011621e-11,-1.8565149420814057e-11
113.16,6.106299999807644,-7.786430424077827e-11,-1.8565149420814057e-11
113.18,6.108299999807582,-7.790143365144033e-11,-1.8565149420814057e-11
113.2,6.110299999807521,-7.793856306210239e-11,-1.8565149420814057e-11
113.22,6.112299999807459,-7.797569247276445e-11,-1.8565149420814057e-11
113.24,6.114299999807398,-7.801282188342651e-11,-1.8565149420814057e-11
113.26,6.116299999807336,-7.804995129408857e-11,-1.8565149420814057e-11
113.28,6.118299999807275,-7.808708070475062e-11,-1.8565149420814057e-11
113.3,6.120299999807213,-7.812421011541268e-11,-1.8565149420814057e-11
113.32,6.122299999807152,-7.816133952607474e-11,-1.8565149420814057e-11
113.34,6.12429999980709,-7.81984689367368e-11,-1.8565149420814057e-11
113.36,6.126299999807029,-7.823559834739886e-11,-1.8565149420814057e-11
113.38,6.128299999806967,-7.827272775806092e-11,-1.8565149420814057e-11
113.4,6.130299999806906,-7.830985716872298e-11,-1.8565149420814057e-11
113.42,6.132299999806844,-7.834698657938504e-11,-1.8565149420814057e-11
113.44,6.134299999806783,-7.83841159900471e-11,-1.8565149420814057e-11
113.46,6.136299999806721,-7.842124540070915e-11,-1.8565149420814057e-11
113.48,6.13829999980666,-7.845837481137121e-11,-1.8565149420814057e-11
113.5,6.140299999806598,-7.849550422203327e-11,-1.8565149420814057e-11
113.52,6.142299999806537,-7.853263363269533e-11,-1.8565149420814057e-11
113.54,6.144299999806475,-7.856976304335739e-11,-1.8565149420814057e-11
113.56,6.146299999806414,-7.860689245401945e-11,-1.8565149420814057e-11
113.58,6.148299999806352,-7.86440218646815e-11,-1.8565149420814057e-11
113.6,6.150299999806291,-7.868115127534356e-11,-1.8565149420814057e-11
113.62,6.152299999806229,-7.871828068600562e-11,-1.8565149420814057e-11
113.64,6.154299999806168,-7.875541009666768e-11,-1.8565149420814057e-11
113.66,6.156299999806106,-7.879253950732974e-11,-1.8565149420814057e-11
113.68,6.158299999806045,-7.88296689179918e-11,-1.8565149420814057e-11
113.7,6.160299999805983,-7.886679832865386e-11,-1.8565149420814057e-11
113.72,6.162299999805922,-7.890392773931592e-11,-1.8565149420814057e-11
113.74,6.16429999980586,-7.894105714997798e-11,-1.8565149420814057e-11
113.76,6.166299999805799,-7.897818656064003e-11,-1.8565149420814057e-11
113.78,6.168299999805737,-7.901531597130209e-11,-1.8565149420814057e-11
113.8,6.170299999805676,-7.905244538196415e-11,-1.8565149420814057e-11
113.82,6.172299999805614,-7.908957479262621e-11,-1.8565149420814057e-11
113.84,6.1742999998055526,-7.912670420328827e-11,-1.8565149420814057e-11
113.86,6.176299999805491,-7.916383361395033e-11,-1.8565149420814057e-11
113.88,6.1782999998054295,-7.920096302461239e-11,-1.8565149420814057e-11
113.9,6.180299999805368,-7.923809243527444e-11,-1.8565149420814057e-11
113.92,6.1822999998053065,-7.92752218459365e-11,-1.8565149420814057e-11
113.94,6.184299999805245,-7.931235125659856e-11,-1.8565149420814057e-11
113.96,6.1862999998051835,-7.934948066726062e-11,-1.8565149420814057e-11
113.98,6.188299999805122,-7.938661007792268e-11,-1.8565149420814057e-11
114.0,6.1902999998050605,-7.942373948858474e-11,-1.8565149420814057e-11
114.02,6.192299999804999,-7.94608688992468e-11,-1.8565149420814057e-11
114.04,6.1942999998049375,-7.949799830990886e-11,-1.8565149420814057e-11
114.06,6.196299999804876,-7.953512772057091e-11,-1.8565149420814057e-11
114.08,6.1982999998048145,-7.957225713123297e-11,-1.8565149420814057e-11
114.1,6.200299999804753,-7.960938654189503e-11,-1.8565149420814057e-11
114.12,6.2022999998046915,-7.964651595255709e-11,-1.8565149420814057e-11
114.14,6.20429999980463,-7.968364536321915e-11,-1.8565149420814057e-11
114.16,6.2062999998045685,-7.972077477388121e-11,-1.8565149420814057e-11
114.18,6.208299999804507,-7.975790418454327e-11,-1.8565149420814057e-11
114.2,6.2102999998044455,-7.979503359520533e-11,-1.8565149420814057e-11
114.22,6.212299999804384,-7.983216300586738e-11,-1.8565149420814057e-11
114.24,6.2142999998043225,-7.986929241652944e-11,-1.8565149420814057e-11
114.26,6.216299999804261,-7.99064218271915e-11,-1.8565149420814057e-11
114.28,6.2182999998041995,-7.994355123785356e-11,-1.8565149420814057e-11
114.3,6.220299999804138,-7.998068064851562e-11,-1.8565149420814057e-11
114.32,6.222299999804076,-8.001781005917768e-11,-1.8565149420814057e-11
114.34,6.224299999804015,-8.005493946983974e-11,-1.8565149420814057e-11
114.36,6.226299999803953,-8.00920688805018e-11,-1.8565149420814057e-11
114.38,6.228299999803892,-8.012919829116385e-11,-1.8565149420814057e-11
114.4,6.23029999980383,-8.016632770182591e-11,-1.8565149420814057e-11
114.42,6.232299999803769,-8.020345711248797e-11,-1.8565149420814057e-11
114.44,6.234299999803707,-8.024058652315003e-11,-1.8565149420814057e-11
114.46,6.236299999803646,-8.027771593381209e-11,-1.8565149420814057e-11
114.48,6.238299999803584,-8.031484534447415e-11,-1.8565149420814057e-11
114.5,6.240299999803523,-8.035197475513621e-11,-1.8565149420814057e-11
114.52,6.242299999803461,-8.038910416579827e-11,-1.8565149420814057e-11
114.54,6.2442999998034,-8.042623357646032e-11,-1.8565149420814057e-11
114.56,6.246299999803338,-8.046336298712238e-11,-1.8565149420814057e-11
114.58,6.248299999803277,-8.050049239778444e-11,-1.8565149420814057e-11
114.6,6.250299999803215,-8.05376218084465e-11,-1.8565149420814057e-11
114.62,6.252299999803154,-8.057475121910856e-11,-1.8565149420814057e-11
114.64,6.254299999803092,-8.061188062977062e-11,-1.8565149420814057e-11
114.66,6.256299999803031,-8.064901004043268e-11,-1.8565149420814057e-11
114.68,6.258299999802969,-8.068613945109474e-11,-1.8565149420814057e-11
114.7,6.260299999802908,-8.07232688617568e-11,-1.8565149420814057e-11
114.72,6.262299999802846,-8.076039827241885e-11,-1.8565149420814057e-11
114.74,6.264299999802785,-8.079752768308091e-11,-1.8565149420814057e-11
114.76,6.266299999802723,-8.083465709374297e-11,-1.8565149420814057e-11
114.78,6.268299999802662,-8.087178650440503e-11,-1.8565149420814057e-11
114.8,6.2702999998026,-8.090891591506709e-11,-1.8565149420814057e-11
114.82,6.272299999802539,-8.094604532572915e-11,-1.8565149420814057e-11
114.84,6.274299999802477,-8.09831747363912e-11,-1.8565149420814057e-11
114.86,6.276299999802416,-8.102030414705326e-11,-1.8565149420814057e-11
114.88,6.278299999802354,-8.105743355771532e-11,-1.8565149420814057e-11
114.9,6.280299999802293,-8.109456296837738e-11,-1.8565149420814057e-11
114.92,6.282299999802231,-8.113169237903944e-11,-1.8565149420814057e-11
114.94,6.28429999980217,-8.11688217897015e-11,-1.8565149420814057e-11
114.96,6.286299999802108,-8.120595120036356e-11,-1.8565149420814057e-11
114.98,6.288299999802047,-8.124308061102562e-11,-1.8565149420814057e-11
115.0,6.290299999801985,-8.128021002168768e-11,-1.8565149420814057e-11
115.02,6.292299999801924,-8.131733943234973e-11,-1.8565149420814057e-11
115.04,6.294299999801862,-8.135446884301179e-11,-1.8565149420814057e-11
115.06,6.296299999801801,-8.139159825367385e-11,-1.8565149420814057e-11
115.08,6.298299999801739,-8.142872766433591e-11,-1.8565149420814057e-11
115.1,6.300299999801678,-8.146585707499797e-11,-1.8565149420814057e-11
115.12,6.302299999801616,-8.150298648566003e-11,-1.8565149420814057e-11
115.14,6.304299999801555,-8.154011589632209e-11,-1.8565149420814057e-11
115.16,6.306299999801493,-8.157724530698414e-11,-1.8565149420814057e-11
115.18,6.308299999801432,-8.16143747176462e-11,-1.8565149420814057e-11
115.2,6.31029999980137,-8.165150412830826e-11,-1.8565149420814057e-11
115.22,6.312299999801309,-8.168863353897032e-11,-1.8565149420814057e-11
115.24,6.314299999801247,-8.172576294963238e-11,-1.8565149420814057e-11
115.26,6.316299999801186,-8.176289236029444e-11,-1.8565149420814057e-11
115.28,6.318299999801124,-8.18000217709565e-11,-1.8565149420814057e-11
115.3,6.320299999801063,-8.183715118161856e-11,-1.8565149420814057e-11
115.32,6.322299999801001,-8.187428059228061e-11,-1.8565149420814057e-11
115.34,6.32429999980094,-8.191141000294267e-11,-1.8565149420814057e-11
115.36,6.326299999800878,-8.194853941360473e-11,-1.8565149420814057e-11
115.38,6.328299999800817,-8.198566882426679e-11,-1.8565149420814057e-11
115.4,6.330299999800755,-8.202279823492885e-11,-1.8565149420814057e-11
115.42,6.332299999800694,-8.205992764559091e-11,-1.8565149420814057e-11
115.44,6.334299999800632,-8.209705705625297e-11,-1.8565149420814057e-11
115.46,6.336299999800571,-8.213418646691503e-11,-1.8565149420814057e-11
115.48,6.338299999800509,-8.217131587757708e-11,-1.8565149420814057e-11
115.5,6.340299999800448,-8.220844528823914e-11,-1.8565149420814057e-11
115.52,6.342299999800386,-8.22455746989012e-11,-1.8565149420814057e-11
115.54,6.344299999800325,-8.228270410956326e-11,-1.8565149420814057e-11
115.56,6.346299999800263,-8.231983352022532e-11,-1.8565149420814057e-11
115.58,6.348299999800202,-8.235696293088738e-11,-1.8565149420814057e-11
115.6,6.35029999980014,-8.239409234154944e-11,-1.8565149420814057e-11
115.62,6.352299999800079,-8.24312217522115e-11,-1.8565149420814057e-11
115.64,6.354299999800017,-8.246835116287355e-11,-1.8565149420814057e-11
115.66,6.356299999799956,-8.250548057353561e-11,-1.8565149420814057e-11
115.68,6.358299999799894,-8.254260998419767e-11,-1.8565149420814057e-11
115.7,6.360299999799833,-8.257973939485973e-11,-1.8565149420814057e-11
115.72,6.362299999799771,-8.261686880552179e-11,-1.8565149420814057e-11
115.74,6.36429999979971,-8.265399821618385e-11,-1.8565149420814057e-11
115.76,6.366299999799648,-8.269112762684591e-11,-1.8565149420814057e-11
115.78,6.368299999799587,-8.272825703750797e-11,-1.8565149420814057e-11
115.8,6.370299999799525,-8.276538644817002e-11,-1.8565149420814057e-11
115.82,6.372299999799464,-8.280251585883208e-11,-1.8565149420814057e-11
115.84,6.374299999799402,-8.283964526949414e-11,-1.8565149420814057e-11
115.86,6.376299999799341,-8.28767746801562e-11,-1.8565149420814057e-11
115.88,6.378299999799279,-8.291390409081826e-11,-1.8565149420814057e-11
115.9,6.380299999799218,-8.295103350148032e-11,-1.8565149420814057e-11
115.92,6.382299999799156,-8.298816291214238e-11,-1.8565149420814057e-11
115.94,6.384299999799095,-8.302529232280444e-11,-1.8565149420814057e-11
115.96,6.386299999799033,-8.30624217334665e-11,-1.8565149420814057e-11
115.98,6.388299999798972,-8.309955114412855e-11,-1.8565149420814057e-11
116.0,6.39029999979891,-8.313668055479061e-11,-1.8565149420814057e-11
116.02,6.3922999997988486,-8.317380996545267e-11,-1.8565149420814057e-11
116.04,6.394299999798787,-8.321093937611473e-11,-1.8565149420814057e-11
116.06,6.3962999997987255,-8.324806878677679e-11,-1.8565149420814057e-11
116.08,6.398299999798664,-8.328519819743885e-11,-1.8565149420814057e-11
116.1,6.400299999798602,-8.332232727503397e-11,-1.8562928974764806e-11
116.12,6.402299999798526,-8.335945313298203e-11,-1.8562928974764806e-11
116.14,6.40429999979845,-8.339657899093008e-11,-1.8562928974764806e-11
116.16,6.4062999997983745,-8.343370484887814e-11,-1.8562928974764806e-11
116.18,6.408299999798299,-8.347083070682619e-11,-1.8562928974764806e-11
116.2,6.410299999798223,-8.350795656477425e-11,-1.8562928974764806e-11
116.22,6.412299999798147,-8.35450824227223e-11,-1.8562928974764806e-11
116.24,6.414299999798072,-8.358220828067036e-11,-1.8562928974764806e-11
116.26,6.416299999797996,-8.361933413861842e-11,-1.8562928974764806e-11
116.28,6.41829999979792,-8.365645999656647e-11,-1.8562928974764806e-11
116.3,6.4202999997978445,-8.369358585451453e-11,-1.8562928974764806e-11
116.32,6.422299999797769,-8.373071171246259e-11,-1.8562928974764806e-11
116.34,6.424299999797693,-8.376783757041064e-11,-1.8562928974764806e-11
116.36,6.426299999797617,-8.38049634283587e-11,-1.8562928974764806e-11
116.38,6.428299999797542,-8.384208928630675e-11,-1.8562928974764806e-11
116.4,6.430299999797466,-8.387921514425481e-11,-1.8562928974764806e-11
116.42,6.43229999979739,-8.391634100220287e-11,-1.8562928974764806e-11
116.44,6.4342999997973145,-8.395346686015092e-11,-1.8562928974764806e-11
116.46,6.436299999797239,-8.399059271809898e-11,-1.8562928974764806e-11
116.48,6.438299999797163,-8.402771857604703e-11,-1.8562928974764806e-11
116.5,6.440299999797087,-8.406484443399509e-11,-1.8562928974764806e-11
116.52,6.442299999797012,-8.410197029194315e-11,-1.8562928974764806e-11
116.54,6.444299999796936,-8.41390961498912e-11,-1.8562928974764806e-11
116.56,6.44629999979686,-8.417622200783926e-11,-1.8562928974764806e-11
116.58,6.4482999997967845,-8.421334786578732e-11,-1.8562928974764806e-11
116.6,6.450299999796709,-8.425047372373537e-11,-1.8562928974764806e-11
116.62,6.452299999796633,-8.428759958168343e-11,-1.8562928974764806e-11
116.64,6.454299999796557,-8.432472543963148e-11,-1.8562928974764806e-11
116.66,6.456299999796482,-8.436185129757954e-11,-1.8562928974764806e-11
116.68,6.458299999796406,-8.43989771555276e-11,-1.8562928974764806e-11
116.7,6.46029999979633,-8.443610301347565e-11,-1.8562928974764806e-11
116.72,6.4622999997962545,-8.447322887142371e-11,-1.8562928974764806e-11
116.74,6.464299999796179,-8.451035472937176e-11,-1.8562928974764806e-11
116.76,6.466299999796103,-8.454748058731982e-11,-1.8562928974764806e-11
116.78,6.468299999796027,-8.458460644526788e-11,-1.8562928974764806e-11
116.8,6.470299999795952,-8.462173230321593e-11,-1.8562928974764806e-11
116.82,6.472299999795876,-8.465885816116399e-11,-1.8562928974764806e-11
116.84,6.4742999997958,-8.469598401911204e-11,-1.8562928974764806e-11
116.86,6.4762999997957245,-8.47331098770601e-11,-1.8562928974764806e-11
116.88,6.478299999795649,-8.477023573500816e-11,-1.8562928974764806e-11
116.9,6.480299999795573,-8.480736159295621e-11,-1.8562928974764806e-11
116.92,6.482299999795497,-8.484448745090427e-11,-1.8562928974764806e-11
116.94,6.484299999795422,-8.488161330885232e-11,-1.8562928974764806e-11
116.96,6.486299999795346,-8.491873916680038e-11,-1.8562928974764806e-11
116.98,6.48829999979527,-8.495586502474844e-11,-1.8562928974764806e-11
117.0,6.4902999997951945,-8.499299088269649e-11,-1.8562928974764806e-11
117.02,6.492299999795119,-8.503011674064455e-11,-1.8562928974764806e-11
117.04,6.494299999795043,-8.50672425985926e-11,-1.8562928974764806e-11
117.06,6.496299999794967,-8.510436845654066e-11,-1.8562928974764806e-11
117.08,6.498299999794892,-8.514149431448872e-11,-1.8562928974764806e-11
117.1,6.500299999794816,-8.517862017243677e-11,-1.8562928974764806e-11
117.12,6.50229999979474,-8.521574603038483e-11,-1.8562928974764806e-11
117.14,6.5042999997946644,-8.525287188833289e-11,-1.8562928974764806e-11
117.16,6.506299999794589,-8.528999774628094e-11,-1.8562928974764806e-11
117.18,6.508299999794513,-8.5327123604229e-11,-1.8562928974764806e-11
117.2,6.510299999794437,-8.536424946217705e-11,-1.8562928974764806e-11
117.22,6.512299999794362,-8.540137532012511e-11,-1.8562928974764806e-11
117.24,6.514299999794286,-8.543850117807317e-11,-1.8562928974764806e-11
117.26,6.51629999979421,-8.547562703602122e-11,-1.8562928974764806e-11
117.28,6.518299999794134,-8.551275289396928e-11,-1.8562928974764806e-11
117.3,6.520299999794059,-8.554987875191733e-11,-1.8562928974764806e-11
117.32,6.522299999793983,-8.558700460986539e-11,-1.8562928974764806e-11
117.34,6.524299999793907,-8.562413046781345e-11,-1.8562928974764806e-11
117.36,6.526299999793832,-8.56612563257615e-11,-1.8562928974764806e-11
117.38,6.528299999793756,-8.569838218370956e-11,-1.8562928974764806e-11
117.4,6.53029999979368,-8.573550804165761e-11,-1.8562928974764806e-11
117.42,6.532299999793604,-8.577263389960567e-11,-1.8562928974764806e-11
117.44,6.534299999793529,-8.580975975755373e-11,-1.8562928974764806e-11
117.46,6.536299999793453,-8.584688561550178e-11,-1.8562928974764806e-11
117.48,6.538299999793377,-8.588401147344984e-11,-1.8562928974764806e-11
117.5,6.540299999793302,-8.59211373313979e-11,-1.8562928974764806e-11
117.52,6.542299999793226,-8.595826318934595e-11,-1.8562928974764806e-11
117.54,6.54429999979315,-8.599538904729401e-11,-1.8562928974764806e-11
117.56,6.546299999793074,-8.603251490524206e-11,-1.8562928974764806e-11
117.58,6.548299999792999,-8.606964076319012e-11,-1.8562928974764806e-11
117.6,6.550299999792923,-8.610676662113818e-11,-1.8562928974764806e-11
117.62,6.552299999792847,-8.614389247908623e-11,-1.8562928974764806e-11
117.64,6.554299999792772,-8.618101833703429e-11,-1.8562928974764806e-11
117.66,6.556299999792696,-8.621814419498234e-11,-1.8562928974764806e-11
117.68,6.55829999979262,-8.62552700529304e-11,-1.8562928974764806e-11
117.7,6.560299999792544,-8.629239591087846e-11,-1.8562928974764806e-11
117.72,6.562299999792469,-8.632952176882651e-11,-1.8562928974764806e-11
117.74,6.564299999792393,-8.636664762677457e-11,-1.8562928974764806e-11
117.76,6.566299999792317,-8.640377348472262e-11,-1.8562928974764806e-11
117.78,6.5682999997922416,-8.644089934267068e-11,-1.8562928974764806e-11
117.8,6.570299999792166,-8.647802520061874e-11,-1.8562928974764806e-11
117.82,6.57229999979209,-8.651515105856679e-11,-1.8562928974764806e-11
117.84,6.574299999792014,-8.655227691651485e-11,-1.8562928974764806e-11
117.86,6.576299999791939,-8.65894027744629e-11,-1.8562928974764806e-11
117.88,6.578299999791863,-8.662652863241096e-11,-1.8562928974764806e-11
117.9,6.580299999791787,-8.666365449035902e-11,-1.8562928974764806e-11
117.92,6.5822999997917115,-8.670078034830707e-11,-1.8562928974764806e-11
117.94,6.584299999791636,-8.673790620625513e-11,-1.8562928974764806e-11
117.96,6.58629999979156,-8.677503206420319e-11,-1.8562928974764806e-11
117.98,6.588299999791484,-8.681215792215124e-11,-1.8562928974764806e-11
118.0,6.590299999791409,-8.68492837800993e-11,-1.8562928974764806e-11
118.02,6.592299999791333,-8.688640963804735e-11,-1.8562928974764806e-11
118.04,6.594299999791257,-8.692353549599541e-11,-1.8562928974764806e-11
118.06,6.5962999997911815,-8.696066135394347e-11,-1.8562928974764806e-11
118.08,6.598299999791106,-8.699778721189152e-11,-1.8562928974764806e-11
118.1,6.60029999979103,-8.703491306983958e-11,-1.8562928974764806e-11
118.12,6.602299999790954,-8.707203892778763e-11,-1.8562928974764806e-11
118.14,6.604299999790879,-8.710916478573569e-11,-1.8562928974764806e-11
118.16,6.606299999790803,-8.714629064368375e-11,-1.8562928974764806e-11
118.18,6.608299999790727,-8.71834165016318e-11,-1.8562928974764806e-11
118.2,6.6102999997906515,-8.722054235957986e-11,-1.8562928974764806e-11
118.22,6.612299999790576,-8.725766821752791e-11,-1.8562928974764806e-11
118.24,6.6142999997905,-8.729479407547597e-11,-1.8562928974764806e-11
118.26,6.616299999790424,-8.733191993342403e-11,-1.8562928974764806e-11
118.28,6.618299999790349,-8.736904579137208e-11,-1.8562928974764806e-11
118.3,6.620299999790273,-8.740617164932014e-11,-1.8562928974764806e-11
118.32,6.622299999790197,-8.74432975072682e-11,-1.8562928974764806e-11
118.34,6.6242999997901215,-8.748042336521625e-11,-1.8562928974764806e-11
118.36,6.626299999790046,-8.751754922316431e-11,-1.8562928974764806e-11
118.38,6.62829999978997,-8.755467508111236e-11,-1.8562928974764806e-11
118.4,6.630299999789894,-8.759180093906042e-11,-1.8562928974764806e-11
118.42,6.632299999789819,-8.762892679700848e-11,-1.8562928974764806e-11
118.44,6.634299999789743,-8.766605265495653e-11,-1.8562928974764806e-11
118.46,6.636299999789667,-8.770317851290459e-11,-1.8562928974764806e-11
118.48,6.6382999997895915,-8.774030437085264e-11,-1.8562928974764806e-11
118.5,6.640299999789516,-8.77774302288007e-11,-1.8562928974764806e-11
118.52,6.64229999978944,-8.781455608674876e-11,-1.8562928974764806e-11
118.54,6.644299999789364,-8.785168194469681e-11,-1.8562928974764806e-11
118.56,6.646299999789289,-8.788880780264487e-11,-1.8562928974764806e-11
118.58,6.648299999789213,-8.792593366059292e-11,-1.8562928974764806e-11
118.6,6.650299999789137,-8.796305951854098e-11,-1.8562928974764806e-11
118.62,6.6522999997890615,-8.800018537648904e-11,-1.8562928974764806e-11
118.64,6.654299999788986,-8.803731123443709e-11,-1.8562928974764806e-11
118.66,6.65629999978891,-8.807443709238515e-11,-1.8562928974764806e-11
118.68,6.658299999788834,-8.81115629503332e-11,-1.8562928974764806e-11
118.7,6.660299999788759,-8.814868880828126e-11,-1.8562928974764806e-11
118.72,6.662299999788683,-8.818581466622932e-11,-1.8562928974764806e-11
118.74,6.664299999788607,-8.822294052417737e-11,-1.8562928974764806e-11
118.76,6.6662999997885315,-8.826006638212543e-11,-1.8562928974764806e-11
118.78,6.668299999788456,-8.829719224007348e-11,-1.8562928974764806e-11
118.8,6.67029999978838,-8.833431809802154e-11,-1.8562928974764806e-11
118.82,6.672299999788304,-8.83714439559696e-11,-1.8562928974764806e-11
118.84,6.674299999788229,-8.840856981391765e-11,-1.8562928974764806e-11
118.86,6.676299999788153,-8.844569567186571e-11,-1.8562928974764806e-11
118.88,6.678299999788077,-8.848282152981377e-11,-1.8562928974764806e-11
118.9,6.6802999997880015,-8.851994738776182e-11,-1.8562928974764806e-11
118.92,6.682299999787926,-8.855707324570988e-11,-1.8562928974764806e-11
118.94,6.68429999978785,-8.859419910365793e-11,-1.8562928974764806e-11
118.96,6.686299999787774,-8.863132496160599e-11,-1.8562928974764806e-11
118.98,6.688299999787699,-8.866845081955405e-11,-1.8562928974764806e-11
119.0,6.690299999787623,-8.87055766775021e-11,-1.8562928974764806e-11
119.02,6.692299999787547,-8.874270253545016e-11,-1.8562928974764806e-11
119.04,6.6942999997874715,-8.877982839339821e-11,-1.8562928974764806e-11
119.06,6.696299999787396,-8.881695425134627e-11,-1.8562928974764806e-11
119.08,6.69829999978732,-8.885408010929433e-11,-1.8562928974764806e-11
119.1,6.700299999787244,-8.889120596724238e-11,-1.8562928974764806e-11
119.12,6.702299999787169,-8.892833182519044e-11,-1.8562928974764806e-11
119.14,6.704299999787093,-8.89654576831385e-11,-1.8562928974764806e-11
119.16,6.706299999787017,-8.900258354108655e-11,-1.8562928974764806e-11
119.18,6.7082999997869415,-8.90397093990346e-11,-1.8562928974764806e-11
119.2,6.710299999786866,-8.907683525698266e-11,-1.8562928974764806e-11
119.22,6.71229999978679,-8.911396111493072e-11,-1.8562928974764806e-11
119.24,6.714299999786714,-8.915108697287877e-11,-1.8562928974764806e-11
119.26,6.716299999786639,-8.918821283082683e-11,-1.8562928974764806e-11
119.28,6.718299999786563,-8.922533868877489e-11,-1.8562928974764806e-11
119.3,6.720299999786487,-8.926246454672294e-11,-1.8562928974764806e-11
119.32,6.7222999997864115,-8.9299590404671e-11,-1.8562928974764806e-11
119.34,6.724299999786336,-8.933671626261906e-11,-1.8562928974764806e-11
119.36,6.72629999978626,-8.937384212056711e-11,-1.8562928974764806e-11
119.38,6.728299999786184,-8.941096797851517e-11,-1.8562928974764806e-11
119.4,6.730299999786109,-8.944809383646322e-11,-1.8562928974764806e-11
119.42,6.732299999786033,-8.948521969441128e-11,-1.8562928974764806e-11
119.44,6.734299999785957,-8.952234555235934e-11,-1.8562928974764806e-11
119.46,6.7362999997858815,-8.955947141030739e-11,-1.8562928974764806e-11
119.48,6.738299999785806,-8.959659726825545e-11,-1.8562928974764806e-11
119.5,6.74029999978573,-8.96337231262035e-11,-1.8562928974764806e-11
119.52,6.742299999785654,-8.967084898415156e-11,-1.8562928974764806e-11
119.54,6.744299999785579,-8.970797484209962e-11,-1.8562928974764806e-11
119.56,6.746299999785503,-8.974510070004767e-11,-1.8562928974764806e-11
119.58,6.748299999785427,-8.978222655799573e-11,-1.8562928974764806e-11
119.6,6.7502999997853514,-8.981935241594378e-11,-1.8562928974764806e-11
119.62,6.752299999785276,-8.985647827389184e-11,-1.8562928974764806e-11
119.64,6.7542999997852,-8.98936041318399e-11,-1.8562928974764806e-11
119.66,6.756299999785124,-8.993072998978795e-11,-1.8562928974764806e-11
119.68,6.758299999785049,-8.996785584773601e-11,-1.8562928974764806e-11
119.7,6.760299999784973,-9.000498170568406e-11,-1.8562928974764806e-11
119.72,6.762299999784897,-9.004210756363212e-11,-1.8562928974764806e-11
119.74,6.764299999784821,-9.007923342158018e-11,-1.8562928974764806e-11
119.76,6.766299999784746,-9.011635927952823e-11,-1.8562928974764806e-11
119.78,6.76829999978467,-9.015348513747629e-11,-1.8562928974764806e-11
119.8,6.770299999784594,-9.019061099542435e-11,-1.8562928974764806e-11
119.82,6.772299999784519,-9.02277368533724e-11,-1.8562928974764806e-11
119.84,6.774299999784443,-9.026486271132046e-11,-1.8562928974764806e-11
119.86,6.776299999784367,-9.030198856926851e-11,-1.8562928974764806e-11
119.88,6.778299999784291,-9.033911442721657e-11,-1.8562928974764806e-11
119.9,6.780299999784216,-9.037624028516463e-11,-1.8562928974764806e-11
119.92,6.78229999978414,-9.041336614311268e-11,-1.8562928974764806e-11
119.94,6.784299999784064,-9.045049200106074e-11,-1.8562928974764806e-11
119.96,6.786299999783989,-9.04876178590088e-11,-1.8562928974764806e-11
119.98,6.788299999783913,-9.052474371695685e-11,-1.8562928974764806e-11
120.0,6.790299999783837,-9.05618695749049e-11,-1.8562928974764806e-11
120.02,6.792299999783761,-9.059899543285296e-11,-1.8562928974764806e-11
120.04,6.794299999783686,-9.063612129080102e-11,-1.8562928974764806e-11
120.06,6.79629999978361,-9.067324714874907e-11,-1.8562928974764806e-11
120.08,6.798299999783534,-9.071037300669713e-11,-1.8562928974764806e-11
120.1,6.800299999783459,-9.074749886464519e-11,-1.8562928974764806e-11
120.12,6.802299999783383,-9.078462472259324e-11,-1.8562928974764806e-11
120.14,6.804299999783307,-9.08217505805413e-11,-1.8562928974764806e-11
120.16,6.806299999783231,-9.085887643848935e-11,-1.8562928974764806e-11
120.18,6.808299999783156,-9.089600229643741e-11,-1.8562928974764806e-11
120.2,6.81029999978308,-9.093312815438547e-11,-1.8562928974764806e-11
120.22,6.812299999783004,-9.097025401233352e-11,-1.8562928974764806e-11
120.24,6.8142999997829286,-9.100737987028158e-11,-1.8562928974764806e-11
120.26,6.816299999782853,-9.104450572822964e-11,-1.8562928974764806e-11
120.28,6.818299999782777,-9.108163158617769e-11,-1.8562928974764806e-11
120.3,6.820299999782701,-9.111875744412575e-11,-1.8562928974764806e-11
120.32,6.822299999782626,-9.11558833020738e-11,-1.8562928974764806e-11
120.34,6.82429999978255,-9.119300916002186e-11,-1.8562928974764806e-11
120.36,6.826299999782474,-9.123013501796992e-11,-1.8562928974764806e-11
120.38,6.8282999997823985,-9.126726087591797e-11,-1.8562928974764806e-11
120.4,6.830299999782323,-9.130438673386603e-11,-1.8562928974764806e-11
120.42,6.832299999782247,-9.134151259181408e-11,-1.8562928974764806e-11
120.44,6.834299999782171,-9.137863844976214e-11,-1.8562928974764806e-11
120.46,6.836299999782096,-9.14157643077102e-11,-1.8562928974764806e-11
120.48,6.83829999978202,-9.145289016565825e-11,-1.8562928974764806e-11
120.5,6.840299999781944,-9.149001602360631e-11,-1.8562928974764806e-11
120.52,6.8422999997818685,-9.152714188155436e-11,-1.8562928974764806e-11
120.54,6.844299999781793,-9.156426773950242e-11,-1.8562928974764806e-11
120.56,6.846299999781717,-9.160139359745048e-11,-1.8562928974764806e-11
120.58,6.848299999781641,-9.163851945539853e-11,-1.8562928974764806e-11
120.6,6.850299999781566,-9.167564531334659e-11,-1.8562928974764806e-11
120.62,6.85229999978149,-9.171277117129464e-11,-1.8562928974764806e-11
120.64,6.854299999781414,-9.17498970292427e-11,-1.8562928974764806e-11
120.66,6.8562999997813385,-9.178702288719076e-11,-1.8562928974764806e-11
120.68,6.858299999781263,-9.182414874513881e-11,-1.8562928974764806e-11
120.7,6.860299999781187,-9.186127460308687e-11,-1.8562928974764806e-11
120.72,6.862299999781111,-9.189840046103493e-11,-1.8562928974764806e-11
120.74,6.864299999781036,-9.193552631898298e-11,-1.8562928974764806e-11
120.76,6.86629999978096,-9.197265217693104e-11,-1.8562928974764806e-11
120.78,6.868299999780884,-9.200977803487909e-11,-1.8562928974764806e-11
120.8,6.8702999997808085,-9.204690389282715e-11,-1.8562928974764806e-11
120.82,6.872299999780733,-9.20840297507752e-11,-1.8562928974764806e-11
120.84,6.874299999780657,-9.212115560872326e-11,-1.8562928974764806e-11
120.86,6.876299999780581,-9.215828146667132e-11,-1.8562928974764806e-11
120.88,6.878299999780506,-9.219540732461937e-11,-1.8562928974764806e-11
120.9,6.88029999978043,-9.223253318256743e-11,-1.8562928974764806e-11
120.92,6.882299999780354,-9.226965904051549e-11,-1.8562928974764806e-11
120.94,6.8842999997802785,-9.230678489846354e-11,-1.8562928974764806e-11
120.96,6.886299999780203,-9.23439107564116e-11,-1.8562928974764806e-11
120.98,6.888299999780127,-9.238103661435965e-11,-1.8562928974764806e-11
121.0,6.890299999780051,-9.241816247230771e-11,-1.8562928974764806e-11
121.02,6.892299999779976,-9.245528833025577e-11,-1.8562928974764806e-11
121.04,6.8942999997799,-9.249241418820382e-11,-1.8562928974764806e-11
121.06,6.896299999779824,-9.252954004615188e-11,-1.8562928974764806e-11
121.08,6.8982999997797485,-9.256666590409993e-11,-1.8562928974764806e-11
121.1,6.900299999779673,-9.260379176204799e-11,-1.8562928974764806e-11
121.12,6.902299999779597,-9.264091761999605e-11,-1.8562928974764806e-11
121.14,6.904299999779521,-9.26780434779441e-11,-1.8562928974764806e-11
121.16,6.906299999779446,-9.271516933589216e-11,-1.8562928974764806e-11
121.18,6.90829999977937,-9.275229519384022e-11,-1.8562928974764806e-11
121.2,6.910299999779294,-9.278942105178827e-11,-1.8562928974764806e-11
121.22,6.9122999997792185,-9.282654690973633e-11,-1.8562928974764806e-11
121.24,6.914299999779143,-9.286367276768438e-11,-1.8562928974764806e-11
121.26,6.916299999779067,-9.290079862563244e-11,-1.8562928974764806e-11
121.28,6.918299999778991,-9.29379244835805e-11,-1.8562928974764806e-11
121.3,6.920299999778916,-9.297505034152855e-11,-1.8562928974764806e-11
121.32,6.92229999977884,-9.301217619947661e-11,-1.8562928974764806e-11
121.34,6.924299999778764,-9.304930205742466e-11,-1.8562928974764806e-11
121.36,6.9262999997786885,-9.308642791537272e-11,-1.8562928974764806e-11
121.38,6.928299999778613,-9.312355377332078e-11,-1.8562928974764806e-11
121.4,6.930299999778537,-9.316067963126883e-11,-1.8562928974764806e-11
121.42,6.932299999778461,-9.319780548921689e-11,-1.8562928974764806e-11
121.44,6.934299999778386,-9.323493134716494e-11,-1.8562928974764806e-11
121.46,6.93629999977831,-9.3272057205113e-11,-1.8562928974764806e-11
121.48,6.938299999778234,-9.330918306306106e-11,-1.8562928974764806e-11
121.5,6.9402999997781585,-9.334630892100911e-11,-1.8562928974764806e-11
121.52,6.942299999778083,-9.338343477895717e-11,-1.8562928974764806e-11
121.54,6.944299999778007,-9.342056063690522e-11,-1.8562928974764806e-11
121.56,6.946299999777931,-9.345768649485328e-11,-1.8562928974764806e-11
121.58,6.948299999777856,-9.349481235280134e-11,-1.8562928974764806e-11
121.6,6.95029999977778,-9.353193821074939e-11,-1.8562928974764806e-11
121.62,6.952299999777704,-9.356906406869745e-11,-1.8562928974764806e-11
121.64,6.9542999997776285,-9.36061899266455e-11,-1.8562928974764806e-11
121.66,6.956299999777553,-9.364331578459356e-11,-1.8562928974764806e-11
121.68,6.958299999777477,-9.368044164254162e-11,-1.8562928974764806e-11
121.7,6.960299999777401,-9.371756750048967e-11,-1.8562928974764806e-11
121.72,6.962299999777326,-9.375469335843773e-11,-1.8562928974764806e-11
121.74,6.96429999977725,-9.379181921638579e-11,-1.8562928974764806e-11
121.76,6.966299999777174,-9.382894507433384e-11,-1.8562928974764806e-11
121.78,6.9682999997770985,-9.38660709322819e-11,-1.8562928974764806e-11
121.8,6.970299999777023,-9.390319679022995e-11,-1.8562928974764806e-11
121.82,6.972299999776947,-9.394032264817801e-11,-1.8562928974764806e-11
121.84,6.974299999776871,-9.397744850612607e-11,-1.8562928974764806e-11
121.86,6.976299999776796,-9.401457436407412e-11,-1.8562928974764806e-11
121.88,6.97829999977672,-9.405170022202218e-11,-1.8562928974764806e-11
121.9,6.980299999776644,-9.408882607997023e-11,-1.8562928974764806e-11
121.92,6.9822999997765685,-9.412595193791829e-11,-1.8562928974764806e-11
121.94,6.984299999776493,-9.416307779586635e-11,-1.8562928974764806e-11
121.96,6.986299999776417,-9.42002036538144e-11,-1.8562928974764806e-11
121.98,6.988299999776341,-9.423732951176246e-11,-1.8562928974764806e-11
122.0,6.990299999776266,-9.427445536971051e-11,-1.8562928974764806e-11
122.02,6.99229999977619,-9.431158122765857e-11,-1.8562928974764806e-11
122.04,6.994299999776114,-9.434870708560663e-11,-1.8562928974764806e-11
122.06,6.9962999997760384,-9.438583294355468e-11,-1.8562928974764806e-11
122.08,6.998299999775963,-9.442295880150274e-11,-1.8562928974764806e-11
122.1,7.000299999775887,-9.44600846594508e-11,-1.8562928974764806e-11
122.12,7.002299999775811,-9.449721051739885e-11,-1.8562928974764806e-11
122.14,7.004299999775736,-9.453433637534691e-11,-1.8562928974764806e-11
122.16,7.00629999977566,-9.457146223329496e-11,-1.8562928974764806e-11
122.18,7.008299999775584,-9.460858809124302e-11,-1.8562928974764806e-11
122.2,7.010299999775508,-9.464571394919108e-11,-1.8562928974764806e-11
122.22,7.012299999775433,-9.468283980713913e-11,-1.8562928974764806e-11
122.24,7.014299999775357,-9.471996566508719e-11,-1.8562928974764806e-11
122.26,7.016299999775281,-9.475709152303524e-11,-1.8562928974764806e-11
122.28,7.018299999775206,-9.47942173809833e-11,-1.8562928974764806e-11
122.3,7.02029999977513,-9.483134323893136e-11,-1.8562928974764806e-11
122.32,7.022299999775054,-9.486846909687941e-11,-1.8562928974764806e-11
122.34,7.024299999774978,-9.490559495482747e-11,-1.8562928974764806e-11
122.36,7.026299999774903,-9.494272081277552e-11,-1.8562928974764806e-11
122.38,7.028299999774827,-9.497984667072358e-11,-1.8562928974764806e-11
122.4,7.030299999774751,-9.501697252867164e-11,-1.8562928974764806e-11
122.42,7.032299999774676,-9.505409838661969e-11,-1.8562928974764806e-11
122.44,7.0342999997746,-9.509122424456775e-11,-1.8562928974764806e-11
122.46,7.036299999774524,-9.51283501025158e-11,-1.8562928974764806e-11
122.48,7.038299999774448,-9.516547596046386e-11,-1.8562928974764806e-11
122.5,7.040299999774373,-9.520260181841192e-11,-1.8562928974764806e-11
122.52,7.042299999774297,-9.523972767635997e-11,-1.8562928974764806e-11
122.54,7.044299999774221,-9.527685353430803e-11,-1.8562928974764806e-11
122.56,7.046299999774146,-9.531397939225609e-11,-1.8562928974764806e-11
122.58,7.04829999977407,-9.535110525020414e-11,-1.8562928974764806e-11
122.6,7.050299999773994,-9.53882311081522e-11,-1.8562928974764806e-11
122.62,7.052299999773918,-9.542535696610025e-11,-1.8562928974764806e-11
122.64,7.054299999773843,-9.546248282404831e-11,-1.8562928974764806e-11
122.66,7.056299999773767,-9.549960868199637e-11,-1.8562928974764806e-11
122.68,7.058299999773691,-9.553673453994442e-11,-1.8562928974764806e-11
122.7,7.0602999997736156,-9.557386039789248e-11,-1.8562928974764806e-11
122.72,7.06229999977354,-9.561098625584053e-11,-1.8562928974764806e-11
122.74,7.064299999773464,-9.564811211378859e-11,-1.8562928974764806e-11
122.76,7.066299999773388,-9.568523797173665e-11,-1.8562928974764806e-11
122.78,7.068299999773313,-9.57223638296847e-11,-1.8562928974764806e-11
122.8,7.070299999773237,-9.575948968763276e-11,-1.8562928974764806e-11
122.82,7.072299999773161,-9.579661554558081e-11,-1.8562928974764806e-11
122.84,7.0742999997730855,-9.583374140352887e-11,-1.8562928974764806e-11
122.86,7.07629999977301,-9.587086726147693e-11,-1.8562928974764806e-11
122.88,7.078299999772934,-9.590799311942498e-11,-1.8562928974764806e-11
122.9,7.080299999772858,-9.594511897737304e-11,-1.8562928974764806e-11
122.92,7.082299999772783,-9.59822448353211e-11,-1.8562928974764806e-11
122.94,7.084299999772707,-9.601937069326915e-11,-1.8562928974764806e-11
122.96,7.086299999772631,-9.605649655121721e-11,-1.8562928974764806e-11
122.98,7.0882999997725555,-9.609362240916526e-11,-1.8562928974764806e-11
123.0,7.09029999977248,-9.613074826711332e-11,-1.8562928974764806e-11
123.02,7.092299999772404,-9.616787412506138e-11,-1.8562928974764806e-11
123.04,7.094299999772328,-9.620499998300943e-11,-1.8562928974764806e-11
123.06,7.096299999772253,-9.624212584095749e-11,-1.8562928974764806e-11
123.08,7.098299999772177,-9.627925169890554e-11,-1.8562928974764806e-11
123.1,7.100299999772101,-9.63163775568536e-11,-1.8562928974764806e-11
123.12,7.1022999997720255,-9.635350341480166e-11,-1.8562928974764806e-11
123.14,7.10429999977195,-9.639062927274971e-11,-1.8562928974764806e-11
123.16,7.106299999771874,-9.642775513069777e-11,-1.8562928974764806e-11
123.18,7.108299999771798,-9.646488098864582e-11,-1.8562928974764806e-11
123.2,7.110299999771723,-9.650200684659388e-11,-1.8562928974764806e-11
123.22,7.112299999771647,-9.653913270454194e-11,-1.8562928974764806e-11
123.24,7.114299999771571,-9.657625856248999e-11,-1.8562928974764806e-11
123.26,7.1162999997714955,-9.661338442043805e-11,-1.8562928974764806e-11
123.28,7.11829999977142,-9.66505102783861e-11,-1.8562928974764806e-11
123.3,7.120299999771344,-9.668763613633416e-11,-1.8562928974764806e-11
123.32,7.122299999771268,-9.672476199428222e-11,-1.8562928974764806e-11
123.34,7.124299999771193,-9.676188785223027e-11,-1.8562928974764806e-11
123.36,7.126299999771117,-9.679901371017833e-11,-1.8562928974764806e-11
123.38,7.128299999771041,-9.683613956812638e-11,-1.8562928974764806e-11
123.4,7.1302999997709655,-9.687326542607444e-11,-1.8562928974764806e-11
123.42,7.13229999977089,-9.69103912840225e-11,-1.8562928974764806e-11
123.44,7.134299999770814,-9.694751714197055e-11,-1.8562928974764806e-11
123.46,7.136299999770738,-9.698464299991861e-11,-1.8562928974764806e-11
123.48,7.138299999770663,-9.702176885786667e-11,-1.8562928974764806e-11
123.5,7.140299999770587,-9.705889471581472e-11,-1.8562928974764806e-11
123.52,7.142299999770511,-9.709602057376278e-11,-1.8562928974764806e-11
123.54,7.1442999997704355,-9.713314643171083e-11,-1.8562928974764806e-11
123.56,7.14629999977036,-9.717027228965889e-11,-1.8562928974764806e-11
123.58,7.148299999770284,-9.720739814760695e-11,-1.8562928974764806e-11
123.6,7.150299999770208,-9.7244524005555e-11,-1.8562928974764806e-11
123.62,7.152299999770133,-9.728164986350306e-11,-1.8562928974764806e-11
123.64,7.154299999770057,-9.731877572145111e-11,-1.8562928974764806e-11
123.66,7.156299999769981,-9.735590157939917e-11,-1.8562928974764806e-11
123.68,7.1582999997699055,-9.739302743734723e-11,-1.8562928974764806e-11
123.7,7.16029999976983,-9.743015329529528e-11,-1.8562928974764806e-11
123.72,7.162299999769754,-9.746727915324334e-11,-1.8562928974764806e-11
123.74,7.164299999769678,-9.75044050111914e-11,-1.8562928974764806e-11
123.76,7.166299999769603,-9.754153086913945e-11,-1.8562928974764806e-11
123.78,7.168299999769527,-9.757865672708751e-11,-1.8562928974764806e-11
123.8,7.170299999769451,-9.761578258503556e-11,-1.8562928974764806e-11
123.82,7.1722999997693755,-9.765290844298362e-11,-1.8562928974764806e-11
123.84,7.1742999997693,-9.769003430093167e-11,-1.8562928974764806e-11
123.86,7.176299999769224,-9.772716015887973e-11,-1.8562928974764806e-11
123.88,7.178299999769148,-9.776428601682779e-11,-1.8562928974764806e-11
123.9,7.180299999769073,-9.780141187477584e-11,-1.8562928974764806e-11
123.92,7.182299999768997,-9.78385377327239e-11,-1.8562928974764806e-11
123.94,7.184299999768921,-9.787566359067196e-11,-1.8562928974764806e-11
123.96,7.1862999997688455,-9.791278944862001e-11,-1.8562928974764806e-11
123.98,7.18829999976877,-9.794991530656807e-11,-1.8562928974764806e-11
124.0,7.190299999768694,-9.798704116451612e-11,-1.8562928974764806e-11
124.02,7.192299999768618,-9.802416702246418e-11,-1.8562928974764806e-11
124.04,7.194299999768543,-9.806129288041224e-11,-1.8562928974764806e-11
124.06,7.196299999768467,-9.809841873836029e-11,-1.8562928974764806e-11
124.08,7.198299999768391,-9.813554459630835e-11,-1.8562928974764806e-11
124.1,7.2002999997683155,-9.81726704542564e-11,-1.8562928974764806e-11
124.12,7.20229999976824,-9.820979631220446e-11,-1.8562928974764806e-11
124.14,7.204299999768164,-9.824692217015252e-11,-1.8562928974764806e-11
124.16,7.206299999768088,-9.828404802810057e-11,-1.8562928974764806e-11
124.18,7.208299999768013,-9.832117388604863e-11,-1.8562928974764806e-11
124.2,7.210299999767937,-9.835829974399668e-11,-1.8562928974764806e-11
124.22,7.212299999767861,-9.839542560194474e-11,-1.8562928974764806e-11
124.24,7.2142999997677855,-9.84325514598928e-11,-1.8562928974764806e-11
124.26,7.21629999976771,-9.846967731784085e-11,-1.8562928974764806e-11
124.28,7.218299999767634,-9.850680317578891e-11,-1.8562928974764806e-11
124.3,7.220299999767558,-9.854392903373696e-11,-1.8562928974764806e-11
124.32,7.222299999767483,-9.858105489168502e-11,-1.8562928974764806e-11
124.34,7.224299999767407,-9.861818074963308e-11,-1.8562928974764806e-11
124.36,7.226299999767331,-9.865530660758113e-11,-1.8562928974764806e-11
124.38,7.2282999997672555,-9.869243246552919e-11,-1.8562928974764806e-11
124.4,7.23029999976718,-9.872955832347725e-11,-1.8562928974764806e-11
124.42,7.232299999767104,-9.87666841814253e-11,-1.8562928974764806e-11
124.44,7.234299999767028,-9.880381003937336e-11,-1.8562928974764806e-11
124.46,7.236299999766953,-9.884093589732141e-11,-1.8562928974764806e-11
124.48,7.238299999766877,-9.887806175526947e-11,-1.8562928974764806e-11
124.5,7.240299999766801,-9.891518761321753e-11,-1.8562928974764806e-11
124.52,7.2422999997667254,-9.895231347116558e-11,-1.8562928974764806e-11
124.54,7.24429999976665,-9.898943932911364e-11,-1.8562928974764806e-11
124.56,7.246299999766574,-9.90265651870617e-11,-1.8562928974764806e-11
124.58,7.248299999766498,-9.906369104500975e-11,-1.8562928974764806e-11
124.6,7.250299999766423,-9.91008169029578e-11,-1.8562928974764806e-11
124.62,7.252299999766347,-9.913794276090586e-11,-1.8562928974764806e-11
124.64,7.254299999766271,-9.917506861885392e-11,-1.8562928974764806e-11
124.66,7.256299999766195,-9.921219447680197e-11,-1.8562928974764806e-11
124.68,7.25829999976612,-9.924932033475003e-11,-1.8562928974764806e-11
124.7,7.260299999766044,-9.928644619269809e-11,-1.8562928974764806e-11
124.72,7.262299999765968,-9.932357205064614e-11,-1.8562928974764806e-11
124.74,7.264299999765893,-9.93606979085942e-11,-1.8562928974764806e-11
124.76,7.266299999765817,-9.939782376654225e-11,-1.8562928974764806e-11
124.78,7.268299999765741,-9.943494962449031e-11,-1.8562928974764806e-11
124.8,7.270299999765665,-9.947207548243837e-11,-1.8562928974764806e-11
124.82,7.27229999976559,-9.950920134038642e-11,-1.8562928974764806e-11
124.84,7.274299999765514,-9.954632719833448e-11,-1.8562928974764806e-11
124.86,7.276299999765438,-9.958345305628254e-11,-1.8562928974764806e-11
124.88,7.278299999765363,-9.962057891423059e-11,-1.8562928974764806e-11
124.9,7.280299999765287,-9.965770477217865e-11,-1.8562928974764806e-11
124.92,7.282299999765211,-9.96948306301267e-11,-1.8562928974764806e-11
124.94,7.284299999765135,-9.973195648807476e-11,-1.8562928974764806e-11
124.96,7.28629999976506,-9.976908234602282e-11,-1.8562928974764806e-11
124.98,7.288299999764984,-9.980620820397087e-11,-1.8562928974764806e-11
125.0,7.290299999764908,-9.984333406191893e-11,-1.8562928974764806e-11
125.02,7.292299999764833,-9.988045991986698e-11,-1.8562928974764806e-11
125.04,7.294299999764757,-9.991758577781504e-11,-1.8562928974764806e-11
125.06,7.296299999764681,-9.99547116357631e-11,-1.8562928974764806e-11
125.08,7.298299999764605,-9.999183749371115e-11,-1.8562928974764806e-11
125.1,7.30029999976453,-1.0002896335165921e-10,-1.8562928974764806e-11
125.12,7.302299999764454,-1.0006608920960726e-10,-1.8562928974764806e-11
125.14,7.304299999764378,-1.0010321506755532e-10,-1.8562928974764806e-11
125.16,7.3062999997643026,-1.0014034092550338e-10,-1.8562928974764806e-11
125.18,7.308299999764227,-1.0017746678345143e-10,-1.8562928974764806e-11
125.2,7.310299999764151,-1.0021459264139949e-10,-1.8562928974764806e-11
125.22,7.312299999764075,-1.0025171849934754e-10,-1.8562928974764806e-11
125.24,7.314299999764,-1.002888443572956e-10,-1.8562928974764806e-11
125.26,7.316299999763924,-1.0032597021524366e-10,-1.8562928974764806e-11
125.28,7.318299999763848,-1.0036309607319171e-10,-1.8562928974764806e-11
125.3,7.3202999997637725,-1.0040022193113977e-10,-1.8562928974764806e-11
125.32,7.322299999763697,-1.0043734778908783e-10,-1.8562928974764806e-11
125.34,7.324299999763621,-1.0047447364703588e-10,-1.8562928974764806e-11
125.36,7.326299999763545,-1.0051159950498394e-10,-1.8562928974764806e-11
125.38,7.32829999976347,-1.0054872536293199e-10,-1.8562928974764806e-11
125.4,7.330299999763394,-1.0058585122088005e-10,-1.8562928974764806e-11
125.42,7.332299999763318,-1.006229770788281e-10,-1.8562928974764806e-11
125.44,7.3342999997632425,-1.0066010293677616e-10,-1.8562928974764806e-11
125.46,7.336299999763167,-1.0069722879472422e-10,-1.8562928974764806e-11
125.48,7.338299999763091,-1.0073435465267227e-10,-1.8562928974764806e-11
125.5,7.340299999763015,-1.0077148051062033e-10,-1.8562928974764806e-11
125.52,7.34229999976294,-1.0080860636856839e-10,-1.8562928974764806e-11
125.54,7.344299999762864,-1.0084573222651644e-10,-1.8562928974764806e-11
125.56,7.346299999762788,-1.008828580844645e-10,-1.8562928974764806e-11
125.58,7.3482999997627125,-1.0091998394241255e-10,-1.8562928974764806e-11
125.6,7.350299999762637,-1.0095710980036061e-10,-1.8562928974764806e-11
125.62,7.352299999762561,-1.0099423565830867e-10,-1.8562928974764806e-11
125.64,7.354299999762485,-1.0103136151625672e-10,-1.8562928974764806e-11
125.66,7.35629999976241,-1.0106848737420478e-10,-1.8562928974764806e-11
125.68,7.358299999762334,-1.0110561323215283e-10,-1.8562928974764806e-11
125.7,7.360299999762258,-1.0114273909010089e-10,-1.8562928974764806e-11
125.72,7.3622999997621825,-1.0117986494804895e-10,-1.8562928974764806e-11
125.74,7.364299999762107,-1.01216990805997e-10,-1.8562928974764806e-11
125.76,7.366299999762031,-1.0125411666394506e-10,-1.8562928974764806e-11
125.78,7.368299999761955,-1.0129124252189312e-10,-1.8562928974764806e-11
125.8,7.37029999976188,-1.0132836837984117e-10,-1.8562928974764806e-11
125.82,7.372299999761804,-1.0136549423778923e-10,-1.8562928974764806e-11
125.84,7.374299999761728,-1.0140262009573728e-10,-1.8562928974764806e-11
125.86,7.3762999997616525,-1.0143974595368534e-10,-1.8562928974764806e-11
125.88,7.378299999761577,-1.014768718116334e-10,-1.8562928974764806e-11
125.9,7.380299999761501,-1.0151399766958145e-10,-1.8562928974764806e-11
125.92,7.382299999761425,-1.0155112352752951e-10,-1.8562928974764806e-11
125.94,7.38429999976135,-1.0158824938547756e-10,-1.8562928974764806e-11
125.96,7.386299999761274,-1.0162537524342562e-10,-1.8562928974764806e-11
125.98,7.388299999761198,-1.0166250110137368e-10,-1.8562928974764806e-11
126.0,7.3902999997611225,-1.0169962695932173e-10,-1.8562928974764806e-11
126.02,7.392299999761047,-1.0173675281726979e-10,-1.8562928974764806e-11
126.04,7.394299999760971,-1.0177387867521784e-10,-1.8562928974764806e-11
126.06,7.396299999760895,-1.018110045331659e-10,-1.8562928974764806e-11
126.08,7.39829999976082,-1.0184813039111396e-10,-1.8562928974764806e-11
126.1,7.400299999760744,-1.0188525624906201e-10,-1.8562928974764806e-11
126.12,7.402299999760668,-1.0192238210701007e-10,-1.8562928974764806e-11
126.14,7.4042999997605925,-1.0195950796495812e-10,-1.8562928974764806e-11
126.16,7.406299999760517,-1.0199663382290618e-10,-1.8562928974764806e-11
126.18,7.408299999760441,-1.0203375968085424e-10,-1.8562928974764806e-11
126.2,7.410299999760365,-1.0207088553880229e-10,-1.8562928974764806e-11
126.22,7.41229999976029,-1.0210801139675035e-10,-1.8562928974764806e-11
126.24,7.414299999760214,-1.021451372546984e-10,-1.8562928974764806e-11
126.26,7.416299999760138,-1.0218226311264646e-10,-1.8562928974764806e-11
126.28,7.4182999997600625,-1.0221938897059452e-10,-1.8562928974764806e-11
126.3,7.420299999759987,-1.0225651482854257e-10,-1.8562928974764806e-11
126.32,7.422299999759911,-1.0229364068649063e-10,-1.8562928974764806e-11
126.34,7.424299999759835,-1.0233076654443869e-10,-1.8562928974764806e-11
126.36,7.42629999975976,-1.0236789240238674e-10,-1.8562928974764806e-11
126.38,7.428299999759684,-1.024050182603348e-10,-1.8562928974764806e-11
126.4,7.430299999759608,-1.0244214411828285e-10,-1.8562928974764806e-11
126.42,7.4322999997595325,-1.0247926997623091e-10,-1.8562928974764806e-11
126.44,7.434299999759457,-1.0251639583417897e-10,-1.8562928974764806e-11
126.46,7.436299999759381,-1.0255352169212702e-10,-1.8562928974764806e-11
126.48,7.438299999759305,-1.0259064755007508e-10,-1.8562928974764806e-11
126.5,7.44029999975923,-1.0262777340802313e-10,-1.8562928974764806e-11
126.52,7.442299999759154,-1.0266489926597119e-10,-1.8562928974764806e-11
126.54,7.444299999759078,-1.0270202512391925e-10,-1.8562928974764806e-11
126.56,7.4462999997590025,-1.027391509818673e-10,-1.8562928974764806e-11
126.58,7.448299999758927,-1.0277627683981536e-10,-1.8562928974764806e-11
126.6,7.450299999758851,-1.0281340269776341e-10,-1.8562928974764806e-11
126.62,7.452299999758775,-1.0285052855571147e-10,-1.8562928974764806e-11
126.64,7.4542999997587,-1.0288765441365953e-10,-1.8562928974764806e-11
126.66,7.456299999758624,-1.0292478027160758e-10,-1.8562928974764806e-11
126.68,7.458299999758548,-1.0296190612955564e-10,-1.8562928974764806e-11
126.7,7.4602999997584725,-1.029990319875037e-10,-1.8562928974764806e-11
126.72,7.462299999758397,-1.0303615784545175e-10,-1.8562928974764806e-11
126.74,7.464299999758321,-1.0307328370339981e-10,-1.8562928974764806e-11
126.76,7.466299999758245,-1.0311040956134786e-10,-1.8562928974764806e-11
126.78,7.46829999975817,-1.0314753541929592e-10,-1.8562928974764806e-11
126.8,7.470299999758094,-1.0318466127724398e-10,-1.8562928974764806e-11
126.82,7.472299999758018,-1.0322178713519203e-10,-1.8562928974764806e-11
126.84,7.4742999997579425,-1.0325891299314009e-10,-1.8562928974764806e-11
126.86,7.476299999757867,-1.0329603885108814e-10,-1.8562928974764806e-11
126.88,7.478299999757791,-1.033331647090362e-10,-1.8562928974764806e-11
126.9,7.480299999757715,-1.0337029056698426e-10,-1.8562928974764806e-11
126.92,7.48229999975764,-1.0340741642493231e-10,-1.8562928974764806e-11
126.94,7.484299999757564,-1.0344454228288037e-10,-1.8562928974764806e-11
126.96,7.486299999757488,-1.0348166814082842e-10,-1.8562928974764806e-11
126.98,7.4882999997574125,-1.0351879399877648e-10,-1.8562928974764806e-11
127.0,7.490299999757337,-1.0355591985672454e-10,-1.8562928974764806e-11
127.02,7.492299999757261,-1.0359304571467259e-10,-1.8562928974764806e-11
127.04,7.494299999757185,-1.0363017157262065e-10,-1.8562928974764806e-11
127.06,7.49629999975711,-1.036672974305687e-10,-1.8562928974764806e-11
127.08,7.498299999757034,-1.0370442328851676e-10,-1.8562928974764806e-11
127.1,7.500299999756958,-1.0374154914646482e-10,-1.8562928974764806e-11
127.12,7.502299999756882,-1.0377867500441287e-10,-1.8562928974764806e-11
127.14,7.504299999756807,-1.0381580086236093e-10,-1.8562928974764806e-11
127.16,7.506299999756731,-1.0385292672030899e-10,-1.8562928974764806e-11
127.18,7.508299999756655,-1.0389005257825704e-10,-1.8562928974764806e-11
127.2,7.51029999975658,-1.039271784362051e-10,-1.8562928974764806e-11
127.22,7.512299999756504,-1.0396430429415315e-10,-1.8562928974764806e-11
127.24,7.514299999756428,-1.0400143015210121e-10,-1.8562928974764806e-11
127.26,7.516299999756352,-1.0403855601004927e-10,-1.8562928974764806e-11
127.28,7.518299999756277,-1.0407568186799732e-10,-1.8562928974764806e-11
127.3,7.520299999756201,-1.0411280772594538e-10,-1.8562928974764806e-11
127.32,7.522299999756125,-1.0414993358389343e-10,-1.8562928974764806e-11
127.34,7.52429999975605,-1.0418705944184149e-10,-1.8562928974764806e-11
127.36,7.526299999755974,-1.0422418529978955e-10,-1.8562928974764806e-11
127.38,7.528299999755898,-1.042613111577376e-10,-1.8562928974764806e-11
127.4,7.530299999755822,-1.0429843701568566e-10,-1.8562928974764806e-11
127.42,7.532299999755747,-1.0433556287363371e-10,-1.8562928974764806e-11
127.44,7.534299999755671,-1.0437268873158177e-10,-1.8562928974764806e-11
127.46,7.536299999755595,-1.0440981458952983e-10,-1.8562928974764806e-11
127.48,7.53829999975552,-1.0444694044747788e-10,-1.8562928974764806e-11
127.5,7.540299999755444,-1.0448406630542594e-10,-1.8562928974764806e-11
127.52,7.542299999755368,-1.04521192163374e-10,-1.8562928974764806e-11
127.54,7.544299999755292,-1.0455831802132205e-10,-1.8562928974764806e-11
127.56,7.546299999755217,-1.0459544387927011e-10,-1.8562928974764806e-11
127.58,7.548299999755141,-1.0463256973721816e-10,-1.8562928974764806e-11
127.6,7.550299999755065,-1.0466969559516622e-10,-1.8562928974764806e-11
127.62,7.55229999975499,-1.0470682145311428e-10,-1.8562928974764806e-11
127.64,7.554299999754914,-1.0474394731106233e-10,-1.8562928974764806e-11
127.66,7.556299999754838,-1.0478107316901039e-10,-1.8562928974764806e-11
127.68,7.558299999754762,-1.0481819902695844e-10,-1.8562928974764806e-11
127.7,7.560299999754687,-1.048553248849065e-10,-1.8562928974764806e-11
127.72,7.562299999754611,-1.0489245074285456e-10,-1.8562928974764806e-11
127.74,7.564299999754535,-1.0492957660080261e-10,-1.8562928974764806e-11
127.76,7.5662999997544595,-1.0496670245875067e-10,-1.8562928974764806e-11
127.78,7.568299999754384,-1.0500382831669872e-10,-1.8562928974764806e-11
127.8,7.570299999754308,-1.0504095417464678e-10,-1.8562928974764806e-11
127.82,7.572299999754232,-1.0507808003259484e-10,-1.8562928974764806e-11
127.84,7.574299999754157,-1.0511520589054289e-10,-1.8562928974764806e-11
127.86,7.576299999754081,-1.0515233174849095e-10,-1.8562928974764806e-11
127.88,7.578299999754005,-1.05189457606439e-10,-1.8562928974764806e-11
127.9,7.5802999997539295,-1.0522658346438706e-10,-1.8562928974764806e-11
127.92,7.582299999753854,-1.0526370932233512e-10,-1.8562928974764806e-11
127.94,7.584299999753778,-1.0530083518028317e-10,-1.8562928974764806e-11
127.96,7.586299999753702,-1.0533796103823123e-10,-1.8562928974764806e-11
127.98,7.588299999753627,-1.0537508689617928e-10,-1.8562928974764806e-11
128.0,7.590299999753551,-1.0541221275412734e-10,-1.8562928974764806e-11
128.02,7.592299999753475,-1.054493386120754e-10,-1.8562928974764806e-11
128.04,7.5942999997533995,-1.0548646447002345e-10,-1.8562928974764806e-11
128.06,7.596299999753324,-1.0552359032797151e-10,-1.8562928974764806e-11
128.08,7.598299999753248,-1.0556071618591957e-10,-1.8562928974764806e-11
128.1,7.600299999753172,-1.0559784204386762e-10,-1.8562928974764806e-11
128.12,7.602299999753097,-1.0563496790181568e-10,-1.8562928974764806e-11
128.14,7.604299999753021,-1.0567209375976373e-10,-1.8562928974764806e-11
128.16,7.606299999752945,-1.0570921961771179e-10,-1.8562928974764806e-11
128.18,7.6082999997528695,-1.0574634547565985e-10,-1.8562928974764806e-11
128.2,7.610299999752794,-1.057834713336079e-10,-1.8562928974764806e-11
128.22,7.612299999752718,-1.0582059719155596e-10,-1.8562928974764806e-11
128.24,7.614299999752642,-1.0585772304950401e-10,-1.8562928974764806e-11
128.26,7.616299999752567,-1.0589484890745207e-10,-1.8562928974764806e-11
128.28,7.618299999752491,-1.0593197476540013e-10,-1.8562928974764806e-11
128.3,7.620299999752415,-1.0596910062334818e-10,-1.8562928974764806e-11
128.32,7.6222999997523395,-1.0600622648129624e-10,-1.8562928974764806e-11
128.34,7.624299999752264,-1.060433523392443e-10,-1.8562928974764806e-11
128.36,7.626299999752188,-1.0608047819719235e-10,-1.8562928974764806e-11
128.38,7.628299999752112,-1.0611760405514041e-10,-1.8562928974764806e-11
128.4,7.630299999752037,-1.0615472991308846e-10,-1.8562928974764806e-11
128.42,7.632299999751961,-1.0619185577103652e-10,-1.8562928974764806e-11
128.44,7.634299999751885,-1.0622898162898457e-10,-1.8562928974764806e-11
128.46,7.6362999997518095,-1.0626610748693263e-10,-1.8562928974764806e-11
128.48,7.638299999751734,-1.0630323334488069e-10,-1.8562928974764806e-11
128.5,7.640299999751658,-1.0634035920282874e-10,-1.8562928974764806e-11
128.52,7.642299999751582,-1.063774850607768e-10,-1.8562928974764806e-11
128.54,7.644299999751507,-1.0641461091872486e-10,-1.8562928974764806e-11
128.56,7.646299999751431,-1.0645173677667291e-10,-1.8562928974764806e-11
128.58,7.648299999751355,-1.0648886263462097e-10,-1.8562928974764806e-11
128.6,7.6502999997512795,-1.0652598849256902e-10,-1.8562928974764806e-11
128.62,7.652299999751204,-1.0656311435051708e-10,-1.8562928974764806e-11
128.64,7.654299999751128,-1.0660024020846514e-10,-1.8562928974764806e-11
128.66,7.656299999751052,-1.0663736606641319e-10,-1.8562928974764806e-11
128.68,7.658299999750977,-1.0667449192436125e-10,-1.8562928974764806e-11
128.7,7.660299999750901,-1.067116177823093e-10,-1.8562928974764806e-11
128.72,7.662299999750825,-1.0674874364025736e-10,-1.8562928974764806e-11
128.74,7.6642999997507495,-1.0678586949820542e-10,-1.8562928974764806e-11
128.76,7.666299999750674,-1.0682299535615347e-10,-1.8562928974764806e-11
128.78,7.668299999750598,-1.0686012121410153e-10,-1.8562928974764806e-11
128.8,7.670299999750522,-1.0689724707204958e-10,-1.8562928974764806e-11
128.82,7.672299999750447,-1.0693437292999764e-10,-1.8562928974764806e-11
128.84,7.674299999750371,-1.069714987879457e-10,-1.8562928974764806e-11
128.86,7.676299999750295,-1.0700862464589375e-10,-1.8562928974764806e-11
128.88,7.6782999997502195,-1.0704575050384181e-10,-1.8562928974764806e-11
128.9,7.680299999750144,-1.0708287636178986e-10,-1.8562928974764806e-11
128.92,7.682299999750068,-1.0712000221973792e-10,-1.8562928974764806e-11
128.94,7.684299999749992,-1.0715712807768598e-10,-1.8562928974764806e-11
128.96,7.686299999749917,-1.0719425393563403e-10,-1.8562928974764806e-11
128.98,7.688299999749841,-1.0723137979358209e-10,-1.8562928974764806e-11
129.0,7.690299999749765,-1.0726850565153015e-10,-1.8562928974764806e-11
129.02,7.6922999997496895,-1.073056315094782e-10,-1.8562928974764806e-11
129.04,7.694299999749614,-1.0734275736742626e-10,-1.8562928974764806e-11
129.06,7.696299999749538,-1.0737988322537431e-10,-1.8562928974764806e-11
129.08,7.698299999749462,-1.0741700908332237e-10,-1.8562928974764806e-11
129.1,7.700299999749387,-1.0745413494127043e-10,-1.8562928974764806e-11
129.12,7.702299999749311,-1.0749126079921848e-10,-1.8562928974764806e-11
129.14,7.704299999749235,-1.0752838665716654e-10,-1.8562928974764806e-11
129.16,7.7062999997491595,-1.075655125151146e-10,-1.8562928974764806e-11
129.18,7.708299999749084,-1.0760263837306265e-10,-1.8562928974764806e-11
129.2,7.710299999749008,-1.076397642310107e-10,-1.8562928974764806e-11
129.22,7.712299999748932,-1.0767689008895876e-10,-1.8562928974764806e-11
129.24,7.714299999748857,-1.0771401594690682e-10,-1.8562928974764806e-11
129.26,7.716299999748781,-1.0775114180485487e-10,-1.8562928974764806e-11
129.28,7.718299999748705,-1.0778826766280293e-10,-1.8562928974764806e-11
129.3,7.7202999997486295,-1.0782539352075099e-10,-1.8562928974764806e-11
129.32,7.722299999748554,-1.0786251937869904e-10,-1.8562928974764806e-11
129.34,7.724299999748478,-1.078996452366471e-10,-1.8562928974764806e-11
129.36,7.726299999748402,-1.0793677109459515e-10,-1.8562928974764806e-11
129.38,7.728299999748327,-1.0797389695254321e-10,-1.8562928974764806e-11
129.4,7.730299999748251,-1.0801102281049127e-10,-1.8562928974764806e-11
129.42,7.732299999748175,-1.0804814866843932e-10,-1.8562928974764806e-11
129.44,7.7342999997480995,-1.0808527452638738e-10,-1.8562928974764806e-11
129.46,7.736299999748024,-1.0812240038433544e-10,-1.8562928974764806e-11
129.48,7.738299999747948,-1.0815952624228349e-10,-1.8562928974764806e-11
129.5,7.740299999747872,-1.0819665210023155e-10,-1.8562928974764806e-11
129.52,7.742299999747797,-1.082337779581796e-10,-1.8562928974764806e-11
129.54,7.744299999747721,-1.0827090381612766e-10,-1.8562928974764806e-11
129.56,7.746299999747645,-1.0830802967407572e-10,-1.8562928974764806e-11
129.58,7.7482999997475694,-1.0834515553202377e-10,-1.8562928974764806e-11
129.6,7.750299999747494,-1.0838228138997183e-10,-1.8562928974764806e-11
129.62,7.752299999747418,-1.0841940724791988e-10,-1.8562928974764806e-11
129.64,7.754299999747342,-1.0845653310586794e-10,-1.8562928974764806e-11
129.66,7.756299999747267,-1.08493658963816e-10,-1.8562928974764806e-11
129.68,7.758299999747191,-1.0853078482176405e-10,-1.8562928974764806e-11
129.7,7.760299999747115,-1.0856791067971211e-10,-1.8562928974764806e-11
129.72,7.762299999747039,-1.0860503653766016e-10,-1.8562928974764806e-11
129.74,7.764299999746964,-1.0864216239560822e-10,-1.8562928974764806e-11
129.76,7.766299999746888,-1.0867928825355628e-10,-1.8562928974764806e-11
129.78,7.768299999746812,-1.0871641411150433e-10,-1.8562928974764806e-11
129.8,7.770299999746737,-1.0875353996945239e-10,-1.8562928974764806e-11
129.82,7.772299999746661,-1.0879066582740044e-10,-1.8562928974764806e-11
129.84,7.774299999746585,-1.088277916853485e-10,-1.8562928974764806e-11
129.86,7.776299999746509,-1.0886491754329656e-10,-1.8562928974764806e-11
129.88,7.778299999746434,-1.0890204340124461e-10,-1.8562928974764806e-11
129.9,7.780299999746358,-1.0893916925919267e-10,-1.8562928974764806e-11
129.92,7.782299999746282,-1.0897629511714073e-10,-1.8562928974764806e-11
129.94,7.784299999746207,-1.0901342097508878e-10,-1.8562928974764806e-11
129.96,7.786299999746131,-1.0905054683303684e-10,-1.8562928974764806e-11
129.98,7.788299999746055,-1.0908767269098489e-10,-1.8562928974764806e-11
130.0,7.790299999745979,-1.0912479854893295e-10,-1.8562928974764806e-11
130.02,7.792299999745904,-1.09161924406881e-10,-1.8562928974764806e-11
130.04,7.794299999745828,-1.0919905026482906e-10,-1.8562928974764806e-11
130.06,7.796299999745752,-1.0923617612277712e-10,-1.8562928974764806e-11
130.08,7.798299999745677,-1.0927330198072517e-10,-1.8562928974764806e-11
130.1,7.800299999745601,-1.0931042783867323e-10,-1.8562928974764806e-11
130.12,7.802299999745525,-1.0934755369662129e-10,-1.8562928974764806e-11
130.14,7.804299999745449,-1.0938467955456934e-10,-1.8562928974764806e-11
130.16,7.806299999745374,-1.094218054125174e-10,-1.8562928974764806e-11
130.18,7.808299999745298,-1.0945893127046545e-10,-1.8562928974764806e-11
130.2,7.810299999745222,-1.0949605712841351e-10,-1.8562928974764806e-11
130.22,7.8122999997451466,-1.0953318298636157e-10,-1.8562928974764806e-11
130.24,7.814299999745071,-1.0957030884430962e-10,-1.8562928974764806e-11
130.26,7.816299999744995,-1.0960743470225768e-10,-1.8562928974764806e-11
130.28,7.818299999744919,-1.0964456056020573e-10,-1.8562928974764806e-11
130.3,7.820299999744844,-1.0968168641815379e-10,-1.8562928974764806e-11
130.32,7.822299999744768,-1.0971881227610185e-10,-1.8562928974764806e-11
130.34,7.824299999744692,-1.097559381340499e-10,-1.8562928974764806e-11
130.36,7.8262999997446165,-1.0979306399199796e-10,-1.8562928974764806e-11
130.38,7.828299999744541,-1.0983018984994602e-10,-1.8562928974764806e-11
130.4,7.830299999744465,-1.0986731570789407e-10,-1.8562928974764806e-11
130.42,7.832299999744389,-1.0990444156584213e-10,-1.8562928974764806e-11
130.44,7.834299999744314,-1.0994156742379018e-10,-1.8562928974764806e-11
130.46,7.836299999744238,-1.0997869328173824e-10,-1.8562928974764806e-11
130.48,7.838299999744162,-1.100158191396863e-10,-1.8562928974764806e-11
130.5,7.8402999997440865,-1.1005294499763435e-10,-1.8562928974764806e-11
130.52,7.842299999744011,-1.1009007085558241e-10,-1.8562928974764806e-11
130.54,7.844299999743935,-1.1012719671353046e-10,-1.8562928974764806e-11
130.56,7.846299999743859,-1.1016432257147852e-10,-1.8562928974764806e-11
130.58,7.848299999743784,-1.1020144842942658e-10,-1.8562928974764806e-11
130.6,7.850299999743708,-1.1023857428737463e-10,-1.8562928974764806e-11
130.62,7.852299999743632,-1.1027570014532269e-10,-1.8562928974764806e-11
130.64,7.8542999997435565,-1.1031282600327074e-10,-1.8562928974764806e-11
130.66,7.856299999743481,-1.103499518612188e-10,-1.8562928974764806e-11
130.68,7.858299999743405,-1.1038707771916686e-10,-1.8562928974764806e-11
130.7,7.860299999743329,-1.1042420357711491e-10,-1.8562928974764806e-11
130.72,7.862299999743254,-1.1046132943506297e-10,-1.8562928974764806e-11
130.74,7.864299999743178,-1.1049845529301102e-10,-1.8562928974764806e-11
130.76,7.866299999743102,-1.1053558115095908e-10,-1.8562928974764806e-11
130.78,7.8682999997430265,-1.1057270700890714e-10,-1.8562928974764806e-11
130.8,7.870299999742951,-1.1060983286685519e-10,-1.8562928974764806e-11
130.82,7.872299999742875,-1.1064695872480325e-10,-1.8562928974764806e-11
130.84,7.874299999742799,-1.106840845827513e-10,-1.8562928974764806e-11
130.86,7.876299999742724,-1.1072121044069936e-10,-1.8562928974764806e-11
130.88,7.878299999742648,-1.1075833629864742e-10,-1.8562928974764806e-11
130.9,7.880299999742572,-1.1079546215659547e-10,-1.8562928974764806e-11
130.92,7.8822999997424965,-1.1083258801454353e-10,-1.8562928974764806e-11
130.94,7.884299999742421,-1.1086971387249159e-10,-1.8562928974764806e-11
130.96,7.886299999742345,-1.1090683973043964e-10,-1.8562928974764806e-11
130.98,7.888299999742269,-1.109439655883877e-10,-1.8562928974764806e-11
131.0,7.890299999742194,-1.1098109144633575e-10,-1.8562928974764806e-11
131.02,7.892299999742118,-1.1101821730428381e-10,-1.8562928974764806e-11
131.04,7.894299999742042,-1.1105534316223187e-10,-1.8562928974764806e-11
131.06,7.8962999997419665,-1.1109246902017992e-10,-1.8562928974764806e-11
131.08,7.898299999741891,-1.1112959487812798e-10,-1.8562928974764806e-11
131.1,7.900299999741815,-1.1116672073607603e-10,-1.8562928974764806e-11
131.12,7.90229999974162,-1.1121326750251746e-10,-2.8470559246519703e-11
131.14,7.904299999740123,-1.1128042555936594e-10,-3.924416347748222e-11
131.16,7.906299999738659,-1.1136887403007808e-10,-4.9922288528326975e-11
131.18,7.908299999738236,-1.1147354430251174e-10,-5.266231895310186e-11
131.2,7.910299999738146,-1.1157865488941405e-10,-5.244915613237383e-11
131.22,7.912299999738056,-1.1168333915067495e-10,-5.22359933116458e-11
131.24,7.914299999737966,-1.1178759708629441e-10,-5.202283049091777e-11
131.26,7.916299999737876,-1.1189142869627242e-10,-5.180966767018974e-11
131.28,7.918299999737786,-1.1199483398060902e-10,-5.159650484946171e-11
131.3,7.9202999997371535,-1.1209073937532114e-10,-4.6815884505425787e-11
131.32,7.922299999736813,-1.1218453090540924e-10,-4.6809223167278036e-11
131.34,7.924299999736734,-1.1227790399245162e-10,-4.65472105334665e-11
131.36,7.926299999736658,-1.1237071508459915e-10,-4.626299343916246e-11
131.38,7.928299999736582,-1.1246295774255811e-10,-4.597877634485842e-11
131.4,7.930299999736507,-1.1255477185442955e-10,-4.5894399394986907e-11
131.42,7.932299999736431,-1.1264656065321602e-10,-4.5894399394986907e-11
131.44,7.934299999736355,-1.1273834945200249e-10,-4.5894399394986907e-11
131.46,7.9362999997362795,-1.1283013825078896e-10,-4.5894399394986907e-11
131.48,7.938299999736204,-1.1292192704957543e-10,-4.5894399394986907e-11
131.5,7.940299999736128,-1.130137158483619e-10,-4.5894399394986907e-11
131.52,7.942299999736052,-1.1310550464714837e-10,-4.5894399394986907e-11
131.54,7.944299999735977,-1.1319729344593484e-10,-4.5894399394986907e-11
131.56,7.946299999735901,-1.1328908224472131e-10,-4.5894399394986907e-11
131.58,7.948299999735825,-1.1338087104350778e-10,-4.5894399394986907e-11
131.6,7.950299999735723,-1.1347274632866666e-10,-4.6012083035597173e-11
131.62,7.952299999735633,-1.1356483977265045e-10,-4.6083137309173183e-11
131.64,7.954299999735543,-1.1365707532518138e-10,-4.6154191582749193e-11
131.66,7.9562999997354575,-1.1374945942555324e-10,-4.6247450316817706e-11
131.68,7.958299999735382,-1.1384209288201683e-10,-4.6389558863969727e-11
131.7,7.960299999735306,-1.1393501055557474e-10,-4.6531667411121747e-11
131.72,7.962299999735705,-1.1402778290096067e-10,-4.619638005768495e-11
131.74,7.9642999997356245,-1.1412003055492303e-10,-4.6100900877567186e-11
131.76,7.966299999735549,-1.142120884717707e-10,-4.5958792330415166e-11
131.78,7.968299999735473,-1.1430386217152403e-10,-4.5816683783263146e-11
131.8,7.970299999735394,-1.1439535609507504e-10,-4.569233880450513e-11
131.82,7.972299999735304,-1.1448666794204955e-10,-4.562128453092912e-11
131.84,7.974299999735214,-1.1457783768047688e-10,-4.555023025735311e-11
131.86,7.976299999735124,-1.1466886531035707e-10,-4.54791759837771e-11
131.88,7.978299999735034,-1.1475975083169013e-10,-4.540812171020109e-11
131.9,7.980299999734944,-1.1485049424447604e-10,-4.533706743662508e-11
131.92,7.982299999734854,-1.1494109554871478e-10,-4.526601316304907e-11
131.94,7.984299999734764,-1.150315547444064e-10,-4.519495888947306e-11
131.96,7.986299999734674,-1.1512187183155088e-10,-4.512390461589705e-11
131.98,7.9882999997345845,-1.152120468101482e-10,-4.505285034232104e-11
132.0,7.990299999734495,-1.1530207968019837e-10,-4.498179606874503e-11
132.02,7.992299999734395,-1.1539200530270397e-10,-4.4959591608252525e-11
132.04,7.994299999734291,-1.1548192448591585e-10,-4.4959591608252525e-11
132.06,7.996299999734187,-1.1557184366912773e-10,-4.4959591608252525e-11
132.08,7.9982999997340825,-1.1566176285233961e-10,-4.4959591608252525e-11
132.1,8.000299999733977,-1.1575168203555149e-10,-4.4959591608252525e-11
132.12,8.002299999733873,-1.1584160121876337e-10,-4.4959591608252525e-11
132.14,8.00429999973377,-1.1593152040197525e-10,-4.4959591608252525e-11
132.16,8.006299999733665,-1.1602143958518713e-10,-4.4959591608252525e-11
132.18,8.00829999973356,-1.1611135876839901e-10,-4.4959591608252525e-11
132.2,8.010299999733457,-1.1620127795161089e-10,-4.4959591608252525e-11
132.22,8.01229999973335,-1.1629119735686733e-10,-4.4964032500351026e-11
132.24,8.014299999733232,-1.1638119469977945e-10,-4.5035086773927036e-11
132.26,8.016299999733114,-1.1647133415123867e-10,-4.5106141047503046e-11
132.28,8.018299999732996,-1.165616157112451e-10,-4.5177195321079056e-11
132.3,8.020299999732877,-1.1665203937979863e-10,-4.5248249594655066e-11
132.32,8.022299999732759,-1.167426051568993e-10,-4.5319303868231076e-11
132.34,8.02429999973264,-1.168333130425471e-10,-4.5390358141807086e-11
132.36,8.026299999732522,-1.169241630367421e-10,-4.5461412415383096e-11
132.38,8.028299999732404,-1.170151551394842e-10,-4.5532466688959106e-11
132.4,8.030299999732286,-1.1710628935077348e-10,-4.5603520962535116e-11
132.42,8.032299999732167,-1.1719756567060988e-10,-4.5674575236111126e-11
132.44,8.034299999732035,-1.1728899853189248e-10,-4.577671575437664e-11
132.46,8.036299999731888,-1.1738069407194231e-10,-4.591882430152866e-11
132.48,8.038299999731741,-1.174726738290864e-10,-4.606093284868068e-11
132.5,8.040299999731594,-1.1756493780332483e-10,-4.62030413958327e-11
132.52,8.042299999731448,-1.1765748599465752e-10,-4.634514994298472e-11
132.54,8.044299999731301,-1.1775031840308446e-10,-4.648725849013674e-11
132.56,8.046299999731154,-1.1784343502860574e-10,-4.662936703728876e-11
132.58,8.048299999731007,-1.179368358712213e-10,-4.677147558444078e-11
132.6,8.05029999973086,-1.180305209309311e-10,-4.69135841315928e-11
132.62,8.052299999730714,-1.1812449020773521e-10,-4.705569267874482e-11
132.64,8.054299999730567,-1.1821874370163366e-10,-4.719780122589684e-11
132.66,8.05629999973042,-1.183133269317698e-10,-4.739764137032937e-11
132.68,8.058299999730274,-1.1840833360096736e-10,-4.76108041910574e-11
132.7,8.060299999730127,-1.1850376659580635e-10,-4.782396701178543e-11
132.72,8.06229999972998,-1.185996259162868e-10,-4.803712983251346e-11
132.74,8.064299999729833,-1.1869591156240867e-10,-4.825029265324149e-11
132.76,8.066299999729686,-1.1879262353417192e-10,-4.846345547396952e-11
132.78,8.06829999972954,-1.1888976183157664e-10,-4.867661829469755e-11
132.8,8.070299999729393,-1.1898732645462274e-10,-4.888978111542558e-11
132.82,8.072299999729246,-1.1908531740331032e-10,-4.910294393615361e-11
132.84,8.0742999997291,-1.1918373467763925e-10,-4.931610675688164e-11
132.86,8.076299999728953,-1.1928258271850157e-10,-4.954703314600367e-11
132.88,8.078299999728806,-1.1938195922552304e-10,-4.983125024030771e-11
132.9,8.080299999728659,-1.1948190416673306e-10,-5.011546733461175e-11
132.92,8.082299999728512,-1.1958241754213165e-10,-5.039968442891579e-11
132.94,8.084299999728366,-1.1968349935171885e-10,-5.068390152321983e-11
132.96,8.086299999728219,-1.1978514959549455e-10,-5.096811861752387e-11
132.98,8.088299999728072,-1.198873827063585e-10,-5.1283421956517417e-11
133.0,8.090299999727925,-1.1999030482163184e-10,-5.1638693324397467e-11
133.02,8.092299999727778,-1.200939374796409e-10,-5.1993964692277517e-11
133.04,8.094299999727632,-1.2019828068038568e-10,-5.234923606015757e-11
133.06,8.096299999727485,-1.2030333442386615e-10,-5.270450742803762e-11
133.08,8.098299999727338,-1.2040914422922573e-10,-5.3117510393198175e-11
133.1,8.100299999727191,-1.2051580379928816e-10,-5.3543836034654235e-11
133.12,8.102299999727045,-1.2062331602063345e-10,-5.3970161676110295e-11
133.14,8.104299999726898,-1.2073168089326156e-10,-5.4396487317566355e-11
133.16,8.106299999726751,-1.2084089841717255e-10,-5.4822812959022416e-11
133.18,8.108299999726604,-1.2095096859236634e-10,-5.5249138600478476e-11
133.2,8.110299999726458,-1.2106189141884299e-10,-5.5675464241934536e-11
133.22,8.11229999972631,-1.2117366689660246e-10,-5.6101789883390596e-11
133.24,8.114299999726164,-1.212862950256448e-10,-5.6528115524846656e-11
133.26,8.116299999726017,-1.2139977580596996e-10,-5.6954441166302716e-11
133.28,8.11829999972586,-1.2151411567687125e-10,-5.740297126825128e-11
133.3,8.120299999725685,-1.2162941544659903e-10,-5.790035118328335e-11
133.32,8.12229999972551,-1.2174570997615674e-10,-5.839773109831542e-11
133.34,8.124299999725334,-1.2186299926554445e-10,-5.889511101334749e-11
133.36,8.126299999725159,-1.2198128331476213e-10,-5.939249092837956e-11
133.38,8.128299999724984,-1.2210056212380976e-10,-5.988987084341163e-11
133.4,8.130299999724809,-1.2222083569268742e-10,-6.03872507584437e-11
133.42,8.132299999724633,-1.2234210402139507e-10,-6.088463067347577e-11
133.44,8.134299999724458,-1.2246436710993264e-10,-6.138201058850784e-11
133.46,8.136299999724283,-1.2258762495830025e-10,-6.187939050353991e-11
133.48,8.138299999724108,-1.2271187756649777e-10,-6.237677041857198e-11
133.5,8.140299999723922,-1.2283716490255355e-10,-6.292744103878606e-11
133.52,8.142299999723733,-1.2296358466609405e-10,-6.349587522739414e-11
133.54,8.144299999723543,-1.2309114129801169e-10,-6.406430941600222e-11
133.56,8.146299999723354,-1.2321983479830646e-10,-6.46327436046103e-11
133.58,8.148299999723164,-1.233496651669783e-10,-6.520117779321838e-11
133.6,8.150299999722975,-1.2348063240402727e-10,-6.576961198182646e-11
133.62,8.152299999722786,-1.2361273650945336e-10,-6.633804617043454e-11
133.64,8.154299999722596,-1.237459774832565e-10,-6.690648035904262e-11
133.66,8.156299999722407,-1.238803553254368e-10,-6.74749145476507e-11
133.68,8.158299999722217,-1.240158700359942e-10,-6.804334873625878e-11
133.7,8.160299999722024,-1.2415252450150838e-10,-6.862510560116236e-11
133.72,8.162299999721835,-1.2429046438324095e-10,-6.931788476852846e-11
133.74,8.164299999721617,-1.2442973964122603e-10,-6.995737323071255e-11
133.76,8.1662999997214,-1.245702938761353e-10,-7.059686169289664e-11
133.78,8.168299999721203,-1.2471216017261603e-10,-7.129408175236124e-11
133.8,8.170299999720985,-1.2485539137728204e-10,-7.193357021454533e-11
133.82,8.172299999720781,-1.249999728351913e-10,-7.262190848981293e-11
133.84,8.174299999720578,-1.2514589855113868e-10,-7.331912854927752e-11
133.86,8.17629999972036,-1.2529317452032757e-10,-7.395861701146161e-11
133.88,8.17829999972016,-1.2544181450952527e-10,-7.465583707092621e-11
133.9,8.180299999719972,-1.2559184227750412e-10,-7.538858426717882e-11
133.92,8.18229999971977,-1.2574333665009707e-10,-7.613465413972692e-11
133.94,8.184299999719574,-1.2589635114005594e-10,-7.687184222807802e-11
133.96,8.186299999719376,-1.2605084311481548e-10,-7.765343923741413e-11
133.98,8.188299999719177,-1.2620688185229268e-10,-7.839062732576524e-11
134.0,8.19029999971898,-1.263644107311133e-10,-7.916778344300285e-11
134.02,8.192299999718767,-1.2652350347008535e-10,-7.990497153135395e-11
134.04,8.194299999718567,-1.2668411765869073e-10,-8.066880497229606e-11
134.06,8.19629999971837,-1.2684628971224488e-10,-8.147704733422317e-11
134.08,8.19829999971817,-1.2701005760037419e-10,-8.229861237244579e-11
134.1,8.200299999717966,-1.2717543642211184e-10,-8.31157365185699e-11
134.12,8.202299999717763,-1.2734241862794101e-10,-8.389289263580751e-11
134.14,8.204299999717552,-1.275110506251841e-10,-8.471445767403013e-11
134.16,8.206299999717345,-1.2768133019339576e-10,-8.556266806484375e-11
134.18,8.208299999717138,-1.2785330773670102e-10,-8.641531934775587e-11
134.2,8.210299999716934,-1.280269734851377e-10,-8.728129330696349e-11
134.22,8.212299999716723,-1.282024189210822e-10,-8.813394458987561e-11
134.24,8.214299999716527,-1.2837961318033616e-10,-8.903988657796974e-11
134.26,8.216299999716327,-1.2855854427248884e-10,-8.991918321347286e-11
134.28,8.218299999716116,-1.2873924750263255e-10,-9.077627538848349e-11
134.3,8.220299999715909,-1.289217244250808e-10,-9.166001291608511e-11
134.32,8.222299999715702,-1.291059426213209e-10,-9.257927758047474e-11
134.34,8.22429999971548,-1.292920248820181e-10,-9.349410135276587e-11
134.36,8.226299999715271,-1.294800036256868e-10,-9.44666567223375e-11
134.38,8.228299999715043,-1.296698453235886e-10,-9.538592138672713e-11
134.4,8.230299999714816,-1.2986152288628393e-10,-9.630518605111676e-11
134.42,8.232299999714595,-1.3005503742399591e-10,-9.72288916076049e-11
134.44,8.234299999714366,-1.3025045577214992e-10,-9.816147894829003e-11
134.46,8.236299999714152,-1.3044779458409335e-10,-9.918732502304367e-11
134.48,8.238299999713924,-1.3064706185342867e-10,-1.001110305795318e-10
134.5,8.240299999713699,-1.3084823759614367e-10,-1.0108358594910344e-10
134.52,8.242299999713474,-1.3105137243840675e-10,-1.0201617328978857e-10
134.54,8.244299999713245,-1.3125643773646537e-10,-1.0300205133565571e-10
134.56,8.246299999713022,-1.3146351897749198e-10,-1.0402789741040935e-10
134.58,8.248299999712803,-1.3167262371100397e-10,-1.050937115140495e-10
134.6,8.250299999712583,-1.3188384008870781e-10,-1.0614176204929565e-10
134.62,8.252299999712356,-1.320971625594886e-10,-1.071853716924433e-10
134.64,8.254299999712131,-1.3231263819680345e-10,-1.0826006758028045e-10
134.66,8.256299999711917,-1.3253029653258553e-10,-1.0938805417329961e-10
134.68,8.2582999997117,-1.3275019441025186e-10,-1.1050715898212177e-10
134.7,8.260299999711481,-1.3297233049753556e-10,-1.1162626379094392e-10
134.72,8.262299999711264,-1.331967047944367e-10,-1.1274536859976608e-10
134.74,8.264299999711046,-1.3342331730095528e-10,-1.1386447340858824e-10
134.76,8.266299999710808,-1.3365209896121673e-10,-1.1493472840432689e-10
134.78,8.268299999710582,-1.338831099493132e-10,-1.1609380124203555e-10
134.8,8.270299999710343,-1.3411638956713612e-10,-1.172040242666607e-10
134.82,8.272299999710107,-1.343519060623093e-10,-1.1833201085967987e-10
134.84,8.274299999709864,-1.3458970073512831e-10,-1.1944223388430503e-10
134.86,8.276299999709629,-1.348297560440703e-10,-1.205835431536197e-10
134.88,8.2782999997094,-1.3507211129103025e-10,-1.2174261599132835e-10
134.9,8.280299999709166,-1.3531674738017174e-10,-1.2291945239743102e-10
134.92,8.282299999708918,-1.3556370072680843e-10,-1.2405187988254868e-10
134.94,8.284299999708683,-1.358129411328765e-10,-1.2521095272025734e-10
134.96,8.28629999970845,-1.3606458295134612e-10,-1.264011118026555e-10
134.98,8.288299999708212,-1.3631857178128955e-10,-1.2760903445344768e-10
135.0,8.290299999707965,-1.3657497245973067e-10,-1.2880807532004285e-10
135.02,8.292299999707701,-1.3683377077581388e-10,-1.2998935261824401e-10
135.04,8.294299999707448,-1.3709499115444872e-10,-1.3120615705323319e-10
135.06,8.296299999707195,-1.3735863914674877e-10,-1.3242740238032086e-10
135.08,8.298299999706948,-1.3762469743323512e-10,-1.3364420681531003e-10
135.1,8.300299999706702,-1.3789321242123076e-10,-1.349054201712842e-10
135.12,8.302299999706442,-1.3816422763147584e-10,-1.3612222460627338e-10
135.14,8.304299999706192,-1.3843768622055423e-10,-1.3737455617805056e-10
135.16,8.306299999705928,-1.3871362260537732e-10,-1.3857803793674423e-10
135.18,8.308299999705664,-1.3899200792014794e-10,-1.398214877243244e-10
135.2,8.310299999705403,-1.3927294297311614e-10,-1.4110490554079108e-10
135.22,8.31229999970516,-1.3955648727223892e-10,-1.4245493673873527e-10
135.24,8.314299999704893,-1.3984267501237936e-10,-1.4371170920261095e-10
135.26,8.31629999970465,-1.401314757734338e-10,-1.4505729950845664e-10
135.28,8.318299999704397,-1.4042287379023003e-10,-1.4638068535380983e-10
135.3,8.32029999970414,-1.4071689593016639e-10,-1.47686307630769e-10
135.32,8.322299999703922,-1.4101369318358024e-10,-1.491251566706832e-10
135.34,8.324299999703705,-1.4131343208391824e-10,-1.5061729641577942e-10
135.36,8.326299999703487,-1.416161552637461e-10,-1.5210943616087563e-10
135.38,8.328299999703269,-1.4192186272306382e-10,-1.5360157590597184e-10
135.4,8.330299999703051,-1.4223055446187137e-10,-1.5509371565106805e-10
135.42,8.332299999702833,-1.4254223048016877e-10,-1.5658585539616426e-10
135.44,8.334299999702615,-1.4285689077795599e-10,-1.5807799514126047e-10
135.46,8.336299999702398,-1.4317453535523307e-10,-1.5957013488635668e-10
135.48,8.33829999970218,-1.43495164212e-10,-1.610622746314529e-10
135.5,8.340299999701962,-1.438187773482568e-10,-1.625544143765491e-10
135.52,8.34229999970174,-1.441453754301371e-10,-1.6405099501374382e-10
135.54,8.344299999701494,-1.4447504239049943e-10,-1.6561418903241604e-10
135.56,8.346299999701248,-1.4480783573889877e-10,-1.6717738305108826e-10
135.58,8.348299999701002,-1.4514375547533508e-10,-1.6874057706976048e-10
135.6,8.350299999700756,-1.4548280159980834e-10,-1.703037710884327e-10
135.62,8.35229999970051,-1.4582497411231855e-10,-1.7186696510710492e-10
135.64,8.354299999700263,-1.461702730128657e-10,-1.7343015912577714e-10
135.66,8.356299999700017,-1.465186983014498e-10,-1.7499335314444936e-10
135.68,8.35829999969977,-1.468702499780709e-10,-1.7655654716312158e-10
135.7,8.360299999699524,-1.47224928042729e-10,-1.781197411817938e-10
135.72,8.362299999699278,-1.4758273249542406e-10,-1.7968293520046602e-10
135.74,8.364299999699023,-1.4794368109972325e-10,-1.8128165635592625e-10
135.76,8.366299999698763,-1.4830788043703679e-10,-1.8291590464817448e-10
135.78,8.368299999698502,-1.4867534827093438e-10,-1.845501529404227e-10
135.8,8.370299999698242,-1.4904608460141604e-10,-1.8618440123267094e-10
135.82,8.372299999697981,-1.4942008942848184e-10,-1.8781864952491917e-10
135.84,8.37429999969772,-1.4979736275213163e-10,-1.894528978171674e-10
135.86,8.37629999969746,-1.501779045723655e-10,-1.9108714610941563e-10
135.88,8.3782999996972,-1.505617148891835e-10,-1.9272139440166386e-10
135.9,8.38029999969694,-1.509487937025855e-10,-1.943556426939121e-10
135.92,8.382299999696679,-1.513391410125716e-10,-1.9598989098616032e-10
135.94,8.384299999696418,-1.5173275681914175e-10,-1.9762413927840855e-10
135.96,8.386299999696131,-1.5212970529318414e-10,-1.993250009521343e-10
135.98,8.388299999695864,-1.525301067828792e-10,-2.0108359422314054e-10
136.0,8.390299999695603,-1.5293405743353967e-10,-2.028599510625408e-10
136.02,8.392299999695343,-1.5334156079787844e-10,-2.0463630790194104e-10
136.04,8.394299999695082,-1.5375261687589555e-10,-2.064126647413413e-10
136.06,8.396299999694822,-1.5416722566759102e-10,-2.0818902158074154e-10
136.08,8.398299999694562,-1.545853871729648e-10,-2.099653784201418e-10
136.1,8.400299999694301,-1.5500710139201693e-10,-2.1174173525954204e-10
136.12,8.40229999969404,-1.554323683247474e-10,-2.135180920989423e-10
136.14,8.40429999969378,-1.558611879711562e-10,-2.1529444893834254e-10
136.16,8.406299999693509,-1.5629356921302638e-10,-2.170974511303338e-10
136.18,8.40829999969322,-1.5672961507905383e-10,-2.1894486224331006e-10
136.2,8.410299999692931,-1.5716935576730673e-10,-2.2079227335628632e-10
136.22,8.412299999692642,-1.5761279127778504e-10,-2.2263968446926258e-10
136.24,8.414299999692354,-1.5805992161048883e-10,-2.2448709558223884e-10
136.26,8.416299999692065,-1.5851074676541802e-10,-2.263345066952151e-10
136.28,8.418299999691776,-1.5896526674257274e-10,-2.2818191780819136e-10
136.3,8.420299999691487,-1.594234815419528e-10,-2.3002932892116762e-10
136.32,8.422299999691198,-1.5988539116355838e-10,-2.3187674003414388e-10
136.34,8.42429999969091,-1.6035099560738937e-10,-2.3372415114712014e-10
136.36,8.42629999969062,-1.608202948734458e-10,-2.355715622600964e-10
136.38,8.428299999690331,-1.6129332892975409e-10,-2.3747226407825467e-10
136.4,8.430299999690043,-1.617701954759419e-10,-2.3939072946480694e-10
136.42,8.432299999689754,-1.622508989529023e-10,-2.413091948513592e-10
136.44,8.434299999689465,-1.6273543936063527e-10,-2.432276602379115e-10
136.46,8.436299999689176,-1.6322381669914077e-10,-2.4514612562446375e-10
136.48,8.438299999688887,-1.6371603096841888e-10,-2.47064591011016e-10
136.5,8.440299999688598,-1.642120821684695e-10,-2.489830563975683e-10
136.52,8.44229999968831,-1.647119702992927e-10,-2.5090152178412056e-10
136.54,8.44429999968802,-1.6521569536088838e-10,-2.5281998717067283e-10
136.56,8.446299999687731,-1.6572325735325667e-10,-2.547384525572251e-10
136.58,8.448299999687443,-1.662346591629767e-10,-2.566702406200729e-10
136.6,8.450299999687154,-1.667499944928694e-10,-2.5865976028020116e-10
136.62,8.452299999686865,-1.672693088620817e-10,-2.6064927994032944e-10
136.64,8.454299999686576,-1.6779260227061373e-10,-2.626387996004577e-10
136.66,8.456299999686287,-1.6831987471846536e-10,-2.64628319260586e-10
136.68,8.458299999685998,-1.6885112620563667e-10,-2.666178389207143e-10
136.7,8.46029999968571,-1.6938635673212762e-10,-2.6860735858084256e-10
136.72,8.46229999968542,-1.6992556629793824e-10,-2.7059687824097084e-10
136.74,8.464299999685132,-1.7046875490306849e-10,-2.725863979010991e-10
136.76,8.466299999684843,-1.7101592254751843e-10,-2.745759175612274e-10
136.78,8.468299999684554,-1.7156706923128799e-10,-2.765654372213557e-10
136.8,8.470299999684247,-1.721222202674597e-10,-2.7859936580246897e-10
136.82,8.47229999968393,-1.7268148134926645e-10,-2.8065993973617326e-10
136.84,8.474299999683613,-1.7324486357894e-10,-2.8272051366987755e-10
136.86,8.476299999683295,-1.7381236695648027e-10,-2.8478108760358184e-10
136.88,8.478299999682978,-1.743839914818873e-10,-2.8684166153728613e-10
136.9,8.48029999968266,-1.7495973715516112e-10,-2.889022354709904e-10
136.92,8.482299999682343,-1.755396039763017e-10,-2.909628094046947e-10
136.94,8.484299999682026,-1.7612359194530895e-10,-2.93023383338399e-10
136.96,8.486299999681709,-1.7671170106218294e-10,-2.950839572721033e-10
136.98,8.488299999681391,-1.773039313269237e-10,-2.971445312058076e-10
137.0,8.490299999681074,-1.779002829615755e-10,-2.9920954603161037e-10
137.02,8.492299999680743,-1.7850083368174648e-10,-3.013411742388907e-10
137.04,8.494299999680411,-1.791056476583313e-10,-3.03472802446171e-10
137.06,8.49629999968008,-1.7971472489132997e-10,-3.056044306534513e-10
137.08,8.498299999679748,-1.803280653807425e-10,-3.077360588607316e-10
137.1,8.500299999679417,-1.8094566912656888e-10,-3.098676870680119e-10
137.12,8.502299999679085,-1.8156753612880908e-10,-3.119993152752922e-10
137.14,8.504299999678754,-1.8219366638746316e-10,-3.141309434825725e-10
137.16,8.506299999678422,-1.8282405990253107e-10,-3.162625716898528e-10
137.18,8.50829999967809,-1.8345871667401286e-10,-3.183941998971331e-10
137.2,8.510299999677759,-1.840976367019085e-10,-3.205258281044134e-10
137.22,8.512299999677413,-1.8474083952614095e-10,-3.226929834484817e-10
137.24,8.514299999677053,-1.8538843172812056e-10,-3.24895665929338e-10
137.26,8.516299999676693,-1.8604042929506103e-10,-3.270983484101943e-10
137.28,8.518299999676334,-1.866968322269625e-10,-3.293010308910506e-10
137.3,8.520299999675974,-1.873576405238249e-10,-3.3150371337190693e-10
137.32,8.522299999675614,-1.8802285418564825e-10,-3.3370639585276324e-10
137.34,8.524299999675254,-1.886924732124326e-10,-3.3590907833361955e-10
137.36,8.526299999674894,-1.8936649760417781e-10,-3.3811176081447586e-10
137.38,8.528299999674534,-1.9004492736088404e-10,-3.4031444329533217e-10
137.4,8.530299999674174,-1.9072776248255123e-10,-3.425171257761885e-10
137.42,8.532299999673814,-1.9141500296917932e-10,-3.447198082570448e-10
137.44,8.534299999673454,-1.921067029996477e-10,-3.469846632272801e-10
137.46,8.536299999673094,-1.9280294961544503e-10,-3.4925839998171243e-10
137.48,8.538299999672734,-1.9350374370475046e-10,-3.5153213673614475e-10
137.5,8.540299999672374,-1.942090852675639e-10,-3.5380587349057707e-10
137.52,8.542299999672014,-1.9491897430388537e-10,-3.560796102450094e-10
137.54,8.544299999671654,-1.9563341081371498e-10,-3.583533469994417e-10
137.56,8.546299999671295,-1.9635240900790982e-10,-3.6066261089066204e-10
137.58,8.548299999670935,-1.9707607546788034e-10,-3.6300740191867037e-10
137.6,8.550299999670575,-1.9780443150990614e-10,-3.653521929466787e-10
137.62,8.552299999670215,-1.9853747713398708e-10,-3.6769698397468703e-10
137.64,8.554299999669855,-1.9927522122190553e-10,-3.7006842035528636e-10
137.66,8.556299999669495,-2.0001776680235668e-10,-3.724842656568707e-10
137.68,8.558299999669135,-2.0076514407341017e-10,-3.7490011095845505e-10
137.7,8.560299999668775,-2.0151735303506593e-10,-3.773159562600394e-10
137.72,8.562299999668415,-2.0227439368732398e-10,-3.7973180156162373e-10
137.74,8.564299999668055,-2.0303626603018437e-10,-3.8214764686320807e-10
137.76,8.566299999667695,-2.03802970063647e-10,-3.845634921647924e-10
137.78,8.568299999667335,-2.0457450578771198e-10,-3.8697933746637675e-10
137.8,8.570299999666975,-2.0535087320237922e-10,-3.893951827679611e-10
137.82,8.572299999666615,-2.0613207230764878e-10,-3.9181102806954543e-10
137.84,8.574299999666255,-2.0691810310352066e-10,-3.9422687337112977e-10
137.86,8.576299999665885,-2.077090055580195e-10,-3.966960093778961e-10
137.88,8.57829999966551,-2.0850487737077417e-10,-3.9918290895305647e-10
137.9,8.580299999665137,-2.093057229826783e-10,-4.016698085282168e-10
137.92,8.582299999664762,-2.101115423937318e-10,-4.0415670810337717e-10
137.94,8.584299999664388,-2.1092233560393466e-10,-4.066436076785375e-10
137.96,8.586299999664014,-2.1173810261328697e-10,-4.0913050725369787e-10
137.98,8.58829999966364,-2.1255884342178865e-10,-4.116174068288582e-10
138.0,8.590299999663266,-2.1338455802943967e-10,-4.1410430640401857e-10
138.02,8.592299999662892,-2.142152464362401e-10,-4.165912059791789e-10
138.04,8.594299999662518,-2.1505090864218994e-10,-4.190781055543393e-10
138.06,8.596299999662143,-2.158915475338679e-10,-4.2157832780579513e-10
138.08,8.598299999661755,-2.1673725681409346e-10,-4.241362816545315e-10
138.1,8.600299999661367,-2.1758808200201546e-10,-4.2669423550326785e-10
138.12,8.602299999660978,-2.1844402309763396e-10,-4.292521893520042e-10
138.14,8.60429999966059,-2.1930508010094896e-10,-4.3181014320074057e-10
138.16,8.606299999660202,-2.2017125301196046e-10,-4.3436809704947693e-10
138.18,8.608299999659813,-2.2104254183066856e-10,-4.369260508982133e-10
138.2,8.610299999659425,-2.219189465570731e-10,-4.3948400474694965e-10
138.22,8.612299999659037,-2.228004671911741e-10,-4.42041958595686e-10
138.24,8.614299999658648,-2.2368710373297153e-10,-4.4459991244442237e-10
138.26,8.61629999965826,-2.2457885618246542e-10,-4.4715786629315873e-10
138.28,8.61829999965786,-2.2547575340545044e-10,-4.497602290628801e-10
138.3,8.620299999657458,-2.2637789931880322e-10,-4.5238923718519247e-10
138.32,8.622299999657056,-2.2728530324839963e-10,-4.5501824530750484e-10
138.34,8.624299999656653,-2.281979651942396e-10,-4.576472534298172e-10
138.36,8.62629999965625,-2.291158851563231e-10,-4.602762615521296e-10
138.38,8.628299999655848,-2.3003906313465016e-10,-4.6290526967444195e-10
138.4,8.630299999655445,-2.309674991292208e-10,-4.655342777967543e-10
138.42,8.632299999655043,-2.31901193140035e-10,-4.681632859190667e-10
138.44,8.63429999965464,-2.328401451670928e-10,-4.707922940413791e-10
138.46,8.636299999654238,-2.3378435521039407e-10,-4.734213021636915e-10
138.48,8.638299999653835,-2.347338234919831e-10,-4.760547511781024e-10
138.5,8.640299999653404,-2.356886295038226e-10,-4.787548135739907e-10
138.52,8.642299999652973,-2.366488356404527e-10,-4.814548759698791e-10
138.54,8.644299999652542,-2.376144419018735e-10,-4.841549383657675e-10
138.56,8.646299999652111,-2.385854482880849e-10,-4.868550007616559e-10
138.58,8.64829999965168,-2.39561854799087e-10,-4.895550631575443e-10
138.6,8.65029999965125,-2.4054366143487975e-10,-4.922551255534326e-10
138.62,8.652299999650818,-2.4153086819546314e-10,-4.94955187949321e-10
138.64,8.654299999650387,-2.425234750808372e-10,-4.976552503452094e-10
138.66,8.656299999649956,-2.4352148209100183e-10,-5.003553127410978e-10
138.68,8.658299999649525,-2.445248892259572e-10,-5.030553751369862e-10
138.7,8.660299999649094,-2.4553371424926797e-10,-5.057909646696626e-10
138.72,8.662299999648663,-2.465480637423444e-10,-5.085620813391269e-10
138.74,8.664299999648232,-2.475679554687587e-10,-5.113331980085913e-10
138.76,8.666299999647801,-2.485933894285107e-10,-5.141043146780557e-10
138.78,8.66829999964737,-2.496243656216004e-10,-5.168754313475201e-10
138.8,8.67029999964694,-2.5066088404802787e-10,-5.196465480169845e-10
138.82,8.672299999646508,-2.517029447077931e-10,-5.224176646864489e-10
138.84,8.674299999646077,-2.52750547600896e-10,-5.251887813559133e-10
138.86,8.676299999645646,-2.5380369272733674e-10,-5.279598980253777e-10
138.88,8.678299999645215,-2.548623800871151e-10,-5.307310146948421e-10
138.9,8.680299999644784,-2.5592660968023116e-10,-5.335021313643065e-10
138.92,8.682299999644343,-2.5699644567756874e-10,-5.363398614152484e-10
138.94,8.684299999643898,-2.5807196579474607e-10,-5.391820323582888e-10
138.96,8.686299999643452,-2.5915317025380816e-10,-5.420242033013292e-10
138.98,8.688299999643007,-2.602400590547551e-10,-5.448663742443696e-10
139.0,8.690299999642562,-2.6133263219758686e-10,-5.4770854518741e-10
139.02,8.692299999642117,-2.6243088968230337e-10,-5.505507161304504e-10
139.04,8.694299999641672,-2.635348315089048e-10,-5.533928870734908e-10
139.06,8.696299999641226,-2.6464445767739093e-10,-5.562350580165312e-10
139.08,8.698299999640781,-2.657597681877619e-10,-5.590772289595716e-10
139.1,8.700299999640336,-2.668807630400178e-10,-5.61919399902612e-10
139.12,8.702299999639886,-2.680074535584298e-10,-5.647926570903419e-10
139.14,8.704299999639426,-2.6913994499213964e-10,-5.677058823069583e-10
139.16,8.706299999638981,-2.7027834103599033e-10,-5.706901617971507e-10
139.18,8.708299999638536,-2.714227056388201e-10,-5.736744412873431e-10
139.2,8.71029999963809,-2.725730388006289e-10,-5.766587207775355e-10
139.22,8.712299999637645,-2.7372934052141676e-10,-5.79643000267728e-10
139.24,8.7142999996372,-2.748916108011837e-10,-5.826272797579204e-10
139.26,8.716299999636755,-2.760598496399296e-10,-5.856115592481128e-10
139.28,8.71829999963631,-2.7723405703765465e-10,-5.885958387383052e-10
139.3,8.720299999635865,-2.784142329943587e-10,-5.915801182284976e-10
139.32,8.72229999963542,-2.7960037751004194e-10,-5.945643977186901e-10
139.34,8.724299999634962,-2.807925332172619e-10,-5.976019679140645e-10
139.36,8.726299999634502,-2.819907960392922e-10,-6.006573016778329e-10
139.38,8.728299999634043,-2.8319516952884873e-10,-6.037126354416014e-10
139.4,8.730299999633583,-2.8440565368593135e-10,-6.067679692053698e-10
139.42,8.732299999633124,-2.8562224851054006e-10,-6.098233029691382e-10
139.44,8.734299999632665,-2.8684495400267496e-10,-6.128786367329067e-10
139.46,8.736299999632205,-2.880737701623359e-10,-6.159339704966751e-10
139.48,8.738299999631746,-2.89308696989523e-10,-6.189893042604435e-10
139.5,8.740299999631286,-2.905497344842363e-10,-6.220446380242119e-10
139.52,8.742299999630827,-2.9179688264647573e-10,-6.250999717879804e-10
139.54,8.744299999630366,-2.930501468053096e-10,-6.281730691201428e-10
139.56,8.746299999629892,-2.9430962643671633e-10,-6.312994571574872e-10
139.58,8.748299999629419,-2.955753588441964e-10,-6.344258451948317e-10
139.6,8.750299999628945,-2.9684734402774946e-10,-6.375522332321761e-10
139.62,8.752299999628471,-2.981255819873758e-10,-6.406786212695206e-10
139.64,8.754299999627998,-2.9941007272307543e-10,-6.43805009306865e-10
139.66,8.756299999627524,-3.007008162348481e-10,-6.469313973442095e-10
139.68,8.75829999962705,-3.019978125226941e-10,-6.500577853815539e-10
139.7,8.760299999626577,-3.033010615866133e-10,-6.531841734188983e-10
139.72,8.762299999626103,-3.046105634266057e-10,-6.563105614562428e-10
139.74,8.76429999962563,-3.0592631804267136e-10,-6.594369494935872e-10
139.76,8.766299999625144,-3.0724835541082536e-10,-6.626121873440152e-10
139.78,8.768299999624656,-3.0857677900385716e-10,-6.658096296549356e-10
139.8,8.770299999624168,-3.0991159748150915e-10,-6.690070719658561e-10
139.82,8.77229999962368,-3.1125281084378145e-10,-6.722045142767765e-10
139.84,8.774299999623192,-3.1260041909067404e-10,-6.75401956587697e-10
139.86,8.776299999622704,-3.1395442222218693e-10,-6.785993988986174e-10
139.88,8.778299999622217,-3.153148202383201e-10,-6.817968412095379e-10
139.9,8.780299999621729,-3.166816131390735e-10,-6.849942835204583e-10
139.92,8.782299999621241,-3.1805480092444726e-10,-6.881917258313788e-10
139.94,8.784299999620753,-3.194343835944413e-10,-6.913891681422992e-10
139.96,8.786299999620265,-3.2082036181518885e-10,-6.945910513453182e-10
139.98,8.788299999619763,-3.222128195195418e-10,-6.978595479298146e-10
140.0,8.790299999619261,-3.2361181421706213e-10,-7.011280445143111e-10
140.02,8.79229999961876,-3.2501734590774975e-10,-7.043965410988076e-10
140.04,8.794299999618257,-3.264294145916047e-10,-7.07665037683304e-10
140.06,8.796299999617755,-3.278480202686271e-10,-7.109335342678005e-10
140.08,8.798299999617253,-3.2927316293881685e-10,-7.142020308522969e-10
140.1,8.800299999616751,-3.3070484260217394e-10,-7.174705274367934e-10
140.12,8.802299999616249,-3.3214305925869835e-10,-7.207390240212899e-10
140.14,8.804299999615747,-3.3358781290839014e-10,-7.240075206057863e-10
140.16,8.806299999615245,-3.3503910355124926e-10,-7.272760171902828e-10
140.18,8.808299999614743,-3.364969489508389e-10,-7.305800409115672e-10
140.2,8.81029999961424,-3.379614556885694e-10,-7.339195917696397e-10
140.22,8.812299999613739,-3.394326415280144e-10,-7.372591426277122e-10
140.24,8.814299999613237,-3.409105064691737e-10,-7.405986934857847e-10
140.26,8.816299999612735,-3.4239505051204755e-10,-7.439382443438571e-10
140.28,8.818299999612233,-3.438862736566357e-10,-7.472777952019296e-10
140.3,8.82029999961173,-3.4538417590293835e-10,-7.506173460600021e-10
140.32,8.822299999611229,-3.4688875725095543e-10,-7.539568969180745e-10
140.34,8.824299999610727,-3.4840001770068687e-10,-7.57296447776147e-10
140.36,8.826299999610224,-3.4991795725213287e-10,-7.606359986342195e-10
140.38,8.828299999609722,-3.514425759052931e-10,-7.63975549492292e-10
140.4,8.830299999609192,-3.529739411617168e-10,-7.673861546239404e-10
140.42,8.832299999608662,-3.5451212762840207e-10,-7.707967597555889e-10
140.44,8.834299999608131,-3.5605713530534883e-10,-7.742073648872374e-10
140.46,8.8362999996076,-3.5760896419255706e-10,-7.776179700188859e-10
140.48,8.83829999960707,-3.5916761429002673e-10,-7.810285751505344e-10
140.5,8.84029999960654,-3.607330855977579e-10,-7.844391802821828e-10
140.52,8.84229999960601,-3.623053781157506e-10,-7.878497854138313e-10
140.54,8.844299999605479,-3.638844918440047e-10,-7.912603905454798e-10
140.56,8.846299999604948,-3.6547042678252036e-10,-7.946709956771283e-10
140.58,8.848299999604418,-3.670631829312975e-10,-7.980816008087768e-10
140.6,8.850299999603884,-3.6866276761780445e-10,-8.015144104009178e-10
140.62,8.85229999960334,-3.7026928342664455e-10,-8.049960698061422e-10
140.64,8.854299999602794,-3.7188276255429325e-10,-8.084777292113667e-10
140.66,8.85629999960225,-3.7350320500075037e-10,-8.119593886165912e-10
140.68,8.858299999601705,-3.7513061076601604e-10,-8.154410480218157e-10
140.7,8.86029999960116,-3.7676497985009037e-10,-8.189227074270402e-10
140.72,8.862299999600616,-3.7840631225297316e-10,-8.224043668322647e-10
140.74,8.864299999600071,-3.800546079746646e-10,-8.258860262374892e-10
140.76,8.866299999599539,-3.817099185295231e-10,-8.294298581320927e-10
140.78,8.868299999599008,-3.83372332735382e-10,-8.329825718108932e-10
140.8,8.870299999598478,-3.8504185236859655e-10,-8.365352854896937e-10
140.82,8.872299999597935,-3.8671852294830115e-10,-8.401457307657747e-10
140.84,8.87429999959739,-3.884024381773265e-10,-8.437694987181512e-10
140.86,8.876299999596846,-3.9009360094225457e-10,-8.473932666705277e-10
140.88,8.878299999596301,-3.917920112430855e-10,-8.510170346229042e-10
140.9,8.880299999595756,-3.9349766907981916e-10,-8.546408025752807e-10
140.92,8.882299999595212,-3.952105744524556e-10,-8.582645705276573e-10
140.94,8.884299999594667,-3.9693072736099486e-10,-8.618883384800338e-10
140.96,8.886299999594122,-3.9865812780543683e-10,-8.655121064324103e-10
140.98,8.888299999593578,-4.003927757857816e-10,-8.691358743847868e-10
141.0,8.890299999593033,-4.0213467130202923e-10,-8.727596423371633e-10
141.02,8.892299999592488,-4.038838143541796e-10,-8.763834102895398e-10
141.04,8.89429999959193,-4.056402691131118e-10,-8.800737916233938e-10
141.06,8.89629999959137,-4.0740411329444854e-10,-8.837686138493463e-10
141.08,8.898299999590812,-4.0917534712023506e-10,-8.874634360752989e-10
141.1,8.900299999590253,-4.1095397059047137e-10,-8.911582583012514e-10
141.12,8.902299999589694,-4.127399837051575e-10,-8.948530805272039e-10
141.14,8.904299999589135,-4.145333864642937e-10,-8.985479027531564e-10
141.16,8.906299999588576,-4.1633417886787947e-10,-9.02242724979109e-10
141.18,8.908299999588017,-4.1814236091591526e-10,-9.059375472050615e-10
141.2,8.910299999587458,-4.1995793260840084e-10,-9.09632369431014e-10
141.22,8.9122999995869,-4.2178089394533626e-10,-9.133271916569665e-10
141.24,8.91429999958634,-4.2361124492672153e-10,-9.17022013882919e-10
141.26,8.916299999585775,-4.254489968768258e-10,-9.207479223535611e-10
141.28,8.918299999585201,-4.2729425504479e-10,-9.245137988530896e-10
141.3,8.920299999584628,-4.2914704496575103e-10,-9.282796753526181e-10
141.32,8.922299999584055,-4.310073666397087e-10,-9.320455518521467e-10
141.34,8.924299999583482,-4.3287522006666333e-10,-9.358114283516752e-10
141.36,8.926299999582909,-4.3475060524661493e-10,-9.395773048512037e-10
141.38,8.928299999582336,-4.366335221795635e-10,-9.433431813507322e-10
141.4,8.930299999581763,-4.3852397086550907e-10,-9.471090578502608e-10
141.42,8.93229999958119,-4.404219513044516e-10,-9.508749343497893e-10
141.44,8.934299999580617,-4.423274634963911e-10,-9.546408108493178e-10
141.46,8.936299999580044,-4.442405074413274e-10,-9.584066873488464e-10
141.48,8.93829999957947,-4.4616108313926064e-10,-9.62172563848375e-10
141.5,8.940299999578897,-4.4808919059019084e-10,-9.659384403479034e-10
141.52,8.942299999578324,-4.500249044010912e-10,-9.69775371121008e-10
141.54,8.944299999577751,-4.5196829207353554e-10,-9.736123018941125e-10
141.56,8.946299999577178,-4.539193536075239e-10,-9.77449232667217e-10
141.58,8.948299999576605,-4.558780890030562e-10,-9.812861634403216e-10
141.6,8.950299999576032,-4.578444982601326e-10,-9.851230942134261e-10
141.62,8.952299999575459,-4.598185813787529e-10,-9.889600249865307e-10
141.64,8.954299999574886,-4.618003383589172e-10,-9.927969557596352e-10
141.66,8.956299999574313,-4.637897692006255e-10,-9.966338865327398e-10
141.68,8.95829999957374,-4.657868739038776e-10,-1.0004708173058443e-09
141.7,8.960299999573166,-4.677916524686739e-10,-1.0043077480789488e-09
141.72,8.962299999572593,-4.698041048950142e-10,-1.0081446788520534e-09
141.74,8.96429999957202,-4.718242311828985e-10,-1.011981609625158e-09
141.76,8.966299999571447,-4.738520313323265e-10,-1.0158185403982625e-09
141.78,8.96829999957087,-4.758875073416971e-10,-1.0196687938476625e-09
141.8,8.970299999570269,-4.779307511374675e-10,-1.023576778894343e-09
141.82,8.972299999569668,-4.799818109033293e-10,-1.0274847639410236e-09
141.84,8.974299999569066,-4.82040686639282e-10,-1.0313927489877042e-09
141.86,8.976299999568464,-4.841073783453255e-10,-1.0353007340343847e-09
141.88,8.978299999567863,-4.861818857994148e-10,-1.0392042781889668e-09
141.9,8.980299999567247,-4.88264131285925e-10,-1.0430412089620713e-09
141.92,8.982299999566631,-4.903540506339791e-10,-1.0468781397351758e-09
141.94,8.984299999566016,-4.924516438435766e-10,-1.0507150705082804e-09
141.96,8.9862999995654,-4.945569109147179e-10,-1.054552001281385e-09
141.98,8.988299999564784,-4.966698518474032e-10,-1.0583889320544895e-09
142.0,8.990299999564169,-4.987904666416326e-10,-1.062225862827594e-09
142.02,8.992299999563553,-5.009187552974057e-10,-1.0660627936006986e-09
142.04,8.994299999562937,-5.030547178147226e-10,-1.069899724373803e-09
142.06,8.996299999562321,-5.051983541935835e-10,-1.0737366551469076e-09
142.08,8.998299999561695,-5.073496759803015e-10,-1.0776002312726032e-09
142.1,9.00029999956105,-5.095087879799271e-10,-1.0815082163192837e-09
142.12,9.002299999560407,-5.116757159496434e-10,-1.0854162013659643e-09
142.14,9.004299999559763,-5.138504598894507e-10,-1.0893241864126448e-09
142.16,9.006299999559118,-5.160330197993491e-10,-1.0932321714593254e-09
142.18,9.008299999558474,-5.18223395679338e-10,-1.097140156506006e-09
142.2,9.01029999955783,-5.20421587529418e-10,-1.1010481415526865e-09
142.22,9.012299999557186,-5.22627595349589e-10,-1.104956126599367e-09
142.24,9.014299999556542,-5.248414191398509e-10,-1.1088641116460476e-09
142.26,9.016299999555898,-5.270630589002034e-10,-1.1127720966927281e-09
142.28,9.018299999555254,-5.292925146306471e-10,-1.1166800817394087e-09
142.3,9.02029999955461,-5.315297863311819e-10,-1.1205880667860892e-09
142.32,9.022299999553965,-5.33774874001807e-10,-1.1244960518327698e-09
142.34,9.024299999553321,-5.360277776425233e-10,-1.1284040368794503e-09
142.36,9.026299999552677,-5.382885036926192e-10,-1.1323342263866234e-09
142.38,9.028299999552033,-5.405571529603391e-10,-1.13631326570688e-09
142.4,9.030299999551389,-5.428337603066966e-10,-1.1402923050271365e-09
142.42,9.032299999550744,-5.451183257316922e-10,-1.144271344347393e-09
142.44,9.0342999995501,-5.474108492353253e-10,-1.1482503836676496e-09
142.46,9.036299999549456,-5.497113308175965e-10,-1.1522294229879062e-09
142.48,9.038299999548812,-5.520197704785056e-10,-1.1562084623081628e-09
142.5,9.040299999548168,-5.543361682180528e-10,-1.1601875016284193e-09
142.52,9.042299999547524,-5.566605240362379e-10,-1.1641665409486759e-09
142.54,9.04429999954688,-5.58992837933061e-10,-1.1681455802689324e-09
142.56,9.046299999546235,-5.613331099085222e-10,-1.172124619589189e-09
142.58,9.048299999545591,-5.636813399626213e-10,-1.1761036589094456e-09
142.6,9.050299999544947,-5.660375280953584e-10,-1.1800826982297021e-09
142.62,9.052299999544292,-5.684017142747498e-10,-1.1841150282551407e-09
142.64,9.054299999543634,-5.707739962004298e-10,-1.1881651218489733e-09
142.66,9.056299999542976,-5.731543783132949e-10,-1.1922152154428058e-09
142.68,9.058299999542317,-5.75542860613345e-10,-1.1962653090366384e-09
142.7,9.060299999541659,-5.7793944310058e-10,-1.200315402630471e-09
142.72,9.062299999541,-5.803441257749999e-10,-1.2043654962243036e-09
142.74,9.064299999540342,-5.827569086366051e-10,-1.2084155898181361e-09
142.76,9.066299999539684,-5.851777916853952e-10,-1.2124656834119687e-09
142.78,9.068299999539025,-5.876067749213702e-10,-1.2165157770058013e-09
142.8,9.070299999538367,-5.900438583445302e-10,-1.2205658705996338e-09
142.82,9.072299999537709,-5.924890419548753e-10,-1.2246159641934664e-09
142.84,9.07429999953705,-5.949423257524053e-10,-1.228666057787299e-09
142.86,9.07629999953638,-5.974037639159885e-10,-1.2327783238705106e-09
142.88,9.078299999535707,-5.998734434871232e-10,-1.2368994717379191e-09
142.9,9.080299999535034,-6.0235136535399e-10,-1.2410206196053277e-09
142.92,9.082299999534362,-6.048375295165888e-10,-1.2451417674727363e-09
142.94,9.08429999953369,-6.073319359749199e-10,-1.2492629153401449e-09
142.96,9.086299999533017,-6.098345847289828e-10,-1.2533840632075535e-09
142.98,9.088299999532344,-6.123454757787777e-10,-1.257505211074962e-09
143.0,9.090299999531672,-6.148646091243048e-10,-1.2616263589423706e-09
143.02,9.092299999530999,-6.173919847655637e-10,-1.2657475068097792e-09
143.04,9.094299999530326,-6.199276027025547e-10,-1.2698686546771878e-09
143.06,9.096299999529654,-6.224714629352778e-10,-1.2739898025445964e-09
143.08,9.098299999528972,-6.250235929972527e-10,-1.27815535933299e-09
143.1,9.100299999528286,-6.275840976935373e-10,-1.2823475614739745e-09
143.12,9.102299999527599,-6.30152986794101e-10,-1.2865397636149591e-09
143.14,9.104299999526912,-6.327302602989437e-10,-1.2907319657559437e-09
143.16,9.106299999526225,-6.353159182080655e-10,-1.2949241678969283e-09
143.18,9.108299999525538,-6.379099605214664e-10,-1.299116370037913e-09
143.2,9.110299999524852,-6.405123872391464e-10,-1.3033085721788975e-09
143.22,9.112299999524165,-6.431231983611053e-10,-1.307500774319882e-09
143.24,9.114299999523478,-6.457423938873435e-10,-1.3116929764608667e-09
143.26,9.116299999522791,-6.48369973817861e-10,-1.3158851786018513e-09
143.28,9.118299999522105,-6.510059381526575e-10,-1.3200773807428359e-09
143.3,9.120299999521418,-6.536502868917329e-10,-1.3242695828838205e-09
143.32,9.122299999520731,-6.563030200350875e-10,-1.328461785024805e-09
143.34,9.124299999520044,-6.58964137582721e-10,-1.3326539871657896e-09
143.36,9.126299999519357,-6.616336395346336e-10,-1.3368461893067742e-09
143.38,9.12829999951867,-6.643115258908253e-10,-1.3410383914477588e-09
143.4,9.130299999517984,-6.669977966512961e-10,-1.3452305935887434e-09
143.42,9.132299999517297,-6.696924518160459e-10,-1.349422795729728e-09
143.44,9.13429999951661,-6.723954913850748e-10,-1.3536149978707126e-09
143.46,9.136299999515924,-6.75106915358383e-10,-1.3578072000116972e-09
143.48,9.138299999515237,-6.778267237359703e-10,-1.3619994021526818e-09
143.5,9.14029999951455,-6.805549165178367e-10,-1.3661916042936664e-09
143.52,9.142299999513863,-6.832914937039821e-10,-1.370383806434651e-09
143.54,9.144299999513176,-6.860364552944065e-10,-1.3745760085756356e-09
143.56,9.14629999951249,-6.887898012891099e-10,-1.3787682107166201e-09
143.58,9.148299999511803,-6.915515316880924e-10,-1.3829604128576047e-09
143.6,9.150299999511116,-6.94321646491354e-10,-1.3871526149985893e-09
143.62,9.15229999951043,-6.971001456988947e-10,-1.391344817139574e-09
143.64,9.154299999509742,-6.998870293107145e-10,-1.3955370192805585e-09
143.66,9.156299999509056,-7.026822973268133e-10,-1.399729221421543e-09
143.68,9.158299999508369,-7.054859497471914e-10,-1.4039214235625277e-09
143.7,9.160299999507682,-7.082979865718487e-10,-1.4081136257035123e-09
143.72,9.162299999506995,-7.11118407800785e-10,-1.4123058278444969e-09
143.74,9.164299999506309,-7.139472134340005e-10,-1.4164980299854815e-09
143.76,9.166299999505622,-7.16784403471495e-10,-1.420690232126466e-09
143.78,9.168299999504935,-7.196299779132687e-10,-1.4248824342674506e-09
143.8,9.170299999504248,-7.224839367593215e-10,-1.4290746364084352e-09
143.82,9.172299999503561,-7.253462800096534e-10,-1.4332668385494198e-09
143.84,9.174299999502875,-7.282170076642644e-10,-1.4374590406904044e-09
143.86,9.176299999502188,-7.310961197231544e-10,-1.441651242831389e-09
143.88,9.178299999501501,-7.339836161863236e-10,-1.4458434449723736e-09
143.9,9.180299999500814,-7.368794970537721e-10,-1.4500356471133582e-09
143.92,9.182299999500128,-7.397837623254996e-10,-1.4542278492543428e-09
143.94,9.18429999949944,-7.426964120015061e-10,-1.4584200513953274e-09
143.96,9.186299999498754,-7.456174460817917e-10,-1.462612253536312e-09
143.98,9.188299999498067,-7.485468645663563e-10,-1.4668044556772966e-09
144.0,9.19029999949738,-7.514846674551999e-10,-1.4709966578182811e-09
144.02,9.192299999496694,-7.544308547483226e-10,-1.4751888599592657e-09
144.04,9.194299999496007,-7.573854264457245e-10,-1.4793810621002503e-09
144.06,9.19629999949532,-7.603483825474054e-10,-1.483573264241235e-09
144.08,9.198299999494633,-7.633197230533653e-10,-1.4877654663822195e-09
144.1,9.200299999493947,-7.662994479636043e-10,-1.491957668523204e-09
144.12,9.20229999949326,-7.692875572781227e-10,-1.4961498706641887e-09
144.14,9.204299999492573,-7.722840509969201e-10,-1.5003420728051733e-09
144.16,9.206299999491886,-7.752889291199966e-10,-1.5045342749461579e-09
144.18,9.2082999994912,-7.78302191647352e-10,-1.5087264770871425e-09
144.2,9.210299999490513,-7.813238385789865e-10,-1.512918679228127e-09
144.22,9.212299999489826,-7.843538699149e-10,-1.5171108813691116e-09
144.24,9.214299999489139,-7.873922856550926e-10,-1.5213030835100962e-09
144.26,9.216299999488452,-7.904390857995643e-10,-1.5254952856510808e-09
144.28,9.218299999487765,-7.934942703483151e-10,-1.5296874877920654e-09
144.3,9.220299999487079,-7.965578393013449e-10,-1.53387968993305e-09
144.32,9.222299999486392,-7.996297926586539e-10,-1.5380718920740346e-09
144.34,9.224299999485705,-8.027101304202422e-10,-1.5422640942150192e-09
144.36,9.226299999485018,-8.057988525861095e-10,-1.5464562963560038e-09
144.38,9.228299999484332,-8.088959591562558e-10,-1.5506484984969884e-09
144.4,9.230299999483645,-8.120014501306811e-10,-1.554840700637973e-09
144.42,9.232299999482958,-8.151153255093855e-10,-1.5590329027789576e-09
144.44,9.234299999482271,-8.182375852923689e-10,-1.5632251049199422e-09
144.46,9.236299999481584,-8.213682294796314e-10,-1.5674173070609267e-09
144.48,9.238299999480898,-8.245072580711731e-10,-1.5716095092019113e-09
144.5,9.24029999948021,-8.276546710669938e-10,-1.575801711342896e-09
144.52,9.242299999479524,-8.308104684670935e-10,-1.5799939134838805e-09
144.54,9.244299999478837,-8.339746502714724e-10,-1.5841861156248651e-09
144.56,9.24629999947815,-8.371472164801306e-10,-1.5883783177658497e-09
144.58,9.248299999477464,-8.403281670930678e-10,-1.5925705199068343e-09
144.6,9.250299999476777,-8.43517502110284e-10,-1.5967627220478189e-09
144.62,9.25229999947609,-8.467152215317792e-10,-1.6009549241888035e-09
144.64,9.254299999475403,-8.499213253575535e-10,-1.605147126329788e-09
144.66,9.256299999474717,-8.531358135876068e-10,-1.6093393284707727e-09
144.68,9.25829999947403,-8.563586862219392e-10,-1.6135315306117572e-09
144.7,9.260299999473343,-8.595899432605508e-10,-1.6177237327527418e-09
144.72,9.262299999472656,-8.628295847034416e-10,-1.6219159348937264e-09
144.74,9.26429999947197,-8.660776105506114e-10,-1.626108137034711e-09
144.76,9.266299999471283,-8.693340208020606e-10,-1.6303003391756956e-09
144.78,9.268299999470596,-8.725988154577891e-10,-1.6344925413166802e-09
144.8,9.27029999946991,-8.758719945177966e-10,-1.6386847434576648e-09
144.82,9.272299999469222,-8.791535579820831e-10,-1.6428769455986494e-09
144.84,9.274299999468536,-8.824435058506487e-10,-1.647069147739634e-09
144.86,9.276299999467849,-8.857418381234932e-10,-1.6512613498806186e-09
144.88,9.278299999467162,-8.890485548006168e-10,-1.6554535520216032e-09
144.9,9.280299999466475,-8.923636558820195e-10,-1.6596457541625877e-09
144.92,9.282299999465788,-8.956871413677014e-10,-1.6638379563035723e-09
144.94,9.284299999465102,-8.990190112576623e-10,-1.668030158444557e-09
144.96,9.286299999464415,-9.023592655519023e-10,-1.6722223605855415e-09
144.98,9.288299999463728,-9.057079042504215e-10,-1.6764145627265261e-09
145.0,9.290299999463041,-9.090649273532198e-10,-1.6806067648675107e-09
145.02,9.292299999462355,-9.124303348602972e-10,-1.6847989670084953e-09
145.04,9.294299999461668,-9.158041267716536e-10,-1.6889911691494799e-09
145.06,9.296299999460981,-9.191863030872891e-10,-1.6931833712904645e-09
145.08,9.298299999460294,-9.225768638072035e-10,-1.697375573431449e-09
145.1,9.300299999459607,-9.25975808931397e-10,-1.7015677755724337e-09
145.12,9.30229999945892,-9.293831384598696e-10,-1.7057599777134182e-09
145.14,9.304299999458234,-9.327988523926215e-10,-1.7099521798544028e-09
145.16,9.306299999457547,-9.362229507296523e-10,-1.7141443819953874e-09
145.18,9.30829999945686,-9.39655433470962e-10,-1.718336584136372e-09
145.2,9.310299999456173,-9.430963006165511e-10,-1.7225287862773566e-09
145.22,9.312299999455487,-9.465455521664194e-10,-1.7267209884183412e-09
145.24,9.3142999994548,-9.500031881205666e-10,-1.7309131905593258e-09
145.26,9.316299999454113,-9.53469208478993e-10,-1.7351053927003104e-09
145.28,9.318299999453426,-9.569436132416982e-10,-1.739297594841295e-09
145.3,9.32029999945274,-9.604264024086826e-10,-1.7434897969822796e-09
145.32,9.322299999452053,-9.63917575979946e-10,-1.7476819991232642e-09
145.34,9.324299999451366,-9.674171339554886e-10,-1.7518742012642487e-09
145.36,9.32629999945068,-9.709250763353102e-10,-1.7560664034052333e-09
145.38,9.328299999449992,-9.744414031194108e-10,-1.760258605546218e-09
145.4,9.330299999449306,-9.779661143077907e-10,-1.7644508076872025e-09
145.42,9.332299999448619,-9.814992099004498e-10,-1.7686430098281871e-09
145.44,9.334299999447932,-9.85040689897388e-10,-1.7728352119691717e-09
145.46,9.336299999447245,-9.885905542986051e-10,-1.7770274141101563e-09
145.48,9.338299999446559,-9.921488031041013e-10,-1.7812196162511409e-09
145.5,9.340299999445872,-9.957154363138765e-10,-1.7854118183921255e-09
145.52,9.342299999445185,-9.992904539279307e-10,-1.78960402053311e-09
145.54,9.344299999444498,-1.002873855946264e-09,-1.7937962226740947e-09
145.56,9.346299999443811,-1.0064656423688765e-09,-1.7979884248150793e-09
145.58,9.348299999443125,-1.010065813195768e-09,-1.8021806269560638e-09
145.6,9.350299999442438,-1.0136743684269385e-09,-1.8063728290970484e-09
145.62,9.352299999441751,-1.0172913080623883e-09,-1.810565031238033e-09
145.64,9.354299999441064,-1.0209166321021173e-09,-1.8147572333790176e-09
145.66,9.356299999440377,-1.0245503405461253e-09,-1.8189494355200022e-09
145.68,9.35829999943969,-1.0281924333944124e-09,-1.8231416376609868e-09
145.7,9.360299999439004,-1.0318429106469787e-09,-1.8273338398019714e-09
145.72,9.362299999438317,-1.035501772303824e-09,-1.831526041942956e-09
145.74,9.36429999943763,-1.0391690183649483e-09,-1.8357182440839406e-09
145.76,9.366299999436944,-1.0428446488303519e-09,-1.8399104462249252e-09
145.78,9.368299999436257,-1.0465286637000346e-09,-1.8441026483659098e-09
145.8,9.37029999943557,-1.0502210629739965e-09,-1.8482948505068943e-09
145.82,9.372299999434883,-1.0539218466522373e-09,-1.852487052647879e-09
145.84,9.374299999434564,-1.0576295015014542e-09,-1.8541612689690137e-09
145.86,9.376299999434488,-1.0613378240392499e-09,-1.8541612689690137e-09
145.88,9.378299999434413,-1.0650461465770455e-09,-1.8541612689690137e-09
145.9,9.380299999434337,-1.0687544691148412e-09,-1.8541612689690137e-09
145.92,9.382299999434261,-1.0724627916526368e-09,-1.8541612689690137e-09
145.94,9.384299999434186,-1.0761711141904325e-09,-1.8541612689690137e-09
145.96,9.38629999943411,-1.0798794367282281e-09,-1.8541612689690137e-09
145.98,9.388299999434034,-1.0835877592660237e-09,-1.8541612689690137e-09
146.0,9.390299999433958,-1.0872960818038194e-09,-1.8541612689690137e-09
146.02,9.392299999433883,-1.091004404341615e-09,-1.8541612689690137e-09
146.04,9.394299999433807,-1.0947127268794107e-09,-1.8541612689690137e-09
146.06,9.39629999943416,-1.0984208726705025e-09,-1.8538681700905126e-09
146.08,9.398299999434084,-1.1021283994004627e-09,-1.8536550072697846e-09
146.1,9.400299999434008,-1.1058354998047812e-09,-1.8534418444490566e-09
146.12,9.402299999433932,-1.1095421738834583e-09,-1.8532286816283285e-09
146.14,9.404299999433857,-1.113248421636494e-09,-1.8530155188076005e-09
146.16,9.40629999943378,-1.1169542430638882e-09,-1.8528023559868725e-09
146.18,9.408299999433705,-1.120659638165641e-09,-1.8525891931661445e-09
146.2,9.41029999943363,-1.124364606941752e-09,-1.8523760303454164e-09
146.22,9.412299999433554,-1.128069149392222e-09,-1.8521628675246884e-09
146.24,9.414299999433478,-1.1317732655170504e-09,-1.8519497047039604e-09
146.26,9.416299999433402,-1.1354769553162372e-09,-1.8517365418832323e-09
146.28,9.418299999433327,-1.139180218789783e-09,-1.8515233790625043e-09
146.3,9.42029999943325,-1.142883055937687e-09,-1.8513102162417763e-09
146.32,9.422299999433175,-1.1465854667599496e-09,-1.8510970534210482e-09
146.34,9.4242999994331,-1.1502874512565709e-09,-1.8508838906003202e-09
146.36,9.426299999433024,-1.1539890094275507e-09,-1.8506707277795922e-09
146.38,9.428299999432948,-1.157690141272889e-09,-1.8504575649588642e-09
146.4,9.430299999432872,-1.1613908467925858e-09,-1.8502444021381361e-09
146.42,9.432299999432797,-1.1650911259866413e-09,-1.850031239317408e-09
146.44,9.43429999943272,-1.1687909788550553e-09,-1.84981807649668e-09
146.46,9.436299999432645,-1.1724904053978278e-09,-1.849604913675952e-09
146.48,9.43829999943257,-1.1761894056149591e-09,-1.849391750855224e-09
146.5,9.440299999432494,-1.1798879795064485e-09,-1.849178588034496e-09
146.52,9.442299999432418,-1.1835861270722968e-09,-1.848965425213768e-09
146.54,9.444299999432342,-1.1872838483125036e-09,-1.84875226239304e-09
146.56,9.446299999432267,-1.1909811432270688e-09,-1.8485390995723119e-09
146.58,9.44829999943219,-1.1946780118159928e-09,-1.8483259367515838e-09
146.6,9.450299999432115,-1.1983744540792751e-09,-1.8481127739308558e-09
146.62,9.45229999943204,-1.2020704700169162e-09,-1.8478996111101278e-09
146.64,9.454299999431964,-1.2057660596289157e-09,-1.8476864482893998e-09
146.66,9.456299999431888,-1.2094612229152737e-09,-1.8474732854686717e-09
146.68,9.458299999431812,-1.2131559598759907e-09,-1.8472601226479437e-09
146.7,9.460299999431736,-1.2168502705110656e-09,-1.8470469598272157e-09
146.72,9.46229999943166,-1.2205441548204995e-09,-1.8468337970064876e-09
146.74,9.464299999431585,-1.2242376128042918e-09,-1.8466206341857596e-09
146.76,9.46629999943151,-1.2279306444624426e-09,-1.8464074713650316e-09
146.78,9.468299999431434,-1.2316232497949522e-09,-1.8461943085443035e-09
146.8,9.470299999431358,-1.2353154288018201e-09,-1.8459811457235755e-09
146.82,9.472299999431282,-1.2390071814830468e-09,-1.8457679829028475e-09
146.84,9.474299999431206,-1.242698507838632e-09,-1.8455548200821195e-09
146.86,9.47629999943113,-1.2463894078685755e-09,-1.8453416572613914e-09
146.88,9.478299999431055,-1.2500798815728781e-09,-1.8451284944406634e-09
146.9,9.48029999943098,-1.2537699289515386e-09,-1.8449153316199354e-09
146.92,9.482299999430904,-1.2574595500045582e-09,-1.8447021687992073e-09
146.94,9.484299999430828,-1.2611487447319358e-09,-1.8444890059784793e-09
146.96,9.486299999430752,-1.2648375131336722e-09,-1.8442758431577513e-09
146.98,9.488299999430676,-1.2685258552097674e-09,-1.8440626803370232e-09
147.0,9.4902999994306,-1.2722137709602208e-09,-1.8438495175162952e-09
147.02,9.492299999430525,-1.275901260385033e-09,-1.8436363546955672e-09
147.04,9.49429999943045,-1.2795883234842037e-09,-1.8434231918748392e-09
147.06,9.496299999430374,-1.283274960257733e-09,-1.8432100290541111e-09
147.08,9.498299999430298,-1.286961170705621e-09,-1.842996866233383e-09
147.1,9.500299999430222,-1.290646954827867e-09,-1.842783703412655e-09
147.12,9.502299999430146,-1.2943323126244722e-09,-1.842570540591927e-09
147.14,9.50429999943007,-1.2980172440954355e-09,-1.842357377771199e-09
147.16,9.506299999429995,-1.3017017492407575e-09,-1.842144214950471e-09
147.18,9.50829999942992,-1.305385828060438e-09,-1.841931052129743e-09
147.2,9.510299999429844,-1.309069480554477e-09,-1.841717889309015e-09
147.22,9.512299999429768,-1.312752706722875e-09,-1.8415047264882869e-09
147.24,9.514299999429692,-1.3164355065656312e-09,-1.8412915636675589e-09
147.26,9.516299999429616,-1.320117880082746e-09,-1.8410784008468308e-09
147.28,9.51829999942954,-1.3237998272742196e-09,-1.8408652380261028e-09
147.3,9.520299999429465,-1.3274813481400514e-09,-1.8406520752053748e-09
147.32,9.52229999942939,-1.331162442680242e-09,-1.8404389123846467e-09
147.34,9.524299999429314,-1.334843110894791e-09,-1.8402257495639187e-09
147.36,9.526299999429238,-1.3385233527836986e-09,-1.8400125867431907e-09
147.38,9.528299999429162,-1.3422031683469648e-09,-1.8397994239224626e-09
147.4,9.530299999429086,-1.3458825575845893e-09,-1.8395862611017346e-09
147.42,9.53229999942901,-1.3495615204965728e-09,-1.8393730982810066e-09
147.44,9.534299999428935,-1.3532400570829145e-09,-1.8391599354602786e-09
147.46,9.53629999942886,-1.356918167343615e-09,-1.8389467726395505e-09
147.48,9.538299999428784,-1.3605958512786742e-09,-1.8387336098188225e-09
147.5,9.540299999428708,-1.3642731088880915e-09,-1.8385204469980945e-09
147.52,9.542299999428632,-1.3679499401718676e-09,-1.8383072841773664e-09
147.54,9.544299999428556,-1.371626345130002e-09,-1.8380941213566384e-09
147.56,9.54629999942848,-1.3753023237624953e-09,-1.8378809585359104e-09
147.58,9.548299999428405,-1.378977876069347e-09,-1.8376677957151823e-09
147.6,9.55029999942833,-1.382653002050557e-09,-1.8374546328944543e-09
147.62,9.552299999428254,-1.3863277017061262e-09,-1.8372414700737263e-09
147.64,9.554299999428178,-1.3900019750360533e-09,-1.8370283072529983e-09
147.66,9.556299999428102,-1.3936758220403393e-09,-1.8368151444322702e-09
147.68,9.558299999428026,-1.397349242718984e-09,-1.8366019816115422e-09
147.7,9.56029999942795,-1.401022237071987e-09,-1.8363888187908142e-09
147.72,9.562299999427875,-1.4046948050993488e-09,-1.8361756559700861e-09
147.74,9.5642999994278,-1.4083669468010688e-09,-1.8359624931493581e-09
147.76,9.566299999427724,-1.4120386621771477e-09,-1.83574933032863e-09
147.78,9.568299999427648,-1.4157099512275849e-09,-1.835536167507902e-09
147.8,9.570299999427572,-1.4193808139523806e-09,-1.835323004687174e-09
147.82,9.572299999427496,-1.4230512503515354e-09,-1.835109841866446e-09
147.84,9.57429999942742,-1.426721260425048e-09,-1.834896679045718e-09
147.86,9.576299999427345,-1.4303908441729197e-09,-1.83468351622499e-09
147.88,9.57829999942727,-1.4340600015951499e-09,-1.8344703534042619e-09
147.9,9.580299999427194,-1.4377287326917384e-09,-1.8342571905835339e-09
147.92,9.582299999427118,-1.4413970374626858e-09,-1.8340440277628058e-09
147.94,9.584299999427042,-1.4450649159079915e-09,-1.8338308649420778e-09
147.96,9.586299999426966,-1.448732368027656e-09,-1.8336177021213498e-09
147.98,9.58829999942689,-1.4523993938216787e-09,-1.8334045393006217e-09
148.0,9.590299999426815,-1.45606599329006e-09,-1.8331913764798937e-09
148.02,9.59229999942674,-1.4597321664328002e-09,-1.8329782136591657e-09
148.04,9.594299999426664,-1.4633979132498985e-09,-1.8327650508384377e-09
148.06,9.596299999426588,-1.4670632337413557e-09,-1.8325518880177096e-09
148.08,9.598299999426512,-1.4707281279071715e-09,-1.8323387251969816e-09
148.1,9.60029999942644,-1.4743925953032564e-09,-1.8321255623762536e-09
148.12,9.602299999426378,-1.4780566368177895e-09,-1.8319123995555255e-09
148.14,9.604299999426317,-1.4817202520066806e-09,-1.8316992367347975e-09
148.16,9.606299999426255,-1.4853834408699307e-09,-1.8314860739140695e-09
148.18,9.608299999426194,-1.4890462034075389e-09,-1.8312729110933414e-09
148.2,9.610299999426132,-1.4927085396195058e-09,-1.8310597482726134e-09
148.22,9.612299999426071,-1.4963704495058314e-09,-1.8308465854518854e-09
148.24,9.61429999942601,-1.5000319330665152e-09,-1.8306334226311574e-09
148.26,9.616299999425948,-1.503692990301558e-09,-1.8304202598104293e-09
148.28,9.618299999425886,-1.5073536212109595e-09,-1.8302070969897013e-09
148.3,9.620299999425825,-1.5110138257947193e-09,-1.8299939341689733e-09
148.32,9.622299999425763,-1.514673604052838e-09,-1.8297807713482452e-09
148.34,9.624299999425702,-1.5183329559853147e-09,-1.8295676085275172e-09
148.36,9.62629999942564,-1.5219918815921504e-09,-1.8293544457067892e-09
148.38,9.628299999425579,-1.5256503808733442e-09,-1.8291412828860611e-09
148.4,9.630299999425517,-1.5293084538288967e-09,-1.8289281200653331e-09
148.42,9.632299999425456,-1.5329661004588076e-09,-1.828714957244605e-09
148.44,9.634299999425394,-1.5366233207630771e-09,-1.828501794423877e-09
148.46,9.636299999425333,-1.5402801147417056e-09,-1.828288631603149e-09
148.48,9.638299999425271,-1.5439364823946924e-09,-1.828075468782421e-09
148.5,9.64029999942521,-1.5475924237220378e-09,-1.827862305961693e-09
148.52,9.642299999425148,-1.551247938723742e-09,-1.827649143140965e-09
148.54,9.644299999425087,-1.5549030273998042e-09,-1.827435980320237e-09
148.56,9.646299999425025,-1.5585576897502255e-09,-1.8272228174995089e-09
148.58,9.648299999424964,-1.5622119257750049e-09,-1.8270096546787808e-09
148.6,9.650299999424902,-1.565865735474143e-09,-1.8267964918580528e-09
148.62,9.65229999942484,-1.5695191188476396e-09,-1.8265833290373248e-09
148.64,9.65429999942478,-1.5731720758954947e-09,-1.8263701662165968e-09
148.66,9.656299999424718,-1.5768246066177087e-09,-1.8261570033958687e-09
148.68,9.658299999424656,-1.5804767110142811e-09,-1.8259438405751407e-09
148.7,9.660299999424595,-1.5841283890852121e-09,-1.8257306777544127e-09
148.72,9.662299999424533,-1.5877796408305017e-09,-1.8255175149336846e-09
148.74,9.664299999424472,-1.5914304662501496e-09,-1.8253043521129566e-09
148.76,9.66629999942441,-1.5950808653441562e-09,-1.8250911892922286e-09
148.78,9.668299999424349,-1.5987308381125212e-09,-1.8248780264715005e-09
148.8,9.670299999424287,-1.602380384555245e-09,-1.8246648636507725e-09
148.82,9.672299999424226,-1.6060295046723271e-09,-1.8244517008300445e-09
148.84,9.674299999424164,-1.6096781984637678e-09,-1.8242385380093165e-09
148.86,9.676299999424103,-1.6133264659295675e-09,-1.8240253751885884e-09
148.88,9.678299999424041,-1.6169743070697255e-09,-1.8238122123678604e-09
148.9,9.68029999942398,-1.6206217218842421e-09,-1.8235990495471324e-09
148.92,9.682299999423918,-1.624268710373117e-09,-1.8233858867264043e-09
148.94,9.684299999423857,-1.6279152725363505e-09,-1.8231727239056763e-09
148.96,9.686299999423795,-1.6315614083739428e-09,-1.8229595610849483e-09
148.98,9.688299999423734,-1.6352071178858934e-09,-1.8227463982642202e-09
149.0,9.690299999423672,-1.6388524010722026e-09,-1.8225332354434922e-09
149.02,9.69229999942361,-1.6424972579328703e-09,-1.8223200726227642e-09
149.04,9.69429999942355,-1.6461416884678966e-09,-1.8221069098020362e-09
149.06,9.696299999423488,-1.649785692677282e-09,-1.8218937469813081e-09
149.08,9.698299999423426,-1.6534292705610255e-09,-1.82168058416058e-09
149.1,9.700299999423365,-1.6570724221191277e-09,-1.821467421339852e-09
149.12,9.702299999423303,-1.6607151473515883e-09,-1.821254258519124e-09
149.14,9.704299999423242,-1.6643574462584074e-09,-1.821041095698396e-09
149.16,9.70629999942318,-1.667999318839585e-09,-1.820827932877668e-09
149.18,9.708299999423119,-1.6716407650951212e-09,-1.82061477005694e-09
149.2,9.710299999423057,-1.675281785025016e-09,-1.820401607236212e-09
149.22,9.712299999422996,-1.6789223786292694e-09,-1.8201884444154839e-09
149.24,9.714299999422934,-1.6825625459078813e-09,-1.8199752815947559e-09
149.26,9.716299999422873,-1.686202286860852e-09,-1.8197621187740278e-09
149.28,9.718299999422811,-1.6898416014881812e-09,-1.8195489559532998e-09
149.3,9.72029999942275,-1.693480489789869e-09,-1.8193357931325718e-09
149.32,9.722299999422688,-1.6971189517659151e-09,-1.8191226303118437e-09
149.34,9.724299999422627,-1.7007569874163198e-09,-1.8189094674911157e-09
149.36,9.726299999422565,-1.704394596741083e-09,-1.8186963046703877e-09
149.38,9.728299999422504,-1.708031779740205e-09,-1.8184831418496596e-09
149.4,9.730299999422442,-1.7116685364136853e-09,-1.8182699790289316e-09
149.42,9.73229999942238,-1.7153048667615243e-09,-1.8180568162082036e-09
149.44,9.73429999942232,-1.7189407707837218e-09,-1.8178436533874756e-09
149.46,9.736299999422258,-1.722576248480278e-09,-1.8176304905667475e-09
149.48,9.738299999422196,-1.7262112998511929e-09,-1.8174173277460195e-09
149.5,9.740299999422135,-1.729845924896466e-09,-1.8172041649252915e-09
149.52,9.742299999422073,-1.7334801236160978e-09,-1.8169910021045634e-09
149.54,9.744299999422012,-1.7371138960100881e-09,-1.8167778392838354e-09
149.56,9.74629999942195,-1.7407472420784368e-09,-1.8165646764631074e-09
149.58,9.748299999421889,-1.7443801618211442e-09,-1.8163515136423793e-09
149.6,9.750299999421827,-1.7480126552382102e-09,-1.8161383508216513e-09
149.62,9.752299999421766,-1.7516447223296346e-09,-1.8159251880009233e-09
149.64,9.754299999421704,-1.7552763630954177e-09,-1.8157120251801953e-09
149.66,9.756299999421643,-1.7589075775355596e-09,-1.8154988623594672e-09
149.68,9.758299999421581,-1.76253836565006e-09,-1.8152856995387392e-09
149.7,9.76029999942152,-1.7661687274389188e-09,-1.8150725367180112e-09
149.72,9.762299999421458,-1.7697986629021361e-09,-1.8148593738972831e-09
149.74,9.764299999421397,-1.7734281720397119e-09,-1.814646211076555e-09
149.76,9.766299999421335,-1.7770572548516461e-09,-1.814433048255827e-09
149.78,9.768299999421274,-1.7806859113379392e-09,-1.814219885435099e-09
149.8,9.770299999421212,-1.7843141414985908e-09,-1.814006722614371e-09
149.82,9.77229999942115,-1.7879419453336007e-09,-1.813793559793643e-09
149.84,9.774299999421089,-1.7915693228429694e-09,-1.813580396972915e-09
149.86,9.776299999421028,-1.795196274026697e-09,-1.813367234152187e-09
149.88,9.778299999420966,-1.798822798884783e-09,-1.8131540713314589e-09
149.9,9.780299999420905,-1.8024488974172274e-09,-1.8129409085107309e-09
149.92,9.782299999420843,-1.8060745696240303e-09,-1.8127277456900028e-09
149.94,9.784299999420782,-1.8096998155051916e-09,-1.8125145828692748e-09
149.96,9.78629999942072,-1.8133246350607115e-09,-1.8123014200485468e-09
149.98,9.788299999420659,-1.81694902829059e-09,-1.8120882572278187e-09
150.0,9.790299999420597,-1.820572995194827e-09,-1.8118750944070907e-09
150.02,9.792299999420536,-1.8241965357734225e-09,-1.8116619315863627e-09
150.04,9.794299999420474,-1.8278196500263768e-09,-1.8114487687656346e-09
150.06,9.796299999420413,-1.83144233795369e-09,-1.8112356059449066e-09
150.08,9.798299999420351,-1.8350645995553616e-09,-1.8110224431241786e-09
150.1,9.80029999942029,-1.8386864348313916e-09,-1.8108092803034506e-09
150.12,9.802299999420228,-1.8423078437817801e-09,-1.8105961174827225e-09
150.14,9.804299999420167,-1.845928826406527e-09,-1.8103829546619945e-09
150.16,9.806299999420105,-1.8495493827056325e-09,-1.8101697918412665e-09
150.18,9.808299999420043,-1.8531695126790966e-09,-1.8099566290205384e-09
150.2,9.810299999419982,-1.8567892163269192e-09,-1.8097434661998104e-09
150.22,9.81229999941992,-1.8604084936491003e-09,-1.8095303033790824e-09
150.24,9.814299999419859,-1.8640273446456403e-09,-1.8093171405583543e-09
150.26,9.816299999419797,-1.8676457693165385e-09,-1.8091039777376263e-09
150.28,9.818299999419736,-1.871263767661796e-09,-1.8088908149168983e-09
150.3,9.820299999419674,-1.874881339681411e-09,-1.8086776520961703e-09
150.32,9.822299999419613,-1.8784984853753856e-09,-1.8084644892754422e-09
150.34,9.824299999419551,-1.882115204743718e-09,-1.8082513264547142e-09
150.36,9.82629999941949,-1.8857314977864096e-09,-1.8080381636339862e-09
150.38,9.828299999419428,-1.8893473645034592e-09,-1.8078250008132581e-09
150.4,9.830299999419367,-1.8929628048948674e-09,-1.8076118379925301e-09
150.42,9.832299999419305,-1.8965778189606342e-09,-1.807398675171802e-09
150.44,9.834299999419244,-1.900192406700759e-09,-1.807185512351074e-09
150.46,9.836299999419182,-1.903806568115243e-09,-1.806972349530346e-09
150.48,9.838299999419121,-1.907420303204085e-09,-1.806759186709618e-09
150.5,9.84029999941906,-1.911033611967286e-09,-1.80654602388889e-09
150.52,9.842299999418998,-1.914646494404845e-09,-1.806332861068162e-09
150.54,9.844299999418936,-1.9182589505167633e-09,-1.806119698247434e-09
150.56,9.846299999418875,-1.9218709803030396e-09,-1.8059065354267059e-09
150.58,9.848299999418813,-1.925482583763675e-09,-1.8056933726059778e-09
150.6,9.850299999418752,-1.9290937608986687e-09,-1.8054802097852498e-09
150.62,9.85229999941869,-1.9327045117080215e-09,-1.8052670469645218e-09
150.64,9.854299999418629,-1.936314836191733e-09,-1.8050538841437937e-09
150.66,9.856299999418567,-1.9399247343498023e-09,-1.8048407213230657e-09
150.68,9.858299999418506,-1.9435342061822308e-09,-1.8046275585023377e-09
150.7,9.860299999418444,-1.9471432516890174e-09,-1.8044143956816097e-09
150.72,9.862299999418383,-1.950751870870163e-09,-1.8042012328608816e-09
150.74,9.864299999418321,-1.9543600637256667e-09,-1.8039880700401536e-09
150.76,9.86629999941826,-1.9579678302555294e-09,-1.8037749072194256e-09
150.78,9.868299999418198,-1.9615751704597502e-09,-1.8035617443986975e-09
150.8,9.870299999418137,-1.9651820843383297e-09,-1.8033485815779695e-09
150.82,9.872299999418075,-1.9687885718912676e-09,-1.8031354187572415e-09
150.84,9.874299999418014,-1.9723946331185638e-09,-1.8029222559365134e-09
150.86,9.876299999417952,-1.976000268020219e-09,-1.8027090931157854e-09
150.88,9.87829999941789,-1.979605476596232e-09,-1.8024959302950574e-09
150.9,9.88029999941783,-1.9832102588466043e-09,-1.8022827674743294e-09
150.92,9.882299999417768,-1.9868146147713347e-09,-1.8020696046536013e-09
150.94,9.884299999417706,-1.990418544370424e-09,-1.8018564418328733e-09
150.96,9.886299999417645,-1.9940220476438715e-09,-1.8016432790121453e-09
150.98,9.888299999417583,-1.997625124591678e-09,-1.8014301161914172e-09
151.0,9.890299999417522,-2.0012277752138426e-09,-1.8012169533706892e-09
151.02,9.89229999941746,-2.004829999510366e-09,-1.8010037905499612e-09
151.04,9.894299999417399,-2.0084317974812487e-09,-1.8007906277292331e-09
151.06,9.896299999417337,-2.012033169126489e-09,-1.8005774649085051e-09
151.08,9.898299999417276,-2.0156341144460887e-09,-1.800364302087777e-09
151.1,9.900299999417214,-2.0192346334400465e-09,-1.800151139267049e-09
151.12,9.902299999417153,-2.0228347261083633e-09,-1.799937976446321e-09
151.14,9.904299999417091,-2.0264343924510382e-09,-1.799724813625593e-09
151.16,9.90629999941703,-2.030033632468072e-09,-1.799511650804865e-09
151.18,9.908299999416968,-2.033632446159464e-09,-1.799298487984137e-09
151.2,9.910299999416907,-2.037230833525215e-09,-1.799085325163409e-09
151.22,9.912299999416845,-2.040828794565324e-09,-1.7988721623426809e-09
151.24,9.914299999416784,-2.0444263292797913e-09,-1.7986589995219528e-09
151.26,9.916299999416722,-2.0480234376686177e-09,-1.7984458367012248e-09
151.28,9.91829999941666,-2.051620119731802e-09,-1.7982326738804968e-09
151.3,9.9202999994166,-2.0552163754693455e-09,-1.7980195110597688e-09
151.32,9.922299999416538,-2.058812204881247e-09,-1.7978063482390407e-09
151.34,9.924299999416476,-2.0624076079675077e-09,-1.7975931854183127e-09
151.36,9.926299999416415,-2.0660025847281263e-09,-1.7973800225975847e-09
151.38,9.928299999416353,-2.069597135163104e-09,-1.7971668597768566e-09
151.4,9.930299999416292,-2.07319125927244e-09,-1.7969536969561286e-09
151.42,9.93229999941623,-2.0767849570561346e-09,-1.7967405341354006e-09
151.44,9.934299999416169,-2.0803782285141876e-09,-1.7965273713146725e-09
151.46,9.936299999416107,-2.083971073646599e-09,-1.7963142084939445e-09
151.48,9.938299999416046,-2.08756349245337e-09,-1.7961010456732165e-09
151.5,9.940299999415984,-2.091155484934499e-09,-1.7958878828524885e-09
151.52,9.942299999415923,-2.0947470510899866e-09,-1.7956747200317604e-09
151.54,9.944299999415861,-2.0983381909198327e-09,-1.7954615572110324e-09
151.56,9.9462999994158,-2.1019289044240374e-09,-1.7952483943903044e-09
151.58,9.948299999415738,-2.1055191916026007e-09,-1.7950352315695763e-09
151.6,9.950299999415677,-2.1091090524555225e-09,-1.7948220687488483e-09
151.62,9.952299999415615,-2.112698486982803e-09,-1.7946089059281203e-09
151.64,9.954299999415554,-2.1162874951844415e-09,-1.7943957431073922e-09
151.66,9.956299999415492,-2.119876077060439e-09,-1.7941825802866642e-09
151.68,9.95829999941543,-2.1234642326107947e-09,-1.7939694174659362e-09
151.7,9.96029999941537,-2.1270519618355093e-09,-1.7937562546452082e-09
151.72,9.962299999415308,-2.130639264734582e-09,-1.7935430918244801e-09
151.74,9.964299999415246,-2.134226141308014e-09,-1.793329929003752e-09
151.76,9.966299999415185,-2.1378125915558037e-09,-1.793116766183024e-09
151.78,9.968299999415123,-2.1413986154779526e-09,-1.792903603362296e-09
151.8,9.970299999415062,-2.1449842130744596e-09,-1.792690440541568e-09
151.82,9.972299999415,-2.1485693843453256e-09,-1.79247727772084e-09
151.84,9.974299999414939,-2.1521541292905498e-09,-1.792264114900112e-09
151.86,9.976299999414877,-2.1557384479101325e-09,-1.792050952079384e-09
151.88,9.978299999414816,-2.159322340204074e-09,-1.7918377892586559e-09
151.9,9.980299999414754,-2.162905806172374e-09,-1.7916246264379279e-09
151.92,9.982299999414693,-2.166488845815033e-09,-1.7914114636171998e-09
151.94,9.984299999414631,-2.17007145913205e-09,-1.7911983007964718e-09
151.96,9.98629999941457,-2.173653646123426e-09,-1.7909851379757438e-09
151.98,9.988299999414508,-2.1772354067891606e-09,-1.7907719751550157e-09
152.0,9.990299999414447,-2.180816741129253e-09,-1.7905588123342877e-09
152.02,9.992299999414385,-2.184397649143705e-09,-1.7903456495135597e-09
152.04,9.994299999414324,-2.187978130832514e-09,-1.7901324866928316e-09
152.06,9.996299999414262,-2.191558186195683e-09,-1.7899193238721036e-09
152.08,9.9982999994142,-2.1951378152332097e-09,-1.7897061610513756e-09
152.1,10.000299999414139,-2.1987170179450956e-09,-1.7894929982306476e-09
152.12,10.002299999414078,-2.2022957943313396e-09,-1.7892798354099195e-09
152.14,10.004299999414016,-2.2058741443919425e-09,-1.7890666725891915e-09
152.16,10.006299999413955,-2.2094520681269037e-09,-1.7888535097684635e-09
152.18,10.008299999413893,-2.2130295655362237e-09,-1.7886403469477354e-09
152.2,10.010299999413832,-2.216606636619902e-09,-1.7884271841270074e-09
152.22,10.01229999941377,-2.220183281377939e-09,-1.7882140213062794e-09
152.24,10.014299999413709,-2.2237594998103345e-09,-1.7880008584855513e-09
152.26,10.016299999413647,-2.2273352919170885e-09,-1.7877876956648233e-09
152.28,10.018299999413586,-2.2309106576982014e-09,-1.7875745328440953e-09
152.3,10.020299999413524,-2.2344855971536724e-09,-1.7873613700233673e-09
152.32,10.022299999413463,-2.2380601102835024e-09,-1.7871482072026392e-09
152.34,10.024299999413401,-2.2416341970876906e-09,-1.7869350443819112e-09
152.36,10.02629999941334,-2.2452078575662377e-09,-1.7867218815611832e-09
152.38,10.028299999413278,-2.2487810917191434e-09,-1.7865087187404551e-09
152.4,10.030299999413216,-2.2523538995464072e-09,-1.786295555919727e-09
152.42,10.032299999413155,-2.25592628104803e-09,-1.786082393098999e-09
152.44,10.034299999413093,-2.2594982362240106e-09,-1.785869230278271e-09
152.46,10.036299999413032,-2.2630697650743505e-09,-1.785656067457543e-09
152.48,10.03829999941297,-2.2666408675990486e-09,-1.785442904636815e-09
152.5,10.040299999412909,-2.2702115437981052e-09,-1.785229741816087e-09
152.52,10.042299999412847,-2.2737817936715204e-09,-1.785016578995359e-09
152.54,10.044299999412786,-2.2773516172192946e-09,-1.7848034161746309e-09
152.56,10.046299999412724,-2.280921014441427e-09,-1.7845902533539029e-09
152.58,10.048299999412663,-2.2844899853379182e-09,-1.7843770905331748e-09
152.6,10.050299999412601,-2.2880585299087677e-09,-1.7841639277124468e-09
152.62,10.05229999941254,-2.291626648153976e-09,-1.7839507648917188e-09
152.64,10.054299999412478,-2.2951943400735427e-09,-1.7837376020709907e-09
152.66,10.056299999412417,-2.298761605667468e-09,-1.7835244392502627e-09
152.68,10.058299999412355,-2.302328444935752e-09,-1.7833112764295347e-09
152.7,10.060299999412294,-2.305894857878394e-09,-1.7830981136088067e-09
152.72,10.062299999412232,-2.3094608444953954e-09,-1.7828849507880786e-09
152.74,10.064299999412171,-2.3130264047867543e-09,-1.7826717879673506e-09
152.76,10.06629999941211,-2.3165915387524727e-09,-1.7824586251466226e-09
152.78,10.068299999412048,-2.320156246392549e-09,-1.7822454623258945e-09
152.8,10.070299999411986,-2.323720527706984e-09,-1.7820322995051665e-09
152.82,10.072299999411925,-2.3272843826957782e-09,-1.7818191366844385e-09
152.84,10.074299999411863,-2.33084781135893e-09,-1.7816059738637104e-09
152.86,10.076299999411802,-2.334410813696441e-09,-1.7813928110429824e-09
152.88,10.07829999941174,-2.3379733897083104e-09,-1.7811796482222544e-09
152.9,10.080299999411679,-2.3415355393945383e-09,-1.7809664854015264e-09
152.92,10.082299999411617,-2.3450972627551247e-09,-1.7807533225807983e-09
152.94,10.084299999411556,-2.3486585597900697e-09,-1.7805401597600703e-09
152.96,10.086299999411494,-2.352219430499373e-09,-1.7803269969393423e-09
152.98,10.088299999411433,-2.3557798748830353e-09,-1.7801138341186142e-09
153.0,10.090299999411371,-2.359339892941056e-09,-1.7799006712978862e-09
153.02,10.09229999941131,-2.3628994846734356e-09,-1.7796875084771582e-09
153.04,10.094299999411248,-2.3664586500801733e-09,-1.7794743456564301e-09
153.06,10.096299999411187,-2.3700173891612697e-09,-1.7792611828357021e-09
153.08,10.098299999411125,-2.373575701916725e-09,-1.779048020014974e-09
153.1,10.100299999411064,-2.3771335883465384e-09,-1.778834857194246e-09
153.12,10.102299999411002,-2.380691048450711e-09,-1.778621694373518e-09
153.14,10.10429999941094,-2.384248082229241e-09,-1.77840853155279e-09
153.16,10.10629999941088,-2.3878046896821306e-09,-1.778195368732062e-09
153.18,10.108299999410818,-2.391360870809378e-09,-1.777982205911334e-09
153.2,10.110299999410756,-2.394916625610984e-09,-1.777769043090606e-09
153.22,10.112299999410695,-2.398471954086949e-09,-1.7775558802698779e-09
153.24,10.114299999410633,-2.402026856237272e-09,-1.7773427174491498e-09
153.26,10.116299999410572,-2.4055813320619543e-09,-1.7771295546284218e-09
153.28,10.11829999941051,-2.4091353815609948e-09,-1.7769163918076938e-09
153.3,10.120299999410449,-2.412689004734394e-09,-1.7767032289869658e-09
153.32,10.122299999410387,-2.4162422015821515e-09,-1.7764900661662377e-09
153.34,10.124299999410326,-2.4197949721042676e-09,-1.7762769033455097e-09
153.36,10.126299999410264,-2.4233473163007424e-09,-1.7760637405247817e-09
153.38,10.128299999410203,-2.4268992341715757e-09,-1.7758505777040536e-09
153.4,10.130299999410141,-2.4304507257167676e-09,-1.7756374148833256e-09
153.42,10.13229999941008,-2.434001790936318e-09,-1.7754242520625976e-09
153.44,10.134299999410018,-2.437552429830227e-09,-1.7752110892418695e-09
153.46,10.136299999409957,-2.4411026423984945e-09,-1.7749979264211415e-09
153.48,10.138299999409895,-2.4446524286411206e-09,-1.7747847636004135e-09
153.5,10.140299999409834,-2.4482017885581053e-09,-1.7745716007796855e-09
153.52,10.142299999409772,-2.451750722149449e-09,-1.7743584379589574e-09
153.54,10.14429999940971,-2.4552992294151503e-09,-1.7741452751382294e-09
153.56,10.14629999940965,-2.458847310355211e-09,-1.7739321123175014e-09
153.58,10.148299999409588,-2.4623949649696296e-09,-1.7737189494967733e-09
153.6,10.150299999409526,-2.465942193258407e-09,-1.7735057866760453e-09
153.62,10.152299999409465,-2.4694889952215426e-09,-1.7732926238553173e-09
153.64,10.154299999409403,-2.473035370859037e-09,-1.7730794610345892e-09
153.66,10.156299999409342,-2.4765813201708904e-09,-1.7728662982138612e-09
153.68,10.15829999940928,-2.4801268431571017e-09,-1.7726531353931332e-09
153.7,10.160299999409219,-2.483671939817672e-09,-1.7724399725724051e-09
153.72,10.162299999409157,-2.4872166101526008e-09,-1.7722268097516771e-09
153.74,10.164299999409096,-2.490760854161888e-09,-1.772013646930949e-09
153.76,10.166299999409034,-2.494304671845534e-09,-1.771800484110221e-09
153.78,10.168299999408973,-2.4978480632035382e-09,-1.771587321289493e-09
153.8,10.170299999408911,-2.5013910282359013e-09,-1.771374158468765e-09
153.82,10.17229999940885,-2.504933566942623e-09,-1.771160995648037e-09
153.84,10.174299999408788,-2.508475679323703e-09,-1.770947832827309e-09
153.86,10.176299999408727,-2.512017365379142e-09,-1.770734670006581e-09
153.88,10.178299999408665,-2.515558625108939e-09,-1.7705215071858529e-09
153.9,10.180299999408604,-2.519099458513095e-09,-1.7703083443651248e-09
153.92,10.182299999408542,-2.5226398655916095e-09,-1.7700951815443968e-09
153.94,10.18429999940848,-2.526179846344482e-09,-1.7698820187236688e-09
153.96,10.18629999940842,-2.5297194007717136e-09,-1.7696688559029408e-09
153.98,10.188299999408358,-2.5332585288733034e-09,-1.7694556930822127e-09
154.0,10.190299999408296,-2.536797230649252e-09,-1.7692425302614847e-09
154.02,10.192299999408235,-2.540335506099559e-09,-1.7690293674407567e-09
154.04,10.194299999408173,-2.5438733552242242e-09,-1.7688162046200286e-09
154.06,10.196299999408112,-2.5474107780232486e-09,-1.7686030417993006e-09
154.08,10.19829999940805,-2.550947774496631e-09,-1.7683898789785726e-09
154.1,10.200299999407989,-2.5544843446443726e-09,-1.7681767161578445e-09
154.12,10.202299999407927,-2.5580204884664722e-09,-1.7679635533371165e-09
154.14,10.204299999407866,-2.561556205962931e-09,-1.7677503905163885e-09
154.16,10.206299999407804,-2.565091497133748e-09,-1.7675372276956605e-09
154.18,10.208299999407743,-2.5686263619789233e-09,-1.7673240648749324e-09
154.2,10.210299999407681,-2.5721608004984576e-09,-1.7671109020542044e-09
154.22,10.21229999940762,-2.5756948126923504e-09,-1.7668977392334764e-09
154.24,10.214299999407558,-2.579228398560602e-09,-1.7666845764127483e-09
154.26,10.216299999407497,-2.5827615581032118e-09,-1.7664714135920203e-09
154.28,10.218299999407435,-2.5862942913201803e-09,-1.7662582507712923e-09
154.3,10.220299999407374,-2.5898265982115074e-09,-1.7660450879505642e-09
154.32,10.222299999407312,-2.593358478777193e-09,-1.7658319251298362e-09
154.34,10.22429999940725,-2.596889933017237e-09,-1.7656187623091082e-09
154.36,10.226299999407189,-2.6004209609316396e-09,-1.7654055994883802e-09
154.38,10.228299999407128,-2.6039515625204005e-09,-1.7651924366676521e-09
154.4,10.230299999407066,-2.60748173778352e-09,-1.764979273846924e-09
154.42,10.232299999407005,-2.611011486720998e-09,-1.764766111026196e-09
154.44,10.234299999406943,-2.6145408093328346e-09,-1.764552948205468e-09
154.46,10.236299999406882,-2.6180697056190298e-09,-1.76433978538474e-09
154.48,10.23829999940682,-2.6215981755795835e-09,-1.764126622564012e-09
154.5,10.240299999406759,-2.625126219214496e-09,-1.763913459743284e-09
154.52,10.242299999406697,-2.6286538365237666e-09,-1.763700296922556e-09
154.54,10.244299999406635,-2.6321810275073964e-09,-1.7634871341018279e-09
154.56,10.246299999406574,-2.6357077921653844e-09,-1.7632739712810999e-09
154.58,10.248299999406512,-2.639234130497731e-09,-1.7630608084603718e-09
154.6,10.250299999406451,-2.6427600425044364e-09,-1.7628476456396438e-09
154.62,10.25229999940639,-2.6462855281855004e-09,-1.7626344828189158e-09
154.64,10.254299999406328,-2.649810587540923e-09,-1.7624213199981877e-09
154.66,10.256299999406266,-2.6533352205707042e-09,-1.7622081571774597e-09
154.68,10.258299999406205,-2.656859427274844e-09,-1.7619949943567317e-09
154.7,10.260299999406143,-2.6603832076533423e-09,-1.7617818315360036e-09
154.72,10.262299999406082,-2.663906561706199e-09,-1.7615686687152756e-09
154.74,10.26429999940602,-2.667429489433414e-09,-1.7613555058945476e-09
154.76,10.266299999405959,-2.670951990834988e-09,-1.7611423430738196e-09
154.78,10.268299999405897,-2.6744740659109202e-09,-1.7609291802530915e-09
154.8,10.270299999405836,-2.677995714661211e-09,-1.7607160174323635e-09
154.82,10.272299999405774,-2.68151693708586e-09,-1.7605028546116355e-09
154.84,10.274299999405713,-2.685037733184868e-09,-1.7602896917909074e-09
154.86,10.276299999405651,-2.6885581029582343e-09,-1.7600765289701794e-09
154.88,10.27829999940559,-2.6920780464059592e-09,-1.7598633661494514e-09
154.9,10.280299999405528,-2.6955975635280427e-09,-1.7596502033287233e-09
154.92,10.282299999405467,-2.6991166543244844e-09,-1.7594370405079953e-09
154.94,10.284299999405405,-2.702635318795285e-09,-1.7592238776872673e-09
154.96,10.286299999405344,-2.7061535569404437e-09,-1.7590107148665393e-09
154.98,10.288299999405282,-2.7096713687599615e-09,-1.7587975520458112e-09
155.0,10.29029999940522,-2.713188754253838e-09,-1.7585843892250832e-09
155.02,10.29229999940516,-2.7167057134220734e-09,-1.7583712264043552e-09
155.04,10.294299999405098,-2.7202222462646672e-09,-1.7581580635836271e-09
155.06,10.296299999405036,-2.7237383527816196e-09,-1.7579449007628991e-09
155.08,10.298299999404975,-2.7272540329729306e-09,-1.757731737942171e-09
155.1,10.300299999404913,-2.7307692868386e-09,-1.757518575121443e-09
155.12,10.302299999404852,-2.734284114378628e-09,-1.757305412300715e-09
155.14,10.30429999940479,-2.7377985155930144e-09,-1.757092249479987e-09
155.16,10.306299999404729,-2.7413124904817595e-09,-1.756879086659259e-09
155.18,10.308299999404667,-2.744826039044863e-09,-1.756665923838531e-09
155.2,10.310299999404606,-2.7483391612823248e-09,-1.7564527610178029e-09
155.22,10.312299999404544,-2.7518518571941452e-09,-1.7562395981970749e-09
155.24,10.314299999404483,-2.7553641267803242e-09,-1.7560264353763468e-09
155.26,10.316299999404421,-2.758875970040862e-09,-1.7558132725556188e-09
155.28,10.31829999940436,-2.762387386975758e-09,-1.7556001097348908e-09
155.3,10.320299999404298,-2.7658983775850127e-09,-1.7553869469141627e-09
155.32,10.322299999404237,-2.7694089418686255e-09,-1.7551737840934347e-09
155.34,10.324299999404175,-2.7729190798265973e-09,-1.7549606212727067e-09
155.36,10.326299999404114,-2.7764287914589273e-09,-1.7547474584519787e-09
155.38,10.328299999404052,-2.779938076765616e-09,-1.7545342956312506e-09
155.4,10.33029999940399,-2.783446935746663e-09,-1.7543211328105226e-09
155.42,10.33229999940393,-2.7869553684020694e-09,-1.7541079699897946e-09
155.44,10.334299999403868,-2.790463374731834e-09,-1.7538948071690665e-09
155.46,10.336299999403806,-2.7939709547359576e-09,-1.7536816443483385e-09
155.48,10.338299999403745,-2.7974781084144397e-09,-1.7534684815276105e-09
155.5,10.340299999403683,-2.8009848357672804e-09,-1.7532553187068824e-09
155.52,10.342299999403622,-2.8044911367944797e-09,-1.7530421558861544e-09
155.54,10.34429999940356,-2.807997011496037e-09,-1.7528289930654264e-09
155.56,10.346299999403499,-2.8115024598719535e-09,-1.7526158302446984e-09
155.58,10.348299999403437,-2.815007481922228e-09,-1.7524026674239703e-09
155.6,10.350299999403376,-2.818512077646861e-09,-1.7521895046032423e-09
155.62,10.352299999403314,-2.822016247045853e-09,-1.7519763417825143e-09
155.64,10.354299999403253,-2.825519990119203e-09,-1.7517631789617862e-09
155.66,10.356299999403191,-2.829023306866912e-09,-1.7515500161410582e-09
155.68,10.35829999940313,-2.832526197288979e-09,-1.7513368533203302e-09
155.7,10.360299999403068,-2.836028661385405e-09,-1.7511236904996021e-09
155.72,10.362299999403007,-2.839530699156189e-09,-1.7509105276788741e-09
155.74,10.364299999402945,-2.843032310601332e-09,-1.750697364858146e-09
155.76,10.366299999402884,-2.8465334957208334e-09,-1.750484202037418e-09
155.78,10.368299999402822,-2.850034254514693e-09,-1.75027103921669e-09
155.8,10.37029999940276,-2.8535345869829114e-09,-1.750057876395962e-09
155.82,10.3722999994027,-2.8570344931254887e-09,-1.749844713575234e-09
155.84,10.374299999402638,-2.860533972942424e-09,-1.749631550754506e-09
155.86,10.376299999402576,-2.8640330264337185e-09,-1.749418387933778e-09
155.88,10.378299999402515,-2.8675316535993714e-09,-1.7492052251130499e-09
155.9,10.380299999402453,-2.8710298544393833e-09,-1.7489920622923218e-09
155.92,10.382299999402392,-2.874527628953754e-09,-1.7487788994715938e-09
155.94,10.38429999940233,-2.8780249771424825e-09,-1.7485657366508658e-09
155.96,10.386299999402269,-2.88152189900557e-09,-1.7483525738301378e-09
155.98,10.388299999402207,-2.885018394543016e-09,-1.7481394110094097e-09
156.0,10.390299999402146,-2.88851446375482e-09,-1.7479262481886817e-09
156.02,10.392299999402084,-2.892010106640983e-09,-1.7477130853679537e-09
156.04,10.394299999402023,-2.8955053232015044e-09,-1.7474999225472256e-09
156.06,10.396299999401961,-2.8990001134363844e-09,-1.7472867597264976e-09
156.08,10.3982999994019,-2.902494477345623e-09,-1.7470735969057696e-09
156.1,10.400299999401838,-2.90598841492922e-09,-1.7468604340850415e-09
156.12,10.402299999401777,-2.9094819261871754e-09,-1.7466472712643135e-09
156.14,10.404299999401715,-2.9129750111194896e-09,-1.7464341084435855e-09
156.16,10.406299999401654,-2.916467669726162e-09,-1.7462209456228575e-09
156.18,10.408299999401592,-2.919959902007193e-09,-1.7460077828021294e-09
156.2,10.41029999940153,-2.9234517079625824e-09,-1.7457946199814014e-09
156.22,10.412299999401469,-2.926943087592331e-09,-1.7455814571606734e-09
156.24,10.414299999401408,-2.9304340408964375e-09,-1.7453682943399453e-09
156.26,10.416299999401346,-2.933924567874903e-09,-1.7451551315192173e-09
156.28,10.418299999401285,-2.9374146685277273e-09,-1.7449419686984893e-09
156.3,10.420299999401223,-2.94090434285491e-09,-1.7447288058777612e-09
156.32,10.422299999401162,-2.9443935908564513e-09,-1.7445156430570332e-09
156.34,10.4242999994011,-2.947882412532351e-09,-1.7443024802363052e-09
156.36,10.426299999401039,-2.9513708078826095e-09,-1.7440893174155772e-09
156.38,10.428299999400977,-2.9548587769072265e-09,-1.7438761545948491e-09
156.4,10.430299999400916,-2.958346319606202e-09,-1.743662991774121e-09
156.42,10.432299999400854,-2.961833435979536e-09,-1.743449828953393e-09
156.44,10.434299999400793,-2.9653201260272288e-09,-1.743236666132665e-09
156.46,10.436299999400731,-2.96880638974928e-09,-1.743023503311937e-09
156.48,10.43829999940067,-2.9722922271456897e-09,-1.742810340491209e-09
156.5,10.440299999400608,-2.975777638216458e-09,-1.742597177670481e-09
156.52,10.442299999400547,-2.9792626229615845e-09,-1.742384014849753e-09
156.54,10.444299999400485,-2.98274718138107e-09,-1.7421708520290249e-09
156.56,10.446299999400424,-2.9862313134749136e-09,-1.7419576892082969e-09
156.58,10.448299999400362,-2.9897150192431157e-09,-1.7417445263875688e-09
156.6,10.4502999994003,-2.9931982986856764e-09,-1.7415313635668408e-09
156.62,10.452299999400239,-2.996681151802596e-09,-1.7413182007461128e-09
156.64,10.454299999400178,-3.000163578593874e-09,-1.7411050379253847e-09
156.66,10.456299999400116,-3.0036455790595108e-09,-1.7408918751046567e-09
156.68,10.458299999400055,-3.007127153199506e-09,-1.7406787122839287e-09
156.7,10.460299999399993,-3.0106083010138596e-09,-1.7404655494632006e-09
156.72,10.462299999399931,-3.014089022502572e-09,-1.7402523866424726e-09
156.74,10.46429999939987,-3.0175693176656428e-09,-1.7400392238217446e-09
156.76,10.466299999399808,-3.0210491865030724e-09,-1.7398260610010166e-09
156.78,10.468299999399747,-3.0245286290148606e-09,-1.7396128981802885e-09
156.8,10.470299999399685,-3.0280076452010073e-09,-1.7393997353595605e-09
156.82,10.472299999399624,-3.031486235061512e-09,-1.7391865725388325e-09
156.84,10.474299999399562,-3.034964398596376e-09,-1.7389734097181044e-09
156.86,10.476299999399501,-3.038442135805598e-09,-1.7387602468973764e-09
156.88,10.47829999939944,-3.041919446689179e-09,-1.7385470840766484e-09
156.9,10.480299999399378,-3.0453963312471185e-09,-1.7383339212559203e-09
156.92,10.482299999399316,-3.0488727894794162e-09,-1.7381207584351923e-09
156.94,10.484299999399255,-3.052348821386073e-09,-1.7379075956144643e-09
156.96,10.486299999399193,-3.0558244269670877e-09,-1.7376944327937363e-09
156.98,10.488299999399132,-3.059299606222461e-09,-1.7374812699730082e-09
157.0,10.49029999939907,-3.062774359152193e-09,-1.7372681071522802e-09
157.02,10.492299999399009,-3.066248685756284e-09,-1.7370549443315522e-09
157.04,10.494299999398947,-3.069722586034733e-09,-1.7368417815108241e-09
157.06,10.496299999398886,-3.073196059987541e-09,-1.736628618690096e-09
157.08,10.498299999398824,-3.0766691076147075e-09,-1.736415455869368e-09
157.1,10.500299999398763,-3.0801417289162322e-09,-1.73620229304864e-09
157.12,10.502299999398701,-3.083613923892116e-09,-1.735989130227912e-09
157.14,10.50429999939864,-3.0870856925423574e-09,-1.735775967407184e-09
157.16,10.506299999398578,-3.090557034866958e-09,-1.735562804586456e-09
157.18,10.508299999398517,-3.094027950865917e-09,-1.735349641765728e-09
157.2,10.510299999398455,-3.097498440539235e-09,-1.7351364789449999e-09
157.22,10.512299999398394,-3.100968503886911e-09,-1.7349233161242719e-09
157.24,10.514299999398332,-3.1044381409089462e-09,-1.7347101533035438e-09
157.26,10.51629999939827,-3.1079073516053395e-09,-1.7344969904828158e-09
157.28,10.51829999939821,-3.1113761359760916e-09,-1.7342838276620878e-09
157.3,10.520299999398148,-3.114844494021202e-09,-1.7340706648413597e-09
157.32,10.522299999398086,-3.118312425740671e-09,-1.7338575020206317e-09
157.34,10.524299999398025,-3.1217799311344983e-09,-1.7336443391999037e-09
157.36,10.526299999397963,-3.1252470102026843e-09,-1.7334311763791756e-09
157.38,10.528299999397902,-3.128713662945229e-09,-1.7332180135584476e-09
157.4,10.53029999939784,-3.132179889362132e-09,-1.7330048507377196e-09
157.42,10.532299999397779,-3.135645689453394e-09,-1.7327916879169916e-09
157.44,10.534299999397717,-3.1391110632190144e-09,-1.7325785250962635e-09
157.46,10.536299999397656,-3.1425760106589936e-09,-1.7323653622755355e-09
157.48,10.538299999397594,-3.1460405317733314e-09,-1.7321521994548075e-09
157.5,10.540299999397533,-3.1495046265620274e-09,-1.7319390366340794e-09
157.52,10.542299999397471,-3.1529682950250823e-09,-1.7317258738133514e-09
157.54,10.54429999939741,-3.156431537162495e-09,-1.7315127109926234e-09
157.56,10.546299999397348,-3.159894352974267e-09,-1.7312995481718953e-09
157.58,10.548299999397287,-3.1633567424603967e-09,-1.7310863853511673e-09
157.6,10.550299999397225,-3.166818705620886e-09,-1.7308732225304393e-09
157.62,10.552299999397164,-3.170280242455733e-09,-1.7306600597097113e-09
157.64,10.554299999397102,-3.173741352964939e-09,-1.7304468968889832e-09
157.66,10.55629999939704,-3.1772020371485034e-09,-1.7302337340682552e-09
157.68,10.55829999939698,-3.180662295006427e-09,-1.7300205712475272e-09
157.7,10.560299999396918,-3.1841221265387084e-09,-1.7298074084267991e-09
157.72,10.562299999396856,-3.1875815317453485e-09,-1.7295942456060711e-09
157.74,10.564299999396795,-3.191040510626347e-09,-1.729381082785343e-09
157.76,10.566299999396733,-3.1944990631817044e-09,-1.729167919964615e-09
157.78,10.568299999396672,-3.19795718941142e-09,-1.728954757143887e-09
157.8,10.57029999939661,-3.201414889315494e-09,-1.728741594323159e-09
157.82,10.572299999396549,-3.2048721628939274e-09,-1.728528431502431e-09
157.84,10.574299999396487,-3.2083290101467184e-09,-1.728315268681703e-09
157.86,10.576299999396426,-3.211785431073869e-09,-1.728102105860975e-09
157.88,10.578299999396364,-3.215241425675378e-09,-1.7278889430402469e-09
157.9,10.580299999396303,-3.218696993951245e-09,-1.7276757802195188e-09
157.92,10.582299999396241,-3.222152135901471e-09,-1.7274626173987908e-09
157.94,10.58429999939618,-3.225606851526055e-09,-1.7272494545780628e-09
157.96,10.586299999396118,-3.2290611408249982e-09,-1.7270362917573347e-09
157.98,10.588299999396057,-3.232515003798299e-09,-1.7268231289366067e-09
158.0,10.590299999395995,-3.2359684404459596e-09,-1.7266099661158787e-09
158.02,10.592299999395934,-3.2394214507679777e-09,-1.7263968032951507e-09
158.04,10.594299999395872,-3.2428740347643547e-09,-1.7261836404744226e-09
158.06,10.59629999939581,-3.2463261924350904e-09,-1.7259704776536946e-09
158.08,10.59829999939575,-3.2497779237801845e-09,-1.7257573148329666e-09
158.1,10.600299999395688,-3.2532292287996373e-09,-1.7255441520122385e-09
158.12,10.602299999395626,-3.2566801074934486e-09,-1.7253309891915105e-09
158.14,10.604299999395565,-3.2601305598616185e-09,-1.7251178263707825e-09
158.16,10.606299999395503,-3.263580585904147e-09,-1.7249046635500544e-09
158.18,10.608299999395442,-3.267030185621034e-09,-1.7246915007293264e-09
158.2,10.61029999939538,-3.270479359012279e-09,-1.7244783379085984e-09
158.22,10.612299999395319,-3.2739281060778836e-09,-1.7242651750878704e-09
158.24,10.614299999395257,-3.277376426817846e-09,-1.7240520122671423e-09
158.26,10.616299999395196,-3.2808243212321675e-09,-1.7238388494464143e-09
158.28,10.618299999395134,-3.2842717893208473e-09,-1.7236256866256863e-09
158.3,10.620299999395073,-3.2877188310838856e-09,-1.7234125238049582e-09
158.32,10.622299999395011,-3.2911654465212825e-09,-1.7231993609842302e-09
158.34,10.62429999939495,-3.2946116356330376e-09,-1.7229861981635022e-09
158.36,10.626299999394888,-3.298057398419152e-09,-1.7227730353427741e-09
158.38,10.628299999394827,-3.3015027348796242e-09,-1.7225598725220461e-09
158.4,10.630299999394765,-3.304947645014456e-09,-1.722346709701318e-09
158.42,10.632299999394704,-3.308392128823645e-09,-1.72213354688059e-09
158.44,10.634299999394642,-3.3118361863071934e-09,-1.721920384059862e-09
158.46,10.63629999939458,-3.3152798174651002e-09,-1.721707221239134e-09
158.48,10.638299999394519,-3.3187230222973652e-09,-1.721494058418406e-09
158.5,10.640299999394458,-3.322165800803989e-09,-1.721280895597678e-09
158.52,10.642299999394396,-3.3256081529849713e-09,-1.72106773277695e-09
158.54,10.644299999394335,-3.3290500788403124e-09,-1.7208545699562219e-09
158.56,10.646299999394273,-3.332491578370012e-09,-1.7206414071354938e-09
158.58,10.648299999394212,-3.3359326515740702e-09,-1.7204282443147658e-09
158.6,10.65029999939415,-3.3393732984524866e-09,-1.7202150814940378e-09
158.62,10.652299999394089,-3.3428135190052623e-09,-1.7200019186733098e-09
158.64,10.654299999394027,-3.3462533132323958e-09,-1.7197887558525817e-09
158.66,10.656299999393966,-3.3496926811338886e-09,-1.7195755930318537e-09
158.68,10.658299999393904,-3.3531316227097396e-09,-1.7193624302111257e-09
158.7,10.660299999393843,-3.356570137959949e-09,-1.7191492673903976e-09
158.72,10.662299999393781,-3.3600082268845173e-09,-1.7189361045696696e-09
158.74,10.66429999939372,-3.3634458894834436e-09,-1.7187229417489416e-09
158.76,10.666299999393658,-3.3668831257567292e-09,-1.7185097789282135e-09
158.78,10.668299999393597,-3.3703199357043722e-09,-1.7182966161074855e-09
158.8,10.670299999393535,-3.373756319326375e-09,-1.7180834532867575e-09
158.82,10.672299999393474,-3.377192276622735e-09,-1.7178702904660295e-09
158.84,10.674299999393412,-3.3806278075934546e-09,-1.7176571276453014e-09
158.86,10.67629999939335,-3.3840629122385326e-09,-1.7174439648245734e-09
158.88,10.678299999393289,-3.387497590557969e-09,-1.7172308020038454e-09
158.9,10.680299999393227,-3.390931842551764e-09,-1.7170176391831173e-09
158.92,10.682299999393166,-3.394365668219917e-09,-1.7168044763623893e-09
158.94,10.684299999393104,-3.3977990675624292e-09,-1.7165913135416613e-09
158.96,10.686299999393043,-3.4012320405793e-09,-1.7163781507209332e-09
158.98,10.688299999392981,-3.4046645872705295e-09,-1.7161649879002052e-09
159.0,10.69029999939292,-3.408096707636117e-09,-1.7159518250794772e-09
159.02,10.692299999392858,-3.4115284016760636e-09,-1.7157386622587492e-09
159.04,10.694299999392797,-3.4149596693903682e-09,-1.7155254994380211e-09
159.06,10.696299999392735,-3.4183905107790323e-09,-1.715312336617293e-09
159.08,10.698299999392674,-3.4218209258420545e-09,-1.715099173796565e-09
159.1,10.700299999392612,-3.4252509145794353e-09,-1.714886010975837e-09
159.12,10.702299999392551,-3.4286804769911746e-09,-1.714672848155109e-09
159.14,10.70429999939249,-3.432109613077272e-09,-1.714459685334381e-09
159.16,10.706299999392428,-3.435538322837729e-09,-1.714246522513653e-09
159.18,10.708299999392366,-3.438966606272543e-09,-1.714033359692925e-09
159.2,10.710299999392305,-3.442394463381717e-09,-1.7138201968721969e-09
159.22,10.712299999392243,-3.4458218941652485e-09,-1.7136070340514689e-09
159.24,10.714299999392182,-3.449248898623139e-09,-1.7133938712307408e-09
159.26,10.71629999939212,-3.452675476755388e-09,-1.7131807084100128e-09
159.28,10.718299999392059,-3.4561016285619954e-09,-1.7129675455892848e-09
159.3,10.720299999391997,-3.4595273540429614e-09,-1.7127543827685567e-09
159.32,10.722299999391936,-3.4629526531982855e-09,-1.7125412199478287e-09
159.34,10.724299999391874,-3.466377526027969e-09,-1.7123280571271007e-09
159.36,10.726299999391813,-3.4698019725320102e-09,-1.7121148943063726e-09
159.38,10.728299999391751,-3.473225992710411e-09,-1.7119017314856446e-09
159.4,10.73029999939169,-3.4766495865631696e-09,-1.7116885686649166e-09
159.42,10.732299999391628,-3.4800727540902874e-09,-1.7114754058441886e-09
159.44,10.734299999391567,-3.4834954952917633e-09,-1.7112622430234605e-09
159.46,10.736299999391505,-3.4869178101675985e-09,-1.7110490802027325e-09
159.48,10.738299999391444,-3.490339698717792e-09,-1.7108359173820045e-09
159.5,10.740299999391382,-3.493761160942344e-09,-1.7106227545612764e-09
159.52,10.74229999939132,-3.4971821968412545e-09,-1.7104095917405484e-09
159.54,10.74429999939126,-3.500602806414523e-09,-1.7101964289198204e-09
159.56,10.746299999391198,-3.5040229896621513e-09,-1.7099832660990923e-09
159.58,10.748299999391136,-3.5074427465841367e-09,-1.7097701032783643e-09
159.6,10.750299999391075,-3.510862077180482e-09,-1.7095569404576363e-09
159.62,10.752299999391013,-3.5142809814511844e-09,-1.7093437776369083e-09
159.64,10.754299999390952,-3.5176994593962463e-09,-1.7091306148161802e-09
159.66,10.75629999939089,-3.5211175110156663e-09,-1.7089174519954522e-09
159.68,10.758299999390829,-3.524535136309445e-09,-1.7087042891747242e-09
159.7,10.760299999390767,-3.527952335277582e-09,-1.7084911263539961e-09
159.72,10.762299999390706,-3.5313691079200775e-09,-1.708277963533268e-09
159.74,10.764299999390644,-3.534785454236932e-09,-1.70806480071254e-09
159.76,10.766299999390583,-3.538201374228144e-09,-1.707851637891812e-09
159.78,10.768299999390521,-3.541616867893716e-09,-1.707638475071084e-09
159.8,10.77029999939046,-3.5450319352336456e-09,-1.707425312250356e-09
159.82,10.772299999390398,-3.548446576247934e-09,-1.707212149429628e-09
159.84,10.774299999390337,-3.5518607909365812e-09,-1.7069989866089e-09
159.86,10.776299999390275,-3.5552745792995877e-09,-1.7067858237881719e-09
159.88,10.778299999390214,-3.5586879413369523e-09,-1.7065726609674439e-09
159.9,10.780299999390152,-3.5621008770486755e-09,-1.7063594981467158e-09
159.92,10.78229999939009,-3.5655133864347573e-09,-1.7061463353259878e-09
159.94,10.78429999939003,-3.568925469495197e-09,-1.7059331725052598e-09
159.96,10.786299999389968,-3.5723371262299965e-09,-1.7057200096845317e-09
159.98,10.788299999389906,-3.575748356639153e-09,-1.7055068468638037e-09
160.0,10.790299999389845,-3.5791591607226695e-09,-1.7052936840430757e-09
160.02,10.792299999389783,-3.5825695384805432e-09,-1.7050805212223477e-09
160.04,10.794299999389722,-3.5859794899127763e-09,-1.7048673584016196e-09
160.06,10.79629999938966,-3.5893890150193676e-09,-1.7046541955808916e-09
160.08,10.798299999389599,-3.5927981138003174e-09,-1.7044410327601636e-09
160.1,10.800299999389537,-3.596206786255626e-09,-1.7042278699394355e-09
160.12,10.802299999389476,-3.5996150323852924e-09,-1.7040147071187075e-09
160.14,10.804299999389414,-3.6030228521893183e-09,-1.7038015442979795e-09
160.16,10.806299999389353,-3.6064302456677015e-09,-1.7035883814772514e-09
160.18,10.808299999389291,-3.6098372128204446e-09,-1.7033752186565234e-09
160.2,10.81029999938923,-3.613243753647545e-09,-1.7031620558357954e-09
160.22,10.812299999389168,-3.6166498681490047e-09,-1.7029488930150674e-09
160.24,10.814299999389107,-3.6200555563248226e-09,-1.7027357301943393e-09
160.26,10.816299999389045,-3.623460818175e-09,-1.7025225673736113e-09
160.28,10.818299999388984,-3.6268656536995357e-09,-1.7023094045528833e-09
160.3,10.820299999388922,-3.63027006289843e-09,-1.7020962417321552e-09
160.32,10.82229999938886,-3.633674045771683e-09,-1.7018830789114272e-09
160.34,10.8242999993888,-3.637077602319294e-09,-1.7016699160906992e-09
160.36,10.826299999388738,-3.6404807325412647e-09,-1.7014567532699711e-09
160.38,10.828299999388676,-3.6438834364375925e-09,-1.7012435904492431e-09
160.4,10.830299999388615,-3.64728571400828e-09,-1.701030427628515e-09
160.42,10.832299999388553,-3.650687565253325e-09,-1.700817264807787e-09
160.44,10.834299999388492,-3.6540889901727294e-09,-1.700604101987059e-09
160.46,10.83629999938843,-3.657489988766492e-09,-1.700390939166331e-09
160.48,10.838299999388369,-3.660890561034613e-09,-1.700177776345603e-09
160.5,10.840299999388307,-3.6642907069770925e-09,-1.699964613524875e-09
160.52,10.842299999388246,-3.6676904265939302e-09,-1.699751450704147e-09
160.54,10.844299999388184,-3.6710897198851273e-09,-1.6995382878834189e-09
160.56,10.846299999388123,-3.6744885868506818e-09,-1.6993251250626908e-09
160.58,10.848299999388061,-3.677887027490596e-09,-1.6991119622419628e-09
160.6,10.850299999388,-3.6812850418048676e-09,-1.6988987994212348e-09
160.62,10.852299999387938,-3.6846826297934986e-09,-1.6986856366005068e-09
160.64,10.854299999387877,-3.6880797914564877e-09,-1.6984724737797787e-09
160.66,10.856299999387815,-3.6914765267938358e-09,-1.6982593109590507e-09
160.68,10.858299999387754,-3.6948728358055424e-09,-1.6980461481383227e-09
160.7,10.860299999387692,-3.6982687184916076e-09,-1.6978329853175946e-09
160.72,10.86229999938763,-3.7016641748520318e-09,-1.6976198224968666e-09
160.74,10.864299999387569,-3.7050592048868137e-09,-1.6974066596761386e-09
160.76,10.866299999387508,-3.7084538085959554e-09,-1.6971934968554105e-09
160.78,10.868299999387446,-3.7118479859794544e-09,-1.6969803340346825e-09
160.8,10.870299999387385,-3.7152417370373132e-09,-1.6967671712139545e-09
160.82,10.872299999387323,-3.7186350617695294e-09,-1.6965540083932264e-09
160.84,10.874299999387262,-3.722027960176105e-09,-1.6963408455724984e-09
160.86,10.8762999993872,-3.725420432257039e-09,-1.6961276827517704e-09
160.88,10.878299999387139,-3.72881247801233e-09,-1.6959145199310424e-09
160.9,10.880299999387077,-3.732204097441982e-09,-1.6957013571103143e-09
160.92,10.882299999387016,-3.735595290545993e-09,-1.6954881942895863e-09
160.94,10.884299999386954,-3.738986057324359e-09,-1.6952750314688583e-09
160.96,10.886299999386893,-3.742376397777085e-09,-1.6950618686481302e-09
160.98,10.888299999386831,-3.74576631190417e-09,-1.6948487058274022e-09
161.0,10.89029999938677,-3.749155799705616e-09,-1.6946355430066742e-09
161.02,10.892299999386708,-3.7525448611814175e-09,-1.6944223801859461e-09
161.04,10.894299999386647,-3.7559334963315766e-09,-1.6942092173652181e-09
161.06,10.896299999386585,-3.7593217051560954e-09,-1.69399605454449e-09
161.08,10.898299999386523,-3.762709487654975e-09,-1.693782891723762e-09
161.1,10.900299999386462,-3.766096843828213e-09,-1.693569728903034e-09
161.12,10.9022999993864,-3.769483773675806e-09,-1.693356566082306e-09
161.14,10.904299999386339,-3.772870277197758e-09,-1.693143403261578e-09
161.16,10.906299999386277,-3.77625635439407e-09,-1.69293024044085e-09
161.18,10.908299999386216,-3.779642005264743e-09,-1.692717077620122e-09
161.2,10.910299999386154,-3.783027229809771e-09,-1.6925039147993939e-09
161.22,10.912299999386093,-3.786412028029157e-09,-1.6922907519786658e-09
161.24,10.914299999386095,-3.789796670595386e-09,-1.6938939140262246e-09
161.26,10.916299999385515,-3.79318741183775e-09,-1.6961365645359674e-09
161.28,10.91829999938544,-3.79657968496669e-09,-1.6961365645359674e-09
161.3,10.920299999385364,-3.799971958095629e-09,-1.6961365645359674e-09
161.32,10.922299999385288,-3.803364183040873e-09,-1.6960788329386869e-09
161.34,10.924299999385212,-3.806756257439886e-09,-1.6960122195572094e-09
161.36,10.926299999385137,-3.8101482818788766e-09,-1.6960122195572094e-09
161.38,10.928299999385061,-3.8135403063178675e-09,-1.6960122195572094e-09
161.4,10.930299999384985,-3.8169323307568585e-09,-1.6960122195572094e-09
161.42,10.93229999938491,-3.8203243551958494e-09,-1.6960122195572094e-09
161.44,10.934299999384834,-3.82371637963484e-09,-1.6960122195572094e-09
161.46,10.936299999384758,-3.827108404073831e-09,-1.6960122195572094e-09
161.48,10.938299999384682,-3.830500428512822e-09,-1.6960122195572094e-09
161.5,10.940299999384607,-3.833892452951813e-09,-1.6960122195572094e-09
161.52,10.942299999384531,-3.837284477390804e-09,-1.6960122195572094e-09
161.54,10.944299999384455,-3.840676501829795e-09,-1.6960122195572094e-09
161.56,10.94629999938438,-3.844068526268786e-09,-1.6960122195572094e-09
161.58,10.948299999384304,-3.847460550707777e-09,-1.6960122195572094e-09
161.6,10.950299999384445,-3.850851408302738e-09,-1.6951018366770167e-09
161.62,10.952299999384392,-3.8542414925160125e-09,-1.6949330827772737e-09
161.64,10.95429999938433,-3.857631143742286e-09,-1.6947199199565457e-09
161.66,10.95629999938427,-3.861020368642915e-09,-1.6945067571358177e-09
161.68,10.958299999384208,-3.864409167217904e-09,-1.6942935943150896e-09
161.7,10.960299999384146,-3.867797539467254e-09,-1.6940804314943616e-09
161.72,10.962299999384085,-3.871185485390963e-09,-1.6938672686736336e-09
161.74,10.964299999384023,-3.874573004989027e-09,-1.6936541058529055e-09
161.76,10.966299999383962,-3.877960098261449e-09,-1.6934409430321775e-09
161.78,10.9682999993839,-3.8813467652082316e-09,-1.6932277802114495e-09
161.8,10.970299999383839,-3.884733005829376e-09,-1.6930146173907215e-09
161.82,10.972299999383777,-3.8881188201248755e-09,-1.6928014545699934e-09
161.84,10.974299999383716,-3.891504208094732e-09,-1.6925882917492654e-09
161.86,10.976299999383654,-3.894889169738948e-09,-1.6923751289285374e-09
161.88,10.978299999383593,-3.898273705057525e-09,-1.6921619661078093e-09
161.9,10.980299999383531,-3.901657814050461e-09,-1.6919488032870813e-09
161.92,10.98229999938347,-3.9050414967177515e-09,-1.6917356404663533e-09
161.94,10.984299999383408,-3.908424753059401e-09,-1.6915224776456252e-09
161.96,10.986299999383347,-3.91180758307541e-09,-1.6913093148248972e-09
161.98,10.988299999383285,-3.915189986765782e-09,-1.6910961520041692e-09
162.0,10.990299999383224,-3.918571964130508e-09,-1.6908829891834412e-09
162.02,10.992299999383162,-3.921953515169592e-09,-1.6906698263627131e-09
162.04,10.9942999993831,-3.925334639883035e-09,-1.690456663541985e-09
162.06,10.996299999383039,-3.928715338270839e-09,-1.690243500721257e-09
162.08,10.998299999382978,-3.932095610333001e-09,-1.690030337900529e-09
162.1,11.000299999382916,-3.935475456069519e-09,-1.689817175079801e-09
162.12,11.002299999382855,-3.938854875480395e-09,-1.689604012259073e-09
162.14,11.004299999382793,-3.942233868565633e-09,-1.689390849438345e-09
162.16,11.006299999382732,-3.945612435325231e-09,-1.689177686617617e-09
162.18,11.00829999938267,-3.948990575759184e-09,-1.6889645237968889e-09
162.2,11.010299999382609,-3.9523682898674945e-09,-1.6887513609761608e-09
162.22,11.012299999382547,-3.955745577650165e-09,-1.6885381981554328e-09
162.24,11.014299999382485,-3.959122439107196e-09,-1.6883250353347048e-09
162.26,11.016299999382424,-3.962498874238585e-09,-1.6881118725139768e-09
162.28,11.018299999382362,-3.96587488304433e-09,-1.6878987096932487e-09
162.3,11.020299999382301,-3.969250465524433e-09,-1.6876855468725207e-09
162.32,11.02229999938224,-3.9726256216788976e-09,-1.6874723840517927e-09
162.34,11.024299999382178,-3.976000351507722e-09,-1.6872592212310646e-09
162.36,11.026299999382116,-3.979374655010902e-09,-1.6870460584103366e-09
162.38,11.028299999382055,-3.98274853218844e-09,-1.6868328955896086e-09
162.4,11.030299999381993,-3.9861219830403375e-09,-1.6866197327688805e-09
162.42,11.032299999381932,-3.989495007566597e-09,-1.6864065699481525e-09
162.44,11.03429999938187,-3.992867605767212e-09,-1.6861934071274245e-09
162.46,11.036299999381809,-3.996239777642184e-09,-1.6859802443066965e-09
162.48,11.038299999381747,-3.9996115231915144e-09,-1.6857670814859684e-09
162.5,11.040299999381686,-4.002982842415206e-09,-1.6855539186652404e-09
162.52,11.042299999381624,-4.0063537353132576e-09,-1.6853407558445124e-09
162.54,11.044299999381563,-4.009724201885664e-09,-1.6851275930237843e-09
162.56,11.046299999381501,-4.013094242132428e-09,-1.6849144302030563e-09
162.58,11.04829999938144,-4.016463856053553e-09,-1.6847012673823283e-09
162.6,11.050299999381378,-4.01983304364904e-09,-1.6844881045616002e-09
162.62,11.052299999381317,-4.023201804918882e-09,-1.6842749417408722e-09
162.64,11.054299999381255,-4.026570139863081e-09,-1.6840617789201442e-09
162.66,11.056299999381194,-4.0299380484816385e-09,-1.6838486160994162e-09
162.68,11.058299999381132,-4.033305530774558e-09,-1.6836354532786881e-09
162.7,11.060299999381071,-4.036672586741836e-09,-1.68342229045796e-09
162.72,11.06229999938101,-4.040039216383469e-09,-1.683209127637232e-09
162.74,11.064299999380948,-4.0434054196994605e-09,-1.682995964816504e-09
162.76,11.066299999380886,-4.046771196689812e-09,-1.682782801995776e-09
162.78,11.068299999380825,-4.050136547354525e-09,-1.682569639175048e-09
162.8,11.070299999380763,-4.053501471693594e-09,-1.68235647635432e-09
162.82,11.072299999380702,-4.05686596970702e-09,-1.682143313533592e-09
162.84,11.07429999938064,-4.0602300413948055e-09,-1.6819301507128639e-09
162.86,11.076299999380579,-4.063593686756952e-09,-1.6817169878921359e-09
162.88,11.078299999380517,-4.066956905793457e-09,-1.6815038250714078e-09
162.9,11.080299999380456,-4.070319698504317e-09,-1.6812906622506798e-09
162.92,11.082299999380394,-4.073682064889536e-09,-1.6810774994299518e-09
162.94,11.084299999380333,-4.077044004949115e-09,-1.6808643366092237e-09
162.96,11.086299999380271,-4.0804055186830555e-09,-1.6806511737884957e-09
162.98,11.08829999938021,-4.083766606091351e-09,-1.6804380109677677e-09
163.0,11.090299999380148,-4.087127267174004e-09,-1.6802248481470396e-09
163.02,11.092299999380087,-4.090487501931016e-09,-1.6800116853263116e-09
163.04,11.094299999380025,-4.09384731036239e-09,-1.6797985225055836e-09
163.06,11.096299999379964,-4.097206692468122e-09,-1.6795853596848556e-09
163.08,11.098299999379902,-4.100565648248209e-09,-1.6793721968641275e-09
163.1,11.10029999937984,-4.103924177702655e-09,-1.6791590340433995e-09
163.12,11.10229999937978,-4.107282280831461e-09,-1.6789458712226715e-09
163.14,11.104299999379718,-4.110639957634629e-09,-1.6787327084019434e-09
163.16,11.106299999379656,-4.113997208112151e-09,-1.6785195455812154e-09
163.18,11.108299999379595,-4.117354032264031e-09,-1.6783063827604874e-09
163.2,11.110299999379533,-4.120710430090271e-09,-1.6780932199397593e-09
163.22,11.112299999379472,-4.124066401590872e-09,-1.6778800571190313e-09
163.24,11.11429999937941,-4.12742194676583e-09,-1.6776668942983033e-09
163.26,11.116299999379349,-4.130777065615144e-09,-1.6774537314775753e-09
163.28,11.118299999379287,-4.134131758138817e-09,-1.6772405686568472e-09
163.3,11.120299999379226,-4.137486024336851e-09,-1.6770274058361192e-09
163.32,11.122299999379164,-4.140839864209245e-09,-1.6768142430153912e-09
163.34,11.124299999379103,-4.1441932777559935e-09,-1.6766010801946631e-09
163.36,11.126299999379041,-4.1475462649771e-09,-1.6763879173739351e-09
163.38,11.12829999937898,-4.150898825872568e-09,-1.676174754553207e-09
163.4,11.130299999378918,-4.154250960442396e-09,-1.675961591732479e-09
163.42,11.132299999378857,-4.157602668686581e-09,-1.675748428911751e-09
163.44,11.134299999378795,-4.160953950605122e-09,-1.675535266091023e-09
163.46,11.136299999378734,-4.164304806198022e-09,-1.675322103270295e-09
163.48,11.138299999378672,-4.167655235465283e-09,-1.675108940449567e-09
163.5,11.14029999937861,-4.171005238406904e-09,-1.6748957776288389e-09
163.52,11.14229999937855,-4.174354815022879e-09,-1.6746826148081109e-09
163.54,11.144299999378488,-4.1777039653132135e-09,-1.6744694519873828e-09
163.56,11.146299999378426,-4.181052689277908e-09,-1.6742562891666548e-09
163.58,11.148299999378365,-4.184400986916963e-09,-1.6740431263459268e-09
163.6,11.150299999378303,-4.1877488582303745e-09,-1.6738299635251987e-09
163.62,11.152299999378242,-4.191096303218143e-09,-1.6736168007044707e-09
163.64,11.15429999937818,-4.194443321880271e-09,-1.6734036378837427e-09
163.66,11.156299999378119,-4.197789914216759e-09,-1.6731904750630147e-09
163.68,11.158299999378057,-4.201136080227606e-09,-1.6729773122422866e-09
163.7,11.160299999377996,-4.204481819912809e-09,-1.6727641494215586e-09
163.72,11.162299999377934,-4.20782713327237e-09,-1.6725509866008306e-09
163.74,11.164299999377873,-4.211172020306291e-09,-1.6723378237801025e-09
163.76,11.166299999377811,-4.2145164810145735e-09,-1.6721246609593745e-09
163.78,11.16829999937775,-4.217860515397211e-09,-1.6719114981386465e-09
163.8,11.170299999377688,-4.2212041234542066e-09,-1.6716983353179184e-09
163.82,11.172299999377627,-4.2245473051855616e-09,-1.6714851724971904e-09
163.84,11.174299999377565,-4.227890060591277e-09,-1.6712720096764624e-09
163.86,11.176299999377504,-4.231232389671351e-09,-1.6710588468557344e-09
163.88,11.178299999377442,-4.2345742924257804e-09,-1.6708456840350063e-09
163.9,11.18029999937738,-4.237915768854568e-09,-1.6706325212142783e-09
163.92,11.182299999377319,-4.241256818957717e-09,-1.6704193583935503e-09
163.94,11.184299999377258,-4.244597442735227e-09,-1.6702061955728222e-09
163.96,11.186299999377196,-4.247937640187091e-09,-1.6699930327520942e-09
163.98,11.188299999377135,-4.251277411313313e-09,-1.6697798699313662e-09
164.0,11.190299999377073,-4.2546167561138955e-09,-1.6695667071106381e-09
164.02,11.192299999377012,-4.257955674588839e-09,-1.6693535442899101e-09
164.04,11.19429999937695,-4.261294166738139e-09,-1.669140381469182e-09
164.06,11.196299999376889,-4.264632232561796e-09,-1.668927218648454e-09
164.08,11.198299999376827,-4.267969872059811e-09,-1.668714055827726e-09
164.1,11.200299999376766,-4.271307085232187e-09,-1.668500893006998e-09
164.12,11.202299999376704,-4.274643872078923e-09,-1.66828773018627e-09
164.14,11.204299999376643,-4.277980232600014e-09,-1.668074567365542e-09
164.16,11.206299999376581,-4.281316166795463e-09,-1.667861404544814e-09
164.18,11.20829999937652,-4.284651674665273e-09,-1.6676482417240859e-09
164.2,11.210299999376458,-4.287986756209443e-09,-1.6674350789033578e-09
164.22,11.212299999376397,-4.29132141142797e-09,-1.6672219160826298e-09
164.24,11.214299999376335,-4.294655640320854e-09,-1.6670087532619018e-09
164.26,11.216299999376274,-4.297989442888096e-09,-1.6667955904411738e-09
164.28,11.218299999376212,-4.301322819129699e-09,-1.6665824276204457e-09
164.3,11.22029999937615,-4.304655769045662e-09,-1.6663692647997177e-09
164.32,11.222299999376089,-4.30798829263598e-09,-1.6661561019789897e-09
164.34,11.224299999376028,-4.311320389900656e-09,-1.6659429391582616e-09
164.36,11.226299999375966,-4.314652060839692e-09,-1.6657297763375336e-09
164.38,11.228299999375905,-4.31798330545309e-09,-1.6655166135168056e-09
164.4,11.230299999375843,-4.321314123740844e-09,-1.6653034506960775e-09
164.42,11.232299999375781,-4.324644515702955e-09,-1.6650902878753495e-09
164.44,11.23429999937572,-4.327974481339425e-09,-1.6648771250546215e-09
164.46,11.236299999375658,-4.331304020650256e-09,-1.6646639622338935e-09
164.48,11.238299999375597,-4.334633133635445e-09,-1.6644507994131654e-09
164.5,11.240299999375535,-4.33796182029499e-09,-1.6642376365924374e-09
164.52,11.242299999375474,-4.341290080628894e-09,-1.6640244737717094e-09
164.54,11.244299999375412,-4.344617914637158e-09,-1.6638113109509813e-09
164.56,11.246299999375351,-4.3479453223197824e-09,-1.6635981481302533e-09
164.58,11.24829999937529,-4.351272303676763e-09,-1.6633849853095253e-09
164.6,11.250299999375228,-4.3545988587081e-09,-1.6631718224887972e-09
164.62,11.252299999375166,-4.357924987413798e-09,-1.6629586596680692e-09
164.64,11.254299999375105,-4.361250689793855e-09,-1.6627454968473412e-09
164.66,11.256299999375043,-4.364575965848271e-09,-1.6625323340266132e-09
164.68,11.258299999374982,-4.367900815577043e-09,-1.6623191712058851e-09
164.7,11.26029999937492,-4.371225238980173e-09,-1.662106008385157e-09
164.72,11.262299999374859,-4.374549236057664e-09,-1.661892845564429e-09
164.74,11.264299999374797,-4.377872806809515e-09,-1.661679682743701e-09
164.76,11.266299999374736,-4.381195951235722e-09,-1.661466519922973e-09
164.78,11.268299999374674,-4.384518669336286e-09,-1.661253357102245e-09
164.8,11.270299999374613,-4.38784096111121e-09,-1.661040194281517e-09
164.82,11.272299999374551,-4.391162826560496e-09,-1.660827031460789e-09
164.84,11.27429999937449,-4.3944842656841385e-09,-1.6606138686400609e-09
164.86,11.276299999374428,-4.397805278482138e-09,-1.6604007058193329e-09
164.88,11.278299999374367,-4.401125864954495e-09,-1.6601875429986048e-09
164.9,11.280299999374305,-4.404446025101213e-09,-1.6599743801778768e-09
164.92,11.282299999374244,-4.407765758922292e-09,-1.6597612173571488e-09
164.94,11.284299999374182,-4.411085066417726e-09,-1.6595480545364207e-09
164.96,11.28629999937412,-4.414403947587517e-09,-1.6593348917156927e-09
164.98,11.28829999937406,-4.41772240243167e-09,-1.6591217288949647e-09
165.0,11.290299999373998,-4.421040430950182e-09,-1.6589085660742366e-09
165.02,11.292299999373936,-4.424358033143051e-09,-1.6586954032535086e-09
165.04,11.294299999373875,-4.427675209010277e-09,-1.6584822404327806e-09
165.06,11.296299999373813,-4.430991958551862e-09,-1.6582690776120526e-09
165.08,11.298299999373752,-4.434308281767807e-09,-1.6580559147913245e-09
165.1,11.30029999937369,-4.437624178658112e-09,-1.6578427519705965e-09
165.12,11.302299999373629,-4.4409396492227725e-09,-1.6576295891498685e-09
165.14,11.304299999373567,-4.444254693461791e-09,-1.6574164263291404e-09
165.16,11.306299999373506,-4.44756931137517e-09,-1.6572032635084124e-09
165.18,11.308299999373444,-4.4508835029629086e-09,-1.6569901006876844e-09
165.2,11.310299999373383,-4.454197268225005e-09,-1.6567769378669563e-09
165.22,11.312299999373321,-4.457510607161458e-09,-1.6565637750462283e-09
165.24,11.31429999937326,-4.46082351977227e-09,-1.6563506122255003e-09
165.26,11.316299999373198,-4.464136006057443e-09,-1.6561374494047723e-09
165.28,11.318299999373137,-4.467448066016975e-09,-1.6559242865840442e-09
165.3,11.320299999373075,-4.470759699650862e-09,-1.6557111237633162e-09
165.32,11.322299999373014,-4.474070906959108e-09,-1.6554979609425882e-09
165.34,11.324299999372952,-4.4773816879417145e-09,-1.6552847981218601e-09
165.36,11.32629999937289,-4.4806920425986815e-09,-1.655071635301132e-09
165.38,11.32829999937283,-4.484001970930004e-09,-1.654858472480404e-09
165.4,11.330299999372768,-4.487311472935684e-09,-1.654645309659676e-09
165.42,11.332299999372706,-4.490620548615724e-09,-1.654432146838948e-09
165.44,11.334299999372645,-4.493929197970124e-09,-1.65421898401822e-09
165.46,11.336299999372583,-4.497237420998882e-09,-1.654005821197492e-09
165.48,11.338299999372522,-4.500545217701997e-09,-1.653792658376764e-09
165.5,11.34029999937246,-4.503852588079469e-09,-1.6535794955560359e-09
165.52,11.342299999372399,-4.507159532131302e-09,-1.6533663327353079e-09
165.54,11.344299999372337,-4.510466049857496e-09,-1.6531531699145798e-09
165.56,11.346299999372276,-4.513772141258045e-09,-1.6529400070938518e-09
165.58,11.348299999372214,-4.517077806332952e-09,-1.6527268442731238e-09
165.6,11.350299999372153,-4.520383045082218e-09,-1.6525136814523957e-09
165.62,11.352299999372091,-4.523687857505845e-09,-1.6523005186316677e-09
165.64,11.35429999937203,-4.52699224360383e-09,-1.6520873558109397e-09
165.66,11.356299999371968,-4.5302962033761716e-09,-1.6518741929902117e-09
165.68,11.358299999371907,-4.533599736822871e-09,-1.6516610301694836e-09
165.7,11.360299999371845,-4.536902843943931e-09,-1.6514478673487556e-09
165.72,11.362299999371784,-4.5402055247393515e-09,-1.6512347045280276e-09
165.74,11.364299999371722,-4.5435077792091274e-09,-1.6510215417072995e-09
165.76,11.36629999937166,-4.5468096073532616e-09,-1.6508083788865715e-09
165.78,11.3682999993716,-4.550111009171756e-09,-1.6505952160658435e-09
165.8,11.370299999371538,-4.553411984664611e-09,-1.6503820532451154e-09
165.82,11.372299999371476,-4.556712533831823e-09,-1.6501688904243874e-09
165.84,11.374299999371415,-4.560012656673391e-09,-1.6499557276036594e-09
165.86,11.376299999371353,-4.5633123531893185e-09,-1.6497425647829313e-09
165.88,11.378299999371292,-4.566611623379606e-09,-1.6495294019622033e-09
165.9,11.38029999937123,-4.569910467244253e-09,-1.6493162391414753e-09
165.92,11.382299999371169,-4.573208884783256e-09,-1.6491030763207473e-09
165.94,11.384299999371107,-4.576506875996617e-09,-1.6488899135000192e-09
165.96,11.386299999371046,-4.579804440884338e-09,-1.6486767506792912e-09
165.98,11.388299999370984,-4.583101579446419e-09,-1.6484635878585632e-09
166.0,11.390299999370923,-4.586398291682858e-09,-1.6482504250378351e-09
166.02,11.392299999370861,-4.589694577593654e-09,-1.6480372622171071e-09
166.04,11.3942999993708,-4.592990437178808e-09,-1.647824099396379e-09
166.06,11.396299999370738,-4.5962858704383214e-09,-1.647610936575651e-09
166.08,11.398299999370677,-4.599580877372196e-09,-1.647397773754923e-09
166.1,11.400299999370615,-4.602875457980426e-09,-1.647184610934195e-09
166.12,11.402299999370554,-4.606169612263013e-09,-1.646971448113467e-09
166.14,11.404299999370492,-4.609463340219962e-09,-1.646758285292739e-09
166.16,11.40629999937043,-4.612756641851271e-09,-1.646545122472011e-09
166.18,11.408299999370369,-4.616049517156936e-09,-1.6463319596512829e-09
166.2,11.410299999370308,-4.619341966136958e-09,-1.6461187968305548e-09
166.22,11.412299999370246,-4.622633988791341e-09,-1.6459056340098268e-09
166.24,11.414299999370185,-4.625925585120083e-09,-1.6456924711890988e-09
166.26,11.416299999370123,-4.629216755123184e-09,-1.6454793083683707e-09
166.28,11.418299999370062,-4.6325074988006404e-09,-1.6452661455476427e-09
166.3,11.42029999937,-4.635797816152455e-09,-1.6450529827269147e-09
166.32,11.422299999369939,-4.639087707178631e-09,-1.6448398199061867e-09
166.34,11.424299999369877,-4.642377171879167e-09,-1.6446266570854586e-09
166.36,11.426299999369816,-4.645666210254059e-09,-1.6444134942647306e-09
166.38,11.428299999369754,-4.648954822303308e-09,-1.6442003314440026e-09
166.4,11.430299999369693,-4.652243008026917e-09,-1.6439871686232745e-09
166.42,11.432299999369631,-4.655530767424885e-09,-1.6437740058025465e-09
166.44,11.43429999936957,-4.658818100497213e-09,-1.6435608429818185e-09
166.46,11.436299999369508,-4.662105007243897e-09,-1.6433476801610904e-09
166.48,11.438299999369447,-4.665391487664939e-09,-1.6431345173403624e-09
166.5,11.440299999369385,-4.668677541760341e-09,-1.6429213545196344e-09
166.52,11.442299999369324,-4.6719631695301034e-09,-1.6427081916989064e-09
166.54,11.444299999369262,-4.675248370974222e-09,-1.6424950288781783e-09
166.56,11.4462999993692,-4.678533146092698e-09,-1.6422818660574503e-09
166.58,11.448299999369139,-4.681817494885535e-09,-1.6420687032367223e-09
166.6,11.450299999369077,-4.685101417352731e-09,-1.6418555404159942e-09
166.62,11.452299999369016,-4.688384913494285e-09,-1.6416423775952662e-09
166.64,11.454299999368954,-4.691667983310196e-09,-1.6414292147745382e-09
166.66,11.456299999368893,-4.694950626800466e-09,-1.6412160519538101e-09
166.68,11.458299999368831,-4.698232843965095e-09,-1.6410028891330821e-09
166.7,11.46029999936877,-4.7015146348040855e-09,-1.640789726312354e-09
166.72,11.462299999368708,-4.7047959993174305e-09,-1.640576563491626e-09
166.74,11.464299999368647,-4.708076937505134e-09,-1.640363400670898e-09
166.76,11.466299999368585,-4.7113574493671975e-09,-1.64015023785017e-09
166.78,11.468299999368524,-4.714637534903621e-09,-1.639937075029442e-09
166.8,11.470299999368462,-4.717917194114402e-09,-1.639723912208714e-09
166.82,11.472299999368401,-4.72119642699954e-09,-1.639510749387986e-09
166.84,11.47429999936834,-4.724475233559037e-09,-1.6392975865672579e-09
166.86,11.476299999368278,-4.727753613792893e-09,-1.6390844237465298e-09
166.88,11.478299999368216,-4.73103156770111e-09,-1.6388712609258018e-09
166.9,11.480299999368155,-4.734309095283682e-09,-1.6386580981050738e-09
166.92,11.482299999368093,-4.737586196540612e-09,-1.6384449352843458e-09
166.94,11.484299999368032,-4.740862871471903e-09,-1.6382317724636177e-09
166.96,11.48629999936797,-4.7441391200775535e-09,-1.6380186096428897e-09
166.98,11.488299999367909,-4.747414942357561e-09,-1.6378054468221617e-09
167.0,11.490299999367847,-4.750690338311926e-09,-1.6375922840014336e-09
167.02,11.492299999367786,-4.75396530794065e-09,-1.6373791211807056e-09
167.04,11.494299999367724,-4.7572398512437334e-09,-1.6371659583599776e-09
167.06,11.496299999367663,-4.760513968221177e-09,-1.6369527955392495e-09
167.08,11.498299999367601,-4.763787658872976e-09,-1.6367396327185215e-09
167.1,11.50029999936754,-4.767060923199133e-09,-1.6365264698977935e-09
167.12,11.502299999367478,-4.770333761199651e-09,-1.6363133070770655e-09
167.14,11.504299999367417,-4.773606172874529e-09,-1.6361001442563374e-09
167.16,11.506299999367355,-4.776878158223763e-09,-1.6358869814356094e-09
167.18,11.508299999367294,-4.7801497172473545e-09,-1.6356738186148814e-09
167.2,11.510299999367232,-4.783420849945306e-09,-1.6354606557941533e-09
167.22,11.51229999936717,-4.786691556317617e-09,-1.6352474929734253e-09
167.24,11.51429999936711,-4.789961836364287e-09,-1.6350343301526973e-09
167.26,11.516299999367048,-4.793231690085314e-09,-1.6348211673319692e-09
167.28,11.518299999366986,-4.7965011174806975e-09,-1.6346080045112412e-09
167.3,11.520299999366925,-4.799770118550442e-09,-1.6343948416905132e-09
167.32,11.522299999366863,-4.803038693294547e-09,-1.6341816788697852e-09
167.34,11.524299999366802,-4.806306841713008e-09,-1.6339685160490571e-09
167.36,11.52629999936674,-4.809574563805827e-09,-1.633755353228329e-09
167.38,11.528299999366679,-4.812841859573006e-09,-1.633542190407601e-09
167.4,11.530299999366617,-4.816108729014544e-09,-1.633329027586873e-09
167.42,11.532299999366556,-4.819375172130441e-09,-1.633115864766145e-09
167.44,11.534299999366494,-4.822641188920694e-09,-1.632902701945417e-09
167.46,11.536299999366433,-4.825906779385306e-09,-1.632689539124689e-09
167.48,11.538299999366371,-4.829171943524278e-09,-1.632476376303961e-09
167.5,11.54029999936631,-4.832436681337609e-09,-1.6322632134832329e-09
167.52,11.542299999366248,-4.835700992825297e-09,-1.6320500506625049e-09
167.54,11.544299999366187,-4.8389648779873424e-09,-1.6318368878417768e-09
167.56,11.546299999366125,-4.842228336823749e-09,-1.6316237250210488e-09
167.58,11.548299999366064,-4.845491369334514e-09,-1.6314105622003208e-09
167.6,11.550299999366002,-4.848753975519637e-09,-1.6311973993795927e-09
167.62,11.55229999936594,-4.852016155379118e-09,-1.6309842365588647e-09
167.64,11.55429999936588,-4.855277908912957e-09,-1.6307710737381367e-09
167.66,11.556299999365818,-4.858539236121155e-09,-1.6305579109174086e-09
167.68,11.558299999365756,-4.8618001370037145e-09,-1.6303447480966806e-09
167.7,11.560299999365695,-4.8650606115606294e-09,-1.6301315852759526e-09
167.72,11.562299999365633,-4.868320659791902e-09,-1.6299184224552246e-09
167.74,11.564299999365572,-4.8715802816975345e-09,-1.6297052596344965e-09
167.76,11.56629999936551,-4.874839477277527e-09,-1.6294920968137685e-09
167.78,11.568299999365449,-4.878098246531877e-09,-1.6292789339930405e-09
167.8,11.570299999365387,-4.8813565894605845e-09,-1.6290657711723124e-09
167.82,11.572299999365326,-4.884614506063651e-09,-1.6288526083515844e-09
167.84,11.574299999365264,-4.887871996341077e-09,-1.6286394455308564e-09
167.86,11.576299999365203,-4.891129060292863e-09,-1.6284262827101283e-09
167.88,11.578299999365141,-4.894385697919004e-09,-1.6282131198894003e-09
167.9,11.58029999936508,-4.897641909219503e-09,-1.6279999570686723e-09
167.92,11.582299999365018,-4.900897694194363e-09,-1.6277867942479443e-09
167.94,11.584299999364957,-4.9041530528435835e-09,-1.6275736314272162e-09
167.96,11.586299999364895,-4.90740798516716e-09,-1.6273604686064882e-09
167.98,11.588299999364834,-4.910662491165094e-09,-1.6271473057857602e-09
168.0,11.590299999364772,-4.913916570837388e-09,-1.6269341429650321e-09
168.02,11.59229999936471,-4.9171702241840405e-09,-1.6267209801443041e-09
168.04,11.59429999936465,-4.920423451205053e-09,-1.626507817323576e-09
168.06,11.596299999364588,-4.923676251900422e-09,-1.626294654502848e-09
168.08,11.598299999364526,-4.926928626270148e-09,-1.62608149168212e-09
168.1,11.600299999364465,-4.930180574314235e-09,-1.625868328861392e-09
168.12,11.602299999364403,-4.933432096032682e-09,-1.625655166040664e-09
168.14,11.604299999364342,-4.936683191425485e-09,-1.625442003219936e-09
168.16,11.60629999936428,-4.939933860492647e-09,-1.6252288403992079e-09
168.18,11.608299999364219,-4.943184103234168e-09,-1.6250156775784799e-09
168.2,11.610299999364157,-4.946433919650048e-09,-1.6248025147577518e-09
168.22,11.612299999364096,-4.949683309740287e-09,-1.6245893519370238e-09
168.24,11.614299999364034,-4.952932273504883e-09,-1.6243761891162958e-09
168.26,11.616299999363973,-4.9561808109438365e-09,-1.6241630262955677e-09
168.28,11.618299999363911,-4.959428922057151e-09,-1.6239498634748397e-09
168.3,11.62029999936385,-4.962676606844825e-09,-1.6237367006541117e-09
168.32,11.622299999363788,-4.965923865306855e-09,-1.6235235378333837e-09
168.34,11.624299999363727,-4.969170697443243e-09,-1.6233103750126556e-09
168.36,11.626299999363665,-4.972417103253991e-09,-1.6230972121919276e-09
168.38,11.628299999363604,-4.975663082739098e-09,-1.6228840493711996e-09
168.4,11.630299999363542,-4.978908635898564e-09,-1.6226708865504715e-09
168.42,11.63229999936348,-4.982153762732387e-09,-1.6224577237297435e-09
168.44,11.634299999363419,-4.9853984632405685e-09,-1.6222445609090155e-09
168.46,11.636299999363358,-4.9886427374231095e-09,-1.6220313980882874e-09
168.48,11.638299999363296,-4.99188658528001e-09,-1.6218182352675594e-09
168.5,11.640299999363235,-4.995130006811268e-09,-1.6216050724468314e-09
168.52,11.642299999363173,-4.998373002016882e-09,-1.6213919096261034e-09
168.54,11.644299999363112,-5.001615570896858e-09,-1.6211787468053753e-09
168.56,11.64629999936305,-5.004857713451192e-09,-1.6209655839846473e-09
168.58,11.648299999362989,-5.008099429679884e-09,-1.6207524211639193e-09
168.6,11.650299999362927,-5.011340719582934e-09,-1.6205392583431912e-09
168.62,11.652299999362866,-5.014581583160343e-09,-1.6203260955224632e-09
168.64,11.654299999362804,-5.01782202041211e-09,-1.6201129327017352e-09
168.66,11.656299999362743,-5.021062031338239e-09,-1.6198997698810071e-09
168.68,11.658299999362681,-5.0243016159387226e-09,-1.6196866070602791e-09
168.7,11.66029999936262,-5.027540774213564e-09,-1.619473444239551e-09
168.72,11.662299999362558,-5.030779506162767e-09,-1.619260281418823e-09
168.74,11.664299999362497,-5.034017811786329e-09,-1.619047118598095e-09
168.76,11.666299999362435,-5.037255691084248e-09,-1.618833955777367e-09
168.78,11.668299999362373,-5.0404931440565245e-09,-1.618620792956639e-09
168.8,11.670299999362312,-5.04373017070316e-09,-1.618407630135911e-09
168.82,11.67229999936225,-5.046966771024155e-09,-1.618194467315183e-09
168.84,11.674299999362189,-5.05020294501951e-09,-1.6179813044944549e-09
168.86,11.676299999362127,-5.053438692689221e-09,-1.6177681416737268e-09
168.88,11.678299999362066,-5.05667401403329e-09,-1.6175549788529988e-09
168.9,11.680299999362004,-5.059908909051719e-09,-1.6173418160322708e-09
168.92,11.682299999361943,-5.0631433777445085e-09,-1.6171286532115428e-09
168.94,11.684299999361881,-5.066377420111654e-09,-1.6169154903908147e-09
168.96,11.68629999936182,-5.069611036153158e-09,-1.6167023275700867e-09
168.98,11.688299999361758,-5.072844225869022e-09,-1.6164891647493587e-09
169.0,11.690299999361697,-5.076076989259243e-09,-1.6162760019286306e-09
169.02,11.692299999361635,-5.079309326323825e-09,-1.6160628391079026e-09
169.04,11.694299999361574,-5.082541237062763e-09,-1.6158496762871746e-09
169.06,11.696299999361512,-5.085772721476059e-09,-1.6156365134664465e-09
169.08,11.698299999361451,-5.089003779563715e-09,-1.6154233506457185e-09
169.1,11.70029999936139,-5.092234411325731e-09,-1.6152101878249905e-09
169.12,11.702299999361328,-5.095464616762103e-09,-1.6149970250042625e-09
169.14,11.704299999361266,-5.098694395872834e-09,-1.6147838621835344e-09
169.16,11.706299999361205,-5.101923748657924e-09,-1.6145706993628064e-09
169.18,11.708299999361143,-5.105152675117374e-09,-1.6143575365420784e-09
169.2,11.710299999361082,-5.108381175251182e-09,-1.6141443737213503e-09
169.22,11.71229999936102,-5.111609249059347e-09,-1.6139312109006223e-09
169.24,11.714299999360959,-5.11483689654187e-09,-1.6137180480798943e-09
169.26,11.716299999360897,-5.118064117698753e-09,-1.6135048852591662e-09
169.28,11.718299999360836,-5.121290912529996e-09,-1.6132917224384382e-09
169.3,11.720299999360774,-5.124517281035596e-09,-1.6130785596177102e-09
169.32,11.722299999360713,-5.127743223215553e-09,-1.6128653967969821e-09
169.34,11.724299999360651,-5.130968739069871e-09,-1.6126522339762541e-09
169.36,11.72629999936059,-5.1341938285985475e-09,-1.612439071155526e-09
169.38,11.728299999360528,-5.137418491801582e-09,-1.612225908334798e-09
169.4,11.730299999360467,-5.1406427286789745e-09,-1.61201274551407e-09
169.42,11.732299999360405,-5.1438665392307256e-09,-1.611799582693342e-09
169.44,11.734299999360344,-5.147089923456836e-09,-1.611586419872614e-09
169.46,11.736299999360282,-5.1503128813573056e-09,-1.611373257051886e-09
169.48,11.73829999936022,-5.153535412932132e-09,-1.611160094231158e-09
169.5,11.74029999936016,-5.156757518181316e-09,-1.6109469314104299e-09
169.52,11.742299999360098,-5.159979197104861e-09,-1.6107337685897018e-09
169.54,11.744299999360036,-5.163200449702764e-09,-1.6105206057689738e-09
169.56,11.746299999359975,-5.1664212759750255e-09,-1.6103074429482458e-09
169.58,11.748299999359913,-5.169641675921644e-09,-1.6100942801275178e-09
169.6,11.750299999359852,-5.172861649542622e-09,-1.6098811173067897e-09
169.62,11.75229999935979,-5.1760811968379596e-09,-1.6096679544860617e-09
169.64,11.754299999359729,-5.179300317807657e-09,-1.6094547916653337e-09
169.66,11.756299999359667,-5.182519012451711e-09,-1.6092416288446056e-09
169.68,11.758299999359606,-5.185737280770121e-09,-1.6090284660238776e-09
169.7,11.760299999359544,-5.188955122762893e-09,-1.6088153032031496e-09
169.72,11.762299999359483,-5.1921725384300244e-09,-1.6086021403824215e-09
169.74,11.764299999359421,-5.1953895277715125e-09,-1.6083889775616935e-09
169.76,11.76629999935936,-5.198606090787359e-09,-1.6081758147409655e-09
169.78,11.768299999359298,-5.201822227477565e-09,-1.6079626519202375e-09
169.8,11.770299999359237,-5.205037937842129e-09,-1.6077494890995094e-09
169.82,11.772299999359175,-5.208253221881053e-09,-1.6075363262787814e-09
169.84,11.774299999359114,-5.211468079594333e-09,-1.6073231634580534e-09
169.86,11.776299999359052,-5.214682510981972e-09,-1.6071100006373253e-09
169.88,11.77829999935899,-5.21789651604397e-09,-1.6068968378165973e-09
169.9,11.78029999935893,-5.221110094780329e-09,-1.6066836749958693e-09
169.92,11.782299999358868,-5.224323247191043e-09,-1.6064705121751412e-09
169.94,11.784299999358806,-5.227535973276116e-09,-1.6062573493544132e-09
169.96,11.786299999358745,-5.230748273035549e-09,-1.6060441865336852e-09
169.98,11.788299999358683,-5.23396014646934e-09,-1.6058310237129572e-09
170.0,11.790299999358622,-5.23717159357749e-09,-1.6056178608922291e-09
170.02,11.79229999935856,-5.240382614359997e-09,-1.605404698071501e-09
170.04,11.794299999358499,-5.243593208816863e-09,-1.605191535250773e-09
170.06,11.796299999358437,-5.2468033769480885e-09,-1.604978372430045e-09
170.08,11.798299999358376,-5.250013118753673e-09,-1.604765209609317e-09
170.1,11.800299999358314,-5.2532224342336155e-09,-1.604552046788589e-09
170.12,11.802299999358253,-5.256431323387915e-09,-1.604338883967861e-09
170.14,11.804299999358191,-5.259639786216574e-09,-1.604125721147133e-09
170.16,11.80629999935813,-5.262847822719593e-09,-1.6039125583264049e-09
170.18,11.808299999358068,-5.2660554328969706e-09,-1.6036993955056769e-09
170.2,11.810299999358007,-5.269262616748705e-09,-1.6034862326849488e-09
170.22,11.812299999357945,-5.272469374274799e-09,-1.6032730698642208e-09
170.24,11.814299999357884,-5.275675705475251e-09,-1.6030599070434928e-09
170.26,11.816299999357822,-5.2788816103500635e-09,-1.6028467442227647e-09
170.28,11.81829999935776,-5.282087088899232e-09,-1.6026335814020367e-09
170.3,11.8202999993577,-5.285292141122758e-09,-1.6024204185813087e-09
170.32,11.822299999357638,-5.288496767020646e-09,-1.6022072557605806e-09
170.34,11.824299999357576,-5.291700966592892e-09,-1.6019940929398526e-09
170.36,11.826299999357515,-5.2949047398394955e-09,-1.6017809301191246e-09
170.38,11.828299999357453,-5.298108086760457e-09,-1.6015677672983966e-09
170.4,11.830299999357392,-5.301311007355777e-09,-1.6013546044776685e-09
170.42,11.83229999935733,-5.304513501625456e-09,-1.6011414416569405e-09
170.44,11.834299999357269,-5.307715569569495e-09,-1.6009282788362125e-09
170.46,11.836299999357207,-5.310917211187891e-09,-1.6007151160154844e-09
170.48,11.838299999357146,-5.314118426480644e-09,-1.6005019531947564e-09
170.5,11.840299999357084,-5.317319215447758e-09,-1.6002887903740284e-09
170.52,11.842299999357023,-5.320519578089231e-09,-1.6000756275533003e-09
170.54,11.844299999356961,-5.323719514405062e-09,-1.5998624647325723e-09
170.56,11.8462999993569,-5.3269190243952505e-09,-1.5996493019118443e-09
170.58,11.848299999356838,-5.330118108059798e-09,-1.5994361390911163e-09
170.6,11.850299999356777,-5.333316765398705e-09,-1.5992229762703882e-09
170.62,11.852299999356715,-5.336514996411971e-09,-1.5990098134496602e-09
170.64,11.854299999356654,-5.339712801099594e-09,-1.5987966506289322e-09
170.66,11.856299999356592,-5.342910179461575e-09,-1.5985834878082041e-09
170.68,11.85829999935653,-5.346107131497916e-09,-1.5983703249874761e-09
170.7,11.860299999356469,-5.3493036572086165e-09,-1.598157162166748e-09
170.72,11.862299999356408,-5.352499756593674e-09,-1.59794399934602e-09
170.74,11.864299999356346,-5.355695429653089e-09,-1.597730836525292e-09
170.76,11.866299999356285,-5.358890676386864e-09,-1.597517673704564e-09
170.78,11.868299999356223,-5.362085496794997e-09,-1.597304510883836e-09
170.8,11.870299999356162,-5.36527989087749e-09,-1.597091348063108e-09
170.82,11.8722999993561,-5.36847385863434e-09,-1.5968781852423799e-09
170.84,11.874299999356039,-5.371667400065547e-09,-1.5966650224216519e-09
170.86,11.876299999355977,-5.374860515171115e-09,-1.5964518596009238e-09
170.88,11.878299999355916,-5.378053203951042e-09,-1.5962386967801958e-09
170.9,11.880299999355854,-5.381245466405327e-09,-1.5960255339594678e-09
170.92,11.882299999355793,-5.3844373025339686e-09,-1.5958123711387397e-09
170.94,11.884299999355731,-5.38762871233697e-09,-1.5955992083180117e-09
170.96,11.88629999935567,-5.390819695814331e-09,-1.5953860454972837e-09
170.98,11.888299999355608,-5.394010252966051e-09,-1.5951728826765557e-09
171.0,11.890299999355546,-5.397200383792128e-09,-1.5949597198558276e-09
171.02,11.892299999355485,-5.400390088292563e-09,-1.5947465570350996e-09
171.04,11.894299999355423,-5.403579366467358e-09,-1.5945333942143716e-09
171.06,11.896299999355362,-5.406768218316512e-09,-1.5943202313936435e-09
171.08,11.8982999993553,-5.4099566438400236e-09,-1.5941070685729155e-09
171.1,11.900299999355239,-5.413144643037892e-09,-1.5938939057521875e-09
171.12,11.902299999355177,-5.416332215910122e-09,-1.5936807429314594e-09
171.14,11.904299999355116,-5.41951936245671e-09,-1.5934675801107314e-09
171.16,11.906299999355054,-5.4227060826776565e-09,-1.5932544172900034e-09
171.18,11.908299999354993,-5.42589237657296e-09,-1.5930412544692754e-09
171.2,11.910299999354931,-5.429078244142623e-09,-1.5928280916485473e-09
171.22,11.91229999935487,-5.432263685386644e-09,-1.5926149288278193e-09
171.24,11.914299999354808,-5.435448700305026e-09,-1.5924017660070913e-09
171.26,11.916299999354747,-5.438633288897764e-09,-1.5921886031863632e-09
171.28,11.918299999354685,-5.4418174511648595e-09,-1.5919754403656352e-09
171.3,11.920299999354624,-5.445001187106316e-09,-1.5917622775449072e-09
171.32,11.922299999354562,-5.448184496722131e-09,-1.5915491147241791e-09
171.34,11.924299999354501,-5.451367380012304e-09,-1.5913359519034511e-09
171.36,11.92629999935444,-5.454549836976835e-09,-1.591122789082723e-09
171.38,11.928299999354378,-5.457731867615725e-09,-1.590909626261995e-09
171.4,11.930299999354316,-5.460913471928974e-09,-1.590696463441267e-09
171.42,11.932299999354255,-5.464094649916582e-09,-1.590483300620539e-09
171.44,11.934299999354193,-5.467275401578547e-09,-1.590270137799811e-09
171.46,11.936299999354132,-5.470455726914871e-09,-1.590056974979083e-09
171.48,11.93829999935407,-5.473635625925554e-09,-1.589843812158355e-09
171.5,11.940299999354009,-5.476815098610596e-09,-1.5896306493376269e-09
171.52,11.942299999353947,-5.479994144969996e-09,-1.5894174865168988e-09
171.54,11.944299999353886,-5.483172765003753e-09,-1.5892043236961708e-09
171.56,11.946299999353824,-5.486350958711871e-09,-1.5889911608754428e-09
171.58,11.948299999353763,-5.4895287260943465e-09,-1.5887779980547148e-09
171.6,11.950299999353701,-5.492706067151182e-09,-1.5885648352339867e-09
171.62,11.95229999935364,-5.495882981882374e-09,-1.5883516724132587e-09
171.64,11.954299999353578,-5.499059470287924e-09,-1.5881385095925307e-09
171.66,11.956299999353517,-5.502235532367834e-09,-1.5879253467718026e-09
171.68,11.958299999353455,-5.5054111681221035e-09,-1.5877121839510746e-09
171.7,11.960299999353394,-5.5085863775507305e-09,-1.5874990211303466e-09
171.72,11.962299999353332,-5.511761160653715e-09,-1.5872858583096185e-09
171.74,11.96429999935327,-5.514935517431059e-09,-1.5870726954888905e-09
171.76,11.96629999935321,-5.518109447882761e-09,-1.5868595326681625e-09
171.78,11.968299999353148,-5.521282952008823e-09,-1.5866463698474345e-09
171.8,11.970299999353086,-5.524456029809243e-09,-1.5864332070267064e-09
171.82,11.972299999353025,-5.52762868128402e-09,-1.5862200442059784e-09
171.84,11.974299999352963,-5.5308009064331576e-09,-1.5860068813852504e-09
171.86,11.976299999352902,-5.533972705256654e-09,-1.5857937185645223e-09
171.88,11.97829999935284,-5.5371440777545075e-09,-1.5855805557437943e-09
171.9,11.980299999352779,-5.5403150239267185e-09,-1.5853673929230663e-09
171.92,11.982299999352717,-5.543485543773291e-09,-1.5851542301023382e-09
171.94,11.984299999352656,-5.546655637294221e-09,-1.5849410672816102e-09
171.96,11.986299999352594,-5.549825304489509e-09,-1.5847279044608822e-09
171.98,11.988299999352533,-5.552994545359155e-09,-1.5845147416401542e-09
172.0,11.990299999352471,-5.55616335990316e-09,-1.5843015788194261e-09
172.02,11.99229999935241,-5.559331748121524e-09,-1.584088415998698e-09
172.04,11.994299999352348,-5.562499710014248e-09,-1.58387525317797e-09
172.06,11.996299999352287,-5.565667245581329e-09,-1.583662090357242e-09
172.08,11.998299999352225,-5.568834354822767e-09,-1.583448927536514e-09
172.1,12.000299999352164,-5.572001037738566e-09,-1.583235764715786e-09
172.12,12.002299999352102,-5.575167294328723e-09,-1.583022601895058e-09
172.14,12.00429999935204,-5.578333124593238e-09,-1.58280943907433e-09
172.16,12.00629999935198,-5.581498528532112e-09,-1.5825962762536019e-09
172.18,12.008299999351918,-5.5846635061453435e-09,-1.5823831134328739e-09
172.2,12.010299999351856,-5.587828057432934e-09,-1.5821699506121458e-09
172.22,12.012299999351795,-5.5909921823948845e-09,-1.5819567877914178e-09
172.24,12.014299999351733,-5.594155881031192e-09,-1.5817436249706898e-09
172.26,12.016299999351672,-5.597319153341857e-09,-1.5815304621499617e-09
172.28,12.01829999935161,-5.600481999326883e-09,-1.5813172993292337e-09
172.3,12.020299999351549,-5.6036444189862676e-09,-1.5811041365085057e-09
172.32,12.022299999351487,-5.6068064123200095e-09,-1.5808909736877776e-09
172.34,12.024299999351426,-5.60996797932811e-09,-1.5806778108670496e-09
172.36,12.026299999351364,-5.6131291200105695e-09,-1.5804646480463216e-09
172.38,12.028299999351303,-5.616289834367388e-09,-1.5802514852255936e-09
172.4,12.030299999351241,-5.619450122398565e-09,-1.5800383224048655e-09
172.42,12.03229999935118,-5.622609984104099e-09,-1.5798251595841375e-09
172.44,12.034299999351118,-5.6257694194839915e-09,-1.5796119967634095e-09
172.46,12.036299999351057,-5.628928428538244e-09,-1.5793988339426814e-09
172.48,12.038299999350995,-5.632087011266855e-09,-1.5791856711219534e-09
172.5,12.040299999350934,-5.6352451676698245e-09,-1.5789725083012254e-09
172.52,12.042299999350872,-5.638402897747151e-09,-1.5787593454804973e-09
172.54,12.04429999935081,-5.641560201498838e-09,-1.5785461826597693e-09
172.56,12.04629999935075,-5.6447170789248825e-09,-1.5783330198390413e-09
172.58,12.048299999350688,-5.647873530025287e-09,-1.5781198570183133e-09
172.6,12.050299999350626,-5.651029554800049e-09,-1.5779066941975852e-09
172.62,12.052299999350565,-5.654185153249169e-09,-1.5776935313768572e-09
172.64,12.054299999350503,-5.657340325372648e-09,-1.5774803685561292e-09
172.66,12.056299999350442,-5.6604950711704864e-09,-1.5772672057354011e-09
172.68,12.05829999935038,-5.6636493906426825e-09,-1.577054042914673e-09
172.7,12.060299999350319,-5.666803283789236e-09,-1.576840880093945e-09
172.72,12.062299999350257,-5.66995675061015e-09,-1.576627717273217e-09
172.74,12.064299999350196,-5.673109791105422e-09,-1.576414554452489e-09
172.76,12.066299999350134,-5.676262405275053e-09,-1.576201391631761e-09
172.78,12.068299999350073,-5.6794145931190416e-09,-1.575988228811033e-09
172.8,12.070299999350011,-5.682566354637389e-09,-1.575775065990305e-09
172.82,12.07229999934995,-5.685717689830095e-09,-1.5755619031695769e-09
172.84,12.074299999349888,-5.688868598697161e-09,-1.5753487403488489e-09
172.86,12.076299999349827,-5.692019081238584e-09,-1.5751355775281208e-09
172.88,12.078299999349765,-5.695169137454364e-09,-1.5749224147073928e-09
172.9,12.080299999349704,-5.698318767344506e-09,-1.5747092518866648e-09
172.92,12.082299999349642,-5.7014679709090045e-09,-1.5744960890659367e-09
172.94,12.08429999934958,-5.704616748147862e-09,-1.5742829262452087e-09
172.96,12.086299999349519,-5.707765099061078e-09,-1.5740697634244807e-09
172.98,12.088299999349458,-5.710913023648652e-09,-1.5738566006037526e-09
173.0,12.090299999349396,-5.714060521910585e-09,-1.5736434377830246e-09
173.02,12.092299999349335,-5.717207593846878e-09,-1.5734302749622966e-09
173.04,12.094299999349273,-5.720354239457528e-09,-1.5732171121415686e-09
173.06,12.096299999349212,-5.723500458742536e-09,-1.5730039493208405e-09
173.08,12.09829999934915,-5.726646251701904e-09,-1.5727907865001125e-09
173.1,12.100299999349089,-5.72979161833563e-09,-1.5725776236793845e-09
173.12,12.102299999349027,-5.732936558643714e-09,-1.5723644608586564e-09
173.14,12.104299999348965,-5.736081072626157e-09,-1.5721512980379284e-09
173.16,12.106299999348904,-5.7392251602829584e-09,-1.5719381352172004e-09
173.18,12.108299999348842,-5.742368821614119e-09,-1.5717249723964723e-09
173.2,12.110299999348781,-5.745512056619638e-09,-1.5715118095757443e-09
173.22,12.11229999934872,-5.748654865299515e-09,-1.5712986467550163e-09
173.24,12.114299999348658,-5.75179724765375e-09,-1.5710854839342883e-09
173.26,12.116299999348596,-5.754939203682345e-09,-1.5708723211135602e-09
173.28,12.118299999348535,-5.7580807333852985e-09,-1.5706591582928322e-09
173.3,12.120299999348473,-5.76122183676261e-09,-1.5704459954721042e-09
173.32,12.122299999348412,-5.7643625138142795e-09,-1.5702328326513761e-09
173.34,12.12429999934835,-5.7675027645403084e-09,-1.5700196698306481e-09
173.36,12.126299999348289,-5.7706425889406955e-09,-1.56980650700992e-09
173.38,12.128299999348227,-5.773781987015442e-09,-1.569593344189192e-09
173.4,12.130299999348166,-5.776920958764546e-09,-1.569380181368464e-09
173.42,12.132299999348104,-5.780059504188008e-09,-1.569167018547736e-09
173.44,12.134299999348043,-5.78319762328583e-09,-1.568953855727008e-09
173.46,12.136299999347981,-5.78633531605801e-09,-1.56874069290628e-09
173.48,12.13829999934792,-5.789472582504548e-09,-1.568527530085552e-09
173.5,12.140299999347858,-5.792609422625444e-09,-1.5683143672648239e-09
173.52,12.142299999347797,-5.795745836420701e-09,-1.5681012044440958e-09
173.54,12.144299999347735,-5.798881823890314e-09,-1.5678880416233678e-09
173.56,12.146299999347674,-5.802017385034288e-09,-1.5676748788026398e-09
173.58,12.148299999347612,-5.805152519852619e-09,-1.5674617159819117e-09
173.6,12.150299999347551,-5.808287228345308e-09,-1.5672485531611837e-09
173.62,12.15229999934749,-5.8114215105123566e-09,-1.5670353903404557e-09
173.64,12.154299999347428,-5.814555366353764e-09,-1.5668222275197277e-09
173.66,12.156299999347366,-5.81768879586953e-09,-1.5666090646989996e-09
173.68,12.158299999347305,-5.820821799059653e-09,-1.5663959018782716e-09
173.7,12.160299999347243,-5.823954375924137e-09,-1.5661827390575436e-09
173.72,12.162299999347182,-5.827086526462978e-09,-1.5659695762368155e-09
173.74,12.16429999934712,-5.830218250676178e-09,-1.5657564134160875e-09
173.76,12.166299999347059,-5.833349548563736e-09,-1.5655432505953595e-09
173.78,12.168299999346997,-5.836480420125653e-09,-1.5653300877746314e-09
173.8,12.170299999346936,-5.839610865361928e-09,-1.5651169249539034e-09
173.82,12.172299999346874,-5.842740884272563e-09,-1.5649037621331754e-09
173.84,12.174299999346813,-5.845870476857555e-09,-1.5646905993124474e-09
173.86,12.176299999346751,-5.848999643116905e-09,-1.5644774364917193e-09
173.88,12.17829999934669,-5.8521283830506156e-09,-1.5642642736709913e-09
173.9,12.180299999346628,-5.855256696658683e-09,-1.5640511108502633e-09
173.92,12.182299999346567,-5.85838458394111e-09,-1.5638379480295352e-09
173.94,12.184299999346505,-5.861512044897895e-09,-1.5636247852088072e-09
173.96,12.186299999346444,-5.864639079529039e-09,-1.5634116223880792e-09
173.98,12.188299999346382,-5.867765687834541e-09,-1.5631984595673511e-09
174.0,12.19029999934632,-5.870891869814403e-09,-1.5629852967466231e-09
174.02,12.19229999934626,-5.874017625468622e-09,-1.562772133925895e-09
174.04,12.194299999346198,-5.877142954797199e-09,-1.562558971105167e-09
174.06,12.196299999346136,-5.880267857800136e-09,-1.562345808284439e-09
174.08,12.198299999346075,-5.883392334477432e-09,-1.562132645463711e-09
174.1,12.200299999346013,-5.886516384829086e-09,-1.561919482642983e-09
174.12,12.202299999345952,-5.889640008855098e-09,-1.561706319822255e-09
174.14,12.20429999934589,-5.892763206555469e-09,-1.561493157001527e-09
174.16,12.206299999345829,-5.895885977930199e-09,-1.5612799941807989e-09
174.18,12.208299999345767,-5.899008322979287e-09,-1.5610668313600708e-09
174.2,12.210299999345706,-5.902130241702734e-09,-1.5608536685393428e-09
174.22,12.212299999345644,-5.905251734100539e-09,-1.5606405057186148e-09
174.24,12.214299999345583,-5.9083728001727025e-09,-1.5604273428978868e-09
174.26,12.216299999345521,-5.911493439919225e-09,-1.5602141800771587e-09
174.28,12.21829999934546,-5.914613653340106e-09,-1.5600010172564307e-09
174.3,12.220299999345398,-5.917733440435344e-09,-1.5597878544357027e-09
174.32,12.222299999345337,-5.920852801204943e-09,-1.5595746916149746e-09
174.34,12.224299999345275,-5.923971735648899e-09,-1.5593615287942466e-09
174.36,12.226299999345214,-5.9270902437672145e-09,-1.5591483659735186e-09
174.38,12.228299999345152,-5.930208325559888e-09,-1.5589352031527905e-09
174.4,12.23029999934509,-5.933325981026919e-09,-1.5587220403320625e-09
174.42,12.23229999934503,-5.93644321016831e-09,-1.5585088775113345e-09
174.44,12.234299999344968,-5.93956001298406e-09,-1.5582957146906065e-09
174.46,12.236299999344906,-5.942676389474167e-09,-1.5580825518698784e-09
174.48,12.238299999344845,-5.945792339638632e-09,-1.5578693890491504e-09
174.5,12.240299999344783,-5.948907863477458e-09,-1.5576562262284224e-09
174.52,12.242299999344722,-5.952022960990641e-09,-1.5574430634076943e-09
174.54,12.24429999934466,-5.955137632178184e-09,-1.5572299005869663e-09
174.56,12.246299999344599,-5.958251877040085e-09,-1.5570167377662383e-09
174.58,12.248299999344537,-5.9613656955763435e-09,-1.5568035749455102e-09
174.6,12.250299999344476,-5.964479087786961e-09,-1.5565904121247822e-09
174.62,12.252299999344414,-5.967592053671938e-09,-1.5563772493040542e-09
174.64,12.254299999344353,-5.970704593231273e-09,-1.5561640864833262e-09
174.66,12.256299999344291,-5.9738167064649655e-09,-1.5559509236625981e-09
174.68,12.25829999934423,-5.976928393373018e-09,-1.55573776084187e-09
174.7,12.260299999344168,-5.980039653955429e-09,-1.555524598021142e-09
174.72,12.262299999344107,-5.983150488212198e-09,-1.555311435200414e-09
174.74,12.264299999344045,-5.986260896143325e-09,-1.555098272379686e-09
174.76,12.266299999343984,-5.9893708777488116e-09,-1.554885109558958e-09
174.78,12.268299999343922,-5.992480433028656e-09,-1.55467194673823e-09
174.8,12.27029999934386,-5.9955895619828595e-09,-1.554458783917502e-09
174.82,12.2722999993438,-5.998698264611421e-09,-1.5542456210967739e-09
174.84,12.274299999343738,-6.00180654091434e-09,-1.5540324582760459e-09
174.86,12.276299999343676,-6.00491439089162e-09,-1.5538192954553178e-09
174.88,12.278299999343615,-6.0080218145432565e-09,-1.5536061326345898e-09
174.9,12.280299999343553,-6.011128811869253e-09,-1.5533929698138618e-09
174.92,12.282299999343492,-6.014235382869607e-09,-1.5531798069931337e-09
174.94,12.28429999934343,-6.01734152754432e-09,-1.5529666441724057e-09
174.96,12.286299999343369,-6.020447245893392e-09,-1.5527534813516777e-09
174.98,12.288299999343307,-6.023552537916823e-09,-1.5525403185309496e-09
175.0,12.290299999343246,-6.026657403614612e-09,-1.5523271557102216e-09
175.02,12.292299999343184,-6.029761842986759e-09,-1.5521139928894936e-09
175.04,12.294299999343123,-6.0328658560332655e-09,-1.5519008300687656e-09
175.06,12.296299999343061,-6.035969442754131e-09,-1.5516876672480375e-09
175.08,12.298299999343,-6.039072603149354e-09,-1.5514745044273095e-09
175.1,12.300299999342938,-6.042175337218935e-09,-1.5512613416065815e-09
175.12,12.302299999342877,-6.045277644962876e-09,-1.5510481787858534e-09
175.14,12.304299999342815,-6.0483795263811745e-09,-1.5508350159651254e-09
175.16,12.306299999342754,-6.051480981473832e-09,-1.5506218531443974e-09
175.18,12.308299999342692,-6.054582010240848e-09,-1.5504086903236693e-09
175.2,12.31029999934263,-6.057682612682222e-09,-1.5501955275029413e-09
175.22,12.312299999342569,-6.0607827887979544e-09,-1.5499823646822133e-09
175.24,12.314299999342508,-6.063882538588046e-09,-1.5497692018614853e-09
175.26,12.316299999342446,-6.066981862052496e-09,-1.5495560390407572e-09
175.28,12.318299999342385,-6.0700807591913034e-09,-1.5493428762200292e-09
175.3,12.320299999342323,-6.073179230004471e-09,-1.5491297133993012e-09
175.32,12.322299999342262,-6.076277274491997e-09,-1.5489165505785731e-09
175.34,12.3242999993422,-6.0793748926538815e-09,-1.548703387757845e-09
175.36,12.326299999342138,-6.082472084490125e-09,-1.548490224937117e-09
175.38,12.328299999342077,-6.085568850000725e-09,-1.548277062116389e-09
175.4,12.330299999342015,-6.0886651891856855e-09,-1.548063899295661e-09
175.42,12.332299999341954,-6.091761102045005e-09,-1.547850736474933e-09
175.44,12.334299999341892,-6.094856588578682e-09,-1.547637573654205e-09
175.46,12.336299999341831,-6.097951648786717e-09,-1.547424410833477e-09
175.48,12.33829999934177,-6.101046282669112e-09,-1.5472112480127489e-09
175.5,12.340299999341708,-6.104140490225865e-09,-1.5469980851920209e-09
175.52,12.342299999341646,-6.1072342714569765e-09,-1.5467849223712928e-09
175.54,12.344299999341585,-6.110327626362446e-09,-1.5465717595505648e-09
175.56,12.346299999341523,-6.113420554942275e-09,-1.5463585967298368e-09
175.58,12.348299999341462,-6.116513057196462e-09,-1.5461454339091087e-09
175.6,12.3502999993414,-6.119605133125008e-09,-1.5459322710883807e-09
175.62,12.352299999341339,-6.122696782727912e-09,-1.5457191082676527e-09
175.64,12.354299999341277,-6.125788006005173e-09,-1.5455059454469247e-09
175.66,12.356299999341216,-6.128878802956795e-09,-1.5452927826261966e-09
175.68,12.358299999341154,-6.1319691735827745e-09,-1.5450796198054686e-09
175.7,12.360299999341093,-6.135059117883114e-09,-1.5448664569847406e-09
175.72,12.362299999341031,-6.13814863585781e-09,-1.5446532941640125e-09
175.74,12.36429999934097,-6.1412377275068654e-09,-1.5444401313432845e-09
175.76,12.366299999340908,-6.14432639283028e-09,-1.5442269685225565e-09
175.78,12.368299999340847,-6.147414631828052e-09,-1.5440138057018284e-09
175.8,12.370299999340785,-6.150502444500184e-09,-1.5438006428811004e-09
175.82,12.372299999340724,-6.153589830846673e-09,-1.5435874800603724e-09
175.84,12.374299999340662,-6.156676790867521e-09,-1.5433743172396444e-09
175.86,12.3762999993406,-6.159763324562728e-09,-1.5431611544189163e-09
175.88,12.37829999934054,-6.162849431932294e-09,-1.5429479915981883e-09
175.9,12.380299999340478,-6.165935112976217e-09,-1.5427348287774603e-09
175.92,12.382299999340416,-6.1690203676945005e-09,-1.5425216659567322e-09
175.94,12.384299999340355,-6.1721051960871415e-09,-1.5423085031360042e-09
175.96,12.386299999340293,-6.1751895981541414e-09,-1.5420953403152762e-09
175.98,12.388299999340232,-6.1782735738954995e-09,-1.5418821774945481e-09
176.0,12.39029999934017,-6.181357123311216e-09,-1.5416690146738201e-09
176.02,12.392299999340109,-6.184440246401291e-09,-1.541455851853092e-09
176.04,12.394299999340047,-6.187522943165725e-09,-1.541242689032364e-09
176.06,12.396299999339986,-6.190605213604518e-09,-1.541029526211636e-09
176.08,12.398299999339924,-6.193687057717667e-09,-1.540816363390908e-09
176.1,12.400299999339863,-6.196768475505178e-09,-1.54060320057018e-09
176.12,12.402299999339801,-6.199849466967045e-09,-1.540390037749452e-09
176.14,12.40429999933974,-6.202930032103272e-09,-1.540176874928724e-09
176.16,12.406299999339678,-6.2060101709138574e-09,-1.5399637121079959e-09
176.18,12.408299999339617,-6.2090898833988e-09,-1.5397505492872678e-09
176.2,12.410299999339555,-6.212169169558103e-09,-1.5395373864665398e-09
176.22,12.412299999339494,-6.215248029391764e-09,-1.5393242236458118e-09
176.24,12.414299999339432,-6.218326462899784e-09,-1.5391110608250838e-09
176.26,12.41629999933937,-6.221404470082161e-09,-1.5388978980043557e-09
176.28,12.41829999933931,-6.224482050938898e-09,-1.5386847351836277e-09
176.3,12.420299999339248,-6.227559205469993e-09,-1.5384715723628997e-09
176.32,12.422299999339186,-6.230635933675446e-09,-1.5382584095421716e-09
176.34,12.424299999339125,-6.233712235555258e-09,-1.5380452467214436e-09
176.36,12.426299999339063,-6.2367881111094295e-09,-1.5378320839007156e-09
176.38,12.428299999339002,-6.239863560337959e-09,-1.5376189210799875e-09
176.4,12.43029999933894,-6.242938583240847e-09,-1.5374057582592595e-09
176.42,12.432299999338879,-6.246013179818094e-09,-1.5371925954385315e-09
176.44,12.434299999338817,-6.249087350069697e-09,-1.5369794326178035e-09
176.46,12.436299999338756,-6.252161093995662e-09,-1.5367662697970754e-09
176.48,12.438299999338694,-6.2552344115959835e-09,-1.5365531069763474e-09
176.5,12.440299999338633,-6.258307302870665e-09,-1.5363399441556194e-09
176.52,12.442299999338571,-6.261379767819704e-09,-1.5361267813348913e-09
176.54,12.44429999933851,-6.264451806443102e-09,-1.5359136185141633e-09
176.56,12.446299999338448,-6.267523418740858e-09,-1.5357004556934353e-09
176.58,12.448299999338387,-6.2705946047129726e-09,-1.5354872928727072e-09
176.6,12.450299999338325,-6.2736653643594465e-09,-1.5352741300519792e-09
176.62,12.452299999338264,-6.276735697680278e-09,-1.5350609672312512e-09
176.64,12.454299999338202,-6.279805604675469e-09,-1.5348478044105231e-09
176.66,12.45629999933814,-6.282875085345018e-09,-1.5346346415897951e-09
176.68,12.45829999933808,-6.285944139688926e-09,-1.534421478769067e-09
176.7,12.460299999338018,-6.2890127677071915e-09,-1.534208315948339e-09
176.72,12.462299999337956,-6.292080969399817e-09,-1.533995153127611e-09
176.74,12.464299999337895,-6.2951487447668e-09,-1.533781990306883e-09
176.76,12.466299999337833,-6.298216093808142e-09,-1.533568827486155e-09
176.78,12.468299999337772,-6.301283016523842e-09,-1.533355664665427e-09
176.8,12.47029999933771,-6.304349512913901e-09,-1.533142501844699e-09
176.82,12.472299999337649,-6.307415582978319e-09,-1.5329293390239709e-09
176.84,12.474299999337587,-6.3104812267170945e-09,-1.5327161762032428e-09
176.86,12.476299999337526,-6.313546444130229e-09,-1.5325030133825148e-09
176.88,12.478299999337464,-6.316611235217721e-09,-1.5322898505617868e-09
176.9,12.480299999337403,-6.319675599979574e-09,-1.5320766877410588e-09
176.92,12.482299999337341,-6.322739538415784e-09,-1.5318635249203307e-09
176.94,12.48429999933728,-6.325803050526353e-09,-1.5316503620996027e-09
176.96,12.486299999337218,-6.328866136311281e-09,-1.5314371992788747e-09
176.98,12.488299999337157,-6.3319287957705665e-09,-1.5312240364581466e-09
177.0,12.490299999337095,-6.334991028904211e-09,-1.5310108736374186e-09
177.02,12.492299999337034,-6.338052835712214e-09,-1.5307977108166906e-09
177.04,12.494299999336972,-6.341114216194576e-09,-1.5305845479959625e-09
177.06,12.49629999933691,-6.344175170351296e-09,-1.5303713851752345e-09
177.08,12.498299999336849,-6.347235698182375e-09,-1.5301582223545065e-09
177.1,12.500299999336788,-6.350295799687813e-09,-1.5299450595337785e-09
177.12,12.502299999336726,-6.353355474867608e-09,-1.5297318967130504e-09
177.14,12.504299999336665,-6.356414723721763e-09,-1.5295187338923224e-09
177.16,12.506299999336603,-6.359473546250276e-09,-1.5293055710715944e-09
177.18,12.508299999336542,-6.3625319424531475e-09,-1.5290924082508663e-09
177.2,12.51029999933648,-6.3655899123303774e-09,-1.5288792454301383e-09
177.22,12.512299999336419,-6.368647455881966e-09,-1.5286660826094103e-09
177.24,12.514299999336357,-6.3717045731079125e-09,-1.5284529197886822e-09
177.26,12.516299999336296,-6.374761264008219e-09,-1.5282397569679542e-09
177.28,12.518299999336234,-6.3778175285828834e-09,-1.5280265941472262e-09
177.3,12.520299999336173,-6.3808733668319066e-09,-1.5278134313264982e-09
177.32,12.522299999336111,-6.383928778755288e-09,-1.5276002685057701e-09
177.34,12.52429999933605,-6.386983764353028e-09,-1.527387105685042e-09
177.36,12.526299999335988,-6.3900383236251264e-09,-1.527173942864314e-09
177.38,12.528299999335927,-6.393092456571584e-09,-1.526960780043586e-09
177.4,12.530299999335865,-6.3961461631924e-09,-1.526747617222858e-09
177.42,12.532299999335804,-6.399199443487573e-09,-1.52653445440213e-09
177.44,12.534299999335742,-6.402252297457106e-09,-1.526321291581402e-09
177.46,12.53629999933568,-6.405304725100997e-09,-1.526108128760674e-09
177.48,12.538299999335619,-6.408356726419248e-09,-1.5258949659399459e-09
177.5,12.540299999335558,-6.411408301411856e-09,-1.5256818031192179e-09
177.52,12.542299999335496,-6.414459450078823e-09,-1.5254686402984898e-09
177.54,12.544299999335434,-6.417510172420149e-09,-1.5252554774777618e-09
177.56,12.546299999335373,-6.420560468435833e-09,-1.5250423146570338e-09
177.58,12.548299999335311,-6.423610338125876e-09,-1.5248291518363057e-09
177.6,12.55029999933525,-6.426659781490276e-09,-1.5246159890155777e-09
177.62,12.552299999335188,-6.4297087985290365e-09,-1.5244028261948497e-09
177.64,12.554299999335127,-6.432757389242155e-09,-1.5241896633741216e-09
177.66,12.556299999335065,-6.435805553629632e-09,-1.5239765005533936e-09
177.68,12.558299999335004,-6.438853291691466e-09,-1.5237633377326656e-09
177.7,12.560299999334942,-6.4419006034276616e-09,-1.5235501749119376e-09
177.72,12.562299999334881,-6.444947488838214e-09,-1.5233370120912095e-09
177.74,12.56429999933482,-6.447993947923125e-09,-1.5231238492704815e-09
177.76,12.566299999334758,-6.451039980682395e-09,-1.5229106864497535e-09
177.78,12.568299999334696,-6.454085587116023e-09,-1.5226975236290254e-09
177.8,12.570299999334635,-6.4571307672240095e-09,-1.5224843608082974e-09
177.82,12.572299999334573,-6.460175521006355e-09,-1.5222711979875694e-09
177.84,12.574299999334512,-6.46321984846306e-09,-1.5220580351668413e-09
177.86,12.57629999933445,-6.466263749594122e-09,-1.5218448723461133e-09
177.88,12.578299999334389,-6.469307224399544e-09,-1.5216317095253853e-09
177.9,12.580299999334327,-6.472350272879323e-09,-1.5214185467046573e-09
177.92,12.582299999334266,-6.475392895033461e-09,-1.5212053838839292e-09
177.94,12.584299999334204,-6.478435090861958e-09,-1.5209922210632012e-09
177.96,12.586299999334143,-6.481476860364813e-09,-1.5207790582424732e-09
177.98,12.588299999334081,-6.484518203542027e-09,-1.5205658954217451e-09
178.0,12.59029999933402,-6.4875591203935995e-09,-1.5203527326010171e-09
178.02,12.592299999333958,-6.490599610919531e-09,-1.520139569780289e-09
178.04,12.594299999333897,-6.493639675119819e-09,-1.519926406959561e-09
178.06,12.596299999333835,-6.496679312994468e-09,-1.519713244138833e-09
178.08,12.598299999333774,-6.499718524543474e-09,-1.519500081318105e-09
178.1,12.600299999333712,-6.50275730976684e-09,-1.519286918497377e-09
178.12,12.60229999933365,-6.505795668664564e-09,-1.519073755676649e-09
178.14,12.60429999933359,-6.508833601236646e-09,-1.5188605928559209e-09
178.16,12.606299999333528,-6.511871107483087e-09,-1.5186474300351929e-09
178.18,12.608299999333466,-6.514908187403886e-09,-1.5184342672144648e-09
178.2,12.610299999333405,-6.517944840999045e-09,-1.5182211043937368e-09
178.22,12.612299999333343,-6.52098106826856e-09,-1.5180079415730088e-09
178.24,12.614299999333282,-6.524016869212436e-09,-1.5177947787522807e-09
178.26,12.61629999933322,-6.527052243830669e-09,-1.5175816159315527e-09
178.28,12.618299999333159,-6.530087192123261e-09,-1.5173684531108247e-09
178.3,12.620299999333097,-6.5331217140902115e-09,-1.5171552902900967e-09
178.32,12.622299999333036,-6.536155809731522e-09,-1.5169421274693686e-09
178.34,12.624299999332974,-6.539189479047189e-09,-1.5167289646486406e-09
178.36,12.626299999332913,-6.5422227220372155e-09,-1.5165158018279126e-09
178.38,12.628299999332851,-6.545255538701601e-09,-1.5163026390071845e-09
178.4,12.63029999933279,-6.5482879290403435e-09,-1.5160894761864565e-09
178.42,12.632299999332728,-6.551319893053446e-09,-1.5158763133657285e-09
178.44,12.634299999332667,-6.554351430740907e-09,-1.5156631505450004e-09
178.46,12.636299999332605,-6.557382542102726e-09,-1.5154499877242724e-09
178.48,12.638299999332544,-6.560413227138903e-09,-1.5152368249035444e-09
178.5,12.640299999332482,-6.56344348584944e-09,-1.5150236620828164e-09
178.52,12.64229999933242,-6.566473318234335e-09,-1.5148104992620883e-09
178.54,12.64429999933236,-6.569502724293588e-09,-1.5145973364413603e-09
178.56,12.646299999332298,-6.572531704027201e-09,-1.5143841736206323e-09
178.58,12.648299999332236,-6.575560257435171e-09,-1.5141710107999042e-09
178.6,12.650299999332175,-6.5785883845175e-09,-1.5139578479791762e-09
178.62,12.652299999332113,-6.581616085274187e-09,-1.5137446851584482e-09
178.64,12.654299999332052,-6.584643359705234e-09,-1.5135315223377201e-09
178.66,12.65629999933199,-6.587670207810639e-09,-1.5133183595169921e-09
178.68,12.658299999331929,-6.590696629590403e-09,-1.513105196696264e-09
178.7,12.660299999331867,-6.5937226250445245e-09,-1.512892033875536e-09
178.72,12.662299999331806,-6.596748194173004e-09,-1.512678871054808e-09
178.74,12.664299999331744,-6.599773336975844e-09,-1.51246570823408e-09
178.76,12.666299999331683,-6.602798053453041e-09,-1.512252545413352e-09
178.78,12.668299999331621,-6.605822343604597e-09,-1.512039382592624e-09
178.8,12.67029999933156,-6.608846207430512e-09,-1.511826219771896e-09
178.82,12.672299999331498,-6.6118696449307855e-09,-1.5116130569511679e-09
178.84,12.674299999331437,-6.6148926561054165e-09,-1.5113998941304398e-09
178.86,12.676299999331375,-6.617915240954407e-09,-1.5111867313097118e-09
178.88,12.678299999331314,-6.620937399477756e-09,-1.5109735684889838e-09
178.9,12.680299999331252,-6.623959131675464e-09,-1.5107604056682558e-09
178.92,12.68229999933119,-6.62698043754753e-09,-1.5105472428475277e-09
178.94,12.68429999933113,-6.630001317093955e-09,-1.5103340800267997e-09
178.96,12.686299999331068,-6.633021770314738e-09,-1.5101209172060717e-09
178.98,12.688299999331006,-6.636041797209879e-09,-1.5099077543853436e-09
179.0,12.690299999330945,-6.63906139777938e-09,-1.5096945915646156e-09
179.02,12.692299999330883,-6.642080572023238e-09,-1.5094814287438876e-09
179.04,12.694299999330822,-6.645099319941456e-09,-1.5092682659231595e-09
179.06,12.69629999933076,-6.648117641534032e-09,-1.5090551031024315e-09
179.08,12.698299999330699,-6.6511355368009665e-09,-1.5088419402817035e-09
179.1,12.700299999330637,-6.654153005742259e-09,-1.5086287774609755e-09
179.12,12.702299999330576,-6.657170048357912e-09,-1.5084156146402474e-09
179.14,12.704299999330514,-6.660186664647922e-09,-1.5082024518195194e-09
179.16,12.706299999330453,-6.66320285461229e-09,-1.5079892889987914e-09
179.18,12.708299999330391,-6.666218618251017e-09,-1.5077761261780633e-09
179.2,12.71029999933033,-6.6692339555641025e-09,-1.5075629633573353e-09
179.22,12.712299999330268,-6.6722488665515474e-09,-1.5073498005366073e-09
179.24,12.714299999330207,-6.67526335121335e-09,-1.5071366377158792e-09
179.26,12.716299999330145,-6.678277409549511e-09,-1.5069234748951512e-09
179.28,12.718299999330084,-6.68129104156003e-09,-1.5067103120744232e-09
179.3,12.720299999330022,-6.684304247244909e-09,-1.5064971492536952e-09
179.32,12.72229999932996,-6.687317026604147e-09,-1.5062839864329671e-09
179.34,12.724299999329899,-6.690329379637742e-09,-1.506070823612239e-09
179.36,12.726299999329838,-6.6933413063456974e-09,-1.505857660791511e-09
179.38,12.728299999329776,-6.69635280672801e-09,-1.505644497970783e-09
179.4,12.730299999329715,-6.6993638807846816e-09,-1.505431335150055e-09
179.42,12.732299999329653,-6.702374528515711e-09,-1.505218172329327e-09
179.44,12.734299999329592,-6.705384749921101e-09,-1.505005009508599e-09
179.46,12.73629999932953,-6.7083945450008476e-09,-1.504791846687871e-09
179.48,12.738299999329469,-6.711403913754954e-09,-1.5045786838671429e-09
179.5,12.740299999329407,-6.714412856183418e-09,-1.5043655210464149e-09
179.52,12.742299999329346,-6.71742137228624e-09,-1.5041523582256868e-09
179.54,12.744299999329284,-6.720429462063422e-09,-1.5039391954049588e-09
179.56,12.746299999329223,-6.723437125514962e-09,-1.5037260325842308e-09
179.58,12.748299999329161,-6.72644436264086e-09,-1.5035128697635027e-09
179.6,12.7502999993291,-6.729451173441117e-09,-1.5032997069427747e-09
179.62,12.752299999329038,-6.732457557915733e-09,-1.5030865441220467e-09
179.64,12.754299999328977,-6.735463516064706e-09,-1.5028733813013186e-09
179.66,12.756299999328915,-6.7384690478880395e-09,-1.5026602184805906e-09
179.68,12.758299999328854,-6.74147415338573e-09,-1.5024470556598626e-09
179.7,12.760299999328792,-6.744478832557779e-09,-1.5022338928391346e-09
179.72,12.76229999932873,-6.747483085404187e-09,-1.5020207300184065e-09
179.74,12.764299999328669,-6.750486911924954e-09,-1.5018075671976785e-09
179.76,12.766299999328607,-6.7534903121200796e-09,-1.5015944043769505e-09
179.78,12.768299999328546,-6.756493285989563e-09,-1.5013812415562224e-09
179.8,12.770299999328484,-6.759495833533407e-09,-1.5011680787354944e-09
179.82,12.772299999328423,-6.762497954751607e-09,-1.5009549159147664e-09
179.84,12.774299999328361,-6.765499649644168e-09,-1.5007417530940383e-09
179.86,12.7762999993283,-6.768500918211086e-09,-1.5005285902733103e-09
179.88,12.778299999328238,-6.771501760452363e-09,-1.5003154274525823e-09
179.9,12.780299999328177,-6.774502176367998e-09,-1.5001022646318543e-09
179.92,12.782299999328115,-6.777502165957993e-09,-1.4998891018111262e-09
179.94,12.784299999328054,-6.780501729222345e-09,-1.4996759389903982e-09
179.96,12.786299999327992,-6.7835008661610555e-09,-1.4994627761696702e-09
179.98,12.788299999327931,-6.786499576774126e-09,-1.4992496133489421e-09
180.0,12.79029999932787,-6.789497861061553e-09,-1.499036450528214e-09
180.02,12.792299999327808,-6.792495719023341e-09,-1.498823287707486e-09
180.04,12.794299999327746,-6.795493150659485e-09,-1.498610124886758e-09
180.06,12.796299999327685,-6.798490155969989e-09,-1.49839696206603e-09
180.08,12.798299999327623,-6.801486734954851e-09,-1.498183799245302e-09
180.1,12.800299999327564,-6.8044828862818044e-09,-1.497961754640377e-09
180.12,12.802299999327516,-6.807478520244851e-09,-1.497677537546073e-09
180.14,12.804299999327469,-6.810473585773707e-09,-1.4973933204517689e-09
180.16,12.806299999327422,-6.813468082868375e-09,-1.4971091033574648e-09
180.18,12.808299999327375,-6.8164620115288534e-09,-1.4968248862631608e-09
180.2,12.810299999327327,-6.819455371755142e-09,-1.4965406691688567e-09
180.22,12.81229999932728,-6.822448163547246e-09,-1.4962564520745527e-09
180.24,12.814299999327233,-6.82544038690516e-09,-1.4959722349802487e-09
180.26,12.816299999327185,-6.8284320418288845e-09,-1.4956880178859446e-09
180.28,12.818299999327138,-6.831423128318421e-09,-1.4954038007916406e-09
180.3,12.82029999932709,-6.834413646373768e-09,-1.4951195836973365e-09
180.32,12.822299999327043,-6.837403595994927e-09,-1.4948353666030325e-09
180.34,12.824299999326996,-6.840392977181898e-09,-1.4945511495087285e-09
180.36,12.826299999326949,-6.84338178993468e-09,-1.4942669324144244e-09
180.38,12.828299999326902,-6.846370034253274e-09,-1.4939827153201204e-09
180.4,12.830299999326854,-6.849357710137678e-09,-1.4936984982258163e-09
180.42,12.832299999326807,-6.852344817587893e-09,-1.4934142811315123e-09
180.44,12.83429999932676,-6.85533135660392e-09,-1.4931300640372083e-09
180.46,12.836299999326712,-6.858317327185759e-09,-1.4928458469429042e-09
180.48,12.838299999326665,-6.86130272933341e-09,-1.4925616298486002e-09
180.5,12.840299999326618,-6.864287563046873e-09,-1.4922774127542961e-09
180.52,12.84229999932657,-6.867271828326145e-09,-1.4919931956599921e-09
180.54,12.844299999326523,-6.87025552517123e-09,-1.491708978565688e-09
180.56,12.846299999326476,-6.873238653582125e-09,-1.491424761471384e-09
180.58,12.848299999326429,-6.876221213558832e-09,-1.49114054437708e-09
180.6,12.850299999326381,-6.879203205101352e-09,-1.490856327282776e-09
180.62,12.852299999326334,-6.882184628209682e-09,-1.490572110188472e-09
180.64,12.854299999326287,-6.885165482883823e-09,-1.4902878930941679e-09
180.66,12.85629999932624,-6.888145769123776e-09,-1.4900036759998638e-09
180.68,12.858299999326192,-6.891125486929539e-09,-1.4897194589055598e-09
180.7,12.860299999326145,-6.8941046363011155e-09,-1.4894352418112557e-09
180.72,12.862299999326098,-6.897083217238504e-09,-1.4891510247169517e-09
180.74,12.86429999932605,-6.900061229741703e-09,-1.4888668076226477e-09
180.76,12.866299999326003,-6.903038673810713e-09,-1.4885825905283436e-09
180.78,12.868299999325956,-6.906015549445534e-09,-1.4882983734340396e-09
180.8,12.870299999325908,-6.908991856646165e-09,-1.4880141563397355e-09
180.82,12.872299999325861,-6.91196759541261e-09,-1.4877299392454315e-09
180.84,12.874299999325814,-6.914942765744866e-09,-1.4874457221511275e-09
180.86,12.876299999325767,-6.917917367642933e-09,-1.4871615050568234e-09
180.88,12.87829999932572,-6.920891401106812e-09,-1.4868772879625194e-09
180.9,12.880299999325672,-6.923864866136501e-09,-1.4865930708682153e-09
180.92,12.882299999325625,-6.926837762732002e-09,-1.4863088537739113e-09
180.94,12.884299999325577,-6.929810090893315e-09,-1.4860246366796073e-09
180.96,12.88629999932553,-6.93278185062044e-09,-1.4857404195853032e-09
180.98,12.888299999325483,-6.935753041913376e-09,-1.4854562024909992e-09
181.0,12.890299999325435,-6.938723664772123e-09,-1.4851719853966951e-09
181.02,12.892299999325388,-6.94169371919668e-09,-1.4848877683023911e-09
181.04,12.89429999932534,-6.94466320518705e-09,-1.484603551208087e-09
181.06,12.896299999325294,-6.947632122743231e-09,-1.484319334113783e-09
181.08,12.898299999325246,-6.950600471865224e-09,-1.484035117019479e-09
181.1,12.900299999325199,-6.953568252553029e-09,-1.483750899925175e-09
181.12,12.902299999325152,-6.956535464806644e-09,-1.483466682830871e-09
181.14,12.904299999325104,-6.95950210862607e-09,-1.4831824657365669e-09
181.16,12.906299999325057,-6.962468184011308e-09,-1.4828982486422628e-09
181.18,12.90829999932501,-6.965433690962357e-09,-1.4826140315479588e-09
181.2,12.910299999324963,-6.9683986294792194e-09,-1.4823298144536547e-09
181.22,12.912299999324915,-6.971362999561892e-09,-1.4820455973593507e-09
181.24,12.914299999324868,-6.974326801210375e-09,-1.4817613802650467e-09
181.26,12.91629999932482,-6.9772900344246705e-09,-1.4814771631707426e-09
181.28,12.918299999324773,-6.9802526992047765e-09,-1.4811929460764386e-09
181.3,12.920299999324726,-6.983214795550694e-09,-1.4809087289821345e-09
181.32,12.922299999324679,-6.986176323462424e-09,-1.4806245118878305e-09
181.34,12.924299999324631,-6.989137282939965e-09,-1.4803402947935265e-09
181.36,12.926299999324584,-6.992097673983318e-09,-1.4800560776992224e-09
181.38,12.928299999324537,-6.995057496592481e-09,-1.4797718606049184e-09
181.4,12.93029999932449,-6.9980167507674544e-09,-1.4794876435106143e-09
181.42,12.932299999324442,-7.000975436508241e-09,-1.4792034264163103e-09
181.44,12.934299999324395,-7.00393355381484e-09,-1.4789192093220063e-09
181.46,12.936299999324348,-7.0068911026872496e-09,-1.4786349922277022e-09
181.48,12.9382999993243,-7.009848083125471e-09,-1.4783507751333982e-09
181.5,12.940299999324253,-7.012804495129502e-09,-1.4780665580390941e-09
181.52,12.942299999324206,-7.015760338699346e-09,-1.47778234094479e-09
181.54,12.944299999324159,-7.018715613835e-09,-1.477498123850486e-09
181.56,12.946299999324111,-7.021670320536466e-09,-1.477213906756182e-09
181.58,12.948299999324064,-7.024624458803745e-09,-1.476929689661878e-09
181.6,12.950299999324017,-7.027578028636834e-09,-1.476645472567574e-09
181.62,12.95229999932397,-7.030531030035733e-09,-1.47636125547327e-09
181.64,12.954299999323922,-7.0334834630004456e-09,-1.4760770383789659e-09
181.66,12.956299999323875,-7.036435327530968e-09,-1.4757928212846618e-09
181.68,12.958299999323827,-7.0393866236273035e-09,-1.4755086041903578e-09
181.7,12.96029999932378,-7.042337351289451e-09,-1.4752243870960537e-09
181.72,12.962299999323733,-7.045287510517408e-09,-1.4749401700017497e-09
181.74,12.964299999323686,-7.048237101311177e-09,-1.4746559529074457e-09
181.76,12.966299999323638,-7.051186123670757e-09,-1.4743717358131416e-09
181.78,12.968299999323591,-7.054134577596147e-09,-1.4740875187188376e-09
181.8,12.970299999323544,-7.057082463087351e-09,-1.4738033016245335e-09
181.82,12.972299999323496,-7.060029780144366e-09,-1.4735190845302295e-09
181.84,12.97429999932345,-7.062976528767192e-09,-1.4732348674359255e-09
181.86,12.976299999323402,-7.0659227089558295e-09,-1.4729506503416214e-09
181.88,12.978299999323355,-7.068868320710278e-09,-1.4726664332473174e-09
181.9,12.980299999323307,-7.071813364030538e-09,-1.4723822161530133e-09
181.92,12.98229999932326,-7.07475783891661e-09,-1.4720979990587093e-09
181.94,12.984299999323213,-7.077701745368493e-09,-1.4718137819644053e-09
181.96,12.986299999323165,-7.080645083386188e-09,-1.4715295648701012e-09
181.98,12.988299999323118,-7.0835878529696935e-09,-1.4712453477757972e-09
182.0,12.99029999932307,-7.0865300541190095e-09,-1.4709611306814931e-09
182.02,12.992299999323023,-7.089471686834138e-09,-1.470676913587189e-09
182.04,12.994299999322976,-7.092412751115078e-09,-1.470392696492885e-09
182.06,12.996299999322929,-7.09535324696183e-09,-1.470108479398581e-09
182.08,12.998299999322882,-7.098293174374394e-09,-1.469824262304277e-09
182.1,13.000299999322834,-7.1012325333527675e-09,-1.469540045209973e-09
182.12,13.002299999322787,-7.104171323896954e-09,-1.469255828115669e-09
182.14,13.00429999932274,-7.10710954600695e-09,-1.4689716110213649e-09
182.16,13.006299999322692,-7.110047199682759e-09,-1.4686873939270608e-09
182.18,13.008299999322645,-7.11298428492438e-09,-1.4684031768327568e-09
182.2,13.010299999322598,-7.115920801731811e-09,-1.4681189597384527e-09
182.22,13.01229999932255,-7.118856750105053e-09,-1.4678347426441487e-09
182.24,13.014299999322503,-7.121792130044107e-09,-1.4675505255498447e-09
182.26,13.016299999322456,-7.124726941548972e-09,-1.4672663084555406e-09
182.28,13.018299999322409,-7.127661184619649e-09,-1.4669820913612366e-09
182.3,13.020299999322361,-7.130594859256138e-09,-1.4666978742669325e-09
182.32,13.022299999322314,-7.133527965458438e-09,-1.4664136571726285e-09
182.34,13.024299999322267,-7.136460503226549e-09,-1.4661294400783245e-09
182.36,13.02629999932222,-7.1393924725604716e-09,-1.4658452229840204e-09
182.38,13.028299999322172,-7.142323873460204e-09,-1.4655610058897164e-09
182.4,13.030299999322125,-7.1452547059257504e-09,-1.4652767887954123e-09
182.42,13.032299999322078,-7.148184969957108e-09,-1.4649925717011083e-09
182.44,13.03429999932203,-7.151114665554276e-09,-1.4647083546068043e-09
182.46,13.036299999321983,-7.154043792717256e-09,-1.4644241375125002e-09
182.48,13.038299999321936,-7.156972351446046e-09,-1.4641399204181962e-09
182.5,13.040299999321888,-7.1599003417406485e-09,-1.4638557033238921e-09
182.52,13.042299999321841,-7.162827763601062e-09,-1.463571486229588e-09
182.54,13.044299999321794,-7.165754617027287e-09,-1.463287269135284e-09
182.56,13.046299999321747,-7.1686809020193245e-09,-1.46300305204098e-09
182.58,13.0482999993217,-7.171606618577172e-09,-1.462718834946676e-09
182.6,13.050299999321652,-7.1745317667008305e-09,-1.462434617852372e-09
182.62,13.052299999321605,-7.1774563463903015e-09,-1.462150400758068e-09
182.64,13.054299999321557,-7.180380357645583e-09,-1.4618661836637639e-09
182.66,13.05629999932151,-7.183303800466678e-09,-1.4615819665694598e-09
182.68,13.058299999321463,-7.186226674853584e-09,-1.4612977494751558e-09
182.7,13.060299999321415,-7.1891489808063e-09,-1.4610135323808517e-09
182.72,13.062299999321368,-7.192070718324828e-09,-1.4607293152865477e-09
182.74,13.064299999321321,-7.194991887409166e-09,-1.4604450981922437e-09
182.76,13.066299999321274,-7.197912488059316e-09,-1.4601608810979396e-09
182.78,13.068299999321226,-7.2008325202752786e-09,-1.4598766640036356e-09
182.8,13.070299999321179,-7.203751984057052e-09,-1.4595924469093315e-09
182.82,13.072299999321132,-7.206670879404637e-09,-1.4593082298150275e-09
182.84,13.074299999321084,-7.209589206318033e-09,-1.4590240127207235e-09
182.86,13.076299999321037,-7.21250696479724e-09,-1.4587397956264194e-09
182.88,13.07829999932099,-7.215424154842259e-09,-1.4584555785321154e-09
182.9,13.080299999320943,-7.21834077645309e-09,-1.4581713614378113e-09
182.92,13.082299999320895,-7.2212568296297325e-09,-1.4578871443435073e-09
182.94,13.084299999320848,-7.2241723143721864e-09,-1.4576029272492033e-09
182.96,13.0862999993208,-7.22708723068045e-09,-1.4573187101548992e-09
182.98,13.088299999320753,-7.230001578554525e-09,-1.4570344930605952e-09
183.0,13.090299999320706,-7.232915357994412e-09,-1.4567502759662911e-09
183.02,13.092299999320659,-7.235828569000112e-09,-1.456466058871987e-09
183.04,13.094299999320612,-7.238741211571623e-09,-1.456181841777683e-09
183.06,13.096299999320564,-7.241653285708945e-09,-1.455897624683379e-09
183.08,13.098299999320517,-7.244564791412078e-09,-1.455613407589075e-09
183.1,13.10029999932047,-7.2474757286810225e-09,-1.455329190494771e-09
183.12,13.102299999320422,-7.250386097515778e-09,-1.455044973400467e-09
183.14,13.104299999320375,-7.253295897916346e-09,-1.4547607563061629e-09
183.16,13.106299999320328,-7.256205129882726e-09,-1.4544765392118588e-09
183.18,13.10829999932028,-7.259113793414916e-09,-1.4541923221175548e-09
183.2,13.110299999320233,-7.262021888512917e-09,-1.4539081050232507e-09
183.22,13.112299999320186,-7.264929415176729e-09,-1.4536238879289467e-09
183.24,13.114299999320139,-7.267836373406353e-09,-1.4533396708346427e-09
183.26,13.116299999320091,-7.270742763201789e-09,-1.4530554537403386e-09
183.28,13.118299999320044,-7.273648584563037e-09,-1.4527712366460346e-09
183.3,13.120299999319997,-7.276553837490096e-09,-1.4524870195517305e-09
183.32,13.12229999931995,-7.279458521982966e-09,-1.4522028024574265e-09
183.34,13.124299999319902,-7.282362638041647e-09,-1.4519185853631225e-09
183.36,13.126299999319855,-7.285266185666139e-09,-1.4516343682688184e-09
183.38,13.128299999319808,-7.288169164856444e-09,-1.4513501511745144e-09
183.4,13.13029999931976,-7.29107157561256e-09,-1.4510659340802103e-09
183.42,13.132299999319713,-7.293973417934487e-09,-1.4507817169859063e-09
183.44,13.134299999319666,-7.296874691822226e-09,-1.4504974998916023e-09
183.46,13.136299999319618,-7.2997753972757745e-09,-1.4502132827972982e-09
183.48,13.138299999319571,-7.302675534295136e-09,-1.4499290657029942e-09
183.5,13.140299999319524,-7.305575102880309e-09,-1.4496448486086901e-09
183.52,13.142299999319476,-7.308474103031293e-09,-1.449360631514386e-09
183.54,13.14429999931943,-7.3113725347480896e-09,-1.449076414420082e-09
183.56,13.146299999319382,-7.314270398030696e-09,-1.448792197325778e-09
183.58,13.148299999319335,-7.317167692879113e-09,-1.448507980231474e-09
183.6,13.150299999319287,-7.320064419293343e-09,-1.44822376313717e-09
183.62,13.15229999931924,-7.322960577273384e-09,-1.4479395460428659e-09
183.64,13.154299999319193,-7.325856166819237e-09,-1.4476553289485619e-09
183.66,13.156299999319145,-7.328751187930902e-09,-1.4473711118542578e-09
183.68,13.158299999319098,-7.331645640608377e-09,-1.4470868947599538e-09
183.7,13.16029999931905,-7.334539524851663e-09,-1.4468026776656497e-09
183.72,13.162299999319004,-7.337432840660761e-09,-1.4465184605713457e-09
183.74,13.164299999318956,-7.34032558803567e-09,-1.4462342434770417e-09
183.76,13.166299999318909,-7.343217766976392e-09,-1.4459500263827376e-09
183.78,13.168299999318862,-7.346109377482925e-09,-1.4456658092884336e-09
183.8,13.170299999318814,-7.349000419555268e-09,-1.4453815921941295e-09
183.82,13.172299999318767,-7.351890893193423e-09,-1.4450973750998255e-09
183.84,13.17429999931872,-7.354780798397389e-09,-1.4448131580055215e-09
183.86,13.176299999318672,-7.357670135167167e-09,-1.4445289409112174e-09
183.88,13.178299999318625,-7.360558903502757e-09,-1.4442447238169134e-09
183.9,13.180299999318578,-7.363447103404158e-09,-1.4439605067226093e-09
183.92,13.18229999931853,-7.366334734871371e-09,-1.4436762896283053e-09
183.94,13.184299999318483,-7.369221797904393e-09,-1.4433920725340013e-09
183.96,13.186299999318436,-7.372108292503227e-09,-1.4431078554396972e-09
183.98,13.188299999318389,-7.374994218667874e-09,-1.4428236383453932e-09
184.0,13.190299999318341,-7.377879576398332e-09,-1.4425394212510891e-09
184.02,13.192299999318294,-7.380764365694602e-09,-1.442255204156785e-09
184.04,13.194299999318247,-7.383648586556683e-09,-1.441970987062481e-09
184.06,13.1962999993182,-7.386532238984574e-09,-1.441686769968177e-09
184.08,13.198299999318152,-7.389415322978278e-09,-1.441402552873873e-09
184.1,13.200299999318105,-7.392297838537792e-09,-1.441118335779569e-09
184.12,13.202299999318058,-7.395179785663118e-09,-1.4408341186852649e-09
184.14,13.20429999931801,-7.398061164354257e-09,-1.4405499015909609e-09
184.16,13.206299999317963,-7.400941974611206e-09,-1.4402656844966568e-09
184.18,13.208299999317916,-7.403822216433965e-09,-1.4399814674023528e-09
184.2,13.210299999317868,-7.406701889822537e-09,-1.4396972503080487e-09
184.22,13.212299999317821,-7.40958099477692e-09,-1.4394130332137447e-09
184.24,13.214299999317774,-7.412459531297114e-09,-1.4391288161194407e-09
184.26,13.216299999317727,-7.4153374993831216e-09,-1.4388445990251366e-09
184.28,13.21829999931768,-7.418214899034939e-09,-1.4385603819308326e-09
184.3,13.220299999317632,-7.421091730252568e-09,-1.4382761648365285e-09
184.32,13.222299999317585,-7.4239679930360075e-09,-1.4379919477422245e-09
184.34,13.224299999317537,-7.426843687385258e-09,-1.4377077306479205e-09
184.36,13.22629999931749,-7.429718813300322e-09,-1.4374235135536164e-09
184.38,13.228299999317443,-7.432593370781197e-09,-1.4371392964593124e-09
184.4,13.230299999317396,-7.435467359827883e-09,-1.4368550793650083e-09
184.42,13.232299999317348,-7.43834078044038e-09,-1.4365708622707043e-09
184.44,13.234299999317301,-7.441213632618688e-09,-1.4362866451764003e-09
184.46,13.236299999317254,-7.444085916362808e-09,-1.4360024280820962e-09
184.48,13.238299999317206,-7.44695763167274e-09,-1.4357182109877922e-09
184.5,13.240299999317159,-7.449828778548483e-09,-1.4354339938934881e-09
184.52,13.242299999317112,-7.452699356990037e-09,-1.435149776799184e-09
184.54,13.244299999317064,-7.455569366997403e-09,-1.43486555970488e-09
184.56,13.246299999317017,-7.458438808570581e-09,-1.434581342610576e-09
184.58,13.24829999931697,-7.461307681709568e-09,-1.434297125516272e-09
184.6,13.250299999316923,-7.464175986414369e-09,-1.434012908421968e-09
184.62,13.252299999316875,-7.467043722684977e-09,-1.4337286913276639e-09
184.64,13.254299999316828,-7.4699108905214e-09,-1.4334444742333599e-09
184.66,13.25629999931678,-7.472777489923634e-09,-1.4331602571390558e-09
184.68,13.258299999316733,-7.475643520891681e-09,-1.4328760400447518e-09
184.7,13.260299999316686,-7.478508983425537e-09,-1.4325918229504477e-09
184.72,13.262299999316639,-7.481373877525204e-09,-1.4323076058561437e-09
184.74,13.264299999316592,-7.484238203190685e-09,-1.4320233887618397e-09
184.76,13.266299999316544,-7.487101960421976e-09,-1.4317391716675356e-09
184.78,13.268299999316497,-7.48996514921908e-09,-1.4314549545732316e-09
184.8,13.27029999931645,-7.492827769581992e-09,-1.4311707374789275e-09
184.82,13.272299999316402,-7.49568982151072e-09,-1.4308865203846235e-09
184.84,13.274299999316355,-7.498551305005254e-09,-1.4306023032903195e-09
184.86,13.276299999316308,-7.501412220065603e-09,-1.4303180861960154e-09
184.88,13.27829999931626,-7.504272566691763e-09,-1.4300338691017114e-09
184.9,13.280299999316213,-7.507132344883735e-09,-1.4297496520074073e-09
184.92,13.282299999316166,-7.509991554641516e-09,-1.4294654349131033e-09
184.94,13.284299999316119,-7.51285019596511e-09,-1.4291812178187993e-09
184.96,13.286299999316071,-7.515708268854516e-09,-1.4288970007244952e-09
184.98,13.288299999316024,-7.518565773309732e-09,-1.4286127836301912e-09
185.0,13.290299999315977,-7.52142270933076e-09,-1.4283285665358871e-09
185.02,13.29229999931593,-7.524279076917598e-09,-1.428044349441583e-09
185.04,13.294299999315882,-7.527134876070249e-09,-1.427760132347279e-09
185.06,13.296299999315835,-7.52999010678871e-09,-1.427475915252975e-09
185.08,13.298299999315788,-7.532844769072985e-09,-1.427191698158671e-09
185.1,13.30029999931574,-7.53569886292307e-09,-1.426907481064367e-09
185.12,13.302299999315693,-7.538552388338965e-09,-1.4266232639700629e-09
185.14,13.304299999315646,-7.541405345320673e-09,-1.4263390468757588e-09
185.16,13.306299999315598,-7.544257733868191e-09,-1.4260548297814548e-09
185.18,13.308299999315551,-7.547109553981524e-09,-1.4257706126871508e-09
185.2,13.310299999315504,-7.549960805660665e-09,-1.4254863955928467e-09
185.22,13.312299999315456,-7.55281148890562e-09,-1.4252021784985427e-09
185.24,13.31429999931541,-7.555661603716383e-09,-1.4249179614042386e-09
185.26,13.316299999315362,-7.55851115009296e-09,-1.4246337443099346e-09
185.28,13.318299999315315,-7.561360128035348e-09,-1.4243495272156306e-09
185.3,13.320299999315267,-7.564208537543549e-09,-1.4240653101213265e-09
185.32,13.32229999931522,-7.56705637861756e-09,-1.4237810930270225e-09
185.34,13.324299999315173,-7.56990365125738e-09,-1.4234968759327184e-09
185.36,13.326299999315125,-7.572750355463013e-09,-1.4232126588384144e-09
185.38,13.328299999315078,-7.575596491234458e-09,-1.4229284417441104e-09
185.4,13.33029999931503,-7.578442058571715e-09,-1.4226442246498063e-09
185.42,13.332299999314984,-7.581287057474783e-09,-1.4223600075555023e-09
185.44,13.334299999314936,-7.584131487943663e-09,-1.4220757904611982e-09
185.46,13.336299999314889,-7.586975349978351e-09,-1.4217915733668942e-09
185.48,13.338299999314842,-7.589818643578851e-09,-1.4215073562725902e-09
185.5,13.340299999314794,-7.592661368745164e-09,-1.4212231391782861e-09
185.52,13.342299999314747,-7.59550352547729e-09,-1.420938922083982e-09
185.54,13.3442999993147,-7.598345113775226e-09,-1.420654704989678e-09
185.56,13.346299999314652,-7.601186133638972e-09,-1.420370487895374e-09
185.58,13.348299999314605,-7.604026585068531e-09,-1.42008627080107e-09
185.6,13.350299999314558,-7.606866468063899e-09,-1.419802053706766e-09
185.62,13.35229999931451,-7.609705782625082e-09,-1.4195178366124619e-09
185.64,13.354299999314463,-7.612544528752074e-09,-1.4192336195181578e-09
185.66,13.356299999314416,-7.61538270644488e-09,-1.4189494024238538e-09
185.68,13.358299999314369,-7.618220315703494e-09,-1.4186651853295498e-09
185.7,13.360299999314321,-7.621057356527921e-09,-1.4183809682352457e-09
185.72,13.362299999314274,-7.62389382891816e-09,-1.4180967511409417e-09
185.74,13.364299999314227,-7.626729732874212e-09,-1.4178125340466376e-09
185.76,13.36629999931418,-7.629565068396074e-09,-1.4175283169523336e-09
185.78,13.368299999314132,-7.632399835483746e-09,-1.4172440998580296e-09
185.8,13.370299999314085,-7.635234034137231e-09,-1.4169598827637255e-09
185.82,13.372299999314038,-7.638067664356525e-09,-1.4166756656694215e-09
185.84,13.37429999931399,-7.640900726141632e-09,-1.4163914485751174e-09
185.86,13.376299999313943,-7.64373321949255e-09,-1.4161072314808134e-09
185.88,13.378299999313896,-7.646565144409282e-09,-1.4158230143865094e-09
185.9,13.380299999313849,-7.649396500891822e-09,-1.4155387972922053e-09
185.92,13.382299999313801,-7.652227288940174e-09,-1.4152545801979013e-09
185.94,13.384299999313754,-7.65505750855434e-09,-1.4149703631035972e-09
185.96,13.386299999313707,-7.657887159734314e-09,-1.4146861460092932e-09
185.98,13.38829999931366,-7.6607162424801e-09,-1.4144019289149892e-09
186.0,13.390299999313612,-7.663544756791697e-09,-1.4141177118206851e-09
186.02,13.392299999313565,-7.666372702669107e-09,-1.413833494726381e-09
186.04,13.394299999313517,-7.669200080112326e-09,-1.413549277632077e-09
186.06,13.39629999931347,-7.67202688912136e-09,-1.413265060537773e-09
186.08,13.398299999313423,-7.674853129696205e-09,-1.412980843443469e-09
186.1,13.400299999313376,-7.67767880183686e-09,-1.412696626349165e-09
186.12,13.402299999313328,-7.680503905543326e-09,-1.4124124092548609e-09
186.14,13.404299999313281,-7.683328440815603e-09,-1.4121281921605568e-09
186.16,13.406299999313234,-7.686152407653694e-09,-1.4118439750662528e-09
186.18,13.408299999313186,-7.688975806057595e-09,-1.4115597579719488e-09
186.2,13.410299999313139,-7.691798636027308e-09,-1.4112755408776447e-09
186.22,13.412299999313092,-7.69462089756283e-09,-1.4109913237833407e-09
186.24,13.414299999313045,-7.697442590664166e-09,-1.4107071066890366e-09
186.26,13.416299999312997,-7.700263715331312e-09,-1.4104228895947326e-09
186.28,13.41829999931295,-7.703084271564272e-09,-1.4101386725004286e-09
186.3,13.420299999312903,-7.705904259363042e-09,-1.4098544554061245e-09
186.32,13.422299999312855,-7.70872367872762e-09,-1.4095702383118205e-09
186.34,13.424299999312808,-7.711542529658013e-09,-1.4092860212175164e-09
186.36,13.42629999931276,-7.714360812154216e-09,-1.4090018041232124e-09
186.38,13.428299999312713,-7.717178526216232e-09,-1.4087175870289084e-09
186.4,13.430299999312666,-7.719995671844058e-09,-1.4084333699346043e-09
186.42,13.432299999312619,-7.722812249037697e-09,-1.4081491528403003e-09
186.44,13.434299999312572,-7.725628257797144e-09,-1.4078649357459962e-09
186.46,13.436299999312524,-7.728443698122405e-09,-1.4075807186516922e-09
186.48,13.438299999312477,-7.731258570013477e-09,-1.4072965015573882e-09
186.5,13.44029999931243,-7.73407287347036e-09,-1.4070122844630841e-09
186.52,13.442299999312382,-7.736886608493056e-09,-1.40672806736878e-09
186.54,13.444299999312335,-7.73969977508156e-09,-1.406443850274476e-09
186.56,13.446299999312288,-7.742512373235878e-09,-1.406159633180172e-09
186.58,13.44829999931224,-7.745324402956006e-09,-1.405875416085868e-09
186.6,13.450299999312193,-7.748135864241948e-09,-1.405591198991564e-09
186.62,13.452299999312146,-7.7509467570937e-09,-1.4053069818972599e-09
186.64,13.454299999312099,-7.753757081511266e-09,-1.4050227648029558e-09
186.66,13.456299999312051,-7.756566837494638e-09,-1.4047385477086518e-09
186.68,13.458299999312004,-7.759376025043824e-09,-1.4044543306143478e-09
186.7,13.460299999311957,-7.762184644158822e-09,-1.4041701135200437e-09
186.72,13.46229999931191,-7.764992694839632e-09,-1.4038858964257397e-09
186.74,13.464299999311862,-7.767800177086253e-09,-1.4036016793314356e-09
186.76,13.466299999311815,-7.770607090898683e-09,-1.4033174622371316e-09
186.78,13.468299999311768,-7.773413436276928e-09,-1.4030332451428276e-09
186.8,13.47029999931172,-7.77621921322098e-09,-1.4027490280485235e-09
186.82,13.472299999311673,-7.779024421730846e-09,-1.4024648109542195e-09
186.84,13.474299999311626,-7.781829061806523e-09,-1.4021805938599154e-09
186.86,13.476299999311578,-7.784633133448013e-09,-1.4018963767656114e-09
186.88,13.478299999311531,-7.787436636655312e-09,-1.4016121596713074e-09
186.9,13.480299999311484,-7.790239571428423e-09,-1.4013279425770033e-09
186.92,13.482299999311437,-7.793041937767347e-09,-1.4010437254826993e-09
186.94,13.48429999931139,-7.79584373567208e-09,-1.4007595083883952e-09
186.96,13.486299999311342,-7.798644965142627e-09,-1.4004752912940912e-09
186.98,13.488299999311295,-7.801445626178982e-09,-1.4001910741997872e-09
187.0,13.490299999311247,-7.804245718781151e-09,-1.3999068571054831e-09
187.02,13.4922999993112,-7.80704524294913e-09,-1.399622640011179e-09
187.04,13.494299999311153,-7.809844198682922e-09,-1.399338422916875e-09
187.06,13.496299999311105,-7.812642585982525e-09,-1.399054205822571e-09
187.08,13.498299999311058,-7.81544040484794e-09,-1.398769988728267e-09
187.1,13.50029999931101,-7.818237655279166e-09,-1.398485771633963e-09
187.12,13.502299999310964,-7.821034337276203e-09,-1.3982015545396589e-09
187.14,13.504299999310916,-7.823830450839053e-09,-1.3979173374453548e-09
187.16,13.506299999310869,-7.826625995967712e-09,-1.3976331203510508e-09
187.18,13.508299999310822,-7.829420972662184e-09,-1.3973489032567468e-09
187.2,13.510299999310774,-7.832215380922465e-09,-1.3970646861624427e-09
187.22,13.512299999310727,-7.83500922074856e-09,-1.3967804690681387e-09
187.24,13.51429999931068,-7.837802492140464e-09,-1.3964962519738346e-09
187.26,13.516299999310633,-7.840595195098183e-09,-1.3962120348795306e-09
187.28,13.518299999310585,-7.843387329621712e-09,-1.3959278177852266e-09
187.3,13.520299999310538,-7.846178895711049e-09,-1.3956436006909225e-09
187.32,13.52229999931049,-7.8489698933662e-09,-1.3953593835966185e-09
187.34,13.524299999310443,-7.851760322587162e-09,-1.3950751665023144e-09
187.36,13.526299999310396,-7.854550183373936e-09,-1.3947909494080104e-09
187.38,13.528299999310349,-7.857339475726522e-09,-1.3945067323137064e-09
187.4,13.530299999310301,-7.86012819964492e-09,-1.3942225152194023e-09
187.42,13.532299999310254,-7.862916355129127e-09,-1.3939382981250983e-09
187.44,13.534299999310207,-7.865703942179146e-09,-1.3936540810307942e-09
187.46,13.53629999931016,-7.868490960794977e-09,-1.3933698639364902e-09
187.48,13.538299999310112,-7.87127741097662e-09,-1.3930856468421862e-09
187.5,13.540299999310065,-7.874063292724073e-09,-1.3928014297478821e-09
187.52,13.542299999310018,-7.876848606037336e-09,-1.392517212653578e-09
187.54,13.54429999930997,-7.879633350916413e-09,-1.392232995559274e-09
187.56,13.546299999309923,-7.882417527361301e-09,-1.39194877846497e-09
187.58,13.548299999309876,-7.885201135372002e-09,-1.391664561370666e-09
187.6,13.550299999309829,-7.887984174948513e-09,-1.391380344276362e-09
187.62,13.552299999309781,-7.890766646090837e-09,-1.3910961271820579e-09
187.64,13.554299999309734,-7.893548548798969e-09,-1.3908119100877538e-09
187.66,13.556299999309687,-7.896329883072913e-09,-1.3905276929934498e-09
187.68,13.55829999930964,-7.89911064891267e-09,-1.3902434758991458e-09
187.7,13.560299999309592,-7.901890846318238e-09,-1.3899592588048417e-09
187.72,13.562299999309545,-7.904670475289618e-09,-1.3896750417105377e-09
187.74,13.564299999309497,-7.907449535826807e-09,-1.3893908246162336e-09
187.76,13.56629999930945,-7.91022802792981e-09,-1.3891066075219296e-09
187.78,13.568299999309403,-7.913005951598621e-09,-1.3888223904276256e-09
187.8,13.570299999309356,-7.915783306833248e-09,-1.3885381733333215e-09
187.82,13.572299999309308,-7.918560093633684e-09,-1.3882539562390175e-09
187.84,13.574299999309261,-7.921336311999932e-09,-1.3879697391447134e-09
187.86,13.576299999309214,-7.92411196193199e-09,-1.3876855220504094e-09
187.88,13.578299999309166,-7.92688704342986e-09,-1.3874013049561054e-09
187.9,13.58029999930912,-7.929661556493543e-09,-1.3871170878618013e-09
187.92,13.582299999309072,-7.932435501123036e-09,-1.3868328707674973e-09
187.94,13.584299999309025,-7.935208877318342e-09,-1.3865486536731932e-09
187.96,13.586299999308977,-7.937981685079456e-09,-1.3862644365788892e-09
187.98,13.58829999930893,-7.940753924406383e-09,-1.3859802194845852e-09
188.0,13.590299999308883,-7.94352559529912e-09,-1.3856960023902811e-09
188.02,13.592299999308835,-7.946296697757671e-09,-1.385411785295977e-09
188.04,13.594299999308788,-7.949067231782033e-09,-1.385127568201673e-09
188.06,13.59629999930874,-7.951837197372208e-09,-1.384843351107369e-09
188.08,13.598299999308693,-7.954606594528191e-09,-1.384559134013065e-09
188.1,13.600299999308646,-7.957375423249988e-09,-1.384274916918761e-09
188.12,13.602299999308599,-7.960143683537596e-09,-1.3839906998244569e-09
188.14,13.604299999308552,-7.962911375391014e-09,-1.3837064827301528e-09
188.16,13.606299999308504,-7.965678498810245e-09,-1.3834222656358488e-09
188.18,13.608299999308457,-7.968445053795284e-09,-1.3831380485415448e-09
188.2,13.61029999930841,-7.971211040346138e-09,-1.3828538314472407e-09
188.22,13.612299999308362,-7.973976458462801e-09,-1.3825696143529367e-09
188.24,13.614299999308315,-7.976741308145278e-09,-1.3822853972586326e-09
188.26,13.616299999308268,-7.979505589393566e-09,-1.3820011801643286e-09
188.28,13.61829999930822,-7.982269302207664e-09,-1.3817169630700246e-09
188.3,13.620299999308173,-7.985032446587574e-09,-1.3814327459757205e-09
188.32,13.622299999308126,-7.987795022533294e-09,-1.3811485288814165e-09
188.34,13.624299999308079,-7.990557030044827e-09,-1.3808643117871124e-09
188.36,13.626299999308031,-7.993318469122171e-09,-1.3805800946928084e-09
188.38,13.628299999307984,-7.996079339765328e-09,-1.3802958775985044e-09
188.4,13.630299999307937,-7.998839641974294e-09,-1.3800116605042003e-09
188.42,13.63229999930789,-8.001599375749072e-09,-1.3797274434098963e-09
188.44,13.634299999307842,-8.004358541089661e-09,-1.3794432263155922e-09
188.46,13.636299999307795,-8.007117137996063e-09,-1.3791590092212882e-09
188.48,13.638299999307748,-8.009875166468277e-09,-1.3788747921269842e-09
188.5,13.6402999993077,-8.012632626506299e-09,-1.3785905750326801e-09
188.52,13.642299999307653,-8.015389518110135e-09,-1.378306357938376e-09
188.54,13.644299999307606,-8.018145841279781e-09,-1.378022140844072e-09
188.56,13.646299999307558,-8.02090159601524e-09,-1.377737923749768e-09
188.58,13.648299999307511,-8.02365678231651e-09,-1.377453706655464e-09
188.6,13.650299999307464,-8.026411400183593e-09,-1.37716948956116e-09
188.62,13.652299999307417,-8.029165449616484e-09,-1.3768852724668559e-09
188.64,13.65429999930737,-8.031918930615188e-09,-1.3766010553725518e-09
188.66,13.656299999307322,-8.034671843179703e-09,-1.3763168382782478e-09
188.68,13.658299999307275,-8.037424187310031e-09,-1.3760326211839438e-09
188.7,13.660299999307227,-8.04017596300617e-09,-1.3757484040896397e-09
188.72,13.66229999930718,-8.042927170268117e-09,-1.3754641869953357e-09
188.74,13.664299999307133,-8.04567780909588e-09,-1.3751799699010316e-09
188.76,13.666299999307085,-8.04842787948945e-09,-1.3748957528067276e-09
188.78,13.668299999307038,-8.051177381448836e-09,-1.3746115357124236e-09
188.8,13.670299999306991,-8.05392631497403e-09,-1.3743273186181195e-09
188.82,13.672299999306944,-8.056674680065038e-09,-1.3740431015238155e-09
188.84,13.674299999306896,-8.059422476721854e-09,-1.3737588844295114e-09
188.86,13.676299999306849,-8.062169704944483e-09,-1.3734746673352074e-09
188.88,13.678299999306802,-8.064916364732924e-09,-1.3731904502409034e-09
188.9,13.680299999306754,-8.067662456087176e-09,-1.3729062331465993e-09
188.92,13.682299999306707,-8.070407979007241e-09,-1.3726220160522953e-09
188.94,13.68429999930666,-8.073152933493113e-09,-1.3723377989579912e-09
188.96,13.686299999306613,-8.075897319544802e-09,-1.3720535818636872e-09
188.98,13.688299999306565,-8.078641137162297e-09,-1.3717693647693832e-09
189.0,13.690299999306518,-8.081384386345607e-09,-1.3714851476750791e-09
189.02,13.69229999930647,-8.084127067094728e-09,-1.371200930580775e-09
189.04,13.694299999306423,-8.086869179409661e-09,-1.370916713486471e-09
189.06,13.696299999306376,-8.089610723290403e-09,-1.370632496392167e-09
189.08,13.698299999306329,-8.092351698736958e-09,-1.370348279297863e-09
189.1,13.700299999306282,-8.095092105749326e-09,-1.370064062203559e-09
189.12,13.702299999306234,-8.097831944327502e-09,-1.3697798451092549e-09
189.14,13.704299999306187,-8.100571214471493e-09,-1.3694956280149508e-09
189.16,13.70629999930614,-8.103309916181292e-09,-1.3692114109206468e-09
189.18,13.708299999306092,-8.106048049456904e-09,-1.3689271938263428e-09
189.2,13.710299999306045,-8.108785614298326e-09,-1.3686429767320387e-09
189.22,13.712299999305998,-8.111522610705562e-09,-1.3683587596377347e-09
189.24,13.71429999930595,-8.114259038678609e-09,-1.3680745425434306e-09
189.26,13.716299999305903,-8.116994898217466e-09,-1.3677903254491266e-09
189.28,13.718299999305856,-8.119730189322135e-09,-1.3675061083548226e-09
189.3,13.720299999305809,-8.122464911992614e-09,-1.3672218912605185e-09
189.32,13.722299999305761,-8.125199066228906e-09,-1.3669376741662145e-09
189.34,13.724299999305714,-8.127932652031009e-09,-1.3666534570719104e-09
189.36,13.726299999305667,-8.130665669398924e-09,-1.3663692399776064e-09
189.38,13.72829999930562,-8.133398118332649e-09,-1.3660850228833024e-09
189.4,13.730299999305572,-8.136129998832186e-09,-1.3658008057889983e-09
189.42,13.732299999305525,-8.138861310897534e-09,-1.3655165886946943e-09
189.44,13.734299999305478,-8.141592054528694e-09,-1.3652323716003902e-09
189.46,13.73629999930543,-8.144322229725667e-09,-1.3649481545060862e-09
189.48,13.738299999305383,-8.147051836488447e-09,-1.3646639374117822e-09
189.5,13.740299999305336,-8.149780874817042e-09,-1.3643797203174781e-09
189.52,13.742299999305288,-8.152509344711447e-09,-1.364095503223174e-09
189.54,13.744299999305241,-8.155237246171665e-09,-1.36381128612887e-09
189.56,13.746299999305194,-8.157964579197694e-09,-1.363527069034566e-09
189.58,13.748299999305146,-8.160691343789536e-09,-1.363242851940262e-09
189.6,13.7502999993051,-8.163417539947185e-09,-1.362958634845958e-09
189.62,13.752299999305052,-8.166143167670648e-09,-1.3626744177516539e-09
189.64,13.754299999305005,-8.168868226959922e-09,-1.3623902006573498e-09
189.66,13.756299999304957,-8.171592717815008e-09,-1.3621059835630458e-09
189.68,13.75829999930491,-8.174316640235906e-09,-1.3618217664687418e-09
189.7,13.760299999304863,-8.177039994222612e-09,-1.3615375493744377e-09
189.72,13.762299999304815,-8.179762779775133e-09,-1.3612533322801337e-09
189.74,13.764299999304768,-8.182484996893463e-09,-1.3609691151858296e-09
189.76,13.76629999930472,-8.185206645577607e-09,-1.3606848980915256e-09
189.78,13.768299999304674,-8.18792772582756e-09,-1.3604006809972216e-09
189.8,13.770299999304626,-8.190648237643326e-09,-1.3601164639029175e-09
189.82,13.772299999304579,-8.193368181024901e-09,-1.3598322468086135e-09
189.84,13.774299999304532,-8.196087555972289e-09,-1.3595480297143094e-09
189.86,13.776299999304484,-8.198806362485489e-09,-1.3592638126200054e-09
189.88,13.778299999304437,-8.2015246005645e-09,-1.3589795955257014e-09
189.9,13.78029999930439,-8.204242270209323e-09,-1.3586953784313973e-09
189.92,13.782299999304342,-8.206959371419954e-09,-1.3584111613370933e-09
189.94,13.784299999304295,-8.209675904196401e-09,-1.3581269442427892e-09
189.96,13.786299999304248,-8.212391868538655e-09,-1.3578427271484852e-09
189.98,13.7882999993042,-8.215107264446726e-09,-1.3575585100541812e-09
190.0,13.790299999304153,-8.217822091920605e-09,-1.3572742929598771e-09
190.02,13.792299999304106,-8.220536350960297e-09,-1.356990075865573e-09
190.04,13.794299999304059,-8.223250041565798e-09,-1.356705858771269e-09
190.06,13.796299999304011,-8.225963163737112e-09,-1.356421641676965e-09
190.08,13.798299999303964,-8.228675717474238e-09,-1.356137424582661e-09
190.1,13.800299999303917,-8.231387702777175e-09,-1.355853207488357e-09
190.12,13.80229999930387,-8.234099119645925e-09,-1.3555689903940529e-09
190.14,13.804299999303822,-8.236809968080482e-09,-1.3552847732997488e-09
190.16,13.806299999303775,-8.239520248080853e-09,-1.3550005562054448e-09
190.18,13.808299999303728,-8.242229959647034e-09,-1.3547163391111408e-09
190.2,13.81029999930368,-8.244939102779028e-09,-1.3544321220168367e-09
190.22,13.812299999303633,-8.247647677476834e-09,-1.3541479049225327e-09
190.24,13.814299999303586,-8.25035568374045e-09,-1.3538636878282286e-09
190.26,13.816299999303538,-8.253063121569877e-09,-1.3535794707339246e-09
190.28,13.818299999303491,-8.255769990965116e-09,-1.3532952536396206e-09
190.3,13.820299999303444,-8.258476291926166e-09,-1.3530110365453165e-09
190.32,13.822299999303397,-8.261182024453028e-09,-1.3527268194510125e-09
190.34,13.82429999930335,-8.263887188545702e-09,-1.3524426023567084e-09
190.36,13.826299999303302,-8.266591784204185e-09,-1.3521583852624044e-09
190.38,13.828299999303255,-8.26929581142848e-09,-1.3518741681681004e-09
190.4,13.830299999303207,-8.271999270218587e-09,-1.3515899510737963e-09
190.42,13.83229999930316,-8.274702160574506e-09,-1.3513057339794923e-09
190.44,13.834299999303113,-8.277404482496238e-09,-1.3510215168851882e-09
190.46,13.836299999303066,-8.280106235983779e-09,-1.3507372997908842e-09
190.48,13.838299999303018,-8.282807421037132e-09,-1.3504530826965801e-09
190.5,13.840299999302971,-8.285508037656296e-09,-1.3501688656022761e-09
190.52,13.842299999302924,-8.288208085841273e-09,-1.349884648507972e-09
190.54,13.844299999302876,-8.29090756559206e-09,-1.349600431413668e-09
190.56,13.846299999302829,-8.293606476908661e-09,-1.349316214319364e-09
190.58,13.848299999302782,-8.29630481979107e-09,-1.34903199722506e-09
190.6,13.850299999302734,-8.299002594239292e-09,-1.348747780130756e-09
190.62,13.852299999302687,-8.301699800253325e-09,-1.3484635630364519e-09
190.64,13.85429999930264,-8.30439643783317e-09,-1.3481793459421478e-09
190.66,13.856299999302593,-8.307092506978826e-09,-1.3478951288478438e-09
190.68,13.858299999302545,-8.309788007690291e-09,-1.3476109117535397e-09
190.7,13.860299999302498,-8.312482939967571e-09,-1.3473266946592357e-09
190.72,13.86229999930245,-8.31517730381066e-09,-1.3470424775649317e-09
190.74,13.864299999302403,-8.317871099219562e-09,-1.3467582604706276e-09
190.76,13.866299999302356,-8.320564326194274e-09,-1.3464740433763236e-09
190.78,13.868299999302309,-8.323256984734799e-09,-1.3461898262820195e-09
190.8,13.870299999302262,-8.325949074841133e-09,-1.3459056091877155e-09
190.82,13.872299999302214,-8.328640596513279e-09,-1.3456213920934115e-09
190.84,13.874299999302167,-8.331331549751238e-09,-1.3453371749991074e-09
190.86,13.87629999930212,-8.334021934555008e-09,-1.3450529579048034e-09
190.88,13.878299999302072,-8.33671175092459e-09,-1.3447687408104993e-09
190.9,13.880299999302025,-8.33940099885998e-09,-1.3444845237161953e-09
190.92,13.882299999301978,-8.342089678361185e-09,-1.3442003066218913e-09
190.94,13.88429999930193,-8.3447777894282e-09,-1.3439160895275872e-09
190.96,13.886299999301883,-8.347465332061029e-09,-1.3436318724332832e-09
190.98,13.888299999301836,-8.350152306259667e-09,-1.3433476553389791e-09
191.0,13.890299999301789,-8.352838712024118e-09,-1.3430634382446751e-09
191.02,13.892299999301741,-8.355524549354378e-09,-1.342779221150371e-09
191.04,13.894299999301694,-8.35820981825045e-09,-1.342495004056067e-09
191.06,13.896299999301647,-8.360894518712335e-09,-1.342210786961763e-09
191.08,13.8982999993016,-8.36357865074003e-09,-1.341926569867459e-09
191.1,13.900299999301552,-8.366262214333539e-09,-1.341642352773155e-09
191.12,13.902299999301505,-8.368945209492855e-09,-1.3413581356788509e-09
191.14,13.904299999301458,-8.371627636217985e-09,-1.3410739185845468e-09
191.16,13.90629999930141,-8.374309494508924e-09,-1.3407897014902428e-09
191.18,13.908299999301363,-8.376990784365678e-09,-1.3405054843959387e-09
191.2,13.910299999301316,-8.379671505788242e-09,-1.3402212673016347e-09
191.22,13.912299999301268,-8.382351658776617e-09,-1.3399370502073307e-09
191.24,13.914299999301221,-8.385031243330803e-09,-1.3396528331130266e-09
191.26,13.916299999301174,-8.3877102594508e-09,-1.3393686160187226e-09
191.28,13.918299999301126,-8.390388707136609e-09,-1.3390843989244185e-09
191.3,13.92029999930108,-8.39306658638823e-09,-1.3388001818301145e-09
191.32,13.922299999301032,-8.395743897205664e-09,-1.3385159647358105e-09
191.34,13.924299999300985,-8.398420639588906e-09,-1.3382317476415064e-09
191.36,13.926299999300937,-8.40109681353796e-09,-1.3379475305472024e-09
191.38,13.92829999930089,-8.403772419052826e-09,-1.3376633134528983e-09
191.4,13.930299999300843,-8.406447456133503e-09,-1.3373790963585943e-09
191.42,13.932299999300795,-8.409121924779994e-09,-1.3370948792642903e-09
191.44,13.934299999300748,-8.411795824992295e-09,-1.3368106621699862e-09
191.46,13.9362999993007,-8.414469156770407e-09,-1.3365264450756822e-09
191.48,13.938299999300654,-8.41714192011433e-09,-1.3362422279813781e-09
191.5,13.940299999300606,-8.419814115024066e-09,-1.3359580108870741e-09
191.52,13.942299999300559,-8.422485741499612e-09,-1.33567379379277e-09
191.54,13.944299999300512,-8.42515679954097e-09,-1.335389576698466e-09
191.56,13.946299999300464,-8.427827289148139e-09,-1.335105359604162e-09
191.58,13.948299999300417,-8.43049721032112e-09,-1.334821142509858e-09
191.6,13.95029999930037,-8.43316656305991e-09,-1.334536925415554e-09
191.62,13.952299999300322,-8.435835347364515e-09,-1.3342527083212499e-09
191.64,13.954299999300275,-8.43850356323493e-09,-1.3339684912269458e-09
191.66,13.956299999300228,-8.441171210671154e-09,-1.3336842741326418e-09
191.68,13.95829999930018,-8.443838289673192e-09,-1.3334000570383377e-09
191.7,13.960299999300133,-8.44650480024104e-09,-1.3331158399440337e-09
191.72,13.962299999300086,-8.4491707423747e-09,-1.3328316228497297e-09
191.74,13.964299999300039,-8.451836116074172e-09,-1.3325474057554256e-09
191.76,13.966299999299991,-8.454500921339455e-09,-1.3322631886611216e-09
191.78,13.968299999299944,-8.457165158170547e-09,-1.3319789715668175e-09
191.8,13.970299999299897,-8.459828826567454e-09,-1.3316947544725135e-09
191.82,13.97229999929985,-8.462491926530172e-09,-1.3314105373782095e-09
191.84,13.974299999299802,-8.4651544580587e-09,-1.3311263202839054e-09
191.86,13.976299999299755,-8.467816421153041e-09,-1.3308421031896014e-09
191.88,13.978299999299708,-8.47047781581319e-09,-1.3305578860952973e-09
191.9,13.98029999929966,-8.473138642039154e-09,-1.3302736690009933e-09
191.92,13.982299999299613,-8.475798899830927e-09,-1.3299894519066893e-09
191.94,13.984299999299566,-8.478458589188515e-09,-1.3297052348123852e-09
191.96,13.986299999299519,-8.481117710111912e-09,-1.3294210177180812e-09
191.98,13.988299999299471,-8.483776262601121e-09,-1.3291368006237771e-09
192.0,13.990299999299424,-8.48643424665614e-09,-1.3288525835294731e-09
192.02,13.992299999299377,-8.489091662276971e-09,-1.328568366435169e-09
192.04,13.99429999929933,-8.491748509463615e-09,-1.328284149340865e-09
192.06,13.996299999299282,-8.49440478821607e-09,-1.327999932246561e-09
192.08,13.998299999299235,-8.497060498534336e-09,-1.327715715152257e-09
192.1,14.000299999299187,-8.49971564041841e-09,-1.327431498057953e-09
192.12,14.00229999929914,-8.5023702138683e-09,-1.3271472809636489e-09
192.14,14.004299999299093,-8.505024218883998e-09,-1.3268630638693448e-09
192.16,14.006299999299046,-8.50767765546551e-09,-1.3265788467750408e-09
192.18,14.008299999298998,-8.510330523612833e-09,-1.3262946296807367e-09
192.2,14.010299999298951,-8.512982823325967e-09,-1.3260104125864327e-09
192.22,14.012299999298904,-8.515634554604911e-09,-1.3257261954921287e-09
192.24,14.014299999298856,-8.518285717449667e-09,-1.3254419783978246e-09
192.26,14.016299999298809,-8.520936311860235e-09,-1.3251577613035206e-09
192.28,14.018299999298762,-8.523586337836616e-09,-1.3248735442092165e-09
192.3,14.020299999298715,-8.526235795378809e-09,-1.3245893271149125e-09
192.32,14.022299999298667,-8.52888468448681e-09,-1.3243051100206085e-09
192.34,14.02429999929862,-8.531533005160623e-09,-1.3240208929263044e-09
192.36,14.026299999298573,-8.534180757400247e-09,-1.3237366758320004e-09
192.38,14.028299999298525,-8.536827941205683e-09,-1.3234524587376963e-09
192.4,14.030299999298478,-8.539474556576932e-09,-1.3231682416433923e-09
192.42,14.03229999929843,-8.542120603513992e-09,-1.3228840245490883e-09
192.44,14.034299999298383,-8.544766082016863e-09,-1.3225998074547842e-09
192.46,14.036299999298336,-8.547410992085545e-09,-1.3223155903604802e-09
192.48,14.038299999298289,-8.550055333720039e-09,-1.3220313732661761e-09
192.5,14.040299999298242,-8.552699106920344e-09,-1.321747156171872e-09
192.52,14.042299999298194,-8.555342311686462e-09,-1.321462939077568e-09
192.54,14.044299999298147,-8.557984948018389e-09,-1.321178721983264e-09
192.56,14.0462999992981,-8.560627015916128e-09,-1.32089450488896e-09
192.58,14.048299999298052,-8.563268515379678e-09,-1.320610287794656e-09
192.6,14.050299999298005,-8.56590944640904e-09,-1.320326070700352e-09
192.62,14.052299999297958,-8.568549809004214e-09,-1.3200418536060479e-09
192.64,14.05429999929791,-8.571189603165199e-09,-1.3197576365117438e-09
192.66,14.056299999297863,-8.573828828891996e-09,-1.3194734194174398e-09
192.68,14.058299999297816,-8.576467486184602e-09,-1.3191892023231357e-09
192.7,14.060299999297769,-8.579105575043022e-09,-1.3189049852288317e-09
192.72,14.062299999297721,-8.581743095467252e-09,-1.3186207681345277e-09
192.74,14.064299999297674,-8.584380047457294e-09,-1.3183365510402236e-09
192.76,14.066299999297627,-8.587016431013147e-09,-1.3180523339459196e-09
192.78,14.06829999929758,-8.589652246134812e-09,-1.3177681168516155e-09
192.8,14.070299999297532,-8.592287492822288e-09,-1.3174838997573115e-09
192.82,14.072299999297485,-8.594922171075575e-09,-1.3171996826630075e-09
192.84,14.074299999297438,-8.597556280894675e-09,-1.3169154655687034e-09
192.86,14.07629999929739,-8.600189822279582e-09,-1.3166312484743994e-09
192.88,14.078299999297343,-8.602822795230305e-09,-1.3163470313800953e-09
192.9,14.080299999297296,-8.605455199746838e-09,-1.3160628142857913e-09
192.92,14.082299999297248,-8.608087035829184e-09,-1.3157785971914873e-09
192.94,14.084299999297201,-8.61071830347734e-09,-1.3154943800971832e-09
192.96,14.086299999297154,-8.613349002691308e-09,-1.3152101630028792e-09
192.98,14.088299999297107,-8.615979133471085e-09,-1.3149259459085751e-09
193.0,14.09029999929706,-8.618608695816675e-09,-1.314641728814271e-09
193.02,14.092299999297012,-8.621237689728077e-09,-1.314357511719967e-09
193.04,14.094299999296965,-8.62386611520529e-09,-1.314073294625663e-09
193.06,14.096299999296917,-8.626493972248316e-09,-1.313789077531359e-09
193.08,14.09829999929687,-8.62912126085715e-09,-1.313504860437055e-09
193.1,14.100299999296823,-8.631747981031797e-09,-1.313220643342751e-09
193.12,14.102299999296775,-8.634374132772254e-09,-1.3129364262484469e-09
193.14,14.104299999296728,-8.636999716078526e-09,-1.3126522091541428e-09
193.16,14.10629999929668,-8.639624730950608e-09,-1.3123679920598388e-09
193.18,14.108299999296634,-8.6422491773885e-09,-1.3120837749655347e-09
193.2,14.110299999296586,-8.644873055392204e-09,-1.3117995578712307e-09
193.22,14.112299999296539,-8.647496364961719e-09,-1.3115153407769267e-09
193.24,14.114299999296492,-8.650119106097045e-09,-1.3112311236826226e-09
193.26,14.116299999296444,-8.652741278798185e-09,-1.3109469065883186e-09
193.28,14.118299999296397,-8.655362883065137e-09,-1.3106626894940145e-09
193.3,14.12029999929635,-8.657983918897896e-09,-1.3103784723997105e-09
193.32,14.122299999296303,-8.660604386296468e-09,-1.3100942553054065e-09
193.34,14.124299999296255,-8.66322428526085e-09,-1.3098100382111024e-09
193.36,14.126299999296208,-8.665843615791046e-09,-1.3095258211167984e-09
193.38,14.12829999929616,-8.668462377887054e-09,-1.3092416040224943e-09
193.4,14.130299999296113,-8.671080571548873e-09,-1.3089573869281903e-09
193.42,14.132299999296066,-8.673698196776502e-09,-1.3086731698338863e-09
193.44,14.134299999296019,-8.676315253569943e-09,-1.3083889527395822e-09
193.46,14.136299999295971,-8.678931741929196e-09,-1.3081047356452782e-09
193.48,14.138299999295924,-8.68154766185426e-09,-1.3078205185509741e-09
193.5,14.140299999295877,-8.684163013345137e-09,-1.30753630145667e-09
193.52,14.14229999929583,-8.686777796401823e-09,-1.307252084362366e-09
193.54,14.144299999295782,-8.689392011024321e-09,-1.306967867268062e-09
193.56,14.146299999295735,-8.69200565721263e-09,-1.306683650173758e-09
193.58,14.148299999295688,-8.694618734966751e-09,-1.306399433079454e-09
193.6,14.15029999929564,-8.697231244286684e-09,-1.30611521598515e-09
193.62,14.152299999295593,-8.699843185172428e-09,-1.3058309988908459e-09
193.64,14.154299999295546,-8.702454557623984e-09,-1.3055467817965418e-09
193.66,14.156299999295499,-8.705065361641349e-09,-1.3052625647022378e-09
193.68,14.158299999295451,-8.707675597224528e-09,-1.3049783476079337e-09
193.7,14.160299999295404,-8.710285264373516e-09,-1.3046941305136297e-09
193.72,14.162299999295357,-8.712894363088317e-09,-1.3044099134193257e-09
193.74,14.16429999929531,-8.715502893368929e-09,-1.3041256963250216e-09
193.76,14.166299999295262,-8.718110855215353e-09,-1.3038414792307176e-09
193.78,14.168299999295215,-8.720718248627588e-09,-1.3035572621364135e-09
193.8,14.170299999295167,-8.723325073605634e-09,-1.3032730450421095e-09
193.82,14.17229999929512,-8.725931330149492e-09,-1.3029888279478055e-09
193.84,14.174299999295073,-8.728537018259158e-09,-1.3027046108535014e-09
193.86,14.176299999295026,-8.73114213793464e-09,-1.3024203937591974e-09
193.88,14.178299999294978,-8.73374668917593e-09,-1.3021361766648933e-09
193.9,14.180299999294931,-8.736350671983036e-09,-1.3018519595705893e-09
193.92,14.182299999294884,-8.73895408635595e-09,-1.3015677424762853e-09
193.94,14.184299999294836,-8.741556932294677e-09,-1.3012835253819812e-09
193.96,14.18629999929479,-8.744159209799213e-09,-1.3009993082876772e-09
193.98,14.188299999294742,-8.746760918869563e-09,-1.3007150911933731e-09
194.0,14.190299999294695,-8.749362059505725e-09,-1.300430874099069e-09
194.02,14.192299999294647,-8.751962631707697e-09,-1.300146657004765e-09
194.04,14.1942999992946,-8.754562635475481e-09,-1.299862439910461e-09
194.06,14.196299999294553,-8.757162070809073e-09,-1.299578222816157e-09
194.08,14.198299999294505,-8.75976093770848e-09,-1.299294005721853e-09
194.1,14.200299999294458,-8.762359236173696e-09,-1.2990097886275489e-09
194.12,14.20229999929441,-8.764956966204728e-09,-1.2987255715332449e-09
194.14,14.204299999294363,-8.767554127801568e-09,-1.2984413544389408e-09
194.16,14.206299999294316,-8.77015072096422e-09,-1.2981571373446368e-09
194.18,14.208299999294269,-8.772746745692682e-09,-1.2978729202503327e-09
194.2,14.210299999294222,-8.775342201986955e-09,-1.2975887031560287e-09
194.22,14.212299999294174,-8.77793708984704e-09,-1.2973044860617247e-09
194.24,14.214299999294127,-8.780531409272938e-09,-1.2970202689674206e-09
194.26,14.21629999929408,-8.783125160264649e-09,-1.2967360518731166e-09
194.28,14.218299999294032,-8.785718342822167e-09,-1.2964518347788125e-09
194.3,14.220299999293985,-8.788310956945498e-09,-1.2961676176845085e-09
194.32,14.222299999293938,-8.79090300263464e-09,-1.2958834005902045e-09
194.34,14.22429999929389,-8.793494479889593e-09,-1.2955991834959004e-09
194.36,14.226299999293843,-8.79608538871036e-09,-1.2953149664015964e-09
194.38,14.228299999293796,-8.798675729096937e-09,-1.2950307493072923e-09
194.4,14.230299999293749,-8.801265501049326e-09,-1.2947465322129883e-09
194.42,14.232299999293701,-8.803854704567525e-09,-1.2944623151186843e-09
194.44,14.234299999293654,-8.806443339651537e-09,-1.2941780980243802e-09
194.46,14.236299999293607,-8.80903140630136e-09,-1.2938938809300762e-09
194.48,14.23829999929356,-8.811618904516997e-09,-1.2936096638357721e-09
194.5,14.240299999293512,-8.814205834298442e-09,-1.293325446741468e-09
194.52,14.242299999293465,-8.816792195645698e-09,-1.293041229647164e-09
194.54,14.244299999293418,-8.819377988558766e-09,-1.29275701255286e-09
194.56,14.24629999929337,-8.821963213037646e-09,-1.292472795458556e-09
194.58,14.248299999293323,-8.824547869082337e-09,-1.292188578364252e-09
194.6,14.250299999293276,-8.827131956692841e-09,-1.2919043612699479e-09
194.62,14.252299999293228,-8.829715475869155e-09,-1.2916201441756439e-09
194.64,14.254299999293181,-8.832298426611279e-09,-1.2913359270813398e-09
194.66,14.256299999293134,-8.834880808919217e-09,-1.2910517099870358e-09
194.68,14.258299999293087,-8.837462622792964e-09,-1.2907674928927317e-09
194.7,14.26029999929304,-8.840043868232523e-09,-1.2904832757984277e-09
194.72,14.262299999292992,-8.842624545237894e-09,-1.2901990587041237e-09
194.74,14.264299999292945,-8.845204653809076e-09,-1.2899148416098196e-09
194.76,14.266299999292897,-8.84778419394607e-09,-1.2896306245155156e-09
194.78,14.26829999929285,-8.850363165648875e-09,-1.2893464074212115e-09
194.8,14.270299999292803,-8.852941568917492e-09,-1.2890621903269075e-09
194.82,14.272299999292756,-8.855519403751918e-09,-1.2887779732326035e-09
194.84,14.274299999292708,-8.858096670152159e-09,-1.2884937561382994e-09
194.86,14.276299999292661,-8.860673368118208e-09,-1.2882095390439954e-09
194.88,14.278299999292614,-8.863249497650072e-09,-1.2879253219496913e-09
194.9,14.280299999292566,-8.865825058747745e-09,-1.2876411048553873e-09
194.92,14.282299999292519,-8.868400051411231e-09,-1.2873568877610833e-09
194.94,14.284299999292472,-8.870974475640528e-09,-1.2870726706667792e-09
194.96,14.286299999292424,-8.873548331435637e-09,-1.2867884535724752e-09
194.98,14.288299999292377,-8.876121618796556e-09,-1.2865042364781711e-09
195.0,14.29029999929233,-8.878694337723287e-09,-1.286220019383867e-09
195.02,14.292299999292283,-8.88126648821583e-09,-1.285935802289563e-09
195.04,14.294299999292235,-8.883838070274181e-09,-1.285651585195259e-09
195.06,14.296299999292188,-8.886409083898346e-09,-1.285367368100955e-09
195.08,14.29829999929214,-8.888979529088322e-09,-1.285083151006651e-09
195.1,14.300299999292093,-8.891549405844112e-09,-1.2847989339123469e-09
195.12,14.302299999292046,-8.894118714165711e-09,-1.2845147168180429e-09
195.14,14.304299999291999,-8.896687454053121e-09,-1.2842304997237388e-09
195.16,14.306299999291952,-8.899255625506342e-09,-1.2839462826294348e-09
195.18,14.308299999291904,-8.901823228525374e-09,-1.2836620655351307e-09
195.2,14.310299999291857,-8.904390263110218e-09,-1.2833778484408267e-09
195.22,14.31229999929181,-8.906956729260875e-09,-1.2830936313465227e-09
195.24,14.314299999291762,-8.909522626977344e-09,-1.2828094142522186e-09
195.26,14.316299999291715,-8.912087956259621e-09,-1.2825251971579146e-09
195.28,14.318299999291668,-8.91465271710771e-09,-1.2822409800636105e-09
195.3,14.32029999929162,-8.917216909521611e-09,-1.2819567629693065e-09
195.32,14.322299999291573,-8.919780533501325e-09,-1.2816725458750025e-09
195.34,14.324299999291526,-8.92234358904685e-09,-1.2813883287806984e-09
195.36,14.326299999291479,-8.924906076158187e-09,-1.2811041116863944e-09
195.38,14.328299999291431,-8.927467994835334e-09,-1.2808198945920903e-09
195.4,14.330299999291384,-8.930029345078292e-09,-1.2805356774977863e-09
195.42,14.332299999291337,-8.932590126887062e-09,-1.2802514604034823e-09
195.44,14.33429999929129,-8.935150340261645e-09,-1.2799672433091782e-09
195.46,14.336299999291242,-8.93770998520204e-09,-1.2796830262148742e-09
195.48,14.338299999291195,-8.940269061708243e-09,-1.2793988091205701e-09
195.5,14.340299999291148,-8.942827569780259e-09,-1.279114592026266e-09
195.52,14.3422999992911,-8.945385509418085e-09,-1.278830374931962e-09
195.54,14.344299999291053,-8.947942880621724e-09,-1.278546157837658e-09
195.56,14.346299999291006,-8.950499683391174e-09,-1.278261940743354e-09
195.58,14.348299999290958,-8.953055917726436e-09,-1.27797772364905e-09
195.6,14.350299999290911,-8.95561158362751e-09,-1.2776935065547459e-09
195.62,14.352299999290864,-8.958166681094392e-09,-1.2774092894604419e-09
195.64,14.354299999290816,-8.960721210127088e-09,-1.2771250723661378e-09
195.66,14.35629999929077,-8.963275170725594e-09,-1.2768408552718338e-09
195.68,14.358299999290722,-8.965828562889912e-09,-1.2765566381775297e-09
195.7,14.360299999290675,-8.968381386620041e-09,-1.2762724210832257e-09
195.72,14.362299999290627,-8.970933641915983e-09,-1.2759882039889217e-09
195.74,14.36429999929058,-8.973485328777735e-09,-1.2757039868946176e-09
195.76,14.366299999290533,-8.976036447205299e-09,-1.2754197698003136e-09
195.78,14.368299999290485,-8.978586997198675e-09,-1.2751355527060095e-09
195.8,14.370299999290438,-8.981136978757861e-09,-1.2748513356117055e-09
195.82,14.37229999929039,-8.98368639188286e-09,-1.2745671185174015e-09
195.84,14.374299999290344,-8.986235236573669e-09,-1.2742829014230974e-09
195.86,14.376299999290296,-8.988783512830292e-09,-1.2739986843287934e-09
195.88,14.378299999290249,-8.991331220652724e-09,-1.2737144672344893e-09
195.9,14.380299999290202,-8.993878360040968e-09,-1.2734302501401853e-09
195.92,14.382299999290154,-8.996424930995023e-09,-1.2731460330458812e-09
195.94,14.384299999290107,-8.99897093351489e-09,-1.2728618159515772e-09
195.96,14.38629999929006,-9.00151636760057e-09,-1.2725775988572732e-09
195.98,14.388299999290012,-9.004061233252059e-09,-1.2722933817629691e-09
196.0,14.390299999289965,-9.00660553046936e-09,-1.272009164668665e-09
196.02,14.392299999289918,-9.00914925925247e-09,-1.271724947574361e-09
196.04,14.39429999928987,-9.011692419601394e-09,-1.271440730480057e-09
196.06,14.396299999289823,-9.014235011516129e-09,-1.271156513385753e-09
196.08,14.398299999289776,-9.016777034996677e-09,-1.270872296291449e-09
196.1,14.400299999289729,-9.019318490043035e-09,-1.2705880791971449e-09
196.12,14.402299999289681,-9.021859376655204e-09,-1.2703038621028408e-09
196.14,14.404299999289634,-9.024399694833184e-09,-1.2700196450085368e-09
196.16,14.406299999289587,-9.026939444576976e-09,-1.2697354279142328e-09
196.18,14.40829999928954,-9.029478625886579e-09,-1.2694512108199287e-09
196.2,14.410299999289492,-9.032017238761994e-09,-1.2691669937256247e-09
196.22,14.412299999289445,-9.034555283203223e-09,-1.2688827766313206e-09
196.24,14.414299999289398,-9.037092759210258e-09,-1.2685985595370166e-09
196.26,14.41629999928935,-9.039629666783106e-09,-1.2683143424427126e-09
196.28,14.418299999289303,-9.042166005921767e-09,-1.2680301253484085e-09
196.3,14.420299999289256,-9.04470177662624e-09,-1.2677459082541045e-09
196.32,14.422299999289208,-9.047236978896524e-09,-1.2674616911598004e-09
196.34,14.424299999289161,-9.049771612732619e-09,-1.2671774740654964e-09
196.36,14.426299999289114,-9.052305678134525e-09,-1.2668932569711924e-09
196.38,14.428299999289067,-9.054839175102241e-09,-1.2666090398768883e-09
196.4,14.43029999928902,-9.05737210363577e-09,-1.2663248227825843e-09
196.42,14.432299999288972,-9.059904463735112e-09,-1.2660406056882802e-09
196.44,14.434299999288925,-9.062436255400266e-09,-1.2657563885939762e-09
196.46,14.436299999288877,-9.064967478631228e-09,-1.2654721714996722e-09
196.48,14.43829999928883,-9.067498133428002e-09,-1.2651879544053681e-09
196.5,14.440299999288783,-9.070028219790588e-09,-1.264903737311064e-09
196.52,14.442299999288736,-9.072557737718985e-09,-1.26461952021676e-09
196.54,14.444299999288688,-9.075086687213194e-09,-1.264335303122456e-09
196.56,14.446299999288641,-9.077615068273215e-09,-1.264051086028152e-09
196.58,14.448299999288594,-9.080142880899047e-09,-1.263766868933848e-09
196.6,14.450299999288546,-9.082670125090688e-09,-1.2634826518395439e-09
196.62,14.452299999288499,-9.085196800848143e-09,-1.2631984347452398e-09
196.64,14.454299999288452,-9.087722908171407e-09,-1.2629142176509358e-09
196.66,14.456299999288404,-9.090248447060486e-09,-1.2626300005566318e-09
196.68,14.458299999288357,-9.092773417515374e-09,-1.2623457834623277e-09
196.7,14.46029999928831,-9.095297819536074e-09,-1.2620615663680237e-09
196.72,14.462299999288263,-9.097821653122585e-09,-1.2617773492737196e-09
196.74,14.464299999288215,-9.100344918274907e-09,-1.2614931321794156e-09
196.76,14.466299999288168,-9.102867614993042e-09,-1.2612089150851116e-09
196.78,14.46829999928812,-9.105389743276987e-09,-1.2609246979908075e-09
196.8,14.470299999288073,-9.107911303126745e-09,-1.2606404808965035e-09
196.82,14.472299999288026,-9.110432294542313e-09,-1.2603562638021994e-09
196.84,14.474299999287979,-9.112952717523694e-09,-1.2600720467078954e-09
196.86,14.476299999287932,-9.115472572070885e-09,-1.2597878296135914e-09
196.88,14.478299999287884,-9.117991858183888e-09,-1.2595036125192873e-09
196.9,14.480299999287837,-9.120510575862702e-09,-1.2592193954249833e-09
196.92,14.48229999928779,-9.123028725107328e-09,-1.2589351783306792e-09
196.94,14.484299999287742,-9.125546305917765e-09,-1.2586509612363752e-09
196.96,14.486299999287695,-9.128063318294014e-09,-1.2583667441420712e-09
196.98,14.488299999287648,-9.130579762236074e-09,-1.2580825270477671e-09
197.0,14.4902999992876,-9.133095637743944e-09,-1.257798309953463e-09
197.02,14.492299999287553,-9.135610944817627e-09,-1.257514092859159e-09
197.04,14.494299999287506,-9.13812568345712e-09,-1.257229875764855e-09
197.06,14.496299999287459,-9.140639853662427e-09,-1.256945658670551e-09
197.08,14.498299999287411,-9.143153455433544e-09,-1.256661441576247e-09
197.1,14.500299999287364,-9.145666488770471e-09,-1.2563772244819429e-09
197.12,14.502299999287317,-9.148178953673212e-09,-1.2560930073876388e-09
197.14,14.50429999928727,-9.150690850141762e-09,-1.2558087902933348e-09
197.16,14.506299999287222,-9.153202178176124e-09,-1.2555245731990308e-09
197.18,14.508299999287175,-9.155712937776299e-09,-1.2552403561047267e-09
197.2,14.510299999287128,-9.158223128942285e-09,-1.2549561390104227e-09
197.22,14.51229999928708,-9.16073275167408e-09,-1.2546719219161186e-09
197.24,14.514299999287033,-9.163241805971687e-09,-1.2543877048218146e-09
197.26,14.516299999286986,-9.165750291835106e-09,-1.2541034877275106e-09
197.28,14.518299999286938,-9.16825820926434e-09,-1.2538192706332065e-09
197.3,14.520299999286891,-9.170765558259382e-09,-1.2535350535389025e-09
197.32,14.522299999286844,-9.173272338820236e-09,-1.2532508364445984e-09
197.34,14.524299999286796,-9.1757785509469e-09,-1.2529666193502944e-09
197.36,14.52629999928675,-9.178284194639376e-09,-1.2526824022559904e-09
197.38,14.528299999286702,-9.180789269897664e-09,-1.2523981851616863e-09
197.4,14.530299999286655,-9.183293776721764e-09,-1.2521139680673823e-09
197.42,14.532299999286607,-9.185797715111677e-09,-1.2518297509730782e-09
197.44,14.53429999928656,-9.188301085067397e-09,-1.2515455338787742e-09
197.46,14.536299999286513,-9.19080388658893e-09,-1.2512613167844702e-09
197.48,14.538299999286465,-9.193306119676274e-09,-1.2509770996901661e-09
197.5,14.540299999286418,-9.195807784329432e-09,-1.250692882595862e-09
197.52,14.54229999928637,-9.1983088805484e-09,-1.250408665501558e-09
197.54,14.544299999286324,-9.20080940833318e-09,-1.250124448407254e-09
197.56,14.546299999286276,-9.20330936768377e-09,-1.24984023131295e-09
197.58,14.548299999286229,-9.20580875860017e-09,-1.249556014218646e-09
197.6,14.550299999286182,-9.208307581082384e-09,-1.2492717971243419e-09
197.62,14.552299999286134,-9.210805835130408e-09,-1.2489875800300378e-09
197.64,14.554299999286087,-9.213303520744246e-09,-1.2487033629357338e-09
197.66,14.55629999928604,-9.215800637923892e-09,-1.2484191458414298e-09
197.68,14.558299999285992,-9.218297186669351e-09,-1.2481349287471257e-09
197.7,14.560299999285945,-9.220793166980621e-09,-1.2478507116528217e-09
197.72,14.562299999285898,-9.223288578857702e-09,-1.2475664945585176e-09
197.74,14.56429999928585,-9.225783422300596e-09,-1.2472822774642136e-09
197.76,14.566299999285803,-9.228277697309301e-09,-1.2469980603699096e-09
197.78,14.568299999285756,-9.230771403883818e-09,-1.2467138432756055e-09
197.8,14.570299999285709,-9.233264542024144e-09,-1.2464296261813015e-09
197.82,14.572299999285661,-9.235757111730284e-09,-1.2461454090869974e-09
197.84,14.574299999285614,-9.238249113002233e-09,-1.2458611919926934e-09
197.86,14.576299999285567,-9.240740545839995e-09,-1.2455769748983894e-09
197.88,14.57829999928552,-9.243231410243568e-09,-1.2452927578040853e-09
197.9,14.580299999285472,-9.245721706212953e-09,-1.2450085407097813e-09
197.92,14.582299999285425,-9.248211433748149e-09,-1.2447243236154772e-09
197.94,14.584299999285378,-9.250700592849156e-09,-1.2444401065211732e-09
197.96,14.58629999928533,-9.253189183515975e-09,-1.2441558894268692e-09
197.98,14.588299999285283,-9.255677205748606e-09,-1.2438716723325651e-09
198.0,14.590299999285236,-9.258164659547047e-09,-1.243587455238261e-09
198.02,14.592299999285189,-9.260651544911299e-09,-1.243303238143957e-09
198.04,14.594299999285141,-9.263137861841365e-09,-1.243019021049653e-09
198.06,14.596299999285094,-9.26562361033724e-09,-1.242734803955349e-09
198.08,14.598299999285047,-9.268108790398927e-09,-1.242450586861045e-09
198.1,14.600299999285,-9.270593402026426e-09,-1.2421663697667409e-09
198.12,14.602299999284952,-9.273077445219735e-09,-1.2418821526724368e-09
198.14,14.604299999284905,-9.275560919978856e-09,-1.2415979355781328e-09
198.16,14.606299999284857,-9.278043826303789e-09,-1.2413137184838288e-09
198.18,14.60829999928481,-9.280526164194534e-09,-1.2410295013895247e-09
198.2,14.610299999284763,-9.283007933651087e-09,-1.2407452842952207e-09
198.22,14.612299999284716,-9.285489134673455e-09,-1.2404610672009166e-09
198.24,14.614299999284668,-9.287969767261633e-09,-1.2401768501066126e-09
198.26,14.616299999284621,-9.290449831415625e-09,-1.2398926330123086e-09
198.28,14.618299999284574,-9.292929327135427e-09,-1.2396084159180045e-09
198.3,14.620299999284526,-9.295408254421039e-09,-1.2393241988237005e-09
198.32,14.622299999284479,-9.297886613272462e-09,-1.2390399817293964e-09
198.34,14.624299999284432,-9.300364403689698e-09,-1.2387557646350924e-09
198.36,14.626299999284385,-9.302841625672745e-09,-1.2384715475407884e-09
198.38,14.628299999284337,-9.305318279221604e-09,-1.2381873304464843e-09
198.4,14.63029999928429,-9.307794364336275e-09,-1.2379031133521803e-09
198.42,14.632299999284243,-9.310269881016755e-09,-1.2376188962578762e-09
198.44,14.634299999284195,-9.312744829263046e-09,-1.2373346791635722e-09
198.46,14.636299999284148,-9.31521920907515e-09,-1.2370504620692682e-09
198.48,14.6382999992841,-9.317693020453067e-09,-1.2367662449749641e-09
198.5,14.640299999284053,-9.320166263396793e-09,-1.23648202788066e-09
198.52,14.642299999284006,-9.322638937906332e-09,-1.236197810786356e-09
198.54,14.644299999283959,-9.325111043981681e-09,-1.235913593692052e-09
198.56,14.646299999283912,-9.32758258162284e-09,-1.235629376597748e-09
198.58,14.648299999283864,-9.330053550829812e-09,-1.235345159503444e-09
198.6,14.650299999283817,-9.332523951602596e-09,-1.2350609424091399e-09
198.62,14.65229999928377,-9.334993783941192e-09,-1.2347767253148358e-09
198.64,14.654299999283722,-9.337463047845597e-09,-1.2344925082205318e-09
198.66,14.656299999283675,-9.339931743315815e-09,-1.2342082911262278e-09
198.68,14.658299999283628,-9.342399870351844e-09,-1.2339240740319237e-09
198.7,14.66029999928358,-9.344867428953685e-09,-1.2336398569376197e-09
198.72,14.662299999283533,-9.347334419121337e-09,-1.2333556398433156e-09
198.74,14.664299999283486,-9.349800840854802e-09,-1.2330714227490116e-09
198.76,14.666299999283439,-9.352266694154077e-09,-1.2327872056547076e-09
198.78,14.668299999283391,-9.354731979019162e-09,-1.2325029885604035e-09
198.8,14.670299999283344,-9.35719669545006e-09,-1.2322187714660995e-09
198.82,14.672299999283297,-9.359660843446768e-09,-1.2319345543717954e-09
198.84,14.67429999928325,-9.36212442300929e-09,-1.2316503372774914e-09
198.86,14.676299999283202,-9.364587434137622e-09,-1.2313661201831874e-09
198.88,14.678299999283155,-9.367049876831766e-09,-1.2310819030888833e-09
198.9,14.680299999283108,-9.36951175109172e-09,-1.2307976859945793e-09
198.92,14.68229999928306,-9.371973056917486e-09,-1.2305134689002752e-09
198.94,14.684299999283013,-9.374433794309065e-09,-1.2302292518059712e-09
198.96,14.686299999282966,-9.376893963266454e-09,-1.2299450347116672e-09
198.98,14.688299999282918,-9.379353563789654e-09,-1.2296608176173631e-09
199.0,14.690299999282871,-9.381812595878664e-09,-1.229376600523059e-09
199.02,14.692299999282824,-9.38427105953349e-09,-1.229092383428755e-09
199.04,14.694299999282777,-9.386728954754123e-09,-1.228808166334451e-09
199.06,14.69629999928273,-9.389186281540568e-09,-1.228523949240147e-09
199.08,14.698299999282682,-9.391643039892826e-09,-1.228239732145843e-09
199.1,14.700299999282635,-9.394099229810894e-09,-1.2279555150515389e-09
199.12,14.702299999282587,-9.396554851294773e-09,-1.2276712979572348e-09
199.14,14.70429999928254,-9.399009904344465e-09,-1.2273870808629308e-09
199.16,14.706299999282493,-9.40146438895997e-09,-1.2271028637686268e-09
199.18,14.708299999282445,-9.403918305141281e-09,-1.2268186466743227e-09
199.2,14.710299999282398,-9.406371652888407e-09,-1.2265344295800187e-09
199.22,14.71229999928235,-9.408824432201344e-09,-1.2262502124857146e-09
199.24,14.714299999282304,-9.411276643080095e-09,-1.2259659953914106e-09
199.26,14.716299999282256,-9.413728285524655e-09,-1.2256817782971066e-09
199.28,14.718299999282209,-9.416179359535027e-09,-1.2253975612028025e-09
199.3,14.720299999282162,-9.41862986511121e-09,-1.2251133441084985e-09
199.32,14.722299999282114,-9.421079802253205e-09,-1.2248291270141944e-09
199.34,14.724299999282067,-9.42352917096101e-09,-1.2245449099198904e-09
199.36,14.72629999928202,-9.425977971234628e-09,-1.2242606928255864e-09
199.38,14.728299999281973,-9.428426203074058e-09,-1.2239764757312823e-09
199.4,14.730299999281925,-9.430873866479296e-09,-1.2236922586369783e-09
199.42,14.732299999281878,-9.433320961450347e-09,-1.2234080415426742e-09
199.44,14.73429999928183,-9.43576748798721e-09,-1.2231238244483702e-09
199.46,14.736299999281783,-9.438213446089885e-09,-1.2228396073540662e-09
199.48,14.738299999281736,-9.44065883575837e-09,-1.2225553902597621e-09
199.5,14.740299999281689,-9.443103656992667e-09,-1.222271173165458e-09
199.52,14.742299999281641,-9.445547909792775e-09,-1.221986956071154e-09
199.54,14.744299999281594,-9.447991594158692e-09,-1.22170273897685e-09
199.56,14.746299999281547,-9.450434710090424e-09,-1.221418521882546e-09
199.58,14.7482999992815,-9.452877257587966e-09,-1.221134304788242e-09
199.6,14.750299999281452,-9.455319236651323e-09,-1.2208500876939379e-09
199.62,14.752299999281405,-9.457760647280487e-09,-1.2205658705996338e-09
199.64,14.754299999281358,-9.460201489475463e-09,-1.2202816535053298e-09
199.66,14.75629999928131,-9.46264176323625e-09,-1.2199974364110258e-09
199.68,14.758299999281263,-9.465081468562852e-09,-1.2197132193167217e-09
199.7,14.760299999281216,-9.467520605455263e-09,-1.2194290022224177e-09
199.72,14.762299999281169,-9.469959173913486e-09,-1.2191447851281136e-09
199.74,14.764299999281121,-9.47239717393752e-09,-1.2188605680338096e-09
199.76,14.766299999281074,-9.474834605527364e-09,-1.2185763509395056e-09
199.78,14.768299999281027,-9.477271468683021e-09,-1.2182921338452015e-09
199.8,14.77029999928098,-9.47970776340449e-09,-1.2180079167508975e-09
199.82,14.772299999280932,-9.48214348969177e-09,-1.2177236996565934e-09
199.84,14.774299999280885,-9.484578647544861e-09,-1.2174394825622894e-09
199.86,14.776299999280837,-9.487013236963764e-09,-1.2171552654679854e-09
199.88,14.77829999928079,-9.489447257948477e-09,-1.2168710483736813e-09
199.9,14.780299999280743,-9.491880710499001e-09,-1.2165868312793773e-09
199.92,14.782299999280696,-9.494313594615338e-09,-1.2163026141850732e-09
199.94,14.784299999280648,-9.496745910297486e-09,-1.2160183970907692e-09
199.96,14.786299999280601,-9.499177657545445e-09,-1.2157341799964652e-09
199.98,14.788299999280554,-9.501608836359214e-09,-1.2154499629021611e-09
200.0,14.790299999280506,-9.504039446738798e-09,-1.215165745807857e-09
200.02,14.79229999928046,-9.50646948868419e-09,-1.214881528713553e-09
200.04,14.794299999280412,-9.508898962195394e-09,-1.214597311619249e-09
200.06,14.796299999280365,-9.51132786727241e-09,-1.214313094524945e-09
200.08,14.798299999280317,-9.513756203915238e-09,-1.214028877430641e-09
200.1,14.80029999928027,-9.516183972123877e-09,-1.2137446603363369e-09
200.12,14.802299999280223,-9.518611171898328e-09,-1.2134604432420328e-09
200.14,14.804299999280175,-9.521037803238591e-09,-1.2131762261477288e-09
200.16,14.806299999280128,-9.523463866144663e-09,-1.2128920090534248e-09
200.18,14.80829999928008,-9.525889360616548e-09,-1.2126077919591207e-09
200.2,14.810299999280033,-9.528314286654243e-09,-1.2123235748648167e-09
200.22,14.812299999279986,-9.530738644257753e-09,-1.2120393577705126e-09
200.24,14.814299999279939,-9.533162433427072e-09,-1.2117551406762086e-09
200.26,14.816299999279892,-9.535585654162202e-09,-1.2114709235819046e-09
200.28,14.818299999279844,-9.538008306463144e-09,-1.2111867064876005e-09
200.3,14.820299999279797,-9.540430390329898e-09,-1.2109024893932965e-09
200.32,14.82229999927975,-9.542851905762462e-09,-1.2106182722989924e-09
200.34,14.824299999279702,-9.545272852760838e-09,-1.2103340552046884e-09
200.36,14.826299999279655,-9.547693231325027e-09,-1.2100498381103844e-09
200.38,14.828299999279608,-9.550113041455024e-09,-1.2097656210160803e-09
200.4,14.83029999927956,-9.552532283150833e-09,-1.2094814039217763e-09
200.42,14.832299999279513,-9.554950956412455e-09,-1.2091971868274722e-09
200.44,14.834299999279466,-9.557369061239889e-09,-1.2089129697331682e-09
200.46,14.836299999279419,-9.559786597633133e-09,-1.2086287526388642e-09
200.48,14.838299999279371,-9.562203565592189e-09,-1.2083445355445601e-09
200.5,14.840299999279324,-9.564619965117055e-09,-1.208060318450256e-09
200.52,14.842299999279277,-9.567035796207731e-09,-1.207776101355952e-09
200.54,14.84429999927923,-9.569451058864222e-09,-1.207491884261648e-09
200.56,14.846299999279182,-9.571865753086523e-09,-1.207207667167344e-09
200.58,14.848299999279135,-9.574279878874638e-09,-1.20692345007304e-09
200.6,14.850299999279088,-9.57669343622856e-09,-1.2066392329787359e-09
200.62,14.85229999927904,-9.579106425148296e-09,-1.2063550158844318e-09
200.64,14.854299999278993,-9.581518845633844e-09,-1.2060707987901278e-09
200.66,14.856299999278946,-9.583930697685204e-09,-1.2057865816958238e-09
200.68,14.858299999278898,-9.586341981302373e-09,-1.2055023646015197e-09
200.7,14.860299999278851,-9.588752696485356e-09,-1.2052181475072157e-09
200.72,14.862299999278804,-9.591162843234148e-09,-1.2049339304129116e-09
200.74,14.864299999278757,-9.59357242154875e-09,-1.2046497133186076e-09
200.76,14.86629999927871,-9.595981431429167e-09,-1.2043654962243036e-09
200.78,14.868299999278662,-9.598389872875394e-09,-1.2040812791299995e-09
200.8,14.870299999278615,-9.600797745887434e-09,-1.2037970620356955e-09
200.82,14.872299999278567,-9.603205050465283e-09,-1.2035128449413914e-09
200.84,14.87429999927852,-9.605611786608944e-09,-1.2032286278470874e-09
200.86,14.876299999278473,-9.608017954318416e-09,-1.2029444107527834e-09
200.88,14.878299999278426,-9.6104235535937e-09,-1.2026601936584793e-09
200.9,14.880299999278378,-9.612828584434795e-09,-1.2023759765641753e-09
200.92,14.882299999278331,-9.615233046841701e-09,-1.2020917594698712e-09
200.94,14.884299999278284,-9.617636940814419e-09,-1.2018075423755672e-09
200.96,14.886299999278236,-9.620040266352947e-09,-1.2015233252812632e-09
200.98,14.888299999278189,-9.62244302345729e-09,-1.2012391081869591e-09
201.0,14.890299999278142,-9.624845212127441e-09,-1.200954891092655e-09
201.02,14.892299999278094,-9.627246832363405e-09,-1.200670673998351e-09
201.04,14.894299999278047,-9.62964788416518e-09,-1.200386456904047e-09
201.06,14.896299999278,-9.632048367532766e-09,-1.200102239809743e-09
201.08,14.898299999277953,-9.634448282466164e-09,-1.199818022715439e-09
201.1,14.900299999277905,-9.636847628965374e-09,-1.1995338056211349e-09
201.12,14.902299999277858,-9.639246407030395e-09,-1.1992495885268308e-09
201.14,14.90429999927781,-9.641644616661228e-09,-1.1989653714325268e-09
201.16,14.906299999277763,-9.644042257857871e-09,-1.1986811543382228e-09
201.18,14.908299999277716,-9.646439330620326e-09,-1.1983969372439187e-09
201.2,14.910299999277669,-9.648835834948594e-09,-1.1981127201496147e-09
201.22,14.912299999277622,-9.651231770842672e-09,-1.1978285030553106e-09
201.24,14.914299999277574,-9.65362713830256e-09,-1.1975442859610066e-09
201.26,14.916299999277527,-9.656021937328261e-09,-1.1972600688667025e-09
201.28,14.91829999927748,-9.658416167919773e-09,-1.1969758517723985e-09
201.3,14.920299999277432,-9.660809830077096e-09,-1.1966916346780945e-09
201.32,14.922299999277385,-9.663202923800232e-09,-1.1964074175837904e-09
201.34,14.924299999277338,-9.66559544908918e-09,-1.1961232004894864e-09
201.36,14.92629999927729,-9.667987405943935e-09,-1.1958389833951823e-09
201.38,14.928299999277243,-9.670378794364503e-09,-1.1955547663008783e-09
201.4,14.930299999277196,-9.672769614350883e-09,-1.1952705492065743e-09
201.42,14.932299999277149,-9.675159865903076e-09,-1.1949863321122702e-09
201.44,14.934299999277101,-9.677549549021078e-09,-1.1947021150179662e-09
201.46,14.936299999277054,-9.679938663704893e-09,-1.1944178979236621e-09
201.48,14.938299999277007,-9.682327209954518e-09,-1.1941336808293581e-09
201.5,14.94029999927696,-9.684715187769955e-09,-1.193849463735054e-09
201.52,14.942299999276912,-9.687102597151204e-09,-1.19356524664075e-09
201.54,14.944299999276865,-9.689489438098264e-09,-1.193281029546446e-09
201.56,14.946299999276818,-9.691875710611138e-09,-1.192996812452142e-09
201.58,14.94829999927677,-9.694261414689819e-09,-1.192712595357838e-09
201.6,14.950299999276723,-9.696646550334313e-09,-1.1924283782635339e-09
201.62,14.952299999276676,-9.69903111754462e-09,-1.1921441611692298e-09
201.64,14.954299999276628,-9.701415116320739e-09,-1.1918599440749258e-09
201.66,14.956299999276581,-9.703798546662667e-09,-1.1915757269806217e-09
201.68,14.958299999276534,-9.706181408570408e-09,-1.1912915098863177e-09
201.7,14.960299999276486,-9.70856370204396e-09,-1.1910072927920137e-09
201.72,14.96229999927644,-9.71094542708332e-09,-1.1907230756977096e-09
201.74,14.964299999276392,-9.713326583688495e-09,-1.1904388586034056e-09
201.76,14.966299999276345,-9.715707171859481e-09,-1.1901546415091015e-09
201.78,14.968299999276297,-9.71808719159628e-09,-1.1898704244147975e-09
201.8,14.97029999927625,-9.720466642898887e-09,-1.1895862073204935e-09
201.82,14.972299999276203,-9.722845525767307e-09,-1.1893019902261894e-09
201.84,14.974299999276155,-9.725223840201538e-09,-1.1890177731318854e-09
201.86,14.976299999276108,-9.727601586201582e-09,-1.1887335560375813e-09
201.88,14.97829999927606,-9.729978763767436e-09,-1.1884493389432773e-09
201.9,14.980299999276014,-9.732355372899101e-09,-1.1881651218489733e-09
201.92,14.982299999275966,-9.734731413596577e-09,-1.1878809047546692e-09
201.94,14.984299999275919,-9.737106885859864e-09,-1.1875966876603652e-09
201.96,14.986299999275872,-9.739481789688965e-09,-1.1873124705660611e-09
201.98,14.988299999275824,-9.741856125083877e-09,-1.1870282534717571e-09
202.0,14.990299999275777,-9.7442298920446e-09,-1.186744036377453e-09
202.02,14.99229999927573,-9.746603090571134e-09,-1.186459819283149e-09
202.04,14.994299999275682,-9.748975720663479e-09,-1.186175602188845e-09
202.06,14.996299999275635,-9.751347782321636e-09,-1.185891385094541e-09
202.08,14.998299999275588,-9.753719275545604e-09,-1.185607168000237e-09
202.1,15.00029999927554,-9.756090200335384e-09,-1.1853229509059329e-09
202.12,15.002299999275493,-9.758460556690975e-09,-1.1850387338116288e-09
202.14,15.004299999275446,-9.760830344612378e-09,-1.1847545167173248e-09
202.16,15.006299999275399,-9.76319956409959e-09,-1.1844702996230207e-09
202.18,15.008299999275351,-9.765568215152618e-09,-1.1841860825287167e-09
202.2,15.010299999275304,-9.767936297771454e-09,-1.1839018654344127e-09
202.22,15.012299999275257,-9.770303811956102e-09,-1.1836176483401086e-09
202.24,15.01429999927521,-9.772670757706562e-09,-1.1833334312458046e-09
202.26,15.016299999275162,-9.775037135022832e-09,-1.1830492141515005e-09
202.28,15.018299999275115,-9.777402943904914e-09,-1.1827649970571965e-09
202.3,15.020299999275068,-9.779768184352808e-09,-1.1824807799628925e-09
202.32,15.02229999927502,-9.782132856366514e-09,-1.1821965628685884e-09
202.34,15.024299999274973,-9.78449695994603e-09,-1.1819123457742844e-09
202.36,15.026299999274926,-9.786860495091357e-09,-1.1816281286799803e-09
202.38,15.028299999274878,-9.789223461802496e-09,-1.1813439115856763e-09
202.4,15.030299999274831,-9.791585860079448e-09,-1.1810596944913723e-09
202.42,15.032299999274784,-9.793947689922209e-09,-1.1807754773970682e-09
202.44,15.034299999274737,-9.796308951330782e-09,-1.1804912603027642e-09
202.46,15.03629999927469,-9.798669644305168e-09,-1.1802070432084601e-09
202.48,15.038299999274642,-9.801029768845363e-09,-1.1799228261141561e-09
202.5,15.040299999274595,-9.80338932495137e-09,-1.179638609019852e-09
202.52,15.042299999274547,-9.805748312623189e-09,-1.179354391925548e-09
202.54,15.0442999992745,-9.808106731860822e-09,-1.179070174831244e-09
202.56,15.046299999274453,-9.810464582664262e-09,-1.17878595773694e-09
202.58,15.048299999274406,-9.812821865033515e-09,-1.178501740642636e-09
202.6,15.050299999274358,-9.81517857896858e-09,-1.1782175235483319e-09
202.62,15.052299999274311,-9.817534724469458e-09,-1.1779333064540278e-09
202.64,15.054299999274264,-9.819890301536145e-09,-1.1776490893597238e-09
202.66,15.056299999274216,-9.822245310168644e-09,-1.1773648722654197e-09
202.68,15.058299999274169,-9.824599750366955e-09,-1.1770806551711157e-09
202.7,15.060299999274122,-9.826953622131074e-09,-1.1767964380768117e-09
202.72,15.062299999274074,-9.829306925461008e-09,-1.1765122209825076e-09
202.74,15.064299999274027,-9.831659660356753e-09,-1.1762280038882036e-09
202.76,15.06629999927398,-9.83401182681831e-09,-1.1759437867938995e-09
202.78,15.068299999273933,-9.836363424845676e-09,-1.1756595696995955e-09
202.8,15.070299999273885,-9.838714454438855e-09,-1.1753753526052915e-09
202.82,15.072299999273838,-9.841064915597846e-09,-1.1750911355109874e-09
202.84,15.07429999927379,-9.843414808322649e-09,-1.1748069184166834e-09
202.86,15.076299999273743,-9.845764132613262e-09,-1.1745227013223793e-09
202.88,15.078299999273696,-9.848112888469686e-09,-1.1742384842280753e-09
202.9,15.080299999273649,-9.85046107589192e-09,-1.1739542671337713e-09
202.92,15.082299999273602,-9.852808694879966e-09,-1.1736700500394672e-09
202.94,15.084299999273554,-9.855155745433826e-09,-1.1733858329451632e-09
202.96,15.086299999273507,-9.857502227553497e-09,-1.1731016158508591e-09
202.98,15.08829999927346,-9.859848141238978e-09,-1.1728173987565551e-09
203.0,15.090299999273412,-9.862193486490271e-09,-1.172533181662251e-09
203.02,15.092299999273365,-9.864538263307374e-09,-1.172248964567947e-09
203.04,15.094299999273318,-9.86688247169029e-09,-1.171964747473643e-09
203.06,15.09629999927327,-9.869226111639017e-09,-1.171680530379339e-09
203.08,15.098299999273223,-9.871569183153556e-09,-1.171396313285035e-09
203.1,15.100299999273176,-9.873911686233906e-09,-1.1711120961907309e-09
203.12,15.102299999273129,-9.876253620880067e-09,-1.1708278790964268e-09
203.14,15.104299999273081,-9.878594987092039e-09,-1.1705436620021228e-09
203.16,15.106299999273034,-9.880935784869825e-09,-1.1702594449078187e-09
203.18,15.108299999272987,-9.88327601421342e-09,-1.1699752278135147e-09
203.2,15.11029999927294,-9.885615675122828e-09,-1.1696910107192107e-09
203.22,15.112299999272892,-9.887954767598046e-09,-1.1694067936249066e-09
203.24,15.114299999272845,-9.890293291639075e-09,-1.1691225765306026e-09
203.26,15.116299999272798,-9.892631247245916e-09,-1.1688383594362985e-09
203.28,15.11829999927275,-9.894968634418569e-09,-1.1685541423419945e-09
203.3,15.120299999272703,-9.897305453157034e-09,-1.1682699252476905e-09
203.32,15.122299999272656,-9.89964170346131e-09,-1.1679857081533864e-09
203.34,15.124299999272608,-9.901977385331395e-09,-1.1677014910590824e-09
203.36,15.126299999272561,-9.904312498767293e-09,-1.1674172739647783e-09
203.38,15.128299999272514,-9.906647043769004e-09,-1.1671330568704743e-09
203.4,15.130299999272466,-9.908981020336523e-09,-1.1668488397761703e-09
203.42,15.13229999927242,-9.911314428469856e-09,-1.1665646226818662e-09
203.44,15.134299999272372,-9.913647268169e-09,-1.1662804055875622e-09
203.46,15.136299999272325,-9.915979539433954e-09,-1.1659961884932581e-09
203.48,15.138299999272277,-9.91831124226472e-09,-1.165711971398954e-09
203.5,15.14029999927223,-9.920642376661298e-09,-1.16542775430465e-09
203.52,15.142299999272183,-9.922972942623689e-09,-1.165143537210346e-09
203.54,15.144299999272135,-9.925302940151888e-09,-1.164859320116042e-09
203.56,15.146299999272088,-9.9276323692459e-09,-1.164575103021738e-09
203.58,15.14829999927204,-9.929961229905724e-09,-1.164290885927434e-09
203.6,15.150299999271994,-9.93228952213136e-09,-1.1640066688331299e-09
203.62,15.152299999271946,-9.934617245922806e-09,-1.1637224517388258e-09
203.64,15.154299999271899,-9.936944401280064e-09,-1.1634382346445218e-09
203.66,15.156299999271852,-9.939270988203133e-09,-1.1631540175502177e-09
203.68,15.158299999271804,-9.941597006692013e-09,-1.1628698004559137e-09
203.7,15.160299999271757,-9.943922456746706e-09,-1.1625855833616097e-09
203.72,15.16229999927171,-9.946247338367209e-09,-1.1623013662673056e-09
203.74,15.164299999271663,-9.948571651553525e-09,-1.1620171491730016e-09
203.76,15.166299999271615,-9.95089539630565e-09,-1.1617329320786975e-09
203.78,15.168299999271568,-9.953218572623587e-09,-1.1614487149843935e-09
203.8,15.17029999927152,-9.955541180507338e-09,-1.1611644978900895e-09
203.82,15.172299999271473,-9.957863219956899e-09,-1.1608802807957854e-09
203.84,15.174299999271426,-9.96018469097227e-09,-1.1605960637014814e-09
203.86,15.176299999271379,-9.962505593553453e-09,-1.1603118466071773e-09
203.88,15.178299999271331,-9.964825927700447e-09,-1.1600276295128733e-09
203.9,15.180299999271284,-9.967145693413251e-09,-1.1597434124185693e-09
203.92,15.182299999271237,-9.96946489069187e-09,-1.1594591953242652e-09
203.94,15.18429999927119,-9.971783519536299e-09,-1.1591749782299612e-09
203.96,15.186299999271142,-9.97410157994654e-09,-1.1588907611356571e-09
203.98,15.188299999271095,-9.97641907192259e-09,-1.158606544041353e-09
204.0,15.190299999271048,-9.978735995464453e-09,-1.158322326947049e-09
204.02,15.192299999271,-9.981052350572127e-09,-1.158038109852745e-09
204.04,15.194299999270953,-9.983368137245613e-09,-1.157753892758441e-09
204.06,15.196299999270906,-9.98568335548491e-09,-1.157469675664137e-09
204.08,15.198299999270859,-9.98799800529002e-09,-1.157185458569833e-09
204.1,15.200299999270811,-9.990312086660939e-09,-1.1569012414755289e-09
204.12,15.202299999270764,-9.99262559959767e-09,-1.1566170243812248e-09
204.14,15.204299999270717,-9.994938544100214e-09,-1.1563328072869208e-09
204.16,15.20629999927067,-9.99725092016857e-09,-1.1560485901926167e-09
204.18,15.208299999270622,-9.999562727802736e-09,-1.1557643730983127e-09
204.2,15.210299999270575,-1.0001873967002714e-08,-1.1554801560040087e-09
204.22,15.212299999270527,-1.0004184637768502e-08,-1.1551959389097046e-09
204.24,15.21429999927048,-1.00064947401001e-08,-1.1549117218154006e-09
204.26,15.216299999270433,-1.0008804273997512e-08,-1.1546275047210965e-09
204.28,15.218299999270386,-1.0011113239460736e-08,-1.1543432876267925e-09
204.3,15.220299999270338,-1.0013421636489771e-08,-1.1540590705324885e-09
204.32,15.222299999270291,-1.0015729465084615e-08,-1.1537748534381844e-09
204.34,15.224299999270244,-1.0018036725245272e-08,-1.1534906363438804e-09
204.36,15.226299999270196,-1.0020343416971741e-08,-1.1532064192495763e-09
204.38,15.228299999270149,-1.002264954026402e-08,-1.1529222021552723e-09
204.4,15.230299999270102,-1.002495509512211e-08,-1.1526379850609683e-09
204.42,15.232299999270055,-1.0027260081546014e-08,-1.1523537679666642e-09
204.44,15.234299999270007,-1.0029564499535726e-08,-1.1520695508723602e-09
204.46,15.23629999926996,-1.0031868349091251e-08,-1.1517853337780561e-09
204.48,15.238299999269913,-1.0034171630212587e-08,-1.151501116683752e-09
204.5,15.240299999269865,-1.0036474342899738e-08,-1.151216899589448e-09
204.52,15.242299999269818,-1.0038776487152697e-08,-1.150932682495144e-09
204.54,15.24429999926977,-1.0041078062971467e-08,-1.15064846540084e-09
204.56,15.246299999269723,-1.004337907035605e-08,-1.150364248306536e-09
204.58,15.248299999269676,-1.0045679509306445e-08,-1.150080031212232e-09
204.6,15.250299999269629,-1.004797937982265e-08,-1.1497958141179279e-09
204.62,15.252299999269582,-1.0050278681904667e-08,-1.1495115970236238e-09
204.64,15.254299999269534,-1.0052577415552496e-08,-1.1492273799293198e-09
204.66,15.256299999269487,-1.0054875580766135e-08,-1.1489431628350157e-09
204.68,15.25829999926944,-1.0057173177545586e-08,-1.1486589457407117e-09
204.7,15.260299999269392,-1.0059470205890848e-08,-1.1483747286464077e-09
204.72,15.262299999269345,-1.0061766665801923e-08,-1.1480905115521036e-09
204.74,15.264299999269298,-1.0064062557278806e-08,-1.1478062944577996e-09
204.76,15.26629999926925,-1.0066357880321503e-08,-1.1475220773634955e-09
204.78,15.268299999269203,-1.0068652634930012e-08,-1.1472378602691915e-09
204.8,15.270299999269156,-1.0070946821104331e-08,-1.1469536431748875e-09
204.82,15.272299999269109,-1.0073240438844462e-08,-1.1466694260805834e-09
204.84,15.274299999269061,-1.0075533488150403e-08,-1.1463852089862794e-09
204.86,15.276299999269014,-1.0077825969022156e-08,-1.1461009918919753e-09
204.88,15.278299999268967,-1.0080117881459719e-08,-1.1458167747976713e-09
204.9,15.28029999926892,-1.0082409225463096e-08,-1.1455325577033673e-09
204.92,15.282299999268872,-1.0084700001032284e-08,-1.1452483406090632e-09
204.94,15.284299999268825,-1.0086990208167283e-08,-1.1449641235147592e-09
204.96,15.286299999268778,-1.0089279846868093e-08,-1.1446799064204551e-09
204.98,15.28829999926873,-1.0091568917134714e-08,-1.144395689326151e-09
205.0,15.290299999268683,-1.0093857418967147e-08,-1.144111472231847e-09
205.02,15.292299999268636,-1.0096145352365393e-08,-1.143827255137543e-09
205.04,15.294299999268588,-1.009843271732945e-08,-1.143543038043239e-09
205.06,15.296299999268541,-1.0100719513859317e-08,-1.143258820948935e-09
205.08,15.298299999268494,-1.0103005741954996e-08,-1.1429746038546309e-09
205.1,15.300299999268447,-1.0105291401616485e-08,-1.1426903867603269e-09
205.12,15.3022999992684,-1.0107576492843788e-08,-1.1424061696660228e-09
205.14,15.304299999268352,-1.0109861015636903e-08,-1.1421219525717188e-09
205.16,15.306299999268305,-1.0112144969995828e-08,-1.1418377354774147e-09
205.18,15.308299999268257,-1.0114428355920564e-08,-1.1415535183831107e-09
205.2,15.31029999926821,-1.011671117341111e-08,-1.1412693012888067e-09
205.22,15.312299999268163,-1.0118993422467469e-08,-1.1409850841945026e-09
205.24,15.314299999268115,-1.0121275103089639e-08,-1.1407008671001986e-09
205.26,15.316299999268068,-1.0123556215277622e-08,-1.1404166500058945e-09
205.28,15.31829999926802,-1.0125836759031415e-08,-1.1401324329115905e-09
205.3,15.320299999267974,-1.0128116734351018e-08,-1.1398482158172865e-09
205.32,15.322299999267926,-1.0130396141236433e-08,-1.1395639987229824e-09
205.34,15.324299999267879,-1.0132674979687661e-08,-1.1392797816286784e-09
205.36,15.326299999267832,-1.0134953249704698e-08,-1.1389955645343743e-09
205.38,15.328299999267784,-1.013723095128755e-08,-1.1387113474400703e-09
205.4,15.330299999267737,-1.0139508084436212e-08,-1.1384271303457663e-09
205.42,15.33229999926769,-1.0141784649150683e-08,-1.1381429132514622e-09
205.44,15.334299999267643,-1.0144060645430967e-08,-1.1378586961571582e-09
205.46,15.336299999267595,-1.0146336073277062e-08,-1.1375744790628541e-09
205.48,15.338299999267548,-1.014861093268897e-08,-1.13729026196855e-09
205.5,15.3402999992675,-1.015088522366669e-08,-1.137006044874246e-09
205.52,15.342299999267453,-1.015315894621022e-08,-1.136721827779942e-09
205.54,15.344299999267406,-1.015543210031956e-08,-1.136437610685638e-09
205.56,15.346299999267359,-1.0157704685994715e-08,-1.136153393591334e-09
205.58,15.348299999267311,-1.0159976703235678e-08,-1.1358691764970299e-09
205.6,15.350299999267264,-1.0162248152042454e-08,-1.1355849594027259e-09
205.62,15.352299999267217,-1.0164519032415042e-08,-1.1353007423084218e-09
205.64,15.35429999926717,-1.016678934435344e-08,-1.1350165252141178e-09
205.66,15.356299999267122,-1.016905908785765e-08,-1.1347323081198137e-09
205.68,15.358299999267075,-1.017132826292767e-08,-1.1344480910255097e-09
205.7,15.360299999267028,-1.0173596869563503e-08,-1.1341638739312057e-09
205.72,15.36229999926698,-1.0175864907765146e-08,-1.1338796568369016e-09
205.74,15.364299999266933,-1.0178132377532601e-08,-1.1335954397425976e-09
205.76,15.366299999266886,-1.0180399278865869e-08,-1.1333112226482935e-09
205.78,15.368299999266839,-1.0182665611764947e-08,-1.1330270055539895e-09
205.8,15.370299999266791,-1.0184931376229836e-08,-1.1327427884596855e-09
205.82,15.372299999266744,-1.0187196572260537e-08,-1.1324585713653814e-09
205.84,15.374299999266697,-1.0189461199857048e-08,-1.1321743542710774e-09
205.86,15.37629999926665,-1.0191725259019371e-08,-1.1318901371767733e-09
205.88,15.378299999266602,-1.0193988749747507e-08,-1.1316059200824693e-09
205.9,15.380299999266555,-1.0196251672041454e-08,-1.1313217029881653e-09
205.92,15.382299999266507,-1.0198514025901212e-08,-1.1310374858938612e-09
205.94,15.38429999926646,-1.020077581132678e-08,-1.1307532687995572e-09
205.96,15.386299999266413,-1.020303702831816e-08,-1.1304690517052531e-09
205.98,15.388299999266366,-1.0205297676875354e-08,-1.130184834610949e-09
206.0,15.390299999266318,-1.0207557756998358e-08,-1.129900617516645e-09
206.02,15.392299999266271,-1.0209817268687174e-08,-1.129616400422341e-09
206.04,15.394299999266224,-1.02120762119418e-08,-1.129332183328037e-09
206.06,15.396299999266176,-1.0214334586762237e-08,-1.129047966233733e-09
206.08,15.39829999926613,-1.0216592393148485e-08,-1.1287637491394289e-09
206.1,15.400299999266082,-1.0218849631100547e-08,-1.1284795320451249e-09
206.12,15.402299999266035,-1.022110630061842e-08,-1.1281953149508208e-09
206.14,15.404299999265987,-1.0223362401702104e-08,-1.1279110978565168e-09
206.16,15.40629999926594,-1.0225617934351599e-08,-1.1276268807622127e-09
206.18,15.408299999265893,-1.0227872898566904e-08,-1.1273426636679087e-09
206.2,15.410299999265845,-1.0230127294348021e-08,-1.1270584465736047e-09
206.22,15.412299999265798,-1.023238112169495e-08,-1.1267742294793006e-09
206.24,15.41429999926575,-1.0234634380607691e-08,-1.1264900123849966e-09
206.26,15.416299999265703,-1.0236887071086244e-08,-1.1262057952906925e-09
206.28,15.418299999265656,-1.0239139193130605e-08,-1.1259215781963885e-09
206.3,15.420299999265609,-1.024139074674078e-08,-1.1256373611020845e-09
206.32,15.422299999265562,-1.0243641731916766e-08,-1.1253531440077804e-09
206.34,15.424299999265514,-1.0245892148658564e-08,-1.1250689269134764e-09
206.36,15.426299999265467,-1.0248141996966174e-08,-1.1247847098191723e-09
206.38,15.42829999926542,-1.0250391276839594e-08,-1.1245004927248683e-09
206.4,15.430299999265372,-1.0252639988278825e-08,-1.1242162756305643e-09
206.42,15.432299999265325,-1.0254888131283867e-08,-1.1239320585362602e-09
206.44,15.434299999265278,-1.025713570585472e-08,-1.1236478414419562e-09
206.46,15.43629999926523,-1.0259382711991388e-08,-1.1233636243476521e-09
206.48,15.438299999265183,-1.0261629149693867e-08,-1.123079407253348e-09
206.5,15.440299999265136,-1.0263875018962154e-08,-1.122795190159044e-09
206.52,15.442299999265089,-1.0266120319796255e-08,-1.12251097306474e-09
206.54,15.444299999265041,-1.0268365052196167e-08,-1.122226755970436e-09
206.56,15.446299999264994,-1.027060921616189e-08,-1.121942538876132e-09
206.58,15.448299999264947,-1.0272852811693424e-08,-1.1216583217818279e-09
206.6,15.4502999992649,-1.027509583879077e-08,-1.1213741046875239e-09
206.62,15.452299999264852,-1.0277338297453927e-08,-1.1210898875932198e-09
206.64,15.454299999264805,-1.0279580187682895e-08,-1.1208056704989158e-09
206.66,15.456299999264758,-1.0281821509477675e-08,-1.1205214534046117e-09
206.68,15.45829999926471,-1.0284062262838267e-08,-1.1202372363103077e-09
206.7,15.460299999264663,-1.028630244776467e-08,-1.1199530192160036e-09
206.72,15.462299999264616,-1.0288542064256884e-08,-1.1196688021216996e-09
206.74,15.464299999264568,-1.029078111231491e-08,-1.1193845850273956e-09
206.76,15.466299999264521,-1.0293019591938747e-08,-1.1191003679330915e-09
206.78,15.468299999264474,-1.0295257503128395e-08,-1.1188161508387875e-09
206.8,15.470299999264427,-1.0297494845883854e-08,-1.1185319337444834e-09
206.82,15.47229999926438,-1.0299731620205126e-08,-1.1182477166501794e-09
206.84,15.474299999264332,-1.0301967826092208e-08,-1.1179634995558754e-09
206.86,15.476299999264285,-1.0304203463545103e-08,-1.1176792824615713e-09
206.88,15.478299999264237,-1.0306438532563808e-08,-1.1173950653672673e-09
206.9,15.48029999926419,-1.0308673033148325e-08,-1.1171108482729632e-09
206.92,15.482299999264143,-1.0310906965298652e-08,-1.1168266311786592e-09
206.94,15.484299999264096,-1.031314032901479e-08,-1.1165424140843552e-09
206.96,15.486299999264048,-1.0315373124296743e-08,-1.1162581969900511e-09
206.98,15.488299999264001,-1.0317605351144506e-08,-1.115973979895747e-09
207.0,15.490299999263954,-1.031983700955808e-08,-1.115689762801443e-09
207.02,15.492299999263906,-1.0322068099537465e-08,-1.115405545707139e-09
207.04,15.494299999263859,-1.0324298621082661e-08,-1.115121328612835e-09
207.06,15.496299999263812,-1.0326528574193668e-08,-1.114837111518531e-09
207.08,15.498299999263764,-1.0328757958870489e-08,-1.1145528944242269e-09
207.1,15.500299999263717,-1.033098677511312e-08,-1.1142686773299228e-09
207.12,15.50229999926367,-1.0333215022921563e-08,-1.1139844602356188e-09
207.14,15.504299999263623,-1.0335442702295817e-08,-1.1137002431413148e-09
207.16,15.506299999263575,-1.0337669813235881e-08,-1.1134160260470107e-09
207.18,15.508299999263528,-1.0339896355741756e-08,-1.1131318089527067e-09
207.2,15.51029999926348,-1.0342122329813446e-08,-1.1128475918584026e-09
207.22,15.512299999263433,-1.0344347735450946e-08,-1.1125633747640986e-09
207.24,15.514299999263386,-1.0346572572654257e-08,-1.1122791576697946e-09
207.26,15.516299999263339,-1.0348796841423377e-08,-1.1119949405754905e-09
207.28,15.518299999263292,-1.035102054175831e-08,-1.1117107234811865e-09
207.3,15.520299999263244,-1.0353243673659055e-08,-1.1114265063868824e-09
207.32,15.522299999263197,-1.0355466237125612e-08,-1.1111422892925784e-09
207.34,15.52429999926315,-1.035768823215798e-08,-1.1108580721982744e-09
207.36,15.526299999263102,-1.035990965875616e-08,-1.1105738551039703e-09
207.38,15.528299999263055,-1.0362130516920149e-08,-1.1102896380096663e-09
207.4,15.530299999263008,-1.036435080664995e-08,-1.1100054209153622e-09
207.42,15.53229999926296,-1.0366570527945562e-08,-1.1097212038210582e-09
207.44,15.534299999262913,-1.0368789680806989e-08,-1.1094369867267542e-09
207.46,15.536299999262866,-1.0371008265234226e-08,-1.1091527696324501e-09
207.48,15.538299999262819,-1.0373226281227272e-08,-1.108868552538146e-09
207.5,15.540299999262771,-1.0375443728786131e-08,-1.108584335443842e-09
207.52,15.542299999262724,-1.0377660607910803e-08,-1.108300118349538e-09
207.54,15.544299999262677,-1.0379876918601283e-08,-1.108015901255234e-09
207.56,15.54629999926263,-1.0382092660857577e-08,-1.10773168416093e-09
207.58,15.548299999262582,-1.0384307834679682e-08,-1.1074474670666259e-09
207.6,15.550299999262535,-1.0386522440067597e-08,-1.1071632499723218e-09
207.62,15.552299999262488,-1.0388736477021325e-08,-1.1068790328780178e-09
207.64,15.55429999926244,-1.0390949945540863e-08,-1.1065948157837138e-09
207.66,15.556299999262393,-1.0393162845626214e-08,-1.1063105986894097e-09
207.68,15.558299999262346,-1.0395375177277377e-08,-1.1060263815951057e-09
207.7,15.560299999262298,-1.039758694049435e-08,-1.1057421645008016e-09
207.72,15.562299999262251,-1.0399798135277135e-08,-1.1054579474064976e-09
207.74,15.564299999262204,-1.040200876162573e-08,-1.1051737303121936e-09
207.76,15.566299999262156,-1.0404218819540137e-08,-1.1048895132178895e-09
207.78,15.56829999926211,-1.0406428309020355e-08,-1.1046052961235855e-09
207.8,15.570299999262062,-1.0408637230066385e-08,-1.1043210790292814e-09
207.82,15.572299999262015,-1.0410845582678226e-08,-1.1040368619349774e-09
207.84,15.574299999261967,-1.041305336685588e-08,-1.1037526448406734e-09
207.86,15.57629999926192,-1.0415260582599344e-08,-1.1034684277463693e-09
207.88,15.578299999261873,-1.0417467229908619e-08,-1.1031842106520653e-09
207.9,15.580299999261825,-1.0419673308783705e-08,-1.1028999935577612e-09
207.92,15.582299999261778,-1.0421878819224602e-08,-1.1026157764634572e-09
207.94,15.58429999926173,-1.0424083761231313e-08,-1.1023315593691532e-09
207.96,15.586299999261684,-1.0426288134803835e-08,-1.1020473422748491e-09
207.98,15.588299999261636,-1.0428491939942168e-08,-1.101763125180545e-09
208.0,15.590299999261589,-1.0430695176646312e-08,-1.101478908086241e-09
208.02,15.592299999261542,-1.0432897844916267e-08,-1.101194690991937e-09
208.04,15.594299999261494,-1.0435099944752034e-08,-1.100910473897633e-09
208.06,15.596299999261447,-1.0437301476153613e-08,-1.100626256803329e-09
208.08,15.5982999992614,-1.0439502439121004e-08,-1.1003420397090249e-09
208.1,15.600299999261352,-1.0441702833654205e-08,-1.1000578226147208e-09
208.12,15.602299999261305,-1.0443902659753217e-08,-1.0997736055204168e-09
208.14,15.604299999261258,-1.044610191741804e-08,-1.0994893884261128e-09
208.16,15.60629999926121,-1.0448300606648676e-08,-1.0992051713318087e-09
208.18,15.608299999261163,-1.0450498727445124e-08,-1.0989209542375047e-09
208.2,15.610299999261116,-1.0452696279807383e-08,-1.0986367371432006e-09
208.22,15.612299999261069,-1.0454893263735453e-08,-1.0983525200488966e-09
208.24,15.614299999261021,-1.0457089679229332e-08,-1.0980683029545926e-09
208.26,15.616299999260974,-1.0459285526289024e-08,-1.0977840858602885e-09
208.28,15.618299999260927,-1.0461480804914528e-08,-1.0974998687659845e-09
208.3,15.62029999926088,-1.0463675515105843e-08,-1.0972156516716804e-09
208.32,15.622299999260832,-1.046586965686297e-08,-1.0969314345773764e-09
208.34,15.624299999260785,-1.0468063230185908e-08,-1.0966472174830724e-09
208.36,15.626299999260738,-1.0470256235074656e-08,-1.0963630003887683e-09
208.38,15.62829999926069,-1.0472448671529216e-08,-1.0960787832944643e-09
208.4,15.630299999260643,-1.0474640539549589e-08,-1.0957945662001602e-09
208.42,15.632299999260596,-1.0476831839135774e-08,-1.0955103491058562e-09
208.44,15.634299999260548,-1.047902257028777e-08,-1.0952261320115522e-09
208.46,15.636299999260501,-1.0481212733005575e-08,-1.0949419149172481e-09
208.48,15.638299999260454,-1.0483402327289192e-08,-1.094657697822944e-09
208.5,15.640299999260407,-1.0485591353138623e-08,-1.09437348072864e-09
208.52,15.64229999926036,-1.0487779810553862e-08,-1.094089263634336e-09
208.54,15.644299999260312,-1.0489967699534916e-08,-1.093805046540032e-09
208.56,15.646299999260265,-1.049215502008178e-08,-1.093520829445728e-09
208.58,15.648299999260217,-1.0494341772194454e-08,-1.0932366123514239e-09
208.6,15.65029999926017,-1.049652795587294e-08,-1.0929523952571198e-09
208.62,15.652299999260123,-1.0498713571117237e-08,-1.0926681781628158e-09
208.64,15.654299999260076,-1.0500898617927346e-08,-1.0923839610685118e-09
208.66,15.656299999260028,-1.0503083096303268e-08,-1.0920997439742077e-09
208.68,15.658299999259981,-1.0505267006245e-08,-1.0918155268799037e-09
208.7,15.660299999259934,-1.0507450347752544e-08,-1.0915313097855996e-09
208.72,15.662299999259886,-1.0509633120825898e-08,-1.0912470926912956e-09
208.74,15.664299999259839,-1.0511815325465064e-08,-1.0909628755969916e-09
208.76,15.666299999259792,-1.051399696167004e-08,-1.0906786585026875e-09
208.78,15.668299999259744,-1.0516178029440829e-08,-1.0903944414083835e-09
208.8,15.670299999259697,-1.0518358528777429e-08,-1.0901102243140794e-09
208.82,15.67229999925965,-1.0520538459679841e-08,-1.0898260072197754e-09
208.84,15.674299999259603,-1.0522717822148064e-08,-1.0895417901254714e-09
208.86,15.676299999259555,-1.05248966161821e-08,-1.0892575730311673e-09
208.88,15.678299999259508,-1.0527074841781945e-08,-1.0889733559368633e-09
208.9,15.68029999925946,-1.0529252498947602e-08,-1.0886891388425592e-09
208.92,15.682299999259413,-1.0531429587679072e-08,-1.0884049217482552e-09
208.94,15.684299999259366,-1.0533606107976352e-08,-1.0881207046539512e-09
208.96,15.686299999259319,-1.0535782059839444e-08,-1.0878364875596471e-09
208.98,15.688299999259272,-1.0537957443268347e-08,-1.087552270465343e-09
209.0,15.690299999259224,-1.0540132258263062e-08,-1.087268053371039e-09
209.02,15.692299999259177,-1.0542306504823587e-08,-1.086983836276735e-09
209.04,15.69429999925913,-1.0544480182949926e-08,-1.086699619182431e-09
209.06,15.696299999259082,-1.0546653292642075e-08,-1.086415402088127e-09
209.08,15.698299999259035,-1.0548825833900035e-08,-1.0861311849938229e-09
209.1,15.700299999258988,-1.0550997806723806e-08,-1.0858469678995188e-09
209.12,15.70229999925894,-1.0553169211113388e-08,-1.0855627508052148e-09
209.14,15.704299999258893,-1.0555340047068782e-08,-1.0852785337109108e-09
209.16,15.706299999258846,-1.0557510314589989e-08,-1.0849943166166067e-09
209.18,15.708299999258799,-1.0559680013677007e-08,-1.0847100995223027e-09
209.2,15.710299999258751,-1.0561849144329835e-08,-1.0844258824279986e-09
209.22,15.712299999258704,-1.0564017706548473e-08,-1.0841416653336946e-09
209.24,15.714299999258657,-1.0566185700332923e-08,-1.0838574482393906e-09
209.26,15.71629999925861,-1.0568353125683186e-08,-1.0835732311450865e-09
209.28,15.718299999258562,-1.057051998259926e-08,-1.0832890140507825e-09
209.3,15.720299999258515,-1.0572686271081146e-08,-1.0830047969564784e-09
209.32,15.722299999258468,-1.0574851991128843e-08,-1.0827205798621744e-09
209.34,15.72429999925842,-1.0577017142742351e-08,-1.0824363627678704e-09
209.36,15.726299999258373,-1.057918172592167e-08,-1.0821521456735663e-09
209.38,15.728299999258326,-1.0581345740666803e-08,-1.0818679285792623e-09
209.4,15.730299999258278,-1.0583509186977747e-08,-1.0815837114849582e-09
209.42,15.732299999258231,-1.0585672064854501e-08,-1.0812994943906542e-09
209.44,15.734299999258184,-1.0587834374297065e-08,-1.0810152772963502e-09
209.46,15.736299999258136,-1.0589996115305442e-08,-1.0807310602020461e-09
209.48,15.73829999925809,-1.059215728787963e-08,-1.080446843107742e-09
209.5,15.740299999258042,-1.059431789201963e-08,-1.080162626013438e-09
209.52,15.742299999257995,-1.0596477927725443e-08,-1.079878408919134e-09
209.54,15.744299999257947,-1.0598637394997066e-08,-1.07959419182483e-09
209.56,15.7462999992579,-1.0600796293834498e-08,-1.079309974730526e-09
209.58,15.748299999257853,-1.0602954624237743e-08,-1.0790257576362219e-09
209.6,15.750299999257805,-1.0605112386206799e-08,-1.0787415405419178e-09
209.62,15.752299999257758,-1.0607269579741667e-08,-1.0784573234476138e-09
209.64,15.75429999925771,-1.0609426204842348e-08,-1.0781731063533098e-09
209.66,15.756299999257664,-1.0611582261508838e-08,-1.0778888892590057e-09
209.68,15.758299999257616,-1.061373774974114e-08,-1.0776046721647017e-09
209.7,15.760299999257569,-1.0615892669539254e-08,-1.0773204550703976e-09
209.72,15.762299999257522,-1.0618047020903178e-08,-1.0770362379760936e-09
209.74,15.764299999257474,-1.0620200803832913e-08,-1.0767520208817896e-09
209.76,15.766299999257427,-1.062235401832846e-08,-1.0764678037874855e-09
209.78,15.76829999925738,-1.0624506664389819e-08,-1.0761835866931815e-09
209.8,15.770299999257333,-1.062665874201699e-08,-1.0758993695988774e-09
209.82,15.772299999257285,-1.0628810251209972e-08,-1.0756151525045734e-09
209.84,15.774299999257238,-1.0630961191968766e-08,-1.0753309354102694e-09
209.86,15.77629999925719,-1.0633111564293372e-08,-1.0750467183159653e-09
209.88,15.778299999257143,-1.0635261368183788e-08,-1.0747625012216613e-09
209.9,15.780299999257096,-1.0637410603640016e-08,-1.0744782841273572e-09
209.92,15.782299999257049,-1.0639559270662056e-08,-1.0741940670330532e-09
209.94,15.784299999257001,-1.0641707369249906e-08,-1.0739098499387492e-09
209.96,15.786299999256954,-1.0643854899403567e-08,-1.0736256328444451e-09
209.98,15.788299999256907,-1.0646001861123041e-08,-1.073341415750141e-09
210.0,15.79029999925686,-1.0648148254408326e-08,-1.073057198655837e-09
210.02,15.792299999256812,-1.0650294079259423e-08,-1.072772981561533e-09
210.04,15.794299999256765,-1.065243933567633e-08,-1.072488764467229e-09
210.06,15.796299999256718,-1.065458402365905e-08,-1.072204547372925e-09
210.08,15.79829999925667,-1.065672814320758e-08,-1.0719203302786209e-09
210.1,15.800299999256623,-1.065887169432192e-08,-1.0716361131843168e-09
210.12,15.802299999256576,-1.0661014677002073e-08,-1.0713518960900128e-09
210.14,15.804299999256529,-1.0663157091248038e-08,-1.0710676789957088e-09
210.16,15.806299999256481,-1.0665298937059815e-08,-1.0707834619014047e-09
210.18,15.808299999256434,-1.0667440214437402e-08,-1.0704992448071007e-09
210.2,15.810299999256387,-1.0669580923380799e-08,-1.0702150277127966e-09
210.22,15.81229999925634,-1.067172106389001e-08,-1.0699308106184926e-09
210.24,15.814299999256292,-1.0673860635965031e-08,-1.0696465935241886e-09
210.26,15.816299999256245,-1.0675999639605865e-08,-1.0693623764298845e-09
210.28,15.818299999256197,-1.067813807481251e-08,-1.0690781593355805e-09
210.3,15.82029999925615,-1.0680275941584966e-08,-1.0687939422412764e-09
210.32,15.822299999256103,-1.0682413239923232e-08,-1.0685097251469724e-09
210.34,15.824299999256056,-1.0684549969827312e-08,-1.0682255080526684e-09
210.36,15.826299999256008,-1.0686686131297203e-08,-1.0679412909583643e-09
210.38,15.828299999255961,-1.0688821724332906e-08,-1.0676570738640603e-09
210.4,15.830299999255914,-1.069095674893442e-08,-1.0673728567697562e-09
210.42,15.832299999255866,-1.0693091205101742e-08,-1.0670886396754522e-09
210.44,15.834299999255819,-1.0695225092834877e-08,-1.0668044225811482e-09
210.46,15.836299999255772,-1.0697358412133825e-08,-1.0665202054868441e-09
210.48,15.838299999255725,-1.0699491162998583e-08,-1.06623598839254e-09
210.5,15.840299999255677,-1.0701623345429154e-08,-1.065951771298236e-09
210.52,15.84229999925563,-1.0703754959425536e-08,-1.065667554203932e-09
210.54,15.844299999255583,-1.0705886004987727e-08,-1.065383337109628e-09
210.56,15.846299999255535,-1.070801648211573e-08,-1.065099120015324e-09
210.58,15.848299999255488,-1.0710146390809545e-08,-1.0648149029210199e-09
210.6,15.85029999925544,-1.0712275731069172e-08,-1.0645306858267158e-09
210.62,15.852299999255393,-1.0714404502894612e-08,-1.0642464687324118e-09
210.64,15.854299999255346,-1.071653270628586e-08,-1.0639622516381078e-09
210.66,15.856299999255299,-1.0718660341242922e-08,-1.0636780345438037e-09
210.68,15.858299999255252,-1.0720787407765794e-08,-1.0633938174494997e-09
210.7,15.860299999255204,-1.0722913905854477e-08,-1.0631096003551956e-09
210.72,15.862299999255157,-1.0725039835508972e-08,-1.0628253832608916e-09
210.74,15.86429999925511,-1.072716519672928e-08,-1.0625411661665876e-09
210.76,15.866299999255062,-1.0729289989515398e-08,-1.0622569490722835e-09
210.78,15.868299999255015,-1.0731414213867327e-08,-1.0619727319779795e-09
210.8,15.870299999254968,-1.0733537869785068e-08,-1.0616885148836754e-09
210.82,15.87229999925492,-1.0735660957268621e-08,-1.0614042977893714e-09
210.84,15.874299999254873,-1.0737783476317987e-08,-1.0611200806950674e-09
210.86,15.876299999254826,-1.0739905426933161e-08,-1.0608358636007633e-09
210.88,15.878299999254779,-1.0742026809114149e-08,-1.0605516465064593e-09
210.9,15.880299999254731,-1.0744147622860947e-08,-1.0602674294121552e-09
210.92,15.882299999254684,-1.0746267868173556e-08,-1.0599832123178512e-09
210.94,15.884299999254637,-1.0748387545051976e-08,-1.0596989952235472e-09
210.96,15.88629999925459,-1.0750506653496208e-08,-1.0594147781292431e-09
210.98,15.888299999254542,-1.0752625193506252e-08,-1.059130561034939e-09
211.0,15.890299999254495,-1.0754743165082108e-08,-1.058846343940635e-09
211.02,15.892299999254448,-1.0756860568223774e-08,-1.058562126846331e-09
211.04,15.8942999992544,-1.0758977402931252e-08,-1.058277909752027e-09
211.06,15.896299999254353,-1.076109366920454e-08,-1.057993692657723e-09
211.08,15.898299999254306,-1.076320936704364e-08,-1.0577094755634189e-09
211.1,15.900299999254258,-1.0765324496448551e-08,-1.0574252584691148e-09
211.12,15.902299999254211,-1.0767439057419276e-08,-1.0571410413748108e-09
211.14,15.904299999254164,-1.076955304995581e-08,-1.0568568242805068e-09
211.16,15.906299999254117,-1.0771666474058157e-08,-1.0565726071862027e-09
211.18,15.90829999925407,-1.0773779329726314e-08,-1.0562883900918987e-09
211.2,15.910299999254022,-1.0775891616960283e-08,-1.0560041729975946e-09
211.22,15.912299999253975,-1.0778003335760063e-08,-1.0557199559032906e-09
211.24,15.914299999253927,-1.0780114486125656e-08,-1.0554357388089866e-09
211.26,15.91629999925388,-1.078222506805706e-08,-1.0551515217146825e-09
211.28,15.918299999253833,-1.0784335081554274e-08,-1.0548673046203785e-09
211.3,15.920299999253785,-1.07864445266173e-08,-1.0545830875260744e-09
211.32,15.922299999253738,-1.0788553403246138e-08,-1.0542988704317704e-09
211.34,15.92429999925369,-1.0790661711440788e-08,-1.0540146533374664e-09
211.36,15.926299999253644,-1.079276945120125e-08,-1.0537304362431623e-09
211.38,15.928299999253596,-1.0794876622527522e-08,-1.0534462191488583e-09
211.4,15.930299999253549,-1.0796983225419603e-08,-1.0531620020545542e-09
211.42,15.932299999253502,-1.0799089259877497e-08,-1.0528777849602502e-09
211.44,15.934299999253454,-1.0801194725901203e-08,-1.0525935678659462e-09
211.46,15.936299999253407,-1.080329962349072e-08,-1.0523093507716421e-09
211.48,15.93829999925336,-1.080540395264605e-08,-1.052025133677338e-09
211.5,15.940299999253313,-1.0807507713367191e-08,-1.051740916583034e-09
211.52,15.942299999253265,-1.080961090565414e-08,-1.05145669948873e-09
211.54,15.944299999253218,-1.0811713529506903e-08,-1.051172482394426e-09
211.56,15.94629999925317,-1.0813815584925478e-08,-1.050888265300122e-09
211.58,15.948299999253123,-1.0815917071909864e-08,-1.0506040482058179e-09
211.6,15.950299999253076,-1.0818017990460062e-08,-1.0503198311115138e-09
211.62,15.952299999253029,-1.082011834057607e-08,-1.0500356140172098e-09
211.64,15.954299999252981,-1.082221812225789e-08,-1.0497513969229058e-09
211.66,15.956299999252934,-1.082431733550552e-08,-1.0494671798286017e-09
211.68,15.958299999252887,-1.0826415980318964e-08,-1.0491829627342977e-09
211.7,15.96029999925284,-1.0828514056698218e-08,-1.0488987456399936e-09
211.72,15.962299999252792,-1.0830611564643284e-08,-1.0486145285456896e-09
211.74,15.964299999252745,-1.083270850415416e-08,-1.0483303114513856e-09
211.76,15.966299999252698,-1.0834804875230849e-08,-1.0480460943570815e-09
211.78,15.96829999925265,-1.0836900677873348e-08,-1.0477618772627775e-09
211.8,15.970299999252603,-1.083899591208166e-08,-1.0474776601684734e-09
211.82,15.972299999252556,-1.0841090577855784e-08,-1.0471934430741694e-09
211.84,15.974299999252509,-1.0843184675195718e-08,-1.0469092259798654e-09
211.86,15.976299999252461,-1.0845278204101464e-08,-1.0466250088855613e-09
211.88,15.978299999252414,-1.0847371164573021e-08,-1.0463407917912573e-09
211.9,15.980299999252367,-1.0849463556610389e-08,-1.0460565746969532e-09
211.92,15.98229999925232,-1.0851555380213567e-08,-1.0457723576026492e-09
211.94,15.984299999252272,-1.0853646635382559e-08,-1.0454881405083452e-09
211.96,15.986299999252225,-1.085573732211736e-08,-1.0452039234140411e-09
211.98,15.988299999252177,-1.0857827440417975e-08,-1.044919706319737e-09
212.0,15.99029999925213,-1.08599169902844e-08,-1.044635489225433e-09
212.02,15.992299999252083,-1.0862005971716637e-08,-1.044351272131129e-09
212.04,15.994299999252036,-1.0864094384714686e-08,-1.044067055036825e-09
212.06,15.996299999251988,-1.0866182229278544e-08,-1.043782837942521e-09
212.08,15.998299999251941,-1.0868269505408214e-08,-1.0434986208482169e-09
212.1,16.000299999251894,-1.0870356212881652e-08,-1.0432099628618143e-09
212.12,16.002299999251846,-1.0872442352142946e-08,-1.0429257457675103e-09
212.14,16.0042999992518,-1.0874527922970051e-08,-1.0426415286732062e-09
212.16,16.006299999251752,-1.0876612925362967e-08,-1.0423573115789022e-09
212.18,16.008299999251705,-1.0878697359321696e-08,-1.0420730944845982e-09
212.2,16.010299999251657,-1.0880781224846236e-08,-1.0417888773902941e-09
212.22,16.01229999925161,-1.0882864521936587e-08,-1.04150466029599e-09
212.24,16.014299999251563,-1.0884947250592746e-08,-1.041220443201686e-09
212.26,16.016299999251515,-1.0887029410814721e-08,-1.040936226107382e-09
212.28,16.018299999251468,-1.0889111002602507e-08,-1.040652009013078e-09
212.3,16.02029999925142,-1.0891192025956103e-08,-1.040367791918774e-09
212.32,16.022299999251373,-1.0893272480875511e-08,-1.0400835748244699e-09
212.34,16.024299999251326,-1.089535236736073e-08,-1.0397993577301658e-09
212.36,16.02629999925128,-1.089743168541176e-08,-1.0395151406358618e-09
212.38,16.02829999925123,-1.08995104350286e-08,-1.0392309235415578e-09
212.4,16.030299999251184,-1.0901588616211256e-08,-1.0389467064472537e-09
212.42,16.032299999251137,-1.0903666228959721e-08,-1.0386624893529497e-09
212.44,16.03429999925109,-1.0905743273273997e-08,-1.0383782722586456e-09
212.46,16.036299999251042,-1.0907819749154083e-08,-1.0380940551643416e-09
212.48,16.038299999250995,-1.0909895656599984e-08,-1.0378098380700376e-09
212.5,16.040299999250948,-1.0911970995611694e-08,-1.0375256209757335e-09
212.52,16.0422999992509,-1.0914045766189215e-08,-1.0372414038814295e-09
212.54,16.044299999250853,-1.0916119968332548e-08,-1.0369571867871254e-09
212.56,16.046299999250806,-1.0918193602041691e-08,-1.0366729696928214e-09
212.58,16.04829999925076,-1.0920266667316648e-08,-1.0363887525985174e-09
212.6,16.05029999925071,-1.0922339164157414e-08,-1.0361045355042133e-09
212.62,16.052299999250664,-1.0924411092563995e-08,-1.0358203184099093e-09
212.64,16.054299999250617,-1.0926482452536384e-08,-1.0355361013156052e-09
212.66,16.05629999925057,-1.0928553244074586e-08,-1.0352518842213012e-09
212.68,16.058299999250522,-1.0930623467178598e-08,-1.0349676671269972e-09
212.7,16.060299999250475,-1.0932693121848423e-08,-1.0346834500326931e-09
212.72,16.062299999250428,-1.093476220808406e-08,-1.034399232938389e-09
212.74,16.06429999925038,-1.0936830725885507e-08,-1.034115015844085e-09
212.76,16.066299999250333,-1.0938898675252766e-08,-1.033830798749781e-09
212.78,16.068299999250286,-1.0940966056185835e-08,-1.033546581655477e-09
212.8,16.07029999925024,-1.0943032868684718e-08,-1.033262364561173e-09
212.82,16.07229999925019,-1.094509911274941e-08,-1.0329781474668689e-09
212.84,16.074299999250144,-1.0947164788379917e-08,-1.0326939303725648e-09
212.86,16.076299999250097,-1.0949229895576231e-08,-1.0324097132782608e-09
212.88,16.07829999925005,-1.095129443433836e-08,-1.0321254961839568e-09
212.9,16.080299999250002,-1.0953358404666297e-08,-1.0318412790896527e-09
212.92,16.082299999249955,-1.0955421806560047e-08,-1.0315570619953487e-09
212.94,16.084299999249907,-1.095748464001961e-08,-1.0312728449010446e-09
212.96,16.08629999924986,-1.0959546905044983e-08,-1.0309886278067406e-09
212.98,16.088299999249813,-1.0961608601636167e-08,-1.0307044107124366e-09
213.0,16.090299999249766,-1.0963669729793158e-08,-1.0304201936181325e-09
213.02,16.092299999249718,-1.0965730289515968e-08,-1.0301359765238285e-09
213.04,16.09429999924967,-1.0967790280804586e-08,-1.0298517594295244e-09
213.06,16.096299999249624,-1.0969849703659015e-08,-1.0295675423352204e-09
213.08,16.098299999249576,-1.0971908558079255e-08,-1.0292833252409164e-09
213.1,16.10029999924953,-1.097396684406531e-08,-1.0289991081466123e-09
213.12,16.10229999924948,-1.0976024561617173e-08,-1.0287148910523083e-09
213.14,16.104299999249434,-1.0978081710734846e-08,-1.0284306739580042e-09
213.16,16.106299999249387,-1.0980138291418334e-08,-1.0281464568637002e-09
213.18,16.10829999924934,-1.0982194303667634e-08,-1.0278622397693962e-09
213.2,16.110299999249293,-1.0984249747482744e-08,-1.0275780226750921e-09
213.22,16.112299999249245,-1.0986304622863662e-08,-1.027293805580788e-09
213.24,16.114299999249198,-1.0988358929810397e-08,-1.027009588486484e-09
213.26,16.11629999924915,-1.0990412668322942e-08,-1.02672537139218e-09
213.28,16.118299999249103,-1.0992465838401297e-08,-1.026441154297876e-09
213.3,16.120299999249056,-1.0994518440045463e-08,-1.026156937203572e-09
213.32,16.12229999924901,-1.0996570473255442e-08,-1.0258727201092679e-09
213.34,16.12429999924896,-1.0998621938031232e-08,-1.0255885030149638e-09
213.36,16.126299999248914,-1.100067283437283e-08,-1.0253042859206598e-09
213.38,16.128299999248867,-1.1002723162280245e-08,-1.0250200688263558e-09
213.4,16.13029999924882,-1.1004772921753469e-08,-1.0247358517320517e-09
213.42,16.132299999248772,-1.1006822112792504e-08,-1.0244516346377477e-09
213.44,16.134299999248725,-1.1008870735397348e-08,-1.0241674175434436e-09
213.46,16.136299999248678,-1.1010918789568007e-08,-1.0238832004491396e-09
213.48,16.13829999924863,-1.1012966275304476e-08,-1.0235989833548356e-09
213.5,16.140299999248583,-1.1015013192606756e-08,-1.0233147662605315e-09
213.52,16.142299999248536,-1.1017059541474849e-08,-1.0230305491662275e-09
213.54,16.14429999924849,-1.101910532190875e-08,-1.0227463320719234e-09
213.56,16.14629999924844,-1.1021150533908466e-08,-1.0224621149776194e-09
213.58,16.148299999248394,-1.102319517747399e-08,-1.0221778978833154e-09
213.6,16.150299999248347,-1.1025239252605332e-08,-1.0218936807890113e-09
213.62,16.1522999992483,-1.1027282759302478e-08,-1.0216094636947073e-09
213.64,16.154299999248252,-1.1029325697565439e-08,-1.0213252466004032e-09
213.66,16.156299999248205,-1.1031368067394209e-08,-1.0210410295060992e-09
213.68,16.158299999248158,-1.1033409868788795e-08,-1.0207568124117952e-09
213.7,16.16029999924811,-1.103545110174919e-08,-1.0204725953174911e-09
213.72,16.162299999248063,-1.1037491766275396e-08,-1.020188378223187e-09
213.74,16.164299999248016,-1.1039531862367414e-08,-1.019904161128883e-09
213.76,16.16629999924797,-1.104157139002524e-08,-1.019619944034579e-09
213.78,16.16829999924792,-1.1043610349248882e-08,-1.019335726940275e-09
213.8,16.170299999247874,-1.1045648740038333e-08,-1.019051509845971e-09
213.82,16.172299999247826,-1.1047686562393598e-08,-1.0187672927516669e-09
213.84,16.17429999924778,-1.1049723816314671e-08,-1.0184830756573628e-09
213.86,16.174999999248996,-1.1050436721162182e-08,-1.0175860154534657e-09
213.88,16.174999999248996,-1.1050436721162182e-08,-1.0175860154534657e-09
213.9,16.174999999248996,-1.1050436721162182e-08,-1.0175860154534657e-09
213.92,16.174999999248996,-1.1050436721162182e-08,-1.0175860154534657e-09
213.94,16.174999999248996,-1.1050436721162182e-08,-1.0175860154534657e-09
213.96,16.174999999248996,-1.1050436721162182e-08,-1.0175860154534657e-09
213.98,16.174999999248996,-1.1050436721162182e-08,-1.0175860154534657e-09
214.0,16.174999999248996,-1.1050436721162182e-08,-1.0175860154534657e-09
214.02,16.174999999248996,-1.1050436721162182e-08,-1.0175860154534657e-09
214.04,16.174999999248996,-1.1050436721162182e-08,-1.0175860154534657e-09
214.06,16.174999999248996,-1.1050436721162182e-08,-1.0175860154534657e-09
214.08,16.174999999248996,-1.1050436721162182e-08,-1.0175860154534657e-09
214.1,16.174999999248996,-1.1050436721162182e-08,-1.0175860154534657e-09
214.12,16.174999999248996,-1.1050436721162182e-08,-1.0175860154534657e-09
214.14,16.174999999248996,-1.1050436721162182e-08,-1.0175860154534657e-09
214.16,16.174999999248996,-1.1050436721162182e-08,-1.0175860154534657e-09
214.18,16.174999999248996,-1.1050436721162182e-08,-1.0175860154534657e-09
214.2,16.174999999248996,-1.1050436721162182e-08,-1.0175860154534657e-09
214.22,16.174999999248996,-1.1050436721162182e-08,-1.0175860154534657e-09
214.24,16.174999999248996,-1.1050436721162182e-08,-1.0175860154534657e-09
214.26,16.174999999248996,-1.1050436721162182e-08,-1.0175860154534657e-09
214.28,16.174999999248996,-1.1050436721162182e-08,-1.0175860154534657e-09
214.3,16.174999999248996,-1.1050436721162182e-08,-1.0175860154534657e-09
214.32,16.174999999248996,-1.1050436721162182e-08,-1.0175860154534657e-09
214.34,16.174999999248996,-1.1050436721162182e-08,-1.0175860154534657e-09
214.36,16.174999999248996,-1.1050436721162182e-08,-1.0175860154534657e-09
214.38,16.174999999248996,-1.1050436721162182e-08,-1.0175860154534657e-09
214.4,16.174999999248996,-1.1050436721162182e-08,-1.0175860154534657e-09
214.42,16.174999999248996,-1.1050436721162182e-08,-1.0175860154534657e-09
214.44,16.174999999248996,-1.1050436721162182e-08,-1.0175860154534657e-09
214.46,16.174999999248996,-1.1050436721162182e-08,-1.0175860154534657e-09
214.48,16.174999999248996,-1.1050436721162182e-08,-1.0175860154534657e-09
214.5,16.174999999248996,-1.1050436721162182e-08,-1.0175860154534657e-09
214.52,16.174999999248996,-1.1050436721162182e-08,-1.0175860154534657e-09
214.54,16.174999999248996,-1.1050436721162182e-08,-1.0175860154534657e-09
214.56,16.174999999248996,-1.1050436721162182e-08,-1.0175860154534657e-09
214.58,16.174999999248996,-1.1050436721162182e-08,-1.0175860154534657e-09
214.6,16.174999999248996,-1.1050436721162182e-08,-1.0175860154534657e-09
214.62,16.174999999248996,-1.1050436721162182e-08,-1.0175860154534657e-09
214.64,16.174999999248996,-1.1050436721162182e-08,-1.0175860154534657e-09
214.66,16.174999999248996,-1.1050436721162182e-08,-1.0175860154534657e-09
214.68,16.174999999248996,-1.1050436721162182e-08,-1.0175860154534657e-09
214.7,16.174999999248996,-1.1050436721162182e-08,-1.0175860154534657e-09
214.72,16.174999999248996,-1.1050436721162182e-08,-1.0175860154534657e-09
214.74,16.174999999248996,-1.1050436721162182e-08,-1.0175860154534657e-09
214.76,16.174999999248996,-1.1050436721162182e-08,-1.0175860154534657e-09
214.78,16.174999999248996,-1.1050436721162182e-08,-1.0175860154534657e-09
214.8,16.174999999248996,-1.1050436721162182e-08,-1.0175860154534657e-09
214.82,16.174999999248996,-1.1050436721162182e-08,-1.0175860154534657e-09
214.84,16.174999999248996,-1.1050436721162182e-08,-1.0175860154534657e-09
214.86,16.174999999248996,-1.1050436721162182e-08,-1.0175860154534657e-09
214.88,16.174999999248996,-1.1050436721162182e-08,-1.0175860154534657e-09
214.9,16.174999999248996,-1.1050436721162182e-08,-1.0175860154534657e-09
214.92,16.174999999248996,-1.1050436721162182e-08,-1.0175860154534657e-09
214.94,16.174999999248996,-1.1050436721162182e-08,-1.0175860154534657e-09
214.96,16.174999999248996,-1.1050436721162182e-08,-1.0175860154534657e-09
214.98,16.174999999248996,-1.1050436721162182e-08,-1.0175860154534657e-09
215.0,16.174999999248996,-1.1050436721162182e-08,-1.0175860154534657e-09
215.02,16.174999999248996,-1.1050436721162182e-08,-1.0175860154534657e-09
215.04,16.174999999248996,-1.1050436721162182e-08,-1.0175860154534657e-09
215.06,16.174999999248996,-1.1050436721162182e-08,-1.0175860154534657e-09
215.08,16.174999999248996,-1.1050436721162182e-08,-1.0175860154534657e-09
215.1,16.174999999248996,-1.1050436721162182e-08,-1.0175860154534657e-09
215.12,16.174999999248996,-1.1050436721162182e-08,-1.0175860154534657e-09
215.14,16.174999999248996,-1.1050436721162182e-08,-1.0175860154534657e-09
215.16,16.174999999248996,-1.1050436721162182e-08,-1.0175860154534657e-09
215.18,16.174999999248996,-1.1050436721162182e-08,-1.0175860154534657e-09
215.2,16.174999999248996,-1.1050436721162182e-08,-1.0175860154534657e-09
215.22,16.174999999248996,-1.1050436721162182e-08,-1.0175860154534657e-09
215.24,16.174999999248996,-1.1050436721162182e-08,-1.0175860154534657e-09
215.26,16.174999999248996,-1.1050436721162182e-08,-1.0175860154534657e-09
215.28,16.174999999248996,-1.1050436721162182e-08,-1.0175860154534657e-09
215.3,16.174999999248996,-1.1050436721162182e-08,-1.0175860154534657e-09
215.32,16.174999999248996,-1.1050436721162182e-08,-1.0175860154534657e-09
215.34,16.174999999248996,-1.1050436721162182e-08,-1.0175860154534657e-09
215.36,16.174999999248996,-1.1050436721162182e-08,-1.0175860154534657e-09
215.38,16.174999999248996,-1.1050436721162182e-08,-1.0175860154534657e-09
215.4,16.174999999248996,-1.1050436721162182e-08,-1.0175860154534657e-09
215.42,16.174999999248996,-1.1050436721162182e-08,-1.0175860154534657e-09
215.44,16.174999999248996,-1.1050436721162182e-08,-1.0175860154534657e-09
215.46,16.174999999248996,-1.1050436721162182e-08,-1.0175860154534657e-09
215.48,16.174999999248996,-1.1050436721162182e-08,-1.0175860154534657e-09
215.5,16.174999999248996,-1.1050436721162182e-08,-1.0175860154534657e-09
215.52,16.174999999248996,-1.1050436721162182e-08,-1.0175860154534657e-09
215.54,16.174999999248996,-1.1050436721162182e-08,-1.0175860154534657e-09
215.56,16.174999999248996,-1.1050436721162182e-08,-1.0175860154534657e-09
215.58,16.174999999248996,-1.1050436721162182e-08,-1.0175860154534657e-09
215.6,16.174999999248996,-1.1050436721162182e-08,-1.0175860154534657e-09
215.62,16.174999999248996,-1.1050436721162182e-08,-1.0175860154534657e-09
215.64,16.174999999248996,-1.1050436721162182e-08,-1.0175860154534657e-09
215.66,16.174999999248996,-1.1050436721162182e-08,-1.0175860154534657e-09
215.68,16.174999999248996,-1.1050436721162182e-08,-1.0175860154534657e-09
215.7,16.174999999248996,-1.1050436721162182e-08,-1.0175860154534657e-09
215.72,16.174999999248996,-1.1050436721162182e-08,-1.0175860154534657e-09
215.74,16.174999999248996,-1.1050436721162182e-08,-1.0175860154534657e-09
215.76,16.174999999248996,-1.1050436721162182e-08,-1.0175860154534657e-09
215.78,16.174999999248996,-1.1050436721162182e-08,-1.0175860154534657e-09
215.8,16.174999999248996,-1.1050436721162182e-08,-1.0175860154534657e-09
215.82,16.174999999248996,-1.1050436721162182e-08,-1.0175860154534657e-09
215.84,16.174999999248996,-1.1050436721162182e-08,-1.0175860154534657e-09
215.86,16.174999999248996,-1.1050436721162182e-08,-1.0175860154534657e-09
215.88,16.174999999248996,-1.1050436721162182e-08,-1.0175860154534657e-09
215.9,16.174999999248996,-1.1050436721162182e-08,-1.0175860154534657e-09
215.92,16.174999999248996,-1.1050436721162182e-08,-1.0175860154534657e-09
215.94,16.174999999248996,-1.1050436721162182e-08,-1.0175860154534657e-09
215.96,16.174999999248996,-1.1050436721162182e-08,-1.0175860154534657e-09
215.98,16.174999999248996,-1.1050436721162182e-08,-1.0175860154534657e-09
216.0,16.174999999248996,-1.1050436721162182e-08,-1.0175860154534657e-09
216.02,16.174999999248996,-1.1050436721162182e-08,-1.0175860154534657e-09
216.04,16.174999999248996,-1.1050436721162182e-08,-1.0175860154534657e-09
216.06,16.174999999248996,-1.1050436721162182e-08,-1.0175860154534657e-09
216.08,16.174999999248996,-1.1050436721162182e-08,-1.0175860154534657e-09
216.1,16.174999999248996,-1.1050436721162182e-08,-1.0175860154534657e-09
216.12,16.174999999248996,-1.1050436721162182e-08,-1.0175860154534657e-09
216.14,16.174999999248996,-1.1050436721162182e-08,-1.0175860154534657e-09
216.16,16.174999999248996,-1.1050436721162182e-08,-1.0175860154534657e-09
216.18,16.174999999248996,-1.1050436721162182e-08,-1.0175860154534657e-09
216.2,16.174999999248996,-1.1050436721162182e-08,-1.0175860154534657e-09
216.22,16.174999999248996,-1.1050436721162182e-08,-1.0175860154534657e-09
216.24,16.174999999248996,-1.1050436721162182e-08,-1.0175860154534657e-09
216.26,16.174999999248996,-1.1050436721162182e-08,-1.0175860154534657e-09
216.28,16.174999999248996,-1.1050436721162182e-08,-1.0175860154534657e-09
216.3,16.174999999248996,-1.1050436721162182e-08,-1.0175860154534657e-09
216.32,16.174999999248996,-1.1050436721162182e-08,-1.0175860154534657e-09
216.34,16.174999999248996,-1.1050436721162182e-08,-1.0175860154534657e-09
216.36,16.174999999248996,-1.1050436721162182e-08,-1.0175860154534657e-09
216.38,16.174999999248996,-1.1050436721162182e-08,-1.0175860154534657e-09
216.4,16.174999999248996,-1.1050436721162182e-08,-1.0175860154534657e-09
216.42,16.174999999248996,-1.1050436721162182e-08,-1.0175860154534657e-09
216.44,16.174999999248996,-1.1050436721162182e-08,-1.0175860154534657e-09
216.46,16.174999999248996,-1.1050436721162182e-08,-1.0175860154534657e-09
216.48,16.174999999248996,-1.1050436721162182e-08,-1.0175860154534657e-09
216.5,16.174999999248996,-1.1050436721162182e-08,-1.0175860154534657e-09
216.52,16.174999999248996,-1.1050436721162182e-08,-1.0175860154534657e-09
216.54,16.174999999248996,-1.1050436721162182e-08,-1.0175860154534657e-09
216.56,16.174999999248996,-1.1050436721162182e-08,-1.0175860154534657e-09
216.58,16.174999999248996,-1.1050436721162182e-08,-1.0175860154534657e-09
216.6,16.174999999248996,-1.1050436721162182e-08,-1.0175860154534657e-09
216.62,16.174999999248996,-1.1050436721162182e-08,-1.0175860154534657e-09
216.64,16.174999999248996,-1.1050436721162182e-08,-1.0175860154534657e-09
216.66,16.174999999248996,-1.1050436721162182e-08,-1.0175860154534657e-09
216.68,16.174999999248996,-1.1050436721162182e-08,-1.0175860154534657e-09
216.7,16.174999999248996,-1.1050436721162182e-08,-1.0175860154534657e-09
216.72,16.174999999248996,-1.1050436721162182e-08,-1.0175860154534657e-09
216.74,16.174999999248996,-1.1050436721162182e-08,-1.0175860154534657e-09
216.76,16.174999999248996,-1.1050436721162182e-08,-1.0175860154534657e-09
216.78,16.174999999248996,-1.1050436721162182e-08,-1.0175860154534657e-09
216.8,16.174999999248996,-1.1050436721162182e-08,-1.0175860154534657e-09
216.82,16.174999999248996,-1.1050436721162182e-08,-1.0175860154534657e-09
216.84,16.174999999248996,-1.1050436721162182e-08,-1.0175860154534657e-09
216.86,16.174999999248996,-1.1050436721162182e-08,-1.0175860154534657e-09
216.88,16.174999999248996,-1.1050436721162182e-08,-1.0175860154534657e-09
216.9,16.174999999248996,-1.1050436721162182e-08,-1.0175860154534657e-09
216.92,16.174999999248996,-1.1050436721162182e-08,-1.0175860154534657e-09
216.94,16.174999999248996,-1.1050436721162182e-08,-1.0175860154534657e-09
216.96,16.174999999248996,-1.1050436721162182e-08,-1.0175860154534657e-09
216.98,16.174999999248996,-1.1050436721162182e-08,-1.0175860154534657e-09
217.0,16.174999999248996,-1.1050436721162182e-08,-1.0175860154534657e-09
217.02,16.174999999248996,-1.1050436721162182e-08,-1.0175860154534657e-09
217.04,16.174999999248996,-1.1050436721162182e-08,-1.0175860154534657e-09
217.06,16.174999999248996,-1.1050436721162182e-08,-1.0175860154534657e-09
217.08,16.174999999248996,-1.1050436721162182e-08,-1.0175860154534657e-09
217.1,16.174999999248996,-1.1050436721162182e-08,-1.0175860154534657e-09
217.12,16.174999999248996,-1.1050436721162182e-08,-1.0175860154534657e-09
217.14,16.174999999248996,-1.1050436721162182e-08,-1.0175860154534657e-09
217.16,16.174999999248996,-1.1050436721162182e-08,-1.0175860154534657e-09
217.18,16.174999999248996,-1.1050436721162182e-08,-1.0175860154534657e-09
217.2,16.174999999248996,-1.1050436721162182e-08,-1.0175860154534657e-09
217.22,16.174999999248996,-1.1050436721162182e-08,-1.0175860154534657e-09
217.24,16.174999999248996,-1.1050436721162182e-08,-1.0175860154534657e-09
217.26,16.174999999248996,-1.1050436721162182e-08,-1.0175860154534657e-09
217.28,16.174999999248996,-1.1050436721162182e-08,-1.0175860154534657e-09
217.3,16.174999999248996,-1.1050436721162182e-08,-1.0175860154534657e-09
217.32,16.174999999248996,-1.1050436721162182e-08,-1.0175860154534657e-09
217.34,16.174999999248996,-1.1050436721162182e-08,-1.0175860154534657e-09
217.36,16.174999999248996,-1.1050436721162182e-08,-1.0175860154534657e-09
217.38,16.174999999248996,-1.1050436721162182e-08,-1.0175860154534657e-09
217.4,16.174999999248996,-1.1050436721162182e-08,-1.0175860154534657e-09
217.42,16.174999999248996,-1.1050436721162182e-08,-1.0175860154534657e-09
217.44,16.174999999248996,-1.1050436721162182e-08,-1.0175860154534657e-09
217.46,16.174999999248996,-1.1050436721162182e-08,-1.0175860154534657e-09
217.48,16.174999999248996,-1.1050436721162182e-08,-1.0175860154534657e-09
217.5,16.174999999248996,-1.1050436721162182e-08,-1.0175860154534657e-09
217.52,16.174999999248996,-1.1050436721162182e-08,-1.0175860154534657e-09
217.54,16.174999999248996,-1.1050436721162182e-08,-1.0175860154534657e-09
217.56,16.174999999248996,-1.1050436721162182e-08,-1.0175860154534657e-09
217.58,16.174999999248996,-1.1050436721162182e-08,-1.0175860154534657e-09
217.6,16.174999999248996,-1.1050436721162182e-08,-1.0175860154534657e-09
217.62,16.174999999248996,-1.1050436721162182e-08,-1.0175860154534657e-09
217.64,16.174999999248996,-1.1050436721162182e-08,-1.0175860154534657e-09
217.66,16.174999999248996,-1.1050436721162182e-08,-1.0175860154534657e-09
217.68,16.174999999248996,-1.1050436721162182e-08,-1.0175860154534657e-09
217.7,16.174999999248996,-1.1050436721162182e-08,-1.0175860154534657e-09
217.72,16.174999999248996,-1.1050436721162182e-08,-1.0175860154534657e-09
217.74,16.174999999248996,-1.1050436721162182e-08,-1.0175860154534657e-09
217.76,16.174999999248996,-1.1050436721162182e-08,-1.0175860154534657e-09
217.78,16.174999999248996,-1.1050436721162182e-08,-1.0175860154534657e-09
217.8,16.174999999248996,-1.1050436721162182e-08,-1.0175860154534657e-09
217.82,16.174999999248996,-1.1050436721162182e-08,-1.0175860154534657e-09
217.84,16.174999999248996,-1.1050436721162182e-08,-1.0175860154534657e-09
217.86,16.174999999248996,-1.1050436721162182e-08,-1.0175860154534657e-09
217.88,16.174999999248996,-1.1050436721162182e-08,-1.0175860154534657e-09
217.9,16.174999999248996,-1.1050436721162182e-08,-1.0175860154534657e-09
217.92,16.174999999248996,-1.1050436721162182e-08,-1.0175860154534657e-09
217.94,16.174999999248996,-1.1050436721162182e-08,-1.0175860154534657e-09
217.96,16.174999999248996,-1.1050436721162182e-08,-1.0175860154534657e-09
217.98,16.174999999248996,-1.1050436721162182e-08,-1.0175860154534657e-09
218.0,16.174999999248996,-1.1050436721162182e-08,-1.0175860154534657e-09
218.02,16.174999999248996,-1.1050436721162182e-08,-1.0175860154534657e-09
218.04,16.174999999248996,-1.1050436721162182e-08,-1.0175860154534657e-09
218.06,16.174999999248996,-1.1050436721162182e-08,-1.0175860154534657e-09
218.08,16.174999999248996,-1.1050436721162182e-08,-1.0175860154534657e-09
218.1,16.174999999248996,-1.1050436721162182e-08,-1.0175860154534657e-09
218.12,16.174999999248996,-1.1050436721162182e-08,-1.0175860154534657e-09
218.14,16.174999999248996,-1.1050436721162182e-08,-1.0175860154534657e-09
218.16,16.174999999248996,-1.1050436721162182e-08,-1.0175860154534657e-09
218.18,16.174999999248996,-1.1050436721162182e-08,-1.0175860154534657e-09
218.2,16.174999999248996,-1.1050436721162182e-08,-1.0175860154534657e-09
218.22,16.174999999248996,-1.1050436721162182e-08,-1.0175860154534657e-09
218.24,16.174999999248996,-1.1050436721162182e-08,-1.0175860154534657e-09
218.26,16.174999999248996,-1.1050436721162182e-08,-1.0175860154534657e-09
218.28,16.174999999248996,-1.1050436721162182e-08,-1.0175860154534657e-09
218.3,16.174999999248996,-1.1050436721162182e-08,-1.0175860154534657e-09
218.32,16.174999999248996,-1.1050436721162182e-08,-1.0175860154534657e-09
218.34,16.174999999248996,-1.1050436721162182e-08,-1.0175860154534657e-09
218.36,16.174999999248996,-1.1050436721162182e-08,-1.0175860154534657e-09
218.38,16.174999999248996,-1.1050436721162182e-08,-1.0175860154534657e-09
218.4,16.174999999248996,-1.1050436721162182e-08,-1.0175860154534657e-09
218.42,16.174999999248996,-1.1050436721162182e-08,-1.0175860154534657e-09
218.44,16.174999999248996,-1.1050436721162182e-08,-1.0175860154534657e-09
218.46,16.174999999248996,-1.1050436721162182e-08,-1.0175860154534657e-09
218.48,16.174999999248996,-1.1050436721162182e-08,-1.0175860154534657e-09
218.5,16.174999999248996,-1.1050436721162182e-08,-1.0175860154534657e-09
218.52,16.174999999248996,-1.1050436721162182e-08,-1.0175860154534657e-09
218.54,16.174999999248996,-1.1050436721162182e-08,-1.0175860154534657e-09
218.56,16.174999999248996,-1.1050436721162182e-08,-1.0175860154534657e-09
218.58,16.174999999248996,-1.1050436721162182e-08,-1.0175860154534657e-09
218.6,16.174999999248996,-1.1050436721162182e-08,-1.0175860154534657e-09
218.62,16.174999999248996,-1.1050436721162182e-08,-1.0175860154534657e-09
218.64,16.174999999248996,-1.1050436721162182e-08,-1.0175860154534657e-09
218.66,16.174999999248996,-1.1050436721162182e-08,-1.0175860154534657e-09
218.68,16.174999999248996,-1.1050436721162182e-08,-1.0175860154534657e-09
218.7,16.174999999248996,-1.1050436721162182e-08,-1.0175860154534657e-09
218.72,16.174999999248996,-1.1050436721162182e-08,-1.0175860154534657e-09
218.74,16.174999999248996,-1.1050436721162182e-08,-1.0175860154534657e-09
218.76,16.174999999248996,-1.1050436721162182e-08,-1.0175860154534657e-09
218.78,16.174999999248996,-1.1050436721162182e-08,-1.0175860154534657e-09
218.8,16.174999999248996,-1.1050436721162182e-08,-1.0175860154534657e-09
218.82,16.174999999248996,-1.1050436721162182e-08,-1.0175860154534657e-09
218.84,16.174999999248996,-1.1050436721162182e-08,-1.0175860154534657e-09
218.86,16.174999999248996,-1.1050436721162182e-08,-1.0175860154534657e-09
218.88,16.174999999248996,-1.1050436721162182e-08,-1.0175860154534657e-09
218.9,16.174999999248996,-1.1050436721162182e-08,-1.0175860154534657e-09
218.92,16.174999999248996,-1.1050436721162182e-08,-1.0175860154534657e-09
218.94,16.174999999248996,-1.1050436721162182e-08,-1.0175860154534657e-09
218.96,16.174999999248996,-1.1050436721162182e-08,-1.0175860154534657e-09
218.98,16.174999999248996,-1.1050436721162182e-08,-1.0175860154534657e-09
219.0,16.174999999248996,-1.1050436721162182e-08,-1.0175860154534657e-09
219.02,16.174999999248996,-1.1050436721162182e-08,-1.0175860154534657e-09
219.04,16.174999999248996,-1.1050436721162182e-08,-1.0175860154534657e-09
219.06,16.174999999248996,-1.1050436721162182e-08,-1.0175860154534657e-09
219.08,16.174999999248996,-1.1050436721162182e-08,-1.0175860154534657e-09
219.1,16.174999999248996,-1.1050436721162182e-08,-1.0175860154534657e-09
219.12,16.174999999248996,-1.1050436721162182e-08,-1.0175860154534657e-09
219.14,16.174999999248996,-1.1050436721162182e-08,-1.0175860154534657e-09
219.16,16.174999999248996,-1.1050436721162182e-08,-1.0175860154534657e-09
219.18,16.174999999248996,-1.1050436721162182e-08,-1.0175860154534657e-09
219.2,16.174999999248996,-1.1050436721162182e-08,-1.0175860154534657e-09
219.22,16.174999999248996,-1.1050436721162182e-08,-1.0175860154534657e-09
219.24,16.174999999248996,-1.1050436721162182e-08,-1.0175860154534657e-09
219.26,16.174999999248996,-1.1050436721162182e-08,-1.0175860154534657e-09
219.28,16.174999999248996,-1.1050436721162182e-08,-1.0175860154534657e-09
219.3,16.174999999248996,-1.1050436721162182e-08,-1.0175860154534657e-09
219.32,16.174999999248996,-1.1050436721162182e-08,-1.0175860154534657e-09
219.34,16.174999999248996,-1.1050436721162182e-08,-1.0175860154534657e-09
219.36,16.174999999248996,-1.1050436721162182e-08,-1.0175860154534657e-09
219.38,16.174999999248996,-1.1050436721162182e-08,-1.0175860154534657e-09
219.4,16.174999999248996,-1.1050436721162182e-08,-1.0175860154534657e-09
219.42,16.174999999248996,-1.1050436721162182e-08,-1.0175860154534657e-09
219.44,16.174999999248996,-1.1050436721162182e-08,-1.0175860154534657e-09
219.46,16.174999999248996,-1.1050436721162182e-08,-1.0175860154534657e-09
219.48,16.174999999248996,-1.1050436721162182e-08,-1.0175860154534657e-09
219.5,16.174999999248996,-1.1050436721162182e-08,-1.0175860154534657e-09
219.52,16.174999999248996,-1.1050436721162182e-08,-1.0175860154534657e-09
219.54,16.174999999248996,-1.1050436721162182e-08,-1.0175860154534657e-09
219.56,16.174999999248996,-1.1050436721162182e-08,-1.0175860154534657e-09
219.58,16.174999999248996,-1.1050436721162182e-08,-1.0175860154534657e-09
219.6,16.174999999248996,-1.1050436721162182e-08,-1.0175860154534657e-09
219.62,16.174999999248996,-1.1050436721162182e-08,-1.0175860154534657e-09
219.64,16.174999999248996,-1.1050436721162182e-08,-1.0175860154534657e-09
219.66,16.174999999248996,-1.1050436721162182e-08,-1.0175860154534657e-09
219.68,16.174999999248996,-1.1050436721162182e-08,-1.0175860154534657e-09
219.7,16.174999999248996,-1.1050436721162182e-08,-1.0175860154534657e-09
219.72,16.174999999248996,-1.1050436721162182e-08,-1.0175860154534657e-09
219.74,16.174999999248996,-1.1050436721162182e-08,-1.0175860154534657e-09
219.76,16.174999999248996,-1.1050436721162182e-08,-1.0175860154534657e-09
219.78,16.174999999248996,-1.1050436721162182e-08,-1.0175860154534657e-09
219.8,16.174999999248996,-1.1050436721162182e-08,-1.0175860154534657e-09
219.82,16.174999999248996,-1.1050436721162182e-08,-1.0175860154534657e-09
219.84,16.174999999248996,-1.1050436721162182e-08,-1.0175860154534657e-09
219.86,16.174999999248996,-1.1050436721162182e-08,-1.0175860154534657e-09
219.88,16.174999999248996,-1.1050436721162182e-08,-1.0175860154534657e-09
219.9,16.174999999248996,-1.1050436721162182e-08,-1.0175860154534657e-09
219.92,16.174999999248996,-1.1050436721162182e-08,-1.0175860154534657e-09
219.94,16.174999999248996,-1.1050436721162182e-08,-1.0175860154534657e-09
219.96,16.174999999248996,-1.1050436721162182e-08,-1.0175860154534657e-09
219.98,16.174999999248996,-1.1050436721162182e-08,-1.0175860154534657e-09
220.0,16.174999999248996,-1.1050436721162182e-08,-1.0175860154534657e-09
220.02,16.174999999248996,-1.1050436721162182e-08,-1.0175860154534657e-09
220.04,16.174999999248996,-1.1050436721162182e-08,-1.0175860154534657e-09
220.06,16.174999999248996,-1.1050436721162182e-08,-1.0175860154534657e-09
220.08,16.174999999248996,-1.1050436721162182e-08,-1.0175860154534657e-09
220.1,16.174999999248996,-1.1050436721162182e-08,-1.0175860154534657e-09
220.12,16.174999999248996,-1.1050436721162182e-08,-1.0175860154534657e-09
220.14,16.174999999248996,-1.1050436721162182e-08,-1.0175860154534657e-09
220.16,16.174999999248996,-1.1050436721162182e-08,-1.0175860154534657e-09
220.18,16.174999999248996,-1.1050436721162182e-08,-1.0175860154534657e-09
220.2,16.174999999248996,-1.1050436721162182e-08,-1.0175860154534657e-09
220.22,16.174999999248996,-1.1050436721162182e-08,-1.0175860154534657e-09
220.24,16.174999999248996,-1.1050436721162182e-08,-1.0175860154534657e-09
220.26,16.174999999248996,-1.1050436721162182e-08,-1.0175860154534657e-09
220.28,16.174999999248996,-1.1050436721162182e-08,-1.0175860154534657e-09
220.3,16.174999999248996,-1.1050436721162182e-08,-1.0175860154534657e-09
220.32,16.174999999248996,-1.1050436721162182e-08,-1.0175860154534657e-09
220.34,16.174999999248996,-1.1050436721162182e-08,-1.0175860154534657e-09
220.36,16.174999999248996,-1.1050436721162182e-08,-1.0175860154534657e-09
220.38,16.174999999248996,-1.1050436721162182e-08,-1.0175860154534657e-09
220.4,16.174999999248996,-1.1050436721162182e-08,-1.0175860154534657e-09
220.42,16.174999999248996,-1.1050436721162182e-08,-1.0175860154534657e-09
220.44,16.174999999248996,-1.1050436721162182e-08,-1.0175860154534657e-09
220.46,16.174999999248996,-1.1050436721162182e-08,-1.0175860154534657e-09
220.48,16.174999999248996,-1.1050436721162182e-08,-1.0175860154534657e-09
220.5,16.174999999248996,-1.1050436721162182e-08,-1.0175860154534657e-09
220.52,16.174999999248996,-1.1050436721162182e-08,-1.0175860154534657e-09
220.54,16.174999999248996,-1.1050436721162182e-08,-1.0175860154534657e-09
220.56,16.174999999248996,-1.1050436721162182e-08,-1.0175860154534657e-09
220.58,16.174999999248996,-1.1050436721162182e-08,-1.0175860154534657e-09
220.6,16.174999999248996,-1.1050436721162182e-08,-1.0175860154534657e-09
220.62,16.174999999248996,-1.1050436721162182e-08,-1.0175860154534657e-09
220.64,16.174999999248996,-1.1050436721162182e-08,-1.0175860154534657e-09
220.66,16.174999999248996,-1.1050436721162182e-08,-1.0175860154534657e-09
220.68,16.174999999248996,-1.1050436721162182e-08,-1.0175860154534657e-09
220.7,16.174999999248996,-1.1050436721162182e-08,-1.0175860154534657e-09
220.72,16.174999999248996,-1.1050436721162182e-08,-1.0175860154534657e-09
220.74,16.174999999248996,-1.1050436721162182e-08,-1.0175860154534657e-09
220.76,16.174999999248996,-1.1050436721162182e-08,-1.0175860154534657e-09
220.78,16.174999999248996,-1.1050436721162182e-08,-1.0175860154534657e-09
