time,x,y,yaw,bias_z,P_xx,P_yy,P_yaw,P_bias,info_eig_0,info_eig_1,info_eig_2,min_info_eigenvalue
0.1,0.11185086447177878,0.0009401608955771725,0.0005025872376844893,-5.695934370098356e-05,3.780379716646032e-05,8.888646137810355e-06,3.549698366696042e-06,0.0007634929434067083,162.8829589750142,655.0341367091321,2108.2067094843437,162.8829589750142
0.2,0.10158369549123544,-0.0005356882700306061,0.0012711547725142588,-0.0014567186646629975,1.8334090559835073e-05,4.0484853254976305e-06,1.701068109877344e-06,0.00027758732207616824,165.10733836277353,677.698858162517,3108.3905815806856,165.10733836277353
0.4,0.10121028866621826,-0.0005337475128377103,0.0012510742627838166,-2.828379518381467e-05,4.850529835965489e-07,1.3162231889341113e-07,3.0533125205549316e-08,7.133625497432174e-05,203.48378119071978,719.291364794825,3618.71332047758,203.48378119071978
0.5,0.10192609630459099,-0.0005317330084182093,0.0012509667639429517,-5.6032156811493384e-05,3.925251251003147e-07,6.683465600370613e-08,2.8264925914821128e-08,4.353468504435328e-05,202.78015008553226,719.8981864437571,3618.215107420325,202.78015008553226
0.6000000000000001,0.10177297459311674,-0.0005310350331812516,0.0012424563365174555,7.878954836231168e-07,3.889188597117622e-07,4.47993186304738e-08,2.7713962952472214e-08,3.046053313914135e-05,202.51657829278767,720.1567786595147,3617.9999247064284,202.51657829278767
0.7000000000000001,0.10313385743089763,-0.0005289564758113255,0.0012490895803981875,-2.7373683587688818e-05,3.9003280938923756e-07,3.363562315953168e-08,2.739273238101905e-08,2.3412785823569213e-05,201.671290524146,720.8479805859354,3617.9328088158527,201.671290524146
0.8,0.10458971366515635,-0.0005232497336548332,0.001179049752772015,0.0001938836164157249,3.909857549976597e-07,2.6919152538071764e-08,2.718544548805341e-08,1.9032490137363933e-05,201.0775855254395,721.2035057204962,3619.4601122565987,201.0775855254395
0.9,0.10441925433795494,-0.0005229982308245466,0.0011695660265137004,0.00018802574123517315,3.9158504652441314e-07,2.2459499099201395e-08,2.7065842081866686e-08,1.605060403511246e-05,200.71262789124907,721.583496602233,3617.882037186063,200.71262789124907
1.0,0.10371865622446876,-0.0005474653798772832,0.0012656723514399342,-5.5931885801598335e-05,2.191068827964833e-07,1.9269443745178454e-08,1.4064192524878348e-08,1.5960800159901885e-05,200.9938964594871,721.3708290822071,3620.5322864585664,200.9938964594871
1.1,0.10315038731550441,-0.0005265577783118674,0.001179718272707799,0.00016203640988811063,1.521653689168058e-07,1.687221802059447e-08,9.534539944554141e-09,1.592966691724209e-05,200.7524649025614,721.6419079881603,3622.637561244613,200.7524649025614
1.2,0.10314101785777241,-0.0005264929358781133,0.001179342056741646,0.00016299735932385147,1.1656312843234083e-07,1.5004592007562565e-08,7.226105338486317e-09,1.5913879349627736e-05,200.69384025480593,722.0886402398427,3620.3362899159765,200.69384025480593
1.3,0.10313798446027833,-0.000526474853057171,0.0011792245056710862,0.0001632984067151329,9.446407089602932e-08,1.350917998074219e-08,5.823641061222052e-09,1.5904330155540533e-05,200.66884906809364,722.1154535733627,3620.2445112669966,200.66884906809364
9.3,0.10287263278746828,-0.0005332924261674945,0.001412744816219881,-0.0004491913243013585,7.947806783302483e-08,1.229029982429378e-08,4.971225681966305e-09,1.589852429300809e-05,199.57841960003634,715.3191645749,3234.5056093354588,199.57841960003634
9.4,0.10666654463445112,-0.0004980752268584095,0.001122725726645297,0.0005795345457799834,6.289115442118275e-07,1.216427789838981e-08,1.2283648863578356e-07,1.5149410332712661e-05,195.09983115892067,704.2273128986081,2948.5075095548455,195.09983115892067
9.5,0.10872772827911148,-0.0005070080623712118,0.0065689396931756265,-0.005968386247317282,3.095455325319047e-06,1.2056612089081096e-08,3.7949556072204214e-07,1.3150622681089443e-05,197.48999855162563,698.2435367061003,2586.477730147113,197.48999855162563
9.6,0.10825959829786204,-0.0004247084615447915,0.004867086206395974,-0.003973546381361742,7.637811808128067e-07,1.1555327142415418e-08,6.398450718555076e-08,1.2705525236491305e-05,203.3494074489155,719.8209190958878,2759.564640614613,203.3494074489155
9.7,0.10551301472648665,-0.000477632963546972,0.006166119194509408,-0.004564089319368467,1.187577217274498e-06,1.125343627258688e-08,1.0021488324021817e-07,1.1411623893063288e-05,209.6977975088638,711.9404100214806,2845.3063763186938,209.6977975088638
9.8,0.10629031636954295,-0.0004423918449113251,0.007702076984208361,-0.00540399507833375,7.354108633839517e-07,1.089281574170169e-08,8.100204754849432e-08,1.0368648447620393e-05,267.4737887006752,654.1724063938659,2675.946221438618,267.4737887006752
9.9,0.10589488874702133,-0.00044060210672901924,0.007429582749080211,-0.0051756626942668724,5.578919409864053e-07,1.0740230885230943e-08,5.6052718346026546e-08,1.0350999148802823e-05,240.0016369074608,683.0842614210407,3143.515705225905,240.0016369074608
10.0,0.11049537453926978,-0.00038470665092627904,0.005328728669377534,-0.003061862218336849,2.3806207378006675e-06,1.0736137757465505e-08,3.5438064864540903e-07,9.682126448678934e-06,267.1729248611355,638.4766732264695,2387.094553618128,267.1729248611355
10.2,0.11150303019793992,-0.00037127029418724145,0.0037010207996002772,-0.0017604732180630644,7.82540074575806e-07,1.0215984358102736e-08,4.930382468760158e-08,8.810875336761017e-06,204.77289525708062,713.9409219716706,3555.5703205352775,204.77289525708062
10.3,0.11301076755419572,-0.0003676497284702312,0.0032657913464669884,-0.0013666137562165686,4.44790720516268e-07,9.471311981717078e-09,3.1442026526012694e-08,8.231268793887706e-06,213.0907465669837,712.0611236499828,3236.3143892252856,213.0907465669837
10.4,0.11330749246206068,-0.00036553502228323125,0.0031096936492533474,-0.001276728321077048,2.2829505377707163e-07,8.85748374769008e-09,1.5902008888424326e-08,8.226082475297681e-06,213.08504283740845,711.9601531461201,3239.3585819851733,213.08504283740845
10.5,0.11333657167853614,-0.0003653543547301143,0.003093946173412845,-0.0012676542328362121,1.537082072592239e-07,8.3197335130854e-09,1.0579209502656764e-08,8.224302714032878e-06,212.444592415188,712.3963380279633,3319.2904210197366,212.444592415188
10.6,0.11504340675211232,-0.0003604160614452749,0.0030854438991906497,-0.0011565702813951446,3.6320687049905223e-07,7.831487797008181e-09,2.8815724970390385e-08,7.706333212061984e-06,212.4336560964263,712.3873734117649,3319.376072514573,212.4336560964263
10.7,0.11606143524708178,-0.0003573232578595995,0.0030878544806193318,-0.0010762694239562101,3.7307860066143644e-07,7.4003285251144414e-09,2.8921056616145245e-08,7.216918759152795e-06,212.445426335584,712.3848053120366,3317.7415231631812,212.445426335584
24.3,0.11459715910789697,-0.00035813524353217195,0.002156901565491096,3.303138150012727e-05,1.261113987155781e-06,7.363952342792563e-09,1.8097149203414204e-07,6.980874053720636e-06,204.7980225194676,703.7474333404205,2758.775967512439,204.7980225194676
24.4,0.11490544031657968,-0.00031802925233708867,0.001001121612481822,0.0013120561660063276,6.505765103070991e-07,7.216784178827826e-09,6.802681923888318e-08,6.840417264886074e-06,204.29098088985685,716.1152430687307,2609.046851078054,204.29098088985685
24.5,0.11759187192279871,-0.0003593910724323358,0.0026389183765852765,0.0003229946713595652,9.990904283646658e-07,7.047852522416946e-09,8.06251622245673e-08,6.490080836737298e-06,208.84696931978027,713.0595452362584,2994.6005668628004,208.84696931978027
24.6,0.12317160260182965,-0.00037815508845650663,0.004373802269923989,-0.0005689472422076145,1.1182798130739404e-06,6.9167741728668836e-09,1.1514516880159723e-07,6.222429203011858e-06,203.99657554190256,704.3066069769147,2289.3689864907055,203.99657554190256
24.7,0.12680982154768375,-0.0003646655893927077,0.004949997135150592,-0.0008143273570726194,2.067341657655358e-06,6.882947954098289e-09,2.0513903742340675e-07,6.000026467204508e-06,195.37308882942668,691.8721918029136,2568.687016165626,195.37308882942668
24.8,0.12586186874292607,-0.00036570219302757166,0.004284740177906124,-0.0004921839394942298,1.361324949066225e-06,6.827452700076382e-09,1.0488551721129198e-07,5.976439290356389e-06,200.73281271937134,727.0008757865747,3807.718272154478,200.73281271937134
24.9,0.12849608288191064,-0.0003330350058824655,0.0026034124487674406,0.000317004470869063,1.9588842845808454e-06,6.774924098342006e-09,1.7396090382965585e-07,5.775425340418086e-06,211.22475705709633,704.8473194475905,3015.71783133333,211.22475705709633
25.0,0.1289112286852033,-0.0003985365575316112,0.0035021909778601575,-9.447702331293772e-05,5.060402974405606e-07,6.46791179986085e-09,3.4505075653305326e-08,5.553143100410403e-06,206.87413007239255,713.8072493491081,3267.678471593161,206.87413007239255
25.1,0.1341878010035693,-0.0003724925409002611,0.0024624911776001766,0.00036416635021837803,2.00598874639467e-06,6.418871779013227e-09,1.7192246561089937e-07,5.4076248534220096e-06,203.50080780458313,722.1824188881211,3180.6646994691537,203.50080780458313
25.2,0.1347284468076894,-0.00037451276680449655,0.0028984889877610503,0.0001610451495408661,4.662845476142509e-07,6.109918728439631e-09,2.8583381131369057e-08,5.225708947584713e-06,201.53210026859125,721.886462709828,3537.6495316511173,201.53210026859125
25.3,0.13651946499537415,-0.0003697279758237954,0.0029245716165197675,0.00012472789804971466,3.950923316565128e-07,5.8361579134942705e-09,2.6171921276680714e-08,5.042868528376051e-06,200.61834257757732,722.520849846998,3671.098183500775,200.61834257757732
25.4,0.13783729523491503,-0.0003663184369250359,0.0029520516495012317,9.556270346588288e-05,3.914838720788285e-07,5.5881534520973126e-09,2.6342802532603616e-08,4.862404368424859e-06,200.9150361663016,722.3981126439664,3643.889486731039,200.9150361663016
25.5,0.1378370165055797,-0.0003663014437992843,0.002945198024255026,0.00010100741271907595,2.192305818718207e-07,5.365640659465917e-09,1.3702561907809978e-08,4.8544165828188546e-06,200.64464186317022,722.1413845714495,3621.6441487749407,200.64464186317022
25.7,0.13931190213198347,-0.0003620445499856538,0.0029728050723544803,7.483320786390314e-05,3.831445434613614e-07,5.155142857748878e-09,2.6476532292724018e-08,4.69748998383172e-06,200.6688082313026,722.1200827156425,3618.150403320881,200.6688082313026
39.3,0.13808390168334983,-0.0003931811592693559,0.0052020906721350745,-0.0015841737793789717,7.948071642162716e-07,5.09188826880947e-09,6.965596230867964e-08,4.571035452667372e-06,196.97817647781852,718.380031439748,3392.472709588476,196.97817647781852
39.4,0.1376838028340322,-0.0003955853480763983,0.005449602668767056,-0.0017683173075031628,6.829409383352274e-07,5.070884442160635e-09,5.73758263411543e-08,4.564220352516672e-06,193.14211939869102,706.9719993987857,2987.556601740207,193.14211939869102
39.5,0.1370819143165858,-0.00040322941764514596,0.009743623119406474,-0.0032985706718102717,2.964773804668538e-06,5.127262061270486e-09,3.5608278495713896e-07,4.512801078043745e-06,198.5035718423315,696.111386455083,2460.4829220234374,198.5035718423315
39.6,0.1354165681164901,-0.0004006087735919046,0.009022694487465207,-0.002902237242453799,1.5013771053168043e-06,5.139937949911939e-09,1.291192506999724e-07,4.408447021437525e-06,206.128690008468,719.3829876277936,2768.9431126775535,206.128690008468
39.7,0.1326898661772632,-0.00044267421687356923,0.010293269174277581,-0.003222860213710543,1.1576925008921619e-06,5.064261505681531e-09,9.84042779988808e-08,4.3392938901387785e-06,209.6977975088638,711.9404100214806,2845.3063763186938,209.6977975088638
39.8,0.13333210566020434,-0.00042259918732400587,0.011147764022609146,-0.003523418414626576,4.806258011429579e-07,4.936445548809281e-09,4.5588644648592614e-08,4.332828170883262e-06,267.47387455230654,654.1779691628738,2676.372493214137,267.47387455230654
39.9,0.13490858709220208,-0.0004021936012555254,0.010402179810618147,-0.0031201079780757727,1.6891349747751684e-06,5.064915747171998e-09,1.619108538891807e-07,4.287079502054648e-06,239.84509415012715,683.0844572755288,3150.805975486748,239.84509415012715
40.0,0.1338619834639962,-0.000404331439548232,0.008166973298420626,-0.002233571183434195,2.6070503640921846e-06,5.131363925337606e-09,3.689635215762595e-07,4.25577054384568e-06,266.85789933847724,638.8382221268131,2386.8895314722613,266.85789933847724
40.2,0.13396989691929376,-0.0003970951132781212,0.006543697437128064,-0.0016014526689701752,7.770462357239941e-07,4.820653994466112e-09,4.9495988954316676e-08,4.168355544457385e-06,204.82779837372257,713.9793167439826,3550.9549385099845,204.82779837372257
40.3,0.13548063947679823,-0.0003895157637988006,0.006102585249497783,-0.001411478225954152,4.4467175970263013e-07,4.6144942846200815e-09,3.133938150158964e-08,4.139076284795199e-06,213.0907921205186,712.0640611975434,3236.335228449626,213.0907921205186
40.4,0.1357720047183998,-0.000387068136113242,0.005949405526066416,-0.0013676517194034525,2.2823621302556974e-07,4.455822479254695e-09,1.5820058719829692e-08,4.1378034372580605e-06,213.08446520356287,711.9600927710253,3239.3660672978694,213.08446520356287
40.5,0.13580108592607376,-0.0003868387949543764,0.0059336662498076734,-0.0013631470341978584,1.5366864610221621e-07,4.312922975120986e-09,1.0506602935886607e-08,4.13736756879738e-06,212.444592415188,712.3963380279633,3319.2904210197366,212.444592415188
40.6,0.13619986737385123,-0.00038457913358372743,0.00594125944456461,-0.001314081445871605,3.631344092613205e-07,4.18628910064736e-09,2.8675611452705176e-08,4.0458538881788935e-06,212.4336560964263,712.3873734117649,3319.376072514573,212.4336560964263
40.7,0.13717221564781076,-0.0003788410276617134,0.005944713176408237,-0.0012649046109339621,3.7300289429152485e-07,4.058768313775761e-09,2.8791306522695963e-08,3.9492693432439835e-06,212.445426335584,712.3848053120366,3317.7415231631812,212.445426335584
54.3,0.13655586982530754,-0.0003807872426528688,0.004674429434887612,-0.0002836472910394347,1.5731348036800533e-06,4.0873302144264425e-09,2.1485621832881845e-07,3.863133910443573e-06,204.79902858145545,703.4919532356581,2758.184375154635,204.79902858145545
54.4,0.13725190167952156,-0.00036006273057725133,0.003263694390072031,0.000614666117643344,1.0849188246366436e-06,4.0303890338608736e-09,1.1026509519995174e-07,3.725652671194532e-06,203.9298285227741,716.7021856275527,2651.1596360673557,203.9298285227741
54.5,0.13628496645165977,-0.00034536255071420096,0.0022630574183245635,0.001243053347395209,7.622928861114237e-07,3.999212899155339e-09,7.111741392913877e-08,3.710079041501598e-06,203.8621950704437,693.5469455829422,2713.562805788316,203.8621950704437
54.6,0.13623745180207827,-0.00033327534723256736,0.0019488389440934972,0.0014396520412420129,5.666756922570717e-07,3.9687950761327646e-09,5.3219607210953575e-08,3.7029603149353355e-06,209.164772301328,700.318731861337,2268.8004290164345,209.164772301328
54.7,0.13902354473957176,-0.00033471001233117574,0.0025609752912194267,0.0011970559636149498,1.8016111563308535e-06,3.938312063006485e-09,1.6094425344349267e-07,3.691250834514787e-06,197.36477309040606,710.4277051767492,2855.0446999173337,197.36477309040606
54.8,0.13783336991883857,-0.00033910492485269005,0.0025855400207864536,0.0011894239209719259,1.2570734323478038e-06,3.922016319434314e-09,9.713336725909455e-08,3.6852206920424414e-06,201.39581184677323,713.8872044598701,3507.783819090412,201.39581184677323
54.9,0.13744037613697366,-0.0003274404365388739,0.0019467067075062236,0.0013842246483832224,8.654801342707098e-07,3.901201848073894e-09,6.541588298551443e-08,3.6822233556807902e-06,211.25693948343837,704.8469747122246,3015.7515502669976,211.25693948343837
55.0,0.13664359126308248,-0.0003646008124114716,0.002859959951392755,0.0010693321887027412,5.252734807077548e-07,3.811303788941741e-09,3.613195253101163e-08,3.6688574380561885e-06,206.82068544434054,713.8048115437373,3272.9963517277383,206.82068544434054
55.1,0.1363441729547665,-0.00036091371603828707,0.00173614643339775,0.0013619468655948444,2.0196653237623813e-06,3.808735550473509e-09,1.7310959452576897e-07,3.6710907544765954e-06,203.5346624605687,722.1608630719154,3176.353039745612,203.5346624605687
55.3,0.13620513129771683,-0.0003612137171637761,0.0019469143297177651,0.0012598383162806827,4.7406259340184146e-07,3.696597477499122e-09,2.8131998616330136e-08,3.669116261303318e-06,200.76207896209104,722.0233148953608,3602.888048948057,200.76207896209104
55.4,0.13603315107000002,-0.0003618455659288132,0.0019606283452889856,0.0012101881136095203,3.949580894342863e-07,3.599245223302311e-09,2.629870792701948e-08,3.609024180754372e-06,200.92141938145986,722.3950304072854,3643.2554730281845,200.92141938145986
55.5,0.13603286819651808,-0.0003618319351973358,0.0019537772084877907,0.0012140584001934943,2.2031748068569868e-07,3.5055495216968027e-09,1.3669165082129207e-08,3.6049901009221405e-06,200.64464186317022,722.1413845714495,3621.6441487749407,200.64464186317022
55.7,0.13836997185303962,-0.0003573233278055974,0.001980959002734493,0.0011462189377051863,3.1548044550324254e-07,3.412507116985438e-09,2.4500692388256385e-08,3.5342196164886804e-06,200.6688082313026,722.1200827156425,3618.150403320881,200.6688082313026
69.3,0.13859614619337013,-0.00036430956668616034,0.0021543038419388353,0.001001416824210037,2.8547548379465493e-07,3.3980571961846006e-09,2.1534191792019836e-08,3.5321068624156032e-06,198.28665739745742,718.9663321411215,3454.7649707138407,198.28665739745742
69.4,0.13711174575527402,-0.00036854284924186663,0.003390487895452645,0.00024927133787797226,1.310391698906504e-06,3.395980098340305e-09,1.862534894353326e-07,3.5213036078741407e-06,192.04142311325435,707.4837805601275,3077.0268911421704,192.04142311325435
69.5,0.13902571864509944,-0.0003600307945670232,0.00278736882036878,0.0004271494809635208,3.338085841710778e-06,3.4232647950827003e-09,3.5207962018181574e-07,3.510107934494218e-06,200.59865531625513,710.1067026018745,2944.5936764925837,200.59865531625513
69.6,0.13772368652957648,-0.00034738134637774486,-0.0010996821447078978,0.0018810919435074893,1.5741513328660069e-06,3.3852034717527025e-09,1.2273955410711973e-07,3.4599134168623868e-06,194.36213762503564,713.0763747211741,3086.1461902250485,194.36213762503564
69.7,0.134557196716854,-0.0003570994637693467,0.0001395502951311064,0.0014666540323262527,1.1600525387728512e-06,3.3658800686072595e-09,9.827943315373578e-08,3.456613966298024e-06,209.6977975088638,711.9404100214806,2845.3063763186938,209.6977975088638
69.8,0.13496825622897773,-0.0003482690162346958,0.0011410481579887121,0.0007493644542037675,5.080665845858605e-07,3.332550469932232e-09,5.3078999550167114e-08,3.4349011548097886e-06,267.4740858502146,654.1928578369802,2677.5089334762115,267.4740858502146
69.9,0.13468219586881702,-0.00034684014320826773,0.0009383478681863325,0.0008898059660532804,4.169629440874314e-07,3.318642646456285e-09,4.10160794409128e-08,3.4291548469915406e-06,239.44807369464016,683.083897100289,3169.143956918064,239.44807369464016
70.0,0.13639775214505942,-0.00035485954234504194,0.003245277008546244,0.00020119721275062166,2.0607466746161556e-06,3.310111384654974e-09,3.299717062511307e-07,3.4503414265076734e-06,267.3644264864385,632.3735739438268,2065.6467705825753,267.3644264864385
70.1,0.1373536891425588,-0.00037472278676619296,0.004258492269360619,-8.123536739573908e-05,7.122835155811275e-07,3.2766154180626815e-09,5.179261214012956e-08,3.4339659573757486e-06,210.33732213583994,707.7818802599811,3189.2609341799953,210.33732213583994
70.3,0.13696611359242408,-0.00037632140810814086,0.004577787754413934,-0.00016206169426913471,4.4633689719103296e-07,3.2010060285032843e-09,3.0551772960507583e-08,3.4464205708824906e-06,212.42957393292818,712.3675963957976,3316.84618215538,212.42957393292818
70.4,0.137961311934961,-0.0003713079346288629,0.004308273391149911,-1.2026480932052832e-05,3.755600349808193e-07,3.126087016091111e-09,2.9436102939387476e-08,3.400442257986125e-06,213.082050982608,711.9598512815825,3239.399939017273,213.082050982608
70.5,0.1379818736849892,-0.00037118779924223813,0.0042658235684861195,1.1401879989990492e-05,3.7357427215231777e-07,3.056535875275713e-09,2.8751167722755927e-08,3.3493725435507663e-06,212.444592415188,712.3963380279633,3319.2904210197366,212.444592415188
70.6,0.13797595273235227,-0.0003712176977542118,0.00426923781244399,9.545732409649494e-06,2.0822534656917606e-07,2.9871311052407266e-09,1.4933553879096284e-08,3.345277308556699e-06,212.4336560964263,712.3873734117649,3319.376072514573,212.4336560964263
70.7,0.13828432456970463,-0.00036991348418481174,0.00427502448587492,6.181805992428911e-06,3.6591891618256506e-07,2.925344321406632e-09,2.8677894716388716e-08,3.3011592691900143e-06,212.445426335584,712.3848053120366,3317.7415231631812,212.445426335584
75.8,0.13606268465024837,-0.0003793663574853223,0.004268672114289374,9.704444657417253e-06,3.611843932385124e-07,2.9240188554871304e-09,2.8212170434795895e-08,3.301023251924923e-06,167.02800006437144,613.6232751038473,2889.890594842969,167.02800006437144
75.9,0.20461639001827608,-8.663768331004356e-05,0.0037305289776055836,0.0001120835243527199,6.714067766405903e-06,3.0322836735393638e-09,9.380864856900307e-07,3.401651161653932e-06,224.07456493986385,650.405556316639,2445.055928455795,224.07456493986385
76.1,0.14363776186148747,-0.0003286877835107447,0.003019221112489975,0.00021707519402617323,6.889086685561681e-06,3.461619616802515e-09,6.291854421965697e-07,3.496355546738015e-06,187.49354376749866,636.958121549433,2648.3271298752275,187.49354376749866
76.3,0.08883097935685925,-0.0005201834398161011,0.002255326908959331,0.0003329999462337539,1.1584775297673512e-05,3.800632430726445e-09,1.1347233885013641e-06,3.5958843320908867e-06,172.3990420542388,667.1956288184131,2845.7744460688036,172.3990420542388
76.5,0.09216224942407564,-0.0005168977753622601,0.0022622963124515885,0.00031976395031829246,4.6823023439651953e-07,4.022831826591493e-09,3.24969683297662e-08,3.662950565003382e-06,210.29652959546178,717.0355293742703,3141.208599935153,210.29652959546178
76.6,0.09181949337039491,-0.0005213292938153829,0.002363143052278877,0.00030469602165369487,3.9248277953227095e-07,3.99863802835021e-09,2.7308490369156327e-08,3.662821689211826e-06,205.7011813966901,715.2106942227603,3003.616464735883,205.7011813966901
76.8,0.09159462629406903,-0.0005220505724673285,0.0023267983726650695,0.00031039448589766235,2.1874673274724074e-07,3.882202973811423e-09,1.416048837296379e-08,3.6624946016650224e-06,201.95238753377822,724.6704473389102,3501.8880727312485,201.95238753377822
76.9,0.09362390457851266,-0.000526285935554798,0.0017542871230018491,0.0006322962346869874,9.381950818735904e-07,3.853467267951824e-09,1.1880435472187633e-07,3.634309379544957e-06,190.51396294211395,710.0843413213826,2495.2050734775107,190.51396294211395
77.0,0.09377943309191801,-0.0005266472491394255,0.0018270362846583748,0.0005907157961993018,3.131117229069876e-07,3.745603034908581e-09,2.4665589401739672e-08,3.603436380601714e-06,212.65173411340325,712.2929137199006,3299.983013008697,212.65173411340325
77.1,0.09452514236402854,-0.0005253244052843772,0.001816374660437473,0.0005768041120613548,3.708172622128065e-07,3.6423485064214253e-09,2.887580420930395e-08,3.5401893514565724e-06,212.60098342501365,712.312024277418,3298.369432627318,212.60098342501365
77.2,0.09536217865614803,-0.0005237804815507325,0.0018144941477215705,0.0005583809216119526,3.7335413636443943e-07,3.5443970368948375e-09,2.8877818183511055e-08,3.4794866498426128e-06,212.5887236265137,712.3363004744479,3300.529952523426,212.5887236265137
77.3,0.09779774319513455,-0.0005189000654316738,0.001722118004934417,0.0005911904921989274,1.0694343646687577e-06,3.5258383415349457e-09,1.2818148669650004e-07,3.453743431367743e-06,204.9359086249901,717.7976223663985,2916.61750458528,204.9359086249901
77.4,0.0975306201105895,-0.0005195168790951916,0.0017334752655630158,0.000584886513633298,3.311087574985653e-07,3.4355098566764206e-09,2.48014167272948e-08,3.4215294422521135e-06,208.3584727523221,713.8461686852975,3339.862133346429,208.3584727523221
77.5,0.0980983126121802,-0.0005220408701184707,0.0018049787236785572,0.0005457116507759668,1.967095197589272e-07,3.3508648681223068e-09,1.3745942470753685e-08,3.418083645517095e-06,206.2039490000254,716.1146141994116,3343.365588125488,206.2039490000254
77.6,0.09968560843573594,-0.00051590466891226,0.001645019652559182,0.000571101130507209,4.4401440622876603e-07,3.263910655608135e-09,3.003062192588469e-08,3.424380205459037e-06,208.28275184332352,713.8502506374698,3348.3828709527324,208.28275184332352
77.7,0.09959145706310857,-0.0005159400227650969,0.0016346110255659704,0.0005739642548372661,2.317346275293758e-07,3.1871288453648798e-09,1.5180138112689537e-08,3.4232338086895174e-06,206.15717864903823,715.7348649138852,3355.1057095695787,206.15717864903823
77.8,0.10317386464901937,-0.0005089353878843852,-0.0006558649010020055,0.0017928358831040244,1.004734966212473e-06,3.1686715906865548e-09,1.1276269905471097e-07,3.4028959741920267e-06,203.44055694697397,709.1639847531957,3311.950237399881,203.44055694697397
77.9,0.1036312324026354,-0.0005122368307777765,-0.0007394981814856071,0.0017800983192697633,4.0410102221020946e-07,3.0949938658960116e-09,3.17148277618308e-08,3.3293510472120113e-06,206.3606209682754,717.8709613305188,3044.7360132491467,206.3606209682754
78.0,0.1070332341108994,-0.0005219588742862672,-0.0007390484571853641,0.0017242882111847793,9.683266914694302e-07,3.0738497891130777e-09,1.0829330874040338e-07,3.304396067931659e-06,199.65453351550994,717.7432240701612,2837.459378087241,199.65453351550994
78.1,0.10799062449857132,-0.0005229009292188369,-0.0007732490974230298,0.0016881851973628097,4.237789436405907e-07,3.003270075052007e-09,3.352216081008192e-08,3.2389881231527358e-06,194.40850676640068,733.3418922513093,2854.99649310761,194.40850676640068
78.2,0.10924454480797319,-0.0005238121221732972,-0.0007995118694818074,0.001649263475130307,4.03095200222776e-07,2.933679424707944e-09,3.306834702087274e-08,3.1976333241826418e-06,194.38288123948735,733.389671555465,2856.3386592815027,194.38288123948735
78.3,0.1091108676176767,-0.000523497299754532,-0.000810352690902195,0.0016548698627281465,2.2597484866340495e-07,2.870238356967138e-09,1.7265527765603027e-08,3.1933529187120734e-06,194.4089519488647,733.3522344822973,2854.048263124397,194.4089519488647
78.4,0.10918496439352016,-0.0005239547876877956,-0.0008095887486348227,0.0016545409801185357,1.5699835226517303e-07,2.8095394582915435e-09,1.1692869786756081e-08,3.1918432769094427e-06,194.38572759709942,733.376814514135,2854.218949557492,194.38572759709942
78.5,0.1090917169838819,-0.0005153234034005925,-0.0008838904567714259,0.0016916974044399794,1.4507159289129425e-07,2.793521228537741e-09,1.0777583521160119e-08,3.19159521901227e-06,192.75084599923147,732.491060042168,2773.3038287396093,192.75084599923147
78.6,0.10902145964059552,-0.0005149313351588053,-0.0008921470624040862,0.0016959355508012995,1.1195030973592367e-07,2.7366951375514194e-09,8.120376131856276e-09,3.1908762859153644e-06,203.67176106227768,728.0204179678025,3138.1664349162274,203.67176106227768
78.7,0.11039213316054436,-0.0005162840532119113,-0.0009224701811282913,0.0016592137299048658,3.737473029003585e-07,2.6782472675052894e-09,3.0060183031649705e-08,3.158111801279551e-06,202.85859786117086,728.9014319503995,3139.408728942246,202.85859786117086
78.8,0.11149718296469979,-0.0005171423171809416,-0.0009819104830938003,0.0016388919004744638,3.8599996911425345e-07,2.6229510072431093e-09,3.0205540811148686e-08,3.121746356678883e-06,203.67658328224704,728.0217279531919,3138.2303994859594,203.67658328224704
78.9,0.11140510579005121,-0.0005167640143404692,-0.0009809278694454739,0.0016383451598211485,2.1637099524390743e-07,2.572604630612829e-09,1.570826191006857e-08,3.118001456181437e-06,202.8585298245207,728.9095789258477,3139.4611237346944,202.8585298245207
79.0,0.1109092957742775,-0.0005139725154953951,-0.0010520932869538166,0.0016741259762308378,1.8893405380966635e-07,2.556567658086374e-09,1.3981144580891641e-08,3.1175538538708187e-06,202.35090219629632,707.7735756952674,2483.13270097448,202.35090219629632
79.1,0.11083273664425149,-0.0005138085957578014,-0.0010536632695375575,0.00167490947270325,1.3506109172057252e-07,2.508874617569781e-09,1.068586134488831e-08,3.116701152303636e-06,209.66205397815403,721.0760543301617,2285.021736448104,209.66205397815403
79.2,0.11370925552442218,-0.0005176126356834637,-0.0009867521188021882,0.0015908413986147822,3.64558190053304e-07,2.4597133292310613e-09,4.051505624048072e-08,3.090151757724062e-06,210.36810157973272,720.6192475201997,2284.136855139241,210.36810157973272
79.3,0.11360188129547667,-0.0005174086007072847,-0.000996543843402294,0.0015957519191303615,2.0671848835759723e-07,2.415397870957211e-09,2.1415156211421257e-08,3.0853185268704437e-06,209.15106766049456,721.5394819102174,2285.002468229952,209.15106766049456
79.4,0.11350524571626454,-0.0005174220639053864,-0.001003425918153173,0.0015992325499720973,1.4428320154775663e-07,2.372751356498483e-09,1.4556422137516425e-08,3.0835828565566735e-06,209.031360696202,721.6441965866584,2288.8122882740795,209.031360696202
79.5,0.11344659561804588,-0.0005171787537170309,-0.0010039617286900831,0.0015994725803002946,1.1081497491524463e-07,2.3316121857611022e-09,1.1029025423772008e-08,3.082690169074485e-06,209.02747947940907,721.6983066899037,2290.166632446898,209.02747947940907
79.6,0.11342657209061285,-0.000515790863497018,-0.0009547301483633557,0.0015744868646685533,1.0474507712679075e-07,2.3214226864677984e-09,1.04641954888342e-08,3.082547089255165e-06,205.29739771890962,714.760580960596,2021.9785111986012,205.29739771890962
79.7,0.11559095492608902,-0.0005171534533914788,-0.0009035986031136025,0.0015018456524043423,3.6659860605856813e-07,2.2771046165001846e-09,3.032493289418489e-08,3.0553962541170733e-06,207.8685650460802,733.3281379578672,3100.258042157118,207.8685650460802
79.8,0.1155598122586172,-0.0005170955511835498,-0.0009343396554029017,0.0015171393920226667,2.0704493086001092e-07,2.238944641932768e-09,1.5806532865083673e-08,3.051800028766284e-06,210.05894863869096,731.3872865178404,3099.098667140808,210.05894863869096
79.9,0.11548302419459075,-0.0005168764694000236,-0.0009500755464543159,0.0015249463842984185,1.44657957494217e-07,2.2020532229560756e-09,1.069790553108042e-08,3.0505344599512544e-06,208.1466264158912,733.2208359700634,3097.0604541140947,208.1466264158912
80.0,0.11547728780511402,-0.0005167402177156098,-0.0009532938634354864,0.0015265270878006452,1.1092738030664006e-07,2.1664767452392405e-09,8.087563144396616e-09,3.049887697803473e-06,210.06145506901078,731.4015038911202,3098.1840150167673,210.06145506901078
80.1,0.11543189508607822,-0.0005167174090252799,-0.0009646936947041352,0.001532203080855918,9.010663702534105e-08,2.1319584969682454e-09,6.5046994967212905e-09,3.049495426136535e-06,208.1597004936583,733.2170628144157,3095.0663102013464,208.1597004936583
80.2,0.11558458180114453,-0.0005205639863519022,-0.0009710714089968709,0.0015359690275078609,8.490793359225973e-08,2.121061732716987e-09,6.192205957228913e-09,3.0494177368454485e-06,208.97859700343545,722.5719157580929,2474.121917986147,208.97859700343545
80.3,0.1168233293513468,-0.0005216420345158494,-0.001036736283384153,0.0015229091914833923,3.9148946688712825e-07,2.084787824358421e-09,3.375907567884627e-08,3.0259319665320864e-06,189.66558553137926,748.6362777671619,2763.413436655701,189.66558553137926
80.4,0.11674148218950955,-0.0005215034435049121,-0.001040806073605976,0.0015249057198736095,2.245752189678626e-07,2.051903470666402e-09,1.7686107353731747e-08,3.0220285174952284e-06,189.67454104115848,748.6437894435068,2763.359846211961,189.67454104115848
80.5,0.11667144903633515,-0.0005276829818913588,-0.0008551789455230935,0.0014344083716221056,1.9857703046143234e-07,2.0415366765849477e-09,1.5841428132938258e-08,3.021579754239869e-06,180.52617914980863,738.3319138243793,2122.9029598423363,180.52617914980863
80.6,0.11773246663688776,-0.0005286740246744683,-0.0008804326115488435,0.0014048045503161485,3.819127175605863e-07,2.008569019286271e-09,4.161598153772548e-08,2.9992327478651407e-06,200.775066020598,727.8880467820718,2219.986780682033,200.775066020598
80.7,0.11926981727499808,-0.0005300531030204139,-0.0009390277741726015,0.0013925310579826066,3.8982296808938347e-07,1.9766502758934496e-09,4.300351411280203e-08,2.9725864303837384e-06,201.58303956544333,727.3121200000044,2159.5636274620583,201.58303956544333
80.8,0.1191685658318073,-0.0005299165069130959,-0.0009455942602198647,0.0013956948150894153,2.182801705646749e-07,1.947559771106621e-09,2.2701658415274807e-08,2.9678556900164913e-06,201.563231427708,727.233755789927,2159.1033378318925,201.563231427708
80.9,0.11982544600121164,-0.0005303046087576295,-0.0009561886401959499,0.0014007674312760043,1.515665201119353e-07,1.9193843950930982e-09,1.5438412322685137e-08,2.9661632461855163e-06,201.61521529235858,727.7330952729039,2154.7046591412022,201.61521529235858
81.0,0.11977477686652394,-0.0005302094199499901,-0.000960156069367117,0.001402675528230197,1.1616885905926609e-07,1.89202383730853e-09,1.1695495517471589e-08,2.9652910708692098e-06,201.01010906915496,728.0648599589682,2158.7413300607072,201.01010906915496
81.1,0.12140230161987223,-0.0005317401485401716,-0.0010190378662043777,0.001405459774076413,2.994083670304245e-07,1.863844623409435e-09,3.7783457214888684e-08,2.936640718246296e-06,201.67975699176924,727.1055810343116,2156.7215068548553,201.67975699176924
81.2,0.12151929645061517,-0.0005301739869370815,-0.0009718606652547478,0.0013719858349970553,2.6603258606874145e-07,1.858020352660302e-09,3.236506083654367e-08,2.9339671464626865e-06,190.98492678669228,738.3441635206617,2092.78908412021,190.98492678669228
81.3,0.12265848552164134,-0.000531403492129314,-0.001051145939464859,0.0013696319714737435,4.0748924710143217e-07,1.8301592010958557e-09,3.086283447041302e-08,2.9039879631085283e-06,186.683971499924,755.653048047203,3058.467186944202,186.683971499924
81.4,0.12414594357830279,-0.000532804553602869,-0.001057882571124044,0.0013338623090014242,4.134673406030135e-07,1.8033946970205337e-09,3.083864628383833e-08,2.8818437125087105e-06,187.62640777914672,754.7868204829151,3059.243721591521,187.62640777914672
81.5,0.12550140798132417,-0.0005341413358378521,-0.0011372353312787506,0.0013335804134111207,4.1537485793967176e-07,1.7773908534712224e-09,3.08435961710256e-08,2.8613637960477335e-06,186.69454935127985,755.6751251147408,3058.6212826366464,186.69454935127985
81.6,0.12564869017583188,-0.0005309086610841093,-0.0012117762986984314,0.0013677346786765323,3.7656682823515665e-07,1.77408523559155e-09,2.7779604881920998e-08,2.8607009372259455e-06,184.68369106594605,753.0867717356161,2744.0060533223163,184.68369106594605
81.7,0.12555232970505398,-0.0005307687374144499,-0.0012233088211150334,0.0013730921981370036,1.9166956764410062e-07,1.7518140066399144e-09,1.531969654379156e-08,2.8580068708044506e-06,256.1000946234574,696.2432886005181,2981.8590826026284,256.1000946234574
81.8,0.12551985288236456,-0.0005305745408402419,-0.0012299986682420994,0.0013761793132034562,1.272782205479931e-07,1.730509774548211e-09,1.0575021447082206e-08,2.856980915726818e-06,263.91795542283035,688.5543885026407,2988.193775725719,263.91795542283035
81.9,0.12662090446198507,-0.0005318717868012857,-0.0012672286761447856,0.0013552454958747607,3.1252866526012655e-07,1.7079056181659798e-09,3.136147082570901e-08,2.8421664437583164e-06,256.1412460893103,696.2594016884169,2976.89591811007,256.1412460893103
82.0,0.12657370489381323,-0.0005316450084453945,-0.0012749242968894436,0.0013587785739294493,1.712406423472769e-07,1.6875342213910198e-09,1.634755924023288e-08,2.8389578178967246e-06,263.96295276074926,688.5687551838421,2983.3244667315853,263.96295276074926
82.1,0.12651827255360948,-0.0005315657687984564,-0.0012833218462263056,0.0013626590967375347,1.1902210652639739e-07,1.6675482846225651e-09,1.1071675550468477e-08,2.837830216742598e-06,256.18603793642217,696.2559674659151,2972.3086973837344,256.18603793642217
82.2,0.12647485027180924,-0.0005313512370441196,-0.0012896006750967109,0.0013655383425982986,9.056256319418605e-08,1.6482781711143783e-09,8.368149290777759e-09,2.837252351946815e-06,263.993297825834,688.5749083797632,2979.5537034303006,263.993297825834
82.3,0.12644129202245707,-0.0005313439109215352,-0.0012944867024766663,0.0013678020650961156,7.308501028958866e-08,1.6294631259086588e-09,6.728876042551198e-09,2.836901920438458e-06,264.0300333695536,688.5646460521734,2975.8473433650734,264.0300333695536
82.4,0.12642226971992465,-0.0005308151671940326,-0.0013638353427883076,0.0013997851610424053,7.091198576182546e-08,1.6256569072419288e-09,6.528527089822365e-09,2.836858947314148e-06,215.496446708027,719.4409473990484,2419.9888233161423,215.496446708027
82.5,0.12843862641482817,-0.0005333095149655768,-0.0014508727311324447,0.0014011669697640459,4.024109762545452e-07,1.603627307706051e-09,3.075363471676292e-08,2.823769564611212e-06,182.07994497024464,755.0552670708047,3059.899562275992,182.07994497024464
82.6,0.13016647033543158,-0.0005356979092019434,-0.00154040284497289,0.0014038258764696543,4.2271171730539104e-07,1.582946311937037e-09,3.091523603672868e-08,2.806512180914082e-06,182.07325524424772,755.0529702513011,3059.9370135194536,182.07325524424772
82.7,0.13112020819876138,-0.0005369904525405059,-0.0015335562218317116,0.0014006652419163235,2.3876772023429503e-07,1.5634867251265478e-09,1.6093770598085545e-08,2.8034315694656278e-06,182.06622313931916,755.5374819235789,3058.293332511498,182.06622313931916
82.8,0.1325544529364189,-0.0005391588247817016,-0.0016144834067431935,0.0014193153151432474,3.376908766127313e-07,1.5439385424672842e-09,2.8233966277022753e-08,2.776912194443919e-06,182.09319257487454,754.9757806007145,3062.665604130156,182.09319257487454
82.9,0.13770880779841796,-0.0005501638454900394,-0.002381906217267554,0.0017341806643835175,1.0144781370141257e-06,1.5404215267182332e-09,1.0996715574287185e-07,2.7747631397252566e-06,182.89828364221052,755.8830629501526,2918.9477692061887,182.89828364221052
83.0,0.1383996503450209,-0.0005530592475762287,-0.002431583873509507,0.001700866147751864,4.730812842662095e-07,1.5251062008535726e-09,3.6428284184868764e-08,2.763311218396982e-06,183.39423561069043,765.0472883394331,2668.954327552585,183.39423561069043
83.1,0.1395456912071983,-0.0005474083359435661,-0.004795209837633695,0.002689200310072364,8.202898336336102e-07,1.5201352656291006e-09,9.411874466196017e-08,2.763147462548089e-06,180.16956706789006,756.5823945242332,2174.310916449119,180.16956706789006
83.2,0.13931814586495422,-0.0005467678499698428,-0.004809163923537146,0.002695287349890696,3.18365663101869e-07,1.4996043201184184e-09,3.2571007960847097e-08,2.7513474291086373e-06,191.97248421340015,755.3344464723946,2067.2578924558056,191.97248421340015
83.3,0.14036628230188578,-0.0005533677195604762,-0.004831239502009996,0.002633458847595766,4.016322736392225e-07,1.488646544612931e-09,4.4246463153880644e-08,2.7404821744089117e-06,191.92439410773392,755.351848331804,2071.15654622244,191.92439410773392
83.4,0.14144461560181795,-0.0005567314168377521,-0.006261618245828875,0.003195452501089617,1.1574479898031514e-06,1.503428535235283e-09,1.7943966043999651e-07,2.754184250444055e-06,187.370806014959,754.3956020126526,1906.3731216536185,187.370806014959
83.5,0.141204175949425,-0.0005554280539276405,-0.006272539772721358,0.0032002608589197334,3.635458480226523e-07,1.4688015984067007e-09,3.6763946797480177e-08,2.726315582266487e-06,188.61535450999943,757.290851112373,2219.633637119452,188.61535450999943
83.6,0.14217385125928775,-0.000562824761139646,-0.006365226168376104,0.003156656730752562,4.1133260518087017e-07,1.4586555952881344e-09,4.155602421921235e-08,2.715210703233591e-06,187.58948853408498,758.319625702653,2217.7917410360405,187.58948853408498
83.7,0.14202032713233037,-0.0005617329994144283,-0.0063707102211398555,0.0031590449568215653,2.3157397700787953e-07,1.4362211458920037e-09,2.190165025908319e-08,2.7114023018761618e-06,188.6484049679539,757.2682563790393,2217.969613501033,188.6484049679539
83.8,0.14246015588765565,-0.0005671941594890395,-0.006116624547989149,0.003047682917123253,2.0500773442527107e-07,1.4304631995861703e-09,1.934033972373825e-08,2.7109058891474196e-06,182.82594815781712,757.0360541753795,2036.8027451982293,182.82594815781712
83.9,0.14354520278484503,-0.0005738442173195551,-0.006148596347284228,0.002981535580440388,3.9688458203693814e-07,1.4214742219232713e-09,3.913873213211535e-08,2.703340363912223e-06,191.15973643568913,756.4435784527354,2352.3321996107643,191.15973643568913
84.0,0.1446837681080697,-0.0005809207154753498,-0.0062320593851757766,0.0029398917019328556,4.0887735424337536e-07,1.4063629524531894e-09,3.9336313275093524e-08,2.692538618533662e-06,190.1214089437265,757.4721679626483,2352.303615074804,190.1214089437265
84.1,0.14451597817880416,-0.0005797870301710216,-0.00624199800891535,0.002944212528923883,2.2951005747585916e-07,1.38482050435492e-09,2.0658146544904526e-08,2.6889796400619552e-06,191.12862981466986,756.483151941177,2354.195806118393,191.12862981466986
84.2,0.14439867135466541,-0.0005790693433734497,-0.006261234760294656,0.002952607740973734,1.5979442679838146e-07,1.3676761597578702e-09,1.4010566481095172e-08,2.687712927318421e-06,190.0841125210206,757.5237161045254,2354.599521858734,190.0841125210206
84.3,0.14459759483017437,-0.0005807399777230866,-0.0062940527156691625,0.002967000176689931,1.4818393274375564e-07,1.3634478271814885e-09,1.3001089522737697e-08,2.687520409416668e-06,185.43263810070385,752.2793863857809,2162.404592393492,185.43263810070385
84.4,0.14715249823441132,-0.0005925453219778519,-0.009525666908454277,0.0035984480863985365,1.5697200571965567e-06,1.4143810007877873e-09,1.653076140207714e-07,2.743374027344965e-06,184.08610225908043,773.9507197015686,2162.7072435888213,184.08610225908043
84.5,0.1473273945532143,-0.0006033933249912896,-0.007553105902390159,0.0031663884612760655,5.952508213648992e-07,1.36793041801124e-09,6.096628348156207e-08,2.7383322204519786e-06,191.7037224936297,755.5618597565608,1957.445764442014,191.7037224936297
84.6,0.15030883988361826,-0.000631142180289159,-0.006519157818689832,0.0028538163665680636,1.1489295944299314e-06,1.406650428289065e-09,1.0773072609190633e-07,2.787847843596378e-06,180.9161385865343,765.4773881037477,2243.1732139253195,180.9161385865343
84.7,0.1504143353057931,-0.0006271348650351007,-0.0081152167571339,0.0032066365766711792,8.703655015622886e-07,1.389165840297074e-09,7.690727802162356e-08,2.78633481551934e-06,177.90117333993686,764.8568851729378,2426.755628275898,177.90117333993686
84.8,0.151710987721178,-0.0006331941969729688,-0.00949623358456922,0.0035120032603888464,6.49816927823631e-07,1.3741657893380906e-09,5.523674266506096e-08,2.785271183415529e-06,183.39094419911538,768.0148834237613,2449.6734355142776,183.39094419911538
84.9,0.15236066073104726,-0.0006453027922190939,-0.009686429975601275,0.003460118650102075,6.947223618602935e-07,1.4014404726112257e-09,5.539368958841046e-08,2.830044584678798e-06,184.3078213446381,753.9363711506057,2556.459387756412,184.3078213446381
85.0,0.1527731443503747,-0.0006483068570138951,-0.004294480163006521,0.0021318535190045056,2.200507165711795e-06,1.5523656640623342e-09,2.0992500381162306e-07,2.8804898109667575e-06,183.48321290375745,751.2272893899434,2585.765589540729,183.48321290375745
85.1,0.15227574561072257,-0.0006498418629800004,-0.0017318558608130502,0.001546615168729915,5.986300570890329e-07,1.3937761661825189e-09,4.297200906013455e-08,2.8717544348284692e-06,180.00474583174204,765.1674360393647,2794.6062795080406,180.00474583174204
85.3,0.15212088221851294,-0.0006483730274529413,-0.0016986428034927105,0.0015390221173877364,2.8679635395188483e-07,1.350962930317895e-09,2.0459412563189633e-08,2.8705762740754226e-06,181.5562022349728,765.3518829127579,2618.956475779397,181.5562022349728
85.4,0.1520688359282312,-0.0006479304801181153,-0.0017654736943517634,0.0015543116962018853,1.8857348381019454e-07,1.3282780116459828e-09,1.3423178525915975e-08,2.8702079715471433e-06,181.54662753785607,765.4092722694131,2623.105686485162,181.54662753785607
85.5,0.15225040598552383,-0.0006496771900921561,-0.0016943274450942703,0.0015380429128641912,1.77629717762871e-07,1.3247708897557553e-09,1.2561524250833067e-08,2.8701628647738603e-06,175.2487865352967,769.1283586691305,2804.938436788646,175.2487865352967
85.6,0.15299590858343062,-0.0006485197092765509,-0.001709174694655566,0.0014985869752536323,4.7294794997613647e-07,1.305691009302327e-09,3.8714850148512263e-08,2.9115533789385462e-06,194.49163698454916,753.866810492855,2570.213494887552,194.49163698454916
85.7,0.1542864103930853,-0.000650340064617982,-0.0017060345920990665,0.0014587547138792875,4.05065886569641e-07,1.291789530330542e-09,3.6232948054037255e-08,2.8965761142694423e-06,194.4900537380325,753.8634833709094,2569.9947812909727,194.4900537380325
85.8,0.15546705359692653,-0.0006522256452680286,-0.0017341663798670975,0.0014316876647147054,4.018704420187585e-07,1.2786280579783069e-09,3.622414010032107e-08,2.876046193591088e-06,194.53104360539857,753.8482177335757,2569.6443182011476,194.53104360539857
85.9,0.15691733999823815,-0.0006546351091453609,-0.001730913443018323,0.0013905818107674208,4.0173794054127686e-07,1.2659829675398753e-09,3.622486560702794e-08,2.856029550102876e-06,194.51885148140312,753.8587690546617,2569.5222064534337,194.51885148140312
86.0,0.1586246784373384,-0.0006574634427762476,-0.0017611958463420666,0.0013662459164880945,4.0165254207914264e-07,1.253962159615628e-09,3.622488941445882e-08,2.837055490023706e-06,194.5675597686303,753.8255874573749,2569.341387425019,194.5675597686303
86.1,0.1584294613727237,-0.0006565200482934331,-0.0019985667843810512,0.0014755080402339216,3.5275925892448474e-07,1.2515627602283228e-09,3.173482590032035e-08,2.8361030136517475e-06,184.79109883716646,756.2968656485237,2142.3443059564784,184.79109883716646
86.2,0.16130346713075705,-0.0006630166013556272,-0.0019344553027456654,0.0014057505723308386,4.3157753310367286e-07,1.2394945949474005e-09,3.533330852345147e-08,2.8189277954783593e-06,175.88474604614865,781.8269858070086,2625.9588453405217,175.88474604614865
86.3,0.16125212011169418,-0.0006627716473299834,-0.0019328331428871046,0.001404996919251212,2.452781877404048e-07,1.2267272788428862e-09,1.847479981862077e-08,2.815395799094582e-06,175.95042829993102,781.3200471601257,2628.438269664629,175.95042829993102
86.4,0.1631524212954583,-0.0006664943831282274,-0.0018938644290261764,0.001348919249878975,4.2490875362714546e-07,1.2147497068887826e-09,3.520853600435354e-08,2.8019394011766855e-06,175.96249684050804,781.3122842383749,2627.5287443624247,175.96249684050804
86.5,0.16311227319032504,-0.0006663668693338911,-0.0018865981951467152,0.0013456077108165807,2.431443121192516e-07,1.2024885668967805e-09,1.843897715857459e-08,2.7984637465684256e-06,175.89222890061544,781.3813314076367,2629.087421308937,175.89222890061544
86.6,0.16305046425622707,-0.0006661983692806166,-0.0018995257423827987,0.0013514892424012837,1.7029491456112064e-07,1.1908561283196943e-09,1.2492763068090572e-08,2.797231346548566e-06,175.897824044138,781.3825025517,2629.1166582421224,175.897824044138
86.7,0.16302679496604372,-0.0006660990220639301,-0.0018980864792472753,0.0013508299015437038,1.3103467484958084e-07,1.179562978468174e-09,9.448189255469063e-09,2.7966003421379074e-06,175.90045789007684,781.3872142167907,2628.9180826756883,175.90045789007684
86.8,0.16299281647653124,-0.0006660582613842486,-0.0019037819817241581,0.0013534249339693855,1.0648459058538186e-07,1.1685319838637596e-09,7.59810010115429e-09,2.7962169068465698e-06,175.90701780393843,781.3795938954484,2628.3115200968487,175.90701780393843
86.9,0.16297534800173455,-0.0006658838332876735,-0.001902871379496283,0.0013529991913289751,8.968276831061286e-08,1.1577312708421042e-09,6.354083656311035e-09,2.795959086593509e-06,175.89985378629805,781.3938586475425,2629.5302572857768,175.89985378629805
87.0,0.16296223325332918,-0.0006658151440866999,-0.0019018855735396982,0.0013525470262257722,7.745971313043375e-08,1.1471433583567355e-09,5.460753602849028e-09,2.795773949489236e-06,175.9139304054764,781.3885589469686,2628.9199769040156,175.9139304054764
87.1,0.1629407104412641,-0.000665794118165519,-0.0019057503011704632,0.0013543081899592292,6.816856095447585e-08,1.1367567541702543e-09,4.788085427529937e-09,2.7956345465664945e-06,175.92000618448262,781.3870537207233,2628.527439998242,175.92000618448262
87.2,0.16292805192965504,-0.0006657023543988398,-0.0019057643843597418,0.00135430927100203,6.086788084789123e-08,1.126562876192406e-09,4.263025342471895e-09,2.7955257368292117e-06,175.913176665744,781.3969807978593,2629.7002002109575,175.913176665744
87.3,0.16291027091664523,-0.0006656201211986636,-0.0019083929075908131,0.0013555021311889418,5.497926297975528e-08,1.1165545878594899e-09,3.842184179447676e-09,2.7954385271558486e-06,175.92770258914808,781.3886119170442,2628.1019170463483,175.92770258914808
87.4,0.16290087798118727,-0.0006655429440295767,-0.0019074722627484665,0.0013550783375374119,5.012988160969884e-08,1.1067252555253989e-09,3.4970152815075934e-09,2.7953670014463897e-06,175.91236963797726,781.435466682376,2629.122716742823,175.91236963797726
87.5,0.16288141268142564,-0.0006636669586048356,-0.0019042040469341855,0.0013534425010559722,4.933465744839434e-08,1.1048424867739131e-09,3.439999185150542e-09,2.795355188733924e-06,167.29850056723035,787.7837425622965,2525.5440457266063,167.29850056723035
87.6,0.1628994590022134,-0.0006636775713715191,-0.0019116232787395123,0.0013568178751103108,4.550518304810474e-08,1.095196397347368e-09,3.150631731744258e-09,2.795295211363963e-06,170.25074630966648,783.5612588967855,2733.998325604362,170.25074630966648
87.7,0.16288905737204862,-0.0006637354240894649,-0.0019119846388369582,0.0013569887393323874,4.224924511588871e-08,1.0857044130508715e-09,2.9045910804353204e-09,2.795244218163637e-06,169.0698363675014,784.7814273835073,2754.950416279818,169.0698363675014
87.8,0.1646065688323194,-0.0006671496253499374,-0.0018660829790944,0.0012993232450841446,4.207858064666511e-07,1.0764825895435143e-09,3.362557827216441e-08,2.785566510220857e-06,170.1528855807121,783.6413245812487,2755.0582650270635,170.1528855807121
87.9,0.16454494941494877,-0.0006670322879894445,-0.0018658481767440754,0.0012992169590177692,2.4584499878544667e-07,1.0667137667107012e-09,1.762227391370267e-08,2.782282061762569e-06,169.09169821932616,784.7892970531462,2752.3046162528713,169.09169821932616
88.0,0.16498631286277152,-0.0006673243749486527,-0.0018937884191348633,0.0013118304562418496,1.7332293899271468e-07,1.0574763970817302e-09,1.1946165556179275e-08,2.7811171363034168e-06,170.17938846731323,783.9403268562783,2749.399202917332,170.17938846731323
88.1,0.16710039345660527,-0.0006713976726577143,-0.0018913045368049955,0.0012744918250758536,3.422512375040317e-07,1.0483481416707572e-09,3.065371713742169e-08,2.7574958849270477e-06,169.19491856377473,784.5511030162162,2745.7377424360434,169.19491856377473
88.2,0.1670166138753837,-0.0006712642939212249,-0.001873633338599169,0.001262807157324674,2.1623878875038615e-07,1.039236531855247e-09,1.6778092914167282e-08,2.7514570506075794e-06,170.24955920979633,783.424694373806,2749.462490175558,170.24955920979633
88.3,0.16708422252897057,-0.0006726204131693217,-0.0018249133252807139,0.001230798921504562,2.0259669608153455e-07,1.0375335949609166e-09,1.5597424937763186e-08,2.7509432514005624e-06,162.7977757840172,789.7903135398337,2405.1315113557157,162.7977757840172
88.4,0.1670634066422788,-0.0006725440438210022,-0.001820530534815357,0.0012278970769548524,1.5073443677175133e-07,1.0287961377079474e-09,1.0932602909827308e-08,2.748913869394297e-06,169.32977065685947,792.8173913197152,2774.3931319548624,169.32977065685947
88.5,0.168623354028536,-0.0006754239137512706,-0.0018735686999763919,0.001218672559028428,4.3059290490651546e-07,1.0204147205682993e-09,3.339479466359799e-08,2.7380679882639033e-06,169.31823728498603,792.8389125812334,2773.180603666616,169.31823728498603
88.6,0.16999544139159622,-0.0006779237929233966,-0.001875135953695686,0.001187034411797971,4.4878018544555967e-07,1.012250270946772e-09,3.3560806573360284e-08,2.725239788417057e-06,169.319517204136,792.8449419403324,2773.4420898628,169.319517204136
88.7,0.16993059351688103,-0.0006778469045511789,-0.0018864985746530182,0.0011920689547392717,2.549793637536133e-07,1.003423319969168e-09,1.751364114127589e-08,2.7220939280597054e-06,169.32380508928347,792.85156032146,2772.761062491263,169.32380508928347
88.8,0.16990221114185994,-0.0006777389638476958,-0.001881306631318898,0.0011897664585419,1.7807367817533694e-07,9.95139918700473e-10,1.1852927266269295e-08,2.720984216423479e-06,169.3379457859508,792.8568524963412,2771.0301414884334,169.3379457859508
88.9,0.16995498725785108,-0.0006778715029125855,-0.0018692068895351036,0.0011844116699251178,1.3680884100441717e-07,9.8710940077105e-10,8.958944413001388e-09,2.7204168911323313e-06,169.34347500778432,792.8616725985928,2770.796034826532,169.34347500778432
89.0,0.16993848670960082,-0.0006777871150979479,-0.0018659202588942258,0.0011829526816450136,1.1108356941157258e-07,9.792580731201613e-10,7.1964017804685504e-09,2.7200713718532523e-06,169.23774906728872,792.9074099602232,2780.6196553476207,169.23774906728872
89.1,0.16984646979607346,-0.0006781977528616719,-0.0018979204729051766,0.0011971653472256177,1.073014258802737e-07,9.777785858210058e-10,6.956235670362773e-09,2.7200242877295625e-06,166.2113463930297,793.5934253478545,2558.150498618842,166.2113463930297
89.2,0.1698294318015454,-0.0006781205518173112,-0.0018955599941552195,0.0011961170189288709,9.034901411999175e-08,9.70144846766047e-10,5.793727511102657e-09,2.719796368963628e-06,174.62220983460105,784.8104656346541,2930.3961876948215,174.62220983460105
89.3,0.16981089258814955,-0.0006781689218249121,-0.0018960683303697312,0.0011963485992135697,7.802567550052458e-08,9.62652183369686e-10,4.964864179222006e-09,2.719633866635432e-06,174.62888925874367,784.809297327472,2929.801620436657,174.62888925874367
89.4,0.1697980532570447,-0.0006781076011548853,-0.0018946960985904981,0.0011957383614257817,6.866247271194312e-08,9.552887389412385e-10,4.343794435847027e-09,2.7195121054273605e-06,174.62880897518585,784.8157706909021,2930.156653184413,174.62880897518585
89.5,0.16978841282048537,-0.0006780452972574124,-0.0018931907633887224,0.0011950686314327267,6.130640184227599e-08,9.480466553402865e-10,3.8610480708241845e-09,2.719417464470866e-06,174.6351569838017,784.8138071451281,2930.5094501347385,174.6351569838017
89.6,0.16977497481764395,-0.0006780555321235891,-0.0018950628357691463,0.0011959002778513458,5.537451305449942e-08,9.409201336262974e-10,3.475123918055543e-09,2.7193418067532852e-06,174.63527360335777,784.8210002877953,2930.059817444233,174.63527360335777
89.7,0.1697664189700784,-0.0006779887162466988,-0.0018932729350722905,0.0011951040537231889,5.048895258594267e-08,9.339050947389682e-10,3.159468278038222e-09,2.719279925956027e-06,174.6627247140398,784.7875872167006,2930.3457523487605,174.6627247140398
89.8,0.16988699910201135,-0.000678223959384433,-0.001895656976618211,0.0011961590481825222,4.639598909971101e-08,9.269946600568839e-10,2.896647527607297e-09,2.7192284050775253e-06,174.6450886116545,784.9929251074467,2928.4694885213175,174.6450886116545
89.9,0.17155579761448797,-0.0006812873839906928,-0.0018915780782481813,0.001162074882698471,3.1204717504125724e-07,9.204878556265359e-10,2.8706184234977496e-08,2.6992690787130035e-06,174.74793791927868,784.5595007208802,2927.842886918261,174.74793791927868
90.0,0.17150581678306545,-0.0006812253450283623,-0.00190027960126492,0.001167801950746085,2.0192283320234715e-07,9.13405333951836e-10,1.5704814894666885e-08,2.6936463661324685e-06,174.74853699323936,784.567255262372,2927.312862680528,174.74853699323936
90.1,0.17277296375341292,-0.0006835615171189734,-0.0018965551826441792,0.0011370793654919037,2.2169045995093688e-07,9.065707202221e-10,2.1577453308763117e-08,2.6687649970186815e-06,174.75075897767192,784.5739409719969,2928.1788921337384,174.75075897767192
90.2,0.17281120600525265,-0.0006837033708092346,-0.001896902024423714,0.001137492215682565,1.597844314163476e-07,8.998613563207961e-10,1.3298893803127805e-08,2.6583333816244194e-06,174.738348495937,784.5792048026468,2928.626101260429,174.738348495937
90.3,0.17279187309365585,-0.0006836225414498485,-0.0018933759872651593,0.0011335213529761422,1.2491183180523785e-07,8.933443260534391e-10,9.611951315456285e-09,2.6536876132479176e-06,174.6968777731947,784.6205559151788,2929.455550039934,174.6968777731947
90.4,0.17276502235372201,-0.0006835981597998875,-0.0018972723482332432,0.0011378875830265096,1.0253386641921086e-07,8.869634846933005e-10,7.526726735763363e-09,2.651060144449903e-06,174.6983646822189,784.6293652520957,2928.883660744171,174.6983646822189
90.5,0.17275324463871244,-0.0006835871961566787,-0.0018957497584693678,0.0011361753006278673,8.695564216968688e-08,8.806959930608444e-10,6.185269768501941e-09,2.649369884483867e-06,174.70007169843447,784.6328089701167,2929.478816022805,174.70007169843447
90.6,0.1727345328601333,-0.0006835805537492246,-0.0018982727037412106,0.0011390034024613895,7.5486700604108e-08,8.745300222503215e-10,5.250167677916536e-09,2.64819166286081e-06,174.70126799379213,784.6327996792157,2928.9793398178813,174.70126799379213
90.7,0.17272259160379874,-0.0006835074581553138,-0.0018939871177943476,0.0011341821069200614,6.669055108848723e-08,8.684584799141033e-10,4.560928443442867e-09,2.647323247425515e-06,174.70275272693567,784.63940822944,2929.1079649601543,174.70275272693567
90.8,0.17270784058913757,-0.0006835606003743239,-0.0018970620672013384,0.0011376377846291572,5.973025942274994e-08,8.624764870940268e-10,4.0319754304375455e-09,2.6466568036975046e-06,174.70713345004626,784.6449409725842,2928.462494228881,174.70713345004626
90.9,0.1727031772437417,-0.0006862145229257984,-0.0018596554316523638,0.0010959751813370815,5.8485935888746283e-08,8.612524768258193e-10,3.940384632125597e-09,2.6465414176360597e-06,172.67509196766204,786.990912307754,2846.4107470610015,172.67509196766204
91.0,0.17441483090440424,-0.0006894040402137036,-0.0018706573108943224,0.0010721821631970113,4.341902568721237e-07,8.556938489940132e-10,2.9228440398904052e-08,2.6408835031339887e-06,163.5324235874607,802.7170238948859,3189.121997454934,163.5324235874607
91.1,0.17536022513928703,-0.0006911249468045615,-0.0018662860749187828,0.0010428033964935274,4.6306917430035396e-07,8.497516802637046e-10,2.937308338150756e-08,2.6330256953577467e-06,162.5453265417491,803.6400898727613,3189.757713891582,162.5453265417491
91.2,0.17536423029847653,-0.000691112092590522,-0.0018640201129886788,0.00104183276708508,2.634587343295573e-07,8.432628374606084e-10,1.524770444221489e-08,2.630441344591426e-06,163.573863736424,802.6824605836855,3190.479409763469,163.573863736424
91.3,0.17532888354841117,-0.0006910546825589716,-0.0018669350914713733,0.0010430802612454671,1.8443317882542557e-07,8.372639872983247e-10,1.0298071442302035e-08,2.62953577008756e-06,162.59178814999675,803.6066565171992,3190.146233252447,162.59178814999675
91.4,0.17540324171357466,-0.0006911907252164518,-0.0018645302299268658,0.0010420512351994508,1.4168153053832086e-07,8.314763667192692e-10,7.774073084447258e-09,2.6290739866343098e-06,163.56548032916805,802.6890351899842,3191.918546646522,163.56548032916805
91.5,0.1753813866893051,-0.0006911751006237983,-0.00186619177072459,0.0010427637444137294,1.1515544091065389e-07,8.25813032018771e-10,6.244849611721474e-09,2.6287942045397157e-06,162.54022081125856,803.6695854418432,3190.3389357192736,162.54022081125856
91.6,0.17555199799187407,-0.0006912553445701083,-0.0018667355976440033,0.0010429789951897596,9.691337650648998e-08,8.202571004586658e-10,5.219031633453291e-09,2.6286065260950747e-06,163.40819395531656,802.9379745136205,3188.957466612277,163.40819395531656
91.7,0.1756147626120859,-0.000691442162833928,-0.001864891058581862,0.0010421947713842132,8.371972904854763e-08,8.147872219195682e-10,4.483086322838959e-09,2.6284718802366284e-06,162.56637810710444,803.6070304979295,3188.267679967611,162.56637810710444
91.8,0.1770001729418142,-0.0006940016678811745,-0.0018593369291299156,0.0010137416278019114,4.964288238653949e-07,8.100812435902053e-10,3.0260467421630165e-08,2.64352854234304e-06,163.56700106071943,802.6185022363688,3188.7186429672633,163.56700106071943
91.9,0.17736223308772872,-0.0006962988361137566,-0.0016332466211126685,0.0009413296903332658,4.3144031259766975e-07,8.088431372334694e-10,2.669113563780718e-08,2.6431613594405275e-06,158.450340614223,801.2137222966576,2342.043474141653,158.450340614223
92.0,0.1773246986759212,-0.0006961624738172497,-0.0016319381765183029,0.0009409062242170029,2.482595927244153e-07,8.029890361918807e-10,1.5383851028107243e-08,2.6419982430826784e-06,170.97510317939566,797.5601133304212,2788.5453661138413,170.97510317939566
92.1,0.1772833210054581,-0.0006961468960423367,-0.001629710455478569,0.0009401961894395101,1.7426726313255254e-07,7.97577891316332e-10,1.0807951632669048e-08,2.641527544242514e-06,170.98480725696578,797.5615910430173,2787.952028122608,170.98480725696578
92.2,0.17886411322756937,-0.0006986042215663453,-0.0016276315121159116,0.0009150306683557549,4.2918702560696163e-07,7.925927192990487e-10,3.316231066826328e-08,2.638633767428526e-06,171.00680858046488,797.5603283541557,2785.9780371154466,171.00680858046488
92.3,0.1788300224797293,-0.0006984781664670738,-0.0016253601587230793,0.0009140579847305826,2.474959498513798e-07,7.870780314459973e-10,1.7339698538168383e-08,2.6357706832208353e-06,171.01137602489294,797.5576233559342,2786.1164874297074,171.01137602489294
92.4,0.17878624567138093,-0.00069846824831207,-0.0016227436471182683,0.000912946233198785,1.7400038810974537e-07,7.819150532598108e-10,1.1742794857089389e-08,2.6347579370887436e-06,170.6137020396989,798.01947981811,2784.328819006749,170.6137020396989
92.5,0.17876843966693484,-0.0006984213691946456,-0.0016231938482965931,0.0009131355344460817,1.341577304771442e-07,7.769077469348374e-10,8.879546569467101e-09,2.63423984274169e-06,170.63063069577913,798.022713575718,2782.448681405264,170.63063069577913
92.6,0.17882835934423194,-0.0006985449423679739,-0.001641871508099475,0.0009210857623128131,1.0916094436790977e-07,7.720026135282614e-10,7.139387016593988e-09,2.6339249692731683e-06,170.6382641752584,798.0217253388745,2782.3518641783435,170.6382641752584
92.7,0.17881408434752283,-0.000698494892427578,-0.001639545912382146,0.0009200939626201943,9.193640036850971e-08,7.67186603469139e-10,5.966035698967226e-09,2.6337126593278646e-06,171.59661219347026,797.1131633104742,2792.81891586346,171.59661219347026
92.8,0.17879403023636128,-0.000698466521680316,-0.0016371415662129176,0.0009190702814379121,7.940640057274813e-08,7.62441680688681e-10,5.124183765546658e-09,2.633560333387629e-06,171.60526418021792,797.1469530214692,2792.501364842298,171.60526418021792
92.9,0.1787708905996853,-0.0006984413229482062,-0.0016375321522502833,0.0009192358218976705,6.983444337146468e-08,7.577678024953706e-10,4.490750125769539e-09,2.6334457195296662e-06,172.58272469357715,796.1397504121736,2792.417352348496,172.58272469357715
93.0,0.17876122080080803,-0.0006967139206494267,-0.0016908898507971071,0.0009418240055567146,6.817307465053647e-08,7.567986404580346e-10,4.39252068673993e-09,2.6334279545353956e-06,167.74694962825558,802.8805890650414,2430.3331316647495,167.74694962825558
93.1,0.18507291810195378,-0.0007055891871619304,-0.0038765397236666986,0.0018516030599067376,1.1537253357732534e-06,7.585874766222131e-10,1.701187182967477e-07,2.6561744965957995e-06,162.40206493002708,813.1862301329484,2580.0928665754186,162.40206493002708
93.2,0.1858077201607167,-0.000711919417367463,-0.003913717439057225,0.0018059671221806735,5.268782627503814e-07,7.79027257223671e-10,3.398889611890415e-08,2.686055652965577e-06,175.32109648623194,803.1859543008281,2904.3739945548746,175.32109648623194
93.3,0.18578335767116036,-0.0007117920284915859,-0.003909815006451478,0.0018050271177506628,2.738683859917575e-07,7.710626907820181e-10,1.7171471923467477e-08,2.68512576351174e-06,175.3302202540362,803.1940517764045,2904.501398229654,175.3302202540362
93.4,0.18704699463736704,-0.000716884277967299,-0.003916356747293501,0.001762062087201628,4.2793600782250613e-07,7.693391923397205e-10,3.182255447238234e-08,2.6804983262774957e-06,175.31896119774683,803.2777007075875,2906.7138333911653,175.31896119774683
93.5,0.18746555712637825,-0.0007188757223426741,-0.0039099354270187596,0.0017594517099721225,2.4449617090333076e-07,7.619277504625998e-10,1.6599489172148418e-08,2.677730134900178e-06,175.3160243849445,803.353218831118,2905.1143391729165,175.3160243849445
93.6,0.18744583580460872,-0.0007187586303496283,-0.003907104575907512,0.0017582285927333092,1.7111032118124946e-07,7.562172168239562e-10,1.1236071543170234e-08,2.6767542502065373e-06,175.40394123931335,802.9101333617732,2899.8772896153787,175.40394123931335
93.7,0.18741557346337215,-0.0007186579055129924,-0.003913264632609527,0.001760864680412021,1.3161153475681047e-07,7.510645862331428e-10,8.492410565329467e-09,2.676254641311586e-06,175.38383115506977,802.9275004606301,2900.194340441608,175.38383115506977
93.8,0.18747203129565093,-0.0007187904265291564,-0.0038959543725537796,0.0017534417936420118,1.0692790442189063e-07,7.461867080867675e-10,6.825236895393043e-09,2.675950746867834e-06,175.38798996773178,802.9353130315322,2901.8020018595735,175.38798996773178
93.9,0.18745420240099522,-0.0007187430571394955,-0.0039006658483240093,0.001755461586990119,9.004030195882807e-08,7.414786321732609e-10,5.705870579737141e-09,2.675746455565664e-06,175.39396159479577,802.9853855888126,2900.41468313979,175.39396159479577
94.0,0.1874456794987327,-0.0007186719648998393,-0.003899156578144344,0.0017548018108338793,7.775879053336034e-08,7.368918456814982e-10,4.902117454929011e-09,2.6755995515663237e-06,175.40397076229038,803.000294859437,2900.267023060358,175.40397076229038
94.1,0.18743247919331354,-0.0007186436367004235,-0.003902684799023559,0.0017563173230771823,6.842644931471722e-08,7.324005716665074e-10,4.296884738538977e-09,2.6754887454949194e-06,175.38482622487714,803.0133771115667,2900.634912081394,175.38482622487714
94.2,0.18845743485864375,-0.0007225961146422258,-0.003914741899523048,0.001728688858423989,1.630795543398739e-07,7.294076596808425e-10,1.9689789396119175e-08,2.6572885010411227e-06,175.39167578043592,803.0263974911883,2900.729592224211,175.39167578043592
94.3,0.18828215430420275,-0.0007221037807000071,-0.0037642868079729368,0.0015457518088309741,1.5738859567477474e-07,7.287586136881963e-10,1.856351036133374e-08,2.6556176894202547e-06,168.48599181489774,806.2912669345319,2361.704466578784,168.48599181489774
94.4,0.1894252809681203,-0.000726436665261836,-0.003766113150167534,0.001503073250340355,4.5936965631139926e-07,7.285387936286094e-10,2.8241715305757583e-08,2.6370366380051305e-06,155.04192056827003,826.549908441681,3306.0175390531135,155.04192056827003
94.5,0.19139995485961062,-0.0007338282827381494,-0.003755409755339381,0.0014598001588418611,4.815377811867158e-07,7.254587728024164e-10,2.831279653273163e-08,2.6287052832072577e-06,154.9816709537527,826.644446364005,3303.0086104196807,154.9816709537527
94.6,0.1913582533803348,-0.0007336877066746731,-0.003753882574289362,0.0014591536493518502,2.7572805248438534e-07,7.182884691144185e-10,1.4680607582675231e-08,2.6261935309250345e-06,154.9793700623832,826.6550994997377,3302.6155274070024,154.9793700623832
94.7,0.19134376764353891,-0.0007335912473756127,-0.003751595534552942,0.0014581518050804747,1.9314783846383431e-07,7.129072592143083e-10,9.909644549643804e-09,2.625313858950457e-06,155.03418962843597,826.6064679861728,3302.999163345301,155.03418962843597
94.8,0.1913216930064558,-0.0007335790189120987,-0.0037523045878873904,0.0014584916522651494,1.4863359898144294e-07,7.081125770041976e-10,7.479525262093614e-09,2.624865337474263e-06,155.02971902768644,826.6186154317232,3302.8273626243385,155.02971902768644
94.9,0.1913115329370944,-0.0007335016826195374,-0.0037513594084323016,0.0014580666622191999,1.2079362076065114e-07,7.036020044761742e-10,6.0065592167027524e-09,2.624593116699781e-06,155.03531780266485,826.6221948258229,3303.3764084434756,155.03531780266485
95.0,0.19135186050342862,-0.000733699002560028,-0.0037563987258145554,0.0014602505026353838,1.0173758839188888e-07,6.992629966282692e-10,5.018267470595605e-09,2.624410174463924e-06,155.03519761303937,826.6251427691396,3304.091097066176,155.03519761303937
95.1,0.19134469296118234,-0.0007336795459274384,-0.003756609958873752,0.0014603449014823663,8.787395578632483e-08,6.950466723571675e-10,4.308400572115421e-09,2.6242785191725437e-06,155.0410462853792,826.5889002698665,3308.6639330608878,155.0410462853792
95.2,0.19133698395783963,-0.0007335988591719822,-0.003755609369114934,0.0014598898043433452,7.733549393073526e-08,6.909228416721453e-10,3.774495615829377e-09,2.6241792841654637e-06,155.04229701649615,826.5918568333556,3309.1039497571946,155.04229701649615
95.3,0.19132820974008294,-0.0007336246578379825,-0.0037556951639708476,0.0014599562662786887,6.905416346760037e-08,6.868757071169056e-10,3.3584199131762076e-09,2.624101762029736e-06,155.0403052550972,826.6004386988546,3308.845403007149,155.0403052550972
95.4,0.19140037662592616,-0.00073385443613612,-0.0037559193976903814,0.0014600310881744656,6.237744290141915e-08,6.828935713718404e-10,3.0255579223794585e-09,2.6240395769978253e-06,154.97791589139905,826.6593661352019,3303.5070497567067,154.97791589139905
95.5,0.19139307958434318,-0.0007338328064234466,-0.003755309644808807,0.001459772570148133,5.687458740320601e-08,6.789744323097556e-10,2.75270728699495e-09,2.6239884489059545e-06,155.07922633976455,826.4631798155528,3303.898661573317,155.07922633976455
95.6,0.19138772827882683,-0.0007338105392156252,-0.003755291407739245,0.001459763697057321,5.226403849731276e-08,6.751106990615192e-10,2.5249971447427574e-09,2.623945646022813e-06,155.07551900653436,826.4745265378247,3304.4333940920706,155.07551900653436
95.7,0.19139112334442776,-0.0007338665644829494,-0.0037553135008974643,0.0014597949502785285,4.832336503466172e-08,6.713015687116195e-10,2.332351574559671e-09,2.6239093152649536e-06,156.00132859904681,825.6018937023683,3300.5786867354977,156.00132859904681
95.8,0.19138664523267646,-0.0007337997559396903,-0.0037547623465875963,0.001459533441218917,4.495669853223344e-08,6.675370335927621e-10,2.167021871285776e-09,2.6238780240605246e-06,154.94323527650258,826.6502599600011,3300.961700833186,154.94323527650258
95.9,0.191391368561952,-0.0007338021972883994,-0.0037545355586413227,0.001459428442354987,4.200992626030615e-08,6.638244045505258e-10,2.0235818112769867e-09,2.6238507755100238e-06,155.99799264004238,825.6179144777735,3301.4566528457,155.99799264004238
96.0,0.19138568192416322,-0.0007337847627910981,-0.003754150674046933,0.0014592654099501259,3.944215023803012e-08,6.601523570431181e-10,1.8979802363275186e-09,2.6238268205314345e-06,154.94212565009389,826.6642843085378,3301.152272447607,154.94212565009389
96.1,0.19138985618313606,-0.0007337856752179055,-0.0037540461152451676,0.0014592131001370896,3.7155587359647975e-08,6.565288058408005e-10,1.7870621424436097e-09,2.6238055804752178e-06,155.99761201364774,825.6336341748877,3301.5588939885533,155.99761201364774
96.2,0.1914038739873665,-0.0007339215293582552,-0.003755932513402096,0.0014600638739988008,3.51326861068818e-08,6.529430677856259e-10,1.6883825963235529e-09,2.623786602190465e-06,154.94039299590787,826.674735945903,3302.3787677567907,154.94039299590787
96.3,0.1914074626243975,-0.0007338661400203279,-0.003755463477943179,0.001459828007526834,3.330677547259724e-08,6.494042845255807e-10,1.599915177149417e-09,2.6237695135573447e-06,156.00725571475533,825.6018027859698,3306.8226344079785,156.00725571475533
96.4,0.1914029901848174,-0.0007339029729517304,-0.003755402898972444,0.0014598290856870943,3.16718863547049e-08,6.459010187776068e-10,1.5202763123571413e-09,2.6237540585406427e-06,154.95227544248152,826.6450441728515,3306.4622664389813,154.95227544248152
96.5,0.1914062097794441,-0.0007338928995811817,-0.0037551691031273674,0.0014597176328652165,3.017984762859508e-08,6.424416064829764e-10,1.4481892569535008e-09,2.6237400043031254e-06,156.06350340338693,825.5593171352785,3306.9031117038758,156.06350340338693
96.6,0.19140327039754113,-0.0007338221354140328,-0.0037547096110915282,0.0014594905151659957,2.883185972140978e-08,6.390147788593134e-10,1.3827085619109598e-09,2.623727175156744e-06,154.88982405245505,826.7509554060453,3303.763466920659,154.88982405245505
96.7,0.1914056525138574,-0.0007338762026245187,-0.00375534394325828,0.0014597852562293302,2.7592043242921833e-08,6.356310428748591e-10,1.3225266091019176e-09,2.623715326703469e-06,155.80920619662294,825.6437114887061,3323.6454500939553,155.80920619662294
96.8,0.19140319289705246,-0.0007338551618207491,-0.003755177237533386,0.0014597078382852149,2.646064749643278e-08,6.322786990902048e-10,1.2677051947248369e-09,2.6237044771713688e-06,154.93849522182686,826.70966907087,3304.3610668390006,154.93849522182686
96.9,0.19140487433778758,-0.0007339025743129485,-0.003755635463084104,0.0014599250367268515,2.541278852985179e-08,6.289667867399893e-10,1.2169935789263377e-09,2.6236943903563397e-06,155.80095348747733,825.6932763433773,3320.9742494501697,155.80095348747733
97.0,0.19138271114557598,-0.0007343753113217152,-0.003755614905929502,0.001460196528857995,2.5332749856776985e-08,6.287106931479371e-10,1.2134750128453091e-09,2.62369368998395e-06,159.10586978885905,825.0195780011605,3077.5242027838117,159.10586978885905
97.1,0.19137922061341825,-0.0007344064821698664,-0.0037562661664208253,0.001460498150533233,2.4201207544695713e-08,6.255468325187514e-10,1.1676353608507246e-09,2.6236845111809853e-06,184.07211714098685,796.4459973559804,3259.717822664233,184.07211714098685
97.2,0.19262204875356995,-0.0007390316237218416,-0.0037611840425084376,0.0014252370106684622,3.9618997283295214e-07,6.273132291878585e-10,2.849949910684953e-08,2.6215748772912746e-06,184.07540334148445,796.4487703099715,3259.9582816956804,184.07540334148445
97.3,0.19289592663262298,-0.0007400268133170574,-0.003763965079909598,0.0014264055439650988,2.290934003046886e-07,6.218720733844572e-10,1.4825504511205825e-08,2.6190921809828937e-06,184.07490315180453,796.4087292347486,3258.170294415988,184.07490315180453
97.4,0.19296653706859299,-0.000740311776529988,-0.003752182275433503,0.0014213957124158277,1.61108963500359e-07,6.178614981798948e-10,1.0020691635295678e-08,2.618219371432631e-06,184.17132225816906,796.2410193203889,3256.767228632907,184.17132225816906
97.5,0.19295312432537595,-0.0007402321768822525,-0.003749688919406108,0.0014203191392270392,1.2425081860938715e-07,6.143210135034276e-10,7.567772353168452e-09,2.6177734784918317e-06,184.10134541964518,796.3020998381182,3257.7435549554953,184.10134541964518
97.6,0.19293861727744815,-0.0007402128585025261,-0.0037531699608290546,0.0014218193762709009,1.0111685480466366e-07,6.110036701955579e-10,6.0798363402711115e-09,2.6175027541179446e-06,184.10705998708892,796.3065407061869,3257.5867894683843,184.10705998708892
97.7,0.19292948178536357,-0.0007401460402565356,-0.0037513977182250437,0.0014210483948622508,8.52452622530787e-08,6.078179596196319e-10,5.080984001527285e-09,2.617320813924245e-06,184.10668578607823,796.3167733286263,3257.675859097398,184.10668578607823
97.8,0.19292042232015874,-0.000740139482603732,-0.0037545963943608454,0.0014224245608651536,7.36799919693763e-08,6.047216185010122e-10,4.364120804033308e-09,2.6171900656369247e-06,184.11092609561877,796.3165273534927,3257.677300682568,184.11092609561877
97.9,0.1929156353878988,-0.0007401172783649435,-0.0037548881952186378,0.0014225467902968046,6.48783090414025e-08,6.016925078024652e-10,3.824518382360166e-09,2.6170914995308937e-06,184.10266263426163,796.329369280184,3258.2881525310722,184.10266263426163
98.0,0.1929089475451056,-0.000740049982452087,-0.003753641374404405,0.0014219948925854192,5.79547108516016e-08,5.987177221096408e-10,3.403733231805754e-09,2.6170145071108164e-06,184.11422805887813,796.3305203158726,3258.261204819193,184.11422805887813
98.1,0.19290218881938398,-0.000740052497134106,-0.003755245968605202,0.0014226921760560692,5.236635538805809e-08,5.957891444875745e-10,3.0664310613985807e-09,2.6169526740503876e-06,184.1142750248415,796.3377402291728,3258.0255474693213,184.1142750248415
98.2,0.19289711957395586,-0.0007400273306239275,-0.003754703770205204,0.0014224581775178974,4.776098403985263e-08,5.929014988700186e-10,2.7899837274934564e-09,2.6169018929263796e-06,184.1125320446585,796.3431889985134,3258.150567984142,184.1125320446585
98.3,0.1928908388982145,-0.0007400355056863866,-0.003756151718785905,0.0014230906284791905,4.3900270182903314e-08,5.900508601369207e-10,2.559299085393061e-09,2.616859424359205e-06,184.10814979581113,796.3617205517706,3258.0053575411957,184.10814979581113
98.4,0.1928864685146545,-0.0007399712715844501,-0.0037551771097237767,0.0014226519243534083,4.061695570035904e-08,5.872346887195791e-10,2.3638852031173988e-09,2.616823363758012e-06,184.11257119003858,796.3670001753247,3257.847180133145,184.11257119003858
98.5,0.19290362265662087,-0.0007399932333947666,-0.0037505663789146534,0.0014206668416977927,3.7790628940098334e-08,5.844508376991853e-10,2.1961405551834256e-09,2.6167923310896507e-06,184.1099444194403,796.3712928521304,3259.466866693625,184.1099444194403
98.6,0.19288367512621518,-0.0007399341721884197,-0.0037383914299599836,0.001415487959350964,3.754955828048877e-08,5.841528537392445e-10,2.180429694729032e-09,2.6167894309682934e-06,162.37457648177983,821.8378032369524,3159.113969715897,162.37457648177983
98.7,0.19287939172205965,-0.000739858680661547,-0.003737217858048486,0.001414958800615841,3.5417437271541064e-08,5.812935429931547e-10,2.036364199352647e-09,2.6167629089927237e-06,160.2607344436257,827.6028425206853,3262.8498354778512,160.2607344436257
98.8,0.19499151719214736,-0.0007477030441632776,-0.0037560174642936755,0.0013868623816964563,4.384527690914261e-07,5.835555831112524e-10,2.841627052106342e-08,2.6148162006162726e-06,160.26160687882503,827.6091589591816,3262.520884972095,160.26160687882503
98.9,0.19496081487145836,-0.0007475241876664508,-0.00374720170242222,0.0013830862847916093,2.5748512045579064e-07,5.782470787764302e-10,1.4773711001462656e-08,2.6123527874778538e-06,160.26405274994156,827.6127849219154,3262.6300426087137,160.26405274994156
99.0,0.1949370809558169,-0.0007474435894542142,-0.003747923866116105,0.0013833970246773595,1.8225940882884852e-07,5.744561387675806e-10,9.982394462182285e-09,2.611487261430024e-06,160.26367426106992,827.621745823775,3262.1504292212876,160.26367426106992
99.1,0.19492114318525813,-0.0007473609555960879,-0.003744545298797083,0.0013819505939912276,1.4105055381996397e-07,5.711708580973404e-10,7.537898291872684e-09,2.6110454031412683e-06,160.26467104846705,827.624800547628,3262.2799356681207,160.26467104846705
99.2,0.1949117470864556,-0.000747275699915369,-0.0037433899989369793,0.0013814357321402556,1.1504020145784131e-07,5.681254150181291e-10,6.05500572956311e-09,2.610777144490183e-06,160.2635853452353,827.6261601674975,3262.906911134326,160.2635853452353
99.3,0.19505270827210514,-0.0007500656048055088,-0.0034390722028800856,0.0012532304522103086,1.0204641789844352e-07,5.660870958695612e-10,5.3892460931517405e-09,2.6106566385624374e-06,159.24712598509154,827.4959716979333,2948.834005826001,159.24712598509154
99.4,0.1976403942367095,-0.0007574318435392068,-0.0033481873449876954,0.0011821661569997232,1.1839355147868352e-06,5.78344931230574e-10,1.5820921508305348e-07,2.6317203954872215e-06,157.62598537382033,829.0567425310148,2950.9626229580804,157.62598537382033
99.5,0.20783289642355343,-0.0007857455527271962,0.0011615592950502416,0.0001048575871822016,2.2215421542835926e-06,6.18977427196745e-10,1.751386000832555e-07,2.672404033518205e-06,171.2978452044669,814.0747499143156,2863.962748316966,171.2978452044669
99.6,0.20997606010637274,-0.0007911931879449981,0.004177635713390844,-0.000590595301129715,1.0092014424551654e-06,6.040556041258228e-10,7.00140351684382e-08,2.6667582195158102e-06,184.17676810536125,803.7673536145428,2949.832438379389,184.17676810536125
99.7,0.20956759036004283,-0.00078384572358984,0.006187326624833913,-0.0008362533817673856,2.4241351480764674e-06,7.114197515525759e-10,1.8409574022343431e-07,2.7977350042815002e-06,172.79668745903427,823.6409845563751,2539.1462534479124,172.79668745903427
99.9,0.21109177372110943,-0.0007633466799572817,0.006771509201487197,-0.0009031387681319999,5.973041588012482e-07,7.862648698073431e-10,3.133416926977611e-08,2.8993760280408948e-06,160.69263853898022,834.1195815227269,3169.3660130667968,160.69263853898022
100.0,0.21586926669289228,-0.0007298843791176485,-0.00031776005003171515,0.0007706980593372433,2.5583258881780332e-06,8.825263785848242e-10,1.9738100485809297e-07,2.9479653499345805e-06,159.43704038361224,834.4421279153238,3016.3539822231214,159.43704038361224
100.2,0.21830906429317243,-0.0007655477870524734,-0.008853650769523689,0.0027646333140374335,3.169090307180861e-06,8.97339081245866e-10,2.7904898187683216e-07,2.989067463347e-06,169.97547038214435,818.5013506251801,2609.299283436263,169.97547038214435
100.3,0.21853230051820383,-0.0007624952819673993,-0.008361038498696117,0.002646984088036657,3.14297397513754e-07,8.815732572434892e-10,2.924834518202254e-08,2.9751012100580506e-06,286.28082579955566,704.8754399084035,3083.7955334640874,286.28082579955566
100.4,0.22480570561070007,-0.0008179544223587674,-0.00660674999715514,0.002068008354884003,2.162979553429823e-06,1.0379334149444368e-09,2.270705313187012e-07,3.0064188166982853e-06,191.88013794797166,799.4438182838802,2895.7260959040213,191.88013794797166
100.5,0.22486914413281228,-0.0008163470399744394,-0.006612363667750981,0.0020077523791915217,5.012496196012037e-07,9.383326594045378e-10,3.124410745386467e-08,3.0231986162942383e-06,186.7287334112604,808.5945752818071,3147.2494548585255,186.7287334112604
100.6,0.22471952079965038,-0.0008152692639740922,-0.006606452172567937,0.0020062584103529525,2.594370019277725e-07,9.200440565652798e-10,1.576559425367155e-08,3.022253357507983e-06,185.79444516689307,809.6201915761618,3147.00974201726,185.79444516689307
100.7,0.22575078696349285,-0.0008218024192299454,-0.006602629509542184,0.001946456131583453,4.4958243345536853e-07,9.216031946364909e-10,3.039239997985537e-08,3.0169516527450074e-06,186.81239354097264,808.5227976799711,3147.021534666712,186.81239354097264
100.8,0.22570323418167834,-0.0008215843806512742,-0.006603381283249725,0.001946787146999117,2.448335368886052e-07,9.060377299587772e-10,1.5544168581417474e-08,3.014986885402279e-06,185.86053593716676,809.5894577148389,3147.7734634257968,185.86053593716676
100.9,0.22560493923898803,-0.0008209259007739717,-0.006602658531107469,0.0019465201718773795,1.6794963390354136e-07,8.96212929029994e-10,1.044181145122775e-08,3.0143102455029003e-06,186.8319660077328,808.5181639262415,3148.6815820735155,186.8319660077328
101.0,0.2255192964162917,-0.000820393503492281,-0.00660043413130808,0.0019457326981565676,1.2780559016039834e-07,8.88095717547419e-10,7.861735576727179e-09,3.013967039564941e-06,186.87788056821393,808.4758281313023,3148.217217986709,186.87788056821393
101.1,0.22545756405921422,-0.0008199455320850857,-0.00659804810156635,0.0019448423866774618,1.0314732190301693e-07,8.807501089572438e-10,6.304135957072497e-09,3.0137590204935884e-06,186.90609631346624,808.4590836454724,3148.1955843983405,186.90609631346624
101.2,0.22620594356750612,-0.0008248128815729101,-0.006593196213056486,0.0018861789601822831,4.4710147686146743e-07,8.89383067544097e-10,3.0360238156060273e-08,3.0088580852801705e-06,185.9558449929191,809.5001834396185,3148.2512393856373,185.9558449929191
101.3,0.22619086412424527,-0.0008248547704913689,-0.0065905815279286096,0.0018853053351157315,2.440212442660014e-07,8.744437593864061e-10,1.5542347313375108e-08,3.0068768475721554e-06,185.98122631355093,809.4757127763842,3145.0683027142973,185.98122631355093
101.4,0.22609246517512419,-0.0008241532614048596,-0.0065865416402337215,0.001883798957759186,1.6782673291281352e-07,8.651234708216162e-10,1.0445054583804276e-08,3.006194057502413e-06,185.90864343495264,809.5527907717973,3144.87313113881,185.90864343495264
101.5,0.22671240760148914,-0.0008282310986027439,-0.006583139114471501,0.0018276392400331319,4.469005080399754e-07,8.713206959226584e-10,3.0405851087123006e-08,3.0011830769639817e-06,186.9562435217262,808.4190628117803,3144.3593626952907,186.9562435217262
101.6,0.22657266384606964,-0.000827337370104796,-0.006583480387662048,0.001827778589851263,2.433638880373577e-07,8.56653653799846e-10,1.5554846646872186e-08,2.999208362633232e-06,186.99780097400358,808.3855360626544,3144.9106637376635,186.99780097400358
101.7,0.23088486703734237,-0.0008562090466837861,0.00045116923539673115,-0.0002783455992128546,2.3245922124101396e-06,9.470994845545583e-10,2.443932402616803e-07,3.030822879893635e-06,167.1862147881936,822.3849451281912,2700.9982263010234,167.1862147881936
101.9,0.230755172210187,-0.0008554081979685312,0.00046698239253054416,-0.0002829310759094898,4.838645240041007e-07,8.618221330440324e-10,2.6600073996795245e-08,3.0122518125543865e-06,163.57653317024787,829.1528063432227,3362.807560722681,163.57653317024787
102.0,0.23179959627919589,-0.0008479802076326966,0.00042199759915947927,-0.00025176987842385264,4.630304575500661e-07,8.541904481671007e-10,2.8089161684518198e-08,2.989344109904701e-06,163.95560784078395,829.122759683366,3321.380664279228,163.95560784078395
102.1,0.23360004110175336,-0.0008444475431822938,0.0003977261089443706,-0.00023184907314433706,4.620033152462868e-07,8.499022169895159e-10,2.807300241912947e-08,2.963158001542153e-06,163.8653532633557,829.17211005989,3324.57311882042,163.8653532633557
102.2,0.23525325072592834,-0.0008431627403974582,0.0003742763189917853,-0.0002136264070886331,4.6211653417437283e-07,8.452833112962434e-10,2.8022484372434904e-08,2.9381526514067545e-06,163.78748856979811,829.2121057707222,3330.535450734076,163.78748856979811
102.3,0.2364602909465464,-0.0008426548757424284,0.0003368131730705377,-0.00018959780056746124,4.6210185886645584e-07,8.400735437242685e-10,2.799140279131121e-08,2.914541043327227e-06,163.80176753357608,829.2003375786428,3333.9286908039176,163.80176753357608
102.4,0.2365045215987002,-0.0008423241386312218,0.0003334888221063773,-0.00018816449205770347,4.301553937482069e-07,8.394807427928888e-10,2.5835210896622127e-08,2.9140568799208478e-06,160.08071603014278,834.530599968633,2976.3192993707794,160.08071603014278
102.5,0.23769396855953864,-0.0008419115001379616,0.0002827976182871129,-0.0001654747520802274,5.011203769008067e-07,8.350162690796598e-10,3.286024592030477e-08,2.910551058203431e-06,166.01568091815568,831.9191374772481,2901.0365658998708,166.01568091815568
102.6,0.23873862686642092,-0.0008418061715998556,0.00023732045136770567,-0.00013932871571317759,4.594727803567711e-07,8.299758164523229e-10,3.180694041971577e-08,2.8914704441637714e-06,166.02819074917127,831.9145127815448,2900.2815126754185,166.02819074917127
102.7,0.24013624906732292,-0.0008415672593826574,0.0001941377485540266,-0.00011502087463140973,4.5709423216745235e-07,8.254480899238652e-10,3.1800788878784924e-08,2.870750667221376e-06,166.03038198197152,831.9151011342071,2900.375042624112,166.03038198197152
102.8,0.24000110498247126,-0.0008418692325183122,0.0001623667992790176,-0.0001001171296508252,2.5980232957982435e-07,8.198013821515116e-10,1.6555702328093193e-08,2.867443411269715e-06,166.04306402994803,831.8999184570044,2899.3159849754416,166.04306402994803
102.9,0.23993305658367675,-0.000841932234808546,0.00015407790590520076,-9.623647916900775e-05,1.8146780720854765e-07,8.14241494974971e-10,1.1192126799523626e-08,2.8662793118710497e-06,166.06294288902566,831.9019191138428,2898.380962501644,166.06294288902566
103.0,0.24150395849666417,-0.0008416884307391431,0.000173989527781675,-0.0001027503404720871,4.3899923533022737e-07,8.089502660516099e-10,3.166390273752242e-08,2.8509272500726496e-06,166.019446776841,831.9316958706154,2899.8014644939467,166.019446776841
103.1,0.24198327142918027,-0.0008414771878077933,0.0008977417411407642,-0.00043833349885798374,3.709124412168838e-07,8.076020283412744e-10,2.5923181826027097e-08,2.84969307948135e-06,167.5696958596051,830.2625247754868,2811.5212515700705,167.5696958596051
103.2,0.24197993936558473,-0.0008416256746948215,0.0008870621727577647,-0.00043332493457870177,2.2615136256278403e-07,8.022480401757271e-10,1.4834413630736078e-08,2.8473080333271297e-06,172.47217175995354,825.2732092407882,2888.842665702955,172.47217175995354
103.3,0.242003966636121,-0.0008417243277430922,0.0008782856735472136,-0.0004292166563167616,1.6290635266080857e-07,7.969621809671578e-10,1.0395640045239992e-08,2.846352858362025e-06,171.57440417438443,826.1630583702071,2883.890518944475,171.57440417438443
103.4,0.2420046624675211,-0.0008418523750238432,0.0008729390974837216,-0.0004266881714542269,1.2704762697326834e-07,7.917551601215802e-10,8.013989562775822e-09,2.845840125632007e-06,173.16854751102596,824.8786661348503,2863.9897695001414,173.16854751102596
103.5,0.241926757116194,-0.0008469098372711216,0.0012829622481309963,-0.000614806763442876,1.0950350044866926e-07,7.881326572328174e-10,6.942858404791232e-09,2.845609663314829e-06,178.04182037814618,820.0037682977583,2725.567677499247,178.04182037814618
103.6,0.24339451139746782,-0.0008450913086892388,0.0012218568637371164,-0.0005695000031396673,4.3162273336301583e-07,7.837651555149881e-10,2.9082091858527566e-08,2.8316343800600177e-06,167.0635115154434,828.4000217859194,3184.452593917651,167.0635115154434
103.7,0.24329741314606537,-0.0008453768717442249,0.0012057843453133314,-0.0005620314883836906,2.508218827561618e-07,7.784468940522619e-10,1.512217444561824e-08,2.8286704174440882e-06,166.9529367083005,828.4730561757012,3187.0104434322757,166.9529367083005
103.8,0.24512808965956126,-0.0008433143413721655,0.001167679495361516,-0.000519593468328369,3.5941163094927543e-07,7.736861158496024e-10,2.677398238946811e-08,2.8005011897883332e-06,165.89382943729885,829.5147683279554,3189.9066664711772,165.89382943729885
103.9,0.245135260832094,-0.0008435883744280328,0.0011430240385362897,-0.0005030685224008726,2.2472204493722871e-07,7.685655568243782e-10,1.4460194995797659e-08,2.7950308509937495e-06,166.70886386908234,828.6707453468034,3192.5621313876345,166.70886386908234
104.0,0.24511156994310865,-0.0008438114984354424,0.001132936183220863,-0.0004962606139384234,1.637369539609016e-07,7.636079590563055e-10,9.902454378413386e-09,2.7930058964355905e-06,165.69031744308217,829.6639895415904,3195.2844598869733,165.69031744308217
104.1,0.24519083603252476,-0.000843997852018628,0.0011204044554182526,-0.0004878657131080441,1.286658783499955e-07,7.58752297209559e-10,7.52695180097452e-09,2.7919502826167425e-06,166.42291443566208,828.9509912875092,3199.475020502024,166.42291443566208
104.2,0.2451657100334476,-0.0008442367015274247,0.0011132795098152037,-0.00048302626610136735,1.0608182484697443e-07,7.539700358016513e-10,6.069505496138308e-09,2.7913024199191348e-06,165.41027710664778,829.8741476307366,3202.6708563776915,165.41027710664778
104.3,0.245179542402531,-0.0008443779084819096,0.001108654611706788,-0.00047989816863191695,9.016173587613965e-08,7.492611511491574e-10,5.085861328067092e-09,2.79086501880072e-06,166.4001893735766,828.9053582451733,3199.5508156032884,166.4001893735766
104.4,0.24516862467104927,-0.000844636928541996,0.0011025562549524942,-0.0004757396188392818,7.845696050366158e-08,7.446110640350316e-10,4.376210899032623e-09,2.7905493181593677e-06,165.4167583687685,829.8784947754577,3201.360187703851,165.4167583687685
104.5,0.24521504500636568,-0.0008464035818188783,0.0012017219147791103,-0.0005412091716078715,7.719239201015215e-08,7.440370240283082e-10,4.310321574481319e-09,2.7905200700102423e-06,167.81298820594054,828.7240027671758,2812.754450539713,167.81298820594054
104.6,0.252360074866118,-0.0008376560156022228,0.0029031709509755245,-0.0012997828743686534,1.2588040548894323e-06,7.453294478716822e-10,2.2410854348851584e-07,2.819413805066969e-06,184.841854438444,810.8746574830254,2460.1195212052316,184.841854438444
104.7,0.2523023662216143,-0.0008377922891576004,0.002869580610531628,-0.0012844983220886615,4.064990710127838e-07,7.395099911802891e-10,2.9065049011527614e-08,2.7791210230334247e-06,166.53042293550277,829.9889222615693,3003.581045169178,166.53042293550277
104.8,0.2522099585479191,-0.0008379043772232044,0.002868804506714225,-0.0012841518418722129,2.428738150469443e-07,7.347580151898637e-10,1.5543680732632794e-08,2.77632717429865e-06,165.70862505789233,830.824517444192,3003.42947007928,165.70862505789233
104.9,0.2521822206602286,-0.0008379894858531522,0.0028561004361566584,-0.001278362360480278,1.7288285169502867e-07,7.302022220546209e-10,1.0608561219531228e-08,2.7753071377826033e-06,166.66677613538732,829.902705158218,3003.242072699055,166.66677613538732
105.0,0.25219047892571855,-0.0008365430575882121,0.0025619471229878983,-0.001145180230998501,1.630496529672905e-07,7.292465661118046e-10,9.965985404860665e-09,2.775174288664095e-06,163.93677004268446,828.7743884073748,2866.5865623514596,163.93677004268446
105.1,0.2521308890229713,-0.0008366399045551542,0.002559414392646547,-0.001144024692211605,1.292199764496361e-07,7.247570082742981e-10,7.585072697915225e-09,2.774681963447297e-06,160.38797645995817,835.7977417743786,3165.063383693603,160.38797645995817
105.2,0.25212771235440756,-0.0008368275378188164,0.0025462582513915786,-0.001137982147790926,1.0701901097438129e-07,7.203461718042002e-10,6.121425383276169e-09,2.7743791264329943e-06,160.37464083083657,835.8191352092117,3168.0557079763885,160.37464083083657
105.3,0.25213973200588974,-0.00083689798947279,0.0025479305415025827,-0.001138711788749408,9.133911487864256e-08,7.160013661274189e-10,5.1314362905131084e-09,2.7741741325810835e-06,160.2454218111184,835.8896790538583,3167.975689480182,160.2454218111184
105.4,0.25209907251098884,-0.0008370093186166607,0.0025445023213154505,-0.0011371350048909623,7.966787660527052e-08,7.117168096399139e-10,4.416219719267931e-09,2.7740259032269473e-06,160.22963275010423,835.8592072474326,3172.94269330233,160.22963275010423
105.5,0.2520597258649934,-0.000837193489385811,0.00254125788601585,-0.0011356158003378181,7.06376773743081e-08,7.074887928236394e-10,3.87654100366954e-09,2.7739139436302633e-06,160.30995478938183,835.8025560429628,3169.2362062736365,160.30995478938183
105.6,0.25399080251333683,-0.0008320346649734022,0.002514366678204515,-0.001086473257426195,3.319551036402128e-07,7.051146734046582e-10,2.6634801012246458e-08,2.7504141293313926e-06,160.266466007717,835.8296817451272,3171.749207590212,160.266466007717
105.7,0.25388709947663307,-0.0008322359299115161,0.0025144679053677563,-0.0010865274547899406,2.1650055865888017e-07,7.003256280767672e-10,1.4465262510762885e-08,2.744965469532867e-06,160.4909980188752,835.7042704836579,3172.3556855620345,160.4909980188752
105.8,0.2550458143761487,-0.0008293724791000254,0.0024804062672868043,-0.0010427595076870073,4.5251335002547906e-07,6.979937967230342e-10,2.9315256302467783e-08,2.73208891394187e-06,160.41478712690676,835.7030531275491,3165.255036513047,160.41478712690676
105.9,0.2549036885505701,-0.0008297100606281302,0.0024738305537430325,-0.0010398330206508428,2.624514655421948e-07,6.927956292360671e-10,1.5172567989267448e-08,2.729194087723676e-06,159.8817825332668,836.0296809512913,3195.4958058411694,159.8817825332668
106.0,0.2548239001151029,-0.000829828678198417,0.00247551020596906,-0.0010406436830505802,1.8463505045639338e-07,6.883403432187555e-10,1.026812903208217e-08,2.7281899669366954e-06,160.4236616793529,835.7313808176568,3164.4886260255507,160.4236616793529
106.1,0.25474445592307354,-0.0008301022954152517,0.0024699079275189257,-0.0010381072308364543,1.424173707125704e-07,6.841521526776607e-10,7.758821096233077e-09,2.72767598644715e-06,160.3949611094413,835.7339069182489,3166.2190581153855,160.3949611094413
106.2,0.2562193664005226,-0.0008263506302722652,0.002461245000235419,-0.0010068653942064815,4.469757030620983e-07,6.821651621039399e-10,2.923578202346344e-08,2.7194624840726045e-06,160.3310367249286,835.7943379226213,3168.868397140641,160.3310367249286
106.3,0.25618721007914186,-0.0008265083391513066,0.0024416216629544393,-0.0009981624333427037,2.6029475015194165e-07,6.771946965035962e-10,1.5205410530392776e-08,2.716717880314155e-06,160.29724119506926,835.8179264239358,3171.869334166823,160.29724119506926
106.4,0.25610768991070093,-0.0008266415004984419,0.0024438502437141604,-0.0009991708493848014,1.8360915620213274e-07,6.729344691567604e-10,1.0277163343608855e-08,2.715753565137148e-06,160.30285126774422,835.8374341890175,3169.6572282084635,160.30285126774422
106.5,0.2560478714268844,-0.0008267194153841845,0.0024452998654721763,-0.0009998366042122014,1.4187274749991366e-07,6.689287307692513e-10,7.757987227123654e-09,2.7152604239842288e-06,160.082597582872,836.0275897491089,3174.9067803302396,160.082597582872
106.6,0.25598566657537697,-0.0008268675466810844,0.0024430076192590655,-0.000998826164669407,1.1560273912375445e-07,6.650578954274463e-10,6.230054259073146e-09,2.7149611664172656e-06,160.038547415657,836.0419219046817,3176.578495807936,160.038547415657
106.7,0.2559432434908971,-0.0008268443257049173,0.0024437273171918216,-0.000999188320652826,9.759530795790946e-08,6.612767167375325e-10,5.196521050426993e-09,2.714758583801242e-06,159.4824398382303,836.3784294855876,3207.282918027422,159.4824398382303
106.8,0.2558996140067196,-0.0008269838882156366,0.0024427190080966257,-0.0009987327005816537,8.445308572334098e-08,6.575651603669469e-10,4.45656767206116e-09,2.714613441802374e-06,159.3346118254472,836.5084961763969,3210.6569319854725,159.3346118254472
106.9,0.255861123208178,-0.0008270831132459387,0.002441778720838219,-0.0009983163368556653,7.439490394549795e-08,6.539125381558546e-10,3.90601910226653e-09,2.714505380201806e-06,159.9620573257311,836.1155072670316,3177.8758840433156,159.9620573257311
107.0,0.2558211732357904,-0.0008286725187383215,0.0025344256982735595,-0.0010387844533752695,7.281238477492401e-08,6.532444883050997e-10,3.827284833639313e-09,2.714489920804804e-06,158.09026033189576,836.4077486424442,2871.070876918934,158.09026033189576
107.1,0.25577827793392993,-0.0008286907127774864,0.002533788836321849,-0.0010385332336440877,6.487301017981489e-08,6.497011519217844e-10,3.431189478479159e-09,2.714412057465463e-06,167.97779775636408,828.6532119352235,3022.0821837443773,167.97779775636408
107.2,0.25573838983099667,-0.0008289447258371787,0.0025293011630687983,-0.0010364974214119443,5.856138812809957e-08,6.461909208817863e-10,3.109981204474823e-09,2.7143488520992902e-06,166.08096413335832,830.4713156494769,3018.1126937448535,166.08096413335832
107.3,0.25573364397182535,-0.0008288569328946384,0.0025272511149741685,-0.00103562443253202,5.331768052229526e-08,6.427301767694208e-10,2.843761095825305e-09,2.714296410333732e-06,167.88509418594666,828.6973228417703,3018.1432749131836,167.88509418594666
107.4,0.2578117325541075,-0.0008235690462693064,0.0024977027681497236,-0.00098851646449709,3.2226991982989933e-07,6.4100779889457e-10,2.7722414241671203e-08,2.694137986232464e-06,166.00623076481176,830.5084440985436,3015.8475274118764,166.00623076481176
107.5,0.25766558370385445,-0.0008240328791725642,0.0024808210711528187,-0.0009773716969432463,2.0916303546573474e-07,6.369479642428127e-10,1.511543224097233e-08,2.6887037649851182e-06,167.7724056615816,828.7329341601203,3016.6218818076973,167.7724056615816
107.6,0.2575759016053355,-0.0008242942541069454,0.0024753869956158484,-0.0009737738178103563,1.5527035245487103e-07,6.332740465639872e-10,1.0390064143075938e-08,2.686666739059365e-06,165.92300504237238,830.5782299930098,3017.2240568706266,165.92300504237238
107.7,0.2574813024080548,-0.0008245486201826556,0.002468759964239411,-0.000969398115570286,1.2318538079062447e-07,6.297799470313893e-10,7.914900014241917e-09,2.6855995946076523e-06,167.72525683143363,828.7725208075329,3018.241048989404,167.72525683143363
107.8,0.25741855477519743,-0.0008248218929012204,0.0024621601597339996,-0.0009650143897771942,1.0228439665255582e-07,6.263785925939476e-10,6.391845085666901e-09,2.6849428236049403e-06,165.86371447448985,830.6120631858498,3019.0310755060227,165.86371447448985
107.9,0.25851350790215516,-0.0008221165598836629,0.0024384332647852057,-0.0009324238839194571,4.871708520429415e-07,6.255955020513829e-10,3.1613214838472536e-08,2.6961805408706675e-06,167.6726390488348,828.8460260868648,3019.8853880447014,167.6726390488348
108.0,0.2583566518351393,-0.0008225275033344447,0.0024316101061915753,-0.000930182219578854,2.694729110704116e-07,6.210676908836745e-10,1.6191380638487617e-08,2.694503831224696e-06,165.8105076208433,830.6769613658704,3020.814505365054,165.8105076208433
108.1,0.2582277222490008,-0.0008229007207632815,0.002422562326814015,-0.0009271939457483321,1.8577149623954444e-07,6.173964830683197e-10,1.0871472687345007e-08,2.693925176309879e-06,167.1795678205759,829.1776258651571,3030.0771708241846,167.1795678205759
108.2,0.25812489904777175,-0.0008231746963073134,0.002419212275317675,-0.0009260930331847966,1.4184963371079295e-07,6.139921357043982e-10,8.215723756615274e-09,2.693636204086951e-06,166.6540089164179,830.2738432906344,2979.334531146048,166.6540089164179
108.3,0.2598976072392364,-0.0008189314550873429,0.0023952799162928235,-0.0008857056893679384,3.380950415849957e-07,6.120582212041248e-10,2.7835016113370667e-08,2.674389766599285e-06,167.83469331927338,828.8835218126372,3017.445029551378,167.83469331927338
108.4,0.25984807437216145,-0.0008190803371473054,0.0023844146714050813,-0.0008787271767409336,2.1700912703125837e-07,6.082659183032798e-10,1.5114636501895688e-08,2.6691886881364505e-06,165.01044860498357,831.4444444324785,3028.1829610045156,165.01044860498357
108.5,0.25972384081377237,-0.0008193713733010377,0.002380159641677429,-0.0008759524558314785,1.594443887514866e-07,6.048847912491926e-10,1.0366589053642596e-08,2.6672471705761834e-06,166.34041211285634,830.0029954506992,3035.289518777604,166.34041211285634
108.6,0.2596354053693108,-0.0008196410439964906,0.0023752180269993174,-0.0008727347213593829,1.2630380449322744e-07,6.016671983646732e-10,7.889469932036311e-09,2.666234142629545e-06,164.54508995306728,831.7860196097079,3033.9258453849307,164.54508995306728
108.7,0.25955369487532337,-0.0008198217832319819,0.0023731791509472642,-0.0008713988281886451,1.0437105630465212e-07,5.98554889166389e-10,6.367552139950099e-09,2.6656116596681273e-06,166.3519192218306,830.0005178482078,3034.6946765061302,166.3519192218306
108.8,0.2594829910471937,-0.0008200834282279273,0.002368780118336771,-0.0008685251653010673,8.904750844743039e-08,5.955047302615551e-10,5.339525791065488e-09,2.665191120319458e-06,164.85091314731665,831.5739969640874,3028.379457222405,164.85091314731665
108.9,0.2594224101795295,-0.000820247282113604,0.0023663947339028334,-0.000866966691824611,7.753991440869511e-08,5.925139968850604e-10,4.596831843106737e-09,2.664887238621167e-06,166.62664819795123,829.8333869239118,3030.5561977537577,166.62664819795123
109.0,0.25943074753520934,-0.0008212469165760357,0.002466008863404235,-0.0009303350556739962,7.637016310805619e-08,5.921479681370475e-10,4.528478541397739e-09,2.6648593062622538e-06,160.51158089807282,831.3046843980927,2669.7385524351357,160.51158089807282
109.1,0.2608853751817622,-0.0008175707116408482,0.0024909289111365745,-0.0009170056996743904,4.2653151581908815e-07,5.914626639255707e-10,2.9351161592976245e-08,2.6596412851385124e-06,168.3302379163424,830.0071793326794,3141.8693726395722,168.3302379163424
109.2,0.2612780351994812,-0.0008174957102211615,0.0032387778912184267,-0.0012417961737458474,3.900182351240692e-07,5.908647414525339e-10,2.6324870636730757e-08,2.6590694633885835e-06,162.87008657208767,833.3437541261364,2913.956768489633,162.87008657208767
109.3,0.2620017476604382,-0.000814635102846982,0.0032151411301393784,-0.0012035960723965147,4.718595364244975e-07,5.949735166245048e-10,3.270962480132869e-08,2.708162215640218e-06,195.5369874196418,802.2776088285998,2995.1627037628946,195.5369874196418
109.4,0.26303671828188463,-0.0008111737505782961,0.003195811306887683,-0.0011666478733021889,4.5760894400800326e-07,5.958672540589951e-10,3.2355416401028776e-08,2.737562772710318e-06,196.0069986910461,801.7309105548566,3000.389673690188,196.0069986910461
109.5,0.26424613731569785,-0.0008071826812913422,0.0033148161112508444,-0.0011864638967200804,4.0213713884908284e-07,5.933755930772467e-10,3.0934140103205495e-08,2.7292476350763886e-06,195.81539559291633,802.0953199461596,2987.904357459523,195.81539559291633
109.6,0.2651043639011701,-0.0008041729937466593,0.003302200701559793,-0.0011492416069445175,3.988082861737775e-07,5.916256767132267e-10,3.089637793708439e-08,2.7173569917466294e-06,196.28209461106437,801.5663079134622,2991.1986130580544,196.28209461106437
109.7,0.26498878268754983,-0.0008045584394165934,0.0032939851865477297,-0.0011456169787924283,2.2383456932042692e-07,5.869861274388062e-10,1.6091579135925896e-08,2.714491575900389e-06,195.8506404789293,802.1258839044937,2981.0131039671364,195.8506404789293
109.8,0.26486588176476894,-0.0008049991743207964,0.0032856926196070902,-0.001141948569054976,1.5529969315879874e-07,5.835239571248485e-10,1.0884117503166654e-08,2.7134835588409426e-06,196.99300140650547,801.0131859222132,2976.774175462985,196.99300140650547
109.9,0.26476640155428716,-0.0008043901542093988,0.003059414912345911,-0.0010427039608362837,1.5021670334396865e-07,5.831150535899078e-10,1.052820551681747e-08,2.71341476379814e-06,172.15609521268874,820.8072577533262,2455.0926681324004,172.15609521268874
110.0,0.26473385112671954,-0.0008040422540444717,0.0027888616133149723,-0.0009238505266187394,1.4555750928534198e-07,5.82700368463884e-10,1.0121350673732345e-08,2.7133360402684144e-06,163.87072159351158,830.3563280926596,2939.1514739460977,163.87072159351158
110.1,0.264667962210598,-0.0008043219220872679,0.002783456949363827,-0.0009214492545154509,1.1796014343052692e-07,5.795565340671668e-10,7.719368875906156e-09,2.7128708297557163e-06,160.27016068219547,836.7129079841638,3074.482671054021,160.27016068219547
110.2,0.26552921700462806,-0.000802079015995849,0.0027611023486599218,-0.0008872741947650406,4.4242154824563454e-07,5.789988945712963e-10,3.021893462220899e-08,2.705645435396447e-06,161.805275117174,835.3991709577648,3050.6896453172703,161.805275117174
110.3,0.26539205567853014,-0.000802560415323972,0.0027415041204403995,-0.0008786286884425384,2.587053370620315e-07,5.747623745333822e-10,1.5727720789785203e-08,2.7028431954569885e-06,160.4971963492409,836.638813573074,3055.9503964256237,160.4971963492409
110.4,0.2653452933466917,-0.0008026875056962348,0.002729264844447219,-0.0008732482093439344,1.8248932225907918e-07,5.714185550677323e-10,1.0630548944851431e-08,2.7018573952931006e-06,161.42261940308887,835.7173245230258,3055.8515002427184,161.42261940308887
110.5,0.2653354364741942,-0.0008028299517162641,0.0027142247028973977,-0.0008666020348202126,1.411255667788002e-07,5.683797973438942e-10,8.028310318249631e-09,2.701354019156944e-06,160.59670493758372,836.5497920042028,3056.373163891939,160.59670493758372
110.6,0.26532208877422075,-0.0008028623751692219,0.002712604606226934,-0.000865891096488032,1.1491555155952847e-07,5.654917288075575e-10,6.449955791559075e-09,2.70104862780262e-06,161.59887256102468,835.5651441886431,3055.692212997189,161.59887256102468
110.7,0.2652874569552644,-0.0008030122570206439,0.0027098740227736117,-0.000864675153349811,9.700904138741035e-08,5.626919709534343e-10,5.389390852596123e-09,2.7008433515567068e-06,160.61347266273643,836.5491929649411,3058.0642287856463,160.61347266273643
110.8,0.26527949123768474,-0.0008030669483594514,0.002706752148752146,-0.0008632931333259561,8.387119069228588e-08,5.599564172655135e-10,4.628329508389101e-09,2.700695988043028e-06,161.4597333886249,835.6945771466725,3058.1871911155067,161.4597333886249
110.9,0.26525329148366106,-0.0008031535689788251,0.0027055232236515205,-0.0008627489121082287,7.394090982304805e-08,5.572694059743695e-10,4.054602906892687e-09,2.700584841344635e-06,160.11117438155784,836.8967138103528,3065.113193344838,160.11117438155784
111.0,0.2652562640642063,-0.0008031583891377629,0.0027025184723953625,-0.0008614239620636364,6.612890673930984e-08,5.546194498637009e-10,3.605722684052349e-09,2.7004978190361125e-06,159.7503131234126,837.0762287752297,3076.873941989392,159.7503131234126
111.1,0.2652423544020227,-0.000803295651671963,0.002700035720050665,-0.0008603039255591448,5.983751605662389e-08,5.520040946071155e-10,3.2464111758844527e-09,2.700428124866289e-06,158.97873419290664,837.8780655683001,3075.989344390332,158.97873419290664
111.2,0.26524418157241886,-0.0008032977752919018,0.002697666196772559,-0.0008592599810800481,5.461046546763446e-08,5.494236784535819e-10,2.9523172711067214e-09,2.7003710483960675e-06,159.94401555778765,836.9360549580924,3074.9849727269184,159.94401555778765
111.3,0.2652320943153439,-0.0008034178548141261,0.002695596435706034,-0.0008583250220448098,5.024275808886782e-08,5.468718872109297e-10,2.707226170667731e-09,2.7003234532696526e-06,159.1727342041807,837.7366847259281,3073.1037613941726,159.1727342041807
111.4,0.265232425285704,-0.0008034506550963397,0.002693707807695618,-0.000857484878064298,4.65072047125243e-08,5.443491096047404e-10,2.499720441183251e-09,2.7002831281469183e-06,159.85118264713023,837.0655678085552,3072.5041889021486,159.85118264713023
111.5,0.26524038911873055,-0.0008035328175835146,0.0026909331067575706,-0.0008562347404934655,4.3303244223379085e-08,5.418515276431888e-10,2.32174751415908e-09,2.7002485175365464e-06,159.07603197219677,837.8587147738049,3072.7698687169923,159.07603197219677
111.6,0.26525349395454306,-0.0008035802796046625,0.002690337065470487,-0.0008559484087536209,4.052311776941776e-08,5.393786536149185e-10,2.167283131441359e-09,2.7002184501774244e-06,158.41712233294297,838.3880484815704,3076.122625169177,158.41712233294297
111.7,0.2652422452578774,-0.0008037254887631423,0.0026890568269219775,-0.0008553526694324214,3.807889758331887e-08,5.369306805061684e-10,2.0321005328005975e-09,2.7001921135563576e-06,158.38592047376667,838.3937175167855,3075.9747024054286,158.38592047376667
111.8,0.26523501504083646,-0.0008037215631851996,0.00268835192995349,-0.0008550496930427253,3.591834283522193e-08,5.345084203291211e-10,1.9117661617597545e-09,2.7001686326067718e-06,157.9545544185904,838.1904022518005,3105.828310236353,157.9545544185904
111.9,0.2652312230488276,-0.0008037499045792841,0.0026875478904130824,-0.0008546910431664719,3.401007071446122e-08,5.321040358605291e-10,1.804919946600688e-09,2.7001477644946247e-06,156.20224905469178,839.948706437837,3104.9151261778293,156.20224905469178
112.0,0.2652244093436573,-0.0008037403320380837,0.002686932377541343,-0.0008544286617544482,3.227893269471184e-08,5.297273636391479e-10,1.70929188860525e-09,2.700129068809957e-06,157.67750575912834,838.4018697607038,3108.3660875440182,157.67750575912834
112.1,0.2652211132029893,-0.0008032358255738382,0.002692246819160818,-0.0008569135965048525,3.073492694770712e-08,5.273654273521626e-10,1.624898006994539e-09,2.7001125560024386e-06,155.61637813307576,840.8379210615035,3045.3759665444018,155.61637813307576
112.2,0.26520147962633306,-0.0008033466953594652,0.002691259047679762,-0.0008564631190917833,2.927484228340954e-08,5.250397490026089e-10,1.548399500163868e-09,2.700097596831106e-06,162.2413025254736,835.0951064841726,3045.1235406542773,162.2413025254736
112.3,0.26518537375073176,-0.0008035386723231501,0.0026899753526200398,-0.0008558562814409674,2.7962879043001002e-08,5.227296556610667e-10,1.4787396306709128e-09,2.7000839588097608e-06,160.22859959160357,837.0681363999736,3046.986338713151,160.22859959160357
112.4,0.26516884853373607,-0.0008036935693268762,0.0026887296517365427,-0.0008552771860904256,2.6751611943256603e-08,5.204453500689521e-10,1.4150525409187714e-09,2.7000714763506116e-06,161.88380838097945,835.3984112489052,3048.0979145126726,161.88380838097945
112.5,0.26516550309134596,-0.000803899698539962,0.002686697785563354,-0.0008543270149106393,2.5654716358334244e-08,5.181757993289972e-10,1.3565485410862167e-09,2.7000599948061625e-06,159.78067948144277,837.4365436014041,3052.273660675327,159.78067948144277
112.6,0.2651512204975582,-0.0008040444782451353,0.002685421522217848,-0.0008537355929043477,2.4634069380038722e-08,5.159315543179702e-10,1.3026611110936206e-09,2.700049407226182e-06,161.45951628128844,835.7458706851284,3053.959113709771,161.45951628128844
112.7,0.26513592332817093,-0.0008038891848352477,0.00264303627232546,-0.0008351563015120354,2.446844897458301e-08,5.155450970883296e-10,1.2939054436791239e-09,2.700047687284977e-06,159.01069408595689,837.7314470837331,3010.1430967150154,159.01069408595689
112.8,0.26511863227986265,-0.0008039663008101433,0.0026426166955660566,-0.0008349635050472749,2.3532973919850518e-08,5.133265972042635e-10,1.2433409644968569e-09,2.700037759342163e-06,161.92388186128179,835.7480695863429,3139.372100036154,161.92388186128179
112.9,0.2667210586117261,-0.0007997838111378888,0.0026242097336309196,-0.000804946703368708,4.3435322970799237e-07,5.138812712799123e-10,2.936403805503166e-08,2.6944607526243824e-06,161.8787929883665,835.784268761817,3140.1507664480378,161.8787929883665
113.0,0.26952187621939777,-0.0007917375158341752,0.006106917323802008,-0.002301021307312505,1.3422589033762918e-06,5.202951252073268e-10,1.5067875498779574e-07,2.7070223284750366e-06,158.23908691306835,838.0482107491068,3101.670206605806,158.23908691306835
113.1,0.27072948789075824,-0.0007739042841158907,0.006079179620438754,-0.002229246686623301,5.03430713440923e-07,5.339567500077231e-10,3.054864489099404e-08,2.6742590610820267e-06,162.6423486782903,834.8418032559977,3086.360514199476,162.6423486782903
113.2,0.2707066709415889,-0.0007730846253781483,0.0063342856768182,-0.0023394471867852857,4.5242950782482813e-07,5.326317018177521e-10,2.7361933443505497e-08,2.6736651189839666e-06,160.3902244117598,831.6409907169375,2733.7531314121666,160.3902244117598
113.3,0.27207565669158107,-0.0007624955490850896,0.006282784365976411,-0.002256415337461859,4.693197220712348e-07,5.404987478387052e-10,2.7798476115166085e-08,2.664404691318619e-06,160.10626643898027,838.6624281122508,3352.8941889319676,160.10626643898027
113.4,0.2732620014039084,-0.0007548915394135038,0.006225889065403858,-0.0021733821997030785,4.712893286744646e-07,5.409234234846985e-10,2.7773372749865602e-08,2.655488390622174e-06,159.69254335186724,839.0387303328605,3356.5415260706777,159.69254335186724
113.5,0.27316403015242274,-0.0007557319472963849,0.006204260114926981,-0.002164009634445591,2.693730589292654e-07,5.309588012464893e-10,1.4371861445173139e-08,2.6529992495946993e-06,158.95433479335296,839.6914883681266,3365.426621114302,158.95433479335296
113.6,0.2731673399079916,-0.0007559417844224287,0.006187155763396369,-0.00215659019494404,1.886229223819715e-07,5.256210147385427e-10,9.692036333070962e-09,2.6521299710459867e-06,158.83317964244216,839.7953676726848,3367.791154552109,158.83317964244216
113.7,0.27318933354874836,-0.0007560416466595191,0.006167213211981561,-0.0021479471887356104,1.4519640731672856e-07,5.217224548774412e-10,7.3113643372110255e-09,2.651687704028729e-06,158.47630729690948,840.110316376336,3367.661946929267,158.47630729690948
113.8,0.27315046476172455,-0.0007564932497563015,0.006158055073076783,-0.002143954443350745,1.1800484103432631e-07,5.184610908424267e-10,5.869912593585319e-09,2.6514198823000352e-06,158.6155004464041,839.9744732344323,3366.8583752280388,158.6155004464041
113.9,0.2731175178291124,-0.0007569080290250095,0.006150044653238489,-0.0021404564074564893,9.938428705324055e-08,5.15544379405102e-10,4.903414365319179e-09,2.6512402763760438e-06,158.6883657265736,839.9154154733797,3366.022742012702,158.6883657265736
114.0,0.2730858982916685,-0.0007571677758450371,0.00614679861579023,-0.0021390430372734298,8.578123461210387e-08,5.128527643247235e-10,4.209766408189742e-09,2.651111349542318e-06,159.50311527934193,839.3111655207632,3364.617743095454,159.50311527934193
114.1,0.27305648263514803,-0.0007574594065826036,0.006142741266215772,-0.0021372702918912773,7.543830899847306e-08,5.103003919875186e-10,3.688541948607571e-09,2.651014450548189e-06,159.77779988562736,839.0748884288123,3360.9880037235225,159.77779988562736
114.2,0.27302887131452913,-0.000757687976722277,0.006140259658776321,-0.0021361877780032607,6.733931351353742e-08,5.078506347798471e-10,3.2816332327019066e-09,2.6509387785224924e-06,159.38214091196207,839.4390247970811,3365.461974898511,159.38214091196207
114.3,0.27304143711699846,-0.0007580557021612378,0.006044353279909342,-0.0020947693428975756,6.619093992050336e-08,5.07469026078801e-10,3.229662991388763e-09,2.650929104611353e-06,161.16731564835922,834.9737490861182,3075.1053928880283,161.16731564835922
114.4,0.2790106941242091,-0.0007229746003460068,0.00417156628314316,-0.001435129591461024,1.4998442256182752e-06,5.595318043975176e-10,1.5433867498563975e-07,2.678055274014557e-06,168.41116460739372,823.6808753918704,2928.9845233810884,168.41116460739372
114.5,0.2899115291242253,-0.0006775097790493612,0.005650937369985115,-0.001684392921657522,2.5075220363765087e-06,5.902672395231858e-10,1.8276596504188876e-07,2.7422381638247338e-06,163.94881091053585,829.8383196341913,2825.433249948784,163.94881091053585
114.6,0.2973025172190147,-0.000629628006205824,0.00855981370696432,-0.0022754416537246807,3.0047351716908236e-06,6.517160662980399e-10,2.7689469024933914e-07,2.7958329163282472e-06,166.12196510300024,814.6240405109704,2364.5598431461594,166.12196510300024
114.7,0.2964236244428393,-0.0006414868420798424,0.004843517568746706,-0.0014632624272534441,2.2257699776179742e-06,6.29547581724652e-10,1.780966875909569e-07,2.7911248247598535e-06,183.80636392329956,805.4778410169511,3192.0434371208485,183.80636392329956
114.8,0.3002548521266914,-0.0006213065800966422,0.007181012009420345,-0.001947089311228835,3.001354141201183e-06,6.718952066682019e-10,2.3253753783012225e-07,2.8390175039271745e-06,168.60218847881904,820.0902346706249,3005.0531687141947,168.60218847881904
115.0,0.30011235732860014,-0.0006189256743813847,0.00797140036420035,-0.0021250827223386493,2.236412052125108e-06,6.529505969422815e-10,1.618208248811933e-07,2.8354644354482647e-06,162.8576359712558,822.5071127264572,2691.278466527958,162.8576359712558
115.1,0.3001985873334394,-0.0005978443511764906,0.010219101378739456,-0.0025150768256033866,5.886475167228689e-07,6.836690078920468e-10,3.923346493891387e-08,2.891199135351563e-06,196.6325205916629,794.4554535391778,3103.749949754333,196.6325205916629
115.2,0.3008551234380217,-0.0005877154838359311,0.010395023763266176,-0.002485480709413683,4.722628641174249e-07,7.04855704172911e-10,3.207096930826353e-08,2.9303098150824814e-06,195.6568203293476,795.7136085759275,3074.808599142587,195.6568203293476
115.3,0.3018446012237277,-0.0005778856551031174,0.01020004277934006,-0.002345359234762528,4.3499853889495575e-07,7.024906030582414e-10,3.119874089830736e-08,2.9295659474002143e-06,196.563115269911,794.7726066681598,3082.1450490888083,196.563115269911
115.4,0.3018615454448076,-0.0005780370442360362,0.010160043282302257,-0.0023312659972257437,2.3514859198480985e-07,6.778515174325435e-10,1.5868232175654448e-08,2.9276929784553553e-06,195.03155286784286,795.776537771867,3122.3548704430045,195.03155286784286
115.5,0.30189369910586156,-0.0005777446595253864,0.010155683179792183,-0.0023297388125098854,1.6088809493065077e-07,6.665941208011797e-10,1.0640280337658396e-08,2.9270540134602034e-06,195.95433160339954,794.8395422876147,3122.6321466046165,195.95433160339954
115.6,0.3018808686325225,-0.0005778184771308626,0.010160646365405028,-0.0023314906395822954,1.2242286978994823e-07,6.591585055920356e-10,8.00416593477046e-09,2.9267316171389067e-06,194.94997431651294,795.8314596835669,3121.8447296307268,194.94997431651294
115.7,0.30360576308638465,-0.000560260383536269,0.010156037339805336,-0.002262285651706597,3.841747568973528e-07,6.825715007778005e-10,2.972999347480202e-08,2.909318203878641e-06,195.8847709956019,794.9013003563857,3121.78830252635,195.8847709956019
115.8,0.30550566507669985,-0.000540841468797074,0.010156141108167314,-0.0021980749722835904,3.9969789474506585e-07,6.822266508735595e-10,2.986999018762532e-08,2.887425253751372e-06,194.97526005972253,795.829710027673,3121.5407005830366,194.97526005972253
115.9,0.3065665603569543,-0.0005301042387646985,0.010094110440938242,-0.0021075381706081773,3.989783794832147e-07,6.794415409334972e-10,2.9886826940125785e-08,2.866670719543789e-06,195.89887293167362,794.8783045077679,3119.9235129263698,195.89887293167362
116.0,0.307745992448384,-0.0005181545960780349,0.010098490590871808,-0.0020508665119316617,4.002793766906864e-07,6.765792640237908e-10,2.988264988885796e-08,2.84705087041801e-06,195.05572670115546,795.7264884832138,3120.333328940059,195.05572670115546
116.1,0.30771236197482243,-0.0005184568031921897,0.010106415338999327,-0.002054541762338953,2.2396098290765072e-07,6.554847050254285e-10,1.552475391935254e-08,2.8439776126499456e-06,196.3509725557652,794.400483105725,3120.510253107819,196.3509725557652
116.2,0.3076698006464309,-0.0005189709908465321,0.0100900813918475,-0.0020469582956536545,1.557869918266589e-07,6.453838715419051e-10,1.0486608741224454e-08,2.842899046342526e-06,195.06118255342355,795.7226127446067,3120.8706725446855,195.06118255342355
116.3,0.3076493799080482,-0.0005191013308401804,0.01009549699150344,-0.0020494861423446587,1.1930158395878676e-07,6.385413782834875e-10,7.917484957521569e-09,2.842348911308535e-06,195.98766188342506,794.7876496579232,3120.8908730119756,195.98766188342506
116.4,0.3076417527682647,-0.0005191532872964495,0.010097503279640804,-0.002050421641234156,9.674927543113417e-08,6.331350948199704e-10,6.35908938802213e-09,2.842015099683358e-06,195.05814624253634,795.7209077726562,3122.0518502023406,195.05814624253634
116.5,0.3076738190397887,-0.0005187395428348714,0.010106612513032765,-0.002054665024603287,8.130713538606898e-08,6.284888542899848e-10,5.3132663276297936e-09,2.841790993941178e-06,195.98759807161696,794.805539523013,3122.349049622213,195.98759807161696
116.6,0.3076582664482429,-0.0005189874851591488,0.010099947596180677,-0.002051552665434464,7.016379021966063e-08,6.243018811515694e-10,4.563413223468561e-09,2.8416302332579087e-06,195.0073329650121,795.7709890925167,3119.785322662289,195.0073329650121
116.7,0.30904108118021273,-0.0005049566242392272,0.010099527123112982,-0.001994673137495064,3.80865183538705e-07,6.52832522317761e-10,2.97146731838425e-08,2.8284835515157218e-06,195.93024896067436,794.8499259936862,3120.6646005132447,195.93024896067436
116.8,0.3090500014867144,-0.0005048041731848291,0.010108712942884384,-0.0019989199919410844,2.1837790214065897e-07,6.332803683435941e-10,1.5479265403821718e-08,2.8254680490048284e-06,195.02207323277008,795.7679542102568,3120.519756245797,195.02207323277008
116.9,0.3090079563441112,-0.0005052203658919329,0.010111538620760642,-0.002000222466941022,1.5286352782830803e-07,6.236493487334728e-10,1.0464963288220847e-08,2.824405701391684e-06,195.9308478605158,794.8443673382412,3121.693468626179,195.9308478605158
117.0,0.3087757173414527,-0.0005083114627616834,0.01024452383409989,-0.0020611869861332016,1.4896294141173576e-07,6.229648407426312e-10,1.0181298532552683e-08,2.8243455757461543e-06,177.10351637780263,807.0691205111171,2768.933483077357,177.10351637780263
117.1,0.30876580959063016,-0.0005083923429291588,0.010246373703389463,-0.002062044147161906,1.2119519763900128e-07,6.1711294711543e-10,7.426489020529073e-09,2.823762385747163e-06,152.71230356203716,842.9696147866873,3636.4662832436243,152.71230356203716
117.2,0.3105293529131729,-0.0004901837595918264,0.010260036209172756,-0.0020116995929897125,4.6123053655094596e-07,6.502363528989872e-10,2.5662542527323623e-08,2.81009546979921e-06,152.71558299818176,842.9613771768555,3636.868523113524,152.71558299818176
117.3,0.3121519861518637,-0.0004735163065809283,0.010278849110368317,-0.0019654622035920393,4.869462602916861e-07,6.510397038411863e-10,2.5745507880841486e-08,2.793520731369662e-06,152.7243213284558,842.9576720500537,3637.074965263576,152.7243213284558
117.4,0.3121149257676332,-0.0004739485960452665,0.010270826186729769,-0.0019618054070459803,2.792340355378646e-07,6.261745738109901e-10,1.3304809818756927e-08,2.7909557845173255e-06,152.72679990287997,842.9582939615664,3636.821743185118,152.72679990287997
117.5,0.31222317174141123,-0.000472804191809735,0.010272281772274027,-0.0019624758309585723,1.957348552282008e-07,6.144014560203853e-10,8.970145608945174e-09,2.790061941491787e-06,152.73862314998817,842.9509313106354,3637.067146741825,152.73862314998817
117.6,0.3122128052744541,-0.00047290515052662033,0.010272234181475388,-0.001962455816772729,1.5069396447869052e-07,6.067020236163886e-10,6.765105925672356e-09,2.78960713250853e-06,152.66749542049052,843.013953239731,3638.8524364423447,152.66749542049052
117.7,0.31220357013438194,-0.00047297396690982837,0.010273904819239153,-0.0019632217056503964,1.225034097286628e-07,6.008041524684784e-10,5.430256294797979e-09,2.7893317202610526e-06,152.6736633213278,843.0089532989483,3638.9493155053233,152.6736633213278
117.8,0.3121899644109311,-0.00047316585524237253,0.010271511479208507,-0.001962120119472479,1.0319787405291583e-07,5.958697678064376e-10,4.5354660435418075e-09,2.789147030983326e-06,152.67520515760015,843.0096607898174,3638.5992599307183,152.67520515760015
117.9,0.31218324926211244,-0.000473208308667443,0.01027262582377825,-0.0019626336476817005,8.914792800760458e-08,5.915164651332137e-10,3.89396822414314e-09,2.7890145618461237e-06,152.68581024368734,843.0056104963807,3637.896572425186,152.68581024368734
118.0,0.31217789063498863,-0.00047324924946521777,0.01027247842110857,-0.001962570840526778,7.846516125293959e-08,5.875455216436246e-10,3.4113801867831944e-09,2.7889148546952662e-06,152.68721786937337,843.0016665150644,3638.647008205954,152.68721786937337
118.1,0.3122054496590729,-0.0004729618474050082,0.010275437910674087,-0.00196391549602591,7.006846626974947e-08,5.838428061877997e-10,3.0354622244298923e-09,2.7888371393516995e-06,152.69222303369438,842.9842552716393,3636.1491133935374,152.69222303369438
118.2,0.312197106061627,-0.00047311504437437367,0.010273712176540013,-0.0019631124740686883,6.333230382221952e-08,5.803401173716083e-10,2.7341631829679117e-09,2.7887748131022363e-06,151.76754585288012,843.9843256760014,3636.2074681971753,151.76754585288012
118.3,0.31219286640334115,-0.0004731038360178991,0.010274935487433008,-0.00196368370093414,5.7745068316974446e-08,5.769885185741925e-10,2.4873873621311153e-09,2.788723724696162e-06,152.74671560064334,842.9223676236214,3634.6721717164837,152.74671560064334
118.4,0.3122226524816032,-0.00047280034015388683,0.010274411249602778,-0.0019634450938390787,5.306374394519344e-08,5.737586239394964e-10,2.281387934678179e-09,2.7886810445941664e-06,152.74681535841376,842.91568841489,3636.388350433215,152.74681535841376
118.5,0.31221960551635025,-0.00047282546589903253,0.010274301607247372,-0.0019633971192771008,4.9086157468120746e-08,5.706283497113225e-10,2.106844593695475e-09,2.7886448512664605e-06,152.67887973134845,842.976196407308,3637.757073178137,152.67887973134845
118.6,0.3122131325701821,-0.0004729138381069597,0.010274170674625542,-0.001963331292842259,4.566321283796144e-08,5.675820868160241e-10,1.9571593879679364e-09,2.7886137849086685e-06,152.68326611906815,842.9770051440177,3636.605084073812,152.68326611906815
118.7,0.31221047371315214,-0.0004729208384631162,0.01027419514506456,-0.0019633483165725336,4.268645972247111e-08,5.646080320436937e-10,1.8273414281910292e-09,2.788586816451097e-06,152.68760413117965,842.9750274134093,3636.457749286792,152.68760413117965
118.8,0.31220782438056804,-0.00047293575612011315,0.010274308983242523,-0.001963403567939231,4.0074007020685105e-08,5.616973186089643e-10,1.7136750740713869e-09,2.7885631797608463e-06,152.6911945387483,842.9713706652474,3636.5332222393045,152.6911945387483
118.9,0.31220504383328673,-0.00047289711245155394,0.010274485262157325,-0.0019635031718699355,3.7762841742840514e-08,5.588429537075475e-10,1.6133205482560536e-09,2.7885422894016898e-06,152.69429693852206,842.9695562478875,3636.683742542643,152.69429693852206
119.0,0.3121997313632562,-0.00047304126114802893,0.010273996085375919,-0.0019632549991378404,3.570364039727448e-08,5.560393312977571e-10,1.5240758527728417e-09,2.7885236913954786e-06,152.7007152263847,842.9653653163518,3636.531809030191,152.7007152263847
119.1,0.3121976721932456,-0.0004730433606582157,0.010274127930950602,-0.0019633203954667203,3.385729670689134e-08,5.532821138571243e-10,1.4442029665720006e-09,2.788507027496333e-06,152.7102260595657,842.9628888207415,3635.8642315518855,152.7102260595657
119.2,0.3121952131519481,-0.0004730351471757588,0.010274703768016577,-0.0019635915267104446,3.219232819353999e-08,5.505672940967697e-10,1.3722842739134092e-09,2.788492005401401e-06,152.72834478796088,842.9507786196054,3636.0281098654445,152.72834478796088
119.3,0.3121933438015641,-0.0004730582338966616,0.010274653512810981,-0.001963567578524746,3.068345290139208e-08,5.478922955653772e-10,1.3071800982668886e-09,2.788478389861435e-06,152.72703217611516,842.9474657124114,3636.6495819778333,152.72703217611516
119.4,0.3122073693786736,-0.00047295536621920313,0.01027376200249469,-0.001963150933074439,2.930966777798472e-08,5.4525454227253e-10,1.247967413402286e-09,2.788465990742216e-06,152.72970284126916,842.947643080804,3637.144546127828,152.72970284126916
119.5,0.31220538484723254,-0.0004729393084083593,0.010274380650477168,-0.0019634423636390535,2.8054076217410655e-08,5.426516395247743e-10,1.1938856480343698e-09,2.7884546511359848e-06,152.6725515550234,843.0054187637879,3637.3129631669626,152.6725515550234
119.6,0.3122036403873284,-0.00047295204737563695,0.01027436418104829,-0.0019634363945131303,2.690166268456247e-08,5.400820572245992e-10,1.1442904255172996e-09,2.788444238090546e-06,152.66996943390103,843.0028707374929,3637.8997309647284,152.66996943390103
119.7,0.31220156579331326,-0.00047296449709570095,0.010274379635586355,-0.0019634459883008043,2.584010502905121e-08,5.375439205681024e-10,1.0986451051924603e-09,2.788434641200754e-06,152.68231172946653,842.9974411007458,3638.526182320067,152.68231172946653
119.8,0.31219835113833977,-0.0004730390288067816,0.010273854347548005,-0.0019631954450100146,2.4859155397618684e-08,5.350363657718047e-10,1.0565136139375597e-09,2.7884257703468587e-06,152.6820144470672,842.9967832769613,3637.5423495579225,152.6820144470672
119.9,0.3121961965710981,-0.00047301605911735434,0.010274371613685227,-0.0019634433818703396,2.3949860234314686e-08,5.325576186840717e-10,1.017500829126668e-09,2.788417544329224e-06,152.69864791746866,842.9940666515918,3636.9854914040907,152.69864791746866
120.0,0.3121947164986832,-0.00047302169370227575,0.010274406391353184,-0.0019634619544230862,2.3104714068666707e-08,5.301069258542645e-10,9.812613623003385e-10,2.7884098916143384e-06,152.70342648387734,842.9857815802497,3637.6414285912506,152.70342648387734
120.1,0.3121933690014436,-0.00047303014375466696,0.010274408564704966,-0.001963464509912185,2.2317176745294004e-08,5.276832852537446e-10,9.475147169995747e-10,2.7884027543584935e-06,152.70476236811697,842.981396954776,3637.7250622279316,152.70476236811697
120.2,0.312191576821563,-0.0004730386827504009,0.010274416764465754,-0.0019634711057734456,2.1581553786405268e-08,5.252858023408189e-10,9.160095529557337e-10,2.78839608080769e-06,152.70572049858447,842.9818874481748,3638.1191719131575,152.70572049858447
120.3,0.3122116726182275,-0.00047286955702197586,0.010274242105460189,-0.001963380996853235,2.0892840935597735e-08,5.229137170497901e-10,8.865461857016885e-10,2.788389829569538e-06,152.71462152756808,842.9628969870487,3636.4347991593613,152.71462152756808
120.4,0.3122101706210929,-0.0004728894625627942,0.010274536961752428,-0.0019635135255030357,2.025078319221556e-08,5.205637936955684e-10,8.589095549809116e-10,2.788383957491641e-06,151.72527542088295,844.0323082520201,3637.681414800448,151.72527542088295
120.5,0.3122087787332993,-0.00047287586095039994,0.010274903733109134,-0.0019636881374925784,1.9643261175601203e-08,5.182406391634616e-10,8.329570029336716e-10,2.7883784327770684e-06,152.69852365201538,842.9594237080012,3636.0146326568556,152.69852365201538
120.6,0.312207217779628,-0.0004728639976718948,0.01027497715355559,-0.0019637295944271277,1.907114162707141e-08,5.159408149521805e-10,8.085225999106716e-10,2.7883732225637643e-06,152.69522361629092,842.961343029888,3636.7576152687716,152.69522361629092
120.7,0.3122048901569796,-0.00047293229649532836,0.010274596443576194,-0.0019635438388355938,1.8531381237747184e-08,5.136637676229776e-10,7.854867001241666e-10,2.7883683022034284e-06,152.7025249961735,842.9567981300897,3635.903911263388,152.7025249961735
120.8,0.31220343310707,-0.00047294934138590166,0.010274608039671992,-0.001963548493151829,1.802131737599642e-08,5.114089097739285e-10,7.637302315727045e-10,2.788363647164605e-06,152.707419181882,842.9578209994768,3635.436846964557,152.707419181882
120.9,0.3122020295986396,-0.00047294707006763695,0.010274651469604743,-0.001963573069108839,1.753855291139514e-08,5.091757940791417e-10,7.431445133569529e-10,2.788359234982326e-06,152.71632171307095,842.9510558648707,3635.884642826333,152.71632171307095
121.0,0.312200984547155,-0.000472943900284194,0.010274717410666651,-0.00196360705220029,1.708096042841474e-08,5.069639572200593e-10,7.23639281577557e-10,2.78835504696733e-06,152.72278309134774,842.9423166013634,3635.9998930764677,152.72278309134774
121.1,0.31219965780148673,-0.0004729167314955133,0.010274883813161956,-0.0019636944762485248,1.664663877840915e-08,5.047729520491912e-10,7.051315864272752e-10,2.7883510660530416e-06,152.72296328084383,842.944117594778,3636.1222762822085,152.72296328084383
121.2,0.3122075030206197,-0.0004728721753985029,0.01027451666947301,-0.0019635173390800636,1.6233844291776402e-08,5.026023750513842e-10,6.875455496083828e-10,2.788347276586586e-06,152.7279051722263,842.9417748584802,3636.5108343230013,152.7279051722263
121.3,0.3122065422566753,-0.0004728771690206509,0.010274558012266203,-0.0019635375242667307,1.5841179480259287e-08,5.004516113293602e-10,6.708137630163199e-10,2.788343664559054e-06,152.6669792015305,842.9987158759154,3636.947281338181,152.6669792015305
121.4,0.3122051522879384,-0.00047285397454731895,0.010274859413431687,-0.0019636852556016915,1.5467022995843768e-08,4.983203519772683e-10,6.548761692077233e-10,2.7883402177203915e-06,152.682428940687,842.9909674107787,3637.2283561256645,152.682428940687
121.5,0.3121715628952446,-0.0004734428810084399,0.01027970639479592,-0.0019658141505147233,1.5435339110602873e-08,4.981440848356728e-10,6.536675610587515e-10,2.7883399526058125e-06,157.72785915499145,832.7825507910978,3369.02147019707,157.72785915499145
121.6,0.3121677670801002,-0.00047356830598053697,0.010278980004211232,-0.00196545922502546,1.5059671772369198e-08,4.960356948645375e-10,6.393659397382766e-10,2.788336877455877e-06,161.0493022366187,837.0477232724471,3423.1928497694216,161.0493022366187
121.7,0.3121665243628375,-0.00047357510145818767,0.01027896324176318,-0.001965453354265671,1.4701887973287781e-08,4.93946822120419e-10,6.256788891454878e-10,2.7883339288233417e-06,161.04490887320782,837.0517202844416,3423.005546769053,161.04490887320782
121.8,0.31407612197876367,-0.00045399837405711205,0.010275915632109403,-0.0019107504379767364,4.346709315243145e-07,5.357910596084077e-10,2.7117149786436033e-08,2.7781161185932927e-06,161.05227606322234,837.050938221848,3423.0057003446973,161.05227606322234
121.9,0.314054016599,-0.00045422358236902666,0.01027590527116514,-0.00191074633194325,2.5552101469147564e-07,5.147991661723314e-10,1.407501533032457e-08,2.7754505441080307e-06,161.05897480406838,837.0469563245767,3423.2607372589446,161.05897480406838
122.0,0.31403983033991445,-0.00045434916999661373,0.010276796318943696,-0.001911154895036161,1.8094331429165595e-07,5.049091928655023e-10,9.503966260441721e-09,2.7745162081430975e-06,161.06560594124275,837.0430257672808,3423.451782227462,161.06560594124275
122.1,0.3140047127315688,-0.00045480327557301763,0.010268788167387044,-0.0019075082321294585,1.4006241847572428e-07,4.986079077757187e-10,7.17463138661817e-09,2.7740400121716118e-06,161.07528114778026,837.0346635692802,3422.424645012903,161.07528114778026
122.2,0.31409633678180443,-0.0004537591576940748,0.010282887755563172,-0.0019139112303286664,1.1425032110751412e-07,4.939189746545323e-10,5.762355243648531e-09,2.7737512372902096e-06,161.07039714738303,837.0377973546038,3422.490061192665,161.07039714738303
122.3,0.31408932021029695,-0.00045381639694794983,0.010282943858504399,-0.00191394082074766,9.6432299021254e-08,4.90086159919568e-10,4.8140212883020005e-09,2.7735572784769454e-06,161.45908828872885,836.6028456633585,3425.643448665978,161.45908828872885
122.4,0.31408283166366646,-0.00045387358796307545,0.01028310220977458,-0.0019140151068589408,8.345032834709272e-08,4.867897059951188e-10,4.13378847909715e-09,2.7734181132621228e-06,161.08994286957278,837.0016200128465,3424.9976879618816,161.08994286957278
122.5,0.31407644454189537,-0.00045393939851461307,0.010282844995159537,-0.001913898785486567,7.354873759138914e-08,4.838350256074325e-10,3.621953374423283e-09,2.773313364628241e-06,161.0967401875854,836.996558440635,3425.3010764404876,161.0967401875854
122.6,0.3140917145100553,-0.0004538394047311223,0.010277484428655888,-0.0019114592655020165,6.574736818479407e-08,4.811184282287526e-10,3.2231434060266935e-09,2.773231715849413e-06,161.1071109444375,836.9892206427603,3422.9310229558478,161.1071109444375
122.7,0.31408668714494886,-0.0004538721706203852,0.010277616932550585,-0.0019115245369876732,5.94432182177213e-08,4.785745414554618e-10,2.903508098353134e-09,2.7731662494117527e-06,161.07802158348957,837.0190873863451,3422.2694459367367,161.07802158348957
122.8,0.31408238895230406,-0.00045390558596680405,0.010277766112830001,-0.0019115950346070263,5.4242114712772925e-08,4.761624665891099e-10,2.6415460371504968e-09,2.773112570794328e-06,161.08466122714904,837.0153086031615,3422.302586866028,161.08466122714904
122.9,0.31407782693602,-0.000453936352031049,0.010278008339958358,-0.0019117091180094546,4.9877848230510576e-08,4.738537538016577e-10,2.4229382086559217e-09,2.7730677535944596e-06,161.09088712702243,837.0114874634346,3422.361774562056,161.09088712702243
123.0,0.31407406615024414,-0.00045396642430084564,0.010278171514845977,-0.0019117853227557885,4.616350235330246e-08,4.716284221804275e-10,2.2377456508592267e-09,2.7730297665671713e-06,161.0966983932897,837.0083095715994,3422.393778891813,161.0966983932897
123.1,0.3141011579704708,-0.00045367010933202427,0.010280713068453028,-0.0019129393351645118,4.2963919633147504e-08,4.694720373411051e-10,2.0788618763364205e-09,2.7729971573010445e-06,161.10524496505562,837.0017097351608,3422.168838856439,161.10524496505562
123.2,0.31409784522727424,-0.0004536909430536379,0.010280871340976555,-0.0019130146390723742,4.017241597754338e-08,4.673705429863437e-10,1.940973724421334e-09,2.772968839965016e-06,161.48451683647767,836.5725292648494,3424.715152755941,161.48451683647767
123.3,0.3140945103439255,-0.00045372183191432375,0.010280812003250551,-0.0019129887779745518,3.772825917431195e-08,4.6532173785598843e-10,1.820258027443738e-09,2.7729440332779963e-06,161.0443187696531,837.0462202093931,3423.8100183233782,161.0443187696531
123.4,0.31409154792875893,-0.0004537519116928624,0.01028086195375895,-0.0019130114651562018,3.556440734565821e-08,4.6331649160913826e-10,1.713678249106319e-09,2.772922116583772e-06,161.0506322690315,837.0419038758055,3423.8163702334195,161.0506322690315
123.5,0.31408850231982344,-0.00045375967581806474,0.010281073943211875,-0.0019131139839354487,3.363525654349109e-08,4.6134979236006107e-10,1.6188904735033556e-09,2.7729026108519924e-06,161.05677252709603,837.0380072935716,3423.753743195648,161.05677252709603
123.6,0.3140807513266475,-0.00045391760823374123,0.010279278429436302,-0.0019122800711276792,3.1904572446274035e-08,4.594178298258047e-10,1.5340613166876705e-09,2.772885141428292e-06,161.06683737295987,837.0362686054715,3422.728534738054,161.06683737295987
123.7,0.3140781239394456,-0.0004539488515237278,0.01027917146792125,-0.00191223051514369,3.034329581039686e-08,4.5751692267732315e-10,1.4576850159560007e-09,2.7728694006519635e-06,161.06355107067623,837.0365444554787,3422.601583598366,161.06355107067623
123.8,0.3140755618782813,-0.0004539599663368368,0.010279371742770558,-0.0019123253753654198,2.8927660441530512e-08,4.556446559706495e-10,1.3885552521613445e-09,2.7728551418334626e-06,161.06991788754175,837.0325327338877,3422.482795467562,161.06991788754175
123.9,0.31407308961297825,-0.0004539830731967926,0.010279440326841386,-0.0019123570353611434,2.7638207178027653e-08,4.5379881188865894e-10,1.3256860543514905e-09,2.772842163430438e-06,161.07479488105238,837.0294366073771,3422.4346916415957,161.07479488105238
124.0,0.314094370459592,-0.0004536673139873015,0.01028254839424831,-0.0019137896326391747,2.6458778769123622e-08,4.519775321248074e-10,1.2682566518983943e-09,2.7728302976782015e-06,161.08055739759155,837.0241517846155,3422.8410963603583,161.08055739759155
124.1,0.3140920350907772,-0.0004536959657754472,0.010282374389609475,-0.0019137096520584567,2.5373212108512474e-08,4.501780248134601e-10,1.2155545629951476e-09,2.772819398945945e-06,161.46533581839546,836.5936642840912,3426.236727433159,161.46533581839546
124.2,0.3140856554478597,-0.0004538268793436257,0.010281100715283424,-0.0019131153150078804,2.4375969204041697e-08,4.4840118242542865e-10,1.1670793093110887e-09,2.772809365066541e-06,161.03346664306855,837.062168350654,3424.283336208557,161.03346664306855
124.3,0.3140838258249845,-0.00045384437467570335,0.010281155460616573,-0.0019131404364852043,2.345415283737185e-08,4.466446704017677e-10,1.1223286971285848e-09,2.7728000934360824e-06,161.03278012140237,837.0632750528005,3423.8351547798993,161.03278012140237
124.4,0.3140818416678892,-0.0004538621381049641,0.01028112167320081,-0.0019131259100680566,2.259951087673475e-08,4.449075954841739e-10,1.0808819537387053e-09,2.7727914979056285e-06,161.03540325695968,837.0593740642078,3423.9669961343598,161.03540325695968
124.5,0.3140797469124736,-0.0004538651894520266,0.010281186676355374,-0.0019131605437667997,2.1804950142941862e-08,4.431891448017566e-10,1.0423874984077662e-09,2.7727835067256612e-06,161.0417168664623,837.0618504664053,3423.8927865594533,161.0417168664623
124.6,0.31407802779157956,-0.000453879437170985,0.01028121690593061,-0.0019131751820182406,2.106432439415872e-08,4.414884822708049e-10,1.0065395666300346e-09,2.772776057319581e-06,161.05254496404757,837.054151700018,3423.973574263315,161.05254496404757
124.7,0.31407274917012984,-0.0004540192909283428,0.010279981899369151,-0.0019125925733350462,2.0372049494882577e-08,4.398051502707627e-10,9.730819463899988e-10,2.7727690972964306e-06,161.13150328647598,836.9735007864294,3423.3225376908476,161.13150328647598
124.8,0.3140708619530017,-0.00045402540209240103,0.010280100075479692,-0.0019126497702824682,1.9723826327132657e-08,4.3813814271197015e-10,9.417837745316253e-10,2.7727625795765646e-06,161.1316741427321,836.973591695672,3422.6461405902573,161.1316741427321
124.9,0.3140954070161359,-0.0004536947084192517,0.010281648219528611,-0.0019133718886804286,1.9115988293167483e-08,4.3648717331584646e-10,9.124436230056584e-10,2.7727564630121914e-06,161.03002381972368,837.0809434567566,3421.837349842189,161.03002381972368
125.0,0.31409366844774683,-0.0004536948149985308,0.010281775957214521,-0.0019134346791264967,1.8542749374502193e-08,4.3485077972006007e-10,8.848588585981299e-10,2.7727507057357974e-06,161.49751480526157,836.5578683993962,3424.5102052431776,161.49751480526157
125.1,0.3152642230086616,-0.0004416743494040526,0.010277249949869692,-0.001859775969078091,4.3500571582187384e-07,4.772579820290943e-10,2.7115114217289774e-08,2.7632533848659444e-06,161.0551066343369,837.0323917091772,3423.511335044026,161.0551066343369
125.2,0.31523744076151733,-0.0004419319682792788,0.010278214728622592,-0.0018602146098751905,2.556349719919976e-07,4.5674402958333437e-10,1.4073779448044149e-08,2.7606170390382346e-06,161.05917930619626,837.0309801367756,3423.711912342903,161.05917930619626
125.3,0.315191933145972,-0.00044247207996310066,0.010266934115948475,-0.0018551228776848444,1.809980583034098e-07,4.473134992113432e-10,9.50399408019921e-09,2.7596931713085867e-06,161.07156134828062,837.0230847060577,3422.870644152051,161.07156134828062
125.4,0.3151784431702239,-0.0004426036126441234,0.010267352315928345,-0.0018553128668786104,1.400955965648184e-07,4.4145947314708377e-10,7.174928103356519e-09,2.7592222541013956e-06,161.0691711038142,837.0271935245012,3422.03004429055,161.0691711038142
125.5,0.31516870564756466,-0.0004426985206423152,0.01026689097910132,-0.0018551068818427922,1.1427177837938964e-07,4.3721048355628737e-10,5.762597709858278e-09,2.7589366506075625e-06,161.07387075839782,837.0266028792847,3422.3685655789386,161.07387075839782
125.6,0.31515937793318144,-0.00044279228678971514,0.01026708019769304,-0.001855192535937919,9.648590787317491e-08,4.338220000527192e-10,4.814858621347384e-09,2.758744962206744e-06,161.0815757435339,837.0190655518797,3422.2916709374185,161.0815757435339
125.7,0.3151673281938393,-0.00044266167534426126,0.010271268987720742,-0.001857089317413863,8.349079553336913e-08,4.3095067468138166e-10,4.1347499865674835e-09,2.7586073745909804e-06,161.08587826623477,837.0183887861903,3422.745278759263,161.08587826623477
125.8,0.3152113754816576,-0.0004421821652355546,0.010276083393365379,-0.0018592612620134121,7.358089670558175e-08,4.2841601529533314e-10,3.6228750115174543e-09,2.7585037948309613e-06,161.08324639220416,837.0154314742329,3423.7110568102735,161.08324639220416
125.9,0.31519450409908045,-0.0004424209408263923,0.010271879265540781,-0.0018573530322987272,6.575515771238549e-08,4.2610828109781506e-10,3.223678949860921e-09,2.758422993143468e-06,161.48474347353547,836.5767876617239,3425.123027841656,161.48474347353547
126.0,0.31518845960541286,-0.0004424773018014938,0.010272211472295307,-0.0018575039848994074,5.945079697126225e-08,4.2397519711832437e-10,2.9038469626872354e-09,2.7583582357070997e-06,161.0399076627498,837.052378377065,3423.4448390047737,161.0399076627498
126.1,0.31518386431668105,-0.0004425198454913274,0.01027186576113736,-0.0018573498497938454,5.424948687993421e-08,4.219690362476782e-10,2.6417289380568497e-09,2.758305145542387e-06,161.0444581786182,837.0517317768515,3423.725978203838,161.0444581786182
126.2,0.3151793264170906,-0.00044255905142600113,0.010272012127443336,-0.001857417710668034,4.9884949580342036e-08,4.200616443339001e-10,2.4230277940055397e-09,2.758260832532209e-06,161.05284347144115,837.0468575843717,3423.4628655690976,161.05284347144115
126.3,0.3151747975784124,-0.000442597759730477,0.010271946446493808,-0.0018573903475520613,4.61704089783576e-08,4.1823299903276746e-10,2.2377645878186006e-09,2.758223279560525e-06,161.05453606567738,837.0479411720878,3423.5627740051423,161.05453606567738
126.4,0.3151710411768059,-0.0004426419727853795,0.010271752696120845,-0.001857301689098493,4.2970573672567375e-08,4.1646871775614277e-10,2.0788193536513442e-09,2.7581910472147846e-06,161.06456435312742,837.0390726725228,3423.5435508500095,161.06456435312742
126.5,0.31516051776996595,-0.00044281009694919273,0.0102693999724958,-0.0018562273390499576,4.0185478274808146e-08,4.1475813599373585e-10,1.940978985625857e-09,2.7581630818722927e-06,161.06963616401902,837.0378574429178,3422.937033135214,161.06963616401902
126.6,0.3151898801085254,-0.00044243039707461126,0.010273838311757757,-0.0018582443353723423,3.7739398953849644e-08,4.1309289665182244e-10,1.8202954742177237e-09,2.7581385854755713e-06,161.07144622314402,837.0336204391166,3422.624126420369,161.07144622314402
126.7,0.3151867816427944,-0.00044246368521324263,0.01027360133089629,-0.0018581373910881323,3.556872595823641e-08,4.114647248154522e-10,1.7136662711673473e-09,2.7581169305444102e-06,161.45730081072594,836.6028628125088,3425.679290153036,161.45730081072594
126.8,0.3151928894239376,-0.000443284025173911,0.010305066482982175,-0.0018720399453843023,3.5033194640445955e-08,4.110274297772428e-10,1.6911259670635551e-09,2.7581123486416857e-06,155.62437456264888,829.9604327767452,2824.447429389478,155.62437456264888
126.9,0.3174539488947381,-0.0004199275757988659,0.010307113687983838,-0.0018227234606518576,4.452948890645935e-07,4.533530602500227e-10,2.4508725110390498e-08,2.7486611708346925e-06,156.66977441657156,841.5895535925148,3813.726393354841,156.66977441657156
127.0,0.31743299940012215,-0.0004201321300439393,0.010307081313955932,-0.001822711980628953,2.6218587414843374e-07,4.325616289257033e-10,1.2671400022401732e-08,2.746293251249787e-06,156.74503120154543,841.5146794930404,3814.4893968767146,156.74503120154543
127.1,0.31742028631854846,-0.0004202661197784739,0.010306882221544635,-0.0018226221098635823,1.857890744096278e-07,4.2309320140849153e-10,8.543580538808868e-09,2.7454674704055104e-06,156.74790025681838,841.5175670650509,3815.96853282714,156.74790025681838
127.2,0.31740355090228917,-0.00042046420582331234,0.010303187852390247,-0.001820962938113045,1.438687419485473e-07,4.172862296459123e-10,6.444727494801228e-09,2.7450475447218894e-06,156.745809310682,841.5241243482084,3814.979870038284,156.745809310682
127.3,0.31745415498556406,-0.00041995526408853404,0.010306247013924847,-0.001822327841628491,1.1738184118811813e-07,4.131232169145066e-10,5.1743970952819576e-09,2.74479334865437e-06,156.75522417393643,841.5129146346518,3812.547847219039,156.75522417393643
127.4,0.3174466035773038,-0.00042002456924307923,0.010306508273732974,-0.0018224469569587374,9.918413637945244e-08,4.0983865570486496e-10,4.322199975977915e-09,2.7446227963127843e-06,156.1981072440138,842.1363449159273,3813.17367999597,156.1981072440138
127.5,0.31748592734342473,-0.00041959517795877286,0.010307094273862427,-0.0018227156186051605,8.587185179494707e-08,4.0708294526709516e-10,3.7108215428459666e-09,2.744500414202643e-06,156.19420465235174,842.1384253736059,3814.6146924808327,156.19420465235174
127.6,0.3174800408070058,-0.00041965254192543266,0.010307061092835587,-0.0018227016519551352,7.571408544508853e-08,4.046710866378385e-10,3.2508682896461917e-09,2.744408320764879e-06,156.12499549072203,842.1931755423318,3815.6642865193917,156.12499549072203
127.7,0.3174739537696101,-0.00041969712499558893,0.010307616712266154,-0.0018229550071753471,6.770371166671364e-08,4.0249635712201037e-10,2.892397341029612e-09,2.7443365272984302e-06,156.1575328913741,842.163181512002,3815.2873657875953,156.1575328913741
127.8,0.31746905966491706,-0.0004197425468261664,0.01030771776978189,-0.001823001539759268,6.12264415605071e-08,4.0049372190055763e-10,2.605122246765368e-09,2.7442789754750154e-06,156.1502078118393,842.1708785690312,3815.451901355982,156.1502078118393
127.9,0.31746357149336,-0.00041983804168566275,0.010306409125064015,-0.001822405790400586,5.588008118257707e-08,3.986202309013811e-10,2.3698172458284764e-09,2.7442318198521124e-06,156.1587768298493,842.1676183629804,3814.3906384748207,156.1587768298493
128.0,0.31745954821912076,-0.00041987101067267167,0.010306480778899573,-0.001822440109825853,5.1373563285521476e-08,3.9684694361046103e-10,2.173651980250853e-09,2.744192490483933e-06,156.87869125646958,841.3689697032863,3811.315518735645,156.87869125646958
128.1,0.3174559570629211,-0.0004199106041816682,0.010306550913584319,-0.0018224707730017612,4.7538952978834395e-08,3.951533569551081e-10,2.0074944947476747e-09,2.7441591646348533e-06,156.90944357038612,841.3400260867398,3810.9891998174253,156.90944357038612
128.2,0.31745247059799536,-0.000419934180484293,0.010306657729619282,-0.0018225218572011598,4.423760797280489e-08,3.9352582950569245e-10,1.864920497686072e-09,2.7441305575009026e-06,156.88676288092955,841.3748374166578,3811.471032193066,156.88676288092955
128.3,0.3174490852597092,-0.00041996494805453385,0.01030674951067623,-0.0018225640042234907,4.136491937647126e-08,3.919521070302575e-10,1.741248444018326e-09,2.7441057321089743e-06,156.89294465578544,841.3702272003418,3811.717949161727,156.89294465578544
128.4,0.3174666850630416,-0.0004197559148169661,0.010307094504909749,-0.001822725774059848,3.884249199812805e-08,3.9042379283458574e-10,1.6329196087893805e-09,2.7440839764848802e-06,156.8989435497387,841.3630000633436,3813.2242369688347,156.8989435497387
128.5,0.317463699605531,-0.00041977727458770357,0.010307174361211235,-0.0018227640100675596,3.661061034559486e-08,3.8893392794990585e-10,1.5372635453363015e-09,2.7440647562258594e-06,156.85167502325754,841.3986715720446,3814.0264941342875,156.85167502325754
128.6,0.3174604098892521,-0.0004198604135698973,0.010306217657512846,-0.0018223228968179267,3.46213560875972e-08,3.8747857654207983e-10,1.4521932636450667e-09,2.7440476545194232e-06,156.8508624872037,841.4079517884994,3814.2156597139974,156.8508624872037
128.7,0.31745768161432664,-0.0004198810242107472,0.010306306371431378,-0.0018223645837695682,3.283731046776802e-08,3.8605245374126856e-10,1.376081430498227e-09,2.7440323449792217e-06,156.83124177555447,841.4188417854423,3812.2113867582275,156.83124177555447
128.8,0.3174552493439032,-0.0004198969059917778,0.010306381953404546,-0.001822400849557996,3.12287391465148e-08,3.846526679002143e-10,1.3075474831847453e-09,2.744018551923106e-06,156.76702374056572,841.4850947275456,3812.4188157354947,156.76702374056572
128.9,0.3174527217033537,-0.00041990974534759294,0.010306511970119529,-0.0018224625422045605,2.9770471517919327e-08,3.8327831310266e-10,1.2455010001251477e-09,2.7440060576349636e-06,156.77420402140208,841.4893464185725,3813.598837513903,156.77420402140208
129.0,0.3174505048599793,-0.00041992403738426963,0.010306603326677108,-0.0018225056939808232,2.844284231019354e-08,3.819252503606676e-10,1.1890739865670022e-09,2.7439946879923578e-06,156.70902079267466,841.5563599623116,3813.788107668438,156.70902079267466
129.1,0.3174481256340888,-0.00041993569190322213,0.01030674632639398,-0.0018225731007645426,2.7228035289739794e-08,3.805920209455864e-10,1.1375364318115795e-09,2.7439842969227447e-06,156.7831102930973,841.4827184622529,3813.948782154344,156.7831102930973
129.2,0.3174600167621723,-0.00041978695815550715,0.010307006503420412,-0.001822696529112789,2.611331916193622e-08,3.7927702591984794e-10,1.090268568124905e-09,2.7439747605362598e-06,156.70215619641115,841.5711318854959,3814.9608291798304,156.70215619641115
129.3,0.3174587160356384,-0.00041603031598194115,0.010335115947904117,-0.0018362814544484927,2.58022006465483e-08,3.788961381105514e-10,1.077471267917553e-09,2.743972180527595e-06,158.12035087157852,840.66833154563,3736.3936869655513,158.12035087157852
129.4,0.31744349533315747,-0.0004152178941101792,0.01034912924519622,-0.0018428091893655403,2.576123379675931e-08,3.788485928644881e-10,1.0760001875801855e-09,2.74397188567929e-06,166.18365575865542,830.7804193064646,3422.2176052263894,166.18365575865542
129.5,0.3175123692604861,-0.0004146701107466282,0.010342805781338633,-0.001839937742070169,2.562606778001194e-08,3.7869374776269525e-10,1.0724380549355783e-09,2.74397118880716e-06,167.8350329062293,803.6155090150146,2551.33128763855,167.8350329062293
129.6,0.33053891204200975,-0.00028029462840448144,0.008017568292283726,-0.0013468276798882521,4.1286448868920216e-06,8.178826372157492e-10,5.046375871727101e-07,2.828940134578633e-06,183.24010143987223,778.291799493208,2394.1104124428257,183.24010143987223
129.7,0.3472927079561015,-0.00012922409411618218,0.013383442389465282,-0.0023478934871984753,5.0678642977366745e-06,8.25349581257548e-10,4.853240933902551e-07,2.8918919222836742e-06,194.6921254539935,788.3979761033963,2871.396811250419,194.6921254539935
129.9,0.3495916136447608,-8.566957904777672e-05,0.014555809715828306,-0.002452254357809371,1.2125604426013757e-06,7.547115479388448e-10,7.258241070603436e-08,2.9960056111385398e-06,174.58171180970064,819.8043056722723,3054.4112632265137,174.58171180970064
130.0,0.35030826993452646,-7.8111631311543e-05,0.014103665819625084,-0.0023863369681308396,1.0850896118693244e-06,7.353515076365722e-10,6.516975223258025e-08,2.99584993418682e-06,170.32467007992466,818.1104057750446,2765.5446981191726,170.32467007992466
130.2,0.3592238076523413,4.2732304424327066e-05,0.008104639075024334,-0.0008899513845042509,2.8301234875201252e-06,1.1254110173626131e-09,2.528731225398542e-07,3.0423784944975285e-06,171.71751868444596,813.6746638218897,2759.9762673090763,171.71751868444596
130.4,0.36197861527558167,5.0278023796836445e-05,0.008348250227053489,-0.0009038394758222229,6.617661794536342e-07,8.456293327629284e-10,3.9981659241174666e-08,3.1416624667517192e-06,177.29654501951734,816.127138267705,3024.5293924725165,177.29654501951734
130.5,0.36212987842726496,5.098453620216055e-05,0.00835000646215092,-0.0008763954829146521,5.213898712884309e-07,8.301681348110574e-10,3.228429151148712e-08,3.1675679250253013e-06,176.16247947375484,817.8979489883334,3041.2104465352345,176.16247947375484
130.6,0.3624723622628807,5.366311673164547e-05,0.008347300123203177,-0.0008462791702188305,4.398591455607815e-07,8.203956836477443e-10,3.0509054281687844e-08,3.137844340139136e-06,176.30101484571298,817.8539764289258,3039.302514019404,176.30101484571298
130.7,0.36197592162077796,4.935101029512886e-05,0.00834974323098987,-0.0008471012657271106,2.4829404734845313e-07,8.019568956616078e-10,1.58568931163714e-08,3.1343291449271843e-06,175.35164594955359,818.7618203585803,3038.2262749454067,175.35164594955359
130.8,0.3683104272976146,0.00010512983753969778,0.01311273412103501,-0.002640409567360035,1.6570200268571226e-06,9.01998055322683e-10,1.6802861431119525e-07,3.140129432096843e-06,174.72973880037256,818.2029072371474,3168.766103729369,174.72973880037256
130.9,0.3732462174251477,0.00017877552869589335,0.01715060355295816,-0.0036247600836781173,2.363772161389574e-06,1.1708583582458483e-09,2.1044124154719935e-07,3.1583041367231396e-06,181.15701489363806,804.5672048881804,2627.318584429946,181.15701489363806
131.0,0.3723398437233612,0.00016773983768838977,0.017149104205863543,-0.003624364308489246,4.4984688327759365e-07,8.881211448223362e-10,2.986357852093474e-08,3.1456853791326058e-06,179.8655067122097,813.5377859809561,2885.7371230433473,179.8655067122097
131.1,0.37183554701905996,0.0001615306040957447,0.017150477199514104,-0.0036246693266911273,2.485527918442164e-07,8.53501842332222e-10,1.6074990942125945e-08,3.1447183493741574e-06,179.90840252810025,813.4718365003783,2885.088068749961,179.90840252810025
131.2,0.37149542241784816,0.00015728206273694716,0.017150329796579527,-0.0036245429206744474,1.7169008851358366e-07,8.369698679185878e-10,1.0998323656774864e-08,3.144360002607925e-06,179.99865422557477,813.3784534670821,2884.3726624525143,179.99865422557477
131.3,0.37121785749927844,0.0001538035588989454,0.01715164516996452,-0.0036248086672268755,1.31130543826484e-07,8.257599551877367e-10,8.359824526670004e-09,3.1441720430433772e-06,180.03819122991754,813.3313269549361,2882.788479752467,180.03819122991754
131.4,0.37580395272406353,0.00023383020330705931,0.020154538001331792,-0.004428473158317406,1.6922690692469364e-06,1.298353662625624e-09,1.531981782470974e-07,3.1619901578306557e-06,178.81377771501627,814.782690794565,2868.794670692927,178.81377771501627
131.5,0.37503594369019927,0.00022075193416585086,0.020159900277007016,-0.004430069747658259,4.19972210022161e-07,9.257826830079768e-10,2.6808042951726624e-08,3.1502758067977118e-06,178.7401413593185,816.1927197256132,3086.4623542819295,178.7401413593185
131.6,0.374533391452394,0.0002122022005700762,0.020166215526877498,-0.004431974649728928,2.384811175477766e-07,8.682432275812201e-10,1.4743572251730081e-08,3.1491552032089665e-06,180.9774121553363,813.1033099333553,3061.8801855747124,180.9774121553363
131.7,0.37592102665393545,0.00024281231416074973,0.02040161859077804,-0.0044156903157413175,4.1659225984042656e-07,9.58811728189517e-10,3.0203349809641066e-08,3.119929789357599e-06,180.09352336190133,814.0081541986116,3061.104706308583,180.09352336190133
131.8,0.3787293099822982,0.00030238948194281294,0.02290122084618163,-0.005537720668076026,1.1492321628059962e-06,1.267797344328929e-09,1.3873802012143821e-07,3.113358911884212e-06,180.4602082448703,802.4473639022286,2590.480680688708,180.4602082448703
131.9,0.3784690321885601,0.00030053965189890834,0.02290897691484766,-0.005361582430008602,5.270091101626552e-07,1.080191366764664e-09,3.049087552287395e-08,3.1158228333297233e-06,174.8341302361337,821.5556123559548,3223.2530741272913,174.8341302361337
132.0,0.378356653337035,0.00029800289480181013,0.022924775628675505,-0.005204775397170211,5.085640036682122e-07,1.0778646757924126e-09,3.018777613474944e-08,3.1223510359194986e-06,174.01629138254083,822.4897632022258,3223.0739561534892,174.01629138254083
132.1,0.3779596889179113,0.0002887078770684926,0.022921245984365467,-0.005203488238735819,2.708322812026877e-07,9.483410139957532e-10,1.5314386278628108e-08,3.120999536574709e-06,172.15080289936395,824.4485164638575,3221.688928650129,172.15080289936395
132.2,0.3782243919763769,0.00029459041452438624,0.022933997627970885,-0.005051325226434419,4.763049099479342e-07,1.0532073556001913e-09,2.9760551378201478e-08,3.1095554071907645e-06,174.16771548308182,822.3374526326369,3216.496379325421,174.16771548308182
132.3,0.3784059268482631,0.0003002697505383389,0.02325668310965203,-0.005174096475264263,4.3564451166604007e-07,1.0313003965582424e-09,2.6811398414439307e-08,3.1091374830013503e-06,173.1063670207133,821.6234271488304,3276.5066652201667,173.1063670207133
132.4,0.37839363895721667,0.00030005666670667716,0.023276777130669005,-0.005022287790977394,5.018927926786667e-07,1.0753169317837638e-09,3.017513955126858e-08,3.1340892404167683e-06,182.78041504520652,811.176309943717,3255.737389470867,182.78041504520652
132.5,0.37783205078834475,0.0002869618988429586,0.023309498602280265,-0.005030525607357909,2.613444664810981e-07,9.402945157033221e-10,1.5244145442294172e-08,3.1331275836255172e-06,183.07992519577124,810.8171578855146,3254.1494421823463,183.07992519577124
132.6,0.3787051996815898,0.00030745787764327557,0.023490699241041076,-0.004933026045707197,4.825248136376054e-07,1.0584066710130468e-09,2.991665825645327e-08,3.139816609812544e-06,183.44341231195364,810.3265307738446,3255.1176573156554,183.44341231195364
132.7,0.37902026806613476,0.0003145840348450919,0.023507284131105356,-0.004794213262052801,4.2538138499551677e-07,1.0255685997726279e-09,2.861270439466682e-08,3.1097963857343405e-06,182.60461284494173,811.1727202447142,3255.0104203381834,182.60461284494173
132.8,0.378536190089666,0.00030287544944354334,0.023509334738040885,-0.004794773128917144,2.3970777584423826e-07,9.183643729019152e-10,1.482572675247761e-08,3.1064715370167465e-06,181.62409348402608,812.1939124791545,3260.1436890890677,181.62409348402608
132.9,0.37867351240183583,0.00030451422600593085,0.023364357607615176,-0.004611680797492268,5.071171100697992e-07,1.0647642940856014e-09,2.991594123700355e-08,3.1321751756989213e-06,180.0180588322296,814.3730459258504,3285.6051089348794,180.0180588322296
133.0,0.3785596398674286,0.00030136512654666063,0.02338132657873668,-0.00447581670307071,5.113334049634405e-07,1.0633715993735822e-09,3.018151867049715e-08,3.157173321655263e-06,179.24694763693518,815.0542858202855,3254.5417724905583,179.24694763693518
133.1,0.3779635459832436,0.0002873308553633393,0.023391344264794906,-0.004478257499629879,2.6549730883926684e-07,9.243428960418475e-10,1.5249255860122735e-08,3.1562153388608306e-06,180.81238064565179,813.3480747263462,3251.5519934817526,180.81238064565179
133.2,0.37783656937905863,0.00028519822871858017,0.023533076633107775,-0.004514778103565792,2.472786443816413e-07,9.135688886920199e-10,1.4405263639633454e-08,3.156161348175086e-06,175.0272048283628,797.7660051118553,2445.111329372822,175.0272048283628
133.3,0.37756071263540625,0.0002787699451551641,0.023546653446395022,-0.004382684699880236,4.5278285100505877e-07,1.0239112809999476e-09,3.178418520376466e-08,3.1435726650565595e-06,184.54508792004424,803.9370638969506,3019.501743539338,184.54508792004424
133.4,0.37771352476917486,0.00028288237229282936,0.023930937252696596,-0.00452883645617694,4.014552604506184e-07,9.947968623854795e-10,2.762307692918393e-08,3.1429729522194895e-06,184.09199801809456,806.038451800312,3116.265965617543,184.09199801809456
133.5,0.3771624658413333,0.00026996924648536614,0.023936353967921004,-0.00453090272873954,2.3209055787755678e-07,8.96578868578299e-10,1.4584022950260067e-08,3.141088959753973e-06,181.3915671306474,813.7125973611063,3249.7303202138355,181.3915671306474
133.6,0.3773546019485668,0.0002766324549635208,0.024243455744671554,-0.004649131941900907,2.1838022541250502e-07,8.882043491044936e-10,1.3568977581248236e-08,3.140942028987209e-06,176.56621035747065,816.687023622218,3373.746789091979,176.56621035747065
133.8,0.376685117893958,0.00026024029537063655,0.024244093371970324,-0.004648807586671398,1.5681641928124911e-07,8.495387751036864e-10,9.098057759305816e-09,3.1402941419731253e-06,179.2623755161753,815.1126480989753,3626.740309840872,179.2623755161753
133.9,0.37644341860450414,0.00025402255732559747,0.02424324590985945,-0.004648034379480242,1.226193004767239e-07,8.259664381306277e-10,6.848773805611332e-09,3.1399666213093965e-06,177.46124641837048,816.7130056654829,3617.156612060315,177.46124641837048
134.0,0.3761933786673296,0.00024801788940476507,0.024245509620779048,-0.004648778308550197,1.0035497170730065e-07,8.09158588449652e-10,5.4932369001900664e-09,3.139768030606235e-06,180.638189598534,813.26857111122,3609.690452601827,180.638189598534
134.1,0.3761037839191432,0.0002454071720411636,0.024317871033926484,-0.004675796998999957,9.855274709426545e-08,8.077405599936702e-10,5.413758145439705e-09,3.139756466952909e-06,182.9940782809262,790.1539936145589,2704.2836154744427,182.9940782809262
134.2,0.3762528213889318,0.00024944120481193487,0.024550794193155027,-0.0045927951276054976,3.9347460017569644e-07,9.855017005194666e-10,3.270149544307274e-08,3.1656232072705853e-06,236.81976739945932,755.6309013629535,3010.375967395149,236.81976739945932
134.3,0.3756224115492652,0.0002338065187764581,0.02455686774268966,-0.004453713926155142,3.883309139868261e-07,9.844676366265606e-10,3.239503922904993e-08,3.1696236931124533e-06,234.4846527135768,758.0979155314494,3012.771105582321,234.4846527135768
134.4,0.374913761100184,0.0002161223855533601,0.024560110953020665,-0.004454401352908653,2.027430205875012e-07,8.686745978234904e-10,1.6456365912855605e-08,3.1681410288463057e-06,235.4933690822702,757.0657858490108,3010.723797966551,235.4933690822702
134.5,0.3751399005005675,0.00022320507153639695,0.024916391666746102,-0.004564095379549076,1.916916829850053e-07,8.613025375009997e-10,1.5492442671004694e-08,3.1680517060405603e-06,200.11207801684023,774.1460374808904,2687.7955788807562,200.11207801684023
134.7,0.37358275180167183,0.00018411823052040966,0.02489897768362504,-0.004420842628643157,5.148269474480129e-07,1.0639634651960856e-09,3.325511824279795e-08,3.250629221017925e-06,185.86672467271683,805.8789901124858,2988.4695245605217,185.86672467271683
134.8,0.3729646796492811,0.0001684350318083275,0.024897341125755052,-0.004420355749919048,2.637345800960744e-07,9.036372189188334e-10,1.6711139048061233e-08,3.250141806673948e-06,184.20625981269922,807.688096147524,2988.3542477086107,184.20625981269922
134.9,0.37688888578514823,0.00026652181987169905,0.02685922439873659,-0.005043186962816558,1.6561327619427863e-06,1.7677623183475842e-09,2.055389702627543e-07,3.2591187906854636e-06,193.8557357622805,787.1397844226174,2657.7001583673737,193.8557357622805
135.0,0.37716135556081765,0.0002776127691525663,0.027161665129137653,-0.004961083206738068,3.0095782689277883e-07,9.695531642158408e-10,2.979234751820668e-08,3.25188041435436e-06,317.79428467588076,670.3952596482688,3327.017677384763,317.79428467588076
135.1,0.3768086538357691,0.0002680343112533098,0.02714925846413683,-0.004957480779405459,1.5376367767282987e-07,8.632299336002116e-10,1.503299611141563e-08,3.250760186296424e-06,317.1675830139806,671.1118782881508,3325.107659156152,317.1675830139806
135.2,0.3767279716888419,0.00026810327627756225,0.027497925767972154,-0.005055033722749922,1.4653595815706295e-07,8.575673651841658e-10,1.4090228568755945e-08,3.2506881498128155e-06,218.77626020581343,771.5637965493135,3073.661976069217,218.77626020581343
135.3,0.37637808602997264,0.00025875231784851303,0.02750334463376529,-0.00505645534634268,1.1399226398195739e-07,8.299311981355468e-10,9.683643897740367e-09,3.25035039148898e-06,193.9910120554784,796.4056492081804,3252.975622320051,193.9910120554784
135.4,0.3761414707524895,0.0002523912950935996,0.02750382147475242,-0.005056509097681776,9.332976111470178e-08,8.107240823269779e-10,7.3763746135560034e-09,3.2501717292995626e-06,193.3544415794503,796.9455178518824,3254.396302703907,193.3544415794503
135.5,0.37591295649534817,0.0002462750190079853,0.0275060660332774,-0.005057074583912258,7.904673475787719e-08,7.960857924722558e-10,5.9581870428164504e-09,3.250060420280648e-06,192.70833615013075,797.7886220740952,3250.861489866774,192.70833615013075
135.6,0.3757002493626379,0.00024048742115594302,0.027507655943474665,-0.005057377198392464,6.855217083203927e-08,7.842144007292903e-10,4.997494835738848e-09,3.2499838271338444e-06,192.7996061461189,797.6175046336722,3250.9147402554,192.7996061461189
135.7,0.3757189149052535,0.00023994454435948858,0.027543747839762184,-0.005066308554282833,6.72029731381644e-08,7.825933398293774e-10,4.88966242335013e-09,3.2499751127819013e-06,192.34866544395223,794.7345265407198,2928.233562336355,192.34866544395223
135.8,0.3761389332088563,0.000252338807036766,0.02789406279054875,-0.00499935904589334,5.068817621572317e-07,1.1161413116166166e-09,2.760127577667359e-08,3.26922372637241e-06,179.38143947071742,811.4243236445961,3573.0767673333285,179.38143947071742
135.9,0.3753893695875661,0.000231727676932415,0.027898862459074455,-0.005000644170647045,2.650068384832556e-07,9.282782578099467e-10,1.393197622131893e-08,3.268279816200955e-06,179.29439536605787,811.3804721117931,3573.38480631769,179.29439536605787
136.0,0.3755162802954517,0.00023543495735070083,0.027912551809954573,-0.004850546803183219,4.1527969267230635e-07,1.0454629577083997e-09,2.6259130556123007e-08,3.231968485573136e-06,181.32839850158248,809.0153707062715,3565.458972656016,181.32839850158248
136.1,0.37542839713652604,0.00023403003500003554,0.028535870462406403,-0.005173679257604924,3.746010592074945e-07,1.0134157571854137e-09,2.3325326888213668e-08,3.231183614632001e-06,183.16224902864758,802.6071244877164,3383.2087803957543,183.16224902864758
136.2,0.3748765275490408,0.00021850866065800597,0.0285312385294421,-0.005009656627104481,4.898965580474169e-07,1.121630407922063e-09,2.8790939052685714e-08,3.247531201317228e-06,187.11870552745125,798.4856101074283,3437.0103767556593,187.11870552745125
136.3,0.37440445353267016,0.00020396485723698664,0.02794716423689832,-0.0048544968648160545,4.264114327847757e-07,1.0694480182393865e-09,2.5233864172892258e-08,3.247282193130586e-06,187.57925093262628,795.3536833089435,3051.5187994173693,187.57925093262628
136.4,0.37880564365165226,0.0003285192648014328,0.03253855415544685,-0.005904802721965873,2.5273170647127308e-06,2.7063555898639087e-09,1.9627882925857864e-07,3.2769525357664865e-06,181.5530952155749,806.5837259241692,3462.7085741901938,181.5530952155749
136.5,0.37744538778928194,0.00029902069831155533,0.03260089036072794,-0.005730942548650722,4.851118168894343e-07,1.2731114792751453e-09,2.8528520779491145e-08,3.3019798603622537e-06,196.0630416640376,790.8010699162637,3479.6761066413983,196.0630416640376
136.6,0.37702666249147393,0.0002869753476765321,0.03279626013548609,-0.005776293884882162,2.49614646637588e-07,1.0355579226570685e-09,1.436529558778761e-08,3.3012381779167503e-06,193.97302338269563,792.6517280610306,3477.1436282866807,193.97302338269563
136.7,0.3768816826790851,0.0002852925036589291,0.03315795184631556,-0.0058609188467301145,2.2863916639937556e-07,1.0136535937560127e-09,1.3198171491688494e-08,3.3011768939523655e-06,189.76463598348494,789.1560312573947,3225.6821804291067,189.76463598348494
136.9,0.3756827909266396,0.00024664914023006756,0.03315188040310306,-0.005858762591636394,1.5695606734064473e-07,9.371663606445376e-10,9.068929925277328e-09,3.300958340140903e-06,198.27308562152774,786.7259021747768,3484.35935870927,198.27308562152774
137.0,0.3791981308407004,0.00036558320421234837,0.03671007303323534,-0.0070855893521473284,1.385046465241181e-06,2.295731070503046e-09,1.3716337663048716e-07,3.2969267154611097e-06,198.47667797943012,785.9410912137529,3302.262430803906,198.47667797943012
137.1,0.3786373878139143,0.000354262285151249,0.03676154849506644,-0.006869429922961211,4.5704152374755574e-07,1.4099050780360809e-09,3.09018911205216e-08,3.295575080967061e-06,203.68608756412402,780.7541311397466,3205.2164091975174,203.68608756412402
137.2,0.3776343310599919,0.00031767808422904236,0.03680764290177211,-0.006662658909894084,4.544530803980687e-07,1.430332047450605e-09,3.095348062609003e-08,3.3104243381597602e-06,202.83843178976775,781.2637399320777,3194.823825440564,202.83843178976775
137.3,0.38424189262200154,0.000566203785238657,0.041042876685792935,-0.008121555165075504,1.518386151627062e-06,2.8741614680751417e-09,1.5434456093686112e-07,3.3068294309979544e-06,197.39809384866894,782.9648682618215,3096.497109726819,197.39809384866894
137.4,0.38282353960790405,0.0005134191327499842,0.0410265014883686,-0.008114098958498066,3.7567376029424576e-07,1.3215127149979907e-09,2.4952054555591586e-08,3.2867626989055147e-06,198.22631022001792,786.6810267191372,3391.9818188067566,198.22631022001792
137.6,0.3864833211873999,0.0006676845401196786,0.0436886413413878,-0.008567065272091735,1.8869386791187336e-06,3.957391670581546e-09,1.586446819606491e-07,3.310183851300425e-06,199.6659162764833,778.1503163461422,3153.563890616225,199.6659162764833
137.7,0.3846852769821547,0.0005938581141189582,0.04369328650770419,-0.008568044110137146,3.786022336190547e-07,1.4480831051912813e-09,2.578402097376596e-08,3.3007135025168896e-06,209.71377106510906,772.6396675744897,3273.0242525406047,209.71377106510906
137.8,0.38367350067741995,0.0005521072996237525,0.04369816191739273,-0.008569018554245364,2.1046019475235797e-07,1.163957883497173e-09,1.4031421548021312e-08,3.2998719684761104e-06,209.771174038517,772.7906120770225,3273.498384428138,209.771174038517
137.9,0.3835994303545699,0.0005509532469569016,0.044099647089658606,-0.008677700024616451,2.004023699071523e-07,1.1465856983015198e-09,1.3461321595645445e-08,3.2998313703137044e-06,196.5935687689674,751.4394872488076,2549.383842292993,196.5935687689674
138.0,0.38301764391971665,0.0005268084350655525,0.044107077446213616,-0.008679375606393305,1.4206725505519073e-07,1.0442975417034782e-09,9.597050393287025e-09,3.2995543641748795e-06,202.24958768601718,766.7554467587322,3057.0517012573523,202.24958768601718
138.1,0.38282951279252253,0.0005198037026233508,0.044197796056749894,-0.00870416132570616,1.1008738755117604e-07,9.859591033440781e-10,7.46390108645017e-09,3.299399729088541e-06,202.2558889455147,766.3969852102762,3049.7202378022394,202.2558889455147
138.2,0.38601934513855024,0.00066077763134,0.04627504057229297,-0.009251737974899171,1.3554453756255261e-06,3.4384748708548316e-09,1.5859152513113072e-07,3.298734666260476e-06,195.0828052461723,767.5562061316014,2643.8873730017076,195.0828052461723
138.4,0.3833996392415505,0.0005537193453620242,0.050705166500337046,-0.010176183618635098,1.7047102244771595e-06,4.419817556036406e-09,1.6226033838184767e-07,3.304358948330757e-06,221.0984126977063,750.7684383886537,2799.712781228789,221.0984126977063
138.5,0.3824707688806658,0.0005110148133008928,0.05071525155756954,-0.010179119493790205,3.518238787015725e-07,1.5741453787194668e-09,2.699972005985384e-08,3.2940204546643364e-06,224.88247594327794,761.1128367210066,3107.910564268939,224.88247594327794
138.6,0.3818746221395643,0.0004835803879182537,0.050728560132085154,-0.010182854679642845,1.9565665603789063e-07,1.2409243538701515e-09,1.4737255867759066e-08,3.2930779343175853e-06,226.15002455215483,759.3824310351134,3103.8519896397643,226.15002455215483
138.7,0.3865734676185969,0.0007256554032601076,0.05549517609420725,-0.011746399354009803,1.6545500002200781e-06,5.0399937617576565e-09,1.9888526228728742e-07,3.2983874213967808e-06,201.14046876393547,778.056938914735,2999.4815775899774,201.14046876393547
138.8,0.3854017238516545,0.0006760211157815,0.055545502173068424,-0.011369988764480107,4.4882765902191106e-07,2.2215469223110392e-09,2.973727740288855e-08,3.288682015987623e-06,207.0791073304577,775.729493178007,3328.8258394772765,207.0791073304577
138.9,0.38502259322433696,0.0006560057484713144,0.05571072385183069,-0.011416354452554478,2.332818996737307e-07,1.5776222939222798e-09,1.4997085801280508e-08,3.287531240663105e-06,203.62118731682227,779.3045547756421,3331.5386383045143,203.62118731682227
139.0,0.3850160351692539,0.0006579321993650858,0.05597060568368839,-0.01149080251270656,2.173616602106907e-07,1.52941006545076e-09,1.4079999557824179e-08,3.287459699208366e-06,206.98919979458236,760.6432469034582,2949.09379985998,206.98919979458236
139.1,0.38428423682402724,0.0006175832111389394,0.05597657172610389,-0.011491893527287904,1.4808321104897909e-07,1.316805318861498e-09,9.97082601657635e-09,3.28713633049587e-06,211.02967153154086,760.1400310588743,2970.141678536755,211.02967153154086
139.2,0.3841305082918636,0.0006108577254454277,0.056128789901613525,-0.01153587936067028,1.4156432321619652e-07,1.2965511459015812e-09,9.619522102330693e-09,3.2871083969190314e-06,215.4735305659027,748.9674349529872,2648.548742977761,215.4735305659027
139.4,0.3839665646818184,0.0006006383038363054,0.055993840892900756,-0.011497103384271455,1.3508518566628904e-07,1.2766135127636713e-09,9.228399074209564e-09,3.2870771005639395e-06,214.27326138306154,753.5242690571412,2855.2534190175984,214.27326138306154
139.5,0.3838695266847917,0.0005977761940247912,0.05616980164795854,-0.01154857004437747,1.2866199716116534e-07,1.2565867021504902e-09,8.882288973855497e-09,3.2870494402787588e-06,221.30803636348463,741.2582570285645,2627.032296603588,221.30803636348463
139.6,0.3829209419852176,0.000544789070955188,0.05628470463968823,-0.011211645611786116,4.173515783205683e-07,2.1933827510345343e-09,3.407001489157637e-08,3.3041889124912385e-06,219.96593579833038,753.8250511351602,2905.5208209779344,219.96593579833038
139.7,0.3822595601971298,0.0005072389286288198,0.05640441141693831,-0.011242914271095295,2.1733509649955167e-07,1.555882859963738e-09,1.7241695306852546e-08,3.3029972751103857e-06,217.8114744142096,755.9394451625076,2903.9312300988004,217.8114744142096
139.8,0.38790484220269505,0.0008290116973428841,0.0617373730147493,-0.012305551303485079,2.3996289199858094e-06,8.51892638438253e-09,2.5218011388132657e-07,3.3341304204350744e-06,206.4512943934582,760.3204021078492,2809.7849996635923,206.4512943934582
139.9,0.386099324274353,0.0007314946068230305,0.06181042298068069,-0.01193126581466371,4.31068803633883e-07,2.4982662792729395e-09,3.20267075377035e-08,3.332083638461277e-06,217.60323667941879,757.5105341184224,3100.573942703072,217.60323667941879
140.0,0.38557098088839586,0.0007012365673599106,0.06241654219434511,-0.012093155677912165,3.807963757631482e-07,2.314860221282641e-09,2.793581282118304e-08,3.331792787069745e-06,211.40295698874314,763.3694906993644,3227.568038140782,211.40295698874314
140.2,0.3821262946008784,0.0004871910113327957,0.06249289064742038,-0.011722974256497728,4.3226236601384755e-07,2.617992591539668e-09,3.0619855301664784e-08,3.344717213336021e-06,212.49487938460285,757.1740231618284,3237.0241323417213,212.49487938460285
140.3,0.38619462237196867,0.0007438963204050672,0.0673347011365035,-0.013275416537459497,1.7733901504203256e-06,7.874377273105157e-09,2.0803052375010594e-07,3.3479274199745552e-06,209.83923092088725,752.4472754400323,3155.7067715394533,209.83923092088725
140.5,0.3852318001969338,0.0006866365397705534,0.06937441778741113,-0.014088296068306852,1.1578886920514723e-06,5.466614489298376e-09,1.0888157704065582e-07,3.3322384942267775e-06,208.30040174997882,757.3499084783014,3112.4603871669433,208.30040174997882
140.6,0.38483291000294256,0.0006624072645750314,0.07045291324253129,-0.014517405967757207,9.009376277463796e-07,4.4605695710375095e-09,8.184747112439184e-08,3.3279621067626936e-06,209.70665924227626,736.2566225196126,2685.1470901120483,209.70665924227626
140.7,0.3833707382259093,0.0005703606864310908,0.07049095701183954,-0.014531668000674612,3.0420916250468174e-07,2.118543180863684e-09,2.428331308403177e-08,3.3188501827150606e-06,214.3241747839326,751.550015425957,2934.2844433726705,214.3241747839326
140.9,0.3828167977022081,0.0005381500381633177,0.07095459063797747,-0.014717868311922207,2.765923088700672e-07,2.0098741714571576e-09,2.2044976040543704e-08,3.3184952862580042e-06,222.02119860046633,742.038627767364,2904.8916941720986,222.02119860046633
141.0,0.3823120883082195,0.0005075609746668126,0.0709777831280314,-0.014727802879876531,1.285755791182326e-07,1.4421895315916625e-09,1.268636729478079e-08,3.3170026130388485e-06,404.94117199505484,576.7558858886762,3368.313499953917,404.94117199505484
141.1,0.3850665912716433,0.0007071151035480784,0.07444064237058545,-0.01536950505782063,1.7694185079845187e-06,9.824775527200514e-09,2.0402638817694982e-07,3.3297882429087492e-06,254.48189371872382,722.1925314313677,3167.75118798842,254.48189371872382
141.2,0.3837118217946435,0.0006106284370809314,0.07464001011106769,-0.015433173993945884,3.451439607242662e-07,2.661871493263211e-09,2.8221063093261115e-08,3.311598379500633e-06,230.2175455635106,739.1738159082429,3091.2841839065604,230.2175455635106
141.3,0.38274367761992545,0.0005411100491340538,0.074651762661976,-0.015436174836724792,1.9313661286721572e-07,1.8912576495213975e-09,1.516125232787999e-08,3.3102423889968605e-06,225.06900671867155,744.7901171054431,3091.876714202414,225.06900671867155
141.4,0.3870789476725887,0.0008674471355060051,0.07758797150395497,-0.015726688296642727,2.04226328557524e-06,1.2311705300210921e-08,2.2160211866728674e-07,3.3385779217874657e-06,234.5977127660424,730.9741720153662,2882.3661868107465,234.5977127660424
141.5,0.3860061806936193,0.0007879187937414498,0.07952156703353049,-0.016243790901829636,1.3640995707332768e-06,8.529263773226342e-09,1.2949004839873946e-07,3.331992365619914e-06,217.54518800627412,754.3611708518753,2946.403889253179,217.54518800627412
141.6,0.38480688652992945,0.0007056845888742996,0.07962916785773066,-0.015751378232418293,4.278822410297106e-07,3.618747676071998e-09,3.166994286792147e-08,3.338144048410216e-06,215.70382608219168,759.5764219325793,3128.4806692739703,215.70382608219168
141.7,0.3844698092064787,0.000680531172600068,0.08009160413697425,-0.015875499880196067,3.80514142739231e-07,3.324584557092175e-09,2.8152099349095207e-08,3.337893039915465e-06,217.60522691222045,740.3832051209747,3049.443715961674,217.60522691222045
141.8,0.3834849327271106,0.0006026537751357765,0.08011955383103143,-0.015882664429478117,2.0883277815625007e-07,2.2524005218986703e-09,1.4510460550552654e-08,3.3369143605066877e-06,211.57798827254373,762.2135987449572,3375.5365179084056,211.57798827254373
141.9,0.3833814486657027,0.0005936674370352795,0.07999702012985362,-0.015849427243749235,1.945636747148247e-07,2.162711699534538e-09,1.3495023004809774e-08,3.336841215477262e-06,211.32187569159697,760.656576504156,3222.5997458362126,211.32187569159697
142.0,0.3831958277258249,0.0005796695221846482,0.08017378253686606,-0.015896932598935168,1.8385915713163053e-07,2.0957407600722618e-09,1.2791262256925936e-08,3.336790647930627e-06,215.74596320477235,745.5803787815971,3024.1040066238143,215.74596320477235
142.2,0.38597406295566195,0.0008024768684762795,0.08328783631043273,-0.016220368227984,1.9083880623545175e-06,1.3264337458049822e-08,1.831789182602739e-07,3.36144247295613e-06,222.10067193504926,739.1722874013086,3101.959584858987,222.10067193504926
142.3,0.38481925958388014,0.0007112001028712935,0.08467045227174905,-0.016592981482404182,1.2159619593818954e-06,8.80022369339329e-09,1.0579213119739855e-07,3.3558442023641583e-06,215.54338383415708,752.7377536682611,2976.166981738524,215.54338383415708
142.4,0.3830038775118991,0.0005646096614364425,0.08470271639534373,-0.016601066789708737,3.359816617803353e-07,3.12503709330138e-09,2.4666724888101763e-08,3.3499708526212362e-06,212.47995416161376,759.0272147083747,3139.3318020639285,212.47995416161376
142.5,0.3875026436643362,0.0009499474296435762,0.08673598034908762,-0.016612728793439228,2.535577230497776e-06,1.9140786460315996e-08,2.5887815003655663e-07,3.378565619034236e-06,212.011734425371,746.8370009953633,3038.2174445722476,212.011734425371
142.7,0.3842681292119386,0.0006751156172618727,0.0870195196703901,-0.016688477272392383,3.5403656046973734e-07,3.5024496765153795e-09,3.3673991938624295e-08,3.3621647892912644e-06,239.05954157223124,736.0792973007639,2611.8350749835736,239.05954157223124
142.8,0.38819576554760765,0.001020212326035466,0.09039003839856954,-0.017058688743689536,2.3534115865681966e-06,1.881974652019133e-08,3.0495417038842684e-07,3.3928565057302053e-06,218.52962267946359,718.7483232803345,2294.662199456008,218.52962267946359
142.9,0.38819215986469063,0.0010205546440097341,0.09126873750448222,-0.017296690193275885,1.5321014445475582e-06,1.2591744925083348e-08,1.5396133944616052e-07,3.381791221890543e-06,216.6971864133205,745.6424620927946,3142.5538467167585,216.6971864133205
143.0,0.3874332670814141,0.0009636747326774073,0.09134697123812059,-0.016756021665631875,2.699519985957391e-07,3.2886916689961025e-09,2.993326117916636e-08,3.382806975152505e-06,347.486365932598,636.0676075613817,3302.0730344891404,347.486365932598
143.1,0.38718525990910474,0.0009420502775113977,0.09171862343571621,-0.016856792149587515,2.468908729099482e-07,3.0957453394863313e-09,2.6807952428012715e-08,3.3825775443742334e-06,267.00985650260594,712.9893540890392,3055.8252257331733,267.00985650260594
143.2,0.38909190172488967,0.001119422967975756,0.09409630632441107,-0.016954076101790283,1.935881029712678e-06,1.739989736619396e-08,1.8291248309738676e-07,3.4036349094802285e-06,214.14880066206172,755.2975128247846,3050.672901848965,214.14880066206172
143.3,0.38730150203702146,0.0009544246087245343,0.09417086843527471,-0.016974156992106325,3.696039186705018e-07,4.1424407128055275e-09,2.7032574029790828e-08,3.3920727817963227e-06,214.06754907536293,761.0137097798025,3184.940306642906,214.06754907536293
143.4,0.3873615368624773,0.0009603532267903378,0.09462594913765511,-0.017098205537840097,3.3770552807843726e-07,3.871851393997145e-09,2.449309942471011e-08,3.3918841409353706e-06,220.93259353945118,753.803127318612,3421.8979644670717,220.93259353945118
143.6,0.3840769230696387,0.0006491142811616256,0.09478469025122357,-0.016573705146680835,4.16388695090827e-07,4.7448550907423e-09,2.880501772949046e-08,3.420516192933967e-06,220.37264552463043,748.5818096148475,3474.651129059206,220.37264552463043
143.7,0.38382913370027694,0.0006270353265977386,0.0952343379596491,-0.016679857585031353,3.823776202772217e-07,4.438668619381199e-09,2.6350366204200587e-08,3.420380953184962e-06,216.0808708645688,745.6483147616789,3437.5067571695613,216.0808708645688
143.8,0.38268179660655205,0.0005171373445411701,0.09534305416907736,-0.01615888291017612,4.389937633172936e-07,5.018192707542217e-09,2.8134158089340595e-08,3.4280809059515305e-06,207.77036207746275,767.8280749676799,3513.867783919349,207.77036207746275
143.9,0.3825391395810066,0.00050565430183565,0.09581014151289288,-0.016288086368626886,3.8583761047920733e-07,4.532295223902521e-09,2.4692847781979006e-08,3.427821376431813e-06,208.4094729334498,758.6604918244636,3386.4835675988543,208.4094729334498
144.0,0.38247689728698997,0.0004994463002824189,0.09603598371715621,-0.0163499486854056,3.46755987804489e-07,4.1737095327467775e-09,2.239226592020383e-08,3.427647706203739e-06,215.68779697300593,758.749887151288,3204.133938947206,215.68779697300593
144.1,0.3826742954751119,0.0005191145947587026,0.09636798526924062,-0.015900354542993392,4.383211162709071e-07,5.082488438074461e-09,2.9445348595983514e-08,3.434716555226287e-06,208.44065546707304,766.5175737347643,3357.253166326238,208.44065546707304
144.2,0.3871491274484561,0.0009547162185883762,0.09785778888268702,-0.015990085048602748,1.5337261240235737e-06,1.5333946286669086e-08,1.6192651514140575e-07,3.426189650793899e-06,213.27189712822667,753.6413853811176,3280.2799701439335,213.27189712822667
144.4,0.39466493563894417,0.00174577264600669,0.1459696275826301,-0.02921348986186951,6.378632369957146e-06,6.208865973178788e-08,1.3616355960294344e-06,3.5211592464140653e-06,229.68806280795462,656.6261210687421,1775.5551234687339,229.68806280795462
144.6,0.3106711278545282,-0.008178468083554113,0.3465219992038737,-0.06378031908463644,1.5171664273430305e-05,2.8856079028904946e-07,3.1891592793469376e-06,3.635062873991431e-06,177.9276823877153,617.5975393395846,1531.3179447000898,177.9276823877153
144.8,0.3290904800099608,0.0012432001688514964,0.3456325696453365,-0.06147050843849029,1.6641661990165364e-05,1.4194149341062701e-06,2.1958519416982813e-06,3.6777423659033016e-06,159.52741616170562,757.2147863346527,3637.152521236,159.52741616170562
145.0,0.3197552725215633,0.0008544029889647562,0.34692276538830347,-0.05952118137235525,3.2306239106177705e-06,7.795527474686583e-07,3.8267991281341493e-07,3.717235397301523e-06,240.60325924744114,752.1521008699981,3325.3842809685466,240.60325924744114
145.2,0.30518379118260064,0.00025527855790869847,0.3486600141353625,-0.05983526961736612,1.4818257183304486e-06,5.55224065259344e-07,1.3399156560889293e-07,3.7108015433106357e-06,168.55830015708958,831.0799047009607,3843.004695491111,168.55830015708958
145.3,0.3014212329179395,0.00135285445811617,0.34859091331746694,-0.05984453218822026,3.229820261642498e-07,2.1964540001079777e-07,2.1642760225700353e-08,3.7078905821667503e-06,143.99557897966014,854.8602519569772,3882.1794267201867,143.99557897966014
145.4,0.29933087349577997,0.002311902941732509,0.348564231627806,-0.059854688230131924,1.8623955430719884e-07,1.38475035480326e-07,1.1764429440091719e-08,3.7076318116797018e-06,141.93834976013468,856.9816154168846,3890.4639129895468,141.93834976013468
145.5,0.29471025502111214,0.001926682255131422,0.34881077470188043,-0.05786109239822313,3.404886453943851e-07,1.2944576252079124e-07,2.475045167571196e-08,3.6606112589495977e-06,143.79981958962858,855.0258650138488,3903.4908294237985,143.79981958962858
145.6,0.2897901360331876,0.0011511449319824836,0.3491416774240315,-0.05605819423260994,3.156883207671847e-07,1.079382803450475e-07,2.4213660063317134e-08,3.5955272972686445e-06,145.2565332516281,853.6153769350315,3891.286984281554,145.2565332516281
145.7,0.2838596387610759,-0.00016290343508595928,0.34939242725865866,-0.054180823485787316,3.4840155521272735e-07,1.0062802464362164e-07,2.513415083536772e-08,3.5673679944545667e-06,145.4984276119637,853.3380649880227,3897.783104678154,145.4984276119637
145.8,0.2820668529391481,-0.0007639450857853428,0.34965353127416726,-0.05427268654326583,2.723784893870925e-07,8.781997908091325e-08,2.021892749279557e-08,3.5667609148880537e-06,140.83636012165104,851.3548707848646,3034.505966291231,140.83636012165104
145.9,0.2796863026495099,-0.0010687845370877247,0.34969697704187325,-0.054292309038305446,1.3472485853090024e-07,5.5736222477497183e-08,1.0968430263952671e-08,3.565614521086772e-06,266.36254046376615,731.9392982564349,4159.765736965697,266.36254046376615
146.0,0.2790545969048049,-0.0011493508926141158,0.3501488642844744,-0.05445226262813532,1.1927189317307095e-07,5.1872832432612254e-08,9.648961889262933e-09,3.5654513966318996e-06,217.17411991664392,781.596884204634,4244.448997646246,217.17411991664392
146.1,0.27870539114548926,-0.001198449590189282,0.3502671802483665,-0.05449444086257466,1.1409446896038555e-07,5.0601825165788256e-08,9.176700943687766e-09,3.565393133655476e-06,165.39689730458136,830.913912503357,3768.521941555595,165.39689730458136
146.2,0.27698926534851853,-0.0013533537984374432,0.3503598144664451,-0.05453068619115644,8.863260483367969e-08,4.408932599976777e-08,6.721567287919459e-09,3.5650904981674423e-06,145.64673869171864,853.6470202777484,3985.999866404606,145.64673869171864
146.3,0.2706388365694795,-0.00333045889989063,0.3506984483062142,-0.052773475639736035,3.377773678900888e-07,7.694383425547765e-08,2.445499961032914e-08,3.5444906335527046e-06,143.23178919758664,856.1969073179016,4001.1768573430736,143.23178919758664
146.4,0.26692774246334455,-0.004383890342969368,0.3508375660170731,-0.052823854400848406,1.789437934412706e-07,5.286530211954258e-08,1.2373037853267412e-08,3.543059653619282e-06,145.13768141952423,854.206512811337,4002.955415187168,145.13768141952423
146.5,0.2644817971369008,-0.0050015820527816845,0.3509171719629054,-0.05285353705711454,1.2330574209539129e-07,4.313223947197595e-08,8.275465754180382e-09,3.542574176403694e-06,141.01179069592,858.4890611177428,4009.641667817915,141.01179069592
146.6,0.2586737522224942,-0.006863026492928276,0.351304764918402,-0.05121860671720842,3.245503008953502e-07,6.834219646155605e-08,2.3969346248110848e-08,3.5048861910368134e-06,139.96598311752714,859.4255168540707,4031.0811307759977,139.96598311752714
146.7,0.2576683321804916,-0.007211038942023427,0.3512051262988311,-0.05117631645968114,2.938663166847174e-07,6.40319821211473e-08,2.159368665197706e-08,3.5044543510711742e-06,133.53438282085153,860.976852758963,3603.6161379164173,133.53438282085153
146.8,0.2538627372221994,-0.008507772479258751,0.3516998840189256,-0.04957384876078392,1.359999864045237e-06,2.05749844446378e-07,1.4769241493401327e-07,3.5143922797595304e-06,162.99054473809255,833.1875696797399,3201.1847431118877,162.99054473809255
146.9,0.2471408705655907,-0.010719865550286185,0.35213301200851677,-0.048024599200678135,3.3615247548697373e-07,6.701713710780087e-08,2.6511347166670282e-08,3.5060775333030768e-06,153.45256923738782,846.402623977079,3711.8182871330573,153.45256923738782
147.0,0.24349901392038767,-0.0118060345530105,0.35218098782708374,-0.04804015010624584,1.7364751748226593e-07,4.3752778132827654e-08,1.3362015812707068e-08,3.505037177967792e-06,152.18540333224334,847.6981839863599,3712.483351628377,152.18540333224334
147.1,0.24235262059916904,-0.012135623776406085,0.3517734564905473,-0.04792627405977369,1.5126032695046645e-07,4.038102159745515e-08,1.1631796441527581e-08,3.504900330224261e-06,143.13352821285386,854.8097183233375,3420.2998151136753,143.13352821285386
147.3,0.23977856612455956,-0.012860896220178466,0.35184130456805957,-0.04794715828706217,1.2797764852693753e-07,3.6736968434661935e-08,9.652232581119115e-09,3.5047437470945976e-06,140.0604490314635,859.5299923973646,3691.3018918290954,140.0604490314635
147.4,0.2338408253999164,-0.01491713766759777,0.35368035358180683,-0.046844046614592544,6.423796608919347e-07,1.0617103395869433e-07,5.072137641307291e-08,3.5093943391388708e-06,134.53439160197925,864.6909086748652,3686.4842852358047,134.53439160197925
147.5,0.22741145119551523,-0.017112409008904927,0.35348766726721786,-0.04520665514467857,3.586668734483313e-07,6.730212649396596e-08,2.8028583760994462e-08,3.5088769595890444e-06,136.70935427615802,863.0589621424972,3506.4983188622787,136.70935427615802
147.6,0.22595980932789622,-0.01763821728965586,0.35373760139432925,-0.045277194393301204,2.981540698474231e-07,5.889793743442587e-08,2.3752050834742575e-08,3.508537179587027e-06,128.2298648649406,864.7757708082194,2822.760909244498,128.2298648649406
147.8,0.21355313809014648,-0.021854077823576047,0.35388105836548084,-0.043787025087746914,5.01650628116871e-07,8.457550242369224e-08,3.859380814201034e-08,3.5109241343999747e-06,171.70781419284637,827.6621701717596,4086.3344477125092,171.70781419284637
147.9,0.21136663602704864,-0.022641455057157815,0.3560432980076981,-0.04291472473109719,1.659483334691943e-06,2.427095481882853e-07,1.7172785510448974e-07,3.5226469501378447e-06,160.63694329011227,836.625849652312,3437.219031860539,160.63694329011227
148.1,0.20150124536597425,-0.026122235919729547,0.35766613592300256,-0.04337359569026387,6.913823540924528e-07,1.1126410948138244e-07,5.320776106774835e-08,3.5132112278482136e-06,127.30372303609587,870.0666592867132,3921.73322844175,127.30372303609587
148.2,0.19643204102832162,-0.02773787182641277,0.35795716929796706,-0.04345718342947653,2.465963228204901e-07,4.9946794910950706e-08,1.7531476314453437e-08,3.5103710903538694e-06,134.04493483983345,864.6955122803668,3840.147561758055,134.04493483983345
148.3,0.19195549760531339,-0.02933029373118548,0.3604115001031853,-0.04303093499368845,5.476422961806345e-07,9.250922318816686e-08,4.372062014734841e-08,3.478112369376594e-06,129.7778405039559,868.7537898699483,3866.46539402311,129.7778405039559
148.4,0.1872168968162644,-0.030920175046711483,0.36034998448422084,-0.0430066661170895,2.3078702472521584e-07,4.755018368631074e-08,1.6405791418318306e-08,3.473300107885404e-06,130.5253553058054,867.9236418823964,3824.4684499615087,130.5253553058054
148.5,0.18670816548716987,-0.03113278202349042,0.36251454550296136,-0.04228725249858729,1.6063251642237647e-06,2.4314516543566715e-07,1.8865012505300517e-07,3.4754586510798338e-06,126.39161942092153,865.4016856216198,3066.8872791756276,126.39161942092153
148.6,0.1805971335494266,-0.03330238248378554,0.36268344116175083,-0.04089551997096808,3.3460529612652294e-07,6.033608838046067e-08,2.61434825894441e-08,3.461238978148992e-06,186.088552260643,812.8561461029534,3774.2022430009233,186.088552260643
148.7,0.1748236475503526,-0.035363383034366404,0.3628169816723238,-0.039567488649260456,3.27191903841531e-07,5.8716260395076606e-08,2.6260158602239376e-08,3.4655170933669984e-06,188.16365003206712,810.7463987629843,3763.312947786776,188.16365003206712
148.8,0.16865819632847898,-0.0375765891793988,0.3630371667086557,-0.03830691851045488,3.474539137287937e-07,6.119959432087932e-08,2.80639847104811e-08,3.4697219308048466e-06,186.6300921386787,812.5551540989014,3727.8711547419693,186.6300921386787
149.0,0.16060730527165254,-0.04057744171292606,0.36567277419403726,-0.03776037588433585,1.7279711649051759e-06,2.609145760411819e-07,1.6812789989244208e-07,3.484430376076915e-06,165.02821005040138,833.3949809797697,3781.6134399160464,165.02821005040138
149.1,0.15432775405651125,-0.04286918894742132,0.36557514307280115,-0.036472591652514874,4.1111445239544616e-07,7.090003517833661e-08,3.217288309414833e-08,3.4773865425286786e-06,179.48795400035502,819.8124895407462,3707.06890155355,179.48795400035502
149.2,0.15001917171817258,-0.044448901457371154,0.3639370401895079,-0.034852160985210844,8.93346706464435e-07,1.4145968241696074e-07,7.647398590795235e-08,3.502641557713829e-06,184.84912841150742,813.461198505061,3681.011933703897,184.84912841150742
149.3,0.14386667869793787,-0.04662078332314056,0.364351021450124,-0.03384023821616753,3.2088509170730114e-07,5.668323005046593e-08,2.5706038679744163e-08,3.483586635106084e-06,189.27714992537477,809.1555470520789,3815.9743123267945,189.27714992537477
149.5,0.13244125180415356,-0.05083515083404838,0.36522974446909323,-0.032908572827024515,8.443841432664234e-07,1.333712020168628e-07,6.88991451835369e-08,3.507866475292009e-06,165.51489772937396,833.1923661701005,3775.30255884716,165.51489772937396
149.6,0.12587412868136755,-0.05317103556968484,0.3654062632238342,-0.03185478665112584,3.251639487875998e-07,5.721085557633633e-08,2.5739468339262927e-08,3.507413764688531e-06,185.19603885703944,813.3642414757155,3837.103442635305,185.19603885703944
149.7,0.12096635944884046,-0.05496363846768243,0.3643885983927255,-0.030490006870020337,1.1292183427741641e-06,1.7570688225982695e-07,1.0923990692388961e-07,3.5153725127614945e-06,146.6592063012644,847.762422519728,3183.847119582226,146.6592063012644
149.9,0.11009365032176052,-0.059008176068289994,0.364887683335386,-0.029569972621993176,1.183903434607822e-06,1.8280638319217549e-07,9.889993684982741e-08,3.5338486808933846e-06,157.3366347371061,840.5963982160099,3782.3715786747243,157.3366347371061
150.0,0.10423360413772356,-0.061065429347420236,0.3654893741715858,-0.02871129855260309,3.2795754077938964e-07,5.767435058258256e-08,2.7150862478716097e-08,3.54936312409407e-06,167.4093100698997,830.500523155324,3762.725048414558,167.4093100698997
150.1,0.09868782705721622,-0.06297826083961007,0.3658314493798058,-0.027829742771300008,3.1604131383262726e-07,5.5813469761568956e-08,2.6339487044028314e-08,3.5484075776616022e-06,165.44671578931445,832.4076410251275,3756.256861398493,165.44671578931445
150.3,0.08735760660301549,-0.06719198907935464,0.36453802740442454,-0.02650886385774853,1.0293106547885309e-06,1.6078777755654952e-07,9.511602742092698e-08,3.5525611330585694e-06,149.69839084738553,842.2151014063049,3489.189207230968,149.69839084738553
150.4,0.08096772585813754,-0.06947398282222507,0.3645871224977171,-0.026523172516145433,2.864530156913293e-07,5.2061199651985836e-08,2.0353002646827493e-08,3.5464795767684735e-06,125.34245944504053,872.4094413370404,3896.6366805984517,125.34245944504053
150.5,0.07435855358541141,-0.07183018460496962,0.3647236073690985,-0.025687373162539457,3.463591151763395e-07,6.048898400393409e-08,2.4927990185048618e-08,3.5083897490681007e-06,123.52259116298868,874.3883674452088,3895.9006887995956,123.52259116298868
150.6,0.07294933558056857,-0.07215340703635707,0.3647305819884755,-0.025689537257383738,2.654938304333596e-07,4.861364623881853e-08,1.985244628187845e-08,3.5074806776264596e-06,121.65396045197828,870.0013250115768,2881.3222360716145,121.65396045197828
150.7,0.07834002589801932,-0.06997452680501436,0.3640658140387736,-0.02462517090778216,2.7507003196513884e-06,4.110683957582007e-07,3.474992173676032e-07,3.533623872604821e-06,115.03873579879932,878.5358288050074,3040.508834718234,115.03873579879932
150.9,0.07213943615200588,-0.07225857870585754,0.36399803532200464,-0.02460531517186397,4.2717161634762033e-07,7.210445522687103e-08,3.61434572937494e-08,3.508534259994608e-06,119.27678111061634,878.8642161226365,3057.158160999103,119.27678111061634
151.0,0.07177787937553146,-0.07239321991701822,0.3640042269186383,-0.024607034101343957,2.0980027014121086e-07,4.008032639856905e-08,1.722994102091622e-08,3.5070100750390294e-06,123.55911977260995,874.2681583547982,3050.146297743694,123.55911977260995
151.1,0.07307678364537111,-0.0719084597769087,0.36406556953149194,-0.023791193203687677,3.765697118155222e-07,6.389409331887844e-08,3.2202535922404885e-08,3.5094546114972056e-06,122.74137499947437,875.1614523916686,3050.929392458242,122.74137499947437
151.2,0.07446242206410604,-0.0713915240918567,0.36415504930864645,-0.023021053297272137,3.6568000532316715e-07,6.205417478305441e-08,3.1927841552996185e-08,3.4918320414813047e-06,124.25880753002964,873.6426209948727,3050.0913162614374,124.25880753002964
151.4,0.0752527220415156,-0.07109659122069995,0.36422419488523744,-0.02226158117809191,3.766153699141223e-07,6.342313776014145e-08,3.246661346653946e-08,3.493277850466679e-06,125.012117986481,873.361568437272,3024.147152985878,125.012117986481
151.5,0.07637765762244246,-0.07066602700927124,0.36433545270054085,-0.02160577960607522,3.2800950704871117e-07,5.6221333976345525e-08,3.067757779002966e-08,3.444353945108695e-06,122.42460268910311,875.9278994340362,3022.9032829001753,122.42460268910311
151.6,0.07737834843360891,-0.07029279379897191,0.36443031022010797,-0.02094484545228089,3.222117392440934e-07,5.512609735737412e-08,3.075080690703112e-08,3.39071980091472e-06,126.46149828294458,871.7494237265176,3014.074924068157,126.46149828294458
151.7,0.0774076741625087,-0.07028774321186365,0.3644372251390152,-0.020948713541494267,1.7982285561520335e-07,3.4204910226946264e-08,1.5985752914305815e-08,3.3862379344198374e-06,127.18460650028612,871.0509005178643,3013.7909502378443,127.18460650028612
151.8,0.07864948073432965,-0.06981963667810094,0.3645410997413762,-0.020321029905912943,3.147818610620959e-07,5.365369966667158e-08,3.06584900764034e-08,3.339883177321103e-06,127.406766345468,870.812263916997,3013.5295612206546,127.406766345468
151.9,0.07967335309295161,-0.0694354084947352,0.36463038020992034,-0.01971506667179821,3.2078536762607866e-07,5.439109267336632e-08,3.0749693679880735e-08,3.2922760311534694e-06,126.51146248312662,871.7339054184989,3013.7851739491543,126.51146248312662
152.0,0.08110417530935515,-0.06889362057209183,0.36475097839696624,-0.019153304813459747,3.2196658387512443e-07,5.444888103080721e-08,3.0732443468321306e-08,3.2476495443443085e-06,125.2530092682124,873.0003585660088,3015.383850354807,125.2530092682124
152.1,0.0811058007775488,-0.06889585305749325,0.36474814198707983,-0.019151835258923736,1.803358970788497e-07,3.367333452359737e-08,1.5969841541613753e-08,3.2435180647250634e-06,123.41587539673036,874.7706373078429,3018.7974615065223,123.41587539673036
152.2,0.08111236136579063,-0.06889551734796842,0.36474007858308244,-0.019147592865808447,1.2580052845785417e-07,2.557955882671501e-08,1.0788717373467036e-08,3.2420680634640497e-06,123.43797697907053,874.7255928703007,3018.4781396729004,123.43797697907053
152.3,0.08111498447904006,-0.06889543924104234,0.3647477440161035,-0.019151658047774443,9.666979306428376e-08,2.118694272015636e-08,8.139348661901736e-09,3.2413265973626165e-06,124.02126460639815,874.2741123253014,3027.9884486333663,124.02126460639815
152.4,0.08112577068736768,-0.06889186929426337,0.36474880953808786,-0.01915222732717535,7.863829969995889e-08,1.841600959533047e-08,6.539178073280845e-09,3.2408787679394323e-06,124.17369945834706,873.9875316493419,3017.7826516558675,124.17369945834706
152.5,0.081129715912791,-0.0688953935554014,0.364745897312758,-0.019150741274105786,6.636904792516157e-08,1.6490194855006045e-08,5.464871590778325e-09,3.2405781055744125e-06,124.16614360537427,873.9889278918048,3017.693361396704,124.16614360537427
152.6,0.0811267354359775,-0.06890125550137709,0.36474455675220824,-0.019150083581519418,5.737646838977778e-08,1.504261855949458e-08,4.693572880525379e-09,3.2403622469364466e-06,125.76134963479657,872.4090414350203,3018.0489798020617,125.76134963479657
152.7,0.08113460902888184,-0.06890021250754536,0.36474639126338115,-0.01915107517341302,5.064978064810099e-08,1.3936326939149229e-08,4.113251930113061e-09,3.240199829790591e-06,123.84793180183277,874.3139264470861,3017.445403903409,123.84793180183277
152.8,0.08113404859651321,-0.06890495673181385,0.3647456417406203,-0.019150727963861334,4.5331620973828925e-08,1.3034329089082162e-08,3.6607016964112584e-09,3.240073173278239e-06,125.86969763644491,872.2546326261911,3017.027249697002,125.86969763644491
152.9,0.08112893698043029,-0.06891269342977822,0.3647448156848322,-0.019150354077482067,4.097204126318557e-08,1.227000238080038e-08,3.2977759329805853e-09,3.239971603839877e-06,129.31248841392244,868.7959564998741,3017.2960091478635,129.31248841392244
153.0,0.08113500178325382,-0.06891335682951642,0.3647454685981271,-0.019150731686265767,3.74502512510085e-08,1.1641167657606036e-08,3.0017122033369027e-09,3.2398887423034755e-06,125.7951887363218,872.6666714012921,3000.137746520615,125.7951887363218
153.1,0.08113087092408791,-0.06891940260304773,0.3647437741215831,-0.019149884023767678,3.4505721578550276e-08,1.1100239408504039e-08,2.7539655893014987e-09,3.2398194003070613e-06,125.91759770985159,872.3608280123386,3007.7665687290155,125.91759770985159
153.2,0.08112865590989993,-0.06892346903507977,0.36474317039550935,-0.019149599754871835,3.1967044930857126e-08,1.0617715327567213e-08,2.5439755348801864e-09,3.239760627876633e-06,128.83362886817906,869.4174957692268,3007.80904416737,128.83362886817906
153.3,0.081128304401227,-0.06892641172511703,0.3647416028571563,-0.019148801052211548,2.9799403109838002e-08,1.0196285264548725e-08,2.363751916262431e-09,3.2397101843787412e-06,127.32345240247248,870.9529546481929,3007.694404083753,127.32345240247248
153.4,0.08112899368574654,-0.06892890088427019,0.3647439297261792,-0.0191500619518787,2.7918541421683646e-08,9.820534227325435e-09,2.2069251296072873e-09,3.239666286746709e-06,127.21049134381697,871.1755909320259,3016.8066224228487,127.21049134381697
153.5,0.08112949529261837,-0.06893304733892713,0.36474299826408835,-0.01914961636230201,2.6289269831986636e-08,9.488590436748028e-09,2.070072385116495e-09,3.2396279787590393e-06,124.54252640082652,873.7529448645911,3006.709577042984,124.54252640082652
153.6,0.08112897818549832,-0.06893652763223031,0.3647425305303263,-0.019149404653811507,2.4834009073282328e-08,9.182785234852125e-09,1.9492045887448045e-09,3.2395941458406714e-06,126.22988215154156,872.0420634774517,3006.540864142301,126.22988215154156
153.7,0.08112859833926868,-0.06893944107378218,0.36474427679307303,-0.01915035860895716,2.3509308805317793e-08,8.893954870267055e-09,1.8413465533525227e-09,3.239563955542053e-06,130.55298619345282,867.7778170007467,3015.566984730016,130.55298619345282
153.8,0.08113048414043615,-0.06893931246740483,0.3647440932432912,-0.019150267874650916,2.232921517343254e-08,8.632501076387676e-09,1.7451010793397738e-09,3.239537015632577e-06,128.46332859708042,869.8052061465723,3005.7525357973573,128.46332859708042
153.9,0.08113062694132331,-0.0689423858647515,0.3647436547528215,-0.019150069927882898,2.1289349658992637e-08,8.399875791010065e-09,1.65841416817966e-09,3.2395127481362327e-06,123.48190983773543,874.8585108788322,3006.208606757538,123.48190983773543
154.0,0.0826267330361559,-0.06837325923156036,0.3648874399655082,-0.018664073960117652,2.386306218562184e-07,4.001886421003387e-08,2.7790320775591593e-08,3.1945234470575386e-06,124.66155818130606,873.6718377117742,3006.3563615274634,124.66155818130606
154.1,0.08372591233083417,-0.06795518684764516,0.3649929389453387,-0.018123800624993233,3.1816917608480946e-07,5.1576303930831146e-08,3.0805663389676356e-08,3.1499072827549084e-06,125.03855753616446,873.2851056233568,3006.346135453249,125.03855753616446
154.2,0.08373024080818078,-0.06795516661937523,0.3649881064845374,-0.01812123755948192,1.7883874084224715e-07,3.117812122181065e-08,1.6020874002047177e-08,3.145738284538357e-06,123.9188275550691,874.4286668717656,3006.2752301157416,123.9188275550691
154.3,0.08373191251680892,-0.06795682009968534,0.36498763868516243,-0.01812099116764262,1.2470138881941616e-07,2.321234911794852e-08,1.0824937582127189e-08,3.1442730859836943e-06,123.03365532333315,875.3407647710391,3006.6887478502877,123.03365532333315
154.4,0.08374956715940411,-0.06795158888212259,0.3649943574338577,-0.018124566974517198,9.589473094141027e-08,1.8939497743454848e-08,8.17442928138283e-09,3.14352566134618e-06,123.4192736369639,874.9302790577657,3006.2231797549302,123.4192736369639
154.5,0.08375628623195293,-0.06795556643213041,0.3649917080603548,-0.018123166787570512,7.778020972025834e-08,1.621839171206081e-08,6.566623078733863e-09,3.1430722638260412e-06,126.51700525673252,871.7938940481018,3005.8237808702875,126.51700525673252
154.6,0.08375729888724091,-0.06795820573865692,0.3649896335238131,-0.018122067409372448,6.538589692750476e-08,1.4330670934902931e-08,5.487183216827996e-09,3.1427678624222285e-06,128.77107534402884,869.4936642198505,3006.261350522559,128.77107534402884
154.7,0.08375709653713996,-0.06796196249476955,0.36498666956142156,-0.018120495622968105,5.644828095909032e-08,1.2950846380432611e-08,4.712845888079348e-09,3.1425495012134115e-06,129.3431281865058,868.8641823473592,3005.471106958662,129.3431281865058
154.8,0.08375627474609369,-0.0679631447239698,0.3649891783277869,-0.018121827800100968,4.972541717749355e-08,1.1903230689357709e-08,4.129722523749993e-09,3.1423850601317286e-06,126.94205095879103,871.3582916123804,3006.6863881728295,126.94205095879103
154.9,0.0837582713658099,-0.06796487466650285,0.3649884381276806,-0.018121437025928624,4.452348998282388e-08,1.10847232997558e-08,3.6750397500459243e-09,3.1422568400187915e-06,124.00106784672138,874.3402726090899,3006.8089071194518,124.00106784672138
155.0,0.08376093512995125,-0.06796524023020876,0.36498729699252624,-0.018120833044031663,4.0331426127792816e-08,1.0415745704821853e-08,3.310525803116949e-09,3.1421540470804804e-06,123.32289488163646,875.0420726060428,3006.9455518393315,123.32289488163646
155.1,0.0837633244978531,-0.06796484281063665,0.3649903081065149,-0.01812243313243261,3.6871489438464395e-08,9.85412261852391e-09,3.0117963502210036e-09,3.142069805149564e-06,123.62072100158838,874.739763074594,3006.9216705246517,123.62072100158838
155.2,0.08376438033364116,-0.067965865924527,0.3649897549770842,-0.018122140689059426,3.398048436150319e-08,9.376695473449597e-09,2.7626369980135532e-09,3.141999542592926e-06,123.42370962389639,874.8947905693627,3006.0320667965366,123.42370962389639
155.3,0.0837638905736628,-0.06796750489730642,0.3649875996326706,-0.018120996886142254,3.151901679760664e-08,8.963507208141125e-09,2.5514699604191666e-09,3.1419399932113886e-06,123.13276048342223,875.2293176028166,3006.784187129559,123.13276048342223
155.4,0.08376424789101736,-0.06796856096011848,0.364987480739698,-0.018120934573857612,2.939628232710222e-08,8.600136785176227e-09,2.370293211068787e-09,3.1418889011304497e-06,123.67982955837093,874.6624910650182,3006.882990719405,123.67982955837093
155.5,0.08376757760609123,-0.0679690231022511,0.36499014504389693,-0.018122351601110077,2.754276336250117e-08,8.276387220265143e-09,2.213153736576515e-09,3.1418445875244555e-06,124.47303669875161,873.848233465241,3006.6375482582444,124.47303669875161
155.6,0.0837678250199865,-0.0679718754772213,0.3649885269682964,-0.018121494211286313,2.5880117607662904e-08,7.977873013517626e-09,2.0755718144566586e-09,3.1418057887551544e-06,128.69942018015817,869.5529290387818,3005.703355092428,128.69942018015817
155.7,0.08376520783369479,-0.0679763952109647,0.36498820122543324,-0.018121322081016966,2.4399672817454065e-08,7.707082174613321e-09,1.9540648884450235e-09,3.1417715229564475e-06,129.6135251434617,868.6524498378712,3005.980298810991,129.6135251434617
155.8,0.08376456538358763,-0.0679784728152851,0.36498916878235116,-0.018121836552359504,2.3098349047951576e-08,7.464904389779893e-09,1.8460274462581206e-09,3.14174105601984e-06,128.31407077520356,869.9356084879605,3005.7860194157524,128.31407077520356
155.9,0.083765187455964,-0.06798016034771713,0.36498940918368217,-0.01812196553028037,2.1956442831873546e-08,7.250742685339273e-09,1.7493073541266345e-09,3.1417137808500475e-06,124.05091394060345,874.2746918950994,3006.3588240286153,124.05091394060345
156.0,0.08376654472261318,-0.06798089868366339,0.364988520282033,-0.01812149484163802,2.0928677688695187e-08,7.054602668295508e-09,1.6622217563160844e-09,3.1416892226430246e-06,123.53191635926164,874.7990090667914,3006.348601153456,123.53191635926164
156.1,0.08376627759372028,-0.06798225539136744,0.36498828734381616,-0.018121371741908882,1.999182267106247e-08,6.871741140791128e-09,1.5834064044750096e-09,3.141666996651528e-06,124.74558279591164,873.5451391414784,3006.0399833794154,124.74558279591164
156.2,0.08376614359801865,-0.06798198511489817,0.3649892412772354,-0.018121878004521048,1.9113881761550584e-08,6.69597157914603e-09,1.5117061012322557e-09,3.1416467767299666e-06,129.04565171154906,869.2072675651275,3005.8824429301876,129.04565171154906
156.3,0.08376552692470386,-0.06798457765578532,0.36498860450587284,-0.0181215409471276,1.8311421443820607e-08,6.532449284537325e-09,1.4462252496852274e-09,3.1416283107429035e-06,129.11028246630372,869.1377482666404,3005.535664559937,129.11028246630372
156.4,0.08376555003041702,-0.06798650307402908,0.36498833993136703,-0.018121401551484728,1.7593250141413578e-08,6.384344216727312e-09,1.3861939726649028e-09,3.1416113818467393e-06,125.42890319888673,872.8516195532704,3005.867728801584,125.42890319888673
156.5,0.08376601863094531,-0.06798829068184432,0.3649883760008882,-0.018121421994769862,1.693310347055272e-08,6.2464530162424314e-09,1.3309359341465938e-09,3.141595798961433e-06,124.27056107929806,874.0562996950744,3006.370156399232,124.27056107929806
156.6,0.08376705198879386,-0.06798835568436326,0.36498945288484186,-0.018121994474264585,1.6327831291064146e-08,6.118878469781527e-09,1.2797359123066938e-09,3.141581360360188e-06,121.89710388047195,876.6122043095521,3016.8772637683032,121.89710388047195
156.7,0.08376859676312316,-0.06798880637679268,0.36498924340106015,-0.018121884488814334,1.5764464431413372e-08,5.998613600395502e-09,1.232464097414755e-09,3.141568029476739e-06,121.41048420261119,877.0456086182922,3007.75823981348,121.41048420261119
156.8,0.08376929444899243,-0.06798983006695762,0.36498888775404054,-0.01812169667067111,1.523852203016216e-08,5.883270489560402e-09,1.1885832451541241e-09,3.1415556549700264e-06,123.24539261742264,875.1155874229171,3006.7492891919956,123.24539261742264
156.9,0.08376942985521073,-0.06798988159676896,0.36498979852179125,-0.018122180365496898,1.4745746942299286e-08,5.772701042656384e-09,1.1477342086205341e-09,3.1415441354830206e-06,124.63744556938217,873.6612577061996,3005.946567246434,124.63744556938217
157.0,0.08376912028915293,-0.067990671464851,0.36498986943215034,-0.018122218255068594,1.4286206420538864e-08,5.66785840335162e-09,1.109604228144421e-09,3.141533382796635e-06,124.34160490011158,873.9525309025465,3005.7748494530942,124.34160490011158
157.1,0.08376966581173255,-0.06799078470560395,0.36498937159180506,-0.01812195433581688,1.385677687767041e-08,5.568606118114951e-09,1.0739221627921567e-09,3.1415233204132595e-06,123.49954887251563,874.8203093800848,3006.1207058938526,123.49954887251563
157.2,0.08376975008699399,-0.0679913084200406,0.36498948739508263,-0.018122016166931928,1.345387047468921e-08,5.4741820693291505e-09,1.0404585988569639e-09,3.141513883629187e-06,123.03429958586429,875.3057601058006,3006.47773506891,123.03429958586429
157.3,0.08377065023696995,-0.06799051731841185,0.3649899193460065,-0.018122245654002337,1.3074180251520602e-08,5.3839261992889374e-09,1.0090145305345005e-09,3.1415050163235593e-06,122.93183939692793,875.4215414757808,3006.6483869953,122.93183939692793
157.4,0.08377056327235441,-0.06799114446678706,0.3649899097434939,-0.018122240847329576,1.2716310411815227e-08,5.2974344862629245e-09,9.794266392083258e-10,3.141496672514853e-06,123.01066215942323,875.3063504451374,3005.9745415757043,123.01066215942323
157.5,0.08377091255285037,-0.0679916399899398,0.36498977654064757,-0.018122170621183556,1.2378083703903398e-08,5.214689644137993e-09,9.51518871721316e-10,3.141488802463002e-06,122.63653045264972,875.7163090148614,3006.321201607472,122.63653045264972
157.6,0.08377092056678022,-0.06799235008729144,0.36498943983574983,-0.018121992243880957,1.2058324055311788e-08,5.135635194988189e-09,9.251477752381826e-10,3.141481365723089e-06,121.9224413134135,876.4705643570445,3007.195305893636,121.9224413134135
157.7,0.08377238917676418,-0.06799158907536136,0.36499050922780324,-0.01812256056698711,1.1754778324477545e-08,5.060027470488052e-09,9.001794742377552e-10,3.141474324472058e-06,121.13471498756999,877.3535832927527,3008.5464079165667,121.13471498756999
157.8,0.08377312428436713,-0.06799190053048107,0.36499045451082945,-0.018122532159191317,1.146682939481382e-08,4.987109371639129e-09,8.765305167812407e-10,3.141467655313526e-06,121.33534354794672,877.1262150412609,3007.8992989503126,121.33534354794672
157.9,0.08377304627654385,-0.06799248767939241,0.3649899508480616,-0.018122265010901004,1.1193640087150984e-08,4.916360744456243e-09,8.541096130861761e-10,3.1414613325657217e-06,122.18252124057913,876.1903964923655,3006.584462465955,122.18252124057913
158.0,0.08377422762569994,-0.06799205381885284,0.3649908326244459,-0.018122733714935092,1.0932901431906187e-08,4.847887348693954e-09,8.328020073796693e-10,3.1414553237333774e-06,122.53341178162306,875.8568944120725,3006.8854795583256,122.53341178162306
158.1,0.08377448574729843,-0.06799238386777844,0.36499091626547775,-0.018122778473494836,1.0684440010528335e-08,4.781645721373744e-09,8.125361993281464e-10,3.1414496087054426e-06,122.7321755778633,875.6360534101238,3006.3817733247924,122.7321755778633
158.2,0.08377403445541787,-0.06799235926173008,0.364990727205437,-0.018122677787200194,1.0447519809019406e-08,4.717656196462195e-09,7.932310917892157e-10,3.141444164596143e-06,122.632265546622,875.7406303443669,3006.724483015557,122.632265546622
158.3,0.08377481045820707,-0.06799259182621523,0.3649903680631368,-0.018122487724892705,1.0221186119462636e-08,4.6557653375824136e-09,7.748219633654553e-10,3.1414389731521677e-06,122.57500885264267,875.8037744456021,3006.7129018870437,122.57500885264267
158.4,0.08377390314360736,-0.06799659462458582,0.36499064415619176,-0.018122635955315707,1.0004658186354097e-08,4.595834446908262e-09,7.57246938742176e-10,3.1414340169189895e-06,122.56176318345321,875.8269000587989,3006.7622117795345,122.56176318345321
158.5,0.08377331563771255,-0.06799701997181457,0.36499031020337147,-0.01812245849905839,9.798179413683922e-09,4.5380678538811785e-09,7.403938288129863e-10,3.1414292642526157e-06,121.88050229323783,876.6239319824593,3017.1128274554676,121.88050229323783
158.6,0.08377339626384485,-0.06799747438275397,0.36499043854827246,-0.018122526948482966,9.600307571556525e-09,4.4821402140789805e-09,7.242713331206965e-10,3.1414247176115416e-06,121.64396865256342,876.8820496474162,3017.5512943207077,121.64396865256342
158.7,0.08377318078340588,-0.0679978182869554,0.36499022696408284,-0.018122414658506933,9.41065538130403e-09,4.428051397813678e-09,7.088307730604704e-10,3.141420363265932e-06,121.19041579533533,877.3668536619153,3018.359831263954,121.19041579533533
158.8,0.08377472481122605,-0.06799736548927157,0.3649906567366664,-0.018122643589898537,9.22862528895774e-09,4.3756628674179106e-09,6.940332583526694e-10,3.1414161902492955e-06,120.83442668827097,877.7539083961868,3018.4302583842023,120.83442668827097
158.9,0.08377524474350374,-0.06799740976355546,0.3649908309739766,-0.018122736460918942,9.05305519140697e-09,4.324607246918121e-09,6.798854849996221e-10,3.1414122004663877e-06,121.15889571723322,877.3402831836156,3008.7284911657985,121.15889571723322
159.0,0.08377486973980773,-0.06799765110763845,0.36499052053802267,-0.018122571525544494,8.884288274342698e-09,4.274931451289658e-09,6.663013898591334e-10,3.141408369648643e-06,121.20658124377061,877.2912614847793,3009.127193184147,121.20658124377061
159.1,0.0837759091013963,-0.0679968552415538,0.364991350048708,-0.018123012186841606,8.721888434788931e-09,4.22652427950287e-09,6.532518316203202e-10,3.141404689583315e-06,121.36760415588132,877.1151524870576,3008.7338964845435,121.36760415588132
159.2,0.08377556320977919,-0.06799723978090144,0.3649911372830078,-0.018122899208336398,8.565530208738536e-09,4.179272417400195e-09,6.407063619182213e-10,3.1414011516881187e-06,121.66245980840083,876.7928836702598,3008.32517030771,121.66245980840083
159.3,0.08380895601863207,-0.06800592901943807,0.3650139014754225,-0.018135012291659782,8.55373861895357e-09,4.175718275050049e-09,6.398227151024518e-10,3.141400902492872e-06,121.8375267151509,872.675313123788,2838.229888613353,121.8375267151509
159.4,0.08383725310657,-0.06800050191677036,0.36501994013046146,-0.01813823372135791,8.549198602569674e-09,4.174064826772785e-09,6.396435725007573e-10,3.1414008519851615e-06,251.02665992060778,738.1985901913287,2615.356210329848,251.02665992060778
159.6,0.08385021939148693,-0.06799897602131408,0.3650203823853978,-0.018138476018592087,8.540790111703776e-09,4.171176003555014e-09,6.395680006229386e-10,3.1414008306739832e-06,185.80821080276817,498.209376132256,761.4598914385278,185.80821080276817
159.8,0.0806900359934229,-0.06921780558865326,0.3727909485137659,-0.019065449543043043,7.153399960590421e-06,1.0472839510421338e-06,2.438138836638651e-06,3.2940383044706384e-06,441.7506723978241,460.977532401992,766.7119774397844,441.7506723978241
160.0,0.07675160791530733,-0.07070270118150383,0.37271727572324964,-0.019051465369620806,2.6240604647677656e-07,4.075419408369162e-08,6.72231987029332e-08,3.20805806636034e-06,194.45260803460243,804.8745985531859,1448.6686152838065,194.45260803460243
160.2,0.0775313653923555,-0.07039742849409165,0.3727824453383425,-0.01847020524216837,2.9516388909489175e-07,4.760749664177423e-08,6.878565801797504e-08,3.2881153631615256e-06,177.94947985147246,821.2719756491449,1427.4528821150961,177.94947985147246
160.3,0.07872290696276017,-0.0699339553825628,0.3728964124112314,-0.017932966288280786,2.803030887666815e-07,4.5385200502513635e-08,6.605676561283513e-08,3.2892694841019157e-06,177.8728561792459,821.3020001943597,1426.3351138660387,177.8728561792459
160.4,0.07876747885236124,-0.06991694793586944,0.372899527881663,-0.0179339632873343,1.4601301465795288e-07,2.483609849454811e-08,3.400335840618652e-08,3.2862173282117847e-06,176.65049052899417,822.4556997276619,1430.3277845224197,176.65049052899417
160.5,0.07987011527342538,-0.06948602942433589,0.37303883114244535,-0.01745365686925345,2.497605353104081e-07,4.071095646274467e-08,5.976435835101709e-08,3.2558333891703194e-06,176.65934491021193,822.440818162961,1430.5625131955874,176.65934491021193
160.6,0.07999781726705672,-0.06943683962624411,0.37325959962295574,-0.01702376171624524,3.123061743275346e-07,5.028075442004218e-08,7.494957653409271e-08,3.2188144286113255e-06,181.52218057194582,817.878223125805,1466.8162580242706,181.52218057194582
160.7,0.0799618409506754,-0.0694475576707301,0.374709658306315,-0.016809743167510393,2.6287429394574064e-07,4.254705738973401e-08,7.132643904087686e-08,3.2490240455831733e-06,224.10422651269084,774.2040311335751,1356.7321634314783,224.10422651269084
160.8,0.07996421990355207,-0.06944610186035673,0.3747036631350001,-0.016808388162520872,1.410571451708362e-07,2.3986376782429557e-08,3.6040095577333313e-08,3.247122676945424e-06,167.79466299862653,831.395120337704,1376.13611531399,167.79466299862653
160.9,0.08113521764922581,-0.06898502921030635,0.37484428448641366,-0.01637400448544574,2.497945210625322e-07,4.106219891397865e-08,6.32033302795976e-08,3.2217279037722824e-06,168.38594336467426,831.0842330621388,1339.6855171982584,168.38594336467426
161.0,0.08113735758979958,-0.06898426275602101,0.37484658723322534,-0.016375148105466288,1.374616998344374e-07,2.370433286103144e-08,3.410039864935586e-08,3.2145361888614116e-06,165.81766237175134,833.4293115194514,1353.5719772154293,165.81766237175134
161.1,0.0817715971344682,-0.06873501463636868,0.3749812655119239,-0.015938467152042758,2.499605168731513e-07,4.114846487633044e-08,6.265715713251859e-08,3.183147068272e-06,165.83886712437226,833.4059991895575,1353.6786789874666,165.83886712437226
161.3,0.08282194253856195,-0.06832178476559346,0.3751019593370301,-0.015512290274643199,2.534344407784468e-07,4.169995605308098e-08,6.33558651214785e-08,3.1458264126837742e-06,165.82815409289955,833.4204931700325,1353.0578493267312,165.82815409289955
161.4,0.08382332623687781,-0.06792787764701011,0.37522483169234155,-0.015337267659790049,1.716891365682379e-07,2.902672749944949e-08,4.3580290928759785e-08,3.1154430586469383e-06,165.8259530329737,833.4224352546518,1353.4047487879739,165.8259530329737
161.5,0.08382256727227502,-0.0679282698248906,0.3752226096825788,-0.015335267910826171,1.1000650326094136e-07,1.9454011638436294e-08,2.7434989483505948e-08,3.1023954640478093e-06,165.84738486279002,833.4000283265058,1353.5976558146149,165.84738486279002
161.6,0.08381838426791961,-0.06792995683886395,0.37522247061868313,-0.015335122623509273,8.099094712849901e-08,1.4941894850775766e-08,2.017758853241769e-08,3.0965317553517427e-06,165.77145266018107,833.7119064834525,1313.339648183884,165.77145266018107
161.7,0.0838200472466545,-0.06792939411511267,0.3752209503055432,-0.015333766128508773,6.401231230036396e-08,1.2292890572639414e-08,1.6057220308888183e-08,3.093201506626394e-06,166.1824190551949,832.2213135665561,1277.6068803373082,166.1824190551949
161.8,0.08366302286284598,-0.06798355571328282,0.3752556942372193,-0.0153640280292145,5.264588948828714e-08,1.0510279572423771e-08,1.3653766800808893e-08,3.091259623190365e-06,169.29686126116067,826.3242121753096,1103.4047374383317,169.29686126116067
161.9,0.08366125783175155,-0.06798396303639137,0.375246261715808,-0.015355529800976306,4.413406974550272e-08,9.134941500769629e-09,1.1560875161559292e-08,3.089569262284358e-06,213.48454228462793,784.4824765897669,1329.7529080552777,213.48454228462793
162.0,0.08458414529679617,-0.06762157939270398,0.37538420522809796,-0.014956661629743294,2.2406019298668403e-07,3.6882008557265644e-08,6.299251385887801e-08,3.066127297236676e-06,213.47849819034303,784.5089646837667,1330.5824164931173,213.47849819034303
162.1,0.08460053810635663,-0.06761545373128965,0.37540015336071086,-0.014964795312192058,1.227653908060438e-07,2.1134462599990502e-08,3.4365659598600975e-08,3.0586842356699295e-06,213.45157715531087,784.4390532731593,1326.1068478711709,213.45157715531087
162.2,0.08460005005599969,-0.06761564772987667,0.3754061493323899,-0.014967852743992465,8.449758607776206e-08,1.517350854528817e-08,2.3621086061451272e-08,3.0558906115508354e-06,214.7721805190968,783.0747514492808,1327.5490370174766,214.7721805190968
162.3,0.08459753209327953,-0.06761679788154967,0.3754014769909369,-0.014965472455692715,6.44283530134622e-08,1.20399670993186e-08,1.7994454616527067e-08,3.0544276638423578e-06,214.7802219998457,783.0693309212313,1327.765442668921,214.7802219998457
162.4,0.08460033608640898,-0.06761593940981953,0.3754065998501622,-0.014968087075417738,5.209321855774934e-08,1.0108246022257972e-08,1.4605665763670925e-08,3.0535465523033775e-06,214.64539312087888,783.0262878098872,1292.8979828009064,214.64539312087888
162.5,0.08460074149589106,-0.06761545689007846,0.3754026267692901,-0.014966057436075174,4.372700383163462e-08,8.79337066867617e-09,1.2323790455251143e-08,3.0529532546244038e-06,214.51577085364335,782.7223098609378,1271.8147370800978,214.51577085364335
162.6,0.08458181980466954,-0.06763021047475738,0.3753805548546796,-0.014954889295999042,4.204368095622696e-08,8.52896725314592e-09,1.1959506258687317e-08,3.0528585480699836e-06,205.55943674607659,775.6701598215304,952.0554973377805,205.55943674607659
162.9,0.08458282501443337,-0.06762989036698328,0.37538111845299654,-0.014955177418883489,3.6599583471286895e-08,7.669113738274602e-09,1.0359427994520123e-08,3.052442483816611e-06,211.13485015020197,788.0210834283811,1294.846972502289,211.13485015020197
163.0,0.08605080863970407,-0.06705919070158371,0.3753722151957648,-0.014508250143862896,2.386647271918796e-07,3.902875886771527e-08,8.241138094589027e-08,3.03954577733866e-06,210.02272263780293,785.2141478638121,955.4573920592562,210.02272263780293
163.2,0.08676591475958545,-0.06677776746213494,0.375475134364395,-0.01410811802594363,2.8254112974449633e-07,4.597144730727953e-08,7.30395066361203e-08,3.022413806732284e-06,176.75045426815643,822.8600182021995,1236.79690454833,176.75045426815643
163.4,0.0867648797741714,-0.06677830864807922,0.3754678696652823,-0.014105360235372842,1.499996794105303e-07,2.5385708552591506e-08,3.8389159687101826e-08,3.0174298543657647e-06,176.72763477107148,822.8811559384711,1237.1952888308706,176.72763477107148
163.5,0.08676998830627973,-0.066776443779692,0.37546946342327353,-0.014105960394113807,1.021814521564803e-07,1.794878277880525e-08,2.6070528095921992e-08,3.0156579828332916e-06,176.7688068084898,822.8310133960421,1232.1547161504027,176.7688068084898
163.6,0.08677179651300906,-0.06677566791279843,0.3754742525376976,-0.014107777661358123,7.759816972972734e-08,1.4120090606309063e-08,1.9696347988199698e-08,3.0147411626885172e-06,175.20391575125385,824.506109591701,1242.581360830127,175.20391575125385
163.8,0.08636261154122316,-0.06696293050976784,0.37522234455432674,-0.01401173739198802,6.330841831948465e-08,1.1890362685007175e-08,1.7270110020970124e-08,3.0143921111851616e-06,170.10165602338418,708.1919537408977,830.2168592568389,170.10165602338418
163.9,0.08636366258326247,-0.06696246976172271,0.37522130089859596,-0.014011342461027646,5.311403292582048e-08,1.0294586810964512e-08,1.4607783568582808e-08,3.0140092274034676e-06,173.39498553529472,826.5012891697087,1055.5671080504908,173.39498553529472
164.0,0.0863632704725453,-0.06696269778692487,0.3752208919007753,-0.014011185780380462,4.575577511964174e-08,9.13873159145869e-09,1.2656547760820501e-08,3.0137286094957717e-06,173.42043009686162,826.4748475031648,1055.6631846297446,173.42043009686162
164.1,0.08640032522911943,-0.06695350833312769,0.3753433207194916,-0.014057486458866847,4.26688936152429e-08,8.658761196908644e-09,1.1987594863324371e-08,3.0136323945870563e-06,155.97184418021317,803.6832997232295,844.2312427879903,155.97184418021317
164.2,0.08711035139023368,-0.06667356772603504,0.3754602072542455,-0.013673481166370988,3.0693730341014064e-07,4.975452095702568e-08,8.184662175856795e-08,3.04892987236215e-06,158.86611525529074,841.1090845477497,1155.0749505307365,158.86611525529074
164.3,0.0879525703351156,-0.06634228333733334,0.3756025239166151,-0.013371625385544981,2.7039855428146416e-07,4.409913728768868e-08,7.29611449015285e-08,3.032941444369678e-06,158.91348867835194,841.0462705707507,1151.0506816327202,158.91348867835194
164.4,0.08854063679604646,-0.06610843945954886,0.3753283603276239,-0.012856027944505606,2.848243058935089e-07,4.64020435866587e-08,9.106907378534438e-08,3.0110827130017103e-06,151.0501899117379,839.046677988464,883.2749223713749,151.0501899117379
164.5,0.08921849200940468,-0.06584281886276108,0.3754013064039104,-0.012479311721678401,3.167262926055087e-07,5.1306268364536745e-08,8.420773999787366e-08,3.0331103076480946e-06,152.5020972284202,847.4846927901553,1124.470560917608,152.5020972284202
164.6,0.08921839050315751,-0.06584292026021141,0.3754028539004402,-0.012479698672567199,1.6338818486012518e-07,2.748499039239634e-08,4.325507823856479e-08,3.0304365414586503e-06,152.50512887536303,847.4823360793248,1124.3567012272943,152.50512887536303
164.7,0.08999768425979748,-0.06553603528708508,0.3755484781338815,-0.012199735076210423,2.720742991308526e-07,4.435911279752366e-08,7.330471872792148e-08,3.0166959444991383e-06,152.5177872968953,847.4686671285883,1123.5149623966208,152.5177872968953
164.8,0.08990709577827685,-0.0655577711807946,0.37505715458748984,-0.011614191661139226,2.8044683537685063e-07,4.571102964469295e-08,8.581531102808603e-08,2.9932909553580964e-06,145.69572207874148,852.5771265420695,942.9821894622164,145.69572207874148
164.9,0.09006824294942882,-0.06549496118139345,0.3751044892318073,-0.011269748973434586,2.8281148604643775e-07,4.582973038937211e-08,1.0074955735901754e-07,3.078313369963402e-06,172.14557460448466,827.6844916693556,963.6732455850988,172.14557460448466
165.0,0.0900677766450394,-0.06549522288821338,0.3751042542740971,-0.01126969089189874,1.4318682447215318e-07,2.4173793226765638e-08,5.1118433049713956e-08,3.0769001739683325e-06,172.05203163112685,827.7631901937802,963.9096759778196,172.05203163112685
165.1,0.09005559438828604,-0.06548098257094362,0.3753781132067596,-0.01132037940243742,9.831013969879077e-08,1.721374358539884e-08,3.492273505381465e-08,3.076439055433931e-06,165.94463852612802,823.5543349538082,927.6040846970568,165.94463852612802
165.3,0.09042746229353997,-0.06534875264217188,0.3756166744103082,-0.011357244935727198,7.455985679808495e-08,1.3531747684242336e-08,2.766601133331745e-08,3.076231243292662e-06,160.2754930174554,728.1718963463773,860.227662684665,160.2754930174554
165.5,0.09042606701145019,-0.06534928246211809,0.37561369288414836,-0.011356746774530786,6.023413458247706e-08,1.1292697130557506e-08,2.131590618244894e-08,3.076049403678102e-06,173.88887664173387,823.6044020094123,1079.293944941708,173.88887664173387
165.8,0.09180610746721815,-0.0648053083272203,0.3757750010253618,-0.011107534004957459,2.516240435435321e-07,4.104743918728025e-08,7.515213775711575e-08,3.063161256557179e-06,173.907870089575,823.5690329365787,1078.5729968243443,173.907870089575
165.9,0.09166904173108398,-0.06485478349286405,0.3761079942328195,-0.01126788284998947,1.432504459749898e-07,2.422419618914986e-08,4.850539043363208e-08,3.05704584092743e-06,154.4130567253705,716.9679512069537,856.945923498737,154.4130567253705
166.0,0.09215544801894746,-0.06466344334900896,0.37617357325032347,-0.010937236312359096,2.8704931724637947e-07,4.663263148917804e-08,9.361882588159865e-08,3.1229941202849138e-06,185.07888168629563,811.3847000502054,1035.1718350315182,185.07888168629563
166.2,0.09312074438841424,-0.06428267684812676,0.37629851314596313,-0.010769968718069511,2.1924578608771748e-07,3.606054656277651e-08,7.060381722376399e-08,3.105925529733027e-06,185.07097325613,811.4058559662886,1035.8180094341674,185.07097325613
166.4,0.09356359688414392,-0.06410802630200194,0.37642568731365034,-0.010508659773503277,2.466479207802011e-07,4.035015090449822e-08,7.969190667734452e-08,3.072682666858965e-06,185.051647371117,811.4014595655675,1034.9021708297005,185.051647371117
166.8,0.09384190569678852,-0.06400172979685612,0.3764607205145879,-0.010525429959633615,1.3469528258336482e-07,2.285799656115751e-08,4.4112471928086674e-08,3.063637062398438e-06,185.93949764849307,809.858720771131,1014.6734736968931,185.93949764849307
166.9,0.09639944135734696,-0.06299528643265506,0.3756673327348741,-0.009690937224033642,3.87671516330627e-07,6.241870358371094e-08,1.3201083715790623e-07,3.0664666578628795e-06,175.87267325087018,802.4081094567099,850.8613850102381,175.87267325087018
167.0,0.09710869677386225,-0.06271697663618585,0.37575442701380346,-0.009388366484264098,3.356076536391386e-07,5.438790884604797e-08,8.346259341377202e-08,3.087046098993033e-06,124.79233982956681,874.8368980218821,1152.5645867274498,124.79233982956681
167.1,0.0983450733540351,-0.06221719599254012,0.3775769628056164,-0.009961564123897707,5.214549154753965e-07,8.337144810841006e-08,1.6450977693233164e-07,3.0880935402065253e-06,114.91223616575115,813.6882177173931,889.0360609004945,114.91223616575115
167.2,0.09882023867648225,-0.062029705802309064,0.37759932982992583,-0.00964712789460055,3.376212654808373e-07,5.536526246525097e-08,8.266809450001504e-08,3.2004080307076905e-06,140.9269611570098,857.6965550988982,1191.7224220077494,140.9269611570098
167.3,0.09998783238121707,-0.06156747915482669,0.37768475071208374,-0.009425003005254845,2.8296157313154446e-07,4.6774633222766885e-08,7.09095751270566e-08,3.1832445690340254e-06,140.90894638639847,857.7186442855158,1192.0736871601375,140.90894638639847
167.4,0.09998533240171051,-0.06156839160206922,0.3776883536151897,-0.009426717500187335,1.555714178238435e-07,2.6721570162624494e-08,3.8437599224386874e-08,3.176713068519132e-06,140.91449192110593,857.7100267069709,1192.700133300842,140.91449192110593
167.5,0.10117476704338801,-0.061098478256135735,0.37786059191628757,-0.009225905123588937,2.765501553189512e-07,4.576252424196633e-08,7.017435687309338e-08,3.1497148058555455e-06,141.0156243691787,857.310580927348,1183.9014122381645,141.0156243691787
167.6,0.10220231824183422,-0.060691444044547085,0.3779747866318822,-0.009004200607631008,2.818626631810405e-07,4.662639644121741e-08,7.538371406288131e-08,3.1158478281341405e-06,141.28112207425914,854.9697864535451,1105.9793125486917,141.28112207425914
167.7,0.10320824400313007,-0.06028703842356262,0.3778423150742478,-0.008676256084813684,4.811560504703894e-07,7.81205836380671e-08,1.3829447366147678e-07,3.098105149262294e-06,129.47248779230785,867.8063464717144,985.6344732106638,129.47248779230785
167.9,0.10320720280657748,-0.060287528395713094,0.37784476148867213,-0.008677374573818002,2.0951216682116408e-07,3.53094642274742e-08,5.7606704187969514e-08,3.07803913914158e-06,126.85541080897167,871.2252616910406,1014.6948313572202,126.85541080897167
168.0,0.10351944718861274,-0.06016060770651213,0.3776138443976818,-0.008566407201705385,1.6667758012523095e-07,2.8564597043542958e-08,4.952768084081704e-08,3.076021552904932e-06,119.3565583713902,591.4868232153855,877.17295372415,119.3565583713902
168.1,0.10402304132174056,-0.059961696793794,0.3776602368587736,-0.008312741829933726,3.229206233081228e-07,5.3052972073627535e-08,1.0381266165830214e-07,3.140744789807712e-06,134.1707530340475,864.7444070179808,927.2622097528651,134.1707530340475
168.2,0.10511439275257682,-0.05952938293120047,0.3777501360630095,-0.008133867522338599,2.760775918980298e-07,4.5682074566045e-08,8.803409032006794e-08,3.1265868955947216e-06,134.1596016567098,864.7657734223925,927.5433703064948,134.1596016567098
168.3,0.10625119020757896,-0.05907911435511333,0.3778433547366125,-0.007941106562445567,2.746295978332394e-07,4.546811629067923e-08,8.756771958491204e-08,3.0972527119884e-06,134.21288828694318,864.7306100847949,927.4305674831407,134.21288828694318
168.4,0.10656561105221415,-0.058962097127352134,0.37704857984293494,-0.007546986121269635,1.5711001890222532e-07,2.6963370366393098e-08,5.379213483780664e-08,3.0892132150441255e-06,130.31020320994236,768.5396796630911,874.6441339932629,130.31020320994236
168.5,0.10656375424629398,-0.058962956900558416,0.37704629531507117,-0.007545739088412041,1.1058402896459232e-07,1.9646544476890327e-08,3.4705726014594634e-08,3.0846711817646537e-06,122.94992886031142,874.6328242149043,1024.7327408599529,122.94992886031142
168.6,0.10848712889540937,-0.05820184487816058,0.3773487641797103,-0.007471195972480616,2.942697520522689e-07,4.8452486330071473e-08,9.158790543319292e-08,3.0670930251256584e-06,117.98288029276478,841.2960857178178,885.3644884748616,117.98288029276478
168.7,0.10849023590198399,-0.05820069743618586,0.377351451966464,-0.0074724333364421,1.661496022652743e-07,2.8362543684848466e-08,4.818919565812537e-08,3.056440527418894e-06,114.13058137624402,883.3362264488318,985.8735576776747,114.13058137624402
168.8,0.10925878671127051,-0.05789770520657781,0.3775061338585623,-0.00732669541364763,2.9530053502728043e-07,4.86667576962063e-08,9.124625293365097e-08,3.0366585771346165e-06,118.46841680086256,846.9556359596728,893.6528230898871,118.46841680086256
168.9,0.10926090350188845,-0.05789698905970185,0.3775031825221402,-0.007325119702262012,1.5521132752869067e-07,2.6534856602025116e-08,5.120478951127485e-08,3.0269969689459126e-06,158.38785195632101,830.6903912425732,868.1538510091123,158.38785195632101
169.0,0.11159653521021078,-0.05697542148342162,0.37846161420318847,-0.0075722341894860455,3.122986091688413e-07,5.116249781313241e-08,1.0786022079275374e-07,3.011960587481647e-06,153.8653493086955,811.7737216098551,841.1264430334837,153.8653493086955
169.1,0.11159230195014663,-0.0569771335670701,0.3784607438438608,-0.007571777551565496,1.5479975285089932e-07,2.633106204301359e-08,5.1167810045341155e-08,2.998525282872289e-06,172.63819394825447,824.0906382088824,1030.6507871487313,172.63819394825447
169.2,0.1150060660632249,-0.055629460840211,0.37705081634623644,-0.0066655609622600556,5.144943095021845e-07,8.327834896001804e-08,1.942088828000236e-07,3.004907150138888e-06,165.00636549405462,742.8953074174349,859.746122455522,165.00636549405462
169.4,0.1141700131791705,-0.055949753474089224,0.37854413041626495,-0.006690012459009512,3.277705679672235e-07,5.3607201753438e-08,1.0533893491066572e-07,3.1179643096769746e-06,147.9650734042281,841.9023490574081,939.2831121179735,147.9650734042281
169.6,0.11506112901380944,-0.05560621022182579,0.3780519066644044,-0.006602547175425478,2.3846941852735064e-07,3.955237612051934e-08,8.422281054586601e-08,3.117508505548646e-06,177.97050441519667,696.4371353512352,833.0937058074194,177.97050441519667
169.8,0.11471665049730916,-0.05574744886541385,0.3770603850358079,-0.006452251642028871,1.5221926573104703e-07,2.5923399172348654e-08,5.666793295001653e-08,3.116900509561955e-06,203.83682848234474,771.7636167327985,835.925412248323,203.83682848234474
170.0,0.11500344347322375,-0.05563531455528717,0.37719322469727173,-0.006468535196557843,1.3739995624369492e-07,2.3613614874231713e-08,5.173645801510038e-08,3.1167881492685087e-06,139.17055128320817,681.4915166769413,865.7616350456008,139.17055128320817
170.3,0.11569588015676797,-0.055361082284577756,0.3788650952588116,-0.0065022469223823655,3.40313467614903e-07,5.56533455593645e-08,1.1408977688821748e-07,3.2437086337042078e-06,141.53295859271373,848.5125239200502,864.3888992149602,141.53295859271373
170.4,0.1156974005389653,-0.05536033425420584,0.3788671544384005,-0.006502783860334792,1.7739854485762157e-07,3.011692026884766e-08,5.265561571303593e-08,3.2425177707218205e-06,128.31917570761556,867.2008758028039,1026.3940278551347,128.31917570761556
170.5,0.11570150688482506,-0.05535884311279101,0.37886613491858645,-0.006502406703788076,1.2015295979077176e-07,2.1134173068527826e-08,3.4237836877764155e-08,3.2421395200323093e-06,128.19235887458134,867.3022209880112,1026.1061334439892,128.19235887458134
170.6,0.11696038924955443,-0.05485698671576208,0.3789519075295755,-0.006353548705250751,2.917779033281515e-07,4.8491426866257185e-08,7.888588527052365e-08,3.2234132424158727e-06,128.2008517322934,867.3093427943735,1026.3831123657872,128.2008517322934
170.7,0.11795458731072041,-0.05446145267112038,0.3790268179041127,-0.006197438927476809,2.9882961941978157e-07,4.965596583969206e-08,8.057081869191827e-08,3.186004510461486e-06,128.32128097853595,867.1950546736625,1026.1739591736832,128.32128097853595
170.9,0.12026438990719036,-0.05354774819659693,0.3811422049273277,-0.0074461239301544324,3.5214879495389447e-07,5.811443060118219e-08,1.0859241836521707e-07,3.1616830330182285e-06,132.8928883578383,843.358625530549,885.325523306982,132.8928883578383
171.0,0.12065370027891792,-0.053391290195838804,0.38118359045736777,-0.007206468939948869,3.6232297355948847e-07,6.064030723698723e-08,1.121117026102196e-07,3.226733718129942e-06,100.97352929235835,856.1623762897384,906.3485697159083,100.97352929235835
171.1,0.12173280467484753,-0.05295955810714879,0.3812784874127023,-0.007059463098505758,3.0447480866232645e-07,5.1380739097400525e-08,9.354845708599251e-08,3.2104119344418963e-06,100.98056059939809,856.0064660997743,906.5432824248879,100.98056059939809
171.2,0.124893133396307,-0.05169431776767794,0.3812474016031842,-0.0068326134936223925,6.781023769662045e-07,1.1152628750300654e-07,1.9503860338685696e-07,3.2023204829049194e-06,86.76954474701266,887.1701386438997,946.0290897898858,86.76954474701266
171.3,0.12488738594491797,-0.05169667579874679,0.3812494870622171,-0.006833554301587055,2.3492921730367266e-07,4.016146548942621e-08,6.573938100339878e-08,3.1702873834966095e-06,118.94647451028169,878.908541925222,1010.525876224154,118.94647451028169
171.4,0.12488716323506746,-0.05169671484795217,0.38124956000124904,-0.00683367380518473,1.4227145163162367e-07,2.523071582618353e-08,3.953061350020105e-08,3.163775336818335e-06,118.96690480592028,878.8971596174102,1010.6314022232268,118.96690480592028
171.5,0.12488905916805128,-0.0516960789959362,0.3812496555229652,-0.006833514307275536,1.0213641727814362e-07,1.875607627220778e-08,2.8262424217611563e-08,3.1609621518489243e-06,118.95259227752896,878.9174437622736,1010.6902748981373,118.95259227752896
171.6,0.12492005053646404,-0.05169547541152149,0.3811114919554443,-0.006745660851142427,8.771004432447624e-08,1.6428579615387412e-08,2.5022055599321932e-08,3.1601382852404234e-06,116.5870016400955,740.1462476925946,891.0736357554791,116.5870016400955
171.7,0.12471889826370376,-0.051774565364640965,0.3810873692662153,-0.006736357344047388,7.121461335632366e-08,1.3781564553377006e-08,2.0605157432506705e-08,3.159021921341715e-06,101.89310766173163,855.2172508096966,898.3766291244714,101.89310766173163
171.8,0.12560034228876804,-0.05142168734060543,0.3811452845282726,-0.006542930337417216,3.400176812425545e-07,5.691146105277813e-08,1.0309393994436254e-07,3.1853819175384457e-06,113.83204176517019,877.3218996807157,912.542176284359,113.83204176517019
171.9,0.12671608610436977,-0.0509751439558049,0.3812230243305395,-0.006398600875415641,2.966151791268987e-07,4.994603530108859e-08,8.981963770896835e-08,3.164791823070021e-06,113.99231065635273,877.1849007424761,912.7953040150577,113.99231065635273
172.0,0.12770874198123758,-0.0505777872399977,0.3812944104137274,-0.006243498913642204,2.9507146584003357e-07,4.9710606577424115e-08,8.937966668787872e-08,3.1323921031653393e-06,113.98052157694146,877.2626611924178,912.9900212658706,113.98052157694146
172.1,0.13101258759010828,-0.049257978518196625,0.38054286835984324,-0.005678723759041007,6.411416981905949e-07,1.053963300737731e-07,1.979611355805048e-07,3.1258305714525907e-06,101.5898855873006,850.4800333212654,900.730282459526,101.5898855873006
172.3,0.131439423207888,-0.04908918398061411,0.3805609688190443,-0.00549596807850405,3.607683610079598e-07,6.026173739747022e-08,8.998961936701926e-08,3.2296385442130042e-06,110.27644187834821,886.7809054639938,1095.031591846016,110.27644187834821
172.4,0.13149820205456966,-0.049072490993790546,0.37993998222114306,-0.005388802102179936,1.8436323851306941e-07,3.2045945258521464e-08,5.0409475281028566e-08,3.228694714985286e-06,100.83333473968811,855.0126379346373,915.6389328503136,100.83333473968811
172.5,0.13236326883530186,-0.04872773210381461,0.3799928173959124,-0.005236413059970898,3.46100023243291e-07,5.773842018741842e-08,8.87402123471014e-08,3.2531190069865553e-06,106.52296883630947,893.1684827129674,1062.2156239040812,106.52296883630947
172.6,0.1324635588472125,-0.04869104362486593,0.37976450386991534,-0.005171037885627267,1.8247285681447827e-07,3.167720883454988e-08,5.0491112777176176e-08,3.25056832014529e-06,91.40617230248107,866.7290220931034,906.850494024248,91.40617230248107
172.7,0.13308151948568697,-0.04844507343732599,0.37981378816968947,-0.005021048218055756,3.2083564720354646e-07,5.352708414224261e-08,9.72211827544532e-08,3.2717450367546257e-06,122.17929305297542,876.3508596543098,965.2799773661267,122.17929305297542
172.8,0.13398918861256323,-0.048083282449866295,0.379866580053208,-0.0049049728535734876,2.808100288100242e-07,4.714339800992748e-08,8.50617636131876e-08,3.246319743355902e-06,122.17543408327467,876.370316114751,965.3586624939393,122.17543408327467
172.9,0.1353711017168313,-0.04753205313742673,0.37992741568568833,-0.004786675472761743,2.795127563601643e-07,4.6945491414410124e-08,8.470638613496693e-08,3.2088153383991525e-06,122.1700916288515,876.3833245204861,965.4527948052596,122.1700916288515
173.0,0.13652116307057138,-0.04706979920937574,0.38083536391061557,-0.005106563838071242,2.79309019891609e-07,4.6946128968099304e-08,1.0551637628056732e-07,3.1759861018455083e-06,117.13169151714291,729.5088434417837,883.5585703715625,117.13169151714291
173.2,0.13691602325731023,-0.04691174402170052,0.38145727366758814,-0.005422430468544857,1.5547384552753291e-07,2.7239982449641053e-08,5.3078517228019764e-08,3.16229070857418e-06,96.9502951968584,899.5946460860229,936.5842153209328,96.9502951968584
173.3,0.1370215685967058,-0.04686314569180339,0.38083531369268714,-0.005118399794555863,1.0616987730059829e-07,1.9316152307272638e-08,3.6326529030387264e-08,3.1579190143901396e-06,133.3677305470187,861.5948783699421,872.5186184811355,133.3677305470187
173.5,0.1374057877811643,-0.04672315990131245,0.3811289020471259,-0.005243836651372322,8.155194033935632e-08,1.5369188241075887e-08,2.7820826178107847e-08,3.155663092979837e-06,122.09249898187295,838.3851596661121,875.9086671616348,122.09249898187295
173.7,0.13827713794044955,-0.04637555525674175,0.38051699922204074,-0.004992746116088362,3.1554624017368226e-07,5.2942111047168715e-08,1.2137097774397133e-07,3.278200337260871e-06,130.99783226007787,797.767911684302,875.1362383817356,130.99783226007787
173.9,0.13827709928647922,-0.04637555466278121,0.38052281541202554,-0.0049935921985124745,1.474666656169751e-07,2.581411721005534e-08,5.094240055716221e-08,3.2767774475774352e-06,174.31221084655502,825.3223611078004,1140.380150187888,174.31221084655502
174.0,0.14066401496093298,-0.04541923940084777,0.3810049389726658,-0.005085914651366886,4.642750917247538e-07,7.644721507940487e-08,1.9209075270438053e-07,3.283191970952492e-06,156.14401506576917,687.2746721683188,842.4326329865614,156.14401506576917
174.1,0.1406642000783242,-0.04541908171616692,0.3810070734568133,-0.005087075094130374,1.8577228992739186e-07,3.189432574387418e-08,6.386905055281673e-08,3.253462070976163e-06,140.18749658839047,858.7686842872201,1045.9607312295204,140.18749658839047
174.2,0.14050227663460893,-0.04548535517209545,0.38069169254093715,-0.004933629101611809,1.512051223817585e-07,2.6379350504616665e-08,5.353773817062286e-08,3.251051534933987e-06,123.60711956448392,749.9233727062799,881.4431407542756,123.60711956448392
174.4,0.18419966246696118,-0.02801160964970914,0.3689697562440721,-0.00265832018662987,1.0600646207302568e-05,1.7002248666020001e-06,3.0795696746045893e-06,3.4204729471383437e-06,66.56300316701271,552.8917508613313,1356.3752486432736,66.56300316701271
174.6,0.2073220106365313,-0.019134289815412493,0.3591784838511789,-0.0010237459827665048,1.8131949531423845e-05,2.790020362179483e-06,3.4639478283666186e-06,3.521093315209973e-06,73.7483104889273,588.6217120455875,1804.8652825966967,73.7483104889273
174.8,0.24359583588791905,-0.005283480501712958,0.3572075640288199,-0.000650392962712934,2.0333392858682448e-05,3.043630713836133e-06,3.445154490941501e-06,3.5931597201497132e-06,136.4970838383469,855.8565457070503,3140.329363951687,136.4970838383469
175.0,0.24785420895363294,-0.0037477210648793127,0.3579169054858632,-0.0007495925828130812,9.878609037555969e-06,1.4380017879088533e-06,1.3694288334964022e-06,3.6082587259660406e-06,235.08544716718623,741.320274662391,3235.3702190621852,235.08544716718623
175.1,0.225589138727528,-0.01210164753853852,0.3597555886867409,-0.0010357703515307712,3.3854709360784963e-06,4.951218298484947e-07,3.822796306423945e-07,3.60890265866942e-06,127.58814116063876,865.349165006437,2959.22375320052,127.58814116063876
175.2,0.21884292872741884,-0.014649867323005553,0.35957861717242257,-0.0009347569498275119,1.5713879623154394e-06,2.369060511326737e-07,1.7402729997815524e-07,3.602016058992664e-06,128.4546109537509,864.9084937638142,3003.7665476209545,128.4546109537509
175.4,0.2072986469443654,-0.018884012763533027,0.3623603582200047,-0.0016815822400515785,1.4897734358430256e-06,2.2509394888112413e-07,1.3333492884132792e-07,3.5958324471930134e-06,124.01762189765071,872.8738976314137,3770.303753673397,124.01762189765071
175.5,0.19931581261064757,-0.021716702845732253,0.36235000618828733,-0.0015976622521349214,3.167449492697775e-07,5.911493348160394e-08,2.564668506043902e-08,3.5643733669861974e-06,129.60138017656863,869.1630194586595,3830.6404577355906,129.60138017656863
175.6,0.1950110872822749,-0.023215558147313468,0.3623722090351993,-0.0015916308520862368,1.6488777150200634e-07,3.6890458711976424e-08,1.29123321974472e-08,3.562915692942389e-06,131.67703681081824,867.5369209560712,3857.1686413213947,131.67703681081824
175.7,0.19210217605884916,-0.02414486157533456,0.36240697795267973,-0.0015866595872696023,1.1180405321062203e-07,2.879659835261673e-08,8.684297577082805e-09,3.5624300277025958e-06,135.47699048379386,863.5422667434573,3786.096922865523,135.47699048379386
175.8,0.18997195615850765,-0.02480385787352401,0.36241555169167033,-0.0015753565781026681,8.51588875057979e-08,2.4533266139673338e-08,6.550900026005635e-09,3.562183201240692e-06,135.99436153537926,863.3394116587378,3761.4415408775703,135.99436153537926
175.9,0.18317320367617995,-0.027285606082380034,0.36445019687957314,-0.0020962737701198273,6.458308501606921e-07,1.050530519553945e-07,5.629493481529637e-08,3.563596983535272e-06,131.15158463531696,867.8492559358957,3760.7853539240723,131.15158463531696
176.0,0.17889168587376977,-0.02886602489557884,0.3635737964295863,-0.001841212483021885,3.4205580830978623e-07,6.11140356649007e-08,2.8854852720566893e-08,3.5613380544373086e-06,137.76999694981046,861.987852564313,3681.083194263966,137.76999694981046
176.2,0.1663110031341373,-0.03359464899639582,0.3629057571380216,-0.0016090856129675497,2.176742835505831e-06,3.2705598813186966e-07,2.8491831602621595e-07,3.593914927067762e-06,126.1541613783251,867.2249378841107,2813.9234859242083,126.1541613783251
176.3,0.15829915423871418,-0.036464291667397696,0.36282873655626047,-0.0015752703783937954,2.913708501638858e-07,5.38653551384088e-08,2.3195663974056427e-08,3.5780863169500855e-06,128.16731761213376,870.8606853088846,3974.0987493793446,128.16731761213376
176.4,0.1517612274820882,-0.03885556181030183,0.3645740034671747,-0.002013464416884297,6.494879239287347e-07,1.0509885063568455e-07,5.489120875838317e-08,3.577750143228048e-06,131.1736456397141,868.2031658971566,3930.9996670070595,131.1736456397141
176.5,0.14354300945069806,-0.04181741331835024,0.36471528354293126,-0.00197060065762316,3.158406543905402e-07,5.7109952177379616e-08,2.4257712335711886e-08,3.571958107837878e-06,129.9998409675978,869.4300784757063,4066.395172113283,129.9998409675978
176.6,0.1355382618197942,-0.04470656023745043,0.3650815486471112,-0.0019947493960329192,3.1438255400695683e-07,5.660784001195847e-08,2.4303987789189414e-08,3.568909954576566e-06,132.65802133143492,866.5877691841052,4059.8506753120455,132.65802133143492
176.8,0.11877319741979103,-0.05091376180246597,0.3657664267457133,-0.0021072902092589448,5.167974137026576e-07,8.61476964150274e-08,4.1958401938970866e-08,3.5675143867356337e-06,129.96497847066055,869.1751974598224,4022.9759731417594,129.96497847066055
176.9,0.11057816099512939,-0.053969295673439915,0.3646666554059443,-0.0017135758605169036,5.296247243118215e-07,8.810234839889796e-08,4.3438579371737546e-08,3.5649772072030666e-06,132.39438213677795,865.9450101256662,3956.4301297654456,132.39438213677795
177.0,0.1027166055855683,-0.056842580704765236,0.36516433123012604,-0.0017878132854196474,3.132145246779761e-07,5.5742616796196566e-08,2.562372066761626e-08,3.5610380191319845e-06,136.92003059930636,862.7910972881439,3841.419151471722,136.92003059930636
177.1,0.09969884196159881,-0.05790988929522164,0.3658325054405204,-0.0019730616678449047,2.068667821185088e-07,4.007269421621365e-08,1.6591103226036856e-08,3.5602974148870935e-06,138.46190830074318,860.8694217303574,3901.7572638400716,138.46190830074318
177.2,0.09869439733972815,-0.05829967414577673,0.36580207026302597,-0.001964775982920497,1.8611822411919823e-07,3.699588711936015e-08,1.5229075514426413e-08,3.5601859028100868e-06,137.69555919731118,855.4393289830119,2965.3807814634315,137.69555919731118
177.3,0.09094073597129251,-0.061132504404897675,0.36601886176533105,-0.001949923636927437,3.107046232153911e-07,5.5249709114708615e-08,2.54135169045156e-08,3.558714305620402e-06,133.83660945683934,865.8120004966022,3873.2293993234407,133.83660945683934
177.4,0.0867743547702307,-0.06259641437286705,0.366093062349079,-0.001962119138346189,1.616750039880288e-07,3.313138619633101e-08,1.2771713237545557e-08,3.5576774245145785e-06,135.73460228297375,863.8909313852567,3900.3135407850837,135.73460228297375
177.5,0.0859941432315457,-0.0629071814734101,0.36604924363071867,-0.0019503895716529403,1.480371949448863e-07,3.1093552923155245e-08,1.1883959663644297e-08,3.5576046034313514e-06,130.30821586860077,864.7002830607004,2920.24327748992,130.30821586860077
177.6,0.08360926125245753,-0.06374882683655818,0.36611804496932393,-0.001965160450570542,9.771162695787466e-08,2.282166602261925e-08,8.367687728778752e-09,3.557313816763919e-06,223.01431434624482,776.902315183198,3530.61571855723,223.01431434624482
177.7,0.07924058925135288,-0.06535475654793721,0.36708162165765734,-0.002168825141257152,1.1532887181651193e-06,1.7810182115952344e-07,1.5051811537398023e-07,3.566801682710733e-06,151.9679012390637,838.2283606107513,2703.3597379719545,151.9679012390637
177.9,0.06500438737920426,-0.07074945890085842,0.36490265531271737,-0.0014678272438459427,8.311696938924764e-07,1.315477599280904e-07,7.288760681956003e-08,3.558407862936185e-06,139.32779260185845,857.5466345935382,3709.423848352497,139.32779260185845
178.0,0.05973724128723933,-0.07265227564515116,0.3654082942425275,-0.0016039317995173597,2.202506432719698e-07,4.043258913456711e-08,1.9781336967955495e-08,3.554087648053545e-06,187.66789381330346,811.7435360498398,3725.200509900717,187.66789381330346
178.1,0.05640069939275398,-0.07381977873217377,0.3653502733453861,-0.001579770457608872,1.2974579502109427e-07,2.6953873541490233e-08,1.1223478768030796e-08,3.553392151181578e-06,163.4412093138833,836.5100704134558,3854.9476624573035,163.4412093138833
178.2,0.05403026379279555,-0.07463098058192925,0.36528993238057067,-0.0015559529050328392,9.222323280473801e-08,2.1240836260660386e-08,7.845012417252818e-09,3.5531172920697506e-06,165.9893561578767,833.9875665785036,3837.3067891808587,165.9893561578767
178.3,0.052179990010705744,-0.07523089479935537,0.3652341540840011,-0.0015326991280213947,7.186928240085201e-08,1.8098565305208512e-08,6.0276591580061116e-09,3.552969094432365e-06,158.1674520519517,841.7906905979551,3843.560830279953,158.1674520519517
178.4,0.050696878233290325,-0.07569605596176206,0.3651907714724706,-0.0015134055985312038,5.886763040154824e-08,1.6026111117479542e-08,4.8986621777916196e-09,3.552876771388978e-06,160.14961218692025,839.8299278944717,3823.5308975745143,160.14961218692025
178.5,0.049377214183516406,-0.07610612174279517,0.3650239090636506,-0.0014594093389867075,4.989603419302378e-08,1.4546124171347976e-08,4.142931170857052e-09,3.5528148088936545e-06,161.0430138674332,837.8309264395032,3724.29174543521,161.0430138674332
178.6,0.04838734278200972,-0.07637125444625661,0.36512060328180185,-0.0014793846111102278,4.289922761772849e-08,1.3287504496146689e-08,3.5924058869469484e-09,3.552769240681847e-06,189.60610011811568,809.8287783615051,3722.566174325533,189.60610011811568
178.7,0.04138610005084287,-0.07894777237734862,0.36480162120051784,-0.0013128695893163177,2.875671021673122e-07,4.8935707413260815e-08,2.6081272674153418e-08,3.533687476662089e-06,161.53546462497653,838.4404314247936,3738.1031669018266,161.53546462497653
178.8,0.03751708393115743,-0.08033979649889429,0.36457849979629015,-0.0012307951453221673,1.496920550714519e-07,2.8603411616874118e-08,1.3343185876946546e-08,3.5321903822190286e-06,166.65101596207083,833.128223199346,3662.0621273722263,166.65101596207083
178.9,0.03551473093415633,-0.08101922954981221,0.3648082569721613,-0.0013040445917358024,1.1489421620660473e-07,2.3422960923158896e-08,1.0262903796565834e-08,3.531828029741962e-06,165.5911793441761,833.4823720336999,3541.9310887697884,165.5911793441761
179.0,0.0349655744772041,-0.08117221006586735,0.3648485160167218,-0.0013141962858548093,1.074252742549334e-07,2.2327610346458754e-08,9.647024846298516e-09,3.5317554594913766e-06,143.03988763850523,851.6893979660153,3067.3183303141795,143.03988763850523
179.1,0.03293922765545568,-0.08186350570501548,0.36468699059766774,-0.0012534785026690988,8.077274908428615e-08,1.8348642437010403e-08,7.098215724414809e-09,3.531455561905241e-06,151.41432717657815,848.452185994882,3723.429784366975,151.41432717657815
179.2,0.031246050680249864,-0.08243330754722324,0.3646581067188486,-0.0012386097423801952,6.486900118320198e-08,1.5927680814735795e-08,5.605185927145123e-09,3.5312800272530647e-06,150.67317876216114,849.0251470354706,3756.3392706501254,150.67317876216114
179.3,0.02984459076440967,-0.08289695236345726,0.36462933853626667,-0.0012241247304567023,5.422554511741697e-08,1.4260511494253149e-08,4.629514533556355e-09,3.5311651956283403e-06,153.69419010671183,846.093458212403,3762.5963606999503,153.69419010671183
179.4,0.026332779109354703,-0.08422025384086662,0.3647374870579941,-0.0012181801296491516,1.0883451517650927e-06,1.6495054821788367e-07,1.331195726939057e-07,3.5256996105082253e-06,150.0288483963893,844.9744496312046,3271.7209560932097,150.0288483963893
179.5,0.020042588823550762,-0.08653679664104075,0.3648924183783884,-0.0012657718043867009,2.498770333826998e-07,4.2726214676917104e-08,1.9752163185898297e-08,3.512517674942785e-06,148.1673312787069,849.153925069386,4321.522265661324,148.1673312787069
179.6,0.016520199048339446,-0.08780431926580794,0.36508274260085183,-0.0013258968855102587,1.4318338333381447e-07,2.713209513975102e-08,1.0626714147594118e-08,3.5114559554504595e-06,140.346120409974,859.3357984328204,4352.839105661087,140.346120409974
179.7,0.014082112305119597,-0.0886626662244375,0.3652265746818585,-0.001370461952897498,1.0073696274124954e-07,2.0870116526128035e-08,7.264999421953372e-09,3.511064500154426e-06,139.0034183807045,860.797694881027,4357.642258775375,139.0034183807045
179.8,0.011372652729378757,-0.08969270225660736,0.36482145240744934,-0.0011520208032393417,8.540188740834473e-07,1.310183064010145e-07,1.1788850635224989e-07,3.4923238070822737e-06,140.9717692920348,843.428167545262,2813.126704956359,140.9717692920348
179.9,0.004821219669843174,-0.09221612208206449,0.3640796792727439,-0.000900440407885914,8.854601985227642e-07,1.3517180919442403e-07,1.0734706209377053e-07,3.4855906433331543e-06,154.70398174902442,837.0997405848931,2786.4060347505165,154.70398174902442
180.0,-0.0023343662455593654,-0.09485822390205889,0.36401669191667857,-0.0008493342795623769,2.94835882244365e-07,4.855688094903453e-08,2.6192212564134708e-08,3.4818433278332293e-06,166.9113559829667,832.9011711352459,3756.226112912451,166.9113559829667
180.1,-0.0043081456198663486,-0.09556381759809199,0.36456800027261355,-0.0010017862348326951,2.1944132608541086e-07,3.75874805353562e-08,1.9361988860664772e-08,3.4813078207125796e-06,158.88117787369453,838.4914840413602,3633.9255447321575,158.88117787369453
180.2,-0.0066723484933409035,-0.09642896964517711,0.36410292879398903,-0.000870127541057237,1.6107972184951958e-07,2.9126447698205644e-08,1.3801545540172762e-08,3.4808723865585665e-06,144.1732328563182,853.8270510438981,3840.744359448841,144.1732328563182
180.3,-0.0094374366652017,-0.09740286439736096,0.3640491924663923,-0.0008517982637909711,1.0864723523662636e-07,2.1460724049578255e-08,9.040216044956464e-09,3.4804990033921223e-06,148.11185422649714,851.3050487696529,3817.3900338963067,148.11185422649714
180.4,-0.011509371899132603,-0.0981074350350825,0.36404282004092037,-0.0008464956927243292,8.224873602392052e-08,1.755855397040953e-08,6.713735240643665e-09,3.480316583155352e-06,147.10165330596718,852.6310873970759,3834.0120298154197,147.10165330596718
180.5,-0.017493517217884513,-0.10033939413631682,0.36317442697816626,-0.00045214024617157853,3.2884320555898574e-07,5.337731459129599e-08,2.864596748861381e-08,3.4479474388729432e-06,144.63836191010068,855.1408931656852,3816.62418918184,144.63836191010068
180.6,-0.02169405315111276,-0.10185315283146441,0.3631073234465585,-0.00042021111142451803,1.6732925039534353e-07,2.986614290389764e-08,1.3803333229945526e-08,3.4453439827361114e-06,141.79946252948162,858.0410183677536,3755.7375358131726,141.79946252948162
180.7,-0.02451805348749427,-0.102855660460911,0.3630414039963755,-0.00038937462318612483,1.1162182131444067e-07,2.16886637924936e-08,9.09780538702644e-09,3.4445183834657005e-06,143.97910471713644,855.9296688768003,3747.586123033724,143.97910471713644
180.8,-0.02665681371480243,-0.10359892623051636,0.3627270540649546,-0.0002545841792445609,8.468222873612109e-08,1.769206954487168e-08,6.8426707399644245e-09,3.444122727931937e-06,144.4186899066014,854.405439477568,3733.905149872526,144.4186899066014
180.9,-0.033222499135573874,-0.10601081678966369,0.36259747170813605,-0.00020710944464970754,2.7456254164795956e-07,4.4232822914914174e-08,2.5826518417714446e-08,3.450435563947964e-06,200.89210674391734,798.5992744452215,3808.214056937667,200.89210674391734
181.0,-0.03900934349712982,-0.1081170780018258,0.3623870727428474,-0.00011097372168780321,2.5868683803735406e-07,4.181679653290174e-08,2.551701011473572e-08,3.4183398251509225e-06,200.46075170821103,798.9174446046605,3777.615182199718,200.46075170821103
181.1,-0.04481133922505871,-0.11028524516523866,0.3600604657678972,0.0006664809811955622,4.641129258800122e-07,7.124567234440998e-08,4.895715193732196e-08,3.406823701509804e-06,202.13213001002015,796.5728172054946,3600.3270018364633,202.13213001002015
181.2,-0.05086856171931455,-0.11248618047016397,0.36009189141453973,0.0006392912652290756,2.5018113950789867e-07,3.958838381951101e-08,2.6653940451659665e-08,3.4116713562509028e-06,246.80629247787715,752.268166321138,3693.259600628794,246.80629247787715
181.3,-0.05672572877606089,-0.11461275511875967,0.36010397296147045,0.0006175898963615927,2.470846537742135e-07,3.901644642907693e-08,2.6584519206038503e-08,3.41922869600859e-06,249.6021941196917,749.4724390598449,3702.054755942251,249.6021941196917
181.4,-0.0599965210682479,-0.1157620148047636,0.3601282816833003,0.0006137380510474823,1.2696769964823465e-07,2.1925844368935233e-08,1.34297152237709e-08,3.418236518918581e-06,247.5103006448856,751.4224588270388,3692.433234970925,247.5103006448856
181.5,-0.06219642649330759,-0.11651281334840995,0.360142478343557,0.0006125018963397513,8.511231532883265e-08,1.5924082018976768e-08,8.96981921457647e-09,3.4179000708009056e-06,250.0319213444167,748.6464576965168,3712.2723399526594,250.0319213444167
181.6,-0.0644043104851124,-0.11732105668097334,0.36050385278129965,0.00047369707502009216,1.0733443038834323e-06,1.5650195404361208e-07,1.4953770803027822e-07,3.4206169543119163e-06,175.41751270757365,820.5667380063944,2915.7887123919168,175.41751270757365
181.7,-0.0691930146918126,-0.11911099943315517,0.359477952972304,0.0008124892411184942,5.187171245749479e-07,7.806479139657919e-08,5.468987970037136e-08,3.410297425134141e-06,151.51638909672909,845.1033087550902,3683.3676061752603,151.51638909672909
181.8,-0.0742841478705739,-0.12096158256384204,0.3593362469609495,0.0008615423517098178,1.9675562610079865e-07,3.2472620609949e-08,1.764898045642448e-08,3.40626738588656e-06,153.07428665652142,846.2738447439449,3844.5635966021573,153.07428665652142
181.9,-0.07743153031936321,-0.12208562959198897,0.35932331344427265,0.0008679608362220232,1.213370941753935e-07,2.1744282403382123e-08,1.0571297606549292e-08,3.4054970854033094e-06,153.23661663975366,846.3252504415491,3797.063179812634,153.23661663975366
182.0,-0.07974429670869891,-0.12289740409091814,0.359314431786135,0.0008729863175457721,8.751386276513661e-08,1.6894660795352454e-08,7.567492973257857e-09,3.4051700402940947e-06,154.85065892808743,844.5567746758369,3757.3951945343897,154.85065892808743
182.1,-0.08148323080934831,-0.12350205266113945,0.3593361536533421,0.0008676037671354377,6.867143406464354e-08,1.4174130865816019e-08,5.899371016299106e-09,3.4049883676257797e-06,152.15087550123226,846.3168488921195,3737.8281031840143,152.15087550123226
182.2,-0.08188973125717819,-0.12365909610123993,0.3593374546108782,0.0008670228283739876,6.581190784219479e-08,1.37563360043658e-08,5.727697983187532e-09,3.4049696884098036e-06,154.80868524093694,829.7889257386148,2488.3582999298606,154.80868524093694
182.3,-0.08308864548143571,-0.12405909406420092,0.3593437227983456,0.0008667955407608337,5.147824309202954e-08,1.14359133296712e-08,4.702005604548294e-09,3.404857584821095e-06,280.33147137876114,717.5157839462305,3800.972970139831,280.33147137876114
182.4,-0.08329563210179791,-0.12411475732909465,0.35932384936800044,0.0008741538304673222,4.9808119848104874e-08,1.118997431997475e-08,4.5644985299156275e-09,3.4048426104709874e-06,170.0516179844327,825.7703383209487,3159.9131044965534,170.0516179844327
182.6,-0.09109078121904259,-0.1270244500835775,0.36049466805324254,0.0005245654135748467,1.5887324773712477e-06,2.2843533257706817e-07,2.2669985342687208e-07,3.4293568204861632e-06,156.0966921841826,832.8286066236253,2706.8953825319477,156.0966921841826
182.7,-0.09771097161569331,-0.12945857911734604,0.3612250677775137,0.00030973611854993795,3.15980413796119e-07,4.8710012398257615e-08,3.2159737740396486e-08,3.4221063763123926e-06,205.1754284693298,793.8393369496863,3631.5583070237253,205.1754284693298
182.8,-0.10178488619085028,-0.1309274067001545,0.36114654790225964,0.00033381829725293596,1.5285225799049736e-07,2.562515408967057e-08,1.4831373139055427e-08,3.420808811152307e-06,177.80338742524214,822.1330264398723,3631.3441198868145,177.80338742524214
182.9,-0.10441581349508522,-0.13185680826124221,0.36112085191191573,0.0003432685036195424,1.0123051703694147e-07,1.8287275901363217e-08,9.639006619199542e-09,3.420419998659456e-06,176.88500160424542,823.0348585218696,3630.8420256980826,176.88500160424542
183.0,-0.10638901322161057,-0.1325324722027739,0.3610761950211986,0.0003581362204995186,7.583343935715869e-08,1.4651221367070065e-08,7.094275213306367e-09,3.4202293755037337e-06,176.91915106333744,822.8164718977253,3720.9820838275677,176.91915106333744
183.1,-0.10712192177939392,-0.1327870351258331,0.3607576950309855,0.00044616438562508653,6.908914072286151e-08,1.368254574044509e-08,6.4517769695424394e-09,3.420181214043262e-06,173.38533417252611,825.2005921712511,3605.7654658712854,173.38533417252611
183.2,-0.11228762016447094,-0.13467102810304693,0.36059334775487095,0.0005017680398058675,2.3286512395236696e-07,3.655149024421768e-08,2.5305935972888422e-08,3.3910535153198545e-06,243.69423428465043,753.9107769544761,3819.7760514087013,243.69423428465043
183.3,-0.11535095862962842,-0.13575933010683658,0.36046013873502186,0.0005594522495250416,1.227511352434532e-07,2.080474382011478e-08,1.2865230144913122e-08,3.3889431693235675e-06,245.31866981356765,752.1660179879244,3843.202894883152,245.31866981356765
183.4,-0.11744501864054044,-0.13648515574823705,0.3603574579690137,0.0006044364797909135,8.327425262451457e-08,1.5125704933544387e-08,8.627417202069105e-09,3.388224272785632e-06,247.565421033216,749.8408144939051,3841.449235543402,247.565421033216
183.5,-0.11901042142671225,-0.1370134607206755,0.3602605351732647,0.0006469726879076633,6.275973115319618e-08,1.214414332302547e-08,6.507109374062693e-09,3.387864664663565e-06,254.41277596934398,743.8227283620994,3791.518977630703,254.41277596934398
183.6,-0.12029483811766963,-0.1374398489126544,0.3602573114033983,0.0006507471978530197,5.026881093078921e-08,1.0305679850263557e-08,5.188435807913144e-09,3.3876411626586215e-06,259.924253037572,739.4750487511825,3906.6293684342863,259.924253037572
183.7,-0.12135829901657712,-0.13778210333566457,0.3602598992409746,0.0006521628354394433,4.191944819766362e-08,9.063623787906848e-09,4.3169027229512414e-09,3.387493444500757e-06,260.3777320423567,739.0819443875607,3893.7018102105612,260.3777320423567
183.8,-0.12228626025784603,-0.13807487027298282,0.36025795320035264,0.0006553780890307025,3.590932304051533e-08,8.16131195921954e-09,3.692870984339876e-09,3.3873876401725715e-06,259.25624097125575,740.0625543461065,3919.200511569169,259.25624097125575
183.9,-0.12248892842846844,-0.13812849787606948,0.36027260304091885,0.0006503072721685994,3.497600950948932e-08,8.033956300333903e-09,3.6072676069276965e-09,3.3873731150793576e-06,175.31411695106883,819.2903715033156,2912.7727372970758,175.31411695106883
184.0,-0.12278006485498637,-0.13822309241192435,0.3602078211571522,0.0006776301121570225,3.368520904308093e-08,7.85942506974415e-09,3.457238787385679e-09,3.3873476980957547e-06,165.6042014997575,830.1624693297581,3530.943040271364,165.6042014997575
184.1,-0.12975104251516814,-0.14079815680465052,0.3604594350322124,0.0005887176999482951,2.8466820117186654e-07,4.3897531110101233e-08,2.5266562893879742e-08,3.3977593276023936e-06,172.26079451698743,827.6052378496489,3892.211783532329,172.26079451698743
184.2,-0.1312907382199817,-0.14137087941278823,0.3593417985556919,0.0009348897013552464,1.7225488882785547e-06,2.482800409508137e-07,2.6415465941957666e-07,3.4126635658836623e-06,160.53809917664054,825.2355997253085,2964.889692822001,160.53809917664054
184.3,-0.13790911860589328,-0.14381826217701568,0.3595849835041249,0.0008572493157874932,2.538386272089167e-07,3.9601599728610714e-08,2.3831242463699268e-08,3.3869874455599883e-06,166.5982089316342,831.7368928155179,3823.086496809984,166.5982089316342
184.4,-0.1396097574679934,-0.14444554403206278,0.3596558727281714,0.000834620022261539,2.0263887435989886e-07,3.231384511167754e-08,1.889630478938257e-08,3.3864601422801114e-06,168.4622224140361,829.0190311106303,3730.4749546242256,168.4622224140361
184.5,-0.14014577886032395,-0.14464287965968298,0.3596555621415496,0.000834908454214526,1.9207562452651424e-07,3.0810186848153065e-08,1.8234526398803293e-08,3.3863893997519608e-06,162.41969600784944,807.8594388362302,2252.934537254683,162.41969600784944
184.7,-0.15525957536204443,-0.1502112014112545,0.3585977602754032,0.001059263325236449,2.948157832531891e-07,4.502560224392331e-08,2.797976795477077e-08,3.4153092972794416e-06,188.63732327472928,811.2844083546757,3737.1041726849708,188.63732327472928
184.8,-0.15734174927666164,-0.1509696469887578,0.3587342740653852,0.0010280666868480953,2.189742490290034e-07,3.4302717902647104e-08,2.1027688922659633e-08,3.4149265573461436e-06,179.24335911018568,815.5041619395959,3419.24448730989,179.24335911018568
184.9,-0.16071487571653484,-0.15217683793189485,0.35876755927701076,0.0010223711192735383,1.2736545101911698e-07,2.136496186179133e-08,1.1508592989599378e-08,3.4144023168456055e-06,169.08199208977874,830.2727218625964,3934.658040772679,169.08199208977874
185.0,-0.16140886347334263,-0.15243537586790987,0.3589526028406009,0.0009790304640780016,1.1560715268774985e-07,1.9697693580469158e-08,1.045324188235625e-08,3.4143442036312733e-06,171.70978999454275,823.0093372786234,3628.471764219335,171.70978999454275
185.1,-0.1683920541936828,-0.15501512406715537,0.3574757131172269,0.0014342736989975038,5.050628804339169e-07,7.458528774577695e-08,4.9266535349848835e-08,3.406520971437647e-06,156.5597107475337,834.7602348798828,3611.8557398754947,156.5597107475337
185.2,-0.1720196625280174,-0.1563558911045171,0.35712366543988144,0.0015508889396082326,2.690462818893094e-07,4.1323383188407205e-08,2.4721588583405337e-08,3.403863507229273e-06,162.55458655720128,831.4242896178838,3638.8425138863176,162.55458655720128
185.3,-0.1751206367433109,-0.1574745554106192,0.35727268885528596,0.0015035868582249595,1.3436269587677466e-07,2.2108712645288463e-08,1.3040891089718738e-08,3.4026003941667496e-06,220.1352667490548,777.3139513833261,3626.126514003574,220.1352667490548
185.4,-0.17720853392781014,-0.1582170284360595,0.35739629472116335,0.0014645015800827843,8.971687352315923e-08,1.5717866998071673e-08,8.833833549181749e-09,3.4021453158837215e-06,221.04898219070785,776.7315682761732,3664.9413428241674,221.04898219070785
185.5,-0.17758114727626656,-0.15834661182684207,0.35736370711516974,0.001475622329053028,8.617767128139582e-08,1.5221730630672402e-08,8.553504688095621e-09,3.4021149587310634e-06,172.71709344907416,812.0580626829764,2625.742981738352,172.71709344907416
185.6,-0.1792009113563395,-0.15890427741824706,0.35738779565570955,0.0014696451336406705,6.468880459561335e-08,1.2082532358873441e-08,6.447059205824017e-09,3.4018866446147497e-06,250.6068852337791,748.4098139290645,3826.6534146559416,250.6068852337791
185.7,-0.18045393476258142,-0.15932011832028903,0.3574122386279806,0.0014637188427957769,5.165144166952647e-08,1.0167166572903182e-08,5.166186950624783e-09,3.4017478646745588e-06,250.65190004927064,747.8074044178579,3858.740466405376,250.65190004927064
185.8,-0.18154571226921984,-0.15968255535143314,0.35744282692839896,0.001455493748854822,4.291131530364304e-08,8.86628476025446e-09,4.307842898396855e-09,3.4016548497938494e-06,258.19176066954674,740.4003307593381,3869.7001235315756,258.19176066954674
185.9,-0.18238667788751134,-0.15994853589030736,0.35743765383330806,0.001459129674700904,3.666393489963406e-08,7.925956307051444e-09,3.7043299810202914e-09,3.4015893550708117e-06,261.5040356459014,737.5667309582869,3785.5602457062932,261.5040356459014
186.0,-0.1864765104659199,-0.16142708375718523,0.35729127156820467,0.0014940336867734804,2.123002886059643e-07,3.2260914674025236e-08,2.4656241126366407e-08,3.3568536118706905e-06,252.34080321791532,746.799301282474,3794.8685562879373,252.34080321791532
186.1,-0.19148247782098596,-0.16324288156969638,0.35713875274422824,0.0014944368849426901,2.3812825793332004e-07,3.578351346782587e-08,2.5681753232668197e-08,3.3447323468525e-06,252.2854810651603,747.0375504404406,3803.627550714232,252.2854810651603
186.2,-0.19328405071843288,-0.16390328976095897,0.35656973219654453,0.0016817037507578388,1.7186677905973115e-07,2.6572518484499088e-08,1.8064310121295004e-08,3.3439073031464365e-06,227.6550010539167,771.7318669587723,3835.724921645922,227.6550010539167
186.3,-0.19589662550541273,-0.16481691648447383,0.3566371568158814,0.001660334748780997,1.0644446059761369e-07,1.751871530522877e-08,1.0812845900533657e-08,3.343121925153595e-06,201.05058837326382,796.6651972806388,3726.9863106058815,201.05058837326382
186.4,-0.19783531077322786,-0.16548549751525385,0.3566718746247541,0.0016496922033591987,7.696796445234093e-08,1.3419812970262321e-08,7.724107922976104e-09,3.342787377897026e-06,203.739014897224,794.2773722885826,3712.3144045115573,203.739014897224
186.5,-0.1993734407661513,-0.16600808589053992,0.3566798774120934,0.0016478256756156304,6.018243281777462e-08,1.1074471107280286e-08,6.006600948332371e-09,3.342601338111536e-06,203.61765144011355,794.2178317923305,3716.4684658204987,203.61765144011355
186.6,-0.19967912388876757,-0.166114608059571,0.3567129970350265,0.0016370289585202953,5.812082118888969e-08,1.0793044542073103e-08,5.82107359484736e-09,3.3425812400497235e-06,164.60268296507115,824.0863175264425,2905.4905341871754,164.60268296507115
186.7,-0.20003349115838076,-0.16623510258369348,0.35675513770491973,0.0016233353775108763,5.5521776507132384e-08,1.0443182158312436e-08,5.557704479781754e-09,3.3425526919547315e-06,147.3603073759464,845.375975394021,3245.666089387493,147.3603073759464
186.8,-0.20031112505951845,-0.16632751237118706,0.3567113482716126,0.0016379206287284811,5.3912550767815994e-08,1.0221985081408908e-08,5.433720552965507e-09,3.342539253783079e-06,165.74981651414254,810.518683071627,2461.1931005735073,165.74981651414254
186.9,-0.20524240378721606,-0.1681091465758987,0.3567825083495626,0.0015666204469920592,2.4596464529394206e-07,3.667894062174617e-08,3.010392974537323e-08,3.356079452409359e-06,240.91860434478315,750.5183237005858,3316.221321386596,240.91860434478315
187.0,-0.2074542181308745,-0.16892233946317814,0.3546277959254098,0.0022131894208012003,1.321436536192994e-06,1.863675766253236e-07,2.0824950157641976e-07,3.3668531418787396e-06,160.93867274176228,822.5085412293465,2550.6663832452437,160.93867274176228
187.1,-0.21308605803990224,-0.1709763164221458,0.35487714679621946,0.0021346649098287042,2.3225542499573134e-07,3.4982711366713935e-08,2.3895721140802397e-08,3.347658998262077e-06,199.985615447966,798.0952142237917,3722.3628774085114,199.985615447966
187.2,-0.21617702169122355,-0.172084137042246,0.3550521406798028,0.002079665023599508,1.2665617920545105e-07,2.0281874613174283e-08,1.2673485545942512e-08,3.346490867046959e-06,200.45166190769535,798.0696730403938,3722.7599951832344,200.45166190769535
187.3,-0.22123218052121066,-0.1739146446004692,0.3555367218124625,0.0017605630369231398,2.3217999254947168e-07,3.460884849608084e-08,2.5281359046541408e-08,3.3046738343931555e-06,199.63862767718294,798.5046180149378,3714.4935556025202,199.63862767718294
187.4,-0.2234215975359162,-0.17470659587708282,0.356456629650108,0.001272689303610448,1.6286479144823732e-07,2.5074175030633485e-08,1.723513150079653e-08,3.302398397137096e-06,190.46267990760256,806.52053382271,3592.740944574889,190.46267990760256
187.5,-0.2259169790865439,-0.17560048918210858,0.3564701092146086,0.0012673146088609986,1.0151934737232878e-07,1.6541856615537464e-08,1.0525194040894946e-08,3.3005007646349446e-06,228.92918660128035,767.5699277942973,3735.3820200811306,228.92918660128035
187.6,-0.2277594546935785,-0.17624984712099717,0.3565029996501603,0.0012513984855683652,7.342394763709587e-08,1.2618954330821336e-08,7.574572667453572e-09,3.299666342295894e-06,231.69820190444585,765.3092893713088,3734.0365721544295,231.69820190444585
187.7,-0.2290330237926525,-0.1767021387516867,0.3567599165177051,0.0011157621431777353,6.018450621742687e-08,1.0776174060571696e-08,6.180722085539225e-09,3.2992722098790184e-06,217.25898147657082,780.5887044400617,3690.808519604837,217.25898147657082
187.8,-0.229697062436382,-0.17692238471186256,0.3565796457697852,0.0012125365779568965,5.507326906723916e-08,1.007253892685852e-08,5.5908551809343145e-09,3.2991053519214528e-06,191.932437904841,807.6824200189642,3788.121717843773,191.932437904841
187.9,-0.23092988700056669,-0.1773264927596217,0.35668347059081057,0.0011590901799678967,4.682232262755731e-08,8.973951468169368e-09,4.663721785832492e-09,3.2988430879099597e-06,146.2435985981041,853.4338315507027,3543.0730063638016,146.2435985981041
188.0,-0.23121858710905654,-0.1774130522823925,0.356673406378062,0.0011650495863023483,4.533964105897625e-08,8.776605115838966e-09,4.523172069111598e-09,3.2988033361404634e-06,141.94572984648988,855.0241547467633,2982.825145565975,141.94572984648988
188.1,-0.2389647690955259,-0.18023993017652473,0.3572076098137649,0.0009859181825215382,3.498593017629809e-07,5.137929650904019e-08,3.602576852476782e-08,3.3151018253609944e-06,147.87619860240045,850.379348972799,3176.553731074624,147.87619860240045
188.2,-0.24610974640398112,-0.1828636931714761,0.3573881198618997,0.0009069968580271379,3.053547881893537e-07,4.5367447252680475e-08,2.903693599679353e-08,3.328398995595184e-06,144.0890646492232,855.4132584692924,3379.7901679642273,144.0890646492232
188.3,-0.24850893753118705,-0.18373776838924205,0.357060258957451,0.0009950045119345484,2.3248550441869054e-07,3.521266817785646e-08,2.2364272351762144e-08,3.3279233825885395e-06,143.7176395761829,854.8887474192679,3096.9114425021844,143.7176395761829
188.4,-0.25588273836143793,-0.18645356833228163,0.35696000283244106,0.0009907374732713104,2.9808915473829143e-07,4.429826055365749e-08,2.890015806866611e-08,3.3413262824864285e-06,144.40679162645299,855.1104049937774,3395.073798000686,144.40679162645299
188.5,-0.2600212006499774,-0.187962290709391,0.3569066231572798,0.0010058870904681458,1.544423636242289e-07,2.429165046863961e-08,1.459284384741271e-08,3.3402977303124133e-06,142.68451258845,856.7020404750664,3393.6458595509603,142.68451258845
188.6,-0.2627772723022048,-0.18895410888419648,0.35687257119098936,0.0010158796970237325,1.0461815426970831e-07,1.7341890989961097e-08,9.762347244634295e-09,3.3399504469458383e-06,141.2330094703423,858.0534652340465,3391.8634241847085,141.2330094703423
188.7,-0.2687607919769325,-0.19114999914034178,0.35708441392045376,0.0008728714228415522,2.588980422339678e-07,3.876597987850061e-08,2.7082688490736037e-08,3.299731397624159e-06,140.27833171256302,858.8662628524554,3432.555068504301,140.27833171256302
188.8,-0.2725254062064257,-0.19251944056487572,0.3571724246402741,0.0008274923270701933,1.4342331327342753e-07,2.2690936487519733e-08,1.4061778752008188e-08,3.2960556376996877e-06,141.33349803523845,857.5746975557381,3421.072520181562,141.33349803523845
188.9,-0.2751071396258993,-0.1934486130573474,0.35717779718991555,0.0008259001144519791,9.931476562843963e-08,1.65384634886648e-08,9.498439695832179e-09,3.2947673489252746e-06,141.12996023973034,857.5814709951927,3418.215982587003,141.12996023973034
189.0,-0.28172043751185744,-0.19588691319114698,0.35712031626859403,0.0008311057618908392,2.608355552810786e-07,3.9042783488236535e-08,2.622890610202282e-08,3.2545533068353002e-06,139.24357139396398,860.1037097909245,3551.497130014931,139.24357139396398
189.1,-0.28306852958759066,-0.19639275589579425,0.3570909790104538,0.0008466058687802862,2.2461585873767924e-07,3.399539744407032e-08,2.2512895950942927e-08,3.2535064555908682e-06,139.4568928501545,855.0063874446686,3064.8353390331513,139.4568928501545
189.2,-0.2892151850633957,-0.19864863479725786,0.35689068016771336,0.0009260336013739658,2.6054430418872553e-07,3.893612687959788e-08,2.4929844962185173e-08,3.2118757674928817e-06,145.25757507616933,853.9034215262201,3761.162305367583,145.25757507616933
189.3,-0.2914341143098126,-0.1994594260619901,0.35674994641716945,0.0010002427752636137,2.5152080075658847e-07,3.767272351780961e-08,2.416977144306947e-08,3.2116673889821376e-06,175.4318050282244,822.1856683032448,3058.643168238049,175.4318050282244
189.4,-0.3723994082127749,-0.2296244758458708,0.3539727855057354,0.0013686313944720227,1.0171194802871897e-05,1.4152457175897437e-06,1.975339658251925e-06,3.3691975982736495e-06,296.4567324962192,687.4988217641653,3349.5399647483255,296.4567324962192
189.6,-0.33340928920506785,-0.2150926610889938,0.3490613597863147,0.0020703715967470763,7.895461107088267e-06,1.0989869645164838e-06,1.8461444601996526e-06,3.366550333885539e-06,366.99486795408325,584.1537122915888,679.2388168175231,366.99486795408325
189.9,-0.296730471699969,-0.2014278487305686,0.3499554512519797,0.0019414736036664944,6.424061284278208e-06,8.945367400467286e-07,1.719233116556874e-06,3.3639501717379238e-06,303.0949901976804,577.5824845275913,689.8697431217224,303.0949901976804
190.1,-0.29723466463062953,-0.20162445565168918,0.34987071426891414,0.001953901961189436,2.990529402095873e-07,4.404147656506381e-08,1.1669547141382629e-07,3.3311193955521286e-06,165.65669093665772,798.1472300051516,835.6871576502515,165.65669093665772
190.2,-0.29597275675412543,-0.20117763922833007,0.34991410992037264,0.0018847023220307333,2.8493246225976376e-07,4.046657597805931e-08,8.66401097557428e-08,3.3491261394549815e-06,187.44315684667143,809.9466507100152,1095.0743299509113,187.44315684667143
190.3,-0.2958603900020459,-0.20113958157366424,0.3498750994001384,0.0018945726030928807,1.4856362911700933e-07,2.2266031215466404e-08,4.458570073648966e-08,3.34630819151634e-06,180.4875297984888,815.9096285495876,1092.5577527333392,180.4875297984888
190.4,-0.2946756949335386,-0.2007080119989741,0.3498418879505294,0.0018552926791308164,2.5461570439239703e-07,3.6349150010938324e-08,7.530443044573126e-08,3.3178952316614584e-06,179.46811284385097,816.9659429227465,1092.531102826639,179.46811284385097
190.5,-0.2938535083236819,-0.20040993038193722,0.34981191101369524,0.0018127540393599619,2.570894205888064e-07,3.664163028367759e-08,7.634848300455796e-08,3.2743082676562584e-06,181.4032603819945,814.8116668041641,1092.4676130191624,181.4032603819945
190.6,-0.29329281649925526,-0.20020583071351442,0.34979886250234027,0.0017627942915557145,2.5737677188819497e-07,3.6657396451206857e-08,7.64604755046455e-08,3.231616856127178e-06,180.43213402693183,815.8044598508276,1091.0987055580326,180.43213402693183
190.7,-0.2923420219868892,-0.19986107862936908,0.3497472303353955,0.0017347054335588776,2.569733602933497e-07,3.6576902342724035e-08,7.646155733136683e-08,3.191271083354699e-06,181.5581344435025,814.5932087224269,1091.0977358153907,181.5581344435025
190.8,-0.2900567041099243,-0.19902533907845749,0.34716610299924194,0.0029990196401955124,5.858156280323484e-07,8.037195446925111e-08,1.7410904385870288e-07,3.1787624328962422e-06,161.69255944976328,825.6221200826709,1073.0738377560651,161.69255944976328
190.9,-0.29030316705151044,-0.1991399415764358,0.3460020690989456,0.0035904876092858343,3.7927708116125897e-07,5.288247040695678e-08,1.0878837468426769e-07,3.1617595701203524e-06,171.45446789798615,826.7681934549914,1138.645579969789,171.45446789798615
191.1,-0.29017894581940806,-0.19909620057653815,0.3460085241138108,0.0035870298972328573,1.6981440528948346e-07,2.4975621477318825e-08,4.673763449462222e-08,3.145604588478021e-06,179.3212579339068,820.2731873126736,1220.1260412789675,179.3212579339068
191.2,-0.2888969750118321,-0.19863715921114614,0.3459687066450579,0.0034984600591722085,2.531064512156077e-07,3.535207896558779e-08,6.850272217007446e-08,3.115713645075572e-06,178.35951713069454,821.237685338393,1222.6090526239573,178.35951713069454
191.3,-0.28830698798675736,-0.19842906950510492,0.34535750671425636,0.0036983376711222254,2.5541658842313833e-07,3.5552880694015005e-08,6.703707541266487e-08,3.081841421343746e-06,178.31173585233464,820.9768126330413,1267.1238988099326,178.31173585233464
191.4,-0.2874741388165555,-0.19813044535586885,0.3453290863612125,0.0036027265409387657,2.5733004981875735e-07,3.567545572543344e-08,6.155837172306984e-08,3.049009021183787e-06,175.97230224838586,821.9730876610765,1400.329014285671,175.97230224838586
191.5,-0.2871096417598922,-0.19800070654827046,0.34528874284862715,0.003516594151735017,2.566616524919743e-07,3.5546600724704904e-08,6.144052142913714e-08,3.0193585271474585e-06,176.32294865686723,821.6305044927132,1400.3718513421509,176.32294865686723
191.6,-0.2871054390511398,-0.19799930106967595,0.345289122907529,0.003516397980791749,1.4039491093485922e-07,2.048012862096111e-08,3.304625210275829e-08,3.0125655527979594e-06,175.95386795991382,821.990590463021,1400.5631758381517,175.95386795991382
191.7,-0.286137037596389,-0.19765253572368985,0.3452482139746422,0.003433723218028298,2.5313210852425994e-07,3.504299701298978e-08,6.078240526430072e-08,2.991327773138172e-06,176.32959750677603,821.6275328531157,1400.8397073714682,176.32959750677603
191.9,-0.2858701504973915,-0.19755847061348467,0.3457314500022997,0.003199040075186896,1.9473588400386256e-07,2.748904574955081e-08,4.7766086596037166e-08,2.988263390511247e-06,169.08407820808188,820.6499918276523,1216.8699874901552,169.08407820808188
192.0,-0.2858396493397804,-0.19755199101423448,0.34531898284830953,0.003398773504657356,1.1861712877245558e-07,1.758557788661576e-08,3.01436420882853e-08,2.9841156699231e-06,192.517260562198,798.2676061941775,1233.2195506145833,192.517260562198
192.1,-0.2840010435487769,-0.19687256241507992,0.34399445263132955,0.003939487485526587,6.151307182814866e-07,8.182896793088481e-08,1.8151264328290844e-07,2.9929552480431142e-06,181.89101792699358,804.7891696445452,1190.5684884039445,181.89101792699358
192.3,-0.28363278558611527,-0.19674095316758536,0.34398330891155887,0.0038144839692566134,2.946914114076342e-07,4.01984961073676e-08,6.676376174045724e-08,3.107450552299155e-06,179.89468763138163,816.6619650897508,1482.0502897198437,179.89468763138163
192.4,-0.2836412785291555,-0.19674373591094496,0.34398495205177637,0.0038140629628431923,1.488719548214175e-07,2.146368438173937e-08,3.3596949871149405e-08,3.1067622854183114e-06,178.98103634667336,817.6161257927845,1482.1109314943421,178.98103634667336
192.5,-0.2836446938794189,-0.19674563627612413,0.3439821825104324,0.003814940627626985,9.951838467320409e-08,1.5109839479689094e-08,2.2448909486047257e-08,3.106526235068268e-06,179.43560140397483,817.1885600202659,1481.603345817382,179.43560140397483
192.6,-0.2826736324334059,-0.19639801206834123,0.3439520766833216,0.0037192844998409423,2.45840547427377e-07,3.387169227332627e-08,5.7736298557019954e-08,3.088648897518965e-06,178.0057848522459,818.6930178314964,1481.5408047096016,178.0057848522459
192.7,-0.28210986175315017,-0.19619683501667376,0.3439192482026715,0.0036259749486853197,2.4990716194755375e-07,3.436583434118778e-08,5.848990260020683e-08,3.05778766579221e-06,179.4433046741953,817.1826806008862,1481.698384798985,179.4433046741953
192.8,-0.28211024991394723,-0.19619695990320318,0.3439144346278545,0.0036283367706698598,1.363116131840985e-07,1.977590208437349e-08,3.136662690298294e-08,3.0511879214742582e-06,178.02846540526775,818.6697179633027,1481.782210285947,178.02846540526775
192.9,-0.2820666759030967,-0.19618987183761594,0.3435794162907573,0.003798889037224053,9.400479001857946e-08,1.433107010903438e-08,2.129023764588773e-08,3.048731402798682e-06,178.04100835414278,818.0831201489373,1512.8941029027137,178.04100835414278
193.0,-0.28128543696735553,-0.19591025122331263,0.3435523371871045,0.0037000799726633724,2.4367837762888793e-07,3.345203291016153e-08,5.760924618156425e-08,3.0275879622544536e-06,177.99398811770322,818.4617499092094,1486.476662654436,177.99398811770322
193.1,-0.2803238001376923,-0.19556659288353676,0.3437626953073654,0.0034902570130825625,2.479682523797592e-07,3.3977835072332146e-08,5.7486876809841005e-08,2.9990935564491178e-06,179.37533675895938,816.469299561213,1513.7725728771663,179.37533675895938
193.2,-0.28016711064885264,-0.1955067592364912,0.34370006079383075,0.003518367309811437,1.3444792034900075e-07,1.9424945396635277e-08,3.092157169747282e-08,2.9928120114128566e-06,181.40926616559383,813.8810423592208,1500.2153197470916,181.40926616559383
193.3,-0.2790303338186114,-0.19510085218645742,0.3441344992976994,0.003125062246656675,2.7905116586473614e-07,3.797247746855237e-08,6.928324690377401e-08,2.9730452299148187e-06,171.48663169751595,822.6714372732474,1473.8333663892995,171.48663169751595
193.4,-0.2783193620175161,-0.19484655009615462,0.3440876688387093,0.0030442946248716764,2.874201437873544e-07,3.913080455285514e-08,6.585871458570912e-08,2.992946920385896e-06,178.96608509291826,817.1385526776071,1458.995611394341,178.96608509291826
193.5,-0.2774474293711684,-0.19453508612680234,0.34407870192790413,0.002965972581333002,2.542927328880681e-07,3.485270593499702e-08,5.9336783430813236e-08,2.976745297825236e-06,180.20453553717692,815.7540124525835,1461.8516103493075,180.20453553717692
193.7,-0.2774514437776074,-0.194537509593071,0.34407377118752003,0.002968901002057244,1.3856701450398074e-07,1.9973206667842352e-08,3.175482467977702e-08,2.971198041224085e-06,180.16237569993544,815.7365564205312,1468.4174803470482,180.16237569993544
193.8,-0.2769254009126133,-0.1943487017183858,0.34404764074289623,0.0029341734388616493,1.461388493863772e-07,2.0930333332992223e-08,3.541803904939725e-08,2.9529471565463173e-06,179.02708760026846,816.8878078976958,1467.5536018803118,179.02708760026846
193.9,-0.2769312288585411,-0.1943515575247128,0.34404669534224214,0.0029356503926630927,9.877918195724719e-08,1.4831708032260143e-08,2.3309248152494217e-08,2.9407854370570217e-06,180.11774814076816,815.7263271641249,1471.4424518354417,180.11774814076816
194.0,-0.2769322573976883,-0.19435199952600396,0.344044954648529,0.0029374424342773248,7.46826446059252e-08,1.1722367098657769e-08,1.7399336935173684e-08,2.934847596960165e-06,179.0540724713323,816.9320321215541,1461.8657502158808,179.0540724713323
194.1,-0.276865103946806,-0.19434292907098755,0.3437888428242419,0.0032046333268965564,6.284060145554912e-08,1.0194688139978904e-08,1.4438696177414067e-08,2.9318676451800077e-06,170.19219970955857,817.6184994709552,1428.8518122629248,170.19219970955857
194.2,-0.2768636194988282,-0.19434354371057233,0.3437611601316232,0.0032331622726154588,5.192324313980558e-08,8.780129812404404e-09,1.1827945802755545e-08,2.9292378777251287e-06,174.97638338760171,820.0613984700475,1533.554622855649,174.97638338760171
194.3,-0.2765590318119595,-0.1942349949933716,0.3438071201800137,0.003116329053956923,2.418126437100734e-07,3.3094052277689225e-08,5.473156300037373e-08,2.9106029142802103e-06,175.76000491427033,818.1170648496076,1573.269092147675,175.76000491427033
194.4,-0.2755962593001161,-0.1938901387606638,0.3437772518704041,0.003042550755495803,2.477240382758015e-07,3.3855041190919934e-08,5.568949473877661e-08,2.888235774453356e-06,173.9446603045435,820.0938416152644,1568.8008439067876,173.9446603045435
194.5,-0.27445171878623714,-0.19348119934803126,0.34375623380373815,0.002968036703843408,2.47530200049875e-07,3.381139487332243e-08,5.5700345182133375e-08,2.867561166854548e-06,175.809625960941,818.124637494105,1568.9731842269236,175.809625960941
194.7,-0.2738467930206449,-0.19326557565809177,0.3437263451152632,0.002900271172906618,2.4750878927487063e-07,3.378953949614491e-08,5.568757944144546e-08,2.8481046368774014e-06,175.81830245132713,818.1223773664847,1569.3717534659309,175.81830245132713
194.8,-0.27393185630768724,-0.19329572711239376,0.3439260642318176,0.0028080712718655714,1.348939382625427e-07,1.934694688571732e-08,2.9589527732298513e-08,2.84254815447655e-06,173.98249140335963,819.5628107561128,1591.2784361035779,173.98249140335963
194.9,-0.27389408253231573,-0.19328330346826353,0.3438222611269214,0.002856581806435904,9.273822324148499e-08,1.3929528034474706e-08,2.0029651702231546e-08,2.8405097423249076e-06,175.78184670826926,817.0002604407257,1621.47180807417,175.78184670826926
195.0,-0.273849607800832,-0.19327737641323853,0.344081794563803,0.002743269415027148,8.408551493834577e-08,1.2822593517896767e-08,1.8032534897105522e-08,2.8400836665028135e-06,159.84647023369868,830.0430233838954,1590.8624845326513,159.84647023369868
195.1,-0.27343051491978193,-0.1931263046568315,0.3442209828597778,0.0026422642337230774,3.132885922822188e-07,4.234139321560229e-08,6.185750646373616e-08,2.921262810984125e-06,157.06428476038124,834.6572199881385,1588.5766194119856,157.06428476038124
195.2,-0.27344242625241993,-0.19313086046396977,0.34421846098441794,0.0026428910516525872,1.5966653585289434e-07,2.2603251483487268e-08,3.1207658645503594e-08,2.920326103512428e-06,156.93530832865278,834.634311389991,1597.4285978148864,156.93530832865278
195.3,-0.2734842379523835,-0.1931455923462369,0.34432187026897004,0.002624707108842128,1.0731111056901805e-07,1.586878519329295e-08,2.068333340760383e-08,2.9200016518371745e-06,155.99485402348358,834.44151308809,1641.917422960664,155.99485402348358
195.4,-0.2726620599695565,-0.19285219152153743,0.3442913070052,0.0025667853796023828,2.6372194661891136e-07,3.5987461605191854e-08,5.272416720861244e-08,2.9093460520100784e-06,156.76544220941892,833.397219942177,1652.056087608952,156.76544220941892
195.6,-0.27164748599540306,-0.1924895584679729,0.3442785312600611,0.002501324517646307,2.6893471845685784e-07,3.6646262094645794e-08,5.332686538817621e-08,2.8883329560583797e-06,156.75584915992212,833.3912567889647,1651.2244187842548,156.75584915992212
195.7,-0.27142339646414004,-0.19241874340212328,0.3433170242685268,0.002954713219791644,1.5559159447264607e-07,2.2068501106496814e-08,3.025172290112039e-08,2.883315292605829e-06,152.2114824041273,836.3101034264374,1606.6672421971489,152.2114824041273
195.8,-0.27142992377714403,-0.19242225231317336,0.3433161466356316,0.002955822951534245,1.0358547615990712e-07,1.5349472301475793e-08,2.0161422811233076e-08,2.8811193553533324e-06,166.48806402851744,823.4346754392254,1665.9639688306665,166.48806402851744
195.9,-0.2706281859538025,-0.19213615227045439,0.3432396962858117,0.0029089578340346692,2.5238169763925016e-07,3.4257737752507366e-08,5.181375980597952e-08,2.8675169292337684e-06,165.9596025513253,823.3679112655761,1686.6719519449855,165.9596025513253
196.0,-0.2693222997525851,-0.1916710868543502,0.3432162044930191,0.002840006607847542,2.5669250293735453e-07,3.47710347391591e-08,5.2160847749889075e-08,2.8480887710740433e-06,166.43392880202873,822.7796260950812,1693.689916871482,166.43392880202873
196.1,-0.26928963525616645,-0.1916669960711671,0.3429919004591958,0.002947636919562338,1.5526919968154107e-07,2.180199361631702e-08,3.053718600159988e-08,2.8434796413282267e-06,166.61826050363408,821.5284446551358,1723.3386928689397,166.61826050363408
196.2,-0.26877150204742906,-0.19148158006685287,0.34377752420023716,0.002680978410030197,9.91081060369762e-07,1.2839862064215594e-07,2.0355518196135187e-07,2.89133675645164e-06,157.00336914811314,830.8000610195096,1683.011367294906,157.00336914811314
196.3,-0.2687420508538569,-0.19147109049133362,0.3436868161348839,0.0027022494391849543,2.4472262007701156e-07,3.320927043020813e-08,4.7008312218530715e-08,2.882723059082301e-06,156.29189630560248,832.0494202232172,1649.7924162195472,156.29189630560248
196.4,-0.2687437104473111,-0.19147308332012225,0.34368158357389067,0.002704313504886199,1.3937897880588588e-07,1.9760119958227615e-08,2.6543233750996768e-08,2.881594079723947e-06,157.7902652792862,830.6194523650626,1653.8402225772015,157.7902652792862
196.5,-0.2669479616475494,-0.19083278379834795,0.3431416306858927,0.002874712786764353,3.2130586992263144e-07,4.311897222089582e-08,6.467828146747444e-08,2.8740315371846768e-06,155.8444124868293,831.8003863660604,1663.0009482961525,155.8444124868293
196.6,-0.26693580964145563,-0.19083190376169062,0.343099125629529,0.002895808086948859,1.6199519612623656e-07,2.2703319067589855e-08,3.1278597194504955e-08,2.867251282879362e-06,158.5300453712975,829.2214585450592,1664.5623847164602,158.5300453712975
196.7,-0.2661545976999716,-0.19055453151327037,0.34287282609938974,0.002920651060349873,2.6551394397467246e-07,3.5843060020134494e-08,5.216965651448899e-08,2.852461076971732e-06,158.64841316799536,828.8824813161316,1682.443864397448,158.64841316799536
196.8,-0.26521916215371044,-0.190222127964847,0.3428538332316028,0.0028495412046961265,2.6815559521143535e-07,3.611715228359749e-08,5.2108795658500716e-08,2.8338291681588803e-06,159.46325606452288,827.451732950032,1698.3468017917528,159.46325606452288
196.9,-0.26422028757369315,-0.18986535354552994,0.3428410735898443,0.0027771664665699703,2.688107380479735e-07,3.618232109153186e-08,5.225400827923096e-08,2.8162307905025767e-06,158.67631278204485,828.3279889105743,1692.9816228778147,158.67631278204485
197.0,-0.26419492053608423,-0.1898586035100094,0.3427413532886371,0.0028237826199309017,1.4718067040491764e-07,2.066794019002352e-08,2.7692986526588393e-08,2.8111176386222566e-06,159.65290685609588,826.7470227453574,1712.73160372412,159.65290685609588
197.1,-0.26419947504215874,-0.18986020286703148,0.34273941441318306,0.0028246523321014765,1.0148115376213157e-07,1.4832905880675953e-08,1.8845374434252872e-08,2.8092746384297346e-06,158.77566897407937,827.6761064886101,1711.059621549188,158.77566897407937
197.2,-0.26412664608083336,-0.18984298833159166,0.3422850017441578,0.0030361932007825186,8.034321925282841e-08,1.2127484543317974e-08,1.4745250542370528e-08,2.808419477416675e-06,160.3553782447702,823.0001156660406,1727.6741041134337,160.3553782447702
197.3,-0.2641629572601333,-0.18985615753412757,0.34233546680375426,0.003013305482377943,6.378536682277532e-08,9.99346424874714e-09,1.1654463613205404e-08,2.8077743778328106e-06,173.61409854827008,812.9115988870176,1814.9492074501889,173.61409854827008
197.4,-0.2634396066061328,-0.1895998189559702,0.3423047021642746,0.0029457824912654624,2.499227360391672e-07,3.3559347546911616e-08,4.83051080700366e-08,2.798772053079661e-06,174.09308204298463,812.2179757682695,1823.9477728958298,174.09308204298463
197.5,-0.2626882284829824,-0.18933373927866767,0.34201360937695957,0.002998034072836039,2.564801157875341e-07,3.436705061955077e-08,4.811136191180049e-08,2.7829189162969703e-06,173.75524735381748,811.3997886387466,1857.4116353943036,173.75524735381748
197.6,-0.26187465949032485,-0.18904542005382396,0.3419975166079102,0.0029250473131796754,2.5624556998272657e-07,3.4275421854945564e-08,4.8300038238891417e-08,2.768022879283137e-06,174.1674269279813,811.095013982564,1849.532305914956,174.1674269279813
197.7,-0.26185004594745476,-0.18903683627761533,0.34194456942339213,0.0029488555974760103,1.3998721474678152e-07,1.9524494173621355e-08,2.5536255196929757e-08,2.7634434311904056e-06,173.68035678450164,811.0278873247662,1863.732969244157,173.68035678450164
197.8,-0.26186436412267816,-0.1890426899476819,0.341957274177281,0.0029435166210205073,9.621186348265747e-08,1.3962839203565776e-08,1.7323691517505272e-08,2.7617902275790086e-06,174.41452101107174,809.9056020016607,1875.4020842782156,174.41452101107174
197.9,-0.26188772567417506,-0.18905082814563107,0.3419923519023123,0.002927714979623485,7.334676444334649e-08,1.1054684873146694e-08,1.3071352385911458e-08,2.760933511853538e-06,172.5552632936351,811.0254161302166,1898.364733986664,172.5552632936351
198.0,-0.26189172262820637,-0.18905273757620142,0.34199403832032965,0.0029271869980937323,5.922430730487799e-08,9.252125023620952e-09,1.0491284721664493e-08,2.7604127249522123e-06,175.85754085049507,807.9665561523839,1900.7721768715328,175.85754085049507
198.1,-0.26187418693002423,-0.18903652486612238,0.3420623335761502,0.0028919187287752978,5.5346279941767856e-08,8.754798301722584e-09,9.871832157563335e-09,2.7602874953966707e-06,182.8838891100695,799.9046750310565,1786.7695330725776,182.8838891100695
198.2,-0.26172641871816843,-0.18899043043845426,0.3410168285305589,0.002973942335439002,3.1293636755612626e-07,4.143263953017254e-08,5.581361131130383e-08,2.866331315125273e-06,166.54019041391663,818.9423374780882,1844.099650934467,166.54019041391663
198.3,-0.2614244734886579,-0.18888499320619437,0.3408524215753249,0.0029244681185695226,2.790299057075797e-07,3.6845327971662316e-08,5.4255499710726806e-08,2.927541354769507e-06,184.5682134578976,802.3386331528723,1811.5489516635814,184.5682134578976
198.4,-0.2606208473629723,-0.18860147835933394,0.34074330172948475,0.0028924738047294563,2.432366036952494e-07,3.2289928462406446e-08,4.923204536005608e-08,2.9154414374708228e-06,186.69969866647114,799.865589788693,1813.9171223326457,186.69969866647114
198.5,-0.2604852127760972,-0.18855712526383336,0.34058408696886516,0.002963595646664448,1.3269566014838018e-07,1.837328985178583e-08,2.6011336477162983e-08,2.9109991800134006e-06,182.46258268578552,802.8518200822032,1833.6633901646098,182.46258268578552
198.6,-0.2604919746557323,-0.188561408799303,0.34054600394212053,0.0029809472813105784,9.123170686041723e-08,1.3142881124773034e-08,1.7660861685892308e-08,2.909400782614169e-06,186.41390858242275,799.1488671577242,1836.74482360301,186.41390858242275
198.7,-0.2589328273175441,-0.18800691423400956,0.34052249753563063,0.002906688127739448,2.3927326764905503e-07,3.17027732803944e-08,4.81919542179534e-08,2.8945714953241894e-06,185.73218078938433,799.9244346611496,1836.5117301841117,185.73218078938433
198.8,-0.2589166649695962,-0.18800178707774992,0.3404770536210051,0.0029281911599958414,1.3128863098716884e-07,1.8127731566447287e-08,2.5643344688942235e-08,2.889620486843928e-06,187.54129095210985,797.6252583909044,1844.218278760439,187.54129095210985
198.9,-0.25776727992542875,-0.18759532238103913,0.34031669393930486,0.002921108855708137,2.411554875593964e-07,3.190733494247094e-08,4.773217273956361e-08,2.873535047329457e-06,184.81610697989237,799.180019140202,1864.876939219604,184.81610697989237
199.0,-0.25777704291808184,-0.18759936439423627,0.34031391701029695,0.0029226078532463597,1.316210737163098e-07,1.814522201470408e-08,2.5502076074703436e-08,2.8686988601343837e-06,186.9399605921211,797.4504138341299,1848.8158110415243,186.9399605921211
199.1,-0.25666362012332883,-0.1872052896625468,0.34044490959123425,0.0027806046602155137,2.4027758825818026e-07,3.175153431710048e-08,4.7950296383650826e-08,2.853747866411734e-06,185.12221935630004,799.030573606375,1855.866120631596,185.12221935630004
199.2,-0.25667580861085687,-0.187210433394376,0.34044021740445424,0.0027830578621077626,1.3142214936358522e-07,1.8088151229687265e-08,2.5471054882750948e-08,2.848923532340655e-06,186.78204377769393,796.9358335311691,1864.0517982521048,186.78204377769393
199.3,-0.25667305349549324,-0.18720924748002737,0.3404393636379159,0.00278338182349015,9.053500970758764e-08,1.295259386803674e-08,1.734028532364989e-08,2.8471781945216197e-06,184.9147895047543,798.950021238544,1864.4530729236328,184.9147895047543
199.4,-0.2566736510041828,-0.18720998023364538,0.340433781527511,0.002786143323426947,6.903996898644194e-08,1.0247191079842582e-08,1.3134554485767033e-08,2.846274992506926e-06,186.77539864853992,796.4662519164576,1871.350876597835,186.77539864853992
199.5,-0.25669677624100534,-0.18721798191775352,0.34046178851815273,0.0027731117557144355,5.581663479163918e-08,8.580797062990739e-09,1.0554019854646823e-08,2.8457205391774333e-06,184.94562734537718,797.5326841487044,1887.937136984484,184.94562734537718
199.6,-0.25685721273492895,-0.1872757553895452,0.34049199061993,0.0027594497739825475,5.131496937480594e-08,8.011277564009534e-09,9.687966000012478e-09,2.8455343632065066e-06,188.42394861980716,793.6476170948248,1817.919517567529,188.42394861980716
199.7,-0.25686833896779,-0.18727937281703264,0.34050484531247416,0.0027533881732963337,4.354814219073785e-08,7.010701168458853e-09,8.096287253838057e-09,2.845192314221891e-06,220.5063024830827,761.5341999619584,2062.475354659977,220.5063024830827
199.8,-0.25602719851797145,-0.18698287488958154,0.3404507823742712,0.0027026713446984263,2.3447517031200286e-07,3.088938396021573e-08,4.328304795607052e-08,2.8340200330978433e-06,223.26881691389397,758.3728199813618,2077.159249183365,223.26881691389397
199.9,-0.2555386289244788,-0.18681790998250164,0.3400143673632118,0.0028303928643027493,2.444936876419092e-07,3.213087486512138e-08,4.342973024901623e-08,2.8162983510257008e-06,217.2844790666103,762.8502500416183,2096.1197221741972,217.2844790666103
200.0,-0.25499323314569333,-0.18662672971012287,0.3399210769003622,0.002773517393159437,2.7783502076046453e-07,3.622511695437411e-08,4.707483782606144e-08,2.875107783220073e-06,216.97726252487004,762.0550036772572,2113.346874025691,216.97726252487004
200.1,-0.254264294783229,-0.18636886313546694,0.33994535617827876,0.0026844234545259017,2.4359220808715206e-07,3.192378594155888e-08,4.341907839044332e-08,2.8642044297067e-06,215.58239316656235,763.3693299596987,2102.4551951603053,215.58239316656235
200.2,-0.25250697791921656,-0.18574887191209086,0.33926557425769127,0.002921093908928169,2.5785264319708916e-07,3.371534135708091e-08,5.7519549748926475e-08,2.848846718817031e-06,209.1900194296251,744.2260029548019,1650.4972754288262,209.1900194296251
200.4,-0.2523626955789096,-0.1856987098233054,0.33924113765021624,0.0028438500555260956,2.7327124871632664e-07,3.547534378670276e-08,4.7246273033302195e-08,2.964826422861266e-06,218.30601285740377,760.505507393152,2126.4280917482724,218.30601285740377
200.5,-0.25209264806274645,-0.18560422536903334,0.3393531652150831,0.002714012052799373,2.3583303228820796e-07,3.080467394325809e-08,4.2773798225416165e-08,2.951724447117601e-06,217.41321203047596,760.9320047030042,2132.749318584566,217.41321203047596
200.6,-0.25132735244616483,-0.1853337075085717,0.339399869682447,0.002618664608106234,2.514367451396268e-07,3.2761666124287724e-08,4.415306323834564e-08,2.945236065039392e-06,217.81331827410878,759.2193372248972,2158.419314757694,217.81331827410878
200.7,-0.25058428848697667,-0.18507470355785516,0.33916660318918207,0.0026530825517295242,2.3601598095875577e-07,3.084027346987503e-08,4.1740856957797404e-08,2.9250469737409226e-06,218.22604526938716,756.7999649239808,2192.1162081110797,218.22604526938716
200.8,-0.2505888156753264,-0.18507648747120295,0.33916279539234717,0.002654917251067195,1.2801964779675775e-07,1.736554843914657e-08,2.2029592845623883e-08,2.9208320302503723e-06,219.51164490461977,756.1189888517467,2181.8292210433033,219.51164490461977
200.9,-0.2508617467626204,-0.18517417814605946,0.33868425947885356,0.002876482880651335,9.598837509332478e-08,1.337204538520486e-08,1.7217136985303223e-08,2.919801276059299e-06,209.2711846950352,747.0011021415231,1779.2521337890475,209.2711846950352
201.0,-0.2511787762507198,-0.18528850552646178,0.3382974311220198,0.0028885552922150656,2.696220671400818e-07,3.485335881388714e-08,5.2414958551046545e-08,2.9572511390227013e-06,216.60726597047656,741.959490461018,1914.4606364300248,216.60726597047656
201.1,-0.25117105555980007,-0.18529313165763647,0.3381351338926292,0.0029304024146302354,1.3808086159472198e-07,1.8518613081419147e-08,2.4348168858782315e-08,2.9556520485859596e-06,219.6634837464516,754.6308212113232,2256.764772309989,219.6634837464516
201.2,-0.2511387155128441,-0.18528232996246177,0.3380935120162953,0.0029405818116212145,9.298047964172363e-08,1.2917213494586291e-08,1.582979418108063e-08,2.955165906817136e-06,215.32151162559757,758.6918189161753,2267.015544132839,215.32151162559757
201.3,-0.24992937395811465,-0.18485867121537203,0.338042171060835,0.0028780733386994323,2.3501212508510404e-07,3.043975312777562e-08,4.0305265550190063e-08,2.939233455345966e-06,216.5950778431215,756.5277117773173,2275.8464625429697,216.5950778431215
201.4,-0.24997086810193214,-0.18487341720018682,0.33805971351941594,0.0028698944281874902,1.2802125553596412e-07,1.7200440754246652e-08,2.1383004111726175e-08,2.9350913495644174e-06,216.95136223740113,757.7288906522565,2251.9487672726646,216.95136223740113
201.5,-0.25004646755839194,-0.1849010644329398,0.3380658845584198,0.0028673700462192885,8.787050282117126e-08,1.2226699328861315e-08,1.4539072706252804e-08,2.9335927081663056e-06,217.95898212407786,755.7729303150855,2260.817422966127,217.95898212407786
201.6,-0.25004859876777746,-0.18490184939915388,0.33806043545837156,0.0028699319707785696,6.704387021741663e-08,9.644197535608815e-09,1.0994247859582677e-08,2.9328159043605487e-06,216.2494391273571,756.504310909836,2278.314332352225,216.2494391273571
201.7,-0.25005851967265613,-0.18490620770667138,0.33806342315328425,0.002868872053173678,5.4178822888390986e-08,8.045733146772846e-09,8.83348741835271e-09,2.93234199846935e-06,217.19258210088205,754.7669562560271,2287.284497415948,217.19258210088205
201.8,-0.24919737168897493,-0.18460365059587655,0.3380574335899217,0.0027899062065649878,2.3401072902351336e-07,3.0270735779724604e-08,3.9869473528737077e-08,2.9159401984216973e-06,213.5703796407182,757.0510766099769,2303.508724811005,213.5703796407182
201.9,-0.2495548862649983,-0.18473114601187587,0.33738452831532384,0.003357845267660023,1.718420008410365e-07,2.25898367546411e-08,3.3875222684228366e-08,2.893090811027058e-06,207.22948439138008,744.3071366841746,1958.7010187494866,207.22948439138008
202.0,-0.2492001152218848,-0.1846104678402377,0.33719195499777305,0.003313204311725653,2.8232108640890767e-07,3.6098938019305374e-08,4.483004581291279e-08,2.9215085759617625e-06,208.25045377072863,759.7493315759631,2219.820790818011,208.25045377072863
202.1,-0.24910482092554484,-0.1845813241839996,0.3370164642901706,0.003359245620829935,1.4485727860334632e-07,1.9166571048940595e-08,2.2654065353098406e-08,2.9201308279280765e-06,210.7792979209711,755.9719040301735,2240.4501045581796,210.7792979209711
202.2,-0.24837039487744336,-0.18432430187673773,0.33706394391786626,0.003253037803691431,2.752081762549142e-07,3.5119871105565195e-08,4.50907804180814e-08,2.958472587247427e-06,213.75349395978103,756.1743156867643,2203.6216828100887,213.75349395978103
202.3,-0.246132802084163,-0.18354648585798108,0.33769454395097825,0.0028789165182498445,7.181007641753835e-07,8.954166616945215e-08,1.395042130101726e-07,2.9619422490753506e-06,205.35140191650632,759.1326677070832,2016.202058744434,205.35140191650632
202.4,-0.24686340118783548,-0.18380117862541023,0.3373536847193935,0.003030798050124811,5.552117551031631e-07,6.952119135467399e-08,1.08934146945394e-07,2.9557187856662763e-06,228.9425226719726,724.5302077983107,1811.5254403551712,228.9425226719726
202.7,-0.2467134008633805,-0.1837547409867745,0.33706552182346583,0.0029908740119656057,2.5617432395833266e-07,3.285318053125212e-08,4.735275917599325e-08,3.080932283119791e-06,240.73815481305712,741.7467932849195,2117.6158483908944,240.73815481305712
202.8,-0.24617040464752643,-0.1835651501991922,0.33701274234488626,0.002915078793064222,2.466687837261151e-07,3.163016301411417e-08,4.620649926121436e-08,3.1114093091582026e-06,240.46547013192148,741.9092595932638,2123.901516143057,240.46547013192148
202.9,-0.2462530310742572,-0.18359527311702342,0.3370045275830336,0.0029182868457003548,1.2509801971366683e-07,1.6685850760910296e-08,2.3570162078966454e-08,3.110041460463213e-06,244.52978138710063,740.1619200578342,2100.693699285908,244.52978138710063
203.0,-0.24624920885406115,-0.18359411963993566,0.33700247804152683,0.002918981920275671,8.379822329232589e-08,1.1606362356454163e-08,1.5812155177392134e-08,3.1095685773078453e-06,242.17563984846296,741.8108612830024,2105.715895991055,242.17563984846296
203.1,-0.2455319467826732,-0.18334495135874185,0.33692597625047904,0.0028708049348712505,2.1370315473143232e-07,2.754075377270817e-08,4.2497991936775845e-08,3.086214636159215e-06,243.81525929885873,738.9682671563552,2118.8779221458335,243.81525929885873
203.2,-0.24457097261564123,-0.18301064903775663,0.33706156395707576,0.0027202697799544187,2.4690471931761876e-07,3.162563465234427e-08,5.271625314815204e-08,3.057102453772259e-06,231.25963227587545,751.6525858855949,1931.1068058966473,231.25963227587545
203.3,-0.24411149435226653,-0.18285146845218406,0.33699171265846656,0.002659209254720072,2.1828912056862255e-07,2.7981658418395923e-08,4.8091789546369894e-08,3.080135276545617e-06,308.4368603268409,678.242920427398,2033.6708058815116,308.4368603268409
203.4,-0.2436500270499453,-0.18269082508047335,0.3369050626344136,0.002623650642073083,1.958462711558613e-07,2.5203183932672627e-08,4.433496957299429e-08,3.057545752920906e-06,310.9047168146461,677.7424185057051,2032.5266227875484,310.9047168146461
203.5,-0.24292591605849015,-0.18243914366530883,0.3367776607838244,0.002609699789367701,1.9383928098440264e-07,2.493120609542464e-08,4.410234966342552e-08,3.0282600663324952e-06,316.0370355580745,672.4039802375169,2042.2277575902049,316.0370355580745
203.6,-0.2431551345769572,-0.18252070314085236,0.33676355102995104,0.002617742987817688,1.0445336888254038e-07,1.3965643761614278e-08,2.3343007787940493e-08,3.0232970954979386e-06,304.468500520334,683.3000982740424,2033.5264055595999,304.468500520334
203.7,-0.24280787891919403,-0.18239961782522193,0.3364231247160085,0.0027804378780768853,2.632325845186716e-07,3.3422326547314896e-08,7.034560864043096e-08,3.0051098062773428e-06,301.12131466845057,673.4537721004943,1642.9147218848148,301.12131466845057
203.8,-0.2424024913221153,-0.18225822304457065,0.3364291600425595,0.002697456603517815,2.2065953703051815e-07,2.8137723160254562e-08,4.4590970825301684e-08,3.0635877973599724e-06,316.5229318272679,663.0776473118564,2227.2812262550187,316.5229318272679
203.9,-0.24172153042110348,-0.1820208863049792,0.3363660615739796,0.002651671179949593,1.9627971986544926e-07,2.5143108136784588e-08,4.069010982769673e-08,3.0433288829864157e-06,319.27883751922303,659.0769291937628,2239.996133233102,319.27883751922303
204.0,-0.24164947298860234,-0.18199747446814116,0.336249785000434,0.002633019723290563,1.916479826034828e-07,2.456193670179904e-08,4.0922550897861936e-08,3.0150179547247375e-06,321.1973517469517,660.6126705765267,2220.678882393068,321.1973517469517
204.1,-0.24079838344259005,-0.1817004237314032,0.33624994076840925,0.0025568167496179276,1.9219820137190279e-07,2.4603565674392922e-08,4.083802096716977e-08,2.98724127498527e-06,323.59744857913716,657.0708165741561,2226.946382655471,323.59744857913716
204.2,-0.24082319687411458,-0.1817088113657716,0.33624943890746783,0.002556698245748194,1.0354763433610466e-07,1.3770402327744393e-08,2.1457695087295038e-08,2.982675255023988e-06,316.7991473948663,662.7500986479595,2233.2873820402115,316.7991473948663
204.3,-0.2409266331826275,-0.18176505017721573,0.3362821436985167,0.0025662331592419293,1.015822449987571e-07,1.3529724905204643e-08,2.111673878378636e-08,2.9825939127319593e-06,320.862683487789,616.8221386249693,1819.9235002474613,320.862683487789
204.4,-0.21525579463480707,-0.17279202160862914,0.3440365616473669,0.0008697180057797844,5.869229416392235e-06,7.183405896110964e-07,1.5815048995866547e-06,3.102377255693804e-06,199.07269912580023,792.41536723237,1933.6242832733642,199.07269912580023
204.6,-0.21917237253961525,-0.17416636561528198,0.3429727767155257,0.0010989960750768244,4.427738458231039e-06,5.42302365974421e-07,1.068392096926745e-06,3.079845998686544e-06,121.70165403092135,602.3204413377367,1679.5078760979407,121.70165403092135
204.8,-0.19188670026597773,-0.164409694384221,0.356120241471109,-0.0010272205884338701,1.3376725932006739e-05,1.6902982135544088e-06,2.7522229780305214e-06,3.215901128930182e-06,139.42879125730641,846.7481027740442,2829.463423114101,139.42879125730641
205.1,-0.20360356186529982,-0.16858760286153163,0.35155160703246213,-0.0002975882237236558,6.872661004863203e-06,8.693502434116636e-07,1.174853897289995e-06,3.1760160561483565e-06,175.9907708178921,798.2328129194809,2404.917668730164,175.9907708178921
205.3,-0.21558863999031055,-0.1728639917581339,0.35569516904694537,-0.0008806750253127585,3.496130102179167e-06,4.650692969250639e-07,4.371501351496876e-07,3.2793646535645084e-06,131.1782534581167,865.7208032664643,2835.6889434530167,131.1782534581167
205.4,-0.222155764289705,-0.17525104136226202,0.3573649252912978,-0.0011102177882858473,4.6419530591311036e-07,6.480696170495027e-08,4.9387655020510146e-08,3.2715719889765144e-06,146.39009002336226,851.7545289832682,3249.303971188122,146.39009002336226
205.5,-0.22816157736194992,-0.1774783447420649,0.35914099698392044,-0.0015270138066391012,4.557283873856838e-07,6.681772376660165e-08,4.78980745781901e-08,3.291000735877059e-06,147.91167720523484,850.7891860420975,3304.8590001225925,147.91167720523484
205.6,-0.23508569700215398,-0.18005788023591465,0.35839287671283654,-0.0011942729347081181,4.2865305712860844e-07,6.3917366112273e-08,4.697311479515998e-08,3.2711149616715204e-06,131.30897593482595,860.6787937814757,3221.8564689371015,131.30897593482595
205.7,-0.239706410965813,-0.18178874160471836,0.3586425217448551,-0.0012899991072754895,1.9607962669455115e-07,3.1096279049864455e-08,2.0476589093101415e-08,3.2671261183996713e-06,158.784255307093,839.8918014633801,3257.4109755947625,158.784255307093
205.8,-0.24739109188513686,-0.18465284351154077,0.35850991430955353,-0.0012269549036961445,2.8546716043515656e-07,4.3490442392536385e-08,2.9524829036551602e-08,3.2831913238991743e-06,164.70873463145173,833.7881559486977,3333.095378234897,164.70873463145173
205.9,-0.25172231341555196,-0.18626902599504547,0.35835004543870885,-0.00119026255736185,1.463725518092963e-07,2.3918103395675413e-08,1.490934643540916e-08,3.2821484999265026e-06,161.79598842637336,836.4501697875111,3338.1765558002335,161.79598842637336
206.1,-0.26451708272562424,-0.19105895149294505,0.3578273714982432,-0.0010156074221757596,9.977418656244961e-07,1.433233898041539e-07,1.1396255203842429e-07,3.3048388071367344e-06,157.84676917706392,840.2526939272957,3291.140668576095,157.84676917706392
206.2,-0.27255079795262943,-0.19405890799959094,0.3578487599800154,-0.0009929664450156728,2.9800176445247017e-07,4.497425953472589e-08,3.126923742815309e-08,3.3333568725301964e-06,169.36214949196216,829.1858022447743,3225.8609477780833,169.36214949196216
206.3,-0.2801883419287258,-0.1969205340447139,0.3580633314278526,-0.0010138223725545945,3.110905012524894e-07,4.678404183943847e-08,3.369509402789441e-08,3.3467591437789667e-06,167.83474419096976,831.608768249485,3208.8380747600977,167.83474419096976
206.5,-0.2944791137804148,-0.20226769989825139,0.35964659397968546,-0.0012673575223137185,1.225345088237632e-06,1.748833916104473e-07,1.4030536742749464e-07,3.4209043975149858e-06,162.0728668465321,834.5635720605133,3024.833294085443,162.0728668465321
206.6,-0.29999002211235193,-0.20433856794609104,0.36096945635006944,-0.0015747268246664211,9.919219395394982e-07,1.4307135821161615e-07,1.083180155088772e-07,3.43246191106556e-06,195.4323966474012,795.2972694622855,3697.3844289292683,195.4323966474012
206.8,-0.3123762256780666,-0.20899384055658457,0.3603995892731733,-0.0013728581715807939,1.4663584809136654e-06,2.12010727749177e-07,1.8054625654392296e-07,3.445009977404942e-06,139.13344629731677,853.1175149383253,3020.6670691215722,139.13344629731677
206.9,-0.3198537087315407,-0.21177530509884374,0.3603691494858713,-0.0013856154125003696,2.6128864526655157e-07,4.065848603150728e-08,2.5276887621272093e-08,3.4332866499304593e-06,134.89005610597118,859.5933895964948,3439.4651157568323,134.89005610597118
207.0,-0.3240065526261955,-0.2133054800304844,0.3603327186331377,-0.0013954757901803675,1.4328168065291793e-07,2.384709528086321e-08,1.3636855184796956e-08,3.432402284529527e-06,135.9311504807426,859.0505640266408,3410.370706806574,135.9311504807426
207.1,-0.3268015063723034,-0.2143238758907312,0.3602926572723098,-0.00140422499712161,9.866584727763505e-08,1.747353617871707e-08,9.35267741145674e-09,3.432073210358756e-06,135.22571837698487,860.4501368071462,3385.552996587678,135.22571837698487
207.2,-0.3346273875512875,-0.2172311315919286,0.3606541978173797,-0.0014795577557380304,2.987549928066238e-07,4.583249287167175e-08,2.8399098877084336e-08,3.439702815053011e-06,134.02379250296684,861.201207409597,3474.680394543316,134.02379250296684
207.3,-0.3390386461074275,-0.21884645821944748,0.3607807163358901,-0.001539537144527585,1.5470723078807334e-07,2.536116272915577e-08,1.4383814556320126e-08,3.438625618792147e-06,133.53907332932425,861.0563783379507,3456.8334002971724,133.53907332932425
207.4,-0.34304646747385353,-0.22034466417654683,0.3595063729331032,-0.0009685457919135137,9.665399290759584e-07,1.409507411487572e-07,1.2908858352794078e-07,3.4255188700853527e-06,133.08818322716618,857.9785941043025,3182.3195684073494,133.08818322716618
207.5,-0.3507557029377815,-0.2232095283300558,0.3593326789149042,-0.0009150460566501484,3.022216176819654e-07,4.616621540194558e-08,2.72332568611276e-08,3.4155843150848006e-06,129.4082491439234,867.4740357001779,3622.7245554167816,129.4082491439234
207.6,-0.3584910883434735,-0.22608641302257776,0.35838924979228287,-0.0005904864504384453,3.5259939350307033e-07,5.3194672542203705e-08,3.276881584181286e-08,3.4043209864303235e-06,127.57147656645812,869.3321122774497,3615.3834813818694,127.57147656645812
207.7,-0.3631847396687776,-0.22781193882166104,0.35841921261460014,-0.0006207950812080383,1.6646662063059795e-07,2.6866446997976456e-08,1.5269615457451936e-08,3.4024238603893374e-06,135.55667657134185,859.9407092250951,3523.307163112047,135.55667657134185
207.8,-0.3662334692362236,-0.2289194676650546,0.35845344235179144,-0.0006526050763194353,1.0932039472121019e-07,1.8764120994536972e-08,9.951494349289686e-09,3.401843134201588e-06,135.66862560528506,859.7731417452061,3527.1476662297255,135.66862560528506
207.9,-0.36849742921127304,-0.2297342786493792,0.35846244329423793,-0.0006750170331644468,8.141570538730772e-08,1.4791127031547736e-08,7.39576611072473e-09,3.4015606083487036e-06,136.88999893173158,858.8699505379435,3500.1626863640836,136.88999893173158
208.0,-0.37030149585646777,-0.23037661507225685,0.3584692643560517,-0.0006965728320497463,6.486333805617083e-08,1.2421861078509195e-08,5.88043956929895e-09,3.4013906158028704e-06,137.82344116181142,858.0628605550155,3512.4966440381204,137.82344116181142
208.1,-0.37783249261997165,-0.23316307523016896,0.3584109602474396,-0.0006679071887322045,2.75349680318833e-07,4.1881558331158935e-08,2.7622216441174818e-08,3.3735995913910727e-06,137.35955954138282,858.4427036911686,3496.6773747713005,137.35955954138282
208.2,-0.3819069260812221,-0.23465376028713658,0.35841991624221475,-0.0006903476736218606,1.4668681214637836e-07,2.378980644997461e-08,1.4139366603399533e-08,3.3713243712412314e-06,137.95236402732257,857.9388660541828,3481.7765491736773,137.95236402732257
208.3,-0.38470115588358955,-0.23566575030046727,0.3584245304502026,-0.0007105700973206883,9.973779203882433e-08,1.716759843992319e-08,9.50172273228584e-09,3.370539308997642e-06,139.26845069966043,856.6676039161048,3478.732012550051,139.26845069966043
208.4,-0.3854633622892876,-0.23592431919717055,0.35846310838809475,-0.0007406453148071637,9.112667085100999e-08,1.5950576526713977e-08,8.70108853738804e-09,3.3704029168176133e-06,138.4089982268206,855.0621530977639,3263.4797343003843,138.4089982268206
208.5,-0.38742795812686465,-0.2366281975468999,0.3583276046005594,-0.0007019963778939415,7.020968646100404e-08,1.2931781215348938e-08,6.6049670789871165e-09,3.3700440266147174e-06,172.4853035309235,823.4875625606172,3681.0780122405013,172.4853035309235
208.6,-0.38805142976727414,-0.2368525023296017,0.35834503690405156,-0.0007140298634477101,6.513438021160802e-08,1.2204558154649263e-08,6.11144787135086e-09,3.369958757270389e-06,156.48591310752082,836.1768509829953,3673.0803594316103,156.48591310752082
208.7,-0.388396259191227,-0.23697666088008892,0.3582904611994221,-0.0006942917669597938,6.258848877323874e-08,1.1841055700073195e-08,5.926605304976408e-09,3.3699263933868705e-06,148.8048555969218,837.9957556183042,2689.286618339126,148.8048555969218
208.8,-0.38971372172775925,-0.23745389073016535,0.35803542185581944,-0.0005982784812865819,5.266506282027583e-08,1.0424460168414731e-08,5.002022052277985e-09,3.3697677307734766e-06,146.30825437115308,850.6964952017439,3377.553246659918,146.30825437115308
208.9,-0.3909478629595275,-0.23788010881816624,0.35801640521997935,-0.0006095571349823349,4.5124464525808265e-08,9.348829112359863e-09,4.272398494749389e-09,3.3696409918009103e-06,139.26756894576104,857.2342621118723,3431.315035992463,139.26756894576104
209.0,-0.39202037614405194,-0.23823909573410146,0.3579956688623373,-0.000623671422919359,3.948678425593522e-08,8.53255005679245e-09,3.746072116458809e-09,3.36954857118407e-06,146.04672724518295,848.7018712846706,3311.3973457282746,146.04672724518295
209.1,-0.3986277032289729,-0.24066844837848672,0.35773578092226577,-0.0005192566477259363,2.7053490987474595e-07,4.082197050611447e-08,2.920460495000628e-08,3.343970532349294e-06,147.42460983901293,847.2240409690755,3293.7545358066127,147.42460983901293
209.2,-0.4025091233056861,-0.24208222739696936,0.35764678814668743,-0.0005026152271956434,1.435313869780774e-07,2.301398592613642e-08,1.49660446205097e-08,3.3416008472558778e-06,149.2514236847766,843.1837983100864,3296.1454527688456,149.2514236847766
209.3,-0.40966123934597665,-0.2447165464458938,0.35778553149603826,-0.0005614025489388134,2.706001290084107e-07,4.069503575091288e-08,2.953488107541223e-08,3.3160277854674004e-06,148.41008024134914,843.0606340604343,3284.727184076994,148.41008024134914
209.4,-0.4109371093525453,-0.24519395755100484,0.35766539079957865,-0.000512613875064277,2.3636390822484463e-07,3.590607458800115e-08,2.6220649290912054e-08,3.3154870280599714e-06,151.34078380493352,838.6174702934278,2697.5298554795,151.34078380493352
209.5,-0.4145258975379245,-0.24650755788385062,0.35754762376231636,-0.00047871763834754423,1.328880658674225e-07,2.1436624287553e-08,1.3841514241035176e-08,3.3134673422724363e-06,146.822106027572,849.4429295351882,3430.108398814862,146.822106027572
209.6,-0.4207103522599878,-0.24878605668868745,0.3576755070006242,-0.0005421634790079823,2.4917568720569627e-07,3.763118219787649e-08,2.7999945467453613e-08,3.2731827082090852e-06,148.292902426769,846.9490527461868,3339.3288909453395,148.292902426769
209.7,-0.42240302118330103,-0.24940213419182497,0.35819182468710054,-0.0008222508197639577,1.923575454058613e-07,2.9699437678389035e-08,2.0605833125652427e-08,3.2711154576888864e-06,142.98190287538594,851.7030198687345,3610.969765033765,142.98190287538594
209.8,-0.4256558509716616,-0.25058605955081314,0.35814946461306824,-0.0008134671221260118,1.1839303436502118e-07,1.9365449572889942e-08,1.2036267047928e-08,3.2687203550664124e-06,142.8319487568975,853.1255563180116,3468.816740096413,142.8319487568975
209.9,-0.42800693955774444,-0.2514333051888179,0.35810383073521423,-0.0008031940417831852,8.553866889242783e-08,1.4761938008346656e-08,8.512648169878853e-09,3.2677329950711017e-06,143.65040392356283,852.3705658470712,3454.271516902236,143.65040392356283
210.0,-0.42868770549654517,-0.25167200482391827,0.35815707931600466,-0.0008384996248003923,7.944401463063698e-08,1.3905715399370804e-08,7.844499132695072e-09,3.267545875900558e-06,143.59376332752876,849.7635447622312,3664.3099853456715,143.59376332752876
210.1,-0.4302883008075362,-0.2522337993995025,0.35822919005583115,-0.0008931691191694444,6.258910385137514e-08,1.150969393419782e-08,6.103848361349992e-09,3.2670558866743232e-06,161.2835530530725,835.9409439279012,3646.9004634186217,161.2835530530725
210.2,-0.4370110459778705,-0.2547203366055953,0.35916025707594607,-0.0012482854244351776,3.0305691440197033e-07,4.5183315282660896e-08,3.2712271962738434e-08,3.2473203737363345e-06,155.20456986834316,840.5783726052184,3513.9391085484986,155.20456986834316
210.3,-0.44128994877982547,-0.2562875384290986,0.35912702140642,-0.001251325872707233,1.51647015319115e-07,2.3985816183822943e-08,1.5025804308998253e-08,3.244534049606792e-06,141.3974392102131,855.498769273274,3613.8969254640706,141.3974392102131
210.4,-0.4441410223040906,-0.2573194862871998,0.3590901880146807,-0.001253205754382533,1.007769244976572e-07,1.6846004695884125e-08,9.728126506849765e-09,3.2436977816376467e-06,143.3035888145639,853.5957406919676,3639.7005824131847,143.3035888145639
210.5,-0.4462575911806277,-0.2580776125520303,0.35905505349058103,-0.0012551918139408634,7.5608581300196e-08,1.330416357181651e-08,7.185278915285992e-09,3.2432952199980865e-06,143.35959846180538,853.7373086985762,3650.8835296796924,143.35959846180538
210.6,-0.4488578926310039,-0.2590497653599855,0.3596993375042277,-0.0014701558223224004,1.03236776488538e-06,1.4812398992939554e-07,1.4672691970873413e-07,3.242946905434495e-06,139.70265173501312,852.3049479897414,3237.678479755883,139.70265173501312
210.7,-0.45327851282975323,-0.2606964366705295,0.3591890134019515,-0.001275423933384036,4.902411056456404e-07,7.172101676964777e-08,5.876517671765532e-08,3.229399501836308e-06,157.71317318489747,836.8089933501215,3088.703949387116,157.71317318489747
210.8,-0.45856566964508094,-0.2626484102245174,0.359170559420497,-0.0012825810624508517,1.8831833348515342e-07,2.9167568808997232e-08,1.9791196332860305e-08,3.2233978455553055e-06,153.2563806890808,839.3404101415671,3377.4730361430593,153.2563806890808
210.9,-0.4618009728311522,-0.26382870831682137,0.3592368512027196,-0.001323726994262472,1.1636946064878137e-07,1.9008805493249893e-08,1.1814780012344929e-08,3.2221679442307445e-06,154.38156321028436,837.2209647006779,3440.047312386101,154.38156321028436
211.0,-0.46409027505073147,-0.2646553008265114,0.35932530243143707,-0.0013729807481928798,8.45285329861204e-08,1.4501457113898527e-08,8.451298750746961e-09,3.221647673248953e-06,155.33546173220867,836.9910956197004,3394.1441668276757,155.33546173220867
211.1,-0.4653501889326371,-0.2651002312038661,0.35946119221013056,-0.0014387692778445296,7.204910754119004e-08,1.2729182970238053e-08,7.189468030501499e-09,3.2214515616500994e-06,156.38719008701383,834.6043526780359,3307.667450947044,156.38719008701383
211.2,-0.46694205816697204,-0.26566382817501083,0.3595057965475035,-0.0014713822022641768,5.827531567510184e-08,1.0767073521493813e-08,5.7931908119658845e-09,3.221234132425619e-06,156.49152956526228,834.1881339674544,3383.9753403591612,156.49152956526228
211.3,-0.46829286431207623,-0.26613922245763155,0.35950109816073983,-0.001483637963132285,4.8883122287493684e-08,9.42133203570474e-09,4.866661632659414e-09,3.2210889588785217e-06,158.49261304354283,831.2879798370828,3321.208000422737,158.49261304354283
211.4,-0.4694449896443544,-0.2665408263948414,0.3595030006639429,-0.0014981389500815533,4.2071112119247266e-08,8.440084783720788e-09,4.192550341135505e-09,3.220982851281385e-06,158.94445835996132,831.5960357500331,3332.8325780579244,158.94445835996132
211.5,-0.4726365390805755,-0.26773498027129916,0.3612063647772012,-0.002117763285295382,1.152323072074368e-06,1.6528019268697632e-07,1.6783803207043329e-07,3.225385649111613e-06,151.51218606639605,838.0897801464789,3410.158889203043,151.51218606639605
211.6,-0.4798112508570534,-0.27040389759711175,0.3614262508970981,-0.0021355856522041355,2.9371039308932624e-07,4.444503767417252e-08,2.6967859402618975e-08,3.224757675031651e-06,144.03905038243394,850.2348741563727,3668.2016958837635,144.03905038243394
211.7,-0.48387578550742466,-0.2719046706891186,0.3614554574772293,-0.0021641087456692487,1.5018297386157555e-07,2.3987788836141256e-08,1.3584834168348998e-08,3.223770168635318e-06,145.6713384926067,848.4198030275596,3674.6357355847213,145.6713384926067
211.8,-0.4865679753578945,-0.2728875471857873,0.3614729318635433,-0.002188964939711387,1.0128491068597522e-07,1.7010218770824743e-08,9.068160384547613e-09,3.2234338789679293e-06,144.02184489096814,850.4181849391318,3687.160249487795,144.02184489096814
211.9,-0.48821674152615924,-0.27348772276499317,0.3617496291448718,-0.002276980060761865,8.071551569448382e-08,1.4064455845588785e-08,7.254964239642908e-09,3.223297542676854e-06,147.17539120255898,846.4177661666996,3568.1899121566057,147.17539120255898
212.0,-0.4947516248635295,-0.27593051123804185,0.3616562235567892,-0.002185269292791317,2.6866625519374047e-07,4.097038597723114e-08,2.7603698472672244e-08,3.206432660144774e-06,153.88065434564294,839.4370880681768,3494.258041690643,153.88065434564294
212.1,-0.49868434361436254,-0.2773883046031012,0.36161901108208655,-0.0021872563135878305,1.4342032812850066e-07,2.303028738755369e-08,1.4020767240407004e-08,3.204374180682171e-06,150.3978531601059,843.1591136998667,3533.8881034480037,150.3978531601059
212.2,-0.5013285622834305,-0.2783568168819786,0.3615834463191433,-0.0021909538023730194,9.781033920738561e-08,1.648528489630669e-08,9.415271991932047e-09,3.2036735382544464e-06,150.79208344281483,842.9004267906582,3513.014670999576,150.79208344281483
212.3,-0.5033521769450927,-0.27909098961076023,0.36157290389525243,-0.0022041606704671975,7.411739856919774e-08,1.3070913133464492e-08,7.082262992613182e-09,3.2033166344055703e-06,155.245334402401,838.3922788210967,3523.90630544358,155.245334402401
212.4,-0.5037621978176581,-0.279232818972108,0.3615257843050922,-0.002193190155022545,7.088092011194197e-08,1.2604016591016855e-08,6.781276974322608e-09,3.2032704676571595e-06,153.29279328794968,837.9748227243937,3325.1872141769136,153.29279328794968
212.6,-0.5047912736689902,-0.27960347152304565,0.3615667776140515,-0.00221942119037436,6.651332159697508e-08,1.1973332682087092e-08,6.359175802702908e-09,3.2032060324840695e-06,153.46129066283598,838.1759775459767,3450.1990783367773,153.46129066283598
212.7,-0.5062479257262658,-0.2801213636654941,0.3615357182492791,-0.002225671291185468,5.4688680495066986e-08,1.0259584533581872e-08,5.160851418281862e-09,3.2030213434539217e-06,156.55718917675532,837.4584918379488,3670.691626266973,156.55718917675532
212.8,-0.5074922763297416,-0.2805593160394812,0.3614977856867161,-0.0022290505239522408,4.643772262149739e-08,9.056371969066871e-09,4.345628144987882e-09,3.20289487045777e-06,159.37556597403352,834.6780684698798,3650.3324212875996,159.37556597403352
212.9,-0.5085721905446651,-0.28093558825571396,0.3614674461128468,-0.0022350959864734935,4.034032585044358e-08,8.163481124567654e-09,3.753486776349502e-09,3.2028017649564875e-06,158.7923022390098,835.3631779185499,3648.062843595171,158.7923022390098
213.0,-0.5095189715155322,-0.2812632527867625,0.36143834797986896,-0.002240655471196608,3.5610643514093163e-08,7.463356775652225e-09,3.3032654354117572e-09,3.202730052432185e-06,164.7132084416791,828.9273398861169,3651.7497352152122,164.7132084416791
213.1,-0.509717590846235,-0.28132979591000346,0.36145964738110675,-0.0022536911334733933,3.468488368448912e-08,7.325811299088272e-09,3.241947896595923e-09,3.2027200003354415e-06,164.6298957370998,824.4411427979238,2586.130497727203,164.6298957370998
213.2,-0.516807312772134,-0.2839760740473533,0.3609735787849803,-0.0020765399838870748,2.661643917468703e-07,4.0222507139606436e-08,2.498863818454835e-08,3.2245895373957843e-06,191.8284617477066,804.1314439650276,3939.332029194319,191.8284617477066
213.3,-0.5200901016055923,-0.2851865563805566,0.36030195577672747,-0.001919327568719307,1.5603314980748192e-07,2.4491942751881478e-08,1.518111597716631e-08,3.223928842428982e-06,177.25455230092345,815.1522387073012,3378.593657139433,177.25455230092345
213.4,-0.5225191028315017,-0.28607154388862177,0.36020511872923594,-0.001912311279516194,9.478429314785046e-08,1.560026559806534e-08,9.578535659410883e-09,3.223549287529577e-06,260.88141567808805,734.3033041243693,3861.288363407064,260.88141567808805
213.5,-0.5285782365935265,-0.2883316380270892,0.36041675629927733,-0.001946360947555742,2.626626026674957e-07,3.934112790104393e-08,3.170905366878244e-08,3.2072331320565114e-06,202.8597354270285,786.9625656682513,3279.589905358155,202.8597354270285
213.6,-0.5335264619120788,-0.29016473235647255,0.360105981183162,-0.0017441905305578807,2.3209328295723535e-07,3.499047183614292e-08,2.350560916222186e-08,3.1696677901470917e-06,211.17699782041538,784.1455204868062,4025.2151057977717,211.17699782041538
213.7,-0.5366901004845845,-0.29132530114763583,0.3599701069423527,-0.0016903791850633922,1.259630313042701e-07,1.9899366022258778e-08,1.211691461834087e-08,3.1667508166540257e-06,212.5967042641426,782.4752196832344,4019.216668354771,212.5967042641426
213.8,-0.5373914119558684,-0.2915844681247773,0.35603009072523384,-0.0001233581010635441,1.3902273071544837e-06,1.9900006838426606e-07,2.3736280576737187e-07,3.1820111068701163e-06,187.79199842812403,802.171246610123,3241.2113200924605,187.79199842812403
213.9,-0.5442265040538113,-0.294124960122124,0.35585144131235524,-7.03828659973094e-05,2.466644107409726e-07,3.714184373925324e-08,2.4084469809668898e-08,3.150343888693372e-06,160.3842759381878,835.5112409166869,3740.7800377631042,160.3842759381878
214.0,-0.5479758710553193,-0.29550511279886743,0.35574927611324947,-4.6053524582482245e-05,1.348636445607526e-07,2.1295223300792912e-08,1.2696716138782045e-08,3.1486508912115764e-06,164.3728999716081,831.2481028138699,3734.720674429853,164.3728999716081
214.1,-0.5494344886944443,-0.2960427676003003,0.3558390738267275,-8.614634876140563e-05,1.1050506298301475e-07,1.783810672614923e-08,1.0444360309906232e-08,3.1483149907068464e-06,164.7140074592572,829.9365102410571,3542.715899568251,164.7140074592572
214.2,-0.5560582262966988,-0.29847717491469694,0.3558200606369593,-8.988434892766265e-05,2.611663416041354e-07,3.830747963914826e-08,2.550520933214039e-08,3.134464193410977e-06,162.9399811651301,832.9447176394414,3789.2720684500337,162.9399811651301
214.3,-0.5598182089252419,-0.2998446885003701,0.35581016912607966,-0.0001001103347249818,1.380989203249303e-07,2.1269780104986495e-08,1.3020374883177185e-08,3.1326460912264757e-06,165.3956915279916,830.6803559301849,3782.692831595524,165.3956915279916
214.4,-0.5623528852588833,-0.30075577258931024,0.3558048300484036,-0.00011242054049042089,9.397485253501156e-08,1.51527122907144e-08,8.751770379545545e-09,3.1320235110003863e-06,165.1588726890313,830.8876962228784,3766.9815060691426,165.1588726890313
214.5,-0.5642888994068239,-0.3014452151886996,0.35578694658347704,-0.00011950014247914902,7.113275477559711e-08,1.1980090239806036e-08,6.599114985948474e-09,3.1317086757901956e-06,164.39773651509776,831.5005704318618,3747.5985029807425,164.39773651509776
214.6,-0.5710951960448676,-0.3039441754778157,0.3557245262928467,-0.00010551912649564659,2.616543342892174e-07,3.827284427038735e-08,2.5738403834521815e-08,3.1194132974937855e-06,162.13166689080282,834.0786791104579,3750.5817936782432,162.13166689080282
214.7,-0.5750877565255302,-0.30540049653611256,0.35578101105405346,-0.00013898496138883257,1.38163600556436e-07,2.120668973469321e-08,1.362085394828056e-08,3.1176665479379362e-06,161.23738243914713,830.9826027951927,3475.1754538189048,161.23738243914713
214.8,-0.5776670120192995,-0.3063287713952648,0.35584418698978465,-0.00017625605532110513,9.432532058654788e-08,1.5146858750992045e-08,9.118962171634592e-09,3.1170166508608786e-06,157.3908499727402,837.6530276725065,3648.7779326233417,157.3908499727402
214.9,-0.5796001893248858,-0.30701730889808054,0.35588618564640695,-0.00020534402760790526,7.165831268401783e-08,1.200523918856627e-08,6.847845460629995e-09,3.1166877543733476e-06,159.4077625601973,835.9112545648292,3661.1722856991173,159.4077625601973
215.0,-0.5811549818476422,-0.30756533727483965,0.35590040275851936,-0.00022385183911451017,5.778451424729534e-08,1.0077368849571491e-08,5.476063217178606e-09,3.116488333473378e-06,159.4564392777206,835.9707080596013,3682.412720070918,159.4564392777206
215.1,-0.5824591526073797,-0.3080193352714676,0.3559100104840567,-0.00024100887807785218,4.845753487053887e-08,8.77668900826081e-09,4.55940180590554e-09,3.1163547112319723e-06,160.27589666593974,835.0766648354593,3693.2108901365445,160.27589666593974
215.2,-0.5835701518074575,-0.30840276198127636,0.35591557302613674,-0.0002560976462646729,4.1742126733155765e-08,7.837990087612324e-09,3.904550469938556e-09,3.1162589470201903e-06,158.39594001481157,836.9989533589139,3696.9744783582705,158.39594001481157
215.3,-0.5845229934969037,-0.3087281324633,0.35586204395394927,-0.0002484573863893647,3.6725833551992225e-08,7.135787513099467e-09,3.4102109969587363e-09,3.11618629390002e-06,154.9602541881525,840.1145756182558,3726.331531202809,154.9602541881525
215.4,-0.5847442893285334,-0.30880153729218823,0.35589004033980015,-0.0002629717682752931,3.581575043243146e-08,7.007210639615124e-09,3.331299758335422e-09,3.1161746031662546e-06,162.44137012193613,834.6126778299937,3408.985778555536,162.44137012193613
215.5,-0.5923552067091956,-0.31160461880373613,0.35578704773454006,-0.0002442707545812965,2.873230985112651e-07,4.179800766408283e-08,2.8067570697304467e-08,3.1629398843721283e-06,148.07478667692908,847.3345261603097,3528.9078993000676,148.07478667692908
215.6,-0.5957628472183621,-0.31285082291731203,0.3553084710381298,-0.00014977188423800588,1.7755047163230383e-07,2.662643101644109e-08,1.708742587338079e-08,3.162426234093643e-06,146.59819724571793,847.6117658373781,3520.8160577144354,146.59819724571793
215.7,-0.5978793625142987,-0.3136335045687898,0.35324711037799433,0.0006356399327119469,1.1295534162375656e-06,1.5765897790253263e-07,1.4436216310099805e-07,3.1659289900261483e-06,142.52846923252918,852.0780522677939,3766.379940101306,142.52846923252918
215.8,-0.6045632353950335,-0.31608082932546194,0.3539107112180551,0.0004438190634814979,3.6851844195161174e-07,5.2331966833638905e-08,3.3947668480135055e-08,3.1940729150113428e-06,150.0249345368621,845.2580985234679,3704.784665133664,150.0249345368621
215.9,-0.6090946099791208,-0.31772398819418857,0.3538285378165745,0.0004434338129843334,1.6788438229278676e-07,2.5013529065441878e-08,1.4810131865982827e-08,3.193074525851236e-06,145.57574843576685,849.9628937809478,3815.1747844840716,145.57574843576685
216.0,-0.6120735385562543,-0.3187945552321769,0.35377080250680965,0.00043805630239107825,1.0837516346819139e-07,1.6897521495272903e-08,9.470267686008605e-09,3.192793525701781e-06,147.8035571909345,847.9919619211977,3814.838173837811,147.8035571909345
216.1,-0.6142446383683355,-0.3195675568312555,0.353716312861964,0.0004324743397218211,7.98423038088651e-08,1.29947983918367e-08,6.9775771922616225e-09,3.192660107668428e-06,151.5956907150396,844.8376366319828,3780.0973098247823,151.5956907150396
216.2,-0.6176414000733015,-0.320815979087144,0.35402867330839827,0.00025761412918342375,5.976646929766925e-07,8.359057659099354e-08,9.077721089445286e-08,3.177746572559657e-06,150.8613875892431,842.1245341983013,3009.117176030524,150.8613875892431
216.3,-0.6192600916819445,-0.3214140691794913,0.3540534214837276,0.00024548625054534337,4.777772621732118e-07,6.722982132838983e-08,7.050040115483878e-08,3.1724687286428643e-06,164.61035279384214,817.0796051071549,2526.614247924712,164.61035279384214
216.4,-0.6245017788741511,-0.3233195154287228,0.3539491269889795,0.00028185860830541327,1.8501278206739944e-07,2.7311950650412854e-08,1.989256000251493e-08,3.1593113117107106e-06,150.99064978686093,843.385581095091,3615.4164480323807,150.99064978686093
216.5,-0.6310314477071635,-0.3257030727281966,0.3538343790092398,0.000299822873500691,2.702080186744015e-07,3.8980484393851035e-08,2.6576997879367655e-08,3.141886599626468e-06,149.41775835336284,845.5585645853008,3622.1456606627435,149.41775835336284
216.6,-0.6350260372777701,-0.3271504169301258,0.3537988907386045,0.00029654191005282085,1.436101216129611e-07,2.1689171674924877e-08,1.3551538179438023e-08,3.1399462625296278e-06,148.27784840514445,846.6793016585797,3623.5394911961503,148.27784840514445
216.7,-0.6376943712348966,-0.3281067189315404,0.3537693391130242,0.00029043188969688177,9.800190394956733e-08,1.5452892471665838e-08,9.098117091730056e-09,3.1392808460832607e-06,147.97058545215185,847.0918574545083,3619.035536297263,147.97058545215185
216.8,-0.6397452941370105,-0.328836460701984,0.35376434174511373,0.0002758028062527381,7.455608985594388e-08,1.2243726279704621e-08,6.84642951346386e-09,3.138942914933787e-06,146.01289800790138,849.1341511934094,3621.9231264678465,146.01289800790138
216.9,-0.6413486461910832,-0.3294009041224548,0.35370557869286207,0.00028195283524095515,6.012898153290618e-08,1.0265701679185345e-08,5.475370553971745e-09,3.1387352884205364e-06,144.45614258843761,850.6771220478561,3666.903248575695,144.45614258843761
217.0,-0.6426714605267219,-0.32987432545595896,0.3536954423552675,0.00027679612144660505,5.032810043370987e-08,8.917665881785202e-09,4.5682810721516745e-09,3.138596351830468e-06,144.80951198081536,849.4464386231234,3635.7244362716333,144.80951198081536
217.1,-0.6429980441235308,-0.3299854099091588,0.3536852265785298,0.0002750903267361638,4.861485221295655e-08,8.68149386920733e-09,4.439023760746089e-09,3.1385764113494638e-06,145.03066367040032,846.468660009883,2934.916422147754,145.03066367040032
217.2,-0.6506754336416287,-0.3327903827811884,0.3532182451947036,0.00036805136027756965,2.8427150803553373e-07,4.077876245013277e-08,2.849729248214521e-08,3.1643430246282606e-06,148.39036223557008,848.6938465935897,3446.9953711660633,148.39036223557008
217.3,-0.654801867471585,-0.3342848312375173,0.3529694408384901,0.00041443648053119775,1.466418715868696e-07,2.200988792572214e-08,1.4384560789339955e-08,3.16343110189693e-06,146.60226396775568,849.8933690236701,3448.290057651453,146.60226396775568
217.4,-0.6575541246571258,-0.33527119898687174,0.3529388058551629,0.0004050384971202383,9.899445734793849e-08,1.5502282962134368e-08,9.656667811100767e-09,3.1631232127407064e-06,148.74093037268932,847.9683244592231,3410.5925183954623,148.74093037268932
217.5,-0.6595837467420483,-0.3359889998100676,0.3529892910166033,0.00037404122216693473,7.465643726323641e-08,1.217297346945536e-08,7.288223065040122e-09,3.162967120650439e-06,148.4971810919145,848.8759126778727,3372.7356558506735,148.4971810919145
217.6,-0.66559245076907,-0.338182126976683,0.3516718682233743,0.0007544600139802759,4.972634613703863e-07,6.94906706800627e-08,5.4390994403814856e-08,3.1706712617101688e-06,149.42516310157944,847.2690087499788,3294.321190997279,149.42516310157944
217.7,-0.6674347057918771,-0.338855256882734,0.3514182015756707,0.0008290072580684317,3.961220844354751e-07,5.5766217539296267e-08,4.2606914142743995e-08,3.1695672511078023e-06,140.89196507990968,851.7295865275071,3234.8938685413677,140.89196507990968
217.8,-0.6723378473432202,-0.3406360440365166,0.35139319484195214,0.0008225216838228626,1.7054056501774812e-07,2.512693619976142e-08,1.7086816725375538e-08,3.167174698439792e-06,149.8499551536572,846.417179571079,3510.8284491209934,149.8499551536572
217.9,-0.6738761832313312,-0.341189249530165,0.35153115863247225,0.00077282144062619,1.400999790216809e-07,2.09917127530736e-08,1.403169841064017e-08,3.166887757721583e-06,146.74596477566593,848.9593906165376,3353.180187912518,146.74596477566593
218.0,-0.6766108170602414,-0.34216534706363616,0.351566397790102,0.0007447007312265162,9.570485199994074e-08,1.495739135732089e-08,9.402751979923342e-09,3.1664515583018837e-06,146.63584493343606,850.7031258836316,3511.984994362271,146.63584493343606
218.1,-0.6780586241417379,-0.3426788828670313,0.35142925040454426,0.0007757011100896216,8.150611136915418e-08,1.3027054312831327e-08,7.972643129976018e-09,3.166316721946956e-06,143.50605797469234,851.7208976258057,3410.126451139856,143.50605797469234
218.2,-0.6784844072773564,-0.34283439940040544,0.35145103834191077,0.0007682891714911613,7.758988573401423e-08,1.2492813871743662e-08,7.654339484004323e-09,3.166286669547124e-06,148.90152452272713,843.4734260693285,2838.0385039202406,148.90152452272713
218.3,-0.686243138072765,-0.34565214011769796,0.351522972739319,0.0007139229340289615,2.879743760151886e-07,4.0689117505877877e-08,3.0894757249601675e-08,3.2099680748186847e-06,144.466481834626,852.9369273713503,3190.3681996205005,144.466481834626
218.4,-0.6904820231441657,-0.34717797333378053,0.3516342428534243,0.0006740435894015089,1.4642811106607418e-07,2.1643120963279004e-08,1.5630581780206642e-08,3.2092302033400567e-06,145.63542841140094,852.1730273357248,3163.537079673857,145.63542841140094
218.5,-0.6968211893435196,-0.3494748831582957,0.35159726865080143,0.0006588319029046749,2.470513600531533e-07,3.5199054825354675e-08,2.9537334900449954e-08,3.1776825981663978e-06,143.64703723872077,853.9400187783561,3130.1275066033345,143.64703723872077
218.6,-0.7035248000678694,-0.3518923109169508,0.3509974679442667,0.0009247115434585782,2.822844727962839e-07,3.993797678436859e-08,3.418235767803794e-08,3.1416441966303445e-06,141.71473433578532,853.774162271837,3086.4279069962377,141.71473433578532
218.7,-0.7073266520131044,-0.3532832135096049,0.3509776199798008,0.0009330911475435795,1.5946345158304245e-07,2.3409250613138204e-08,1.7564890363065982e-08,3.137312993631091e-06,138.0491804456779,857.5385364694708,3326.6209405874965,138.0491804456779
218.8,-0.710417778033369,-0.35438986380721443,0.35087403674562984,0.0009727809282956529,1.0438046467412742e-07,1.5981471674159254e-08,1.161699982567246e-08,3.1357604000259133e-06,144.32276796094658,853.398425104438,2917.6349728101204,144.32276796094658
218.9,-0.7122337995865489,-0.35502946131498825,0.35069370498552116,0.0010519394121756005,8.394030157089547e-08,1.3225053523488635e-08,9.308509661321521e-09,3.1351565411988277e-06,141.2069398575918,855.2986808089532,2941.3062164672947,141.2069398575918
219.0,-0.7140467149903306,-0.35566959111363056,0.3505872750597151,0.0010942063868570344,6.613686238614383e-08,1.0822909873142994e-08,6.960095484174412e-09,3.1345415482458896e-06,138.39162307553042,857.6626439096588,3629.535775188494,138.39162307553042
219.1,-0.7155285796730319,-0.3561899980986327,0.3504909740748254,0.0011321319284134,5.4610708519644256e-08,9.265441992254495e-09,5.556695437545546e-09,3.134173642864923e-06,137.18153886869484,858.7664584731406,3634.8003544930416,137.18153886869484
219.2,-0.721872651773438,-0.3584855569946929,0.35002837223049704,0.0013205083967791635,2.5057942089046104e-07,3.542126707740688e-08,2.5723267516122404e-08,3.104152682318552e-06,136.98303852757178,858.8848319387702,3629.267375953807,136.98303852757178
219.3,-0.7232341597722158,-0.35898349846801614,0.34981724863627706,0.0014274005079519436,2.2585613411070577e-07,3.2113034669640295e-08,2.320119853984871e-08,3.1035069049712716e-06,142.051201893287,854.027647414064,3137.8031068284163,142.051201893287
219.4,-0.7254634935471067,-0.35980372224404894,0.3494828762207915,0.0014713962083367756,2.4035115570097094e-06,3.217974307315133e-07,4.533492126232243e-07,3.1551264290867172e-06,174.2427584169247,810.1570888102422,2370.820770876542,174.2427584169247
219.5,-0.7287398535438135,-0.3609985437753521,0.3490284337420553,0.0015863837317830164,1.3782227907325004e-06,1.8527442259583547e-07,2.631688091751142e-07,3.142824305770742e-06,176.52600555329082,776.1684774710128,1862.91138999984,176.52600555329082
219.6,-0.7293446638253507,-0.3612244259518686,0.3508566016813461,0.0009152227665629732,2.3417734194812913e-06,3.1272646007344045e-07,5.03009230860285e-07,3.172697332907726e-06,180.9687397055758,779.1303727283299,2237.4139524258044,180.9687397055758
219.8,-0.7347172766434985,-0.36318779827563846,0.3470548203329811,0.0022036605425258537,2.135077237424492e-06,2.8528195382057996e-07,4.302636609344543e-07,3.1642493608087814e-06,166.7315093808547,815.0968223563099,2899.527605334972,166.7315093808547
220.0,-0.7388181783059996,-0.36468207975617484,0.3473114722768692,0.0021105431521344755,1.5457378845528024e-06,2.0702551144495193e-07,2.717273135712023e-07,3.145828505716927e-06,193.84780152574638,785.727134864865,2773.628589466872,193.84780152574638
220.2,-0.7431806487064303,-0.3662563334414836,0.3532670862238484,0.0010871219830781657,2.6305961795027438e-06,3.4759881652599106e-07,4.3010058730435766e-07,3.239759924135389e-06,164.84454973205192,820.391595227241,2368.237511811837,164.84454973205192
220.4,-0.7591959854105008,-0.3721341379894791,0.3477729296319546,0.0019077679200847953,1.9291729093048975e-06,2.6340929882244707e-07,3.5757820589858205e-07,3.336163348293055e-06,188.61303719689832,790.4327201094468,2024.4175636062278,188.61303719689832
220.6,-0.7709471223966785,-0.3764064531498619,0.3491086749358284,0.001539595832490027,1.948053370180436e-06,2.603650434283938e-07,2.7778662673395335e-07,3.375311253604435e-06,150.54486832658213,837.7854806518347,2635.3911311765078,150.54486832658213
220.7,-0.7783449107126224,-0.37909034374673,0.34932150496158,0.001420978044541038,2.801795630756202e-07,3.9711887776150774e-08,3.795363860712228e-08,3.3761731568900343e-06,168.71378480307797,829.5962037679349,2582.689161795687,168.71378480307797
220.8,-0.7791974034059999,-0.3794048529748688,0.3458751162429597,0.002311188310624294,2.032902868661584e-06,2.7235233599361033e-07,3.702550304768107e-07,3.410778963483093e-06,160.77026990413145,829.7156487714923,2291.7039650550614,160.77026990413145
221.0,-0.7945021034591585,-0.384896443323599,0.34599011831264814,0.002177720458197282,3.702536371341629e-07,5.1137219769466524e-08,4.37328442280291e-08,3.415508758947302e-06,152.87055586703045,844.1834869285874,2989.2914218273586,152.87055586703045
221.1,-0.7968576975630437,-0.3857430900759962,0.3447504235050068,0.0024685453632840976,2.808171892818924e-07,3.946298524421577e-08,3.402846528763925e-08,3.414955547486197e-06,148.41149138332017,841.6522364698898,2562.707998087512,148.41149138332017
221.2,-0.8019299318884722,-0.3875705143680174,0.3426329474383206,0.0029690802300380184,1.5673688836579459e-06,2.0508587004664943e-07,2.424197632732871e-07,3.438634261697921e-06,144.23062085315144,849.9906764507456,2662.142003140989,144.23062085315144
221.3,-0.804902745251529,-0.388637402202236,0.3422932857336531,0.0030613322126703487,9.310914971794091e-07,1.229165019661789e-07,1.4471358479909851e-07,3.4313001383145295e-06,175.38702006794168,819.0354251328771,2275.4711557244636,175.38702006794168
221.5,-0.812058562302456,-0.3911898042765271,0.3421525578417232,0.0030887947573000614,5.61831309889433e-07,7.528749894794517e-08,8.644374674901417e-08,3.4269279642808837e-06,148.58469577553592,841.8100738705513,2229.945422159471,148.58469577553592
221.6,-0.813775136675284,-0.39180975498154036,0.34118960338371557,0.0033543169397871535,4.5883579497421694e-07,6.20025106685227e-08,6.730241373382642e-08,3.425491521264678e-06,147.22128577832933,850.5154837609783,2789.1295897283853,147.22128577832933
221.7,-0.8213612686915653,-0.39447627520984363,0.3408695884175589,0.003312703209175504,2.7697056800854875e-07,3.7812601747958406e-08,3.6499965250885324e-08,3.430077264517594e-06,149.15472242827258,849.4781039565144,2680.9095837006553,149.15472242827258
221.8,-0.8223289146918487,-0.39482666473163003,0.3408269543385806,0.003328031167686993,2.4720374791552967e-07,3.404853008490007e-08,3.3044661549526935e-08,3.429814682604851e-06,149.20277110122217,843.4356672184401,2297.314349392498,149.20277110122217
222.0,-0.8315387771549184,-0.3980963603537951,0.34024098751930104,0.0033806783000743155,1.7508889041325056e-06,2.2315570940279796e-07,3.1011823915306213e-07,3.4573542702136027e-06,139.20740571146374,849.8451518110618,2309.3401344803897,139.20740571146374
222.1,-0.8349512915233109,-0.3993169768536686,0.3394159198766642,0.0036136534606166066,9.62956783379515e-07,1.2399380863469546e-07,1.6472629279539138e-07,3.4462835272036263e-06,150.86058153613618,840.2980225346082,2124.4689582581773,150.86058153613618
222.3,-0.8390757592634647,-0.40076900453265,0.34062965494978725,0.0032730249061368537,7.330408434139354e-07,9.508040395501004e-08,1.1884561431460615e-07,3.4427936120584965e-06,136.17122915427856,855.0222969175708,2368.322887268863,136.17122915427856
222.4,-0.8413155612206096,-0.4015643962462244,0.341788631927597,0.002953938406239675,5.253036600860435e-07,6.89445765159643e-08,8.196505757208893e-08,3.4399915160666435e-06,140.11441673004182,850.5433117433723,2364.488285177632,140.11441673004182
222.6,-0.8460138042255488,-0.4032324758629078,0.34171473722932244,0.002874920072859219,2.2793120895793854e-06,2.912625665169956e-07,4.5023362112830197e-07,3.4740852426396466e-06,140.60647706187015,850.6065899734729,2056.075652276917,140.60647706187015
222.7,-0.8502083838118244,-0.4047257346469057,0.34061225789240585,0.003179453713692441,1.2213646463428854e-06,1.5744842178852427e-07,1.950786811860974e-07,3.4546351975159096e-06,124.29584529787824,866.357501346317,2563.5891645647403,124.29584529787824
222.9,-0.8534329451032509,-0.40586989523055234,0.3407144307982982,0.0031497571319822823,1.040459826017614e-06,1.3455128160184982e-07,1.7142248099172005e-07,3.4528323923866866e-06,140.02119098457732,843.0903320045195,1694.5821945111156,140.02119098457732
223.0,-0.8577153745890567,-0.40738387103036094,0.33996898056652924,0.003219830591517838,1.3325455512186308e-06,1.7067785525269425e-07,2.377818740525135e-07,3.4792020556783718e-06,137.66210159143301,851.090821352168,2096.7295133888665,137.66210159143301
223.2,-0.8686563952141043,-0.41125537096399073,0.34062363927499284,0.002930678301750747,1.533415721735296e-06,1.9517945441975897e-07,2.2521347946721873e-07,3.486613852537629e-06,132.8181026035549,866.1452720691706,2638.4178492763986,132.8181026035549
223.4,-0.8749349926477947,-0.41347766537181974,0.3422400794052768,0.0024898405762642834,9.645705026531685e-07,1.2389185116288274e-07,1.3692219677966816e-07,3.4800610186370926e-06,138.36207978166706,855.6655819597848,2416.0294371696227,138.36207978166706
223.6,-0.8797530151970171,-0.41518111998699236,0.3403950050555341,0.0029891923953388813,7.099401404779752e-07,9.19180967743524e-08,1.006407048336843e-07,3.4773671502622863e-06,173.1905658327917,815.167784722596,2601.8556509081886,173.1905658327917
223.7,-0.8815767391897058,-0.41583418448083626,0.34049184443299924,0.0029658321764577697,5.38558810707118e-07,7.044963887736833e-08,7.847840748511306e-08,3.4757205615506836e-06,137.93688508625192,852.8897061994928,2090.7380543861063,137.93688508625192
223.9,-0.8842738195153806,-0.41679103201585427,0.3403293582321571,0.0030103167776827987,4.58309222001521e-07,6.039918394121359e-08,6.341731535727095e-08,3.4746034617891665e-06,133.8397362860705,863.1860560910736,3059.7414715052173,133.8397362860705
224.1,-0.8873983528603351,-0.417894564266082,0.34082958978629524,0.002872520010876764,3.784538178478505e-07,5.039832303275036e-08,5.1060867381394574e-08,3.4736854611322286e-06,129.49826221981266,868.9629981468189,2822.431910437628,129.49826221981266
224.3,-0.9031183221259715,-0.42344675897383144,0.3373421607976916,0.003301057076567708,1.245142584942706e-06,1.5967030523940912e-07,1.8020245961425377e-07,3.5784106689626814e-06,130.02677630132104,863.1360121241455,2390.4997438654623,130.02677630132104
224.4,-0.8914153618540588,-0.41934311242580263,0.3362182654479876,0.00346176149934722,3.5244089493418174e-06,4.3830156036717824e-07,7.242565821434227e-07,3.6335199956984005e-06,134.75340136951996,842.1703402690978,1927.6785285325373,134.75340136951996
224.7,-0.8731441704802623,-0.4129427145316903,0.33489518618964365,0.0035444049788872257,4.630156265614523e-06,5.704997524595226e-07,7.25482115526154e-07,3.711373417258661e-06,139.4717269163945,847.8216362285124,2331.9065152422645,139.4717269163945
224.9,-0.8734807817477755,-0.4130544271839933,0.333217930651911,0.003817902547204076,1.09366115120944e-06,1.3691704129297443e-07,1.583376299395513e-07,3.6955162348167e-06,224.52965228251279,770.2125210920861,2866.4944203578725,224.52965228251279
225.0,-0.8728897595199723,-0.412837096488804,0.3317369707574058,0.004039533552657265,5.681360748428628e-07,7.099219635187872e-08,8.554886104110514e-08,3.7061908018293437e-06,262.09752089687834,734.3503051939832,2713.418364472185,262.09752089687834
225.3,-0.8739139311519393,-0.4132020839097448,0.33102510218544784,0.004220670975726981,3.0702738989231286e-07,3.962842916864551e-08,4.5248496103855036e-08,3.7037210306282592e-06,246.6220686748498,751.0026742547992,2818.9510937218784,246.6220686748498
225.5,-0.8742867580893385,-0.4133503445995156,0.331366023960081,0.004147359173539867,2.1632313719319542e-07,2.872241850940304e-08,3.2052314719025353e-08,3.7029094573905606e-06,247.82718338826552,745.1987169947477,2650.098006113646,247.82718338826552
225.6,-0.8742045963297205,-0.41332379828966576,0.3314264743018836,0.004133575739124576,1.1813236663898317e-07,1.69482735831512e-08,1.7493546821620753e-08,3.702010050434491e-06,226.03945704702087,768.7901355623012,2626.6969464780577,226.03945704702087
225.7,-0.8737564311287701,-0.4131714479355358,0.331374452389808,0.0040183778539812885,2.1925864932142033e-07,2.878340862811963e-08,3.50743851878299e-08,3.6427053838720226e-06,225.68070253803418,769.2532926162671,2624.258508814109,225.68070253803418
225.8,-0.8730206853643749,-0.4129191010498926,0.3313811844000415,0.003873450226588706,2.215358147217956e-07,2.9003100139468217e-08,3.522514337915526e-08,3.575680008507724e-06,226.18740015946568,768.653463984928,2625.172692375765,226.18740015946568
225.9,-0.871806924880357,-0.41250898592859736,0.3315180435341897,0.0036655837868870356,2.2005942011893503e-07,2.8787400444801757e-08,3.6387123210082465e-08,3.5130509096258858e-06,228.2907204383431,764.5884822189163,2537.5283426546284,228.2907204383431
226.0,-0.8718302106704828,-0.41251930442996565,0.33150412959734193,0.003674689024332317,1.1817490750411733e-07,1.671472891371158e-08,1.833118406262829e-08,3.5071323068803696e-06,219.35082989999947,776.0972067086881,2739.709758166184,219.35082989999947
226.1,-0.8718063711207911,-0.41253005208564475,0.3319141892163984,0.0034495065671103758,9.259343793416542e-08,1.3675878857180323e-08,1.453399334265637e-08,3.505887316222863e-06,216.8986795981573,774.594236968089,2430.8429997749076,216.8986795981573
226.2,-0.8714564861834655,-0.4124117844005401,0.3319425186607708,0.00332997323127177,2.481423188136507e-07,3.217284530716404e-08,4.639559854283213e-08,3.5861648421935286e-06,221.83849142870812,768.0801852432706,2170.580789514281,221.83849142870812
226.3,-0.8717770351066213,-0.4125292638467817,0.33205996305354657,0.0033137270771620084,1.8403377222633513e-07,2.4556007929963902e-08,3.496825186395328e-08,3.585829618712486e-06,214.26803180455562,773.5315429881333,2055.9781309278,214.26803180455562
226.5,-0.8718294491378863,-0.41254905244677736,0.3321176464102849,0.003304818399663052,1.0803533007344026e-07,1.5499301692901302e-08,2.006643161958194e-08,3.5853863215121795e-06,221.49872191516002,774.2020725977003,2128.1222752009207,221.49872191516002
226.6,-0.8709967621515828,-0.4122617562208783,0.3321638355968321,0.003164110959944902,2.186018824221198e-07,2.8648012763036174e-08,4.163896619909428e-08,3.536799624479318e-06,220.44707425177393,774.8969523758444,2156.835078963609,220.44707425177393
226.7,-0.87168753579369,-0.4125162442693463,0.3316303028953332,0.003467749426519994,1.4404469923545275e-07,1.977192939313008e-08,2.7220665259270285e-08,3.532344226438014e-06,213.6461454360338,769.6435740395665,2128.1353438192923,213.6461454360338
226.8,-0.8714352710530907,-0.4124300705768332,0.3316334814839409,0.0033489863337314335,2.613477627378037e-07,3.359739542437532e-08,3.8051283028682754e-08,3.6087601736372592e-06,222.33950693149907,775.2499560219435,2622.549133580786,222.33950693149907
226.9,-0.8681325033911923,-0.4113049487769744,0.33169540587536894,0.0032065040818243817,6.08731915809224e-07,7.482872402166163e-08,1.119643097599225e-07,3.580736772202019e-06,213.66287851427984,781.0954974267735,2513.868560694365,213.66287851427984
227.0,-0.8677284808467055,-0.411167630038095,0.33165486758830554,0.003105149760759349,2.483685153694181e-07,3.1952600063069385e-08,3.741938951207286e-08,3.5770073314900287e-06,251.42035709089677,746.51893483707,2641.359202899944,251.42035709089677
227.1,-0.8660215825320904,-0.41058821409781365,0.3314594610686127,0.003111469547161806,6.473531597730085e-07,7.931484818111158e-08,1.2825742271837262e-07,3.5527794433813746e-06,234.84689128644467,761.0178282963008,2340.7799086824903,234.84689128644467
227.3,-0.8642306606319947,-0.40998690953733824,0.33101248800060384,0.0033670029371196666,4.675031092956358e-07,5.8026213465087916e-08,8.916695966023486e-08,3.5411513564797063e-06,202.65711708149777,784.1298698747877,2057.9890740303526,202.65711708149777
227.5,-0.8644536238901871,-0.41005786536775046,0.32795147657102663,0.0037393080984212943,9.344692495985587e-07,1.13015727633839e-07,1.522279603204403e-07,3.6313630847762472e-06,223.6908835255256,771.3603431436248,2351.466082293215,223.6908835255256
227.6,-0.8638907045637434,-0.4098741473041476,0.3280327683356255,0.003592205942204255,2.5460879810023746e-07,3.2251464219990846e-08,3.8522292706142476e-08,3.625941562084383e-06,218.9790447187131,779.6126678604803,2537.5865150126933,218.9790447187131
227.7,-0.8630051627094126,-0.4095752097629596,0.32798370929839027,0.0034997360677260104,2.266411262615827e-07,2.8920344488459662e-08,3.6078252332676506e-08,3.570721327849209e-06,219.8441298505118,778.6192600449024,2532.249568153479,219.8441298505118
227.8,-0.8627171159181755,-0.40948070462643493,0.3278842824896216,0.0035571281012825484,1.8908380841459443e-07,2.456442128898851e-08,3.017238767058939e-08,3.5689146459818276e-06,215.70182338304667,779.8629903216581,2278.645995135038,215.70182338304667
227.9,-0.8627405664822909,-0.40949082911871515,0.32787589370050146,0.0035631957907239797,1.1380935198075786e-07,1.584271686097927e-08,1.6382919180884292e-08,3.564707185926085e-06,203.88076945752164,793.9435503155784,2803.295322656426,203.88076945752164
228.0,-0.8614715319939915,-0.4090610071945764,0.3278991332283227,0.0034284258898090226,2.3720171698837425e-07,3.0114212100379435e-08,3.286032318159929e-08,3.508095690885856e-06,204.85355744154162,792.9583203586255,2802.9467134123975,204.85355744154162
228.1,-0.8608405309708115,-0.4088481734911177,0.32790404258312783,0.0033109824620300788,2.4063131804697996e-07,3.0496903839574224e-08,3.296259785172498e-08,3.4496096550810792e-06,204.23371732127637,793.5387042301205,2805.23773214788,204.23371732127637
228.2,-0.8590839188283976,-0.40823887542986154,0.3272521614075,0.0035543206966237068,4.604346186836456e-07,5.596196885753017e-08,7.45496179307967e-08,3.407663602721487e-06,195.62319517921668,798.9187444912037,2564.273805210965,195.62319517921668
228.3,-0.8582844770098956,-0.40797305344584706,0.32753042077518985,0.0034042271240736924,2.3701210238955996e-07,3.009147700898171e-08,3.445435219103279e-08,3.395374512317272e-06,196.51702635195406,801.5120082407469,2739.805486800303,196.51702635195406
228.4,-0.8578642802976706,-0.4078332866295954,0.32750479421086615,0.0033016068782400643,2.6080186263150614e-07,3.2723940712380255e-08,3.490460149944177e-08,3.3990314288903867e-06,204.35956728687887,793.6532180577208,2813.2007014830715,204.35956728687887
228.5,-0.8578818325283974,-0.40784006167060266,0.32750822217446335,0.003301170183155568,1.3371225788333925e-07,1.8025134804496723e-08,1.7653080900898983e-08,3.3976789976913725e-06,203.90701695001832,794.083137313472,2814.2928780397215,203.90701695001832
228.6,-0.856793193911539,-0.40747171061493076,0.3275125635515354,0.003190438332880624,2.299068676781807e-07,2.910564498981922e-08,3.2700717836241994e-08,3.3553773480235357e-06,204.09734410322167,793.9435827644584,2814.2523758569837,204.09734410322167
228.7,-0.8546302058821666,-0.406743274244953,0.32863090845950504,0.0024899665304084304,4.877936666788746e-07,5.889032565513787e-08,8.009100376704573e-08,3.3208748899496045e-06,197.15418722057814,796.8643316946919,2582.6837515211664,197.15418722057814
228.8,-0.8542886633845959,-0.4066276380530696,0.3286589003954941,0.002406151153735626,2.740156699446323e-07,3.4449745688346806e-08,3.8209454755565685e-08,3.341187596628593e-06,194.49533609064815,801.0780918624322,2600.6959064872626,194.49533609064815
228.9,-0.8524243341384511,-0.40598778453242856,0.3283040924852933,0.002504042372237429,5.834543684332478e-07,7.048777815182392e-08,1.0038004575908785e-07,3.320384181977158e-06,186.24532281775353,806.1387471387714,2508.1013959209877,186.24532281775353
229.0,-0.8518327161082883,-0.405788548620017,0.32828349403854945,0.0024323325269268756,2.608938673751507e-07,3.2848762532935576e-08,3.617150530532296e-08,3.3169303411413836e-06,206.11557393829142,791.0819739184443,2719.6165286480154,206.11557393829142
229.1,-0.8520074307647844,-0.4058512099354505,0.32838489871463766,0.0024065375573188046,1.95135909582609e-07,2.5208660396485692e-08,2.7158381830308622e-08,3.316216149063827e-06,202.14818446611383,793.2705665433157,2591.0379655074044,202.14818446611383
229.2,-0.851694469163702,-0.4057469953511794,0.3283714038851883,0.002334948665972615,2.470520337918751e-07,3.1174074817326644e-08,3.663681578428279e-08,3.3303755528669015e-06,213.58286521809276,783.4248074332874,2683.0484681375938,213.58286521809276
229.3,-0.8517070349352098,-0.40573797599183464,0.327886819292148,0.002454080379167545,1.7878899219133638e-07,2.3257928812758556e-08,2.6821859993128037e-08,3.329670971499918e-06,196.91870867779514,797.1112298957619,2526.032372819784,196.91870867779514
229.4,-0.851742606954822,-0.40575310212676663,0.3278740729436097,0.0024598202930059656,1.0802460479690422e-07,1.5025642775695713e-08,1.566204819450985e-08,3.328859451705108e-06,206.16581979972162,790.6386949704353,2675.8581207467455,206.16581979972162
229.5,-0.8510311017744671,-0.4055124288716574,0.32788652165341464,0.002374058513735128,2.2762550755355992e-07,2.8821233546087212e-08,3.4301995699973185e-08,3.2911744729968465e-06,205.54067679005243,791.1968008699628,2674.698163341484,205.54067679005243
229.6,-0.8513967907056648,-0.4056395848303878,0.3282540799740607,0.002182890550673545,1.697601915214887e-07,2.211927366027149e-08,2.5133405987291374e-08,3.2886426658465516e-06,201.59867759258765,794.4214030746547,2594.5259529900122,201.59867759258765
229.7,-0.851577120058805,-0.40568812764034895,0.32784230463524533,0.002389531441283032,1.4008042330152678e-07,1.868893924957691e-08,2.0743852982922902e-08,3.2874314325761808e-06,188.39622329471482,806.4010911444678,2535.730778817923,188.39622329471482
229.8,-0.8517481398439475,-0.405725121149426,0.32770699506805223,0.002444853912498285,1.1600917552656792e-07,1.589841535493278e-08,1.72398591526044e-08,3.286461493020077e-06,195.90784876446213,797.3382884308623,2480.309879375128,195.90784876446213
230.0,-0.852411044753835,-0.4059645980961403,0.3266298592330441,0.002551653269143147,8.748563230739795e-07,1.0357223793681739e-07,1.526889229818282e-07,3.3834580710978975e-06,205.89434232384502,785.7027887365153,2266.2610575924505,205.89434232384502
230.2,-0.8516762391815942,-0.40572162962507796,0.3272050886253742,0.0023682162420187772,7.301179955099819e-07,8.638509566645233e-08,1.0426972609346816e-07,3.452539110423259e-06,198.3034617621451,799.2265562127716,2685.435631492536,198.3034617621451
230.3,-0.8512975767311588,-0.4055939702513666,0.32722808357682587,0.002284710984470414,2.5124374377324456e-07,3.1385435873662415e-08,3.515079427283312e-08,3.457749285541233e-06,217.43623322202924,781.4980561552351,2786.1320060190196,217.43623322202924
230.4,-0.8501641413136415,-0.40521079376452235,0.32728589025901683,0.0021788706708884146,2.240507598499813e-07,2.8243733612047084e-08,3.3071399136422435e-08,3.4118690409266217e-06,217.54521050819568,781.3483900303304,2782.705209468651,217.54521050819568
230.5,-0.8480033537670713,-0.40446536936082167,0.32597172392822793,0.0028170647669861063,4.5673058598531933e-07,5.511202753812656e-08,8.213846238704462e-08,3.3750641038848945e-06,201.75450579150228,791.9138106504039,2360.8185587911285,201.75450579150228
230.6,-0.8489382330225658,-0.40477686027675086,0.32596517770267563,0.0028173142771109583,1.6904137258130768e-07,2.1890750222289166e-08,2.701307069194469e-08,3.3586606884528016e-06,219.9968416896793,774.4352728655078,2497.3340984895094,219.9968416896793
230.7,-0.8489534761865606,-0.40478388424196676,0.32595983212623403,0.002821231265439001,1.0316313946379504e-07,1.4269663485774575e-08,1.636434341765525e-08,3.3554935025947737e-06,218.716269684305,777.0312844254067,2433.7902442147956,218.716269684305
230.8,-0.8482210676995993,-0.40453732891892225,0.32593615544861626,0.002742785913995921,2.220808094512037e-07,2.77458996278766e-08,3.750391158234671e-08,3.3129311278581477e-06,219.02861162199756,776.6296687485807,2433.9896170673237,219.02861162199756
230.9,-0.8473600557164626,-0.40424834646205926,0.32593076567549567,0.002658814799114158,2.2489615300343205e-07,2.8036156449703848e-08,3.770698919818591e-08,3.2671193426379286e-06,219.2677142006583,776.3493642923917,2434.3799264585427,219.2677142006583
231.0,-0.8458216110818245,-0.403737782568034,0.3266600719045038,0.0021971529729511454,7.259900450800426e-07,8.528658366088186e-08,1.6086876655972788e-07,3.258028498065825e-06,220.85552452748018,767.9428996884736,2006.0988991368208,220.85552452748018
231.2,-0.8454334811870055,-0.4035979002763,0.3251139395145915,0.0023575120587650774,1.3856762118782327e-06,1.6158215826103693e-07,2.131435171170594e-07,3.359567727047945e-06,178.61711943369954,814.1408084962728,2412.134608607452,178.61711943369954
231.4,-0.8467898340326941,-0.4040653853194887,0.32757632920110613,0.0019264023509192405,8.860095711267688e-07,1.0326067063632398e-07,1.330764340927235e-07,3.4685171437823175e-06,198.42537893737165,796.2787002604459,2461.37733699517,198.42537893737165
231.6,-0.8493514275850721,-0.40494457109887116,0.32710455983956843,0.00194831203710338,1.3778531407684556e-06,1.6160384269789247e-07,2.264472847584318e-07,3.5558965153143025e-06,202.96398281896626,788.1849672572116,2356.265766071533,202.96398281896626
231.8,-0.8491199384861158,-0.40486993103613966,0.3270476000319431,0.0018924941225015156,2.581720736883871e-07,3.249875587860248e-08,3.776084486071511e-08,3.6290539869893017e-06,187.35554957558134,809.4907777339149,2649.485558870494,187.35554957558134
231.9,-0.8479856499038663,-0.40448884929881995,0.32699330402138993,0.00185037404755649,2.2434426344405685e-07,2.857052790021793e-08,3.6546760235734364e-08,3.577748040027029e-06,186.3863295523811,808.6869877095181,2518.1016433968307,186.3863295523811
232.0,-0.8441715531709936,-0.403191564717675,0.3263403176486139,0.002156115627753209,7.234697580119293e-07,8.602020019714394e-08,1.4019109320497925e-07,3.5496212298184084e-06,177.8855341552119,816.1204906932527,2403.2339537815396,177.8855341552119
232.1,-0.845002355093909,-0.4034810815983333,0.3252924910802274,0.0027561434298734545,3.8361717764094355e-07,4.6888171220944264e-08,6.88578548917863e-08,3.5264741089626785e-06,188.23188711450132,803.1689304836261,2204.615951959853,188.23188711450132
232.3,-0.8454514472536677,-0.40362903229780706,0.3249685073593847,0.002937973656121681,2.451177407979034e-07,3.0963846322798515e-08,4.302213620266091e-08,3.518094823464051e-06,171.69986721689287,820.4741950830611,2178.249861362695,171.69986721689287
232.4,-0.844943670088655,-0.40346167537072997,0.3249244898118417,0.0028534190871249672,2.563227019995067e-07,3.1862933502199826e-08,3.612625385281733e-08,3.5115362570923036e-06,181.7468751391674,816.0539072351042,2719.389909970929,181.7468751391674
232.5,-0.8457881462913143,-0.4037556388131424,0.32549910114313785,0.0024502885816435806,3.057755094050603e-07,3.747275534755063e-08,5.518034567371092e-08,3.4682641106060715e-06,172.9710444008145,816.0576239570506,2221.637281429609,172.9710444008145
232.6,-0.845335859971218,-0.40360502977666807,0.3254815969199573,0.0023760104052777337,2.492091780274984e-07,3.1069032559198e-08,3.696526653352784e-08,3.483540224486777e-06,189.7250094391606,808.1203158481667,2673.0010771693196,189.7250094391606
232.7,-0.8446306296918026,-0.40336846370199186,0.32549430734133267,0.002288768866857707,2.212698231145049e-07,2.7865082899039743e-08,3.4445237002195054e-08,3.4373723269420964e-06,190.20776669520444,807.5885332342798,2674.372751092329,190.20776669520444
232.8,-0.8446384531379648,-0.4033681386129494,0.3252836871275954,0.002398859891580944,1.6484727140003616e-07,2.143383635491669e-08,2.5931439727476192e-08,3.4349688659187328e-06,185.56660476631333,808.3636041176169,2331.775876764258,185.56660476631333
232.9,-0.8437409059496466,-0.40307846928092,0.32666395453163133,0.001940912231181703,6.678264883922323e-07,7.868136047644621e-08,1.1186330821786653e-07,3.444286961853186e-06,179.3811237375325,811.8933762783859,2262.072620941246,179.3811237375325
233.1,-0.843475498036822,-0.4029902874312799,0.32663993404538433,0.001883967360440475,2.5864819861749007e-07,3.2423702147347195e-08,3.8439264238162466e-08,3.5438615319448326e-06,187.57580149414375,809.9481395766863,2600.0167718475477,187.57580149414375
233.2,-0.8428460452057099,-0.4027780545429648,0.3266360381386672,0.0018190779005562148,2.2455165898397082e-07,2.84949524363175e-08,3.5365328839900716e-08,3.4978402084100977e-06,186.98641382354919,810.6113068019475,2600.6997668700697,186.98641382354919
233.3,-0.8419517175772699,-0.40247737918659504,0.326660633077036,0.0017435922498449878,2.232253405226042e-07,2.8320210591512898e-08,3.5332613298274e-08,3.4413837137157046e-06,187.75185066780955,809.9166945540347,2601.715804987429,187.75185066780955
233.4,-0.8381367907376998,-0.4011815273962806,0.32540094080674625,0.0023777110324302094,7.281528322927607e-07,8.63173460244941e-08,1.4836845094066054e-07,3.4217710137368333e-06,180.18945270243975,812.408305625506,2214.717582843392,180.18945270243975
233.5,-0.8381719864076235,-0.4012044114128752,0.32618312086034673,0.0021113953631347756,5.318253891582125e-07,6.339454639267205e-08,8.75643146262565e-08,3.4243654155139044e-06,181.4967333473854,812.1097064276374,2358.6384896371956,181.4967333473854
233.7,-0.8382135341535478,-0.40122182952115176,0.32615536743685986,0.0021216152092424973,1.768721473406989e-07,2.2912960751328496e-08,2.6867929044714502e-08,3.420404517687468e-06,182.6469865569268,813.5116396656441,2606.6943630016094,182.6469865569268
233.8,-0.837567565551634,-0.4010044752145295,0.3261045551120066,0.002078113425539622,2.2513811453575028e-07,2.8488463322569084e-08,3.533512087700568e-08,3.37787186367141e-06,180.9135924194344,815.7050475303238,2601.7004512470694,180.9135924194344
233.9,-0.8368301096907809,-0.40075761925738557,0.32611219036874434,0.00200743364220123,2.2611669021625376e-07,2.8582765349475517e-08,3.5398729256352306e-08,3.328561426497202e-06,181.69090830142437,814.8568642250133,2603.162017631675,181.69090830142437
234.0,-0.8361779284906413,-0.4005398260944145,0.3259711181300132,0.0020201287766137103,2.256107708331897e-07,2.8506545199841965e-08,3.650641186796651e-08,3.2820627565946323e-06,181.50332092436855,814.7072465972267,2517.360730226289,181.50332092436855
234.1,-0.8355940540698931,-0.4003410358255094,0.3237950253829994,0.0030995365454753974,4.269964165117356e-07,5.1513483082259285e-08,8.532686340670464e-08,3.2516964655388814e-06,179.01409684756376,811.8083505312769,2106.2515057614382,179.01409684756376
234.2,-0.8356453075840402,-0.40036757758698455,0.32333678535234167,0.0033478542600376745,2.8786667490201836e-07,3.560016918206664e-08,5.3737426982151594e-08,3.242918118625993e-06,180.5066783151172,810.290184668747,2243.6420659784817,180.5066783151172
234.3,-0.8311597365083864,-0.39886868659272934,0.3258568239377467,0.0028392628556692732,5.549215452959547e-07,6.500258266658417e-08,8.167999858948266e-08,3.335808657406641e-06,190.0296567828327,807.6916671626959,2658.3439761629193,190.0296567828327
234.5,-0.8344154794623945,-0.39995801285058463,0.3177648611086117,0.004041552577906067,2.3350138974090695e-06,2.691346299388871e-07,4.839655894142298e-07,3.4386994792907806e-06,202.41286536669557,762.7361006515307,1832.4555994564644,202.41286536669557
234.7,-0.8348384912804886,-0.4001290071459349,0.3242012609784379,0.0029514685946180545,3.0059428178089653e-06,3.307812469788761e-07,5.533589175780377e-07,3.545294597604027e-06,257.4154878437269,710.6042646367729,2199.391566093538,257.4154878437269
235.0,-0.8318771768967119,-0.3991265959347297,0.3266759141573044,0.0024755544158411684,1.922953196243593e-06,2.2004512292806293e-07,2.7475254801636396e-07,3.638679169561327e-06,195.8753936809586,798.5809187163067,2821.999678468166,195.8753936809586
235.2,-0.8312676597191081,-0.39892498279089567,0.3265473870541378,0.002414913983144925,4.789825396301066e-07,5.896187533975911e-08,5.563854058210483e-08,3.72627295299686e-06,182.18187014055235,816.814233306672,3208.5255053828005,182.18187014055235
235.3,-0.8311108778731117,-0.39888680586569647,0.32672909234389313,0.002393282588538904,1.7391957759543021e-07,2.3962811334856294e-08,1.9974831551676404e-08,3.7253651608616775e-06,181.33034954178115,817.4546894944033,3210.5467350765703,181.33034954178115
235.4,-0.8297661421651198,-0.3984341104174388,0.32697983027824923,0.0021680185718072655,2.2862655882472285e-07,3.024026428290447e-08,2.8652498477474197e-08,3.6643455987814834e-06,180.27229252351145,818.2311917647418,3238.041167299197,180.27229252351145
235.5,-0.8297747459891351,-0.39843810285412806,0.32694861151846194,0.0021864531209073485,1.248502103346398e-07,1.8281755258708736e-08,1.4868514998241166e-08,3.659769617147537e-06,179.60897890276598,818.9794895350016,3237.442662611086,179.60897890276598
235.6,-0.8298408149221166,-0.39843792155086083,0.3268024335355492,0.002260756435421826,1.1121958167043461e-07,1.6704270021552725e-08,1.3306982090053114e-08,3.6592499608436944e-06,179.13928708351477,815.5112433367966,2893.4850669226576,179.13928708351477
235.7,-0.8295688652173745,-0.39834520646059923,0.3268012603681813,0.0021802482114339715,2.6560698300060295e-07,3.439875711835637e-08,3.137020767818778e-08,3.7288614225831106e-06,181.47300962558967,816.7205544244273,3165.671374736048,181.47300962558967
235.8,-0.8287001508026051,-0.398051897035171,0.32676931123310454,0.0021248434766632258,2.3100955196391205e-07,3.038166372262172e-08,2.9056623397216718e-08,3.6684687085798797e-06,181.23468554027778,816.7208251022668,3197.352201384567,181.23468554027778
235.9,-0.828705584317759,-0.39805279761970963,0.32677505358433245,0.0021212190193242195,1.2488476623944496e-07,1.8142864101581014e-08,1.5139321332727936e-08,3.664009989137282e-06,181.4649215086414,816.724945679321,3166.0613014098913,181.4649215086414
236.0,-0.827738086705533,-0.3977262148230805,0.32675426230283316,0.002059271501690217,2.2763303650260495e-07,2.990331769202757e-08,2.8960709823827405e-08,3.599987373689152e-06,181.02238687989663,816.9202069591113,3198.5001229128943,181.02238687989663
236.1,-0.8273873582709648,-0.3976079671134232,0.3264901180238863,0.002140528127740154,3.4553681015956447e-07,4.3410672745243356e-08,4.7829636938093167e-08,3.5415139887359e-06,182.07584731817082,815.5783002361163,3085.6479615752546,182.07584731817082
236.2,-0.8273992948812398,-0.39761176465837145,0.32650251668458824,0.002133288298220578,1.526658261934966e-07,2.1191984928305577e-08,1.9161797612466345e-08,3.5319763218578163e-06,188.8232285982933,808.6058054522184,3131.1521528096996,188.8232285982933
236.3,-0.8239837329747501,-0.3964388031445858,0.3255127484756646,0.002615942196015874,6.245020644741088e-07,7.527554509400206e-08,1.0902348414266563e-07,3.5005941473360676e-06,184.45056633057771,807.5281751656304,2593.0093282633725,184.45056633057771
236.4,-0.8237427613204648,-0.39635779570985047,0.32550557537508584,0.0025235917106350004,2.6642274382379515e-07,3.3917292091484256e-08,3.0554100164714525e-08,3.5444070027101186e-06,198.96971981595078,797.6911155232458,3248.9073310427066,198.96971981595078
236.5,-0.8227749710145081,-0.39603231057467664,0.3254848120596675,0.0024516708672591386,2.31745736228178e-07,2.991699669292624e-08,2.8634276513120998e-08,3.4943745179631207e-06,198.9758250748459,797.6773788452414,3249.552587740811,198.9758250748459
236.6,-0.8219621857822013,-0.3957619686648669,0.3258638612207856,0.002159572079011288,4.902952924601866e-07,5.939767223782012e-08,7.514872554081182e-08,3.452042934285667e-06,187.16446791912077,807.3316637226382,2824.4604992620343,187.16446791912077
236.7,-0.8225306399180425,-0.3959456710049749,0.3258200970354775,0.00218021288330966,2.426946975020627e-07,3.119603786448476e-08,3.403632865421291e-08,3.4392044105951234e-06,183.37139912602873,810.9180351946834,2672.9978830391615,183.37139912602873
236.8,-0.8213702146073247,-0.395557180202403,0.32627292947436315,0.00199936322322594,6.562732146825269e-07,7.845261236571058e-08,8.824318228934654e-08,3.4631765429867065e-06,187.15773025130076,807.3346196936209,2824.0659099237123,187.15773025130076
236.9,-0.8205841876143826,-0.3952803891027737,0.32654999075908847,0.0018515728997301397,5.923482924536566e-07,7.141301352883951e-08,7.402850974193598e-08,3.4682160561214195e-06,177.64841766727662,819.501630340324,2989.8343112123694,177.64841766727662
237.0,-0.8205856674820958,-0.3952824094861027,0.326541755761402,0.0018545418552289269,1.9160725847045783e-07,2.5420544425162242e-08,2.335983125752678e-08,3.464349226860746e-06,196.07519472364282,800.6120530505546,2933.803630506931,196.07519472364282
237.1,-0.8196036050747914,-0.3949490580413598,0.3265524238806375,0.0017882587799026336,2.3830080983857726e-07,3.074526008835974e-08,3.144679860249784e-08,3.4177195380032702e-06,195.62726804599052,801.0885179791734,2931.4345306541986,195.62726804599052
237.2,-0.8196011071736325,-0.39494958163639643,0.3265595479384308,0.0017849856255813248,1.2952769417531948e-07,1.8228292593206104e-08,1.6366157615480725e-08,3.4133104946013635e-06,196.06842999653088,800.6155013809065,2934.1935786483646,196.06842999653088
237.3,-0.8196045697164076,-0.3949498230276415,0.3265527707795146,0.0017882552179486033,8.909698823240548e-08,1.3552110165472735e-08,1.1065027763518909e-08,3.411756545277974e-06,195.6050818376288,801.1087587703977,2931.592098516975,195.6050818376288
237.4,-0.81897051906413,-0.39473465627819215,0.32656786039020047,0.0017209606933620751,2.3549981834074768e-07,3.03099452508995e-08,3.135386785025261e-08,3.3656116087341105e-06,195.41800458795842,801.2809203986278,2932.5837407281415,195.41800458795842
237.5,-0.818385455082577,-0.3945211786595214,0.3264480866228312,0.0017804520295864944,2.0337256011404176e-07,2.6631580041093848e-08,2.6936314937961863e-08,3.3642823713264565e-06,178.9207679512627,813.2379414962421,2618.3826684220808,178.9207679512627
237.6,-0.8177405424512822,-0.39430190138298826,0.326448318384111,0.0017214267011857417,2.5473024861187527e-07,3.252991298419e-08,3.142983512353589e-08,3.332911081475251e-06,182.34186698218917,812.8716577556846,3044.6125089038346,182.34186698218917
237.7,-0.8168727203818329,-0.394009247562016,0.3264422307527896,0.0016698749815871757,2.39755848968363e-07,3.078684849192117e-08,3.045655702080076e-08,3.289407483707645e-06,182.33110918611962,812.8736844103306,3044.1448137471325,182.33110918611962
237.8,-0.8160980741397741,-0.39374639571571757,0.3264494017953084,0.0016127640633378515,2.39370449123705e-07,3.070990235987355e-08,3.0449963869157166e-08,3.245254119733374e-06,182.34066421839918,812.8729020582975,3044.348725348379,182.34066421839918
237.9,-0.8149209849868798,-0.3933490270891075,0.3264371527654131,0.0015689309912096238,2.3934698548953444e-07,3.0679563297226816e-08,3.044725649583349e-08,3.203573248482947e-06,182.33556945468035,812.8665525684663,3044.609064051002,182.33556945468035
238.0,-0.8149238327971475,-0.3933494913494353,0.32644339370377484,0.0015655032306680198,1.3000910702844972e-07,1.8111469212287516e-08,1.5822080270509203e-08,3.1995895778530524e-06,182.3457796753454,812.8650583488517,3044.6795551565547,182.3457796753454
238.1,-0.8148808853268427,-0.3933099288430052,0.32660000035717346,0.0014751535797144545,1.0338619047057871e-07,1.5036512673170032e-08,1.244862960415416e-08,3.1986697597384756e-06,184.83876597899675,806.9571036617461,2979.4079913994046,184.83876597899675
238.2,-0.8142496592746535,-0.39309677215840055,0.3265961107625371,0.001430923868001184,2.4818538384537767e-07,3.1429234859715093e-08,3.125732568461804e-08,3.1998572551099234e-06,220.71677453467635,773.7159514931112,3110.1824721446005,220.71677453467635
238.3,-0.8142450659300361,-0.39309477012309285,0.3265988600194956,0.0014299076676798428,1.2849459889153512e-07,1.7656805116737298e-08,1.5866870718450415e-08,3.1983546024060456e-06,220.7348220026294,773.7174169910705,3110.4597552352097,220.7348220026294
238.4,-0.8137675222733096,-0.39293397195392193,0.3265761790555736,0.0013979912053021903,2.2409108223720456e-07,2.8588778995250446e-08,2.975035129369688e-08,3.166128513081446e-06,220.72974933818148,773.707732368366,3110.1135273639093,220.72974933818148
238.5,-0.8126919482778084,-0.3925693129107657,0.32658590824392764,0.001350116095923226,2.2632193038669875e-07,2.88142403118489e-08,2.983220690156902e-08,3.1294964185153287e-06,220.73064391555982,773.7137113758889,3110.591667116463,220.73064391555982
238.6,-0.8126938784440678,-0.3925695287153394,0.3265954067874414,0.0013451453601755032,1.223826292434744e-07,1.6859048933010194e-08,1.549076774225507e-08,3.12577956668002e-06,220.7128672119306,773.7311013485245,3110.7720750107337,220.7128672119306
238.7,-0.8126955356256736,-0.39257090003113676,0.32658715349951806,0.001349600941828941,8.390878835304493e-08,1.2415243811993047e-08,1.0462234693118028e-08,3.1244745254459833e-06,220.70870961854425,773.7251738551363,3110.768640539899,220.70870961854425
238.8,-0.8126986648369127,-0.39257142452536176,0.3265910984245414,0.0013474240259479348,6.386005145470955e-08,1.0085955541262094e-08,7.898606527254812e-09,3.1238078642688264e-06,220.7045086182135,773.7438721773281,3110.9106923201343,220.7045086182135
238.9,-0.8127740384369079,-0.3925657135242741,0.3264840465953937,0.0013919386697512017,5.9019689786754223e-08,9.527575532718601e-09,7.325213445451488e-09,3.1236585436952615e-06,201.26678225482823,787.9269941718524,2738.1966588854175,201.26678225482823
239.0,-0.8127797125543432,-0.3925674023036976,0.32647908683508015,0.0013943871827690152,4.809111065629068e-08,8.245280531202194e-09,5.900567142758913e-09,3.123284782594738e-06,220.96682727552277,777.3468429047758,3301.19812551653,220.96682727552277
239.1,-0.8120359960580037,-0.39231647465250763,0.3264503715581854,0.001366934786671019,2.163206652216262e-07,2.7500923286848463e-08,2.8072113373277425e-08,3.094384498185605e-06,220.85674374072232,777.4701746098388,3300.664137277517,220.85674374072232
239.2,-0.8109065240127518,-0.3919338424392064,0.326444407263994,0.001328889846843459,2.2025664889537238e-07,2.7925484586652725e-08,2.8188565341327102e-08,3.061789474449213e-06,220.91892013060706,777.4063335653177,3301.5500720357077,220.91892013060706
239.3,-0.8096752802999259,-0.39153097155268163,0.32662677254601613,0.0012035877685492584,6.379696601143988e-07,7.589922003452243e-08,1.0852195103765481e-07,3.0506489884028102e-06,186.904343870303,803.6832561657495,2694.2207194630464,186.904343870303
239.4,-0.8093905236927142,-0.39143531019875605,0.3266218481952488,0.0011707521232141695,2.664085335036867e-07,3.331481635713204e-08,3.0937618137801057e-08,3.14781747317416e-06,210.14233692392511,782.5254323930319,3216.6807284063643,210.14233692392511
239.5,-0.8084986421047673,-0.39113254324134356,0.32661920543299794,0.0011387295357605815,2.3105663297643938e-07,2.923160220174778e-08,2.8920607281958698e-08,3.121359933007509e-06,210.13511033386337,782.5512947452412,3217.47679471043,210.13511033386337
239.6,-0.8084936245969416,-0.3911320020765976,0.32661365989658414,0.0011419842792927775,1.2488000329081206e-07,1.7020737906484697e-08,1.500104000550066e-08,3.118135754506322e-06,210.13047475967514,782.5441762645792,3217.1245834598367,210.13047475967514
239.7,-0.8072262280659402,-0.3907012343148966,0.32660755495149124,0.00111008908762322,2.2768497720816265e-07,2.8793677107258663e-08,2.8844306868455468e-08,3.087867712479475e-06,210.09896927319818,782.5966945897978,3216.448320271189,210.09896927319818
239.8,-0.806532238918803,-0.39046689853652183,0.3265905692429464,0.001085807038230657,2.3018767961094988e-07,2.9056063174419244e-08,2.8925721333374877e-08,3.0556861140906055e-06,210.1418139153827,782.536329894647,3216.106967684172,210.1418139153827
239.9,-0.8065256134777424,-0.390464554851634,0.3265922999954361,0.0010848996620236272,1.2461901838952483e-07,1.6917601610848267e-08,1.5003433544427586e-08,3.052238515824419e-06,210.1122453104837,782.577286575623,3216.5828844251478,210.1122453104837
240.0,-0.8067511744978692,-0.3905305868695823,0.3265153124311531,0.0011182364190337076,1.1413579061386528e-07,1.5710962963062467e-08,1.3841753229754555e-08,3.051950182236182e-06,207.00465630990078,783.570320105755,2868.4154138898734,207.00465630990078
240.1,-0.8051868415657216,-0.38998187777014415,0.3245337559436153,0.0018132327438232627,7.758546515988048e-07,9.163901596278833e-08,1.216745997401409e-07,3.055362344051897e-06,193.4588789884254,799.4662348357236,2740.6297530616907,193.4588789884254
240.2,-0.8049239763684372,-0.38989506891034265,0.3245117111227518,0.001760010558839115,2.622837060491461e-07,3.2128217255475805e-08,3.34667806148756e-08,3.155074015323404e-06,255.30524630043217,737.2779968338789,2972.4843010329987,255.30524630043217
240.3,-0.8042726860281904,-0.38967699441021086,0.32447706500488005,0.0017264800215251,2.276425204541567e-07,2.8160242571740873e-08,3.11322270381165e-08,3.1289568960943022e-06,255.35677855534124,737.2730114756,2973.384150206537,255.35677855534124
240.4,-0.80325929164254,-0.3893348054604019,0.3244968821752453,0.0016638722764017286,2.264446948570153e-07,2.799456544756197e-08,3.114320997505383e-08,3.095154956339422e-06,255.44244652425186,737.3641675051953,2971.322891339987,255.44244652425186
240.5,-0.8023700557652639,-0.38903489863652235,0.32453753497813737,0.0015935311272336366,2.270425965290526e-07,2.804030345312749e-08,3.1141153389901217e-08,3.0625888276537328e-06,255.47368823392785,737.1184159571151,2971.7404507937317,255.47368823392785
240.6,-0.8017431148417815,-0.3888247020991255,0.32450048849202984,0.0015650696827906533,2.2707021847539476e-07,2.8027452906538327e-08,3.113669537885162e-08,3.0318766328229455e-06,255.27466006401778,737.3135768559567,2972.086753855823,255.27466006401778
240.7,-0.8017553359528866,-0.3888287726107367,0.32448863573637443,0.001570889530006117,1.22722909144278e-07,1.6193450438994518e-08,1.6192135529144967e-08,3.028234728166861e-06,255.14966694808336,737.487365068967,2972.7126462267947,255.14966694808336
240.8,-0.7993083184633454,-0.3880012336006413,0.32368309420862074,0.001916077578924535,6.398382692641358e-07,7.472498946703021e-08,1.1140074435852741e-07,3.0221307179619175e-06,245.06225899483306,746.8023376121519,2770.7088914552096,245.06225899483306
240.9,-0.799763773465326,-0.3881467407405692,0.32083781189263083,0.0029331771987396787,6.784391390480076e-07,7.891198584132594e-08,1.0033175546294685e-07,3.004039541232598e-06,209.96019047929772,780.92146203426,2708.0434536666116,209.96019047929772
241.0,-0.7997533320978036,-0.38814365458196964,0.32083797351070387,0.002933341768877551,1.9383978552982552e-07,2.4316447425334538e-08,2.4280155921384635e-08,2.9930564968728335e-06,210.76685538751317,783.7404070891051,3130.7957043326523,210.76685538751317
241.1,-0.7997430987052739,-0.38813890542250457,0.3208351953372704,0.0029336848331220616,1.1324172482572816e-07,1.521879141043362e-08,1.381628129673957e-08,2.9915405909531316e-06,209.7719670643169,784.6504952293631,3129.9857933084436,209.7719670643169
241.2,-0.7997378381560036,-0.3881363678825718,0.320840598850694,0.002931217150986393,7.997372239438132e-08,1.1449328956191806e-08,9.65450559699198e-09,2.990934283979581e-06,210.85900442210956,783.6305041101559,3131.4970215883504,210.85900442210956
241.3,-0.7987935970050015,-0.38782422973514935,0.32082144177457284,0.0028559312515687827,2.265606673404122e-07,2.74814080045052e-08,2.9557464838188153e-08,2.969713095234737e-06,209.7908479743682,784.6257597966014,3129.959170771409,209.7908479743682
241.4,-0.7979952694913743,-0.3875581417262259,0.3208284732233614,0.002769986014243947,2.2973295820789854e-07,2.7783925208836054e-08,2.967326467851867e-08,2.9444172746968467e-06,211.02869992953438,783.4048711716166,3130.698171123144,211.02869992953438
241.5,-0.7970416305838334,-0.38724177541802096,0.32082570558164425,0.002692554403713177,2.302935597856394e-07,2.783016127833716e-08,2.9668536266373217e-08,2.9204732067573324e-06,209.6768686729659,784.7854493812432,3131.211590201263,209.6768686729659
241.6,-0.7970443141140146,-0.3872418257562366,0.32082746040385063,0.0026913160331028013,1.2452148560215765e-07,1.6125324883587175e-08,1.5403459213836333e-08,2.9172527900539006e-06,210.90719469275857,783.5782472608698,3131.9898006835874,210.90719469275857
241.7,-0.7970466169353418,-0.3872434522567116,0.3208261864086454,0.002692335690092218,8.54253301341191e-08,1.178777506489546e-08,1.0403201144813615e-08,2.916121306653942e-06,209.73552353505082,784.7175671685278,3131.608913727102,209.73552353505082
241.8,-0.7970357547403036,-0.3872428209534618,0.32089399762647114,0.0026615977947123696,7.532277159207006e-08,1.0666549452868527e-08,9.18810625615768e-09,2.9158448573549785e-06,203.42203672562547,790.3141173299687,2914.601059588763,203.42203672562547
241.9,-0.797168840774776,-0.3872811596258328,0.32069190435459216,0.0027546422759578957,6.918504678408529e-08,9.987644443312933e-09,8.425725880097195e-09,2.9156702077216512e-06,192.94782741017087,804.4570874200365,2872.906074178034,192.94782741017087
242.0,-0.796224655916983,-0.3869624108497491,0.31914210574082147,0.0029188826017854876,8.507117699506326e-07,9.631585715635499e-08,1.230017699332266e-07,3.0151202943334276e-06,181.70354686913743,811.6918335274291,2410.287435554338,181.70354686913743
242.1,-0.7962363955584933,-0.38696608352191675,0.31914829166764713,0.002917791296908,2.0361380573033655e-07,2.4860976454137412e-08,2.4762800005968542e-08,3.012662235043816e-06,194.37303557880503,802.6989762023624,3230.610465774039,194.37303557880503
242.2,-0.7953712192827803,-0.3866812879635204,0.31914333539664297,0.0028370359155152646,2.2619824446343948e-07,2.710179916806174e-08,2.876051691212138e-08,2.9928033753794306e-06,195.77086032612607,801.346776017597,3229.8078153855718,195.77086032612607
242.3,-0.7947677049537839,-0.3864815766691658,0.3191405522224242,0.0027560352359086962,2.273750868045011e-07,2.7186439902379202e-08,2.878250853114582e-08,2.9666259356956223e-06,194.41906581295507,802.6513540437785,3230.4295356122257,194.41906581295507
242.4,-0.7940966329654564,-0.3862601158649455,0.3191290424562287,0.0026824944388541983,2.266783957881038e-07,2.7084355988097384e-08,2.8785445541856455e-08,2.9414549474554258e-06,195.80315801438897,801.3120589353147,3229.970015398737,195.80315801438897
242.5,-0.7941083202700506,-0.38626373687165166,0.31912979814636167,0.002682031461452101,1.227685710001484e-07,1.572191551014996e-08,1.4928598568292776e-08,2.938282788045697e-06,194.41857329730215,802.6495944427719,3230.596969835484,194.41857329730215
242.6,-0.7930512458182862,-0.3859127844515891,0.3191210617272927,0.0026090559506340323,2.242175827294631e-07,2.677902462339753e-08,2.8706883565756638e-08,2.917659263015264e-06,195.8403421676861,801.2802277200196,3229.875408998021,195.8403421676861
242.7,-0.7932481018908797,-0.3859543455842241,0.3183315834309771,0.002974169006746047,1.9130810567689338e-07,2.318518633982075e-08,2.5149016944820503e-08,2.9168577521715327e-06,187.98396989132291,799.4721223528741,2418.402644346028,187.98396989132291
242.8,-0.7928512989111405,-0.3858233257018161,0.3183152431026267,0.002892447531526034,2.5005543476037656e-07,2.938260105733108e-08,3.105264977956518e-08,2.971810988396256e-06,212.4416518954879,785.374010080699,3177.2581798706224,212.4416518954879
242.9,-0.7919232889783335,-0.3855178096997008,0.31834494142675385,0.002796867606021725,2.2159083435425093e-07,2.627421681991292e-08,2.9241647909369237e-08,2.953220042754417e-06,211.4853766742449,786.3580755189696,3177.139257508311,211.4853766742449
243.0,-0.7909044106746693,-0.3851813239854139,0.3183347909648195,0.0027211135245813686,2.2173348045686208e-07,2.6277551303941866e-08,2.9241996509449366e-08,2.929313580867643e-06,212.2038857513233,785.7594982479042,3175.677523446163,212.2038857513233
243.1,-0.7900894345789354,-0.38491345082671824,0.31831700205671565,0.0026525134048333474,2.2099976248071893e-07,2.6183367902079648e-08,2.9232469274483876e-08,2.9062508696003537e-06,211.48708267573855,786.3617281114731,3177.482899161837,211.48708267573855
243.2,-0.7901020533516381,-0.3849167829315962,0.31831658095100945,0.0026524065938379,1.19326676676961e-07,1.5122920825789262e-08,1.5170296311526027e-08,2.9031105902450905e-06,212.25272457308387,785.7687504074253,3176.7249708344743,212.25272457308387
243.3,-0.789320722302529,-0.3846592058610801,0.3183173802972618,0.002577271905946029,2.1874330432737594e-07,2.590277891989067e-08,2.9148985450591498e-08,2.884429078722087e-06,211.4932243392547,786.3636825426248,3177.480075021558,211.4932243392547
243.4,-0.7892859153005473,-0.38464718706451995,0.31832045760854555,0.0025756322655851732,1.1852008223602538e-07,1.5001595135416085e-08,1.5147421148195483e-08,2.88134431798589e-06,212.46566979821353,785.4029225426863,3177.5035636689363,212.46566979821353
243.5,-0.7894544445647013,-0.38471922633741507,0.3184180798260032,0.0025357419583627618,1.0327183565821943e-07,1.334139790834647e-08,1.3174672672300769e-08,2.8809090339128333e-06,209.99149304803228,786.6049113240018,3045.794692528724,209.99149304803228
243.6,-0.7885176243819799,-0.3844104821525702,0.3184333945547025,0.002459420583947223,2.3682165577139798e-07,2.7892007583699306e-08,2.9254073321158304e-08,2.881261738936394e-06,197.98841623595524,799.4106794925061,3272.6394063379817,197.98841623595524
243.7,-0.7877255106481508,-0.384148926588096,0.31843424930996783,0.0023913340030096313,2.243073014996016e-07,2.6525418480842104e-08,2.841125752118473e-08,2.8634949586125275e-06,198.00571759695393,799.3963909776404,3273.2937284499485,198.00571759695393
243.8,-0.7852692579315419,-0.3833236317101437,0.3166355728142712,0.0031501334804747397,6.494806948423561e-07,7.275564335711173e-08,1.0836653181987769e-07,2.8612835552147963e-06,186.6597346187755,804.0476392185113,2702.4133940441993,186.6597346187755
243.9,-0.7853074404732268,-0.38333724834096383,0.31663088048563093,0.0031526290688872376,1.904398254745133e-07,2.2838901379877795e-08,2.4307912331715102e-08,2.8433644228575066e-06,197.87877700198877,799.6211301779823,3194.6713133248,197.87877700198877
244.0,-0.785308571663641,-0.383337498216172,0.31663285429647825,0.0031516786919140224,1.1175359696885686e-07,1.4271672214322186e-08,1.3690342866272777e-08,2.8410998262632737e-06,196.61068813696534,800.8876135371265,3194.3753253397426,196.61068813696534
244.1,-0.7828999255434842,-0.3825478050731428,0.3158826506326319,0.003409129212139822,5.095972907456393e-07,5.689620838091746e-08,7.802395534664872e-08,2.83633342152306e-06,191.80811366413366,802.5490435593713,3102.960186294318,191.80811366413366
244.2,-0.7823486654452735,-0.3823683948314966,0.3158626395673199,0.0033169694031277295,2.506978977442949e-07,2.8902003674054487e-08,3.004604643352282e-08,2.867767708354089e-06,203.7221784911064,792.7011856829183,3268.822847872959,203.7221784911064
244.3,-0.7815072319456816,-0.3820950060653787,0.3158773990327139,0.003221549856420403,2.238389170284971e-07,2.6000767891637177e-08,2.845556111977027e-08,2.8533412797903747e-06,204.67380464098412,791.8174259514616,3269.375319366193,204.67380464098412
244.4,-0.7808016749872679,-0.3818640135052576,0.31585687147987895,0.003141913151131893,2.2379090888743312e-07,2.598453891714262e-08,2.8461654831649108e-08,2.834840389038817e-06,203.7497240639837,792.6772542013732,3267.982180058432,203.7497240639837
244.5,-0.7810435836590142,-0.381931336412892,0.31547382306100785,0.0033133316795874814,1.7672977980458687e-07,2.0970685028632266e-08,2.2317101853185063e-08,2.8335426995924657e-06,180.80386009256404,813.4684591940885,2984.828273234968,180.80386009256404
244.6,-0.7810583201487173,-0.381935719473143,0.3154670119128867,0.00331629337607613,1.0586051978931874e-07,1.3400943897033503e-08,1.294000303217275e-08,2.8315620046309366e-06,188.063200593913,807.8302623431272,3253.2755021437088,188.063200593913
244.7,-0.7803442713214205,-0.3817035974988871,0.3154696638791465,0.0032242139691245246,2.2119814646686018e-07,2.5661805756653108e-08,2.8485428748617695e-08,2.8169874962486065e-06,189.10975800535977,806.802988884938,3255.7173487742184,189.10975800535977
244.8,-0.7798049631684268,-0.3815281089117431,0.3154369868991182,0.0031512413153432298,2.2420614845574017e-07,2.59719366940744e-08,2.8563310209640464e-08,2.80006585212043e-06,188.00565513436595,807.8507936703259,3256.9665193199007,188.00565513436595
244.9,-0.7777319036658114,-0.3808470924180407,0.3151670572863542,0.00318615763975874,4.2706801241643084e-07,4.758513673470067e-08,7.343448999894225e-08,2.7932272025871984e-06,183.10375691668187,806.8989491515475,2414.6770673920073,183.10375691668187
245.0,-0.777732382533658,-0.38084765643705915,0.31517665439849446,0.0031819614669642365,1.6403196384728414e-07,1.9529938395511457e-08,2.2374353953153224e-08,2.7827796104191947e-06,197.07360993320555,799.092357121856,3112.089849249197,197.07360993320555
245.1,-0.7777498040881791,-0.3808541942864838,0.31517362721477393,0.003183626958899279,1.0159628211496545e-07,1.28592558530825e-08,1.3204776531069408e-08,2.7809020613356547e-06,197.90141093061334,798.3225793103875,3108.3647056181676,197.90141093061334
245.2,-0.776371278233517,-0.38040552821411855,0.31516487271858756,0.0031017832753093837,2.236511977743967e-07,2.5799973988214117e-08,2.9691145707592727e-08,2.769119506980199e-06,197.05929486258592,799.1009952674286,3112.073638479039,197.05929486258592
245.3,-0.7763932688485836,-0.3804135402853537,0.3151581111225691,0.003105110085215853,1.2163191921902095e-07,1.4937806268535417e-08,1.545174035610832e-08,2.766232630045565e-06,197.89935285827957,798.324112286932,3108.451344641154,197.89935285827957
245.4,-0.775681880482496,-0.38018112203375665,0.31515745887718094,0.0030218295750556565,2.2481211170881747e-07,2.589204796053535e-08,2.972929289402058e-08,2.7547665691976615e-06,196.712155266518,799.4830887547245,3109.126186374742,196.712155266518
245.5,-0.7748998704639671,-0.3799145277280964,0.3138200288770776,0.003532479394345866,5.239425817966989e-07,5.7706681749658645e-08,7.994824886917471e-08,2.7511118237730463e-06,186.76858370558327,804.9758366824337,2943.446478562126,186.76858370558327
245.6,-0.7742156538899573,-0.3796931799293425,0.3138354702873401,0.0034294934704243818,2.4425996280264833e-07,2.7744993180809525e-08,3.077530370996426e-08,2.7468038115208817e-06,202.49767626222493,790.9862372986669,3121.9038286601563,202.49767626222493
245.7,-0.7742328680360857,-0.37970042901202505,0.3138277445706054,0.0034327274127949493,1.2759077624478056e-07,1.5419342802056018e-08,1.571531055161527e-08,2.74502033674186e-06,203.46833417989455,790.0542818364726,3121.3333173618867,203.46833417989455
245.8,-0.7732932910263766,-0.3793951833786976,0.31381491004963213,0.0033476772836979964,2.2528202584183606e-07,2.5680031072216602e-08,2.963933492597368e-08,2.7358503477921104e-06,202.51717332260142,790.960484096283,3121.953716641435,202.51717332260142
245.9,-0.773312817500432,-0.3794033643986202,0.31380558953727394,0.0033523861679959784,1.2221211580675187e-07,1.4807286841887502e-08,1.5411772722077564e-08,2.733089475328659e-06,203.46738413799278,790.0472791066785,3121.994526983336,203.46738413799278
246.0,-0.7733163047112432,-0.3794041595996215,0.3138117494186575,0.0033495637199581754,8.394636899060498e-08,1.0763668968808238e-08,1.0413757409446558e-08,2.7321188415739954e-06,202.5284336462034,790.9361617480952,3121.9285119607634,202.5284336462034
246.1,-0.7733168323725355,-0.3794040914179721,0.3138126469585502,0.003349089993640969,6.393088198383033e-08,8.642674289487362e-09,7.863700760020001e-09,2.731623023508804e-06,202.4709753502344,791.0026352458427,3122.153767261134,202.4709753502344
246.2,-0.7734070353520417,-0.37942353112663113,0.31370999471370536,0.0033910593043583463,6.014387409159626e-08,8.243191951090787e-09,7.477839497492302e-09,2.731548059887183e-06,187.36579328077087,801.0044980157559,2496.8416605249768,187.36579328077087
246.3,-0.7730083363400264,-0.3792948284133304,0.3137084239146205,0.003300958654472219,2.3822484883930876e-07,2.683443328620704e-08,3.289730990570285e-08,2.7991658580719443e-06,248.04343241995184,743.6830852149214,2999.968477578982,248.04343241995184
246.4,-0.7722441925037096,-0.3790467461958,0.3137148809074362,0.0032139534811944956,2.1223799436833244e-07,2.4086825929797396e-08,3.089459395519371e-08,2.7897302175373056e-06,246.65695392479924,744.980899864699,2998.962680251057,246.65695392479924
246.5,-0.771476543318307,-0.37879783364546654,0.31370171435196237,0.0031337178378885275,2.1173027426644326e-07,2.402019898554207e-08,3.092742853602105e-08,2.7748311915350824e-06,248.35001738116787,743.5500801847925,2994.469112528035,248.35001738116787
246.6,-0.7681670861751623,-0.3777209814719726,0.31188594544200543,0.003861927246092637,7.237288271490389e-07,7.793437733209711e-08,1.3307059384893535e-07,2.780728437459115e-06,225.78502366630272,761.9369566333265,2712.8749553974467,225.78502366630272
246.7,-0.768167425087542,-0.3777208330499573,0.31189795305016105,0.003856479116648289,1.7673826771737202e-07,2.03053716199008e-08,2.691723424151357e-08,2.75941900049991e-06,262.21579337634245,731.8145856312043,2971.218241512195,262.21579337634245
246.8,-0.7673275361954205,-0.3774511210543159,0.31188804192501357,0.003757656737509688,2.0184202073037402e-07,2.269865517582822e-08,3.110368025854913e-08,2.746390355663617e-06,262.2171602121113,731.8126197368871,2971.717422547097,262.2171602121113
246.9,-0.7666848889479323,-0.3772444263056013,0.31187617878641394,0.0036629572298885974,2.0228748267917488e-07,2.2706156361980025e-08,3.112997249805606e-08,2.7332505036550875e-06,262.2018937891114,731.8215245284891,2971.7119304189787,262.2018937891114
247.0,-0.7666953217352833,-0.3772475067118512,0.31186512244144465,0.0036677893795705706,1.0845091074569048e-07,1.2938146048753185e-08,1.6192143627930574e-08,2.730309110314142e-06,262.203139347929,731.8234308301037,2971.8363008897754,262.203139347929
247.1,-0.7669992832673987,-0.37734316566354253,0.31221645124538056,0.003511356117956375,8.730150831670511e-08,1.0737358246524605e-08,1.2949215033839156e-08,2.729670420548341e-06,253.8777002655019,739.062000114959,2959.2106470499493,253.8777002655019
247.2,-0.7665146352251618,-0.37718534803848675,0.3121964761324159,0.003421687198640428,2.4199105723745566e-07,2.6972103510405535e-08,3.394643191445412e-08,2.776982407964657e-06,219.1574216882396,776.5714960901321,2884.3143383271267,219.1574216882396
247.3,-0.7663582669410983,-0.37713188806235265,0.3115552001613431,0.003563933907470829,2.0201100387222527e-07,2.281274020937754e-08,2.864903226767053e-08,2.7767185852172025e-06,203.57491691889678,785.4865996305251,2499.26298398521,203.57491691889678
247.4,-0.7660473944031414,-0.3770314588084128,0.3115423562738967,0.0034690044465375855,2.551910927480112e-07,2.8248645907601126e-08,3.119611399697854e-08,2.901114453041438e-06,216.3020119174402,777.3100412002501,3188.03740537713,216.3020119174402
247.5,-0.7653819666347421,-0.3768169115045315,0.3115385576172314,0.003378570752217005,2.2269626818079152e-07,2.486550680640985e-08,2.9155281232679562e-08,2.8877922576617126e-06,216.2963073291446,777.3242056786797,3187.9904770848743,216.2963073291446
247.6,-0.7653902288559159,-0.37682001139110194,0.3115301494606029,0.0033824066644676364,1.199707566365593e-07,1.4201176879136451e-08,1.5126502429441026e-08,2.885033898898213e-06,216.28069259492918,777.341528416352,3188.1550399668968,216.28069259492918
247.7,-0.7642045552839974,-0.3764378899059871,0.31152757645931717,0.0032891419755312866,2.1970583350348835e-07,2.4533238013819877e-08,2.9068608854237903e-08,2.8676397905966708e-06,216.296365875547,777.3216216929911,3188.0135002340066,216.296365875547
247.8,-0.7641642736145461,-0.3764177383551271,0.3114284027667967,0.0033336000268895526,1.7509720053575848e-07,1.9901056304320103e-08,2.2777713533254735e-08,2.8662768917063832e-06,221.22645047349778,770.2603329040656,3214.8786914066,221.22645047349778
247.9,-0.7635305252487691,-0.3762179998544279,0.3116408548407454,0.0032357539480509312,1.4700641086180053e-07,1.69945159782623e-08,1.8960556155202622e-08,2.8654494576762985e-06,198.42164304044158,795.8478560539326,2875.4808201839755,198.42164304044158
248.0,-0.7635268582765143,-0.37621747365816927,0.31164208461673487,0.0032353358588501444,9.675380660954532e-08,1.1783063127490182e-08,1.2052442322856198e-08,2.8639515701811883e-06,204.33418536305092,790.6750233147001,3028.9028003596895,204.33418536305092
248.1,-0.7628393069217092,-0.3759954768098597,0.31160642118108794,0.0031618359785040217,2.3553646308085036e-07,2.619965323328677e-08,3.0462263653656046e-08,2.848282569880356e-06,203.75202747184724,791.2675897592292,3027.3806514027274,203.75202747184724
248.2,-0.761690959116253,-0.37562613574216275,0.3115743460960798,0.0030895572408163635,2.391722391623588e-07,2.6566906431577036e-08,3.058190419075277e-08,2.8296875739143423e-06,203.72280009398708,791.3023816393002,3027.2085476696147,203.72280009398708
248.3,-0.7612162093897364,-0.37547282359621026,0.31155116880012323,0.0030154142435897795,2.392536959810355e-07,2.656063188016127e-08,3.057330849831268e-08,2.8120881874082264e-06,203.84436699655657,791.1543171106015,3028.103177557122,203.84436699655657
248.4,-0.7612180536935762,-0.3754730699179145,0.31155760522588943,0.003012400844441674,1.2975716122691946e-07,1.5191936064143582e-08,1.5891564696308855e-08,2.80902416721747e-06,203.82089336291446,791.1897648178897,3027.8687596328978,203.82089336291446
248.5,-0.760320092018855,-0.37518448679446437,0.3115232692688298,0.002946031208409095,2.360060353141297e-07,2.6198335236708818e-08,3.047175721342148e-08,2.7954299519601426e-06,204.41609950203218,790.5896052072974,3028.903366248537,204.41609950203218
248.6,-0.7593843028063988,-0.3748825155656468,0.3115454687213892,0.0028561436779442947,2.391748584257852e-07,2.6513973130826022e-08,3.058383423041234e-08,2.779691422624572e-06,203.83057536904076,791.1839971990839,3026.840797535579,203.83057536904076
248.7,-0.7593692084392867,-0.3748778275552146,0.3115351909347818,0.0028608164302498787,1.295885554476867e-07,1.513968874478841e-08,1.588826646689521e-08,2.7766960146916263e-06,204.42919717369935,790.5636089983433,3030.245104390374,204.42919717369935
248.8,-0.7593784092346146,-0.3748683008840636,0.31145279699486805,0.002895533474615461,1.0114734333661755e-07,1.2178697095105467e-08,1.2603653727192527e-08,2.7760263716998824e-06,212.91574200679992,780.3749510059583,2849.9850018899087,212.91574200679992
248.9,-0.759347701824795,-0.3748587007621464,0.3114357018505801,0.0029033058640481834,7.415142872246694e-08,9.362488769171126e-09,9.003470663041121e-09,2.7752920359688413e-06,214.1350241082152,781.302960427526,3178.879377947489,214.1350241082152
249.0,-0.7584811272717199,-0.3745801957179979,0.3114359293089871,0.0028250054867920912,2.298222035852836e-07,2.546071221512574e-08,2.9088432420795543e-08,2.76449009772432e-06,216.34577803745805,779.0744691971247,3179.742382019148,216.34577803745805
249.1,-0.7584276391532114,-0.37456250659861795,0.3114153902200697,0.0028341469124797108,1.2566194838168438e-07,1.4657660750235918e-08,1.512607363376068e-08,2.7616684344750316e-06,214.11498929000362,781.3221985065571,3179.2038657935386,214.11498929000362
249.2,-0.7572299432592102,-0.37417817960268984,0.3113919538472858,0.0027688769718016504,2.3074112730919347e-07,2.552877483257973e-08,2.9106951750322403e-08,2.750373192607827e-06,216.9431375374596,778.4681735639303,3181.8821471203973,216.9431375374596
249.3,-0.7569269594406572,-0.37408267242363047,0.311553517627016,0.002697037801031828,1.2616743343940345e-07,1.4689258118952362e-08,1.517895621315895e-08,2.747589658281e-06,212.4405871784013,782.946926163431,3158.1920090017156,212.4405871784013
249.4,-0.7570799913806335,-0.37410977414408625,0.3114717406934685,0.0027294868224246828,1.1700319316130618e-07,1.3739844506449025e-08,1.4151250231831534e-08,2.7473843387598024e-06,205.60774185345198,786.7205443503818,2777.920893880751,205.60774185345198
249.5,-0.7571671220521388,-0.3741355373708437,0.3114195260695516,0.002752402090609405,1.1460363333642534e-07,1.3492655901521126e-08,1.3981933308981846e-08,2.7473505100764553e-06,178.24039797736347,812.6110106521246,1824.0273024905273,178.24039797736347
249.6,-0.7572486768613402,-0.374158507301758,0.3113727099951327,0.0027727195676411427,1.1246445049251353e-07,1.3273076442977693e-08,1.382118343466566e-08,2.7473183589191424e-06,166.93370049212885,816.3198626129441,1767.6028842447454,166.93370049212885
249.8,-0.7573361210812182,-0.37418548897880977,0.3112523818169234,0.0028262852730518376,1.0953117365410488e-07,1.2965016815577762e-08,1.354958117839545e-08,2.7472640759005237e-06,264.6935131766656,727.7197868234382,2474.4487943673553,264.6935131766656
250.2,-0.7571860100290839,-0.3741365408094397,0.3113590753792544,0.002778480945077315,1.0713618228574224e-07,1.2713728160482267e-08,1.3374143661430602e-08,2.7472289948545924e-06,262.4494441250176,733.2687808622057,2009.155573893246,262.4494441250176
250.4,-0.7572458808061847,-0.37413123747880717,0.311290518143877,0.0028045732554193,9.106624661256651e-08,1.1041820079496698e-08,1.1787823559418479e-08,2.74691209264867e-06,220.88406692177392,773.9352040618245,2297.686473190058,220.88406692177392
250.6,-0.757056097865996,-0.3740715943793221,0.3112148229513309,0.002738683741377739,2.3960118851257195e-07,2.6363265842110234e-08,4.1473640540730424e-08,2.89301959891515e-06,234.48149692323742,762.6293963104764,2399.520855093545,234.48149692323742
250.7,-0.7563826462399407,-0.37385550828044173,0.31118271830704824,0.0026770275846940365,2.1007871742650715e-07,2.3293631848326623e-08,3.8006348880987184e-08,2.882768783881442e-06,234.59193785404074,762.3924743182364,2397.3089291,234.59193785404074
250.8,-0.7564141050634876,-0.37386707864263813,0.31116361849779633,0.002685526930241683,1.1275429011461305e-07,1.3211925152122295e-08,1.9919630725965337e-08,2.8793770259599313e-06,234.61908429436843,762.3334836619645,2398.5788249667416,234.61908429436843
250.9,-0.7555302461919108,-0.37358353103887465,0.3111486645379727,0.0026171135964450144,2.0760351351783107e-07,2.3012167319005044e-08,3.777895149731232e-08,2.8634147418691625e-06,234.65125496136415,762.2825958712186,2400.041881229608,234.65125496136415
251.0,-0.7553240391249308,-0.3735042032595144,0.3109882629200085,0.0026893183398976586,1.660512775498955e-07,1.87173283599825e-08,3.072986326668907e-08,2.8619005302168956e-06,220.38927941960767,771.5250638651929,2050.9371369566584,220.38927941960767
251.1,-0.7553258877456767,-0.3735046012883593,0.3109845033672537,0.0026910277907021152,9.985780597823884e-08,1.1870473514044907e-08,1.7485414781148922e-08,2.8590532292501965e-06,222.73420354299802,776.2210091177875,2465.2971015879125,222.73420354299802
251.2,-0.7553386666711785,-0.3735094801876674,0.31097498066761964,0.002695567205196098,7.146976862548781e-08,8.929249895646641e-09,1.2219827421713479e-08,2.8579210817619543e-06,222.9789662916122,775.9508373671116,2465.698662155426,222.9789662916122
251.3,-0.7544039045982609,-0.37320913581685194,0.3109713318408665,0.002622424646826587,2.120803731051918e-07,2.3447393578189813e-08,3.673428171997882e-08,2.8438820236880056e-06,223.2971229773465,775.6563532784821,2462.812502920591,223.2971229773465
251.4,-0.7536199522679069,-0.3729588857097456,0.3108153170059787,0.002622024760553268,2.151930893167901e-07,2.3763456226125036e-08,3.6900316494827345e-08,2.825586414997812e-06,223.26625503064767,775.6847099372579,2467.0614973150823,223.26625503064767
251.5,-0.7504377061150023,-0.37194490408543796,0.31219035606436485,0.0019249398679571416,5.016072661324753e-07,5.33468135992818e-08,1.020330532481632e-07,2.821797675573557e-06,198.08275847897963,796.390767360518,2107.4293315169734,198.08275847897963
251.6,-0.7501520245806035,-0.37185153805425686,0.31218117709764037,0.0018733609381933836,2.3203022767163352e-07,2.5741027496201725e-08,3.875960289209349e-08,2.9344663508930575e-06,223.53184571413638,772.3219642641865,2562.1059820831542,223.53184571413638
251.7,-0.749797242606718,-0.3717402462453196,0.3121978735174666,0.0018169099914262029,2.046415113286488e-07,2.2885604894741052e-08,3.573173821034709e-08,2.920985229001867e-06,223.09268735753363,772.7979868814134,2560.2270166515536,223.09268735753363
251.8,-0.7492117708342921,-0.37155100677244335,0.3121772521748285,0.0017750337556234424,2.0376583870888849e-07,2.2789312958950868e-08,3.571386225951181e-08,2.89934393913043e-06,223.6016998524402,772.3098460307477,2560.535169290291,223.6016998524402
251.9,-0.7471558607469053,-0.37087646793076395,0.3097975792145394,0.002829898059316476,5.771710701589027e-07,6.170537350126518e-08,1.174226893532891e-07,2.8958913164403355e-06,209.62365084812234,782.387293212021,2312.342031821784,209.62365084812234
252.0,-0.7469217021668927,-0.37080319579972737,0.30978459930129726,0.002748503986916645,2.485010800327655e-07,2.712111750964011e-08,3.9914903113403765e-08,3.0023019533136697e-06,218.538975085083,778.5512352187872,2487.0668099641707,218.538975085083
252.1,-0.7469454289457162,-0.37081170105886085,0.3097693854127493,0.00275171957296801,1.253125694962058e-07,1.4479941157750082e-08,2.0061249225738502e-08,3.001852239803241e-06,218.64587371462292,778.4934885311226,2484.812738672967,218.64587371462292
252.2,-0.7469683811669721,-0.3708191514466578,0.3097547557772384,0.0027539967577080693,8.379896586148869e-08,1.0213599593563201e-08,1.340189864732459e-08,3.0016955600261928e-06,218.82003439372576,778.3613366683745,2482.4368271960034,218.82003439372576
252.3,-0.7470079556117701,-0.3708336393804271,0.3097409799526365,0.0027579583832777004,6.294708635084108e-08,8.066037637586125e-09,1.0204293599540146e-08,3.001615574111298e-06,218.78478615634936,778.0833617262173,2343.152924520029,218.78478615634936
252.4,-0.7461965855080875,-0.37057436677267563,0.30974073599191904,0.0026788408820154364,2.122889106868536e-07,2.3344124428799494e-08,3.797490494458845e-08,2.983692719395119e-06,221.44980357136689,776.4237258561667,2375.279503597638,221.44980357136689
252.5,-0.7452758796007564,-0.3702722414826369,0.3077396783407027,0.0035529568668411747,4.0799189026684033e-07,4.339005291015881e-08,8.40737394322289e-08,2.968476716992339e-06,218.7488466191462,776.9534072757956,2162.3253133043954,218.7488466191462
252.6,-0.7443391805039056,-0.36996451181854595,0.30745872605629593,0.0036799319024363006,2.5533374133157387e-07,2.775504776277827e-08,5.068478513245324e-08,2.9607891346648894e-06,212.90603527519403,782.4460078254082,2172.6498911098124,212.90603527519403
252.7,-0.7440693374744561,-0.3698787542940314,0.3074520781228112,0.0035723302842386013,2.5450143499843164e-07,2.7297061357718877e-08,3.860167363690215e-08,3.0706777501048945e-06,214.51806418143997,782.4245283357362,2569.8984363676036,214.51806418143997
252.8,-0.7428691958865669,-0.3694983815200557,0.30739517887973133,0.0034998308081201595,2.219347886461578e-07,2.400210809073607e-08,3.561775010985603e-08,3.0503805240604105e-06,214.58558421388625,782.4284042544463,2567.2118738761537,214.58558421388625
252.9,-0.7426310991516483,-0.36943314835808067,0.3077528368345809,0.0032331773022571644,4.38601410797564e-07,4.5849669003664894e-08,7.585161110495871e-08,3.0310381061539243e-06,204.38290460822807,792.5594536841518,2496.96074172711,204.38290460822807
253.0,-0.742277776899402,-0.3693211636104663,0.30770616061340994,0.0031429012184524137,2.6006196523483384e-07,2.7979694435974308e-08,3.869713598279327e-08,3.133694115659614e-06,205.50469250127136,792.2730742305591,2563.827774524326,205.50469250127136
253.2,-0.7416460505995925,-0.3691212388016689,0.3076445139768757,0.0030825104748392895,2.261993846378708e-07,2.454784426757276e-08,3.5622443606290135e-08,3.1100425965673505e-06,204.99087222668967,792.839439223766,2566.8092346755934,204.99087222668967
253.3,-0.7389338592413213,-0.3682517006859255,0.308711971641002,0.002450777814196915,5.195863315952422e-07,5.415737497843743e-08,9.188137535953187e-08,3.091569303646629e-06,206.68337540282755,791.089208779864,2559.335739020807,206.68337540282755
253.4,-0.7398032512873381,-0.36852167806839337,0.30742915832227297,0.003079655466980572,2.5921325549994574e-07,2.787093805916326e-08,4.493301158993609e-08,3.0799368831572872e-06,199.0172626329503,799.1660935992448,2304.104525089603,199.0172626329503
253.5,-0.7366743323365633,-0.36752006145409355,0.30606146998528316,0.003272857946385797,1.1438824937851518e-06,1.1703424457085771e-07,2.1853560284659946e-07,3.131120252099854e-06,202.74797806012492,788.754861095623,2091.710495965586,202.74797806012492
253.6,-0.7367050536745419,-0.3675299117696963,0.306027659091816,0.003280365791842815,2.0821536712737726e-07,2.272995480081161e-08,3.220008238754957e-08,3.1221665332875893e-06,187.86320022147063,810.6810670590851,2651.194724201038,187.86320022147063
253.8,-0.7367907538179977,-0.3675590443094206,0.30597516403443953,0.003294442365297334,1.1463444972627924e-07,1.3289916321213629e-08,1.7363311819809786e-08,3.121440785957029e-06,187.4652070077999,811.0866996760094,2656.9031778442545,187.4652070077999
253.9,-0.7350082845396663,-0.3669919946020143,0.3055504788784878,0.0033983800531981493,4.1469011803721934e-07,4.316671552502016e-08,7.908167214012684e-08,3.10665901305655e-06,178.04299752969303,819.4478582148618,2384.244331817258,178.04299752969303
254.0,-0.7354089057930697,-0.3671064595123098,0.3038544762016227,0.004214184446606966,3.0732573444605816e-07,3.2441128335572775e-08,6.014840159329782e-08,3.1020895905295223e-06,184.2927095254371,809.163251680873,1811.8415823132077,184.2927095254371
254.1,-0.7351939212668959,-0.3670400096290075,0.3038174573046478,0.0040902186358265985,2.5889568565171614e-07,2.7230217003706238e-08,4.2802762665938236e-08,3.22280197602988e-06,186.88819266835182,810.2188075959749,2321.657414013417,186.88819266835182
254.3,-0.7353382866257596,-0.36708062160118304,0.3036364147372297,0.00410859364445818,1.641069685852557e-07,1.7899522870038092e-08,2.8808037459955594e-08,3.2225150565532837e-06,188.29255679244304,806.0674114998588,1948.3577830217023,188.29255679244304
254.4,-0.7350465325306469,-0.3669897752642322,0.30360079619705127,0.003991225958667676,2.485571054821017e-07,2.6163095538521566e-08,3.775090429637957e-08,3.24429526983664e-06,184.8481367731632,813.6599174959167,2586.088382360601,184.8481367731632
254.5,-0.7342613133344761,-0.366743509679741,0.3035708756069333,0.003884979680615264,2.2318910358993272e-07,2.3661131662342172e-08,3.537483827503869e-08,3.2113044339319403e-06,184.86687065001703,813.6586665529711,2586.3326119979183,184.86687065001703
254.6,-0.7327128989663986,-0.3662633751428794,0.3050677451414363,0.003003572156725115,3.5545986328214664e-07,3.6635108639847787e-08,7.023683100614226e-08,3.18175490131246e-06,184.50968383096222,811.3146411367903,2099.28033158794,184.50968383096222
254.7,-0.7327391482583859,-0.3662715454748442,0.3050489816054822,0.003013125336095064,1.492372713582046e-07,1.6384113991179065e-08,2.6607614975227812e-08,3.1702196426375e-06,185.34426401447226,812.1512823773053,2338.5406559612993,185.34426401447226
254.8,-0.7302647482619877,-0.36548318196469753,0.30340762389113846,0.003746126655969958,4.155623447575943e-07,4.291726863224606e-08,9.179802011146426e-08,3.1500963805435518e-06,178.20948159843698,815.6841016692166,1836.229086738111,178.20948159843698
254.9,-0.7301913945476668,-0.3654500576719149,0.3030729044593058,0.0039040205375886114,2.2514121946551355e-07,2.4057687262645775e-08,4.475077073323313e-08,3.137840177918042e-06,173.50720361435876,822.7762186005413,2126.2464715602646,173.50720361435876
255.0,-0.7298521750386586,-0.36534501004134046,0.30303566423873896,0.003791089863091406,2.5683792547607996e-07,2.6890845243221864e-08,3.820553184426901e-08,3.196950243833771e-06,176.47110555826413,821.3958031039863,2582.6264822213107,176.47110555826413
255.1,-0.7298599977755843,-0.36534681781161604,0.3030173478902218,0.0037937906100968368,1.302995819631658e-07,1.450399780747895e-08,1.924563817852166e-08,3.196216506198561e-06,176.49975114092342,821.3903570480652,2580.9998087264994,176.49975114092342
255.2,-0.7290562349632221,-0.36509545969097434,0.3029822977328162,0.0036973335589795295,2.230469462525191e-07,2.3554490693669825e-08,3.5288240903235306e-08,3.1672938823756263e-06,176.5652055635125,821.3386769172126,2580.5083982198503,176.5652055635125
255.3,-0.7282156077412504,-0.3648330952507182,0.30293292687721246,0.00361031670202703,2.2515574968382396e-07,2.3748325868622993e-08,3.5416198435497716e-08,3.1309234155777924e-06,176.549939607234,821.340510635149,2581.3356491692057,176.549939607234
255.4,-0.7286279057334043,-0.36495340183630437,0.3021216577167765,0.0040110446622347315,1.8170957431490527e-07,1.9500218235539444e-08,2.986573025658872e-08,3.129487326035345e-06,176.34784329460513,817.740239525049,1834.519486914173,176.34784329460513
255.5,-0.7286400755299157,-0.36495802871301464,0.302108142969475,0.004018903591826717,1.0764951236189704e-07,1.2233056328874783e-08,1.7743444789396694e-08,3.1263499121774143e-06,195.41566796887292,802.9341699337405,2290.695756142215,195.41566796887292
255.6,-0.7286576079169629,-0.3649637940107196,0.30209972503098964,0.004023519292728554,7.651635463032512e-08,9.17267405829646e-09,1.2621425181815803e-08,3.125017627258143e-06,195.45400160358128,802.9035592866402,2290.6539704415545,195.45400160358128
255.7,-0.727589738328624,-0.36463224609174155,0.30206184669928937,0.003922096615477127,2.2143026421811077e-07,2.318459060254385e-08,3.9265500759582746e-08,3.097229158292489e-06,195.4034005977541,802.967081146874,2289.931841745348,195.4034005977541
255.8,-0.7268657759431302,-0.3644066011611133,0.30205255848682355,0.0038094807253675218,2.2464486426586527e-07,2.3476840786233294e-08,3.9555649098641775e-08,3.0646020667018468e-06,195.51012134643497,802.8682904021349,2289.0407608121523,195.51012134643497
255.9,-0.7265163649339285,-0.3643077000944227,0.3028470744723871,0.0033169539397795603,3.0456409398736703e-07,3.123793895987823e-08,5.7125320277659656e-08,3.038118000503439e-06,190.1418646110769,805.9979965645282,2187.03066837379,190.1418646110769
256.0,-0.7261844219906795,-0.3642037421511365,0.30283136201203353,0.0032198034606796943,2.559047146593633e-07,2.6703870215317102e-08,4.094328687986984e-08,3.142576139471223e-06,181.61604988305547,815.9659410559359,2421.482897584262,181.61604988305547
256.1,-0.7255861190657271,-0.36401682614279085,0.30279482777114786,0.003145172720433877,2.2336219196508813e-07,2.3520876470191708e-08,3.75632950673455e-08,3.1190653168462476e-06,181.48033317106098,816.0938752653038,2422.995163599958,181.48033317106098
256.2,-0.7255617023472072,-0.3640051096232964,0.3010604319678181,0.0039086860890428215,3.659514760476917e-07,3.7424641403507326e-08,6.745198076558325e-08,3.0936952628897116e-06,183.0670501313482,812.0956011841948,2315.385086393666,183.0670501313482
256.3,-0.7248409134361943,-0.36377454724075003,0.3006192068760464,0.004121556462770683,2.3752270186528222e-07,2.4875251316564075e-08,4.3840233550827463e-08,3.0878198399919382e-06,197.97052783447282,798.8686557111837,2006.896478999188,197.97052783447282
256.5,-0.7245699533774559,-0.36369166449697216,0.30056689299346484,0.0040076133413053435,2.5010238995772653e-07,2.5711666939727996e-08,4.1411863543135406e-08,3.1301856892345834e-06,201.88787888248166,795.4842546066048,2369.3740573479827,201.88787888248166
256.6,-0.7237909930064578,-0.3634510003179873,0.3005163000862299,0.003917765688825597,2.2207147091109862e-07,2.2993338082448455e-08,3.836485731085821e-08,3.105166116644139e-06,201.94056049372685,795.4565713317116,2367.8190961993987,201.94056049372685
256.7,-0.7237866707905282,-0.36344910647446016,0.3005184135298944,0.003916097442872939,1.1964878853990755e-07,1.3142718601836752e-08,2.009759835004551e-08,3.1010189255463028e-06,201.5888429176635,795.724809436475,2372.304412502257,201.5888429176635
256.8,-0.7206735504223993,-0.3624709862613577,0.29969056092208046,0.004195599353292322,5.637706106188814e-07,5.577819788786847e-08,1.1785556864110759e-07,3.09278598665614e-06,211.2334795495028,781.7757111558507,2110.9198348575246,211.2334795495028
256.9,-0.7207222526891129,-0.36248642982021334,0.29966742697862486,0.00420751658995051,1.8140404445526033e-07,1.9049162155298822e-08,3.0984458917391675e-08,3.071182963427323e-06,206.18554094377248,791.0270895955997,2381.9456872793053,206.18554094377248
257.0,-0.7198273418816376,-0.36221159462712416,0.29959252719544244,0.004121047808218158,2.2664208481832865e-07,2.3274039877228308e-08,3.808071062567376e-08,3.041727153128299e-06,206.2969686579425,790.9343749335449,2381.4293688375155,206.2969686579425
257.1,-0.7188868166417453,-0.36192134328629505,0.2995493449588668,0.004021457420928878,2.2765963653280846e-07,2.3342369902846198e-08,3.814743306427355e-08,3.0123028803730924e-06,206.43265917143384,790.806176065263,2381.3180121222367,206.43265917143384
257.2,-0.7184880337033698,-0.3618034126390229,0.2994676391965165,0.003949613409240776,2.843589210090503e-07,2.8734003970072158e-08,4.8534048338960846e-08,2.9870105250820105e-06,207.7479263389271,789.6832808915024,2376.9303044541953,207.7479263389271
257.3,-0.7187046076190708,-0.36186109563564817,0.29884030539542733,0.004243672300747325,2.1157333325888331e-07,2.179598982320725e-08,3.6506404736542376e-08,2.984181038899863e-06,195.06518312028896,799.1084902789921,2065.1611685163207,195.06518312028896
257.4,-0.7178112863491426,-0.36157608203972347,0.29702448243956325,0.004554458112832158,4.845922829554279e-07,4.760643501106028e-08,1.0504717661847743e-07,3.0178874715137843e-06,207.94185062532216,785.5599401265731,1800.5582805884894,207.94185062532216
257.5,-0.7178295916054036,-0.3615824404894609,0.29699446590516476,0.004562632345106231,1.6749397064310786e-07,1.748816007808484e-08,3.0109338548211394e-08,3.0133182435868814e-06,212.22166179902865,784.3381523740425,2372.7775096033038,212.22166179902865
257.6,-0.7169956895451342,-0.3613278383196737,0.29696451898690546,0.0044472149402033,2.1804504981574012e-07,2.2035587911100753e-08,3.8212736485807457e-08,2.9935266486363012e-06,212.34921409053143,784.2312026186833,2371.8933127740374,212.34921409053143
257.7,-0.7163683572339359,-0.36113662513335215,0.2969080966210069,0.004346742161528376,2.1908787595460016e-07,2.2095865025844505e-08,3.8303398694577635e-08,2.967474852149126e-06,212.29864373140407,784.3078195152914,2371.2913961674603,212.29864373140407
257.8,-0.7163980878388589,-0.36114559706226435,0.29689960854888797,0.0043506880427091055,1.1802236376541067e-07,1.2620272698943172e-08,2.0090292863105212e-08,2.963264588516123e-06,212.42493648332615,784.1852083166028,2370.7503520892506,212.42493648332615
257.9,-0.7152287842989039,-0.3607954451460732,0.2949901714883915,0.005145414150899865,4.4814010656018694e-07,4.352617922333532e-08,9.870220276133556e-08,2.956195355226478e-06,202.0765699279528,790.3019507295243,1977.3544292129418,202.0765699279528
258.0,-0.7150097638307222,-0.36072966094822684,0.29492774542887285,0.005000639842485948,2.4488736604293974e-07,2.423348704271424e-08,4.29286204568461e-08,3.0816233590528697e-06,218.39202599424578,778.0148339353341,2314.600460337162,218.39202599424578
258.1,-0.7129299327679955,-0.3600942599281412,0.29349659091154995,0.005513125490070728,4.3127256980043875e-07,4.143353557739596e-08,9.212026275626867e-08,3.0733522521118855e-06,213.22666991065097,779.8732102315757,1891.3609751182041,213.22666991065097
258.2,-0.7127265999073552,-0.3600332512222014,0.293466706844262,0.005348608713805539,2.2555620275342459e-07,2.2149904136477306e-08,4.129152727033741e-08,3.110220318505202e-06,255.34944282191714,740.5758169414567,2379.4872160389987,255.34944282191714
258.3,-0.7127548720858098,-0.36004178992684366,0.2934468521060385,0.005352997661108856,1.1449229042937422e-07,1.1988412048364367e-08,2.0854789829443034e-08,3.1091913703568987e-06,255.38756194219198,740.5801338399456,2378.2010293453186,255.38756194219198
258.4,-0.7116938042349182,-0.35972143628065884,0.2933880151863846,0.005225032829599378,1.9989551759273206e-07,1.977061040249732e-08,3.807780338861797e-08,3.0850967255700767e-06,255.4526276301781,740.5553348530012,2376.195790752622,255.4526276301781
258.5,-0.7107546207113637,-0.35943749913005896,0.2933437251282567,0.005091583462022004,2.019654886682674e-07,1.994788708042466e-08,3.821673045542802e-08,3.0536401423887204e-06,254.70238862805004,740.2442485275534,2378.4848917796835,254.70238862805004
258.6,-0.7103333270396346,-0.3593106262978784,0.2932732958503666,0.004976738449582068,2.0264638477623544e-07,2.0001138328531674e-08,3.718629124749106e-08,3.023305576429747e-06,251.71074734032118,743.0099662081475,2451.707741535505,251.71074734032118
258.7,-0.7069478152554146,-0.35828602589193803,0.2919145189922982,0.005488918487914446,7.50229333674506e-07,6.996067441169158e-08,1.5949366485626241e-07,3.0239098613608204e-06,229.52821691331192,763.324304117343,2207.2730302583323,229.52821691331192
258.8,-0.7059255213307714,-0.3579726354480398,0.29176524356250294,0.0055556374400896604,3.5747109171736324e-07,3.414351694175915e-08,6.866237361144737e-08,3.0024041125260417e-06,234.69437140075226,757.4304416520047,2308.46458469143,234.69437140075226
258.9,-0.7056489626923772,-0.35789000973043295,0.2917461669468255,0.005392831924027489,2.4225974618103575e-07,2.339883077092347e-08,3.992392485729511e-08,3.107679397314822e-06,253.3232654826669,737.6063183814229,2491.7759666456714,253.3232654826669
259.0,-0.705711312149925,-0.35790539429169405,0.2915119559356154,0.005422796578451166,1.7677749475164421e-07,1.748691927303865e-08,2.973660957924363e-08,3.1074410229606527e-06,252.1456202522253,736.3849272170877,2294.5542822698344,252.1456202522253
259.1,-0.7052410570698513,-0.3577641887581472,0.29146734169601,0.005271528264554187,2.1860840502761116e-07,2.1195446482591356e-08,4.104698054270481e-08,3.1360068022689648e-06,264.6741317469914,724.9520229265171,2390.2217920190133,264.6741317469914
259.2,-0.7052272753237864,-0.3577603543145927,0.2914607429323544,0.005273606691340542,1.1155780004533126e-07,1.1545934439261102e-08,2.081280988670951e-08,3.1347351957257557e-06,264.68223119379707,724.9776070104747,2389.4341749509085,264.68223119379707
259.3,-0.7046802410199523,-0.3575960234329509,0.291409013640759,0.005141202661883516,1.9641205092387712e-07,1.9172931005349017e-08,3.810731595643297e-08,3.108832030386775e-06,264.82654230862954,724.8442680451377,2388.784172160183,264.82654230862954
259.4,-0.7030017347561669,-0.3570874791160199,0.2915145735842318,0.00492764959221709,3.8700090967749636e-07,3.634283054775563e-08,8.294073749049846e-08,3.087066892596127e-06,250.65808773024003,737.3812238775683,2176.9484899736644,250.65808773024003
259.5,-0.7032101151933294,-0.35715137341829056,0.29139213447867507,0.0049903694321617766,3.2573048894572633e-07,3.0839456063530775e-08,7.061483604674845e-08,3.0839921012418466e-06,222.97005415757278,768.1805255639218,1766.4408917903306,222.97005415757278
259.7,-0.7030143367704693,-0.3570937912160656,0.29132671221743905,0.004850909679649864,2.480098054107387e-07,2.3923592437580134e-08,4.196042619596393e-08,3.1839541617618926e-06,228.9605903798862,759.6777796761155,2371.312092258314,228.9605903798862
259.8,-0.7020054072164017,-0.3567892600958752,0.2909105646958936,0.004908040791632559,3.8718710418890867e-07,3.642339008586624e-08,7.993353531226579e-08,3.167918212373321e-06,228.1454526667585,754.9014068170067,2106.411401899978,228.1454526667585
259.9,-0.7015754470720341,-0.3566605598983392,0.2908904185779614,0.004756066665151566,2.4492283758493355e-07,2.3622621727833016e-08,4.1369707568181186e-08,3.179713433482449e-06,209.7119640296576,781.5969249771646,2362.932102635822,209.7119640296576
260.0,-0.698604621112858,-0.35577769352680805,0.2913535247401753,0.004402298963302485,2.7056183894723933e-07,2.593432725552965e-08,4.958729353246356e-08,3.1531651025429494e-06,199.86072962479065,790.7711678394259,2229.0109272801537,199.86072962479065
260.1,-0.6985997241723365,-0.3557622300513,0.2913591248496634,0.004378183400146251,1.874556560894636e-07,1.8476032916458143e-08,3.31526340396757e-08,3.1492511486314803e-06,207.99636378234462,781.1391528773781,2236.9397077251533,207.99636378234462
260.3,-0.6982136229539962,-0.35564725519192536,0.2912065314786489,0.004278148627267053,2.4383696459743604e-07,2.3585010442868796e-08,4.198709454534016e-08,3.1898471425537203e-06,213.08078669518576,784.0569418212281,2336.115354201036,213.08078669518576
260.4,-0.6982387919114685,-0.3556545803653391,0.29120494654250767,0.004278144512712718,1.239168024528269e-07,1.2790591683091686e-08,2.1252330842069112e-08,3.1888046698690572e-06,213.23531446338785,784.1111668183698,2326.5716081135674,213.23531446338785
260.5,-0.6982441185189006,-0.35565613888418846,0.2911986510700809,0.004279475053821488,8.31026726081375e-08,9.110431130817066e-09,1.4229441005200363e-08,3.1884386708126202e-06,213.53455969613898,783.7816896223386,2325.3493579492138,213.53455969613898
260.6,-0.696643169849185,-0.3551670095667461,0.29101569679267375,0.004228325882312531,4.831648357020845e-07,4.5027556840945304e-08,9.420287308718996e-08,3.1743804548894046e-06,222.83765331198245,774.9354854310106,2285.1502960428243,222.83765331198245
260.7,-0.69629176550592,-0.35506118923387414,0.29097745353862775,0.004099904503034088,2.4793536919097106e-07,2.3932164096454998e-08,4.3606809110397645e-08,3.2031020926532317e-06,196.65132532722475,799.6318544820407,2250.45949600907,196.65132532722475
260.8,-0.6955904218460833,-0.35485146900829667,0.2909273001539864,0.004004811470670482,2.2025602217592182e-07,2.1437841763232483e-08,4.02317982313703e-08,3.1743201042615912e-06,196.66598214052152,799.6284034378008,2249.6284940001196,196.66598214052152
260.9,-0.6945580535793745,-0.35454160301367416,0.2908866789540985,0.0039023932292564165,2.1969020486602772e-07,2.1375250324748033e-08,4.0223728882747935e-08,3.138127367120894e-06,196.71426832843326,799.5969397842082,2248.782233543591,196.71426832843326
261.0,-0.6945728226458695,-0.3545464972408437,0.29087168057478113,0.003910694477562535,1.1835476267115365e-07,1.2279917976749229e-08,2.1142870055819135e-08,3.133200437363659e-06,196.75599975379674,799.5757358125348,2248.035493692826,196.75599975379674
261.1,-0.6937465465633165,-0.3542990307063512,0.290829333829725,0.003813590641888848,2.171411028934177e-07,2.1119974449695676e-08,4.021030017285554e-08,3.1031287742702577e-06,197.5623157403392,799.0014121456928,2236.90584230912,197.5623157403392
261.2,-0.6937675957153332,-0.35430585970385176,0.2908138468271228,0.0038221709981026597,1.1751482063315289e-07,1.218194185429365e-08,2.1192315607475972e-08,3.0982679061162996e-06,197.60410606035043,798.9781682306954,2235.929752392508,197.60410606035043
261.3,-0.6938055079954022,-0.35431593652284116,0.29104004734305483,0.0037063589792619683,9.816548510781981e-08,1.0446835372834993e-08,1.760575198047368e-08,3.097347377742482e-06,191.24947608501438,804.5614278259376,2186.3764849786958,191.24947608501438
261.4,-0.6938064517481601,-0.35430630570840516,0.2907319874731922,0.0038468536883965857,8.643758775240238e-08,9.388699187336557e-09,1.5822319734958223e-08,3.096887010321714e-06,209.88214321137283,784.3702745085146,1746.248720068486,209.88214321137283
261.5,-0.6929361595280602,-0.3540461450267276,0.2906679215511213,0.003755384816744417,2.287048542931407e-07,2.2070467759665332e-08,4.1449638229766535e-08,3.086161497942542e-06,217.33520572344167,778.9429547462656,2269.0544662521925,217.33520572344167
261.6,-0.6905897238673857,-0.35334936907472414,0.2912616334487789,0.0033671097997977732,5.236362780136212e-07,4.849259285359062e-08,1.1253016825606185e-07,3.0752751375699866e-06,192.48990923487233,801.8393122662245,1964.568764036363,192.48990923487233
261.7,-0.6906081430612198,-0.35335479113905477,0.29123777459119626,0.0033785185422822253,1.7153255854179718e-07,1.6985695061993242e-08,3.173769127154936e-08,3.0562831645176754e-06,191.1971660151235,804.4825203384625,2266.779526407585,191.1971660151235
261.8,-0.6904827822740681,-0.35330648743555165,0.2909188576677347,0.003517730692133609,1.4522272596025937e-07,1.463011555460013e-08,2.668492736912993e-08,3.055094688856205e-06,191.90632646593812,800.2344042680472,2150.9545421573994,191.90632646593812
261.9,-0.6897471641602361,-0.35309509427754565,0.2907166350960181,0.003455425897580832,2.608210071163673e-07,2.5004948319867068e-08,4.912854833536492e-08,3.1624662148565174e-06,203.9570675924882,791.6306642616244,2017.2243966717087,203.9570675924882
262.0,-0.6897676221582577,-0.3531009992325186,0.2906968704643036,0.0034580630055012322,1.3131206131856532e-07,1.338202378743966e-08,2.4764785689446102e-08,3.1619024849157657e-06,206.76031995908585,787.7071606304349,2009.0159766685852,206.76031995908585
262.1,-0.6897821984161628,-0.35310594400769774,0.29067815604549074,0.0034617211253650916,8.771908310597522e-08,9.463290271441811e-09,1.654592012741592e-08,3.1617018997427098e-06,207.31734446347,787.2247289263731,2012.214212722411,207.31734446347
262.2,-0.6885843483010453,-0.35274741088055983,0.2906126115368845,0.003392580084616853,2.2229029386748757e-07,2.1485006146180415e-08,4.4226404811014676e-08,3.1373868988155847e-06,206.8418139297183,787.6034144122762,2009.9394120476381,206.8418139297183
262.3,-0.6881768150343638,-0.3526276274788669,0.2907518581955356,0.0033266231896726833,1.8662382106304408e-07,1.829538182893014e-08,3.668550317796006e-08,3.1355353418290056e-06,196.18856535052976,796.8575773318516,1987.6375560035772,196.18856535052976
262.4,-0.6883282334776248,-0.3526637525891883,0.2904153673860765,0.0034802962571801378,1.639605501596206e-07,1.6268502500635417e-08,3.1859804663009394e-08,3.134351054121653e-06,195.347276000552,796.1964647089532,1997.2779347868623,195.347276000552
262.6,-0.6892718358189306,-0.35293326568747085,0.2897486784239565,0.0034569492127060866,3.9822110231485634e-07,3.7149318313068115e-08,8.296360203417791e-08,3.2371319944316456e-06,208.0232190399489,785.8893107835261,2002.6381745497924,208.0232190399489
262.9,-0.6893233117500877,-0.35295061227698665,0.2897319719751758,0.003462393753989714,1.5844629313680622e-07,1.573159897478309e-08,2.8511764636996872e-08,3.235820031957862e-06,207.10076743339397,788.9006524118745,2307.3355645076845,207.10076743339397
263.0,-0.6889980135982308,-0.3528432702933924,0.2892530811411542,0.0035804437062233597,4.772964889884623e-07,4.402246443792248e-08,9.496050318815962e-08,3.2207543961104297e-06,209.55009372762322,784.3094253270658,2205.854496449652,209.55009372762322
263.2,-0.6868075427814626,-0.3521871902891906,0.2881766781635634,0.003615608086910827,6.98470085449375e-07,6.350403638412716e-08,1.3293245608710752e-07,3.3319485594024058e-06,219.24532500995164,774.2491687572282,2215.227187121201,219.24532500995164
263.4,-0.6865036233866999,-0.3520987357286316,0.2882195714305528,0.003495098529795249,2.5301460110098795e-07,2.3935068027026288e-08,4.0759843399528555e-08,3.4228580976651943e-06,228.41042016720516,767.4384368586,2434.4887233640593,228.41042016720516
263.5,-0.6869847639927478,-0.35221915060758113,0.28811782716511036,0.0034732180433448617,1.5241084527805587e-07,1.5094857662831086e-08,2.5512620176733808e-08,3.422449343787153e-06,217.49614357845053,773.9583442634649,2193.1564715699633,217.49614357845053
263.7,-0.6825021913277444,-0.3508841205724603,0.28069692263383816,0.004461310391634717,1.6309141812567831e-06,1.449523232226703e-07,3.532317627501394e-07,3.536571996965463e-06,225.1999671627832,764.1458885840565,1915.1064410852669,225.1999671627832
263.9,-0.6823100174999959,-0.35084003235228955,0.28067319728084944,0.004313917112322708,2.403067826366963e-07,2.206070206363165e-08,4.445599564812117e-08,3.629380168725899e-06,221.4516215002558,772.9079089866959,2236.9423173642426,221.4516215002558
264.0,-0.6815928980611655,-0.35063420441498383,0.280642228296864,0.004193190197340139,2.1123178755341167e-07,1.9553004351948385e-08,4.043669724689304e-08,3.5804124692752754e-06,220.78457712126948,773.2288626343034,2240.3590601888063,220.78457712126948
264.1,-0.6806225113880718,-0.35035456181887226,0.2806149964724809,0.004066125731439247,2.1059664452741493e-07,1.9474950761192294e-08,4.057289394771152e-08,3.519002849476438e-06,221.6558769950884,772.5878323752166,2230.419363258962,221.6558769950884
264.2,-0.6804460606984173,-0.35028450578124315,0.28032003437360675,0.0042118415874668365,1.6432409649663137e-07,1.562611596167306e-08,3.109980201711274e-08,3.515935556550551e-06,221.51419170365827,770.84735378325,2172.426053405415,221.51419170365827
264.3,-0.6795741346879629,-0.35003548699801884,0.28101952160991195,0.003959834330359215,5.370269642070175e-07,4.649978307932451e-08,9.808814719877075e-08,3.614356699312233e-06,222.92593931767567,769.8254127259017,2198.08158808653,222.92593931767567
264.4,-0.6773556734384919,-0.349387561757477,0.2810390663080621,0.003826845597216783,1.0989509822809573e-06,9.34284295751786e-08,2.680910812336629e-07,3.624965255271737e-06,206.46273252612107,778.2498392421828,1726.9314273859495,206.46273252612107
264.6,-0.6781357559420382,-0.34960395289440327,0.28197905310215526,0.0035042852960089016,2.34380608037594e-06,1.975815230753568e-07,5.401306742357577e-07,3.6997248269965846e-06,171.24016338228748,809.2880628521204,1623.9921286482006,171.24016338228748
264.8,-0.6762613469551996,-0.3490456187468067,0.28227694715042445,0.003419701540184501,1.1121692302557606e-06,9.487334700625133e-08,2.1000658026703213e-07,3.6897310172868403e-06,200.86746220280017,773.9205720764166,2459.2027785044456,200.86746220280017
265.0,-0.6741482512900683,-0.34844316554227683,0.2849401287331433,0.0028962813428720573,1.177212067651915e-06,1.0134400249586522e-07,2.0697515118734715e-07,3.777928131150103e-06,192.18704564053107,790.1948525911182,2254.7492340578206,192.18704564053107
265.3,-0.6723353382048843,-0.3478913575558983,0.2845458458172427,0.002831984540841874,7.803867203000231e-07,6.945124849637259e-08,1.1616915027278097e-07,3.858531887321094e-06,189.546070896651,796.6754567309645,2622.9573628748717,189.546070896651
265.5,-0.672240204084215,-0.34784470255179606,0.2824870716167204,0.003079886629320125,6.362660400596438e-07,5.705099558433369e-08,1.1086110308495411e-07,3.916111070502729e-06,192.9246847840928,786.7300323089011,2165.8283400706473,192.9246847840928
265.6,-0.6722408291759814,-0.34784471329288363,0.28247570098851726,0.0030817349563376957,1.8212213883233803e-07,1.8136184837072568e-08,2.586379065799394e-08,3.913157416995427e-06,206.59047328937763,779.3416614442867,2986.960520388865,206.59047328937763
265.7,-0.6712681733067717,-0.34756356996542614,0.28244120716342963,0.002996665485647529,2.1758788618897603e-07,2.0886429025523227e-08,3.110788018817514e-08,3.840937067500008e-06,206.82734922073973,779.1885061855993,2987.7447133102937,206.82734922073973
265.8,-0.6700869153961497,-0.34720009397160384,0.28174387232155107,0.003287713155939615,6.164257204926451e-07,5.446331030479389e-08,1.0860369205398967e-07,3.789221547360797e-06,198.0538115072259,785.8724077877499,2625.2808308845442,198.0538115072259
266.0,-0.6697850495794481,-0.3470959442919903,0.28077638859639636,0.0038575881856047745,3.9520345606927965e-07,3.5837891377376506e-08,6.542816359581358e-08,3.7730700309847646e-06,193.63561885729567,789.0055412778314,2496.686680032623,193.63561885729567
266.2,-0.6697494967395532,-0.34708501068581077,0.2807939902339519,0.003846067459506665,1.492369857555043e-07,1.5088274840883158e-08,2.2077836724869642e-08,3.7568348510838652e-06,198.8115265309121,791.592548452029,3010.8843202549965,198.8115265309121
266.3,-0.6685810372492444,-0.3467489025616685,0.28076975204461085,0.0037217683530023863,2.0584035284349995e-07,1.9639614549855532e-08,3.07493499065832e-08,3.6842398098885195e-06,199.7952520920593,790.6648231649245,3010.806490852673,199.7952520920593
266.4,-0.6655139393374255,-0.34584341967888244,0.2803065100732405,0.003838660623754364,5.382024860215456e-07,4.728172230656069e-08,9.714723177967958e-08,3.636767265900224e-06,194.71204945062453,792.3624237278163,2615.8505719379923,194.71204945062453
266.5,-0.6623029203261489,-0.34490919457866825,0.27982307557602387,0.0037718814757801487,6.456442418396133e-07,5.6126365757242766e-08,1.0745029544971164e-07,3.696078209783115e-06,185.56700809512736,799.1881678242154,2419.993966867034,185.56700809512736
266.7,-0.6626136007098533,-0.3449927636988591,0.2793774536239685,0.003708381916095619,8.00272291565595e-07,6.868742824729331e-08,1.1590220574367515e-07,3.7646090901503103e-06,207.91643369371823,782.1038964653935,2830.901780989414,207.91643369371823
266.9,-0.6615069161164439,-0.3446558953558945,0.2787401908020617,0.0036636176035359886,7.026352052546286e-07,6.058216590550994e-08,9.972923687789526e-08,3.827883352365384e-06,189.495601715894,797.6071235576874,2846.915198325285,189.495601715894
267.1,-0.6618617588911373,-0.3447427719049594,0.2782768240856533,0.003727524659515635,3.103617976617151e-07,2.829739470328102e-08,4.380382349917288e-08,3.826034755826239e-06,184.93352738362637,802.7680476528448,2719.9871764168993,184.93352738362637
267.3,-0.66187413836058,-0.3447466525459152,0.27827126734338314,0.0037289513016834906,1.383802785379222e-07,1.4103727382964509e-08,1.975897948726978e-08,3.8252168768071615e-06,191.40300825290387,797.4032369611496,2790.798398523349,191.40300825290387
267.4,-0.6609500429635284,-0.3444838263545105,0.278252122809952,0.003609392753390629,2.1290710942818303e-07,2.0078128343779016e-08,3.298059650846409e-08,3.758821284196958e-06,190.53173894114803,798.2230037276364,2790.3842238204697,190.53173894114803
267.5,-0.6605685118568138,-0.34435788250491167,0.27818032513480423,0.0036314480792439038,1.880869432278845e-07,1.8046295059142054e-08,2.909974709278121e-08,3.7574589124220588e-06,193.868728570159,792.0338965583513,2578.979430739829,193.868728570159
267.7,-0.6605788499376172,-0.34436123142187425,0.27817920911128824,0.0036325822384569747,1.0842959211773353e-07,1.1494760612266211e-08,1.611733151885521e-08,3.7528829676138836e-06,207.4668641500976,781.5117470083645,2781.039839859894,207.4668641500976
267.8,-0.6598265941737504,-0.34414611656663985,0.2781602201057668,0.003512910901825182,2.166552708460282e-07,2.026405772977552e-08,3.30604961134526e-08,3.683807204371007e-06,207.57920784266258,781.393463878545,2780.850768253671,207.57920784266258
267.9,-0.6580248738809366,-0.3436146444843766,0.2759517139554574,0.004669215747575756,4.639439707354926e-07,4.042740147470738e-08,8.713651627166922e-08,3.6320896595948918e-06,204.19418459718358,783.4840079634057,2317.085949924167,204.19418459718358
268.0,-0.657198641985126,-0.34337291094357997,0.2757721879811731,0.004768376486242093,3.115117892375998e-07,2.8006566173515637e-08,5.463535664423034e-08,3.62079728870244e-06,190.93473647440544,792.0147183259767,2488.274123292572,190.93473647440544
268.2,-0.6568104892024579,-0.3432640996295378,0.27574648485327646,0.004601822945814517,2.4422350881453596e-07,2.222557873037246e-08,3.1810410759573516e-08,3.6653998709052125e-06,189.28247487342423,800.0010845101394,3128.8932484227485,189.28247487342423
268.3,-0.6561567795051411,-0.3430791194141937,0.2757555733292179,0.004445881125654347,2.1522489869369677e-07,1.9872880179820956e-08,2.97590234365915e-08,3.6084362378938926e-06,189.2864727489062,799.9985716242064,3128.1507260325216,189.2864727489062
268.4,-0.6553963512518717,-0.342863397075169,0.2757231766063275,0.0043112779138221565,2.1512263965040081e-07,1.984691618126555e-08,2.9788651120737344e-08,3.5440426088468558e-06,189.03626058833763,800.2375000747434,3124.487031130148,189.03626058833763
268.5,-0.6553975059859801,-0.34286446636730966,0.27572124949366766,0.0043132449002137125,1.156080383366114e-07,1.1858651004160767e-08,1.5457115208592356e-08,3.5392668520124173e-06,189.2682352280832,800.063231666122,3127.7279489011685,189.2682352280832
268.6,-0.6554434948555823,-0.34285908513031454,0.2754903350263595,0.0044247235037155426,1.0769909185129775e-07,1.1223422092566149e-08,1.4624362959018502e-08,3.5389894080551643e-06,183.19614328766042,795.624917199003,2274.0827867817666,183.19614328766042
268.7,-0.6545035056168808,-0.34258631235055287,0.27534592938698044,0.00428827212800927,1.1586202059099088e-06,9.52026890349346e-08,1.8551743198752915e-07,3.621164637478904e-06,187.46917375957332,796.82397811564,2526.967441433184,187.46917375957332
268.9,-0.6541713208523241,-0.34249098315463694,0.27532470996230884,0.0041440810758947575,2.523482467883882e-07,2.280564549578656e-08,3.43976250925768e-08,3.670878670105458e-06,188.2189170352596,799.809270397382,2896.8759921683886,188.2189170352596
269.0,-0.6536651700175955,-0.34231488003780053,0.2754327942397874,0.003917786275070378,2.9413166174641675e-07,2.6134351591567056e-08,4.617577743920544e-08,3.6190820752370257e-06,185.0452451049772,800.2130889955697,2677.6869576819427,185.0452451049772
269.1,-0.6536673841468925,-0.342316048177081,0.275437328680964,0.003915811536171462,1.3447015636777493e-07,1.329569319422658e-08,1.9719132558426513e-08,3.610896915758379e-06,223.18340731195084,762.0897580807243,2932.5536119988838,223.18340731195084
269.2,-0.653167611965843,-0.34217448253945304,0.27540640724906357,0.0037983209989425506,2.1160125575624133e-07,1.938907348194352e-08,3.163698120194041e-08,3.5499612295611815e-06,223.18303588526334,762.0506103108673,2932.9977565449412,223.18303588526334
269.3,-0.6527402619217116,-0.3420542754586486,0.2753650141059004,0.0036930290261567604,2.131636134805367e-07,1.9482702047683188e-08,3.1716733056391486e-08,3.488663125881861e-06,223.2017300907997,762.0218358712945,2933.0932944908136,223.2017300907997
269.4,-0.6527418704483645,-0.34205447146006795,0.27536867004847104,0.0036907139784961678,1.1458227918828075e-07,1.1589827709744923e-08,1.650807231888448e-08,3.4837273703734515e-06,223.16565461995688,762.0654715613734,2932.7387993104403,223.16565461995688
269.5,-0.6516435706533956,-0.3417435061341378,0.2753078803134663,0.003600535858399292,2.1119829547842458e-07,1.9279879778890946e-08,3.161096412744718e-08,3.4313546022454114e-06,223.16916777228084,762.0662220537266,2933.128384526672,223.16916777228084
269.6,-0.6504882113066246,-0.34140441145706124,0.2722127966561779,0.005173078815209606,4.4042836688083177e-07,3.755011360939868e-08,7.477468774687989e-08,3.3909203954851186e-06,226.19111088965326,759.3840689280955,2679.4806184680815,226.19111088965326
269.7,-0.6501139220751342,-0.3412997744717612,0.27220512496417026,0.004992841832506792,2.5033008150875856e-07,2.1985496153299832e-08,3.431972137349785e-08,3.4694800726850545e-06,217.87434752927325,765.7287789831031,2915.795324142191,217.87434752927325
269.8,-0.6492365533276737,-0.3410550289839539,0.2721879185474862,0.0048515957515684206,2.1906133932311135e-07,1.9518164370848652e-08,3.16761398272298e-08,3.4257918116249578e-06,217.812868801161,767.7032084955677,2934.7439623525484,217.812868801161
269.9,-0.6478625590727889,-0.34068829664584643,0.2743330803285794,0.0035379970242198303,5.023105795763773e-07,4.157756530061138e-08,8.520266501959928e-08,3.389714593280733e-06,215.2723047287022,770.4302819460072,2762.507298176364,215.2723047287022
270.1,-0.6453038489912659,-0.33994035575856696,0.27262986363735947,0.0036205539868822407,6.832234855640254e-07,5.659651408525138e-08,1.0511430407445422e-07,3.5097979493229617e-06,214.3532419634192,768.9010874545171,2672.9344980833976,214.3532419634192
270.2,-0.6453083978671461,-0.3399425371649297,0.2726252247585829,0.0036223969651075463,1.8767170385251084e-07,1.7408076997716466e-08,2.644934268636906e-08,3.5081858829798337e-06,192.24560600968218,793.2622487871535,2848.6748884513772,192.24560600968218
270.3,-0.6447404790656592,-0.33978348061190927,0.2725983253286777,0.0035219885353837874,2.208604229461889e-07,1.9843172326958555e-08,3.247341008907363e-08,3.462605364890344e-06,192.26813745708327,793.2310102896599,2848.016928293022,192.26813745708327
270.4,-0.6448511600239616,-0.3397917476197172,0.27101464049596735,0.004253680936566759,3.746290786257858e-07,3.180085065264502e-08,6.073234299028972e-08,3.416619144237804e-06,199.89211794522768,784.1636197287636,2822.651079078166,199.89211794522768
270.6,-0.6427710907309302,-0.33919143904063304,0.27015540949335987,0.0042232279143445016,6.304483209938473e-07,5.1173674098544555e-08,9.459783106694233e-08,3.4973050350271187e-06,213.06252953412204,766.9604331432187,2774.379593776111,213.06252953412204
270.8,-0.6427872613930926,-0.33919653450412657,0.27011140378834025,0.004231495439972194,1.7964901753231273e-07,1.6342911538064452e-08,2.8245378531309973e-08,3.495334941353677e-06,215.14409002547382,773.7184858716281,2502.330634915912,215.14409002547382
270.9,-0.642787185916831,-0.3391958405077924,0.27013120682655095,0.004227239370256386,1.0486151769626747e-07,1.0547242802436045e-08,1.660031291783123e-08,3.4949636151886476e-06,215.14546796064144,773.6816876188796,2503.1852853544033,215.14546796064144
271.0,-0.6421775190474834,-0.33902790544036315,0.27006298254620165,0.004129107618384942,2.137326156904766e-07,1.8825976757053446e-08,3.6475044729775465e-08,3.449823669689389e-06,215.1069716743247,773.758734743742,2502.9747324087093,215.1069716743247
271.1,-0.6409596699647208,-0.33866557751772614,0.27033000510872035,0.0038162725957141576,2.9704534518670224e-07,2.5168103275662542e-08,5.7839304701282834e-08,3.40224957432014e-06,214.46275068901397,771.7588299634493,2368.5643509105735,214.46275068901397
271.3,-0.6407218861033904,-0.3385992446660456,0.2703298177338045,0.0036849864651515613,2.5414992981919493e-07,2.196777234722819e-08,3.556404762403426e-08,3.5030961741264572e-06,209.9090129207428,777.0608581044713,2812.525526860144,209.9090129207428
271.4,-0.6400161344577802,-0.3384039631330588,0.2703068125872696,0.0035862238364409342,2.2184314957173527e-07,1.9467246948641624e-08,3.2933048759351475e-08,3.4584651718888107e-06,209.91782029463963,777.0528687892111,2811.697057545721,209.91782029463963
271.5,-0.6373945038544138,-0.33766289467062066,0.2692229574290821,0.004047370467217978,4.4488238132447657e-07,3.654919736907056e-08,7.673345859688655e-08,3.4177137511501242e-06,217.6616516791587,766.9236637495937,2799.6404498456436,217.6616516791587
271.6,-0.6373540646244293,-0.33765138392473193,0.26924168739083965,0.004036667544673415,1.5959517161346314e-07,1.4619053754732967e-08,2.3283458046349125e-08,3.4014150840820824e-06,223.56546924264282,763.8330354177539,3010.489267483187,223.56546924264282
271.7,-0.6367006382171458,-0.33747117528954473,0.2692055326665001,0.003924064824388897,2.1333246925798548e-07,1.8602885458035813e-08,3.0809079054799243e-08,3.3520698427714244e-06,223.305244376249,764.0210920984109,3011.960202897215,223.305244376249
271.8,-0.6358565098668738,-0.3372378498921163,0.26917254534784185,0.0038149060077770085,2.1435213639264025e-07,1.864635442740418e-08,3.085223024673252e-08,3.303661082639506e-06,223.30189449980242,764.024016150007,3012.391632754504,223.30189449980242
271.9,-0.6336181288478023,-0.3366134317295074,0.26798097223643613,0.004317280933863769,4.956075202949613e-07,4.0018191576547315e-08,9.057571703297546e-08,3.2751439048389605e-06,230.01373546855143,753.5258942688724,2632.7701228820097,230.01373546855143
272.0,-0.6337467014070881,-0.3366273461513319,0.267852162298029,0.004361550787081389,1.988302854305535e-07,1.7390124300878033e-08,3.082740183272714e-08,3.258305168969215e-06,246.54385476562854,738.3422257006287,2909.9199696532623,246.54385476562854
272.1,-0.6334283124347296,-0.3365407551451417,0.2678290056016161,0.004225136462345612,2.37546978157578e-07,2.0067160950769782e-08,3.4344435424751497e-08,3.33191994199259e-06,269.81813640168144,716.5794246475625,2904.492974644347,269.81813640168144
272.2,-0.6309737622950757,-0.33586361076897087,0.2651817028828226,0.005433826261947833,5.155186909638754e-07,4.0986798150116145e-08,9.858180995759863e-08,3.312871975122134e-06,268.1866786939925,716.0887312370797,2497.4711859046624,268.1866786939925
272.3,-0.6309816353716765,-0.3358664038059008,0.2651672982390259,0.005441805977852161,1.677792618085651e-07,1.4767370345327853e-08,2.5965647249431707e-08,3.294246891353356e-06,275.12430055904224,709.0677003767123,2867.39762763426,275.12430055904224
272.4,-0.6287892129411573,-0.3352649984802978,0.26436762966320587,0.005684779409001909,4.14381156165207e-07,3.270990378381698e-08,7.099210138106842e-08,3.262757420292261e-06,295.97502011522,686.4303181621326,2808.93918839248,295.97502011522
272.6,-0.6292503618701226,-0.3353701830371884,0.2634712351734517,0.006136060293569174,2.2477215119685479e-07,1.8673473063591147e-08,3.66205026475759e-08,3.253169827143742e-06,299.9242535702056,681.3496377507578,2762.2555509318154,299.9242535702056
272.8,-0.6290842764356015,-0.33530774211018843,0.261267245231131,0.006418944150110675,3.276829675144016e-07,2.599367434243247e-08,5.155701423657062e-08,3.286779267674699e-06,260.3716416368853,709.2977765989593,2516.6684829033734,260.3716416368853
272.9,-0.6286972322199028,-0.33520543660782687,0.26124867615799496,0.006219772319632797,2.411688741072172e-07,1.9359274221052047e-08,3.082676415418153e-08,3.321209147013204e-06,277.3729739259012,699.3891153672199,3229.660626722449,277.3729739259012
273.0,-0.628328436720955,-0.33509266178774,0.2611650363658308,0.006223410784817199,1.878684464195404e-07,1.553139197308614e-08,2.4682955641355172e-08,3.320887227522346e-06,294.29284950564113,679.862651197117,2919.923311763545,294.29284950564113
273.2,-0.6283336154487833,-0.33509437307005274,0.2611610766818066,0.006224660553275274,1.0637849796395918e-07,9.748712694179796e-09,1.3827915752051665e-08,3.3203071715437008e-06,230.35884390932554,751.6469493530496,3202.3717930470743,230.35884390932554
273.3,-0.6275508468396402,-0.3348561750513235,0.26092797004171536,0.006124046489692559,2.707256287024418e-07,2.1522360985605458e-08,4.1355369073422e-08,3.2856002285258846e-06,235.85240016254352,745.2693982011797,2905.63894887437,235.85240016254352
273.5,-0.6278126705994034,-0.33490425025008264,0.2587877577490777,0.0062150053954197985,3.404028739161825e-07,2.6529476972709484e-08,5.92221237888832e-08,3.3971178296284788e-06,216.49891254133058,759.1310282561358,2330.640568498818,216.49891254133058
273.7,-0.627754636553366,-0.3348510261479124,0.25882860245172745,0.0061657280011004,1.5502313490863163e-07,1.3277488229324334e-08,2.2036007946610116e-08,3.396294208894541e-06,229.77115649642832,748.5175243616331,3226.2000257571717,229.77115649642832
273.9,-0.6272949256792496,-0.3346964626462614,0.25825800905508306,0.006213200449035898,1.3168210133935374e-07,1.1600760114620499e-08,1.8689916393066348e-08,3.3962168419126613e-06,238.85082786777926,733.9517670515961,2772.1933133848843,238.85082786777926
274.1,-0.6255562754468658,-0.3342294347207392,0.2563484792591749,0.006285173186821269,6.361516695698778e-07,4.670580199824497e-08,8.763376478648963e-08,3.5062305794957612e-06,198.79951887635704,785.7101688416509,2917.4561172731737,198.79951887635704
274.3,-0.6262462905690084,-0.3343881156436332,0.25551681550554717,0.006383212781003431,2.5012446602311544e-07,1.9751820838655003e-08,3.4182844472805565e-08,3.5050229690197372e-06,203.06509099060784,778.3020427284258,2760.851704414437,203.06509099060784
274.5,-0.6259360511673003,-0.33430705021040497,0.255516701818073,0.006166844691157054,2.422217348985848e-07,1.8821784033302985e-08,3.265295686168855e-08,3.5865523685305337e-06,206.1828390018706,779.9080971550729,3055.454772147189,206.1828390018706
274.6,-0.623757745537807,-0.3337210133354714,0.2552874156052436,0.00607567015307302,4.38389265381111e-07,3.221054320894898e-08,7.201402829430282e-08,3.547885680943896e-06,198.97051241911427,785.7952094762003,2809.3015386381385,198.97051241911427
274.8,-0.6235871775025401,-0.33367081438845553,0.2547236600570628,0.006376126581715465,2.4046287783460965e-07,1.869886018208367e-08,3.6466234474001377e-08,3.537380838840812e-06,198.86606974962083,785.710757022961,2929.828975290321,198.86606974962083
274.9,-0.6231310277300843,-0.3335545618541939,0.25475016691562136,0.006148124244163397,2.315555519371441e-07,1.797683379612848e-08,3.293262210539034e-08,3.531307015835301e-06,202.37033993555124,779.8796509824242,2993.8044335006707,202.37033993555124
275.0,-0.621452844107171,-0.3331099685772808,0.2531193811598393,0.006829046861294185,4.676686935117156e-07,3.3975842558795955e-08,7.921259557932221e-08,3.4942377377052074e-06,208.16718480794657,775.9981502343234,2737.8964173904465,208.16718480794657
275.2,-0.6209500323622966,-0.3329721441409522,0.2522552087332639,0.007292219499125143,3.3105456698289135e-07,2.4712338044061584e-08,5.459531426477846e-08,3.4869333434927084e-06,205.19822971850041,777.1960041758391,2500.1145207776,205.19822971850041
275.4,-0.6202000330941156,-0.33278103261325853,0.25283776555076426,0.006939125136122846,2.459889833162162e-07,1.8693449841151132e-08,3.5378612258491385e-08,3.5623017564715333e-06,192.68476527504998,786.6182562539121,2823.947147244576,192.68476527504998
275.5,-0.6201950648121675,-0.3327677627729661,0.2522456721085623,0.007027160873054926,2.128349817193389e-07,1.648528677520154e-08,3.047348591020354e-08,3.5621521929791626e-06,200.0495566638213,773.1382327213067,2774.8132868075336,200.0495566638213
275.8,-0.6201244381199377,-0.33274986799820777,0.25134844610215645,0.007182119907776436,1.6889396120887546e-07,1.3549447055315916e-08,2.423526574429234e-08,3.561958295464708e-06,211.95561593089687,765.6570451813096,2741.129740211413,211.95561593089687
275.9,-0.6201917962168245,-0.33275860139941127,0.25139342236389034,0.007164299728312575,1.1512601715955882e-07,9.96049040496753e-09,1.692539226388955e-08,3.5617245757232637e-06,200.2671138758666,776.8178490869393,2624.0867466865284,200.2671138758666
276.0,-0.6204616761262481,-0.3328091402883674,0.2511740210843113,0.007179879078295927,9.146220088161796e-08,8.380566347997954e-09,1.3412468759053896e-08,3.5616066585540092e-06,196.56771281106288,778.8841675427201,2645.145713509321,196.56771281106288
276.2,-0.6204505908671267,-0.33280582209311216,0.25117343083187715,0.007179444978898873,6.676532775985949e-08,6.725632884673275e-09,9.79946190252668e-09,3.561477652308411e-06,192.38977906666173,787.4478341823362,2776.3937191066134,192.38977906666173
276.3,-0.6204641028932982,-0.33280050341633594,0.2511532652795612,0.007172654674282741,5.646498688680376e-08,6.034181855042443e-09,8.396026333608958e-09,3.5614216797277867e-06,187.77735947140255,788.8520414806073,2422.5154698241495,187.77735947140255
276.4,-0.6204629453334666,-0.3328009353882717,0.2511479959104333,0.007174414324596487,4.5833106077138945e-08,5.31113869236771e-09,6.9553936183026174e-09,3.561357249955098e-06,194.85984130797803,795.9384599399525,2481.850162296921,194.85984130797803
276.5,-0.6183012300405157,-0.3322372681485878,0.25088700500327765,0.007069104049088816,5.906466126364402e-07,4.116631679695066e-08,1.2394798731326158e-07,3.539435530241176e-06,187.3773715120658,799.4569902797982,2273.054298513935,187.3773715120658
276.6,-0.6179369363578281,-0.3321437378007413,0.25086674480140797,0.006815568837770157,2.2711906509639765e-07,1.714590655987385e-08,3.873051640534527e-08,3.5348231179246435e-06,211.45703213281303,778.5665858014814,2546.8087184237934,211.45703213281303
276.7,-0.6144390080315404,-0.33123398133590354,0.2500927437264214,0.0069951671022342975,4.868760328741589e-07,3.41930205472825e-08,9.867576326262344e-08,3.5038159921276633e-06,213.70268319003767,766.859314168529,2319.3060153297447,213.70268319003767
276.8,-0.6146243430290399,-0.33126500288371563,0.2498678546957226,0.007096230032997738,3.0236068013281534e-07,2.2072172773170353e-08,5.746018415135396e-08,3.4918454527426767e-06,208.6928301159173,784.7194290793134,2566.3638073719776,208.6928301159173
277.0,-0.6068358212860001,-0.3292768957546951,0.2528341477568453,0.006208206672643684,1.16586883512649e-06,7.821347441161453e-08,2.1330759967664266e-07,3.5339194701774422e-06,205.846926363685,783.3777570239257,2428.828219901271,205.846926363685
277.2,-0.6043333032192835,-0.32862158506606237,0.252643058470411,0.006227258962396979,4.462968357026182e-07,3.131563658149687e-08,8.624814187135222e-08,3.5279243777075626e-06,214.35502830373423,772.4959476347626,2170.964973306269,214.35502830373423
277.4,-0.6039898034517031,-0.32853017341365726,0.2526435695373093,0.006013954952334548,2.3717014132237085e-07,1.8180738954278136e-08,3.270480547105393e-08,3.624930080251083e-06,190.23207600280742,799.7750559773366,3053.67434133744,190.23207600280742
277.5,-0.5985261507558025,-0.32711259025151335,0.25309873043028974,0.005560513831573434,6.367972690787039e-07,4.48342812588307e-08,1.3750024199933006e-07,3.6042926188123953e-06,179.7720593862018,807.4948258765068,2111.4043535924043,179.7720593862018
277.6,-0.5980440911589355,-0.32698016572706373,0.2522190601255369,0.006031182960356639,4.632199010653359e-07,3.324552568365945e-08,9.370735021063363e-08,3.5911570884094314e-06,205.50045159024143,778.5963633515976,2502.242686447585,205.50045159024143
277.9,-0.597816810751971,-0.326921066965036,0.25217884016895514,0.005821327985024797,2.3604586841747492e-07,1.8048581872807197e-08,3.220321512592277e-08,3.6739962634409666e-06,211.1207275394709,778.9951925956195,3096.9966888489957,211.1207275394709
278.0,-0.5954914049022288,-0.32630520011954617,0.2511260273767891,0.006189228778802521,4.467447900796853e-07,3.203009838042901e-08,7.444128962433319e-08,3.6315053552530447e-06,206.59905571534895,777.3558193626353,2863.8286459983574,206.59905571534895
278.2,-0.5954148469524337,-0.3262563627842058,0.25079577264214764,0.006330754741961679,2.532884306788258e-07,1.920680677086794e-08,3.987461743241133e-08,3.6208243908676987e-06,187.2544307797281,794.6915703555624,2770.371219435574,187.2544307797281
278.3,-0.5956229130138706,-0.32630655076165965,0.25011677236232904,0.006702362942306158,1.9315106772656012e-07,1.5214900001611783e-08,2.9986769816150276e-08,3.617761517969974e-06,195.49482320567017,785.9636692915254,2584.6518394088844,195.49482320567017
278.5,-0.5958306452577674,-0.32633405331020665,0.2495840562701661,0.006560916589617754,2.405787731133087e-07,1.801533336851816e-08,3.530567707412213e-08,3.6274833279949276e-06,228.4660594690595,755.9907078487132,2805.8084235069,228.4660594690595
278.7,-0.5953864429747144,-0.32621451451692135,0.24954577017155607,0.006561903176271932,1.8392962437500874e-07,1.4297435657401018e-08,2.7867134505259604e-08,3.6270009544282925e-06,245.3135024100882,727.4660232939086,2446.493179722356,245.3135024100882
278.9,-0.5948773512574577,-0.32606748319330575,0.24934305183221459,0.006588673539472333,1.5556219580008585e-07,1.2441841704980166e-08,2.4323918043584064e-08,3.6267682657152216e-06,226.95751127441196,735.9868882362239,2075.677312755148,226.95751127441196
279.1,-0.5883507804289053,-0.3244066621214999,0.24871037077622926,0.006459908494197915,1.2759073938154938e-06,8.496572796157021e-08,2.218552727006505e-07,3.7242004790834366e-06,258.446920096734,717.7336407042408,2538.524481971312,258.446920096734
279.3,-0.5875894128797403,-0.32420827671519215,0.2478293337590293,0.006593707767830909,5.717274799638155e-07,3.930827826801108e-08,9.681096608150212e-08,3.721014751855376e-06,251.92780672069594,723.1234497659179,2608.4540781082283,251.92780672069594
279.5,-0.5881411691816216,-0.32435854728860986,0.2487220165297029,0.006178246737470238,1.7246353093251745e-06,1.1281495348714987e-07,4.0477797424832593e-07,3.7655750786159763e-06,213.18991066898653,758.930913860902,1910.55521909944,213.18991066898653
279.7,-0.5859857754125588,-0.32381653391501614,0.25376566274055057,0.005069534058521041,1.2545637126804454e-06,8.270917694502952e-08,2.8995867897758005e-07,3.759942844944711e-06,221.42742662906363,751.30113642921,1762.0185511838265,221.42742662906363
279.9,-0.5854938825385699,-0.32367038240127133,0.25276011118928393,0.005043147968534159,6.981654879374089e-07,4.9632155864786834e-08,1.4975623434751801e-07,3.8353085810804826e-06,192.2422246148873,785.8057159026529,1985.5624092898765,192.2422246148873
280.1,-0.5799944243461361,-0.3222417835097095,0.2609382254625747,0.0024668277606921286,1.5001984855572888e-06,1.0301811049847948e-07,3.151053822784295e-07,3.839889163762467e-06,184.09701896830154,801.5251102680328,2095.62390227915,184.09701896830154
280.3,-0.5794475922804291,-0.3220872327788103,0.26047848969982995,0.002586824024303637,4.766818464305718e-07,3.465451430569462e-08,1.0127684733048262e-07,3.821419087090456e-06,199.94918792620055,781.1606943795213,2023.599638978062,199.94918792620055
280.4,-0.5782052992727694,-0.32174644595747426,0.2595974979859903,0.002690733469587661,5.071376133867856e-07,3.8840076779545465e-08,1.0114548365900662e-07,3.838325841787223e-06,196.88430835607255,786.9330458094049,2046.6533272862775,196.88430835607255
280.6,-0.5726035391221573,-0.32025256328604973,0.2592505900369243,0.0026922873596196377,1.1528558941807315e-06,8.429166221162438e-08,2.619567433329012e-07,3.836007824701921e-06,191.19047412506748,791.4095789493175,1916.5551478117063,191.19047412506748
280.8,-0.5726449428125556,-0.3202458227999945,0.25670066413931514,0.0034429706333125695,3.876999790714265e-07,3.0322788916309534e-08,8.783408532774546e-08,3.820104093645986e-06,179.00604011400597,794.052822712647,1792.8869936700062,179.00604011400597
281.0,-0.5720736291856683,-0.3200873151615862,0.2564786841121934,0.0033460641985695984,3.708274970569384e-07,2.853574383720406e-08,8.333775102823297e-08,3.8759659234523876e-06,194.83503674785732,787.0243971845575,1870.8885128294464,194.83503674785732
281.1,-0.5722531424250284,-0.320119208910404,0.25513328408968644,0.003618522637722714,4.355885559282046e-07,3.292046572621412e-08,8.778507059872024e-08,3.858095332293789e-06,201.3478103618167,782.7234177652103,2067.4877341764923,201.3478103618167
281.3,-0.5730682323229721,-0.320346198891866,0.25518543720635545,0.003614669050455335,2.50356894917983e-07,2.0180157518613044e-08,5.16748816614597e-08,3.854757119356592e-06,191.5934202412056,796.4790392171312,1948.0945400529047,191.5934202412056
281.5,-0.573484614396034,-0.32044048753292137,0.2549139148649234,0.0036834957037099095,1.5211811725379988e-07,1.339696989822871e-08,2.990629212025464e-08,3.852736884261618e-06,205.41756064427838,779.5195895100567,2155.020156153794,205.41756064427838
281.6,-0.5729843541429205,-0.32031110646236877,0.25486994554266984,0.0035612748968858778,2.2781384983159004e-07,1.8386433782499978e-08,4.197006155445921e-08,3.831237377320251e-06,198.81786499990662,787.2837191544827,2334.157263695569,198.81786499990662
281.7,-0.5715161319229671,-0.31991498963667664,0.25408436691326103,0.0038855475017011186,5.008571109202603e-07,3.693330129370831e-08,1.1162065518689668e-07,3.7877289353657855e-06,185.3743983107236,791.376599179458,2006.9308019432106,185.3743983107236
281.9,-0.5716932883864344,-0.31995622619950354,0.2534570029900395,0.00424637958590779,3.3856576428486293e-07,2.5917611659561153e-08,7.610663135251447e-08,3.7757174738090116e-06,185.88972791293855,788.2265040819286,1795.6965467606256,185.88972791293855
282.0,-0.5716831889389582,-0.3199540964157918,0.25344706506315556,0.004252541476515723,1.3942920550117653e-07,1.2333311627150776e-08,2.8057495319595044e-08,3.7594287492886705e-06,209.51020329398546,776.6150300478845,2266.2163099291247,209.51020329398546
282.1,-0.5717013235043567,-0.3199335593563689,0.25320290419057084,0.0043746493644824126,1.2224734866881847e-07,1.1164084508207553e-08,2.473033837892324e-08,3.7582999216933504e-06,194.9912210265101,782.5587977339385,1934.7940391590519,194.9912210265101
282.3,-0.5714457219085022,-0.3198683961700242,0.2531167290812597,0.004228742496675191,2.4716836106363096e-07,1.9414512149633686e-08,4.7040731007532195e-08,3.839541019383966e-06,206.03501425061074,772.7111258172121,2138.9287587658955,206.03501425061074
282.4,-0.5713210375767502,-0.31982979889590796,0.24841827417372633,0.006737890502355751,4.998505763091478e-07,3.6314673008404654e-08,1.1556622346877467e-07,3.801839327653999e-06,199.33479307493124,776.6714344033902,1822.0134850845432,199.33479307493124
282.5,-0.5715043366945448,-0.31984494133610447,0.24781950265133054,0.007050377276025503,1.9815121211642408e-07,1.6133355865297234e-08,4.443322254958474e-08,3.7791617632461106e-06,192.34933663757664,794.5812927505681,1809.7900933391884,192.34933663757664
282.7,-0.5712804487017585,-0.31978983558990687,0.244736851579018,0.007604510199527913,6.16108772361796e-07,4.241913654643013e-08,1.2792122750157503e-07,3.780947220364098e-06,184.47166714780502,794.959507358652,1965.3471464885715,184.47166714780502
282.8,-0.5711225862954994,-0.3197290482527252,0.2441164463699791,0.007469590982949955,4.117267048061557e-07,2.8702238637301317e-08,7.751113816618496e-08,3.780021316447028e-06,184.8870734781057,798.0971331639053,2132.063861239982,184.8870734781057
283.0,-0.5707458279006246,-0.31962774946780154,0.2433115664363757,0.007671923529229334,2.7105063021302227e-07,1.991266199414391e-08,4.988402362752791e-08,3.7781609002645993e-06,175.0146178397326,802.114699520856,2245.795291484779,175.0146178397326
283.2,-0.5684597344778245,-0.31905397375076017,0.24064825922487892,0.007993128662460512,6.131692754799902e-07,4.080404263092235e-08,1.2639600400176112e-07,3.8040702519939477e-06,174.48936758969901,805.5011516203199,1937.4936873603863,174.48936758969901
283.4,-0.5670438910630741,-0.3187019136528998,0.24010385685803745,0.008116543851266046,4.6459186295080347e-07,3.163621431212366e-08,9.544202344472427e-08,3.8024638626381178e-06,179.60493458994847,796.8836931146474,1976.911093033472,179.60493458994847
283.6,-0.5668269664357622,-0.3186504698039636,0.2393143890626377,0.008298031065519877,2.7609122605363284e-07,1.9993700153621714e-08,5.543606210730281e-08,3.8003843607690357e-06,183.6885817849055,794.0005036990901,2073.3927876642947,183.6885817849055
283.7,-0.5668356910539015,-0.31865233317617997,0.23928610663395333,0.00830422530361778,1.2872571423371543e-07,1.0853018424497348e-08,2.425686136907105e-08,3.7987458934613226e-06,191.1414299972049,786.882692350341,2353.908550328023,191.1414299972049
283.8,-0.5629667844543784,-0.317704373529407,0.23885851509122813,0.008262409500092513,6.933709053133793e-07,4.431045264224678e-08,1.6332510588325946e-07,3.7780294385974042e-06,184.25841436862214,790.5553744124467,1916.6580083749336,184.25841436862214
283.9,-0.5588125818720513,-0.31667807737201475,0.23722658072106767,0.008271408371214635,1.0950052072941854e-06,6.785736970086027e-08,2.655376025250226e-07,3.801656628163074e-06,208.53177341099325,763.3656635451222,1784.2793256785712,208.53177341099325
284.1,-0.5586628291264893,-0.3166271342946158,0.234547261188085,0.008438593246988531,5.719278793074789e-07,3.648394470433099e-08,1.3255466750999295e-07,3.855389550414189e-06,224.94344460269636,757.0890577033206,1891.6661262512112,224.94344460269636
284.3,-0.5586555081888778,-0.3166014213478323,0.2331966000454659,0.008349805727380906,4.0974586598190887e-07,2.650670475005937e-08,7.884420980086751e-08,3.910782816657656e-06,224.52229439197407,755.5726911411941,2165.2237216614158,224.52229439197407
284.6,-0.5583011119119555,-0.3165110162749271,0.23208649855279892,0.008548525500182138,3.158151633666821e-07,2.1130549202913338e-08,6.019334144526471e-08,3.910138167744414e-06,230.55887602825388,753.2017925921917,2231.3994288896165,230.55887602825388
284.7,-0.5554566778433662,-0.31582360993235775,0.23082060078048092,0.008552252194184217,1.057315605540443e-06,6.22106474834428e-08,2.637570456103317e-07,3.920236458929177e-06,214.65740350984993,756.1154825632739,1823.7024733217622,214.65740350984993
284.9,-0.5550394392837892,-0.3157138741488326,0.2281982372834659,0.009237366395023303,4.902717280653924e-07,3.0448376604323197e-08,1.0892643876075467e-07,3.909269644006864e-06,244.44860835622083,728.7648622715456,2361.974351348189,244.44860835622083
285.1,-0.5526586447502781,-0.3151562083119429,0.2234805774438227,0.00977048009668086,7.398424992849687e-07,4.294804657992056e-08,1.4628843850803392e-07,3.960785377050528e-06,280.4182865937974,699.4768828914613,2315.0453202898666,280.4182865937974
285.3,-0.5459417957952677,-0.31362642446010797,0.22124624931903683,0.010091996521188808,1.7871118171979236e-06,9.591711438348284e-08,3.965951895263914e-07,3.964289222039313e-06,224.10467558195072,749.5410701104001,2065.5701991507285,224.10467558195072
285.5,-0.5436134684286291,-0.31309572061078206,0.21918921209984324,0.010044152237834999,8.370087539720223e-07,4.591691171582921e-08,1.967802562862394e-07,4.0108869844512e-06,261.1850520151085,710.4934989782582,2094.8495925455973,261.1850520151085
285.7,-0.542681506639748,-0.31287348807019894,0.21745132478992793,0.01034021807703519,4.3927792464843256e-07,2.5807463034953224e-08,1.0824450581250974e-07,4.007968747220873e-06,235.54962172936487,734.3606457917552,1816.7539250854807,235.54962172936487
285.9,-0.5425222089545364,-0.3128341794551239,0.2165985003972885,0.01048843338130507,2.4617656903649017e-07,1.605730702181506e-08,5.693558962884353e-08,4.006260603188764e-06,221.85036378280816,751.6199124273775,2153.5597706306057,221.85036378280816
286.0,-0.542608711149013,-0.3128335880180443,0.21636081462033596,0.01050819020919997,2.0578293721607675e-07,1.4031048407304297e-08,4.812353915531332e-08,4.00596361039075e-06,197.5908679398503,772.5673461283103,1771.1447849243582,197.5908679398503
286.2,-0.5426858362778884,-0.3128458241146568,0.21603269295065963,0.010560906479682313,1.5751869938788462e-07,1.1609654575897664e-08,3.576482123258371e-08,4.005542267596284e-06,192.8575139181629,781.004027728987,2099.718580623834,192.8575139181629
286.3,-0.540154546512972,-0.3122769566486205,0.21588305734003307,0.010224470676111139,8.336412641698422e-07,4.3991599567322474e-08,1.809719612159345e-07,3.972568028297536e-06,196.37635346333454,775.3388049700771,2089.027738315097,196.37635346333454
286.5,-0.5381384789246485,-0.311818186847975,0.21346319306388828,0.010273353331250562,5.935845681888224e-07,3.236869062197774e-08,1.1479794392593823e-07,4.000651726090058e-06,201.68619085181905,773.2366540264844,2193.88746791967,201.68619085181905
286.6,-0.5334578722894772,-0.3108000805633454,0.2116927913661334,0.010357766664178468,1.0458387503607206e-06,5.311022844747259e-08,1.9886378061927465e-07,3.9976489680903295e-06,193.45159893108908,784.6611452477711,2248.3380774221932,193.45159893108908
286.8,-0.5297638265172497,-0.3099890018708461,0.2099936821138074,0.010261327563520746,1.2658532577203793e-06,6.256196861377863e-08,2.817942988636852e-07,4.042136894972812e-06,198.80522804261525,778.127247798027,1965.0849383015925,198.80522804261525
287.1,-0.5278900340887127,-0.3095737160528161,0.2084752861351455,0.01011226845084787,1.4122636513374041e-06,6.832090136218828e-08,2.8186829015012697e-07,4.104055968397947e-06,225.64082223408235,750.3292977347244,2219.6820812400756,225.64082223408235
287.3,-0.5203241157549189,-0.30796362258844384,0.2088964705944134,0.009633337578277551,1.6098190929943752e-06,7.639826025238711e-08,3.1698180012075655e-07,4.1642427552649825e-06,208.35761612178047,765.6152609946673,2245.498519326485,208.35761612178047
287.5,-0.5184721941027711,-0.3075498212690743,0.20785284400516185,0.009372442985738845,5.479299177214729e-07,2.91358328241018e-08,1.0690815306483268e-07,4.202473551793853e-06,201.90423762718592,771.1428077937225,2299.8195309163957,201.90423762718592
287.8,-0.5159730031372699,-0.3070105520297723,0.20652344003911854,0.009254141286406952,6.140651838884613e-07,3.205247110775201e-08,1.1676852132827383e-07,4.234002054466522e-06,186.24010477202663,788.911238460043,2263.328726856793,186.24010477202663
288.0,-0.5163507167109382,-0.30707097874430295,0.20501916500769246,0.009541074548747733,4.204489010651192e-07,2.342480546194343e-08,8.43409859807057e-08,4.232686187639234e-06,190.99434054616432,764.6261657262727,1830.8635373295988,190.99434054616432
288.2,-0.5170007140687249,-0.30719193053069366,0.20446959370412396,0.009639047562588628,2.168122898321546e-07,1.4268234528688021e-08,4.093890301100252e-08,4.230915563174548e-06,219.09215406070066,755.8361979796447,2365.9942452451774,219.09215406070066
288.4,-0.5164954032720231,-0.30707474488123976,0.20414298203345704,0.009696494212098717,1.9221815629262444e-07,1.3158596440969443e-08,3.6455700804232104e-08,4.230728562911002e-06,215.72480410165838,753.5621690998715,2111.433541207508,215.72480410165838
288.6,-0.5130500566308787,-0.30635658860683834,0.2028096016308446,0.009545120214590808,9.813407147191262e-07,4.671103179327467e-08,1.676804531073594e-07,4.283338190399397e-06,205.94811644919946,766.6735890185881,2506.325586980332,205.94811644919946
288.8,-0.5125102624403342,-0.3062204388639153,0.20104059811689368,0.009853601893195936,5.837305302050654e-07,2.964671108698215e-08,1.0076872896112753e-07,4.281056416199504e-06,210.65227779087903,758.334125524613,2368.5637673778256,210.65227779087903
289.1,-0.512222878117319,-0.3061320835285705,0.20000561992657875,0.01002360131919662,3.5002233242156173e-07,1.962296110573289e-08,6.645250397041237e-08,4.279881505260932e-06,199.57800040720883,765.3329498616501,1860.544256035847,199.57800040720883
289.3,-0.5118745018831576,-0.30603901489763546,0.19860567513000105,0.010266547110023807,2.674882144932922e-07,1.6070545666617318e-08,5.2143291613986975e-08,4.279390744478187e-06,203.92525560860474,761.5676607500992,1923.982015310795,203.92525560860474
289.5,-0.508521478789859,-0.3053294862543025,0.1939309620294552,0.010691956449313481,1.0714356148415146e-06,4.804462834626937e-08,1.984085063702114e-07,4.329045525176115e-06,209.1231633339883,751.3150209473201,2309.195317884814,209.1231633339883
289.7,-0.5085462938656455,-0.30533501658136203,0.19392119597696522,0.010694136180763428,1.8452170498795628e-07,1.1856642247894148e-08,3.182697406697824e-08,4.323220068091429e-06,254.42868474547507,714.0181324224061,2697.7083438753957,254.42868474547507
289.8,-0.5058532341888234,-0.30479541156087236,0.19128096560750016,0.01199243867832631,4.315011710304751e-07,2.1069069363501798e-08,8.51234378881409e-08,4.246612781916869e-06,256.6242430523387,707.5019892934542,2498.0611083959766,256.6242430523387
290.0,-0.5054658338137901,-0.30472210685185297,0.18775389191588088,0.012155733555758634,1.0417459859316445e-06,4.3369134107507684e-08,1.913801116439025e-07,4.283718314930697e-06,284.13865298521887,684.5574157131169,2344.6829305336432,284.13865298521887
290.1,-0.5018582747807285,-0.30402997424725503,0.18562331217955388,0.012370115007562844,8.309156662800749e-07,3.448375661476487e-08,1.3737386128735028e-07,4.2398652245210675e-06,271.72275427013346,686.1404058156661,2558.499923454766,271.72275427013346
290.3,-0.5024932718976928,-0.30413497258046635,0.1847495475165129,0.012641741623024323,3.705520198902353e-07,1.774454517286276e-08,6.71651739801472e-08,4.2325155333272716e-06,274.2519278736839,687.0880186218326,2040.268648652933,274.2519278736839
290.5,-0.5025111868748523,-0.3041392322074156,0.18477299503777248,0.012634777355418458,1.4805589417462823e-07,9.58289377052024e-09,2.6199427186047666e-08,4.228179380444785e-06,277.64289004871415,680.1193800865126,2392.8141928425835,277.64289004871415
290.6,-0.49986512481106454,-0.3036270008048794,0.18253312108556197,0.013590853224099853,5.943946608569278e-07,2.512168556777574e-08,1.308318587288433e-07,4.17288440563188e-06,242.3324312951764,716.5321855670452,1915.8575612590216,242.3324312951764
290.7,-0.49768822464082196,-0.3031988092927167,0.18219597284535272,0.013088385719045244,4.88054070131795e-07,2.1061508827479158e-08,1.0380350596613928e-07,4.118551694434695e-06,227.52670128512963,726.4073547479471,1886.225344615938,227.52670128512963
290.9,-0.49452656681408474,-0.3025875705821785,0.18054088638042304,0.012872397832777854,4.5276021711963306e-07,1.9776772505522487e-08,8.752661253718935e-08,4.151129886986615e-06,235.23545521995538,727.7605553977274,2127.9616582265053,235.23545521995538
291.1,-0.49199602742459253,-0.3021181242762673,0.17750257176534842,0.012903444446364463,8.833956019512581e-07,3.388730574198487e-08,1.8028280946696232e-07,4.208370645924695e-06,229.60104802646455,740.079399058003,2180.871683852897,229.60104802646455
291.4,-0.4873448737385185,-0.3012711185423344,0.17181947852309987,0.013411425243289915,1.5446620636240741e-06,5.444697518196216e-08,3.734528404198667e-07,4.265474222779507e-06,209.31032972604962,755.1460886691766,1735.4427299696865,209.31032972604962
291.6,-0.4847370917564096,-0.30078222058809195,0.17005883031443844,0.013717741569403257,5.310679577438335e-07,2.166099378935649e-08,1.1074072008392655e-07,4.256672334341257e-06,248.39708165055657,693.9777975066057,2066.2126295325957,248.39708165055657
291.8,-0.4841335895680301,-0.30064899843303367,0.1699268666707175,0.013724298762879186,3.1852476039980805e-07,1.468207657438625e-08,7.159268762553386e-08,4.255357857933105e-06,297.91713804626613,624.9513669921512,1939.4609609667827,297.91713804626613
292.0,-0.482620152475878,-0.3003478188283119,0.16821068573647222,0.014016373492302817,2.4363605402453374e-07,1.2299415584412064e-08,5.131583447795093e-08,4.254670750683339e-06,210.77955917819187,712.5286197906671,2213.7424387987517,210.77955917819187
292.2,-0.4760698664565911,-0.2992111544228529,0.16353980143207344,0.01437940224388653,8.914014718571266e-07,3.015894125064037e-08,1.8776871401294988e-07,4.287309189255237e-06,267.9358094018333,644.5545400637432,1889.7835384500668,267.9358094018333
292.5,-0.4675989889048295,-0.2978041941505649,0.15482337064128945,0.01540705702556877,1.7533937313791453e-06,5.247795073330129e-08,3.433985730698992e-07,4.33593354197372e-06,233.50000596529148,658.7233150990166,1972.5366283072517,233.50000596529148
292.7,-0.4637140408087155,-0.2971577676190354,0.1507026474428449,0.016172094884547676,9.214878809660076e-07,2.976058262957826e-08,1.839203317896486e-07,4.330337911876236e-06,248.3553546603469,702.3667193724623,2185.6622616191394,248.3553546603469
292.9,-0.46249776153433336,-0.2969823132422472,0.14648356573347626,0.016294244945550904,5.745078709830948e-07,1.8214129771613188e-08,8.427273784728742e-08,4.367638056400848e-06,259.4718748315998,707.5366326387356,2482.1126877860074,259.4718748315998
293.1,-0.4611701152960826,-0.2967608315914461,0.1455644583475117,0.016456190942474774,3.95847505569483e-07,1.4011721523289377e-08,5.993717479287756e-08,4.366769808287788e-06,291.7385783051779,680.5816047909551,2609.5110560029198,291.7385783051779
293.3,-0.454338440280268,-0.2957589668533261,0.13539340143249923,0.01769790232317615,2.1736073501392696e-06,5.171141462929351e-08,5.787308784731892e-07,4.4230054372153445e-06,261.1796956567882,704.6453496500061,1623.768542244231,261.1796956567882
293.5,-0.45462880823701685,-0.295744920357184,0.1345523970700021,0.017111490360336858,2.9807539818827035e-07,1.0758430044799888e-08,7.599338396449909e-08,4.420168147938072e-06,287.5806721397074,668.0302050732082,1883.6696786355637,287.5806721397074
293.7,-0.4497571563814207,-0.2950282233077796,0.12977707247883521,0.017283547105667405,1.4191618036949212e-06,3.1254300677968314e-08,3.7754715183973796e-07,4.464038272503322e-06,277.8120224313461,671.3755497757409,1709.3089525039104,277.8120224313461
294.0,-0.4453317919360575,-0.2944157024236282,0.12539627921540505,0.01738184725543374,1.1581999787392108e-06,2.5463754812675696e-08,2.386258317389904e-07,4.489370769274557e-06,224.38639393465616,732.0061289601464,2364.3044930603937,224.38639393465616
294.2,-0.4443571776459464,-0.2942639699447602,0.12327804348506638,0.017781230514003172,5.360345101905503e-07,1.4834186021443491e-08,1.207422701616962e-07,4.484980697881012e-06,217.65827458209955,741.2109719343491,1939.0050794715228,217.65827458209955
294.4,-0.44563528998858387,-0.29443907660093177,0.13075794088650677,0.015569969826700595,1.988657110439471e-06,3.636502736817728e-08,5.386028821430136e-07,4.528758945437316e-06,231.2560296833152,731.7379117281533,1753.1180630730482,231.2560296833152
294.7,-0.44228581873130557,-0.29400113365909947,0.129783156315217,0.015752706849235947,9.487758626959349e-07,2.0324731314984735e-08,2.3801563059388263e-07,4.517371226049089e-06,233.1946688197046,721.3603950568771,2167.3389888337874,233.1946688197046
294.9,-0.43534127206709533,-0.29303377751922816,0.12405412804725903,0.01618073485655734,1.3647827914042454e-06,2.9219841776702397e-08,2.809586914645665e-07,4.5446449969433785e-06,210.29186846284935,725.8248763419869,2054.8947957665487,210.29186846284935
295.1,-0.42800822397053934,-0.29207406974457606,0.11972504144274754,0.01624843869436519,1.2187698947766186e-06,2.5447090192611102e-08,2.6206051012970393e-07,4.585842863222575e-06,189.73074051023409,760.1454215036503,2093.345597059833,189.73074051023409
295.4,-0.42226717657664,-0.2913572013550236,0.11412185661116242,0.016643671999772562,1.6059949739369932e-06,2.98993780389301e-08,2.9768266631482074e-07,4.608692278377324e-06,205.00809947854182,746.3678596552224,2525.9853365443832,205.00809947854182
295.6,-0.42008038157673416,-0.2910810472629906,0.11149874320824836,0.01715869649704556,9.401073780150941e-07,2.0250268911262257e-08,1.7712441228965597e-07,4.60398560099684e-06,186.56986697878563,762.4848628294062,2340.672800349166,186.56986697878563
295.8,-0.41545453333785964,-0.2905107980282529,0.10801061595589395,0.017091356017593005,8.054967721574544e-07,1.6973830492358202e-08,1.2801083139880396e-07,4.620126810236195e-06,188.61088110122878,757.9635098906872,2808.0663375553086,188.61088110122878
296.0,-0.41295105747010236,-0.29022122887029184,0.10296208787308574,0.01734626849648244,1.0443969634646901e-06,1.904497684167331e-08,2.130458870345243e-07,4.640003171822466e-06,218.53191391558684,741.5939724635704,2332.809383414219,218.53191391558684
296.3,-0.4079617766829878,-0.28964782487583896,0.09767150002702006,0.017633367222460325,1.2110853841367072e-06,1.9888008850556146e-08,2.4737962109681225e-07,4.656442901949444e-06,205.01485301281764,742.3164215623616,2360.1418182042303,205.01485301281764
296.5,-0.40777803504094506,-0.2896347361947445,0.09590867310128508,0.017987929409761478,3.764152074818679e-07,1.0888209544498855e-08,7.068439753079457e-08,4.649316385742238e-06,211.4272867723075,756.7368027854372,2612.5920100567473,211.4272867723075
296.7,-0.40536920383265423,-0.28936124069079067,0.09279581330917158,0.018171358468977446,7.089908730018791e-07,1.3510140409990661e-08,1.3470366747801706e-07,4.59440000537513e-06,203.48103428819465,755.0500693533253,2451.1169231015074,203.48103428819465
296.9,-0.40391490310864603,-0.28916161117239564,0.0918846502749693,0.018449214966858397,4.416251996471907e-07,1.0953248712060724e-08,8.321804221915433e-08,4.589364698337277e-06,225.08411186660956,726.6620486839563,2636.6803929179323,225.08411186660956
297.1,-0.40167697388270507,-0.2889137309094836,0.09075656503747825,0.017853644585928977,5.023124527615483e-07,1.113457753474834e-08,7.84665426034409e-08,4.6045194375330495e-06,204.61859910652007,760.0524302338099,2950.685088055405,204.61859910652007
297.3,-0.3950381780149316,-0.28827721250915483,0.0868632982294448,0.017920832420465466,1.2710827838730245e-06,1.7392812893838587e-08,2.116376018024693e-07,4.609190488460373e-06,200.0818140270469,756.9582011062481,2940.4688579293197,200.0818140270469
297.5,-0.39219368537989285,-0.28799558607351367,0.0851401296168255,0.01829598007637094,6.714216656620053e-07,1.2404917065839758e-08,1.0551200219280926e-07,4.604081352780028e-06,207.58428124032395,753.6571062470474,3090.7172717536287,207.58428124032395
297.8,-0.384441997717346,-0.28729609427759534,0.081239020012606,0.018266206804779927,1.7770521557720814e-06,1.9911940754287095e-08,3.663470444198967e-07,4.631470642242644e-06,197.67780114071968,739.1604284455564,2319.037394629355,197.67780114071968
298.0,-0.38206721098741436,-0.2870656473523289,0.07868695965432389,0.018773431003687942,6.501623570787345e-07,1.1661119880288858e-08,1.2445202783869362e-07,4.6217881140262015e-06,190.37954124421174,765.0180697187558,2577.273723438903,190.37954124421174
298.2,-0.37901850956802,-0.2867863788641818,0.07706943087541203,0.01823722302077661,3.1766238880715096e-07,8.837572296701892e-09,5.784161582725534e-08,4.6550254525408025e-06,209.00207607287146,749.6863469131455,2645.4781069212845,209.00207607287146
298.4,-0.3779012797148737,-0.2866568802522892,0.07609283645996133,0.018412216295714132,2.3687083656364494e-07,8.297922294828105e-09,4.368484285109615e-08,4.654546160303853e-06,207.55633074886055,746.3097450119029,2551.0690490345946,207.55633074886055
298.7,-0.3740304152776167,-0.2863165427207276,0.07123633333912172,0.018570606368768085,5.581168366031415e-07,9.982427704084436e-09,1.1997250040557504e-07,4.671102680931544e-06,231.68784636118815,720.363621410677,2444.4098656730475,231.68784636118815
298.9,-0.3732008655300651,-0.2862570591698682,0.07074945017597002,0.01866924928452064,3.518806027476371e-07,8.744563006330742e-09,7.817680966762677e-08,4.66939924936953e-06,246.6084856932104,711.1286473134584,2177.949286398446,246.6084856932104
299.1,-0.3728852240461029,-0.28621639175638386,0.07027114713650955,0.018764086574184016,2.7785281107084075e-07,8.29333614808455e-09,6.308943499550662e-08,4.668784590958886e-06,227.15782312955864,726.4106748986844,2182.3749353966427,227.15782312955864
299.2,-0.37260045553897164,-0.28615987337302734,0.06931156348901661,0.01895420411003414,1.6671792102591945e-07,7.59788469092714e-09,3.8024722242756554e-08,4.667762508564136e-06,212.8058169353582,742.2520275714984,2336.7168037149195,212.8058169353582
299.4,-0.37239166014775593,-0.2860905010045722,0.06901459598741945,0.01900867433211761,1.459585266195822e-07,7.453231516916158e-09,3.3089057688034865e-08,4.667560973413023e-06,233.00722969971338,715.6098475766862,2323.563863593881,233.00722969971338
299.6,-0.3720691687091731,-0.28604755931142245,0.06814754207145032,0.01918179750458213,1.232939268216768e-07,7.298196444113503e-09,2.661697704593142e-08,4.6672967920062464e-06,202.56295656683696,752.0036005051949,2940.028716977785,202.56295656683696
299.8,-0.37168923758820027,-0.2859591900935934,0.06774562552113286,0.01925683934058355,1.1038551541248057e-07,7.200313313524841e-09,2.3425577277136165e-08,4.667166264053359e-06,213.93146361815693,729.0627038841552,2590.6617998394713,213.93146361815693
300.0,-0.36541271555537014,-0.2855045407746162,0.06258287338797404,0.01935441112809505,1.6110480814951557e-06,1.4110486423864152e-08,3.2318191576773327e-07,4.709342444263341e-06,195.89358958423117,741.4861866885938,2430.133301723501,195.89358958423117
300.2,-0.365171820090753,-0.28543963228062236,0.060254442202239265,0.019782210182894274,6.645276865630077e-07,9.706939966973581e-09,1.3121651674905055e-07,4.702714541945655e-06,214.5772529853132,720.5424703570716,2436.112971191845,214.5772529853132
300.5,-0.3635335024662535,-0.28529401685347716,0.05785905979403364,0.020223835644632742,5.342642112366508e-07,9.084611900134832e-09,1.0771663832379635e-07,4.701904358481116e-06,226.82513616814398,692.4643765129105,2228.1180594585576,226.82513616814398
300.7,-0.36205057895171,-0.28515323643408097,0.05710774605719535,0.020359480819641212,3.7587345953424813e-07,8.300271339022363e-09,6.55727073080379e-08,4.700449689293149e-06,261.50325121504517,676.2750229910188,3477.6132760640603,261.50325121504517
300.9,-0.35687573946716,-0.28479354103821025,0.05318867817940811,0.020240642760433154,1.0077029604011699e-06,9.929848569222206e-09,1.959286079473368e-07,4.715534943892102e-06,254.31364404967113,675.6498007761109,2450.080160487806,254.31364404967113
301.2,-0.35694517715759694,-0.28476778077019194,0.05223359788030209,0.020432629809356794,7.063425476003308e-07,8.940928763794714e-09,1.5617351761288893e-07,4.713886946664304e-06,221.41365201044147,714.7140895165634,1456.2355846769349,221.41365201044147
301.4,-0.3545562196365943,-0.2846042825447172,0.05030495368209561,0.020823009540705126,5.131685325151588e-07,8.284942122471892e-09,1.1508543817925225e-07,4.712182167985922e-06,227.5287026904382,739.3370560295059,2383.8242184662304,227.5287026904382
301.6,-0.3520363018792406,-0.28441874339856266,0.04950060878909004,0.02098328939235838,3.815406016247384e-07,7.817873518593091e-09,8.599688510307294e-08,4.710975037467169e-06,267.31782670316477,704.0018324127267,2359.2809295342395,267.31782670316477
301.9,-0.351774488512121,-0.28435965482155995,0.04879873894361075,0.021122529958329386,3.0478627332854216e-07,7.552063180582141e-09,7.11881569822924e-08,4.710360337780221e-06,231.24705272362348,713.8293954415556,1841.1155672804036,231.24705272362348
302.1,-0.35104578293733846,-0.28429085562108997,0.0476363396138864,0.021356924056381454,2.5197322368607767e-07,7.377010817078907e-09,5.460740255960123e-08,4.709671366024474e-06,189.5121115895613,763.4144069859602,2958.6426461184974,189.5121115895613
302.3,-0.348634066507174,-0.28414058976780926,0.04403645397777106,0.02112981746946989,9.66578026677301e-07,8.842321016421357e-09,2.1856993827168795e-07,4.724890286847773e-06,193.2896717586873,751.2873677862947,2282.4888198575118,193.2896717586873
302.6,-0.3469901747036808,-0.28403825195951704,0.04406332748895816,0.021122517901058287,7.091156347277493e-07,8.247179417166891e-09,1.5101994491485953e-07,4.7220722377483e-06,195.59730013048147,744.3023703560852,2681.0049162770547,195.59730013048147
302.8,-0.34525825013183187,-0.28392063546511526,0.04204943549728498,0.021531158782269327,4.502492858836848e-07,7.6319933183562e-09,8.968232185903952e-08,4.719513356149899e-06,202.90729206331991,739.4294119763783,2776.209460638359,202.90729206331991
303.0,-0.3393651513348363,-0.28363239235605076,0.03595595657790778,0.022081098091294857,1.2649711502974832e-06,8.877730550189445e-09,2.2991049141051863e-07,4.697882635233762e-06,198.27061038348026,751.3256068043055,2921.6304821375816,198.27061038348026
303.2,-0.33261162097546926,-0.28337503996449925,0.03293959729864108,0.021765375150630633,1.4316006944944125e-06,8.611091720176503e-09,3.4549983196037706e-07,4.6915654381202764e-06,180.91227925817466,759.0815516806954,2221.2887014527023,180.91227925817466
303.4,-0.3307883777067373,-0.28327018810371346,0.029445876891906336,0.02143477850402912,1.2708722442239823e-06,8.25157236545095e-09,2.7785156062148047e-07,4.715490500729187e-06,233.685365956285,702.3644222604346,2338.917553932478,233.685365956285
303.7,-0.32291099077589713,-0.28298829752885635,0.023908713782937675,0.021599780123734414,1.864084955116642e-06,8.661056475241214e-09,4.410500311551086e-07,4.7325359166286105e-06,230.6918782413541,706.7999488480762,2078.3776519224657,230.6918782413541
303.9,-0.3230314612113112,-0.282973417880404,0.019751919512561104,0.021478366977973767,4.3152803744163464e-07,7.344557155962352e-09,1.0964398115881327e-07,4.726724871699807e-06,252.18484050222892,700.4033397168854,2102.825543951266,252.18484050222892
304.0,-0.3158265181607068,-0.2827961524736979,0.016467572235541763,0.02156869981000729,1.322875241125452e-06,7.636376285109047e-09,3.135015570908074e-07,4.682096378912152e-06,267.8737993912523,672.4674890775169,2098.2521382330456,267.8737993912523
304.3,-0.31358719258350887,-0.2827019294045601,0.015500844424354288,0.021872295091534245,6.763066910511843e-07,7.3535399835301845e-09,1.6677696567896347e-07,4.66750233031023e-06,253.46740455895218,680.3244675671989,2090.4103595038073,253.46740455895218
304.5,-0.30809338015176185,-0.28257354276708196,0.012490192524453906,0.02149495640662573,8.426196005499053e-07,7.404787355321594e-09,1.9121124980907746e-07,4.673887933728945e-06,219.25373351287297,721.9375004141494,2417.3249555915963,219.25373351287297
304.7,-0.3001317211113489,-0.2824303190573179,0.007739966561590317,0.021415174239197574,1.0649042649183205e-06,7.48197139769736e-09,2.7623207892677406e-07,4.707412461552201e-06,191.5013043915035,740.1623100024798,2168.9481397413756,191.5013043915035
305.0,-0.29442034819134727,-0.28234349718795804,0.002240799518258578,0.021574434660476906,1.1437651571584905e-06,7.566199876794158e-09,2.8319700646926773e-07,4.7188409806977015e-06,211.86065408401203,715.2726198594321,2201.9447878369883,211.86065408401203
305.2,-0.29131798877503856,-0.2822772922364764,0.0010820689937596855,0.021806968194730148,7.171166936102387e-07,7.522474015957677e-09,1.666598250340951e-07,4.714059964937605e-06,212.8545171159107,717.5256278870124,2495.4603703113107,212.8545171159107
305.4,-0.28555083990644387,-0.2822279034455768,-0.0039260955431244665,0.021848825032588604,1.5034208476385396e-06,7.5873356331998e-09,3.4475598079231165e-07,4.7299669807211805e-06,207.12002664141158,720.6445179233217,2383.220933921689,207.12002664141158
305.6,-0.28124050733702954,-0.28217813294861355,-0.006673893295219007,0.022407546490580795,8.726367973964444e-07,7.566699885196365e-09,1.8174906427898003e-07,4.723184918537242e-06,225.20087970600215,710.9496076515808,2714.521547689405,225.20087970600215
305.9,-0.2741076036045033,-0.282166430858411,-0.008393026064858233,0.02175021340632195,1.4817527427514879e-06,7.727660469751822e-09,2.779799875109286e-07,4.7348869062147795e-06,215.2316844270307,722.3066575842615,2736.2925794499697,215.2316844270307
306.1,-0.27224615373516153,-0.28212699734871216,-0.010119307375988559,0.02210139778630357,8.326517981844175e-07,7.680331962797712e-09,1.7758558221089062e-07,4.730696649762075e-06,213.17817453200848,698.5900237514642,1970.4567580051526,213.17817453200848
306.3,-0.2583638784474611,-0.2822412310395532,-0.013916189626734916,0.02188280833412563,1.5974897886663671e-06,7.849021273093272e-09,2.2766548596491553e-07,4.739801021544352e-06,213.09112913741944,736.3325322049593,3690.8658760155067,213.09112913741944
306.6,-0.2540132423506258,-0.28223691095672204,-0.016273643948658684,0.022364021662281817,1.1111846338253607e-06,7.794692528890589e-09,1.8959303954308767e-07,4.738207731744313e-06,261.82142898486757,611.8519461035509,1722.0224024843887,261.82142898486757
306.8,-0.24745696209666593,-0.2823254895235421,-0.028268129100637973,0.023813942227073684,1.6653710541722717e-06,8.261749260681598e-09,3.4220174515608637e-07,4.751005273296127e-06,224.6393504357281,685.3901433667176,2542.472836876946,224.6393504357281
307.0,-0.24232300674762258,-0.28238679148057655,-0.03218263572309924,0.0246156020409373,9.228946944864672e-07,8.07276883916606e-09,2.1476958346828469e-07,4.745655675858872e-06,269.77253894020026,678.0722024882917,2075.074333948317,269.77253894020026
307.3,-0.24110262531136362,-0.28241283764204766,-0.033878419445782064,0.023852835973511212,2.3605725457114523e-06,1.045708875315712e-08,4.791055817025119e-07,4.762605633933502e-06,243.11126761228883,710.9502616797322,2491.1767910355084,243.11126761228883
307.5,-0.23905889363816726,-0.2824245165813867,-0.037775967025269815,0.024651893761509933,8.976876863118641e-07,8.982238362103136e-09,1.8680146317689178e-07,4.750303870466491e-06,227.67846411373438,694.6942084147184,2606.754553083713,227.67846411373438
307.7,-0.23381359636710816,-0.28260544086947437,-0.04412426980401294,0.024842354441100566,1.8891440111677173e-06,1.0854956161750773e-08,4.6886125192141013e-07,4.767521073978616e-06,211.35538081229407,701.6644702239988,2197.4984632491314,211.35538081229407
307.9,-0.22869682464055366,-0.2827465757143843,-0.04958474883261006,0.02596384145528017,7.819379684547857e-07,9.259625256218276e-09,1.725899008037041e-07,4.755018313171339e-06,212.6069725108231,723.4572996518349,2695.9523518064875,212.6069725108231
308.1,-0.22295530629619878,-0.28298563826568796,-0.05201688436426266,0.02528995783497832,8.990505344941323e-07,1.0475153084934118e-08,1.7892024956104105e-07,4.760125727024283e-06,182.98707352160432,758.8348978459713,2891.028454029798,182.98707352160432
308.4,-0.21129429014483667,-0.28354458027560286,-0.05752044670617334,0.025278100124313745,1.1318088174480436e-06,1.1449351438942606e-08,2.5458619943217313e-07,4.767741615059071e-06,188.93796005748604,747.6380665909421,2672.113261225175,188.93796005748604
308.6,-0.2030099545870882,-0.2840004406574387,-0.06544094385699839,0.025764762124068304,1.3884584089464156e-06,1.309215163124463e-08,3.778635775150906e-07,4.776983810466388e-06,203.92110847377253,736.8687688808106,2136.417446913224,203.92110847377253
308.8,-0.20079025492435737,-0.2841047837328338,-0.06786021452880346,0.02626315546682048,8.624537733059774e-07,1.1318247833410828e-08,2.199137979212169e-07,4.770286961748262e-06,207.60901503389408,708.2294191605789,2312.2292811922903,207.60901503389408
309.0,-0.1923809613850241,-0.284626161690842,-0.07264612221402168,0.026059720254934006,1.4581656842333693e-06,1.533833804080703e-08,3.413764705572959e-07,4.779121835297197e-06,231.85686389596884,691.2614190298683,2553.6261036481237,231.85686389596884
309.2,-0.19437303508367165,-0.2844913045679851,-0.0713424778668385,0.025791043881860834,8.899189233235732e-07,1.2698868605659786e-08,1.9816395718961638e-07,4.773037130799698e-06,243.82309995567732,689.4962795762825,2619.460784054692,243.82309995567732
309.5,-0.1953102474717137,-0.28442745854712004,-0.06972960601342494,0.025458590348723435,5.909104128391401e-07,1.1290295476852263e-08,1.2923588617229298e-07,4.77010857486757e-06,228.4345740901322,707.6193195619348,2638.0393671851957,228.4345740901322
309.7,-0.19304953288136661,-0.28459468855142717,-0.06536081765021147,0.022718722900345188,1.8449454724396583e-06,1.7666534761371134e-08,5.073620835108688e-07,4.72507591955756e-06,192.7302855891403,740.4660649430391,2169.435776382539,192.7302855891403
309.9,-0.1855659447405293,-0.28503489352275146,-0.07178815165147709,0.023014243572838735,1.7229764563778222e-06,1.6512881077583654e-08,4.110901991310092e-07,4.710459161555468e-06,247.50703918145376,690.6219584636972,2490.257293078326,247.50703918145376
310.1,-0.17771042009352714,-0.2855688974069416,-0.07041790544991987,0.021703105486340583,2.378522332111935e-06,2.1364524010492895e-08,6.185080276630987e-07,4.727367442307144e-06,246.79294249939966,674.6633807403919,2181.7760897517123,246.79294249939966
310.3,-0.17467098115010732,-0.2857543554330352,-0.07222059286047167,0.022068807470955642,1.2626329199635117e-06,1.5605433712396973e-08,3.578590459778643e-07,4.716562606374427e-06,232.23269017035895,682.8088845300041,1862.1737248125633,232.23269017035895
310.5,-0.16598863251810642,-0.2863245359777216,-0.07701329272884576,0.02215442757179009,1.4670825079313513e-06,1.6985726495670247e-08,3.595332815545098e-07,4.708598292428671e-06,237.49090185428145,688.0171531381989,2397.270151423076,237.49090185428145
310.8,-0.15859307012149335,-0.28688672019202477,-0.08093368278022163,0.021958834624173883,1.9600621187308756e-06,2.1195730443562915e-08,5.277254588837019e-07,4.722736523803343e-06,264.1120313118493,666.4692813995797,2223.6306685207624,264.1120313118493
310.9,-0.15270776498086075,-0.28730928963856434,-0.08466862625545124,0.022721170278398886,8.558382918730139e-07,1.4596743915873018e-08,2.7722036583306224e-07,4.7122857126408325e-06,244.97834568881305,683.7435462763112,1633.5218038206554,244.97834568881305
311.1,-0.14380583789760856,-0.288012585806267,-0.09181511274115436,0.02330112403525847,2.8908030093089e-06,3.020154734302417e-08,8.035679118293621e-07,4.729698846666688e-06,272.37796180440574,666.35948678478,1857.6056648899917,272.37796180440574
311.4,-0.15531955089587623,-0.2870202839541436,-0.086818974163078,0.021226971034998585,2.339409296394849e-06,2.9451445645570022e-08,7.196397646154317e-07,4.73006754707205e-06,227.3073435227021,715.0294936600696,1952.7263949578032,227.3073435227021
311.6,-0.15077686760360023,-0.28733947118148745,-0.08790952101923627,0.0205017730966212,2.051792591173515e-06,2.6569015704743012e-08,5.51153729660992e-07,4.731622102405923e-06,233.27470627649873,695.1569821036926,2287.7450808864296,233.27470627649873
311.8,-0.14267523941343385,-0.2880108137266636,-0.09429013167109244,0.02088405243915465,1.223301883364406e-06,2.0495615498746774e-08,3.71607536879903e-07,4.732563621012054e-06,226.52107844082016,694.6058137895187,1936.1638897265943,226.52107844082016
312.1,-0.1477102678696885,-0.28764124146423914,-0.09189358523076006,0.020396081260805696,7.631767875019572e-07,1.68325129276094e-08,2.2590019138249468e-07,4.726540886044773e-06,227.96100430468795,715.8761252360125,2024.497115247314,227.96100430468795
312.3,-0.1411640520625169,-0.28823832039844627,-0.09491467120839556,0.019986695615027316,2.6070481659463225e-06,3.324926370855821e-08,7.244965667708366e-07,4.741494217036457e-06,229.27248748352903,690.3956399592474,2175.9599180405057,229.27248748352903
312.5,-0.1386421704938566,-0.28848079814076455,-0.09636270690069582,0.01938131250655389,2.454369251812184e-06,3.3553595858963265e-08,7.831116026429868e-07,4.747996424307286e-06,236.49988335892516,686.7437405937943,1839.8289773122826,236.49988335892516
312.8,-0.13884005628651025,-0.288455482543003,-0.09702960966129741,0.01951825806129878,1.4134096476510933e-06,2.407715411545687e-08,4.2734086842145303e-07,4.733047014546156e-06,232.3544032882278,694.3083203401462,2128.478413790503,232.3544032882278
313.0,-0.13933019718166503,-0.2883940007755256,-0.09751445871714334,0.019618107300205634,8.848327789375172e-07,1.9241408424590522e-08,2.5395210711055875e-07,4.7257607459305495e-06,213.72646887471876,703.9319366914782,2332.7098528731017,213.72646887471876
313.2,-0.12635860546067015,-0.28959006124852904,-0.10468766378918998,0.020347347007726523,1.910116556141134e-06,2.9480766075397797e-08,4.679116133443361e-07,4.726318731889064e-06,213.2651465017302,681.1362430983414,2486.241710466499,213.2651465017302
313.4,-0.12657987482557587,-0.28955666608173647,-0.10504059901366429,0.020426702997754877,1.0997385059486583e-06,2.176558762440266e-08,2.9279717143414365e-07,4.717584301390997e-06,251.64911457918194,665.6844765306288,2015.7166406690371,251.64911457918194
313.7,-0.11609399665932439,-0.290601915289344,-0.11581055419097765,0.02171301782397941,1.7346707827295925e-06,3.059309792864532e-08,4.549666407042552e-07,4.730824029336613e-06,220.760106874137,691.5014431920177,2356.2081811946496,220.760106874137
313.9,-0.10818196356481345,-0.2915564321045406,-0.11522033440791399,0.020619466473833784,2.27600698902176e-06,4.226129089424669e-08,6.694363083134051e-07,4.747559844757346e-06,243.27261657392188,689.50115132592,2011.3980747020014,243.27261657392188
314.1,-0.11464781646600358,-0.2908862501359396,-0.11320102318370792,0.020205464734892393,1.0792158301529627e-06,2.614151690550691e-08,3.8924287082783197e-07,4.735928374268962e-06,224.52101223668424,718.7315458014424,1334.4046669382394,224.52101223668424
314.4,-0.11951595525314736,-0.29041904363148996,-0.11138345816705322,0.019831811517707347,6.677501202221424e-07,2.059655947897612e-08,2.149168885746099e-07,4.7286931427885445e-06,239.85696025495847,688.5194921520796,2198.7047742377545,239.85696025495847
314.6,-0.11712821596456521,-0.2906321178319063,-0.11326465609160927,0.02021741106154671,4.861744041589516e-07,1.8118440154312143e-08,1.5000111968444103e-07,4.725998746566187e-06,223.79316763517556,686.1861706800797,2226.9044811312747,223.79316763517556
314.8,-0.11561651322898801,-0.2907526120407977,-0.11412505831997831,0.020394674704248553,3.7739806989267353e-07,1.658878883414305e-08,1.1686599784275961e-07,4.724623632660382e-06,211.07882134150677,698.0413234047395,1939.96842459948,211.07882134150677
315.1,-0.11608968301135879,-0.290667530352087,-0.11428001866155496,0.02042740330974305,3.181560885243965e-07,1.575471824373125e-08,9.553045902328515e-08,4.723738130663535e-06,225.35301036959078,698.3500727119123,2337.7336808134387,225.35301036959078
315.3,-0.12497417619561642,-0.28970991272720165,-0.11116035965080098,0.018917469568221018,2.370842177920039e-06,4.2872714101352996e-08,6.946173202136547e-07,4.771581637732394e-06,223.89438093940947,692.4179614409783,2090.490840188155,223.89438093940947
